law,brevity,mean_repeats,dataset,condition,loglog_r2,loglog_r2_undefined_years,loglog_slope,loglog_slope_undefined_years,brevity_r2,brevity_r2_undefined_years,brevity_slope,brevity_slope_undefined_years,csn_alpha,csn_alpha_undefined_years,boundary_f1,boundary_f1_undefined_years
zipf,True,1.0,0,clean,0.9536558300635632,0,-0.9888478656375472,0,0.20815045429427242,0,-0.9012059392487344,0,1.9546295605244568,0,0.8018456881735434,0
zipf,True,1.0,0,confuse_6.7,0.8870300795130672,0,-0.7321941971526954,0,0.1309049408483324,0,-0.8966446641024757,0,2.1903445097454552,0,0.7233066646485564,0
zipf,True,1.0,0,confuse_19.19,0.7617013642873179,0,-0.4844088894362195,0,0.11690806091907649,0,-1.177699763371808,0,2.592331423508482,0,0.5916831574636734,0
zipf,True,1.0,0,oversplit_25,0.9347564695886483,0,-0.8638585343335959,0,0.19002326331365632,0,-0.923671969507435,0,2.0731632001689198,0,0.7855829417867772,0
zipf,True,1.0,0,undersplit_25,0.9459179727698268,0,-0.9189890058594088,0,0.21174024859357016,0,-0.9434698253011837,0,2.0259261658894934,0,0.746967482301933,0
zipf,True,1.0,1,clean,0.9491028598976895,0,-0.9806554333205448,0,0.21902454340144395,0,-0.9122457616300033,0,2.0250074351355134,0,0.7844525116144078,0
zipf,True,1.0,1,confuse_6.7,0.8775940164297866,0,-0.7175122816572814,0,0.12312798114728522,0,-0.8337692561042866,0,2.2508957914831877,0,0.706198810247531,0
zipf,True,1.0,1,confuse_19.19,0.7748388807021341,0,-0.4971730768205661,0,0.11739873242593298,0,-1.1683941633128492,0,2.6217413443530773,0,0.5899798326824799,0
zipf,True,1.0,1,oversplit_25,0.9268335394574442,0,-0.8589593726897911,0,0.18966113589232586,0,-0.8880011912964427,0,2.091491030866078,0,0.7590159326910083,0
zipf,True,1.0,1,undersplit_25,0.9437601211688412,0,-0.9396681271827567,0,0.2171307075575043,0,-0.9708390231562417,0,2.0908019067274446,0,0.7466497909280175,0
zipf,True,1.0,2,clean,0.9428806091823647,0,-0.9099284567344196,0,0.2051084298096006,0,-1.0046056431938237,0,2.0237446694298344,0,0.7706210471863093,0
zipf,True,1.0,2,confuse_6.7,0.8528041052377138,0,-0.6592576970327559,0,0.11215697386718754,0,-0.9141415296235997,0,2.36108842283069,0,0.6903943580029949,0
zipf,True,1.0,2,confuse_19.19,0.7541722477421458,0,-0.4622641335734778,0,0.11213540829410412,0,-1.2882284913935949,0,2.6943121435521613,0,0.5737030689844123,0
zipf,True,1.0,2,oversplit_25,0.9158667704039742,0,-0.794678736209748,0,0.17990024698621412,0,-0.9886961458728633,0,2.1786802651038406,0,0.7399319221955591,0
zipf,True,1.0,2,undersplit_25,0.9373587770836564,0,-0.8786479049637539,0,0.20919562963814875,0,-1.035114200148325,0,2.049814401704775,0,0.729418124423455,0
zipf,True,1.0,3,clean,0.9439534070045449,0,-0.942464308247704,0,0.19367832440170454,0,-0.8836222380273868,0,2.0311755805041,0,0.7784619286930706,0
zipf,True,1.0,3,confuse_6.7,0.8688331830706048,0,-0.7005550339875233,0,0.12218449753878374,0,-0.8801237113660176,0,2.2846155130930366,0,0.7072744082296526,0
zipf,True,1.0,3,confuse_19.19,0.7650964701521399,0,-0.4913958059292245,0,0.11437206831455743,0,-1.1671587199904634,0,2.5878924613486873,0,0.5865203345159467,0
zipf,True,1.0,3,oversplit_25,0.9256589509207587,0,-0.8215729013135562,0,0.17615719345518122,0,-0.9158278158809419,0,2.120128140435095,0,0.7484170835257709,0
zipf,True,1.0,3,undersplit_25,0.9389059535462039,0,-0.9015065100869241,0,0.19256376777416412,0,-0.9080394519806207,0,2.0613680806918544,0,0.746678478612774,0
zipf,True,1.0,4,clean,0.9383458486535432,0,-0.9335418436245067,0,0.20513060448439374,0,-0.9509127741411831,0,2.0715660441526738,0,0.782380070364361,0
zipf,True,1.0,4,confuse_6.7,0.8573220909804866,0,-0.6783617312551802,0,0.12233399067934717,0,-0.9260375564651193,0,2.3804676388925525,0,0.6995078739202413,0
zipf,True,1.0,4,confuse_19.19,0.7581291924149374,0,-0.4693934942872695,0,0.10409295249629931,0,-1.162282622003815,0,2.759832251683067,0,0.580983507287815,0
zipf,True,1.0,4,oversplit_25,0.9184271549347014,0,-0.8168158195690999,0,0.18271772948814208,0,-0.9583796835001392,0,2.143372669619339,0,0.7533244398934937,0
zipf,True,1.0,4,undersplit_25,0.9354282545715822,0,-0.9067624036446207,0,0.21170869554907373,0,-0.948988675227511,0,2.071129932699972,0,0.7529877033113623,0
zipf,True,1.0,5,clean,0.9441787751483752,0,-0.9592377562070299,0,0.20178254618151367,0,-0.905527142197113,0,1.9632166828293427,0,0.803089110149207,0
zipf,True,1.0,5,confuse_6.7,0.8601253229867478,0,-0.6947801945408134,0,0.11697900895311979,0,-0.8635096292323019,0,2.2799854255258105,0,0.7147161813327058,0
zipf,True,1.0,5,confuse_19.19,0.7535385894656716,0,-0.47822036188314104,0,0.10897898615038143,0,-1.1429406869786052,0,2.5992877623824384,0,0.5906433847370838,0
zipf,True,1.0,5,oversplit_25,0.9146043096280205,0,-0.8131670696411157,0,0.18333595432645636,0,-0.9402780286298265,0,2.171417779516033,0,0.7728992476269043,0
zipf,True,1.0,5,undersplit_25,0.9399390277566642,0,-0.935605881293317,0,0.20312301334578436,0,-0.9129653523294035,0,2.0391673442647447,0,0.7683080199548935,0
zipf,True,1.0,6,clean,0.9465619628588721,0,-0.959634829737999,0,0.22042374636303846,0,-0.9886794964039923,0,2.0326297712465626,0,0.7855382076231792,0
zipf,True,1.0,6,confuse_6.7,0.8704320771200085,0,-0.7032616463319936,0,0.1320108897643461,0,-0.9548141576431883,0,2.305743569021101,0,0.7004994665948634,0
zipf,True,1.0,6,confuse_19.19,0.7578171222736159,0,-0.47156732576945803,0,0.1141316257284892,0,-1.2654475395948237,0,2.5275007458672603,0,0.5794012069564964,0
zipf,True,1.0,6,oversplit_25,0.9271135330000388,0,-0.8342991953053744,0,0.20638036528018366,0,-0.9973265616971979,0,2.1186008204127873,0,0.7666036647052905,0
zipf,True,1.0,6,undersplit_25,0.9390824438060619,0,-0.9112874414564487,0,0.21184516553887123,0,-0.9636750478028824,0,2.043766851879088,0,0.7470021427335162,0
zipf,True,1.0,7,clean,0.9496741886884451,0,-0.9849008446630324,0,0.2132322440340512,0,-0.9086968025030848,0,2.0064624980765027,0,0.7981553547165711,0
zipf,True,1.0,7,confuse_6.7,0.877124859415938,0,-0.7156083633602268,0,0.11380979030677987,0,-0.8353751148669071,0,2.278402986068432,0,0.7169847489812065,0
zipf,True,1.0,7,confuse_19.19,0.7669341361492827,0,-0.4820261129722705,0,0.10939271851784187,0,-1.1762216947870667,0,2.580425171566187,0,0.5928892428841093,0
zipf,True,1.0,7,oversplit_25,0.9348626623145546,0,-0.8692153018680326,0,0.19063636563377806,0,-0.8971517148859234,0,2.1045263054613583,0,0.7780963117827386,0
zipf,True,1.0,7,undersplit_25,0.9408827834066198,0,-0.9207744089442417,0,0.22311677914507821,0,-0.9749520303420001,0,1.986352838355041,0,0.7487478352792132,0
zipf,True,1.0,8,clean,0.9481715470182492,0,-0.9745191912742301,0,0.22010211786461464,0,-0.9312386393134288,0,2.0011755271851,0,0.8019684819982646,0
zipf,True,1.0,8,confuse_6.7,0.8640641516285162,0,-0.7008116172923841,0,0.11532846857639703,0,-0.8446877159839805,0,2.2983398261456225,0,0.7209010056669785,0
zipf,True,1.0,8,confuse_19.19,0.7738095644429823,0,-0.4951318461845449,0,0.11140303880702196,0,-1.156805771152679,0,2.5283489534871237,0,0.5901505524345421,0
zipf,True,1.0,8,oversplit_25,0.937225949794575,0,-0.8633873504050377,0,0.19070863581043387,0,-0.9099633155304369,0,2.0655603328908105,0,0.7771345988310043,0
zipf,True,1.0,8,undersplit_25,0.94131631406333,0,-0.9239009508521003,0,0.2070226015912759,0,-0.8841145968264584,0,2.050313101493699,0,0.7590744519684098,0
zipf,True,1.0,9,clean,0.9494136067765204,0,-0.9743756403252164,0,0.2165977460427351,0,-0.9253824920455973,0,2.0983636331860636,0,0.7911178278198732,0
zipf,True,1.0,9,confuse_6.7,0.8870600242099427,0,-0.7304560626071052,0,0.12886700485994057,0,-0.8447570716808781,0,2.2347237953680814,0,0.7082293128003108,0
zipf,True,1.0,9,confuse_19.19,0.7807482230218239,0,-0.4942222137990017,0,0.11268400657761281,0,-1.180083413250904,0,2.6444761424168535,0,0.5824369079896314,0
zipf,True,1.0,9,oversplit_25,0.9253802835250897,0,-0.8571327721187105,0,0.185822748277655,0,-0.9071728822764092,0,2.1152896587637082,0,0.7716871972089578,0
zipf,True,1.0,9,undersplit_25,0.9410370422322754,0,-0.9224053214633616,0,0.2200119443343825,0,-1.004885822633225,0,2.062042890108084,0,0.7537663524133495,0
zipf,True,1.0,10,clean,0.9455246857031337,0,-0.978754082739064,0,0.2135222583091647,0,-0.9153879635823281,0,2.0202999127639547,0,0.8051162190571617,0
zipf,True,1.0,10,confuse_6.7,0.8734823760916366,0,-0.7222940035283287,0,0.1270979436700896,0,-0.8526009024844413,0,2.2856875406867956,0,0.7181001216735394,0
zipf,True,1.0,10,confuse_19.19,0.7489056196867916,0,-0.4788477657912198,0,0.1085178557593164,0,-1.160700635246188,0,2.622690279067595,0,0.5968638499883299,0
zipf,True,1.0,10,oversplit_25,0.9261427483404767,0,-0.8582382365266444,0,0.19217549172628084,0,-0.9174058381860897,0,2.130324445932649,0,0.7737820829459716,0
zipf,True,1.0,10,undersplit_25,0.9460807291585954,0,-0.9336073785850618,0,0.21339675444314637,0,-0.9192939863660083,0,2.058791533126914,0,0.7668200242865814,0
zipf,True,1.0,11,clean,0.9473768668865143,0,-0.9649498294109546,0,0.1979051354204352,0,-0.8887644773485374,0,1.9849298336648074,0,0.7862781811992384,0
zipf,True,1.0,11,confuse_6.7,0.8740587759221767,0,-0.7133512464978452,0,0.11949792205719999,0,-0.8445064022632842,0,2.2417729960722577,0,0.7055705580819203,0
zipf,True,1.0,11,confuse_19.19,0.7677326730632998,0,-0.48785149123775023,0,0.11549702845213919,0,-1.1973663549177391,0,2.5861162095456542,0,0.5862602331768872,0
zipf,True,1.0,11,oversplit_25,0.9150897380314119,0,-0.8319463429011716,0,0.17757065353514223,0,-0.8964618493099636,0,2.1487838763388623,0,0.7723898560936809,0
zipf,True,1.0,11,undersplit_25,0.945212288398084,0,-0.9287220462482642,0,0.2116977766982197,0,-0.9198322076882474,0,2.019485749283918,0,0.7489433917913983,0
zipf,True,1.0,12,clean,0.948784467398443,0,-0.9542426537933135,0,0.19551072302859296,0,-0.8832037548388092,0,2.00676961944786,0,0.788519228939903,0
zipf,True,1.0,12,confuse_6.7,0.883660026266844,0,-0.7266184491195746,0,0.12828195342353768,0,-0.8701659915409545,0,2.2942332105524645,0,0.7155260598653149,0
zipf,True,1.0,12,confuse_19.19,0.7636068206752624,0,-0.48797801561274357,0,0.1159181254542297,0,-1.1582851669230951,0,2.674836899155219,0,0.5819118026174377,0
zipf,True,1.0,12,oversplit_25,0.9247072137040501,0,-0.82610987180738,0,0.17699338467780368,0,-0.8974549035397595,0,2.1062703194156134,0,0.758721564107512,0
zipf,True,1.0,12,undersplit_25,0.9425459541112956,0,-0.9016516150328047,0,0.19159235736841296,0,-0.9413396364107868,0,2.108225437398651,0,0.745242040153095,0
zipf,True,1.0,13,clean,0.9407955796312212,0,-0.951143001455504,0,0.20481055977086018,0,-0.9328663317394148,0,2.1341798143993427,0,0.7737990862631369,0
zipf,True,1.0,13,confuse_6.7,0.8676349205958097,0,-0.7060338519749344,0,0.12486871301301036,0,-0.8578597085926616,0,2.2905722951048926,0,0.7035802485983413,0
zipf,True,1.0,13,confuse_19.19,0.7688176758379162,0,-0.4841803931881451,0,0.1172461659324062,0,-1.1977759973252944,0,2.591210429916317,0,0.5840523024809514,0
zipf,True,1.0,13,oversplit_25,0.9260426333687353,0,-0.8389879852286499,0,0.19272949021162217,0,-0.9153741849762405,0,2.1094255943567135,0,0.762421148740558,0
zipf,True,1.0,13,undersplit_25,0.9344924098036995,0,-0.8969169664507931,0,0.2038043503725518,0,-0.9505247798628217,0,2.062515382314032,0,0.7301756694175701,0
zipf,True,1.0,14,clean,0.9472561562990758,0,-0.9835609888029103,0,0.21398855418225524,0,-0.8969351891685363,0,1.9549647651627406,0,0.803180676543398,0
zipf,True,1.0,14,confuse_6.7,0.8757512670357765,0,-0.7304451807377141,0,0.12413833197864246,0,-0.8187034588121052,0,2.2325242530226537,0,0.7252088430842258,0
zipf,True,1.0,14,confuse_19.19,0.7686009036419574,0,-0.4946008888355453,0,0.11069627869545998,0,-1.1271368657876275,0,2.6826762253565604,0,0.5976298689096271,0
zipf,True,1.0,14,oversplit_25,0.9211340006871409,0,-0.8441148399387626,0,0.19137336731677707,0,-0.9292729966430071,0,2.1190617647899908,0,0.7619175117515635,0
zipf,True,1.0,14,undersplit_25,0.9420918929126942,0,-0.9508894156358125,0,0.2018662788469736,0,-0.8938020836102973,0,2.021621222053751,0,0.7718844657831161,0
zipf,True,1.0,15,clean,0.9458587895271694,0,-0.9239149094285309,0,0.22116016943001288,0,-1.0295312721969996,0,2.0987838720123415,0,0.7607166473989535,0
zipf,True,1.0,15,confuse_6.7,0.8716056701930376,0,-0.6779520448970778,0,0.12012960679214196,0,-0.9107793278692291,0,2.3104514925371458,0,0.6798064793785679,0
zipf,True,1.0,15,confuse_19.19,0.7704326785223661,0,-0.47652610010553414,0,0.11674151335258524,0,-1.2213778917568567,0,2.654826459362481,0,0.5673752664802817,0
zipf,True,1.0,15,oversplit_25,0.922249003287728,0,-0.7934830787773794,0,0.20717268148297133,0,-1.1082415541580497,0,2.129920892264298,0,0.7390498030892039,0
zipf,True,1.0,15,undersplit_25,0.9382085601030974,0,-0.8812203564418788,0,0.2201333475931968,0,-1.0559938452667206,0,2.033272995870984,0,0.7278418193601927,0
zipf,True,1.0,16,clean,0.9440322514887275,0,-0.9591793566892921,0,0.2022612315006869,0,-0.875117269681003,0,2.001685639850588,0,0.78669155999024,0
zipf,True,1.0,16,confuse_6.7,0.8821411500853473,0,-0.7204807226772201,0,0.11904293885348488,0,-0.8247850231828192,0,2.2137485249909377,0,0.7158671796832989,0
zipf,True,1.0,16,confuse_19.19,0.767430312392571,0,-0.48445207845963856,0,0.11413135377620293,0,-1.1692751817734766,0,2.5909457734864825,0,0.5876668149951756,0
zipf,True,1.0,16,oversplit_25,0.9249413325085598,0,-0.8266014510022444,0,0.18173688727435908,0,-0.8981282261591228,0,2.113292695634016,0,0.7621227410936684,0
zipf,True,1.0,16,undersplit_25,0.9391437243874348,0,-0.9144591834012656,0,0.20964232349220385,0,-0.93907015339354,0,2.021726349863912,0,0.7569604271488294,0
zipf,True,1.0,17,clean,0.9483160035276702,0,-0.9883146757660358,0,0.21603983265862217,0,-0.9130114302064845,0,2.029159447258465,0,0.8113642761140638,0
zipf,True,1.0,17,confuse_6.7,0.8660592589928608,0,-0.7132319003615228,0,0.11396911430222953,0,-0.8219750176067568,0,2.200278953243313,0,0.728393310606084,0
zipf,True,1.0,17,confuse_19.19,0.7415651392623234,0,-0.46898340420078244,0,0.10529141014013442,0,-1.160591276184931,0,2.6684468891441964,0,0.5897608376506659,0
zipf,True,1.0,17,oversplit_25,0.928132885635677,0,-0.8477094192118668,0,0.19186501515209217,0,-0.9202036660947522,0,2.1519610411584793,0,0.7816776348069854,0
zipf,True,1.0,17,undersplit_25,0.949651874197219,0,-0.9484770958753752,0,0.20587355547542852,0,-0.8994693290488285,0,1.9741780403397007,0,0.7825233582514793,0
zipf,True,1.0,18,clean,0.9386435385730225,0,-0.9541948198851579,0,0.2079312977405763,0,-0.9436333268036853,0,1.9989459311752134,0,0.7748045688645671,0
zipf,True,1.0,18,confuse_6.7,0.8672295957616123,0,-0.7098767890450167,0,0.1253237691124354,0,-0.876239876649868,0,2.2199200279368068,0,0.7028096338463514,0
zipf,True,1.0,18,confuse_19.19,0.7434455962164324,0,-0.46514790617141344,0,0.11039685950167807,0,-1.257515806560931,0,2.571979537417948,0,0.5610806869467762,0
zipf,True,1.0,18,oversplit_25,0.9120374613778026,0,-0.8244829841644425,0,0.1799782897553284,0,-0.9201312679416265,0,2.1869531042294104,0,0.7438198003770442,0
zipf,True,1.0,18,undersplit_25,0.9344121259106076,0,-0.9280016900097343,0,0.20755671962232175,0,-0.9322341290541223,0,2.0286694542992207,0,0.7511816789483978,0
zipf,True,1.0,19,clean,0.949879794603198,0,-0.9960082872363951,0,0.20296307413817705,0,-0.8760282485717503,0,1.9416153091214126,0,0.8038056873780182,0
zipf,True,1.0,19,confuse_6.7,0.8692145765147347,0,-0.7212776249639035,0,0.12119228652771133,0,-0.8407045950144895,0,2.232413278238183,0,0.7270572126000263,0
zipf,True,1.0,19,confuse_19.19,0.7719896382663783,0,-0.500030985090758,0,0.10944827271172837,0,-1.1326908297411207,0,2.544006192158048,0,0.595274535618679,0
zipf,True,1.0,19,oversplit_25,0.933169990704858,0,-0.8559217137917092,0,0.18820657725341808,0,-0.8940111340569828,0,2.077720966132973,0,0.7723046824730216,0
zipf,True,1.0,19,undersplit_25,0.9427226709966361,0,-0.9420060616545747,0,0.20073309561794034,0,-0.8975161705627512,0,1.980511175503851,0,0.772558783116887,0
zipf,True,1.0,20,clean,0.943728925489232,0,-0.951052527410576,0,0.21659471326815086,0,-0.9700703223393355,0,2.056104600251396,0,0.7662801060916449,0
zipf,True,1.0,20,confuse_6.7,0.8712993283918732,0,-0.6985641204317691,0,0.12727015447350254,0,-0.9387561536039342,0,2.30606588521447,0,0.690768005922607,0
zipf,True,1.0,20,confuse_19.19,0.7699037366967851,0,-0.4701587739169051,0,0.11875391697211383,0,-1.2581824023523493,0,2.5373250565687036,0,0.5664897793244739,0
zipf,True,1.0,20,oversplit_25,0.9215492278702623,0,-0.8126381262989597,0,0.1966785513876382,0,-1.0291605127029455,0,2.1387654903307887,0,0.7388462068280636,0
zipf,True,1.0,20,undersplit_25,0.937487159274131,0,-0.8995822444192236,0,0.21453323185117917,0,-0.9966439774788147,0,2.2057489826363974,0,0.7266685459915696,0
zipf,True,1.0,21,clean,0.9473306935278485,0,-0.9797300403607647,0,0.20162266673634843,0,-0.8685286750760748,0,2.0080433920776763,0,0.7980267031382211,0
zipf,True,1.0,21,confuse_6.7,0.8688183163880483,0,-0.7160109549010626,0,0.11796299881710934,0,-0.8334754843333783,0,2.272984786904816,0,0.7186767663354944,0
zipf,True,1.0,21,confuse_19.19,0.7616780790041051,0,-0.4783127618395061,0,0.11108099659968972,0,-1.1845121194090664,0,2.739053767107201,0,0.5856784661969598,0
zipf,True,1.0,21,oversplit_25,0.9266129350629384,0,-0.8545353875028386,0,0.18528846294223272,0,-0.8755441667295287,0,2.0976512640453873,0,0.7761114103883251,0
zipf,True,1.0,21,undersplit_25,0.9420142627127535,0,-0.9154593301262972,0,0.21036362489748206,0,-0.9709680812112302,0,2.010427460661864,0,0.7445287573628767,0
zipf,True,1.0,22,clean,0.9465149316024482,0,-0.9819812006177995,0,0.2105048638848906,0,-0.90150914884126,0,1.9651044055689195,0,0.8024584322455528,0
zipf,True,1.0,22,confuse_6.7,0.8686629681393646,0,-0.7178398048735637,0,0.12028860509110122,0,-0.8433440381607993,0,2.231748788328617,0,0.7185085782755041,0
zipf,True,1.0,22,confuse_19.19,0.7596216255052162,0,-0.4884040784128544,0,0.1165399729206302,0,-1.2270858666141695,0,2.5857819654017202,0,0.5866891059571265,0
zipf,True,1.0,22,oversplit_25,0.9202299670501694,0,-0.8479353684201641,0,0.20386191777033444,0,-0.9199063522110912,0,2.1206469982112903,0,0.7697320152760581,0
zipf,True,1.0,22,undersplit_25,0.9457276856831756,0,-0.9422883534519542,0,0.20983787181670338,0,-0.9257872717373157,0,2.003810377936148,0,0.7753784339867731,0
zipf,True,1.0,23,clean,0.9481058938105449,0,-0.9548699327560565,0,0.22319391352446857,0,-0.9185255837181949,0,1.9931036824536776,0,0.7839122262987004,0
zipf,True,1.0,23,confuse_6.7,0.8725431738864305,0,-0.707115793914786,0,0.12462391426629191,0,-0.8757039680468316,0,2.2093231697539215,0,0.712215087873299,0
zipf,True,1.0,23,confuse_19.19,0.7720228214957141,0,-0.4860977601588182,0,0.11668842130898766,0,-1.2159306188163352,0,2.581286204984,0,0.5821849973856205,0
zipf,True,1.0,23,oversplit_25,0.9218770361012554,0,-0.8167570374891351,0,0.19997857608806724,0,-0.9378706957112382,0,2.1745296246653494,0,0.7563508196951807,0
zipf,True,1.0,23,undersplit_25,0.9396151867246532,0,-0.920138742785018,0,0.2155427662089126,0,-0.936462684295442,0,2.0482006644539053,0,0.7441436299367613,0
zipf,True,1.0,24,clean,0.9444202891828759,0,-0.9602141288959758,0,0.19866953489424288,0,-0.9132885120124039,0,2.0384628119704393,0,0.7883064213093949,0
zipf,True,1.0,24,confuse_6.7,0.8737298723770696,0,-0.7249305148831258,0,0.12316018122819755,0,-0.8482985804758268,0,2.189850725581241,0,0.71371578257839,0
zipf,True,1.0,24,confuse_19.19,0.7536647370058782,0,-0.47233363067204187,0,0.11021281604889317,0,-1.2150383692022433,0,2.6283585097480944,0,0.5825306116841955,0
zipf,True,1.0,24,oversplit_25,0.9239401025647047,0,-0.8296795073179691,0,0.18480090672905924,0,-0.9285310588602533,0,2.1512835181088255,0,0.7569800995644815,0
zipf,True,1.0,24,undersplit_25,0.9438977211697783,0,-0.9228185617951679,0,0.19493985651942225,0,-0.9054952905989935,0,1.987693453619959,0,0.7477280067924966,0
zipf,True,1.0,25,clean,0.9393715214953344,0,-0.9299831106407752,0,0.20048474838140942,0,-1.0025394708431083,0,2.0435941844175978,0,0.7806269197598122,0
zipf,True,1.0,25,confuse_6.7,0.8493380059099428,0,-0.6745264210810014,0,0.10997482559055308,0,-0.9176920909976198,0,2.2565057509365714,0,0.7022955721277193,0
zipf,True,1.0,25,confuse_19.19,0.7415492184906585,0,-0.4560795385079559,0,0.10666508443332186,0,-1.246154154406755,0,2.7484521306999152,0,0.5690866939704946,0
zipf,True,1.0,25,oversplit_25,0.917060002082483,0,-0.8306687221063764,0,0.18318011204855877,0,-0.935932763472993,0,2.141699234369764,0,0.7612530832422846,0
zipf,True,1.0,25,undersplit_25,0.9355133399417226,0,-0.8852510029245453,0,0.2045527422064227,0,-1.0204649470503844,0,2.1087908922052625,0,0.7395446839265324,0
zipf,True,1.0,26,clean,0.9489725013232833,0,-0.9703579792140855,0,0.21232590376864813,0,-0.88544443142378,0,2.083700521711296,0,0.7875602056343813,0
zipf,True,1.0,26,confuse_6.7,0.8751429331281825,0,-0.7096650441683454,0,0.12462970542204997,0,-0.8915767746208896,0,2.179204760712212,0,0.7023904442545873,0
zipf,True,1.0,26,confuse_19.19,0.7552883609400094,0,-0.47237190951118535,0,0.1074282635142072,0,-1.2089215853181918,0,2.677927087173626,0,0.5778846174741636,0
zipf,True,1.0,26,oversplit_25,0.9363865705057983,0,-0.8398458888288498,0,0.19184327553447422,0,-0.939322530088237,0,2.1303721641384703,0,0.7562221016850174,0
zipf,True,1.0,26,undersplit_25,0.947954694340994,0,-0.9536164796146867,0,0.22134943121059336,0,-0.9326577364851598,0,2.041601453527738,0,0.766429044661237,0
zipf,True,1.0,27,clean,0.9488428855633466,0,-0.968462186863759,0,0.20894419706091688,0,-0.8840036364702553,0,1.9756466306072507,0,0.7905998791644937,0
zipf,True,1.0,27,confuse_6.7,0.8744965208811557,0,-0.7221016686741332,0,0.12823392838831785,0,-0.8511785546886249,0,2.2375663143618016,0,0.7182579391818797,0
zipf,True,1.0,27,confuse_19.19,0.7648098342398677,0,-0.489903909026427,0,0.11485169141702631,0,-1.1552240759636552,0,2.5891498854164277,0,0.5804237219146682,0
zipf,True,1.0,27,oversplit_25,0.9285186018179821,0,-0.831707972188973,0,0.18783503365806492,0,-0.8960028352970886,0,2.1416873620606007,0,0.7658700457155064,0
zipf,True,1.0,27,undersplit_25,0.9441997338131423,0,-0.9266327261610784,0,0.19794228132856428,0,-0.870715307269316,0,2.0268612583955354,0,0.7516576112815525,0
zipf,True,1.0,28,clean,0.9485376977783462,0,-0.984023816888699,0,0.21279091577771828,0,-0.861858598194994,0,1.9764573335167113,0,0.795033098584194,0
zipf,True,1.0,28,confuse_6.7,0.8754882002416084,0,-0.7184095692596268,0,0.12321019830337553,0,-0.8488163234917103,0,2.255928483285151,0,0.7148162602139969,0
zipf,True,1.0,28,confuse_19.19,0.7750312417905099,0,-0.48749295292010464,0,0.11740172848099108,0,-1.249713929239241,0,2.5810760120271024,0,0.577691874651614,0
zipf,True,1.0,28,oversplit_25,0.9283348918874872,0,-0.8395779597872423,0,0.19054426443775374,0,-0.9083922188972796,0,2.100829477679449,0,0.7700754336952558,0
zipf,True,1.0,28,undersplit_25,0.9446312927424922,0,-0.9216832236969251,0,0.23212774995133473,0,-0.9188233305630353,0,2.0714109064373663,0,0.7448589245564404,0
zipf,True,1.0,29,clean,0.9515411615827389,0,-1.0096213674094785,0,0.2023189228019375,0,-0.8448402371678891,0,1.943315490658676,0,0.8180205183823315,0
zipf,True,1.0,29,confuse_6.7,0.8746570110135179,0,-0.7438978282811333,0,0.12588666506481838,0,-0.8048937583870975,0,2.165292518221155,0,0.744520118456107,0
zipf,True,1.0,29,confuse_19.19,0.7566261283592708,0,-0.49815298913570943,0,0.11347513681622041,0,-1.096563597305918,0,2.4806596709372486,0,0.6081350308096581,0
zipf,True,1.0,29,oversplit_25,0.9287795642403703,0,-0.8656631231748982,0,0.19810554905261957,0,-0.9031796578379272,0,2.109318686439577,0,0.7842641388704228,0
zipf,True,1.0,29,undersplit_25,0.9458740186821863,0,-0.9499210684627549,0,0.22045188225493262,0,-0.9318449180336404,0,2.03342710495306,0,0.7723185514981136,0
zipf,True,5.0,0,clean,0.938467939686843,0,-1.0144728585959106,0,0.10907629752857446,0,-3.8661990723993336,0,1.8713876490188142,0,0.42001258904318584,0
zipf,True,5.0,0,confuse_6.7,0.8548637622963723,0,-0.6627378738425492,0,0.06066219151875486,0,-1.983223230829628,0,2.3344379002747195,0,0.4034264063671291,0
zipf,True,5.0,0,confuse_19.19,0.7426330221162984,0,-0.4031343262534259,0,0.06489136009765603,0,-1.8032831321595468,0,2.76290899787539,0,0.36032842372291773,0
zipf,True,5.0,0,oversplit_25,0.9364549189672153,0,-0.8932568601792887,0,0.0852178017085999,0,-2.8218872348341657,0,1.9999671592490798,0,0.4227515794467651,0
zipf,True,5.0,0,undersplit_25,0.9365445776846417,0,-1.055309660263247,0,0.10140199480334788,0,-3.3985738862696544,0,1.8934164614938211,0,0.42848119765820836,0
zipf,True,5.0,1,clean,0.9353760185863706,0,-1.0054445716191698,0,0.12046396478985133,0,-4.563175023622502,0,1.876795978267578,0,0.38029885907658795,0
zipf,True,5.0,1,confuse_6.7,0.8323873212629357,0,-0.6431548639065534,0,0.058125326071903224,0,-2.2112646632382127,0,2.4499462959883322,0,0.3786709814540107,0
zipf,True,5.0,1,confuse_19.19,0.756172653651101,0,-0.4137394325620115,0,0.06972936633460075,0,-1.87591752135965,0,2.9304676277700112,0,0.35469128533143857,0
zipf,True,5.0,1,oversplit_25,0.938391768324554,0,-0.8950156851252913,0,0.09716299664575079,0,-3.5466330998974316,0,1.9650153320073396,0,0.4072139968614837,0
zipf,True,5.0,1,undersplit_25,0.9233451420366652,0,-1.0271549143173093,0,0.13660611053708668,0,-4.042621536343248,0,1.856285777395683,0,0.37196547965535204,0
zipf,True,5.0,2,clean,0.9396818440490766,0,-0.95068635987701,0,0.12405268181001752,0,-4.240440036221946,0,1.916681765026056,0,0.3615585522324303,0
zipf,True,5.0,2,confuse_6.7,0.8452178561529706,0,-0.6341489241463256,0,0.06351596315774757,0,-2.325708016316677,0,2.5133946005110213,0,0.3580034443074647,0
zipf,True,5.0,2,confuse_19.19,0.7519294832865588,0,-0.39440240512886293,0,0.06996330851032435,0,-2.010346673397148,0,2.9289315760672436,0,0.34795882383538507,0
zipf,True,5.0,2,oversplit_25,0.9371520114365213,0,-0.8538512466275396,0,0.10117049048771176,0,-3.6639604184216523,0,2.0717753130234664,0,0.36225153025663154,0
zipf,True,5.0,2,undersplit_25,0.9407150140164843,0,-0.9905192939913008,0,0.12895076419460008,0,-3.983787275907939,0,1.900524105414915,0,0.3887532167849901,0
zipf,True,5.0,3,clean,0.9365589643576653,0,-0.9803510045869086,0,0.12701205783937575,0,-4.537703518290041,0,1.9625763338709523,0,0.4095198345968568,0
zipf,True,5.0,3,confuse_6.7,0.841252746228041,0,-0.6384568015269851,0,0.06184695540556828,0,-2.1143101801725743,0,2.358441472071553,0,0.3885402381412527,0
zipf,True,5.0,3,confuse_19.19,0.7387595352382238,0,-0.41397337228102404,0,0.06636903334560829,0,-1.786924507379101,0,2.9595757793417925,0,0.37822529439321095,0
zipf,True,5.0,3,oversplit_25,0.9374438079748341,0,-0.8849250275314923,0,0.09673097022502788,0,-3.268675507177522,0,2.1093400810015774,0,0.4383280539468774,0
zipf,True,5.0,3,undersplit_25,0.9274442290453895,0,-0.9961491315469994,0,0.11799508051719267,0,-3.945047094982524,0,1.9093309319244758,0,0.39815235775620955,0
zipf,True,5.0,4,clean,0.9402884493607921,0,-0.966978265736684,0,0.12758532873557035,0,-4.033139711864834,0,1.9059763336626676,0,0.41338053141214226,0
zipf,True,5.0,4,confuse_6.7,0.8494289031433704,0,-0.6349022847640964,0,0.05467173652706543,0,-2.009426307141146,0,2.4801875636518966,0,0.4026341629112985,0
zipf,True,5.0,4,confuse_19.19,0.7577150899446083,0,-0.42099510375343235,0,0.06722022876826828,0,-1.7422351892785088,0,2.8068117842322127,0,0.376317620454109,0
zipf,True,5.0,4,oversplit_25,0.9375807487417673,0,-0.8873527402497126,0,0.08710104322359172,0,-2.8047475486300284,0,2.0722915588841664,0,0.4656852024013748,0
zipf,True,5.0,4,undersplit_25,0.9336594366295276,0,-0.9671637205771239,0,0.12273739978705872,0,-3.970545167448388,0,1.9346853976693672,0,0.397367778665443,0
zipf,True,5.0,5,clean,0.9305232857220269,0,-0.9608198575974733,0,0.11480117000476533,0,-4.546484674655644,0,1.9343964334218477,0,0.4165328689103741,0
zipf,True,5.0,5,confuse_6.7,0.8328863841672538,0,-0.617430961155901,0,0.0581749748209751,0,-2.2620341852944614,0,2.573502219630775,0,0.40564784805590354,0
zipf,True,5.0,5,confuse_19.19,0.7551777287712181,0,-0.4041007158147365,0,0.07443674253781983,0,-2.013592764644484,0,2.8773878377853572,0,0.3636815526473767,0
zipf,True,5.0,5,oversplit_25,0.9371943050917786,0,-0.9143340709058105,0,0.08839609287115488,0,-2.840669253418061,0,1.9838816436023663,0,0.4605184451684932,0
zipf,True,5.0,5,undersplit_25,0.928547559181038,0,-1.026078890723142,0,0.10855034769497277,0,-4.065603208169581,0,1.9097091949285137,0,0.4448683708707667,0
zipf,True,5.0,6,clean,0.9284960251211374,0,-0.9692159268568181,0,0.11877963299349298,0,-4.507981672923843,0,2.0423405238926855,0,0.3791439260353174,0
zipf,True,5.0,6,confuse_6.7,0.8399926756029072,0,-0.6287559850621613,0,0.0650728373488287,0,-2.3034103692870227,0,2.4846054851072603,0,0.3806038504778779,0
zipf,True,5.0,6,confuse_19.19,0.7289695074032965,0,-0.39544496919560496,0,0.06868291820884222,0,-1.9249524813781607,0,2.959061801303386,0,0.36371066232291505,0
zipf,True,5.0,6,oversplit_25,0.9289270842976987,0,-0.8651821218586746,0,0.09460115493334104,0,-3.6625172773157075,0,2.0890721533658168,0,0.4183872195637107,0
zipf,True,5.0,6,undersplit_25,0.9278255115181209,0,-0.9877892790224179,0,0.1123205685534387,0,-4.280317904588412,0,1.9055199050874245,0,0.38820989370615,0
zipf,True,5.0,7,clean,0.9331059963565874,0,-0.9601358824430593,0,0.11353498670796616,0,-4.036830501381498,0,1.9527761678850433,0,0.40611319761166476,0
zipf,True,5.0,7,confuse_6.7,0.8294607362162607,0,-0.6306105429890527,0,0.05489634442968,0,-2.134582953149523,0,2.4992511924323737,0,0.39498440362859355,0
zipf,True,5.0,7,confuse_19.19,0.7500463827931408,0,-0.41110059778435276,0,0.06911154380002738,0,-1.8945808879217656,0,2.9483674107236775,0,0.3796519139431647,0
zipf,True,5.0,7,oversplit_25,0.9332285602130856,0,-0.8844127948658498,0,0.08724243769074985,0,-2.953869309459091,0,2.0715424662661612,0,0.44492449325288447,0
zipf,True,5.0,7,undersplit_25,0.9372302841137437,0,-1.008797115422306,0,0.10865112253184338,0,-3.5961768942846755,0,1.892257249134619,0,0.4064482148658181,0
zipf,True,5.0,8,clean,0.9393443308562326,0,-1.0041791003359908,0,0.1181795150624499,0,-3.900972851959511,0,1.8893259429278952,0,0.38900077552111567,0
zipf,True,5.0,8,confuse_6.7,0.8479352679442027,0,-0.6590242189814164,0,0.06099643781142956,0,-2.039955541036255,0,2.3593176803730143,0,0.38180118360106396,0
zipf,True,5.0,8,confuse_19.19,0.7530203435278311,0,-0.4258812379369292,0,0.0700391992517049,0,-1.742401256284757,0,2.8359408553745875,0,0.36542827127289723,0
zipf,True,5.0,8,oversplit_25,0.9400606751535642,0,-0.914078757228443,0,0.08948656227654107,0,-2.9480063167030095,0,1.970647193121513,0,0.41324350266220644,0
zipf,True,5.0,8,undersplit_25,0.9421655519471407,0,-1.0455047246222926,0,0.11310877222101251,0,-3.7543538368810037,0,1.8547500637530583,0,0.4142791432428975,0
zipf,True,5.0,9,clean,0.9188693562394357,0,-0.9474573923502558,0,0.11431663028796407,0,-4.145697670115398,0,1.9538418784040474,0,0.37578220874960844,0
zipf,True,5.0,9,confuse_6.7,0.8331426000649603,0,-0.6342551801431537,0,0.05352667531278439,0,-2.0569549410716537,0,2.492978860945806,0,0.3758780345811693,0
zipf,True,5.0,9,confuse_19.19,0.750744528220658,0,-0.39922725498331657,0,0.0704526723506434,0,-1.8917545064130885,0,2.9381880173396917,0,0.3627938901890415,0
zipf,True,5.0,9,oversplit_25,0.9315917501544344,0,-0.8896749035170581,0,0.09189761990810581,0,-2.9499446624573555,0,2.1291824629789438,0,0.42260729049198514,0
zipf,True,5.0,9,undersplit_25,0.9220630160355572,0,-0.9842858335514326,0,0.11107278982112143,0,-3.7944881432520736,0,1.941686180821077,0,0.39514234855708197,0
zipf,True,5.0,10,clean,0.9259910303067063,0,-0.9848816158322786,0,0.12611403362673657,0,-4.314735356552266,0,1.8996900905162912,0,0.3823839361797997,0
zipf,True,5.0,10,confuse_6.7,0.8451210520618896,0,-0.6504678624645661,0,0.06503756528448165,0,-2.1735003099231425,0,2.3901649768377675,0,0.3871379542898741,0
zipf,True,5.0,10,confuse_19.19,0.7697102406473507,0,-0.43248865986182666,0,0.06758575570161628,0,-1.851422157373282,0,2.802883518981008,0,0.37313066292857233,0
zipf,True,5.0,10,oversplit_25,0.9359362535552596,0,-0.897718530261479,0,0.10353834299543749,0,-3.2413898123301577,0,2.073900055311018,0,0.4276933671006904,0
zipf,True,5.0,10,undersplit_25,0.9235256998391022,0,-1.0041150500069704,0,0.12727100461038132,0,-3.814390638420102,0,1.8864849113355455,0,0.35989126569216584,0
zipf,True,5.0,11,clean,0.9367224129884766,0,-0.946773113410314,0,0.10583744857564206,0,-4.641521534614761,0,1.9361601782907578,0,0.39491375680597285,0
zipf,True,5.0,11,confuse_6.7,0.8491410002723454,0,-0.6328759727442648,0,0.06008791039994809,0,-2.199836077725801,0,2.34785344072741,0,0.39334309492725456,0
zipf,True,5.0,11,confuse_19.19,0.7376163742659438,0,-0.39720013481973915,0,0.07123362532617825,0,-1.9015797266959003,0,2.953147624587676,0,0.3750210327873109,0
zipf,True,5.0,11,oversplit_25,0.9320338646156201,0,-0.8417209642396325,0,0.08120604967651787,0,-3.2991867590510786,0,2.030257185419727,0,0.4120804854256347,0
zipf,True,5.0,11,undersplit_25,0.9323744447171266,0,-0.9618575505277496,0,0.09980667226978374,0,-4.2316222740319,0,1.952658932230741,0,0.3910550566670463,0
zipf,True,5.0,12,clean,0.9333854216132637,0,-0.97660229344534,0,0.11852020217976414,0,-4.383393264058375,0,1.9195587120681126,0,0.40677059646414127,0
zipf,True,5.0,12,confuse_6.7,0.8481660492717902,0,-0.6467542944551297,0,0.0572946236920496,0,-2.2426587212187274,0,2.2862560649590358,0,0.4007766139621468,0
zipf,True,5.0,12,confuse_19.19,0.76511153821695,0,-0.4279190714795181,0,0.06947821814369254,0,-1.7962542630206344,0,2.8784996848571174,0,0.38781108417033094,0
zipf,True,5.0,12,oversplit_25,0.9367084753800092,0,-0.8822790656449064,0,0.0862776116476793,0,-3.1762496961346964,0,2.0420180221461646,0,0.4407687474535022,0
zipf,True,5.0,12,undersplit_25,0.9323679142494303,0,-1.023015884466863,0,0.1227389900244732,0,-3.8864703144050416,0,1.8634260670075642,0,0.41634346399986544,0
zipf,True,5.0,13,clean,0.9332754694040652,0,-0.9149994185376008,0,0.1233429063210075,0,-4.625352144075837,0,1.9640381244847236,0,0.3831714693299208,0
zipf,True,5.0,13,confuse_6.7,0.8242311706086256,0,-0.5713616031455828,0,0.04865200490799497,0,-2.2164440685743503,0,2.5234878556959384,0,0.3682943179659321,0
zipf,True,5.0,13,confuse_19.19,0.7545974734015591,0,-0.40001931008549313,0,0.07457146086415174,0,-2.1010029417912026,0,3.0258304468415473,0,0.34904301263473003,0
zipf,True,5.0,13,oversplit_25,0.9233993013374671,0,-0.8482468534028725,0,0.08381430263048725,0,-3.2581901731902683,0,2.078952542290561,0,0.4435037423067404,0
zipf,True,5.0,13,undersplit_25,0.9330645028321903,0,-0.9617136990289035,0,0.12136868668345524,0,-4.191424170662341,0,2.0363258929954284,0,0.38612149784617705,0
zipf,True,5.0,14,clean,0.9276449568590873,0,-1.0065738978371266,0,0.119320140957559,0,-3.4561117985758507,0,1.872892797095922,0,0.43873644706676707,0
zipf,True,5.0,14,confuse_6.7,0.8546582277967476,0,-0.6744384982070545,0,0.05944476044680816,0,-1.853395802854445,0,2.431185814572077,0,0.4179458399720411,0
zipf,True,5.0,14,confuse_19.19,0.7496054130059675,0,-0.428603945248451,0,0.0655168884305784,0,-1.6977537005880814,0,2.9256490832911193,0,0.38555191970641917,0
zipf,True,5.0,14,oversplit_25,0.9329988823408262,0,-0.9144025212357042,0,0.10873788915064851,0,-2.7640274732830368,0,2.074703360764158,0,0.48289913006303886,0
zipf,True,5.0,14,undersplit_25,0.9263106524163083,0,-1.0212006724895686,0,0.11548138054000577,0,-3.4424180121945023,0,1.8781367503222364,0,0.4374562636577535,0
zipf,True,5.0,15,clean,0.9369461903665057,0,-0.963427680609381,0,0.11496224174953726,0,-4.232510202230918,0,2.003728670174905,0,0.4229817330843709,0
zipf,True,5.0,15,confuse_6.7,0.8374764464066337,0,-0.6358899360232397,0,0.055916761660240066,0,-2.1165809556098156,0,2.4726965460909542,0,0.4114644907358854,0
zipf,True,5.0,15,confuse_19.19,0.7643224050453483,0,-0.43370943803690637,0,0.07429961420916135,0,-1.8279077877424008,0,2.912195125141631,0,0.38673216277026323,0
zipf,True,5.0,15,oversplit_25,0.9347681250852307,0,-0.8561090998624028,0,0.09652525179139035,0,-3.2130716021794195,0,2.0230080459836444,0,0.4396245391472689,0
zipf,True,5.0,15,undersplit_25,0.9349380221645722,0,-0.9815228039384202,0,0.11354287970434075,0,-3.9993170426208087,0,1.9154520381736115,0,0.40500845210149505,0
zipf,True,5.0,16,clean,0.9377687307241352,0,-0.9553069113092834,0,0.11886182721145946,0,-4.433136266356453,0,1.9319664776040957,0,0.3865277846061621,0
zipf,True,5.0,16,confuse_6.7,0.8516874993503287,0,-0.6450827534335639,0,0.0601605984383511,0,-2.257590489596865,0,2.3500821065379203,0,0.374982233054908,0
zipf,True,5.0,16,confuse_19.19,0.7563068834402875,0,-0.41394492681540634,0,0.07082683976974744,0,-1.8529628642434188,0,2.9942567974432492,0,0.36881661715941155,0
zipf,True,5.0,16,oversplit_25,0.9305785443989079,0,-0.8487557250448,0,0.0957805448355563,0,-3.46695641023807,0,2.0167791220192344,0,0.406499121645298,0
zipf,True,5.0,16,undersplit_25,0.9334099994847747,0,-0.9693195620076285,0,0.11745868822692654,0,-4.260438428186801,0,1.9271292345775874,0,0.38477782307376296,0
zipf,True,5.0,17,clean,0.9350669289879001,0,-1.011005890930791,0,0.12404461594301994,0,-3.8983339065859908,0,1.9761299387424012,0,0.3822073181447623,0
zipf,True,5.0,17,confuse_6.7,0.8533665398735935,0,-0.6818216957408103,0,0.057347691327881783,0,-1.883151509446825,0,2.290580689138385,0,0.383262415277255,0
zipf,True,5.0,17,confuse_19.19,0.7652093499125794,0,-0.43578831276476426,0,0.07616625638198965,0,-1.7341708237944944,0,2.8506712113393435,0,0.3535447035854885,0
zipf,True,5.0,17,oversplit_25,0.932096514040516,0,-0.9117518469370585,0,0.09041485837955437,0,-2.8817916932865355,0,2.036211150754237,0,0.44695474905682997,0
zipf,True,5.0,17,undersplit_25,0.934836362306342,0,-1.0655082234108568,0,0.11042713182420126,0,-3.223267122335556,0,1.9214357149620718,0,0.3993820296578302,0
zipf,True,5.0,18,clean,0.927326537464576,0,-0.9670471121172632,0,0.12707521694637935,0,-4.4299729939880566,0,1.9329054881890833,0,0.39090686878870506,0
zipf,True,5.0,18,confuse_6.7,0.836879860674179,0,-0.645585937689419,0,0.05909215674421579,0,-2.184651743628293,0,2.4961158070680174,0,0.38554656967542394,0
zipf,True,5.0,18,confuse_19.19,0.7650247761883795,0,-0.42249177886470274,0,0.07307456174413103,0,-1.8051211284136333,0,2.817205180519559,0,0.37523165976962,0
zipf,True,5.0,18,oversplit_25,0.9263505468908912,0,-0.8553795861024194,0,0.09905233254651674,0,-3.6487330976573507,0,2.01532063653,0,0.4091061545993586,0
zipf,True,5.0,18,undersplit_25,0.9311949140593534,0,-1.0330788381837681,0,0.11834447419846104,0,-3.857914167314055,0,1.9194526598352675,0,0.444377588211338,0
zipf,True,5.0,19,clean,0.9254137482848588,0,-0.9439791441017161,0,0.11005722597813106,0,-4.386678685455481,0,1.9753141958505194,0,0.3705304576796119,0
zipf,True,5.0,19,confuse_6.7,0.8368858841193347,0,-0.6200575062308056,0,0.058226441777614144,0,-2.268161192763302,0,2.401400763595846,0,0.37361218466733437,0
zipf,True,5.0,19,confuse_19.19,0.7461250974209614,0,-0.3989839626683461,0,0.06504631802740443,0,-2.0093060780802476,0,2.9397982207584827,0,0.34358607428143784,0
zipf,True,5.0,19,oversplit_25,0.9341373878759085,0,-0.891599744713969,0,0.07978563634881333,0,-2.993503520593458,0,1.997005000379844,0,0.4170264341094084,0
zipf,True,5.0,19,undersplit_25,0.93346136242538,0,-1.0255232252162596,0,0.11506972019037538,0,-4.231971293775461,0,1.8818149171214142,0,0.37340901229973705,0
zipf,True,5.0,20,clean,0.9274725407683739,0,-0.9549938846530275,0,0.12416857114582741,0,-4.406776019312362,0,1.9376476548895778,0,0.36395771955108136,0
zipf,True,5.0,20,confuse_6.7,0.850747605389931,0,-0.6426819933552437,0,0.06571991377817864,0,-2.1154090446517824,0,2.485070070372112,0,0.35636039517704315,0
zipf,True,5.0,20,confuse_19.19,0.7523276611195946,0,-0.41530304811066976,0,0.06484672342872161,0,-1.833832194639173,0,2.867816656216225,0,0.35585785173932705,0
zipf,True,5.0,20,oversplit_25,0.9297911675682176,0,-0.8664491716943643,0,0.10276907540306414,0,-3.373449350635539,0,2.013728422987148,0,0.39142319343932863,0
zipf,True,5.0,20,undersplit_25,0.9278157242886926,0,-0.9903002769149798,0,0.12208648676231505,0,-3.925347601875456,0,1.8972869968572459,0,0.3574638651647162,0
zipf,True,5.0,21,clean,0.9378153042847104,0,-0.9763283621870116,0,0.11181991386141556,0,-4.508136544017258,0,1.974631168554558,0,0.39119865294759965,0
zipf,True,5.0,21,confuse_6.7,0.8449306456833376,0,-0.6464856576464413,0,0.06320032256045532,0,-2.1477250102228442,0,2.403285216754928,0,0.37792416607669255,0
zipf,True,5.0,21,confuse_19.19,0.7519251500329794,0,-0.406425698454598,0,0.06872769356428095,0,-1.8998112141066934,0,2.9566970498272362,0,0.37261788112327104,0
zipf,True,5.0,21,oversplit_25,0.9345778575745849,0,-0.8499291600830089,0,0.08776098162522164,0,-3.1419413805034666,0,2.0485856984091435,0,0.4288337902942876,0
zipf,True,5.0,21,undersplit_25,0.9393969538447859,0,-1.015678713834654,0,0.11413043915198487,0,-3.9474909607876034,0,1.87036068774241,0,0.38514555182635013,0
zipf,True,5.0,22,clean,0.9346147089801795,0,-0.9489389777174038,0,0.11685643374199033,0,-4.575984511439569,0,1.9286309281426173,0,0.40133174132671734,0
zipf,True,5.0,22,confuse_6.7,0.8516950073446072,0,-0.637363041404643,0,0.06304244830042487,0,-2.2072828673584244,0,2.4801453211940916,0,0.3893073762772439,0
zipf,True,5.0,22,confuse_19.19,0.7410489710538999,0,-0.414762942119436,0,0.06883610384241196,0,-1.8468999860084723,0,3.0084649595974287,0,0.37845582329000926,0
zipf,True,5.0,22,oversplit_25,0.9326156301376536,0,-0.8993115457426168,0,0.0930870258583352,0,-3.032460651798188,0,2.006390399305716,0,0.46092227520193785,0
zipf,True,5.0,22,undersplit_25,0.9368147153013675,0,-1.0202362400082627,0,0.11729668677370159,0,-3.6993001763721267,0,1.861891613880139,0,0.4183826639389612,0
zipf,True,5.0,23,clean,0.9360838229166792,0,-0.9542243171040713,0,0.11973542446502997,0,-4.2096741683353525,0,2.1229379644831234,0,0.36182555186534815,0
zipf,True,5.0,23,confuse_6.7,0.8483814460502908,0,-0.6477785364641532,0,0.06315272413979603,0,-2.12273989986435,0,2.4107684330424983,0,0.36073123422407644,0
zipf,True,5.0,23,confuse_19.19,0.7561051311180167,0,-0.42214924094085826,0,0.06962408969243845,0,-1.7985516569192301,0,2.97309708472251,0,0.3560637398159864,0
zipf,True,5.0,23,oversplit_25,0.9277575496183592,0,-0.8464912780851024,0,0.09504732454831516,0,-3.4202525489226776,0,2.0597310363295014,0,0.3751707366947064,0
zipf,True,5.0,23,undersplit_25,0.9345109533362301,0,-0.9760087335446643,0,0.11483029377666129,0,-3.8758445038934246,0,1.9268912254369068,0,0.38882669490493754,0
zipf,True,5.0,24,clean,0.9412691099554622,0,-0.9888143596610743,0,0.12097453236016711,0,-4.262198419077855,0,1.8827566760851884,0,0.4079783624313412,0
zipf,True,5.0,24,confuse_6.7,0.8470808381791048,0,-0.6462819381600196,0,0.06239029537160834,0,-2.1476107966862097,0,2.3915549577892117,0,0.3996922139889415,0
zipf,True,5.0,24,confuse_19.19,0.7567218685267169,0,-0.42020857797041744,0,0.06969935380394347,0,-1.837448748451976,0,2.7802659826208593,0,0.3757755501138714,0
zipf,True,5.0,24,oversplit_25,0.9369131799827068,0,-0.8641793625610984,0,0.09016253374128115,0,-3.096576939352817,0,2.062801372114122,0,0.4075199553332739,0
zipf,True,5.0,24,undersplit_25,0.9388982565580446,0,-1.0130476553260181,0,0.11384561217543317,0,-3.9744353483120296,0,2.029298210877693,0,0.42538136546904753,0
zipf,True,5.0,25,clean,0.9269226957949057,0,-0.9572503399656905,0,0.10162053601666209,0,-4.133021701372881,0,2.0688262965508626,0,0.35159765889601446,0
zipf,True,5.0,25,confuse_6.7,0.8294169414223943,0,-0.6149090785930662,0,0.06173912863476555,0,-2.246724634019233,0,2.6096480574352374,0,0.35407239462925744,0
zipf,True,5.0,25,confuse_19.19,0.7455154826801531,0,-0.4171271981736267,0,0.07114993138437405,0,-1.7941423372147072,0,2.870592536928424,0,0.35750058734293677,0
zipf,True,5.0,25,oversplit_25,0.9318141992788047,0,-0.905487492161331,0,0.08653901397263455,0,-2.9040697425981894,0,1.978106968292671,0,0.40067711732012046,0
zipf,True,5.0,25,undersplit_25,0.9280696510381805,0,-1.0061838183094394,0,0.10782643432663709,0,-3.699458018733086,0,1.908930592220746,0,0.3567220743282045,0
zipf,True,5.0,26,clean,0.9362381469532348,0,-0.9638843336357835,0,0.13066698494498458,0,-4.5116654772342635,0,1.9252745584431463,0,0.3680628172913441,0
zipf,True,5.0,26,confuse_6.7,0.8370374794280019,0,-0.6204829516307248,0,0.05826020263408571,0,-2.2529591366453383,0,2.450065433358123,0,0.3686299746321601,0
zipf,True,5.0,26,confuse_19.19,0.7472507311460954,0,-0.40021787914021606,0,0.07205712036606825,0,-1.8506187190357624,0,2.848887747197274,0,0.35534131581901074,0
zipf,True,5.0,26,oversplit_25,0.935274221759447,0,-0.8653624794268722,0,0.07953079457599779,0,-2.740566879275697,0,2.0639195610184937,0,0.3904232973248952,0
zipf,True,5.0,26,undersplit_25,0.9340636911177855,0,-0.9667733910763598,0,0.11737140635184301,0,-4.203313783706675,0,1.9431230879828376,0,0.36967965436686145,0
zipf,True,5.0,27,clean,0.9285417152645454,0,-0.9658230635448534,0,0.11700914401807923,0,-4.039905813706569,0,1.9455469036833402,0,0.38619185163695724,0
zipf,True,5.0,27,confuse_6.7,0.8509305222208238,0,-0.6366639788067365,0,0.055956767443285996,0,-2.057175615173829,0,2.445552276982764,0,0.36937407078394724,0
zipf,True,5.0,27,confuse_19.19,0.7434992842295872,0,-0.3939336223143217,0,0.06767947337027198,0,-1.9403681392781154,0,3.01211403096207,0,0.35635502593236057,0
zipf,True,5.0,27,oversplit_25,0.9305570020562874,0,-0.891941195380028,0,0.08600617852550407,0,-2.912404912204929,0,1.992880768938896,0,0.4341959198122724,0
zipf,True,5.0,27,undersplit_25,0.9305112658200397,0,-0.9717866800713162,0,0.10914806299502408,0,-3.601655483541859,0,2.083364140882836,0,0.37020424546038777,0
zipf,True,5.0,28,clean,0.9360386650367873,0,-0.9761802779832023,0,0.11391039911991163,0,-4.118192210457935,0,1.9258571254811372,0,0.42056574065973656,0
zipf,True,5.0,28,confuse_6.7,0.8473976920419716,0,-0.6463406053483323,0,0.058575736222320235,0,-2.0323593888077944,0,2.4883358519613132,0,0.4089305568551096,0
zipf,True,5.0,28,confuse_19.19,0.7771418886616306,0,-0.4316702948128542,0,0.07485704306536961,0,-1.8982648040443766,0,2.7534606914996465,0,0.3771844670605108,0
zipf,True,5.0,28,oversplit_25,0.9303547825207923,0,-0.8373429618925281,0,0.09893480773960482,0,-3.3986874114962804,0,2.0548200503794094,0,0.4444816236562813,0
zipf,True,5.0,28,undersplit_25,0.9360800944621653,0,-1.000119723103965,0,0.11577746190142366,0,-4.092342722492532,0,1.8970794612692425,0,0.40444655721354683,0
zipf,True,5.0,29,clean,0.9381399242707087,0,-0.9483902942008865,0,0.1136766384404806,0,-4.628422331342871,0,1.9819818877921658,0,0.4098538068002745,0
zipf,True,5.0,29,confuse_6.7,0.8548859030666611,0,-0.6403084662902379,0,0.0659025427835184,0,-2.3747966591730303,0,2.36915993681727,0,0.3994870355756491,0
zipf,True,5.0,29,confuse_19.19,0.737935364346402,0,-0.3913115632335994,0,0.06301278851910184,0,-1.9978156981212158,0,3.0004158320067287,0,0.3735370193304197,0
zipf,True,5.0,29,oversplit_25,0.9427623543517036,0,-0.9319291513329824,0,0.07966318348160645,0,-2.8920560742302888,0,1.9734599004938889,0,0.5039598994123957,0
zipf,True,5.0,29,undersplit_25,0.93744228395315,0,-0.9807975335100396,0,0.11612609538156574,0,-4.145084570027814,0,1.9318164271922178,0,0.39783374797395354,0
zipf,False,1.0,0,clean,0.9424891063956048,0,-0.9288990766514784,0,0.10728396095611453,0,-0.9305277780982815,0,1.9907566036204407,0,0.7057914442019738,0
zipf,False,1.0,0,confuse_6.7,0.8498438598896076,0,-0.6398675282465641,0,0.06935375928703197,0,-0.9046832541240339,0,2.4461328514221354,0,0.6053630388357514,0
zipf,False,1.0,0,confuse_19.19,0.7751486913205454,0,-0.43905584547756776,0,0.08886357290488982,0,-1.382032085811023,0,2.7328088694242543,0,0.49356683135476864,0
zipf,False,1.0,0,oversplit_25,0.9201676408955861,0,-0.843603671783871,0,0.1214285084969888,0,-0.9324910902870274,0,2.1158293264271153,0,0.6264326343546256,0
zipf,False,1.0,0,undersplit_25,0.9426123213775847,0,-0.9181551140611914,0,0.12010533598575428,0,-0.9239278290780333,0,1.9995801808518818,0,0.6455175924878639,0
zipf,False,1.0,1,clean,0.94701365743099,0,-0.9667816140448777,0,0.11624298625273917,0,-0.886822799178654,0,2.001247097670965,0,0.6754797032548059,0
zipf,False,1.0,1,confuse_6.7,0.8593586296320859,0,-0.6798845585469973,0,0.08626429307216858,0,-0.9006936557708312,0,2.3350490955768493,0,0.5790773659675326,0
zipf,False,1.0,1,confuse_19.19,0.7736800966044971,0,-0.469114136304124,0,0.08895872669632289,0,-1.1784161203542787,0,2.771154521511835,0,0.46659744688140625,0
zipf,False,1.0,1,oversplit_25,0.9279151102128251,0,-0.8745173729709459,0,0.11955583883031162,0,-0.890972170879951,0,2.0599632015914953,0,0.6301368076906562,0
zipf,False,1.0,1,undersplit_25,0.9401885344022085,0,-0.9154405195367529,0,0.11664079887739644,0,-1.0030397825168953,0,2.0568252402155722,0,0.6222441874049569,0
zipf,False,1.0,2,clean,0.9478142485515191,0,-0.950811610119426,0,0.12060044564559003,0,-0.9335024979184734,0,1.9493003106455231,0,0.7220337948984392,0
zipf,False,1.0,2,confuse_6.7,0.8613416098334079,0,-0.6511466201699309,0,0.08312655988897272,0,-0.9949661061055671,0,2.360477021610773,0,0.623695065006995,0
zipf,False,1.0,2,confuse_19.19,0.7723815861569844,0,-0.44586066560549753,0,0.09201196571033263,0,-1.433006900926674,0,2.636863022021287,0,0.49848133953652685,0
zipf,False,1.0,2,oversplit_25,0.9302717894233143,0,-0.8348287674040847,0,0.12550450058515122,0,-0.9677054360030113,0,2.0996702093665838,0,0.6615218785133522,0
zipf,False,1.0,2,undersplit_25,0.9476879045440804,0,-0.9304445565039572,0,0.1219214907915557,0,-0.93205974005992,0,1.961703164999935,0,0.6806264101821224,0
zipf,False,1.0,3,clean,0.9448698991522926,0,-0.9569005193959801,0,0.10770166152260802,0,-0.8931306467872983,0,2.0106005482830085,0,0.6999181118236473,0
zipf,False,1.0,3,confuse_6.7,0.8562543565115093,0,-0.6456253711353205,0,0.06739582645341059,0,-0.8735615850417591,0,2.3914558064681284,0,0.6169634882349991,0
zipf,False,1.0,3,confuse_19.19,0.765504760611847,0,-0.4365283128827415,0,0.08756259264661823,0,-1.3438389790806773,0,2.74138158121856,0,0.471489141279611,0
zipf,False,1.0,3,oversplit_25,0.9215445259217656,0,-0.8455199056633865,0,0.11350656055757619,0,-0.8792186894917706,0,2.108285014360124,0,0.6423900564391785,0
zipf,False,1.0,3,undersplit_25,0.940675291111035,0,-0.9342090097768131,0,0.11036468233624637,0,-0.9540862248038277,0,2.015200908531713,0,0.6344971310477754,0
zipf,False,1.0,4,clean,0.9398538540845013,0,-0.9332302229746149,0,0.12617076114744524,0,-1.0333603532181215,0,1.988397919755066,0,0.6814987599877975,0
zipf,False,1.0,4,confuse_6.7,0.8680909252774331,0,-0.6722413847318184,0,0.08819657626299529,0,-0.9803076888506734,0,2.308266517401183,0,0.6059212251590309,0
zipf,False,1.0,4,confuse_19.19,0.7631933682910413,0,-0.45424439643560943,0,0.0988260122567871,0,-1.406582024063829,0,2.6831359978720664,0,0.4880907824323413,0
zipf,False,1.0,4,oversplit_25,0.9194480101907482,0,-0.8122940501030586,0,0.1390348825195997,0,-1.1103063534000162,0,2.1347341080882836,0,0.6370738621308597,0
zipf,False,1.0,4,undersplit_25,0.9479299948927422,0,-0.937844947488737,0,0.12130712575795263,0,-0.8702650512970154,0,2.0414499695736064,0,0.6575385208694338,0
zipf,False,1.0,5,clean,0.9494443798466604,0,-0.9621434810237651,0,0.1238712880482972,0,-0.9609702057913158,0,1.9801536357720257,0,0.7217465673320798,0
zipf,False,1.0,5,confuse_6.7,0.8633646096823202,0,-0.6473315678145117,0,0.07535284754204281,0,-0.8898796818889749,0,2.321559646009155,0,0.6163545237600907,0
zipf,False,1.0,5,confuse_19.19,0.7744010446588303,0,-0.4503579669571706,0,0.09223199516970891,0,-1.336600220427674,0,2.7365432013065005,0,0.4920563784871409,0
zipf,False,1.0,5,oversplit_25,0.9343847810491936,0,-0.8790202257168013,0,0.12872240094711748,0,-0.9533197019961894,0,2.0459669865592325,0,0.6694687727115888,0
zipf,False,1.0,5,undersplit_25,0.9476915885556741,0,-0.9199198186178006,0,0.12630453051074855,0,-1.0475614373137616,0,1.9753453932541427,0,0.6763319680099391,0
zipf,False,1.0,6,clean,0.9380783510963835,0,-0.9015299124921285,0,0.11072358933704443,0,-1.0201260562222956,0,2.07545684076169,0,0.6798761484034728,0
zipf,False,1.0,6,confuse_6.7,0.8698019552438774,0,-0.6565757209233125,0,0.07344809118525139,0,-0.9357648069223581,0,2.2931312330322964,0,0.5977054951341293,0
zipf,False,1.0,6,confuse_19.19,0.7753101539898942,0,-0.45510168551128694,0,0.09412426146526588,0,-1.3118723344861092,0,2.7254462953607606,0,0.46810464611940295,0
zipf,False,1.0,6,oversplit_25,0.9127127148639895,0,-0.7821451515728455,0,0.12562549031399936,0,-1.0559780178879887,0,2.1941950223613396,0,0.6442379945048191,0
zipf,False,1.0,6,undersplit_25,0.9388874953642515,0,-0.9030369236739701,0,0.11678605730966292,0,-0.9334132271061528,0,2.0216307827040456,0,0.6439747342000492,0
zipf,False,1.0,7,clean,0.9453579370715184,0,-0.9343525088296473,0,0.1269416547957701,0,-0.9505661463059598,0,1.9763764901640914,0,0.7218148302133365,0
zipf,False,1.0,7,confuse_6.7,0.8505977312728481,0,-0.6509541801228427,0,0.08067063323912568,0,-0.9357865775157717,0,2.387875801797116,0,0.6247910939271953,0
zipf,False,1.0,7,confuse_19.19,0.7695112384316664,0,-0.43553106158625665,0,0.09196949539233393,0,-1.4435978701625602,0,2.831266617649076,0,0.5008723502497858,0
zipf,False,1.0,7,oversplit_25,0.9275143103143637,0,-0.8342576073714703,0,0.12681358767995196,0,-0.9407759606131736,0,2.138420576480856,0,0.6655397451864192,0
zipf,False,1.0,7,undersplit_25,0.9396025872028148,0,-0.9155970862510486,0,0.13342041911373553,0,-0.9543490784445877,0,2.007221764527923,0,0.6513845396306354,0
zipf,False,1.0,8,clean,0.9481184954896034,0,-0.9566222271871394,0,0.12208841342707774,0,-0.9916197621242822,0,1.9650317065307734,0,0.7225040145065493,0
zipf,False,1.0,8,confuse_6.7,0.8694105465362914,0,-0.6695114763904194,0,0.08763600589765219,0,-0.9797135642764385,0,2.320466847063157,0,0.6252731476149815,0
zipf,False,1.0,8,confuse_19.19,0.7829590523457437,0,-0.45859037112864054,0,0.09488071259062605,0,-1.3531043879373275,0,2.761822850713535,0,0.4851536506345493,0
zipf,False,1.0,8,oversplit_25,0.9241558248202759,0,-0.8509788409427381,0,0.11823576561684021,0,-0.9795173405099095,0,2.093450981643696,0,0.6561289149868794,0
zipf,False,1.0,8,undersplit_25,0.9391985704068535,0,-0.9228797189244512,0,0.11498915273572675,0,-0.9242602931891193,0,1.9929521904796528,0,0.660882706465106,0
zipf,False,1.0,9,clean,0.9427877417108843,0,-0.9724902969321518,0,0.11498922759822527,0,-0.8079887889683453,0,1.9518201954480752,0,0.7091052915718292,0
zipf,False,1.0,9,confuse_6.7,0.8668166244352506,0,-0.6887398862094642,0,0.08661859190602926,0,-0.8802253766924157,0,2.3432325603993096,0,0.6224254447234754,0
zipf,False,1.0,9,confuse_19.19,0.7763987464622326,0,-0.4663216898651732,0,0.09051413022242823,0,-1.2289073902836332,0,2.8032431071796555,0,0.48828320267271746,0
zipf,False,1.0,9,oversplit_25,0.9341498243176222,0,-0.8974973589812119,0,0.13275966038871495,0,-0.8410294492323659,0,2.032601751029276,0,0.6649374372093053,0
zipf,False,1.0,9,undersplit_25,0.9421613887627922,0,-0.9628730128666275,0,0.1189959104430317,0,-0.7961888467830561,0,1.975144232953587,0,0.6648374835098072,0
zipf,False,1.0,10,clean,0.9466511209254354,0,-0.9659334129589869,0,0.13143322470557237,0,-0.8739293909919169,0,1.9451801804498978,0,0.6954990416885705,0
zipf,False,1.0,10,confuse_6.7,0.8673236329515548,0,-0.6781352811003212,0,0.08195943779811155,0,-0.85466449860204,0,2.248950765248514,0,0.6207245416393612,0
zipf,False,1.0,10,confuse_19.19,0.771457591634759,0,-0.4575806431412307,0,0.09438954706987604,0,-1.268635515478585,0,2.7648732039832167,0,0.4930746046268373,0
zipf,False,1.0,10,oversplit_25,0.9175959405571077,0,-0.8272774629616106,0,0.1371254588077897,0,-1.0367006857063399,0,2.1199383823796434,0,0.6549815239164154,0
zipf,False,1.0,10,undersplit_25,0.9509236879326397,0,-0.9429626846723589,0,0.12599253045643327,0,-0.8635647782158571,0,1.9698400293929743,0,0.648874916727527,0
zipf,False,1.0,11,clean,0.9369438988605846,0,-0.9543803641072339,0,0.1121333490284695,0,-0.8801807525244096,0,2.043619954937359,0,0.7019239207543302,0
zipf,False,1.0,11,confuse_6.7,0.8602821096921425,0,-0.6721933372101601,0,0.08160792288315777,0,-0.9169882356628638,0,2.3166305468517856,0,0.6139165636368977,0
zipf,False,1.0,11,confuse_19.19,0.7620604352669522,0,-0.44097163747566,0,0.08308043336006316,0,-1.2669581969722001,0,2.7486110666914603,0,0.48576876629228555,0
zipf,False,1.0,11,oversplit_25,0.9206449696687466,0,-0.8692740242267152,0,0.12260407801582528,0,-0.8368702772717426,0,2.1483459193915673,0,0.6602688544155403,0
zipf,False,1.0,11,undersplit_25,0.9370505689543831,0,-0.9389748208968197,0,0.12141277586175876,0,-0.9293868396071411,0,1.9889882295334804,0,0.6682316544443507,0
zipf,False,1.0,12,clean,0.9435283657751906,0,-0.9418168578666449,0,0.1348108012747749,0,-1.0210194409557394,0,1.9728899587904103,0,0.7112550445672094,0
zipf,False,1.0,12,confuse_6.7,0.8603665196072504,0,-0.6579046704737251,0,0.0788128418719877,0,-0.928116253098564,0,2.382243008058854,0,0.6143239637584665,0
zipf,False,1.0,12,confuse_19.19,0.7791268887812473,0,-0.45425937100687397,0,0.09210650691554029,0,-1.324230118834092,0,2.7222577780275534,0,0.4947154510094733,0
zipf,False,1.0,12,oversplit_25,0.9291932764003866,0,-0.8284674993751115,0,0.12403327050622769,0,-0.9827420410652375,0,2.2132987406052,0,0.6675569785055807,0
zipf,False,1.0,12,undersplit_25,0.9368762041957807,0,-0.9205770619642604,0,0.14582223240382564,0,-1.1153722177787555,0,2.040450231999108,0,0.6490736189075988,0
zipf,False,1.0,13,clean,0.9408245035506424,0,-0.9437327113858653,0,0.11622987405315183,0,-0.8602017490245982,0,1.9781815673769843,0,0.6914389392479061,0
zipf,False,1.0,13,confuse_6.7,0.8523267128492831,0,-0.6624882383761488,0,0.08129427011965429,0,-0.892174082341719,0,2.357353692904774,0,0.6036821679098083,0
zipf,False,1.0,13,confuse_19.19,0.7619352182850883,0,-0.44976757465478234,0,0.08666784832831537,0,-1.2582651803514024,0,2.829281419645384,0,0.48648186475628097,0
zipf,False,1.0,13,oversplit_25,0.930067785793174,0,-0.858827507605744,0,0.1308946475697355,0,-0.8906670397484922,0,2.085545096836208,0,0.6505326902198788,0
zipf,False,1.0,13,undersplit_25,0.9339350430386626,0,-0.9100373020095419,0,0.12511448281249546,0,-0.9072389206216013,0,2.0357764178772237,0,0.6403152895839572,0
zipf,False,1.0,14,clean,0.9492665062031318,0,-0.9421862740054684,0,0.11924385802654203,0,-0.8489169522659581,0,1.9659936554197608,0,0.7395490034331211,0
zipf,False,1.0,14,confuse_6.7,0.8555789993481759,0,-0.6527950845626016,0,0.08250596078578383,0,-0.9279180361174428,0,2.3266463744322525,0,0.6487278526192658,0
zipf,False,1.0,14,confuse_19.19,0.7718694362809633,0,-0.46192189057274313,0,0.0912537791840769,0,-1.233634455849215,0,2.6797399918640346,0,0.5170661293459411,0
zipf,False,1.0,14,oversplit_25,0.9270958893664729,0,-0.8445727069683463,0,0.1331945693542826,0,-0.9266961508821037,0,2.1011176727433947,0,0.6775212266886668,0
zipf,False,1.0,14,undersplit_25,0.9461501232216603,0,-0.9441181077771633,0,0.13431954359919163,0,-0.9181793138622145,0,2.002535822802158,0,0.6842367665399913,0
zipf,False,1.0,15,clean,0.9458055372161458,0,-0.9437545495527611,0,0.1318141126243359,0,-0.9411152791570987,0,2.0317779345612443,0,0.7125271768915746,0
zipf,False,1.0,15,confuse_6.7,0.8674129231880712,0,-0.6674084805528717,0,0.0877200617181573,0,-0.9344712521448273,0,2.3344972111247495,0,0.62471758842897,0
zipf,False,1.0,15,confuse_19.19,0.7557306944898082,0,-0.44147297362433063,0,0.08772445984334029,0,-1.3346911583774212,0,2.813394769734878,0,0.5035423635332694,0
zipf,False,1.0,15,oversplit_25,0.9256854149300061,0,-0.8227242758205153,0,0.1273633975700935,0,-0.9823430000279085,0,2.115724990151345,0,0.6504943367985898,0
zipf,False,1.0,15,undersplit_25,0.9430265842778724,0,-0.9271437908221656,0,0.1322910595155719,0,-0.9498143150505864,0,1.980964535288554,0,0.6671441503972462,0
zipf,False,1.0,16,clean,0.9474458401111532,0,-0.9567285580527711,0,0.11868269426892579,0,-0.8580122963708268,0,1.9518992218453677,0,0.6995318293769854,0
zipf,False,1.0,16,confuse_6.7,0.8636046688917975,0,-0.6771762111402582,0,0.07883336739483009,0,-0.8508289318454926,0,2.2810604479026844,0,0.6143984745128377,0
zipf,False,1.0,16,confuse_19.19,0.7786356144325933,0,-0.4503303560602522,0,0.09285239044212919,0,-1.2586437033240094,0,2.7152803556471574,0,0.48248821095978744,0
zipf,False,1.0,16,oversplit_25,0.9307492419427681,0,-0.8576884311688838,0,0.13573081887346644,0,-0.9097427377116702,0,2.063622259988886,0,0.6411565017432042,0
zipf,False,1.0,16,undersplit_25,0.938672563125295,0,-0.9168058424750465,0,0.12214434010782876,0,-0.9028624225193037,0,1.9969135554560238,0,0.6403018258158584,0
zipf,False,1.0,17,clean,0.9373898533650526,0,-0.9325123208529642,0,0.09716510144306369,0,-0.8527896455637174,0,2.062718405165208,0,0.7158615947527703,0
zipf,False,1.0,17,confuse_6.7,0.8582925466624962,0,-0.6426650919343023,0,0.07435890307504037,0,-0.921421922236136,0,2.3708987676860325,0,0.6170350472452668,0
zipf,False,1.0,17,confuse_19.19,0.7810833317449517,0,-0.4681201945527476,0,0.0876614422008054,0,-1.239124584054629,0,2.6531115624497232,0,0.4893853205109065,0
zipf,False,1.0,17,oversplit_25,0.9178791459899645,0,-0.8477741222356711,0,0.1017029199077148,0,-0.8573476244702981,0,2.0879125942005086,0,0.6789759021222456,0
zipf,False,1.0,17,undersplit_25,0.9381509570044002,0,-0.9054505762772117,0,0.10368590933959057,0,-1.0469605590086208,0,2.0252749480505834,0,0.6673618763072114,0
zipf,False,1.0,18,clean,0.948525932662755,0,-0.9317895862683151,0,0.10822183503037307,0,-0.8704430256793044,0,2.0076918889216255,0,0.7209638656189159,0
zipf,False,1.0,18,confuse_6.7,0.8558474603877897,0,-0.6543202020430481,0,0.07279699644986118,0,-0.8257296744641023,0,2.3501369536374197,0,0.6330746109735357,0
zipf,False,1.0,18,confuse_19.19,0.7636791777233469,0,-0.4345729410482545,0,0.08880681048954124,0,-1.321879427916652,0,2.8386399780869356,0,0.5093856913874183,0
zipf,False,1.0,18,oversplit_25,0.9251158637202483,0,-0.849229900717327,0,0.12885104189272148,0,-0.953878367380864,0,2.087102196381265,0,0.6803195715714037,0
zipf,False,1.0,18,undersplit_25,0.9414034302190577,0,-0.9104090995254149,0,0.11972344045890508,0,-0.9426311240431366,0,2.006742743026862,0,0.6815189654049589,0
zipf,False,1.0,19,clean,0.9526682719700943,0,-0.9663174328764607,0,0.12727332171058528,0,-0.88890407497335,0,2.0106046675605826,0,0.6918806902319452,0
zipf,False,1.0,19,confuse_6.7,0.86675677168356,0,-0.6745271228894235,0,0.07975730229654501,0,-0.8606015198736408,0,2.351062062588708,0,0.6028864553519191,0
zipf,False,1.0,19,confuse_19.19,0.7767622712060384,0,-0.45458890481868486,0,0.09182615198380872,0,-1.2466084131969537,0,2.7063250138535278,0,0.4837183319452767,0
zipf,False,1.0,19,oversplit_25,0.9355077116141384,0,-0.8553266347343947,0,0.11967743592752011,0,-0.9150791587741212,0,2.0645657147339938,0,0.6457138086091796,0
zipf,False,1.0,19,undersplit_25,0.9538308571051364,0,-0.9352101754903832,0,0.12334043710591681,0,-0.9143404089758773,0,1.978991643423447,0,0.6464663207662922,0
zipf,False,1.0,20,clean,0.9515851023367808,0,-0.9641414515242694,0,0.1398607653619084,0,-0.9771747497821932,0,1.9207950658720576,0,0.6886638153633374,0
zipf,False,1.0,20,confuse_6.7,0.866951398764547,0,-0.6635802068051049,0,0.08508092708148642,0,-0.983379396740812,0,2.2896007290908167,0,0.6113441081785849,0
zipf,False,1.0,20,confuse_19.19,0.7714514895974793,0,-0.460694968195273,0,0.09529168286729159,0,-1.2721393295355914,0,2.6930077188841492,0,0.49208357957719684,0
zipf,False,1.0,20,oversplit_25,0.93208447436,0,-0.8502963931766669,0,0.13725343876529916,0,-0.9859018977601903,0,2.0965701192568686,0,0.6343191611515326,0
zipf,False,1.0,20,undersplit_25,0.9466650778304992,0,-0.9211375943697955,0,0.13273819923045382,0,-1.0088529090778502,0,1.9906685981821841,0,0.6600200963274423,0
zipf,False,1.0,21,clean,0.9491573334380702,0,-0.9540142459238059,0,0.11642191311571566,0,-0.8803468972370134,0,1.9886146825281585,0,0.6973344137279878,0
zipf,False,1.0,21,confuse_6.7,0.8745173656513767,0,-0.6729461013371956,0,0.0772470278228722,0,-0.8567138540659847,0,2.273489324969141,0,0.6182727447679688,0
zipf,False,1.0,21,confuse_19.19,0.7661894661311243,0,-0.45360128693484375,0,0.09216071902106998,0,-1.2428474881048954,0,2.7837775558824345,0,0.49764288968743664,0
zipf,False,1.0,21,oversplit_25,0.9317836866555687,0,-0.8447724624007319,0,0.12113209518847962,0,-0.9124190500380089,0,2.0831017147685493,0,0.6780335486124682,0
zipf,False,1.0,21,undersplit_25,0.9444800256937802,0,-0.9362556561371487,0,0.11761161795575911,0,-0.8596228665368963,0,2.008096559326587,0,0.6564468743407232,0
zipf,False,1.0,22,clean,0.9428135727034284,0,-0.9582419215724304,0,0.12364408333104987,0,-0.8501851627869592,0,2.025064071458024,0,0.69921014103354,0
zipf,False,1.0,22,confuse_6.7,0.868921913490035,0,-0.6786680861127707,0,0.08378597091203313,0,-0.8554210786823467,0,2.2778978080108754,0,0.6236964018665501,0
zipf,False,1.0,22,confuse_19.19,0.7598015441942285,0,-0.4423058138364418,0,0.09040059529348275,0,-1.295770960545547,0,2.8866197795255024,0,0.5063506905145378,0
zipf,False,1.0,22,oversplit_25,0.9241843661197554,0,-0.836131624832076,0,0.14217835301286927,0,-1.039590141174004,0,2.113773889739625,0,0.670307616468321,0
zipf,False,1.0,22,undersplit_25,0.9411589925650597,0,-0.9321597793771905,0,0.125964127189803,0,-0.8684807951897326,0,2.078116651621051,0,0.6698206503291154,0
zipf,False,1.0,23,clean,0.9454985674323251,0,-0.9407362008818889,0,0.12606528305104628,0,-0.9260951106605517,0,2.037432308580327,0,0.6878079588581458,0
zipf,False,1.0,23,confuse_6.7,0.8617064510640684,0,-0.6635131943026418,0,0.07644927311815056,0,-0.8730049777158287,0,2.30197670384552,0,0.6096775152555797,0
zipf,False,1.0,23,confuse_19.19,0.7638393692554684,0,-0.44688318342889555,0,0.08752084927424944,0,-1.2943330325807603,0,2.808860398368055,0,0.49028480986213874,0
zipf,False,1.0,23,oversplit_25,0.924568332576718,0,-0.8519493642089877,0,0.14399472758641052,0,-0.9392224809646166,0,2.091158607182929,0,0.6385890760665969,0
zipf,False,1.0,23,undersplit_25,0.9441455170823884,0,-0.9170935562847106,0,0.13189288579788133,0,-0.9034280416752227,0,2.022762725745004,0,0.6448197651154326,0
zipf,False,1.0,24,clean,0.9460387628483665,0,-0.9373301133528122,0,0.11125395452592904,0,-0.920913412393026,0,2.0017390728945483,0,0.7177547811236058,0
zipf,False,1.0,24,confuse_6.7,0.8651176917830233,0,-0.6597132917274906,0,0.07663737439249779,0,-0.900161860484832,0,2.378978302639643,0,0.6323332461930559,0
zipf,False,1.0,24,confuse_19.19,0.7668144559689891,0,-0.43699663312424875,0,0.08651434380114331,0,-1.3300676807828216,0,2.8510166836406907,0,0.5035072830243456,0
zipf,False,1.0,24,oversplit_25,0.9267582791697222,0,-0.8284299624638893,0,0.10536310702131957,0,-0.8778763192827537,0,2.1013564258809825,0,0.67544181156671,0
zipf,False,1.0,24,undersplit_25,0.941811117962043,0,-0.9234824244519941,0,0.10711574999926514,0,-0.7948875634701409,0,1.985469958905154,0,0.6765379420250979,0
zipf,False,1.0,25,clean,0.9469798188805378,0,-0.9490829173894574,0,0.108573280214982,0,-0.8743169096271818,0,1.9485894033132651,0,0.6987906924530329,0
zipf,False,1.0,25,confuse_6.7,0.8755826850280155,0,-0.675279573342864,0,0.0757386356086796,0,-0.8658709600098144,0,2.3168306946451214,0,0.6073384207535965,0
zipf,False,1.0,25,confuse_19.19,0.7685317179283803,0,-0.43102724090569167,0,0.08870903621250671,0,-1.368731237742472,0,2.84416482232617,0,0.48425554035283425,0
zipf,False,1.0,25,oversplit_25,0.9276180118444397,0,-0.8215109876001794,0,0.13654783333719878,0,-1.0246161375629375,0,2.1128717406384023,0,0.6508174544461169,0
zipf,False,1.0,25,undersplit_25,0.9446826141851257,0,-0.9502728555624899,0,0.13190648749467643,0,-0.8834167508579298,0,1.9678877522478708,0,0.6497046882451436,0
zipf,False,1.0,26,clean,0.9474109988455094,0,-0.9644939813814903,0,0.12497703395795744,0,-0.9898132139557545,0,1.9834914538091137,0,0.7070273704698163,0
zipf,False,1.0,26,confuse_6.7,0.8586005153772198,0,-0.6602110388861328,0,0.0720794199996413,0,-0.9102705094224506,0,2.332766857307233,0,0.6188603828732901,0
zipf,False,1.0,26,confuse_19.19,0.7700733364066769,0,-0.4498760622366795,0,0.08461238054891705,0,-1.3281696365549502,0,2.808995501894264,0,0.49006717396767463,0
zipf,False,1.0,26,oversplit_25,0.9225116935477721,0,-0.8038539859504122,0,0.11588176846070967,0,-1.1199181686123894,0,2.1636311141676723,0,0.6798322644192769,0
zipf,False,1.0,26,undersplit_25,0.944885263008526,0,-0.9425118484287056,0,0.12592963029783233,0,-0.9567841443653233,0,1.9812840708544968,0,0.6503930497672312,0
zipf,False,1.0,27,clean,0.9491642410547673,0,-0.9753482870657447,0,0.1218370224349288,0,-0.8571840240537248,0,2.0282732152485288,0,0.7110271075494179,0
zipf,False,1.0,27,confuse_6.7,0.866820083271831,0,-0.6842011335714648,0,0.08078942884615213,0,-0.8860733713116382,0,2.256779825503829,0,0.6211364846132865,0
zipf,False,1.0,27,confuse_19.19,0.7786205925110135,0,-0.4720097767936603,0,0.09144105855186097,0,-1.1922822121718677,0,2.615085381762658,0,0.5002703058881659,0
zipf,False,1.0,27,oversplit_25,0.9283584225530754,0,-0.849738868569965,0,0.13414661489799662,0,-0.936639137614706,0,2.089044369521334,0,0.6448397560037484,0
zipf,False,1.0,27,undersplit_25,0.9421131068167494,0,-0.9517008429498988,0,0.1280412483848351,0,-0.8941410228919523,0,2.0204875239922107,0,0.6660434824327134,0
zipf,False,1.0,28,clean,0.9475041624402623,0,-0.9546897382045328,0,0.12368162458701859,0,-0.825413613283857,0,2.016740735636054,0,0.707917826511038,0
zipf,False,1.0,28,confuse_6.7,0.8735388013323184,0,-0.6702882767420328,0,0.08637930568083699,0,-0.9182345005363982,0,2.28678330377769,0,0.6178330752566938,0
zipf,False,1.0,28,confuse_19.19,0.78528924857381,0,-0.4532389875049062,0,0.09785666510720314,0,-1.3179100023186572,0,2.696975904129872,0,0.48555533193000505,0
zipf,False,1.0,28,oversplit_25,0.9205845916088895,0,-0.8020713624653886,0,0.11553916210116616,0,-0.9398444739322056,0,2.1402018292636305,0,0.6850149025658745,0
zipf,False,1.0,28,undersplit_25,0.9456464793036747,0,-0.9229038045336068,0,0.1261957331663358,0,-0.865976092549665,0,1.9729360028847447,0,0.6614091779700177,0
zipf,False,1.0,29,clean,0.9459890323830737,0,-0.9386917345840916,0,0.12195086102429575,0,-0.9407996006413987,0,2.0618874666603197,0,0.6943117729689198,0
zipf,False,1.0,29,confuse_6.7,0.862966141589367,0,-0.6583185613912965,0,0.07929284731846045,0,-0.9412179063122754,0,2.3649413736746494,0,0.604657502356875,0
zipf,False,1.0,29,confuse_19.19,0.7636733471746087,0,-0.4381729425205255,0,0.08750255976284807,0,-1.3315430905422296,0,2.7748414644479134,0,0.4754452380195202,0
zipf,False,1.0,29,oversplit_25,0.9258456915606861,0,-0.8424176640351319,0,0.13342300441037713,0,-1.0455540636508345,0,2.2097129690887387,0,0.6258918257978223,0
zipf,False,1.0,29,undersplit_25,0.9457748434027069,0,-0.9053857194571089,0,0.12576525758013524,0,-1.0500033046457142,0,1.987099702627042,0,0.6575142792055513,0
zipf,False,5.0,0,clean,0.9290769468528494,0,-1.0506253480110934,0,0.10429215441223252,0,-5.5323628194683705,0,1.8629621519325565,0,0.35500019102935226,0
zipf,False,5.0,0,confuse_6.7,0.847477212859459,0,-0.6370594134909928,0,0.050995239441632784,0,-2.416198650802826,0,2.3943582758217232,0,0.33139675360510024,0
zipf,False,5.0,0,confuse_19.19,0.7309657433742294,0,-0.3984609013003053,0,0.061446175213066015,0,-1.8818550468231923,0,2.9285599538678353,0,0.3172762945039461,0
zipf,False,5.0,0,oversplit_25,0.9327124043235762,0,-0.9263659937934758,0,0.07390934370326216,0,-3.06352331857264,0,2.0018843278405907,0,0.351356848776758,0
zipf,False,5.0,0,undersplit_25,0.9320587291185436,0,-1.1224511025487922,0,0.09060836005109911,0,-4.419573735813822,0,1.7732606187458757,0,0.3876777167718267,0
zipf,False,5.0,1,clean,0.9303848893994147,0,-1.0826640391456452,0,0.0808433060379374,0,-4.460828317905161,0,1.9609598862635365,0,0.36293771744966713,0
zipf,False,5.0,1,confuse_6.7,0.8438066353057034,0,-0.6582154453574857,0,0.043093683959210184,0,-1.8880894931162842,0,2.342837808417465,0,0.3227159434217038,0
zipf,False,5.0,1,confuse_19.19,0.7568750909682156,0,-0.4098149531865615,0,0.06515710386943226,0,-1.9871371538492424,0,2.9111653075713857,0,0.2847961854083158,0
zipf,False,5.0,1,oversplit_25,0.9358760227854321,0,-1.004009950892325,0,0.06112552060852343,0,-2.5310966531818724,0,1.9115262517052503,0,0.3701338229223121,0
zipf,False,5.0,1,undersplit_25,0.929216416997839,0,-1.0964917078697283,0,0.0760130532954014,0,-4.312562008585722,0,1.9137824817701368,0,0.34401816127934837,0
zipf,False,5.0,2,clean,0.9367939835716192,0,-1.0877146492851295,0,0.09513812359803037,0,-5.223024230227958,0,1.818805067066932,0,0.40153166794223066,0
zipf,False,5.0,2,confuse_6.7,0.851192503452296,0,-0.6843218339422452,0,0.05438781500270123,0,-2.2946369888507037,0,2.368229080911835,0,0.36414746385073005,0
zipf,False,5.0,2,confuse_19.19,0.7504245142208129,0,-0.4290317008470431,0,0.06385000559639976,0,-1.7934947666053975,0,2.820607852396273,0,0.33227354407119336,0
zipf,False,5.0,2,oversplit_25,0.9289262974531385,0,-0.908918867681739,0,0.07003921372469785,0,-3.9403924578007694,0,2.0491068514348973,0,0.37747956746713174,0
zipf,False,5.0,2,undersplit_25,0.9351867580140547,0,-1.1173898379955376,0,0.09821597958390697,0,-5.158255397221157,0,1.8073893386132986,0,0.40187216557651406,0
zipf,False,5.0,3,clean,0.9406833631431895,0,-1.1164217582535068,0,0.09064371127694101,0,-4.942219134068372,0,1.8389524984352947,0,0.4004718552585022,0
zipf,False,5.0,3,confuse_6.7,0.8469488165984526,0,-0.6911632215988146,0,0.04645389729810343,0,-1.9929686335675068,0,2.3116010080695615,0,0.36583971653553204,0
zipf,False,5.0,3,confuse_19.19,0.7622151557492677,0,-0.4395620326797384,0,0.05958389901437007,0,-1.6131640640513494,0,2.868379880918302,0,0.32890401615833115,0
zipf,False,5.0,3,oversplit_25,0.9347287202172578,0,-0.9398970854664362,0,0.06459811641484668,0,-2.630044004430757,0,2.0542210418505107,0,0.4252208105999321,0
zipf,False,5.0,3,undersplit_25,0.9354970773990672,0,-1.1547692997968555,0,0.08406599012335933,0,-4.025124104039037,0,1.9146046069393958,0,0.3691896269667864,0
zipf,False,5.0,4,clean,0.9417207146674311,0,-1.0522527800077683,0,0.08241895003413899,0,-5.046716650142373,0,1.8669844057831695,0,0.365569952376421,0
zipf,False,5.0,4,confuse_6.7,0.8364383447876815,0,-0.635495850730637,0,0.048392877138228256,0,-2.4890092390557395,0,2.429856855892971,0,0.3360462576932048,0
zipf,False,5.0,4,confuse_19.19,0.7353853600141882,0,-0.3944299751916344,0,0.061000307459311544,0,-1.9038188229143196,0,3.007424870594592,0,0.31227300952743464,0
zipf,False,5.0,4,oversplit_25,0.9328856019460217,0,-0.8914880437060546,0,0.06694663123295637,0,-3.2838578091837602,0,2.0560318442037087,0,0.34968654675025235,0
zipf,False,5.0,4,undersplit_25,0.9319370939784314,0,-1.0723533469908717,0,0.08830071644240253,0,-4.889697057103196,0,1.8056149671677248,0,0.3481716114038217,0
zipf,False,5.0,5,clean,0.9298345022498651,0,-1.1083172788927191,0,0.08957155071803763,0,-4.9134876048162734,0,1.8522500966185427,0,0.3285494801634128,0
zipf,False,5.0,5,confuse_6.7,0.8416423711286785,0,-0.6744736123227579,0,0.047931380016875046,0,-2.2345156813637095,0,2.4603103387555443,0,0.3175140841986162,0
zipf,False,5.0,5,confuse_19.19,0.7638390519889451,0,-0.44031663698139356,0,0.06706700097051355,0,-1.6949823483499498,0,2.919678120910458,0,0.2974400345135412,0
zipf,False,5.0,5,oversplit_25,0.9312846944288566,0,-0.9906447113138501,0,0.06540564427348472,0,-3.4796755004796767,0,1.9224584156606852,0,0.3211735802008422,0
zipf,False,5.0,5,undersplit_25,0.9310120474631935,0,-1.1257656122246311,0,0.09044172872585496,0,-4.9577996447838375,0,1.7762586427632294,0,0.3011808660799714,0
zipf,False,5.0,6,clean,0.9191241508111878,0,-1.043522527620898,0,0.10150620841684439,0,-5.206254839348166,0,2.191520842906068,0,0.36739484768048875,0
zipf,False,5.0,6,confuse_6.7,0.82127876134878,0,-0.6372035512858754,0,0.04992643272621333,0,-2.2128302274336233,0,2.506764758790975,0,0.33624532146933317,0
zipf,False,5.0,6,confuse_19.19,0.741843257502752,0,-0.39987147803356893,0,0.06954309314043866,0,-2.0616272692869195,0,2.9938282645758307,0,0.30167959058623395,0
zipf,False,5.0,6,oversplit_25,0.9344745713593514,0,-0.926758965550458,0,0.07879174758320484,0,-3.6696223966702703,0,2.226705654744177,0,0.3565793488707115,0
zipf,False,5.0,6,undersplit_25,0.9272302111207393,0,-1.1027836009313305,0,0.08920329067622289,0,-4.231638294439629,0,1.9226512593472782,0,0.3552039802434883,0
zipf,False,5.0,7,clean,0.9319426859258269,0,-1.0794007692034953,0,0.08643553752343203,0,-4.992605662538324,0,1.9249162972170892,0,0.38700290265863635,0
zipf,False,5.0,7,confuse_6.7,0.8321191617979773,0,-0.6359819493688067,0,0.05026275245435938,0,-2.344050553018224,0,2.418460380832676,0,0.37328665558029805,0
zipf,False,5.0,7,confuse_19.19,0.7701251076810265,0,-0.42405232828977724,0,0.06674802649168249,0,-1.8907254010630028,0,2.793932505159879,0,0.34647314311416194,0
zipf,False,5.0,7,oversplit_25,0.9307392930457841,0,-0.9747276216295858,0,0.06372995365564213,0,-3.0964301889376005,0,2.0016812607111443,0,0.38988010629645764,0
zipf,False,5.0,7,undersplit_25,0.9316351750876346,0,-1.1202452065609978,0,0.07934641091261033,0,-3.7799744214121427,0,2.040779272560674,0,0.40751149601936054,0
zipf,False,5.0,8,clean,0.9430683729531215,0,-1.0775738529071466,0,0.08385205876337855,0,-5.046988793754956,0,1.808455412118788,0,0.3664484507189687,0
zipf,False,5.0,8,confuse_6.7,0.835454451126576,0,-0.6339127522326458,0,0.05726698765322842,0,-2.521445043533828,0,2.4302441671420087,0,0.3359450237698958,0
zipf,False,5.0,8,confuse_19.19,0.7447016253247369,0,-0.40435267806175185,0,0.06503421543675016,0,-1.9840798170887393,0,2.994466261994699,0,0.3138604007991908,0
zipf,False,5.0,8,oversplit_25,0.9379648762923358,0,-0.9284381256387425,0,0.05967707727355206,0,-3.581801223034095,0,1.9327153926348724,0,0.37194850461416495,0
zipf,False,5.0,8,undersplit_25,0.9419625164514105,0,-1.088599489832849,0,0.0845753030666578,0,-4.574028066578119,0,1.834318515296065,0,0.3771856592332976,0
zipf,False,5.0,9,clean,0.9343994437676568,0,-1.0227488457896017,0,0.09080031014192375,0,-6.463780508083989,0,1.8118330898503956,0,0.38345045067693007,0
zipf,False,5.0,9,confuse_6.7,0.8455017480309615,0,-0.6230885958457093,0,0.04901526548736967,0,-2.410853474472476,0,2.423176369681438,0,0.3560376593075043,0
zipf,False,5.0,9,confuse_19.19,0.7560440721304043,0,-0.3896078520600284,0,0.06143170548803584,0,-2.124432123380356,0,2.9792534630234475,0,0.31602317878760927,0
zipf,False,5.0,9,oversplit_25,0.9375618255448709,0,-0.8969539343907798,0,0.059555557656590194,0,-3.8763400940381603,0,2.4586107138147124,0,0.3924098310308861,0
zipf,False,5.0,9,undersplit_25,0.9331563307449791,0,-1.0455787191219794,0,0.08474741017524423,0,-6.364662053162097,0,1.9596456727752378,0,0.3566541667322163,0
zipf,False,5.0,10,clean,0.9279880251058459,0,-1.0517545578213097,0,0.09790762500723102,0,-5.360324240439959,0,1.8260425715362736,0,0.37028811523514116,0
zipf,False,5.0,10,confuse_6.7,0.8458614942670332,0,-0.6451415521924795,0,0.047968284647969484,0,-2.1718441302371936,0,2.3878068607640097,0,0.34895383412354747,0
zipf,False,5.0,10,confuse_19.19,0.7263337114927969,0,-0.38973060244854074,0,0.05885392525043212,0,-1.8602531901586734,0,2.9827938214115393,0,0.3122433855343915,0
zipf,False,5.0,10,oversplit_25,0.932440581745015,0,-0.9057907397748194,0,0.06938930275254798,0,-3.284242567979243,0,2.1543454715365837,0,0.39017827224382795,0
zipf,False,5.0,10,undersplit_25,0.9358856205009818,0,-1.084982981692394,0,0.08978337211785434,0,-4.463068236769129,0,1.7874955734587874,0,0.3873326741435801,0
zipf,False,5.0,11,clean,0.9346800613484627,0,-1.0830613372997082,0,0.08996155361796702,0,-5.592815307892648,0,1.8181271685055682,0,0.37540757096620325,0
zipf,False,5.0,11,confuse_6.7,0.8375127609094954,0,-0.6506003331177533,0,0.05252611418352426,0,-2.221004211264137,0,2.364622604586793,0,0.3444932247984257,0
zipf,False,5.0,11,confuse_19.19,0.7455842405637629,0,-0.4198631133160443,0,0.06053343102085954,0,-1.7395149945396406,0,2.9403221470341734,0,0.3130783164170239,0
zipf,False,5.0,11,oversplit_25,0.949972229304401,0,-1.0343216604564678,0,0.05940399329549802,0,-2.5878283834491773,0,1.9659288084949853,0,0.391453788285931,0
zipf,False,5.0,11,undersplit_25,0.9370455774194507,0,-1.1086204743784105,0,0.08430457442982497,0,-5.239803238331645,0,1.7996795771435763,0,0.37466663556373103,0
zipf,False,5.0,12,clean,0.9216187770958784,0,-1.0358085187051003,0,0.07448456648122553,0,-5.227548590624455,0,1.8631751631161486,0,0.34659131596126014,0
zipf,False,5.0,12,confuse_6.7,0.8268549782384389,0,-0.6291184097397867,0,0.04917885274839799,0,-2.376501356646415,0,2.397454473377572,0,0.33788075404248685,0
zipf,False,5.0,12,confuse_19.19,0.7372791490376132,0,-0.39505032854052247,0,0.06401953301372294,0,-2.0570276985346907,0,3.000787492687966,0,0.29882327306069256,0
zipf,False,5.0,12,oversplit_25,0.9081956160307889,0,-0.9159647098076302,0,0.06466911030784418,0,-3.1737216605670033,0,2.1130700630321684,0,0.3686181703683552,0
zipf,False,5.0,12,undersplit_25,0.9351892376668265,0,-1.1298581559416498,0,0.0668395640694967,0,-4.218101294988486,0,1.8143737011011316,0,0.3594394058849642,0
zipf,False,5.0,13,clean,0.9399003243748888,0,-1.0840826093141762,0,0.09266187302256038,0,-4.63633620498338,0,1.9645053474114513,0,0.38357502654246034,0
zipf,False,5.0,13,confuse_6.7,0.8491944410602046,0,-0.6913869179357365,0,0.04586469575052982,0,-1.8304552228450393,0,2.282796448562496,0,0.3473489434756624,0
zipf,False,5.0,13,confuse_19.19,0.7699542044735512,0,-0.4252372171473443,0,0.06562770252959531,0,-1.7657745975190924,0,2.8135292266955716,0,0.33582903208959347,0
zipf,False,5.0,13,oversplit_25,0.9346347817199252,0,-0.9009212004791204,0,0.09965802269042942,0,-3.6915738399651676,0,1.9983907095041775,0,0.3737997569061017,0
zipf,False,5.0,13,undersplit_25,0.9325630370830591,0,-1.1327994982873566,0,0.09043441003618509,0,-4.31243371722319,0,1.9797170074520243,0,0.38717220252653217,0
zipf,False,5.0,14,clean,0.928985056604967,0,-1.1283985293153476,0,0.09243359043250522,0,-4.683310190253154,0,1.8213357558608374,0,0.35507412351262624,0
zipf,False,5.0,14,confuse_6.7,0.8245543574612615,0,-0.6640166605849918,0,0.04488575793109497,0,-2.0170834237580326,0,2.4062592696362177,0,0.33867047258234895,0
zipf,False,5.0,14,confuse_19.19,0.7662562163860482,0,-0.4271851255183723,0,0.06035020150109574,0,-1.7116830292207241,0,2.951515936614345,0,0.2990783976758127,0
zipf,False,5.0,14,oversplit_25,0.9371526139247861,0,-0.9721145214988378,0,0.06689277129897062,0,-3.0094920297270282,0,1.9284177392639181,0,0.35106950949202076,0
zipf,False,5.0,14,undersplit_25,0.9189807880236235,0,-1.1663328436310536,0,0.08896627665247883,0,-4.179906269338043,0,1.7563264697539922,0,0.35771501855526167,0
zipf,False,5.0,15,clean,0.9276277262420809,0,-1.048943280585977,0,0.08841300262924741,0,-5.854703877241136,0,1.9638093600867026,0,0.34678231648999935,0
zipf,False,5.0,15,confuse_6.7,0.841965364191652,0,-0.6414981744960496,0,0.05235778510867804,0,-2.452992934697627,0,2.4649034506773964,0,0.3426449827638882,0
zipf,False,5.0,15,confuse_19.19,0.724558966555756,0,-0.40253695806740375,0,0.06487377817910271,0,-1.856298890315621,0,3.1064685038088924,0,0.3234575784805531,0
zipf,False,5.0,15,oversplit_25,0.9328923109275636,0,-0.9069367164504348,0,0.07858370046197374,0,-4.138570617865971,0,1.9604782183556049,0,0.35834309875820314,0
zipf,False,5.0,15,undersplit_25,0.9292163843899062,0,-1.1141204440971764,0,0.08851853136122609,0,-4.7118152112580685,0,1.9123017787426067,0,0.32896133504411335,0
zipf,False,5.0,16,clean,0.9350459959670401,0,-1.090458779029222,0,0.07752285869358148,0,-4.094953389968049,0,1.7859707446151785,0,0.39579121501368164,0
zipf,False,5.0,16,confuse_6.7,0.8552642037709166,0,-0.6848055332505594,0,0.04463349761539159,0,-1.8467053495758519,0,2.274794948854961,0,0.36531478580051036,0
zipf,False,5.0,16,confuse_19.19,0.7492607624440306,0,-0.42235381342995143,0,0.06458927578629109,0,-1.7055997274312387,0,2.92343334143837,0,0.3266262962033706,0
zipf,False,5.0,16,oversplit_25,0.9380591276517852,0,-0.9718147197581244,0,0.06522894661146356,0,-2.3869855296141673,0,1.9432434728963905,0,0.4033208689895341,0
zipf,False,5.0,16,undersplit_25,0.9302917625543293,0,-1.1025093370397194,0,0.08155489579519194,0,-3.8160447979095418,0,1.7963356153265728,0,0.3990044654644978,0
zipf,False,5.0,17,clean,0.9347343572021592,0,-1.0179274252698658,0,0.0846340818899482,0,-5.040569352977063,0,2.1064530202288156,0,0.3808022156892669,0
zipf,False,5.0,17,confuse_6.7,0.8304620197289088,0,-0.6189211010084615,0,0.054012042192052245,0,-2.378550331009164,0,2.308481364147577,0,0.36544192931821845,0
zipf,False,5.0,17,confuse_19.19,0.7445122180589526,0,-0.40661315116745883,0,0.0623065759531173,0,-1.9355180596112573,0,3.032021193969668,0,0.3173258257838638,0
zipf,False,5.0,17,oversplit_25,0.9328222912124966,0,-0.9424825816025716,0,0.06334918883725123,0,-3.2588975012006,0,2.065151183585557,0,0.4063886199875159,0
zipf,False,5.0,17,undersplit_25,0.9288620795800004,0,-1.0906360690913934,0,0.07381655878780279,0,-4.090151861170692,0,1.9146222324289819,0,0.35034967826198776,0
zipf,False,5.0,18,clean,0.9315702858089752,0,-1.0484933943959949,0,0.09297536406994387,0,-5.578589725241595,0,1.8272395899729321,0,0.36238307504831185,0
zipf,False,5.0,18,confuse_6.7,0.8336353524813216,0,-0.637899492225481,0,0.05118205018697524,0,-2.41752332091355,0,2.440562862573282,0,0.34305151055090777,0
zipf,False,5.0,18,confuse_19.19,0.7405763138860328,0,-0.403233763403247,0,0.06315256378806453,0,-2.042698870234453,0,3.001173617730603,0,0.3212042140655455,0
zipf,False,5.0,18,oversplit_25,0.9357940850831675,0,-0.9516381288271558,0,0.07258982893945973,0,-2.9543718239836987,0,2.070746523157491,0,0.38197661945242206,0
zipf,False,5.0,18,undersplit_25,0.925524415005671,0,-1.068593585993179,0,0.07540375930339925,0,-4.740792817621354,0,1.8755454527567448,0,0.3568552390994608,0
zipf,False,5.0,19,clean,0.9361431989970396,0,-1.0887420539939554,0,0.09272502676556398,0,-4.747126528953688,0,1.7898176257910545,0,0.3468743703779242,0
zipf,False,5.0,19,confuse_6.7,0.8454373435125228,0,-0.6802133533124168,0,0.049533379724561774,0,-2.0736020352828626,0,2.3207046851581756,0,0.33317988286297884,0
zipf,False,5.0,19,confuse_19.19,0.7577164762316575,0,-0.4240468700097033,0,0.06072479422171859,0,-1.7419137352041236,0,2.8212749050945796,0,0.3124056567503259,0
zipf,False,5.0,19,oversplit_25,0.9346064550137055,0,-0.9495000555717277,0,0.08006018811516889,0,-3.3515128504577554,0,1.9962931490137654,0,0.32575325331808935,0
zipf,False,5.0,19,undersplit_25,0.9337705007082044,0,-1.1012715643634508,0,0.08971293030530633,0,-4.5342974112833385,0,2.0360116444032936,0,0.3557851675610044,0
zipf,False,5.0,20,clean,0.9263788870306384,0,-1.0425895446123647,0,0.08165874544788201,0,-4.909164047342204,0,1.9922904079402115,0,0.35096191471697097,0
zipf,False,5.0,20,confuse_6.7,0.8563701306568485,0,-0.6504807487923934,0,0.04828242669779209,0,-2.3220141091772035,0,2.381320926057236,0,0.32928479579304837,0
zipf,False,5.0,20,confuse_19.19,0.7701701494921014,0,-0.41635178538491924,0,0.06406402491485153,0,-1.7932248722072464,0,2.8939670966372617,0,0.2985996724199302,0
zipf,False,5.0,20,oversplit_25,0.9392894737055607,0,-0.9400702025868626,0,0.06786710509566024,0,-3.113522590033729,0,2.0035281652889525,0,0.3841930837791,0
zipf,False,5.0,20,undersplit_25,0.9344546073135076,0,-1.0762650352207548,0,0.07927983064754038,0,-4.677501508727541,0,1.7906738160408073,0,0.3507308193406531,0
zipf,False,5.0,21,clean,0.9356461646374696,0,-1.094216517462916,0,0.10777555817210907,0,-5.178876680089989,0,1.8888580378945776,0,0.38367627904787005,0
zipf,False,5.0,21,confuse_6.7,0.8455640035280053,0,-0.6704802734098131,0,0.04730826943353711,0,-2.0203237124639033,0,2.327103685896131,0,0.3768600892455437,0
zipf,False,5.0,21,confuse_19.19,0.7667075098782461,0,-0.42573949662970323,0,0.06704954118191812,0,-1.859263265892129,0,2.8053135232922966,0,0.3163657588340983,0
zipf,False,5.0,21,oversplit_25,0.9320461379710008,0,-0.9242715691928962,0,0.09077227722148538,0,-3.699581381376729,0,2.1834342360475394,0,0.3831129605821011,0
zipf,False,5.0,21,undersplit_25,0.9377071005164479,0,-1.1451957518747766,0,0.09527348061126265,0,-4.098204290849291,0,1.7714537976700515,0,0.3679578546930283,0
zipf,False,5.0,22,clean,0.9417411051249918,0,-1.0847168411382764,0,0.10104154184843872,0,-5.315513196056649,0,1.9095210254941515,0,0.42231627464077215,0
zipf,False,5.0,22,confuse_6.7,0.8416397330662806,0,-0.6692310645183905,0,0.04817563826156633,0,-2.2966911476767398,0,2.2821781494103273,0,0.3946682904952561,0
zipf,False,5.0,22,confuse_19.19,0.7791258108209603,0,-0.44623732063821886,0,0.06718750473300433,0,-1.7556226463378408,0,2.6988341006055725,0,0.34381231006710056,0
zipf,False,5.0,22,oversplit_25,0.9385155029479717,0,-0.9600322003015654,0,0.07174375549659315,0,-3.019045594508539,0,1.9315284076113877,0,0.4279513448603185,0
zipf,False,5.0,22,undersplit_25,0.9399771010171252,0,-1.0864796625763466,0,0.10077429000528051,0,-4.910013063061797,0,1.8048608561967705,0,0.36426170137618624,0
zipf,False,5.0,23,clean,0.9292658349725469,0,-1.049279056383127,0,0.09707438652056048,0,-5.515639761201095,0,1.8424753058904182,0,0.3724057188726332,0
zipf,False,5.0,23,confuse_6.7,0.8287405867507736,0,-0.6540923180823559,0,0.053153494150929154,0,-2.201310126297751,0,2.448424064562425,0,0.3737328037865434,0
zipf,False,5.0,23,confuse_19.19,0.7597835406117889,0,-0.4165429545233804,0,0.05940900376086542,0,-1.704064427286895,0,2.98495141665142,0,0.3277980054406404,0
zipf,False,5.0,23,oversplit_25,0.9296398674003206,0,-0.9501920281845324,0,0.07083820153347403,0,-3.1522474742889637,0,2.80327353469562,0,0.4199729145386578,0
zipf,False,5.0,23,undersplit_25,0.9277928225383618,0,-1.0521116075160806,0,0.09160139737139675,0,-4.868299730505424,0,1.9164924633645128,0,0.3487907414870404,0
zipf,False,5.0,24,clean,0.9328828166030445,0,-1.0677497813325287,0,0.0874960269728848,0,-5.087988514654578,0,1.821014919280929,0,0.3711231983276358,0
zipf,False,5.0,24,confuse_6.7,0.8404627215996421,0,-0.6422086196090753,0,0.05161783571933046,0,-2.4197118933235076,0,2.2923630408003928,0,0.3538554031212921,0
zipf,False,5.0,24,confuse_19.19,0.7604931332645846,0,-0.4276684908855828,0,0.06694603509928479,0,-1.8016346345985383,0,2.845901126052275,0,0.3314575655388491,0
zipf,False,5.0,24,oversplit_25,0.9384920303839781,0,-0.9524759100797797,0,0.06494133696538977,0,-2.8719384546472035,0,1.9073886435147218,0,0.36382063887128224,0
zipf,False,5.0,24,undersplit_25,0.9332117624574525,0,-1.1544922264546784,0,0.08133284919158341,0,-3.21073960485544,0,1.765835056815487,0,0.37755623672067284,0
zipf,False,5.0,25,clean,0.9237089842667832,0,-1.1006397853656211,0,0.0831721097587434,0,-5.8410329516773825,0,1.7730873544491725,0,0.3537736170631268,0
zipf,False,5.0,25,confuse_6.7,0.8380022771397078,0,-0.6565865918268853,0,0.047498029797917576,0,-2.3316723304371907,0,2.4494894648199668,0,0.33323435298604426,0
zipf,False,5.0,25,confuse_19.19,0.751249700229708,0,-0.41252252696602576,0,0.06285950399052209,0,-1.7618676807038465,0,3.003518636136514,0,0.28822180949214365,0
zipf,False,5.0,25,oversplit_25,0.926419113568151,0,-0.9745401519024558,0,0.05991431622205581,0,-3.9856119092826425,0,2.06356269701623,0,0.35024929130101407,0
zipf,False,5.0,25,undersplit_25,0.9249801405340928,0,-1.1564090570959717,0,0.08322327294264088,0,-5.3815582213018365,0,1.8373941033714298,0,0.36264298678330287,0
zipf,False,5.0,26,clean,0.9286322805807161,0,-1.0625226327128647,0,0.09084329943645478,0,-5.137818471697681,0,1.9711082144981444,0,0.38573093878971626,0
zipf,False,5.0,26,confuse_6.7,0.8508034546163672,0,-0.6517272750887986,0,0.049448989719553076,0,-2.195699580957856,0,2.395172168718621,0,0.36002748567567877,0
zipf,False,5.0,26,confuse_19.19,0.7348690052220606,0,-0.39982490327862474,0,0.05747060278559044,0,-1.8147445086332004,0,2.9820116431019565,0,0.3204278051478907,0
zipf,False,5.0,26,oversplit_25,0.9368506237876814,0,-0.947198162912464,0,0.07097786924100766,0,-3.3893287192619788,0,1.9869297619528012,0,0.41728514417795504,0
zipf,False,5.0,26,undersplit_25,0.9317438390147452,0,-1.106819792008165,0,0.07320564863165516,0,-3.644988798002103,0,1.9192099268475706,0,0.35903100520724185,0
zipf,False,5.0,27,clean,0.9261831567275192,0,-1.0944987766496657,0,0.09402027719038074,0,-4.553586042385268,0,2.1357635311204772,0,0.35724171696391616,0
zipf,False,5.0,27,confuse_6.7,0.838478983500229,0,-0.6746867896786737,0,0.04793076548451927,0,-2.0834897032093274,0,2.4468057956876432,0,0.3422932548788477,0
zipf,False,5.0,27,confuse_19.19,0.7618203720320731,0,-0.4207296299913508,0,0.06110510194414861,0,-1.7756926188882056,0,2.848404728739506,0,0.3137118147696036,0
zipf,False,5.0,27,oversplit_25,0.9291484152878742,0,-0.9765813900997193,0,0.06040236312089266,0,-2.7279956605050417,0,2.528575146916499,0,0.3652467908971831,0
zipf,False,5.0,27,undersplit_25,0.9316452853856108,0,-1.1411639476402557,0,0.0953073063996352,0,-4.390401409342465,0,1.8387318662417727,0,0.3367250074147702,0
zipf,False,5.0,28,clean,0.9252528526338238,0,-1.0592269852064058,0,0.10152968380097199,0,-4.7005800519003245,0,1.7888738925751984,0,0.3593143294879251,0
zipf,False,5.0,28,confuse_6.7,0.8388434065855674,0,-0.6351374023355738,0,0.048518002296241314,0,-2.0723949466527984,0,2.4144017072554878,0,0.3442110180754562,0
zipf,False,5.0,28,confuse_19.19,0.7548386926590427,0,-0.39828237697877655,0,0.06169786801594511,0,-1.785225045313716,0,2.878632598626969,0,0.31503307371182954,0
zipf,False,5.0,28,oversplit_25,0.9299112673306951,0,-0.9261283664154616,0,0.07735076633297647,0,-3.889725899269223,0,1.9840026247948819,0,0.3675928787129924,0
zipf,False,5.0,28,undersplit_25,0.9255976788051334,0,-1.085023305258752,0,0.10069762491430456,0,-4.491216797004194,0,1.8625346973176775,0,0.34926178210972686,0
zipf,False,5.0,29,clean,0.9304150944885636,0,-1.0934199142187317,0,0.08583194057884791,0,-4.154298933336094,0,1.9018312095122232,0,0.38169403216187225,0
zipf,False,5.0,29,confuse_6.7,0.8618483781969428,0,-0.6947276803216834,0,0.049211323102931456,0,-1.9051162282233722,0,2.36734286523442,0,0.3602863081250999,0
zipf,False,5.0,29,confuse_19.19,0.757155283788057,0,-0.42133152051860934,0,0.059705441958151834,0,-1.6982585501509464,0,2.855009743902478,0,0.32289138212599255,0
zipf,False,5.0,29,oversplit_25,0.9340023745252511,0,-0.9782963196530703,0,0.06370908440803179,0,-2.6980872224274055,0,1.8841628374728199,0,0.39291227504832676,0
zipf,False,5.0,29,undersplit_25,0.9301094745613117,0,-1.0946701178785645,0,0.08338128477441074,0,-3.923576791979562,0,2.086261068564422,0,0.38943492563587706,0
uniform,True,1.0,0,clean,0.8426539477823524,0,-0.7945360400397654,0,0.2406791649349182,0,-1.917113917705595,0,4.8737636171481125,0,0.7011365258308119,0
uniform,True,1.0,0,confuse_6.7,0.7978723240970966,0,-0.5459168044192076,0,0.08733601134524495,0,-1.4882616849324033,0,3.9505291372926807,0,0.6134389280133643,0
uniform,True,1.0,0,confuse_19.19,0.7030345088391841,0,-0.313342761604442,0,0.07798278493738506,0,-2.3140405953256753,0,3.3480255648725983,0,0.4631660326613927,0
uniform,True,1.0,0,oversplit_25,0.865575613847872,0,-0.6688761038259436,0,0.18151097721223547,0,-1.727626722933267,0,2.948662241341152,0,0.6330497803865114,0
uniform,True,1.0,0,undersplit_25,0.851716523305335,0,-0.7383647262614179,0,0.2008069726939244,0,-1.8332288162354444,0,3.4945588586223635,0,0.6098759423346782,0
uniform,True,1.0,1,clean,0.8329135118004385,0,-0.7690412495449748,0,0.22793611003834086,0,-2.0080569645547186,0,4.758212659883117,0,0.7031589915720546,0
uniform,True,1.0,1,confuse_6.7,0.7914646323133654,0,-0.5337687400564229,0,0.08932120437487615,0,-1.5905041515375458,0,4.747033083381626,0,0.6114472765325291,0
uniform,True,1.0,1,confuse_19.19,0.7061461081875988,0,-0.3246699504898126,0,0.0803535446128762,0,-2.0609530591218963,0,3.9040152052100776,0,0.4720565157802301,0
uniform,True,1.0,1,oversplit_25,0.835754362007632,0,-0.6437945082925517,0,0.19162603374047021,0,-1.86391722175161,0,3.0916572641772397,0,0.6173222765876025,0
uniform,True,1.0,1,undersplit_25,0.8543096818829613,0,-0.7180490932581416,0,0.20042162093614485,0,-1.8990743896270674,0,3.9982300501913017,0,0.6090276542605193,0
uniform,True,1.0,2,clean,0.837054119777333,0,-0.7965525587865535,0,0.21674847708158312,0,-1.6991385848070002,0,4.46260900816211,0,0.6987887153096286,0
uniform,True,1.0,2,confuse_6.7,0.8028289878656736,0,-0.5438117216754923,0,0.09140499745960945,0,-1.398446997893377,0,4.497051722070763,0,0.6170379336604135,0
uniform,True,1.0,2,confuse_19.19,0.7309934376953591,0,-0.34409288887032025,0,0.08926271080693668,0,-2.061120264207056,0,3.183343242720687,0,0.47334902793857786,0
uniform,True,1.0,2,oversplit_25,0.8683117213867532,0,-0.6690832149722985,0,0.19130807883787207,0,-1.6831993290164733,0,2.4902646000853195,0,0.6463777243175328,0
uniform,True,1.0,2,undersplit_25,0.8462971854719394,0,-0.7278219909625688,0,0.196666768203363,0,-1.8164467827090482,0,3.2885648181565967,0,0.599963229043436,0
uniform,True,1.0,3,clean,0.8130383342078634,0,-0.7565980192531567,0,0.24110445545518583,0,-1.8932288567733377,0,5.0260240362214255,0,0.6952423235131169,0
uniform,True,1.0,3,confuse_6.7,0.7818239845542923,0,-0.5345363996184789,0,0.09131512877732634,0,-1.5319664108103144,0,4.036894480106927,0,0.6077630113985648,0
uniform,True,1.0,3,confuse_19.19,0.6706662076022549,0,-0.3093123074619089,0,0.07530264071449516,0,-2.2030949026972704,0,3.6638175666845703,0,0.4602490803970911,0
uniform,True,1.0,3,oversplit_25,0.8433727470499213,0,-0.6609917060619644,0,0.20049519894929632,0,-1.7729161821119592,0,3.0563060589873055,0,0.6238288588228001,0
uniform,True,1.0,3,undersplit_25,0.8389016004356522,0,-0.7356832107475173,0,0.21858118169574636,0,-1.704562727396734,0,4.019044325113766,0,0.6125082502127315,0
uniform,True,1.0,4,clean,0.8309256557533398,0,-0.7787370610857605,0,0.21895635020572018,0,-1.8185894987443043,0,5.062776675704326,0,0.7011112872657967,0
uniform,True,1.0,4,confuse_6.7,0.8043072013074346,0,-0.5423842870087541,0,0.09022424799147309,0,-1.5021231249021363,0,3.5968197092730825,0,0.6157899834319556,0
uniform,True,1.0,4,confuse_19.19,0.706063680388221,0,-0.3232756376500749,0,0.07785923743862011,0,-2.170042341155163,0,3.2891171967511195,0,0.4814215014350642,0
uniform,True,1.0,4,oversplit_25,0.862220119153758,0,-0.6543836403358847,0,0.17871762915955164,0,-1.7125744484100776,0,3.144861160898682,0,0.6256163496752395,0
uniform,True,1.0,4,undersplit_25,0.850766067883876,0,-0.7326537227892068,0,0.20406131622849283,0,-1.7415692356571897,0,3.658328360860933,0,0.605019610828447,0
uniform,True,1.0,5,clean,0.8288673168957514,0,-0.760273887954099,0,0.226353143107687,0,-2.016509605036881,0,4.483042652338619,0,0.697340703158835,0
uniform,True,1.0,5,confuse_6.7,0.802326134707674,0,-0.5305159629512661,0,0.09556565568623082,0,-1.6947637108593971,0,3.750349319474819,0,0.605716831568899,0
uniform,True,1.0,5,confuse_19.19,0.7210879720644219,0,-0.33678959481601517,0,0.0854726972895102,0,-2.089643394545793,0,3.246362624230758,0,0.4621851123150992,0
uniform,True,1.0,5,oversplit_25,0.8576794710150077,0,-0.6477394840049053,0,0.1823203531807565,0,-1.7510027110235167,0,3.1361693622215334,0,0.6279038029102259,0
uniform,True,1.0,5,undersplit_25,0.8533964134446391,0,-0.7379667717466225,0,0.22156594670245872,0,-1.9041232270219242,0,3.7090301095610125,0,0.5997013978772378,0
uniform,True,1.0,6,clean,0.8418857710811527,0,-0.7601607158856032,0,0.23697843087930917,0,-1.9904507870764332,0,4.8598178133286165,0,0.6814099665569775,0
uniform,True,1.0,6,confuse_6.7,0.799050365433574,0,-0.5307274136519842,0,0.09383414562705789,0,-1.5880067251137684,0,3.878380975930308,0,0.5844883887332002,0
uniform,True,1.0,6,confuse_19.19,0.694933427217866,0,-0.30981704913796493,0,0.08026217303619274,0,-2.221822019633674,0,3.3762470519136567,0,0.44828934138339616,0
uniform,True,1.0,6,oversplit_25,0.8658953161459856,0,-0.6497201641340322,0,0.18119213541969825,0,-1.6750804349730837,0,2.515746358799362,0,0.6017009135756763,0
uniform,True,1.0,6,undersplit_25,0.852269988135444,0,-0.7159616023731681,0,0.20156128372102536,0,-1.9033731848185202,0,3.8125845011183044,0,0.5792279476193888,0
uniform,True,1.0,7,clean,0.8305465657152638,0,-0.7731785046848223,0,0.22871802559942256,0,-1.8874869494749613,0,5.155541374762487,0,0.7137590668103341,0
uniform,True,1.0,7,confuse_6.7,0.7909070763030573,0,-0.5254951945502593,0,0.08220823827051005,0,-1.4496882896790115,0,3.6883981780699266,0,0.6172228129937439,0
uniform,True,1.0,7,confuse_19.19,0.6813613132474605,0,-0.3074733484526584,0,0.07580155938024664,0,-2.2339638321525226,0,3.490367054643725,0,0.47794985994501205,0
uniform,True,1.0,7,oversplit_25,0.8689621956154484,0,-0.653301951390133,0,0.19221789332631997,0,-1.8394185599454251,0,3.8927905075783897,0,0.6412520509369508,0
uniform,True,1.0,7,undersplit_25,0.8510754572258705,0,-0.7036113105675597,0,0.19923110273214178,0,-1.9262379246503583,0,4.4533840350380185,0,0.6024174024552412,0
uniform,True,1.0,8,clean,0.835637393274034,0,-0.7771988391631751,0,0.21325313197203832,0,-1.83969892572962,0,4.945503235313575,0,0.7144785469506243,0
uniform,True,1.0,8,confuse_6.7,0.8015054544605433,0,-0.5451070662135828,0,0.09260729946700846,0,-1.475034048111263,0,2.8377988534529885,0,0.6224561415909633,0
uniform,True,1.0,8,confuse_19.19,0.6959305991828666,0,-0.3157903162599589,0,0.07948411139475187,0,-2.0461243022309743,0,3.3812624527537425,0,0.4773522150363802,0
uniform,True,1.0,8,oversplit_25,0.8675741541990872,0,-0.6733884380091497,0,0.16787549098221458,0,-1.576931555488776,0,2.7787385782419163,0,0.6629781708842175,0
uniform,True,1.0,8,undersplit_25,0.8562209602412352,0,-0.7287271248178447,0,0.20719768529654953,0,-1.8940741329168802,0,3.504995603100021,0,0.6183506456972705,0
uniform,True,1.0,9,clean,0.8375708885621196,0,-0.769188674055893,0,0.21795331486179864,0,-1.898141620467121,0,5.373443665982325,0,0.6915572769453593,0
uniform,True,1.0,9,confuse_6.7,0.8098859573398542,0,-0.5316933231647466,0,0.092246621122341,0,-1.590931805415703,0,3.698348387855762,0,0.5982573092385836,0
uniform,True,1.0,9,confuse_19.19,0.6846002815943782,0,-0.3081422058122935,0,0.08106382726282613,0,-2.2755939322138254,0,3.32906339998655,0,0.4558592344823439,0
uniform,True,1.0,9,oversplit_25,0.86618645123724,0,-0.6600279726535511,0,0.19125962884373438,0,-1.8581855481131717,0,2.9704702801505363,0,0.6193007716193979,0
uniform,True,1.0,9,undersplit_25,0.854233869195022,0,-0.7295322965872579,0,0.19762552831102126,0,-1.8683356026653728,0,3.6710982998049704,0,0.6289414989193814,0
uniform,True,1.0,10,clean,0.8303377106367928,0,-0.7687667273820012,0,0.24063575530018122,0,-2.0004910545670596,0,4.187251029157965,0,0.7127312926052021,0
uniform,True,1.0,10,confuse_6.7,0.7894468864335753,0,-0.5196107607984416,0,0.0905478344515611,0,-1.5929374487261567,0,3.2997380488530874,0,0.6140753727707366,0
uniform,True,1.0,10,confuse_19.19,0.6994248216576631,0,-0.32082027419835474,0,0.08026905454626634,0,-2.1592931885753877,0,3.35676147967703,0,0.4684095112948185,0
uniform,True,1.0,10,oversplit_25,0.8606250287121293,0,-0.6527734811108615,0,0.19687541806540532,0,-1.7914539993046916,0,2.622424910927665,0,0.6472474593126514,0
uniform,True,1.0,10,undersplit_25,0.841422172956166,0,-0.7060263200214523,0,0.2010316954205786,0,-2.1070258052417126,0,2.7483518751830776,0,0.6251586406494433,0
uniform,True,1.0,11,clean,0.841141542193361,0,-0.7798582828833229,0,0.23037429760297634,0,-1.8736814718368624,0,4.311619134427387,0,0.6861056865369743,0
uniform,True,1.0,11,confuse_6.7,0.7952095148190801,0,-0.525565038946577,0,0.08978300838217378,0,-1.6202807236688437,0,3.096046154375447,0,0.5975209618942239,0
uniform,True,1.0,11,confuse_19.19,0.6848620874376301,0,-0.3256085436507946,0,0.07799132090321059,0,-2.095161718750969,0,3.36216971597697,0,0.46393746160365856,0
uniform,True,1.0,11,oversplit_25,0.8672104898964828,0,-0.6708333415440265,0,0.19082446576157105,0,-1.6814963049867069,0,2.9356367882651457,0,0.6128045460543862,0
uniform,True,1.0,11,undersplit_25,0.8553443529589844,0,-0.7332269421931062,0,0.20238238631489486,0,-1.7657937741664043,0,3.7828979776234384,0,0.5900105634347199,0
uniform,True,1.0,12,clean,0.8333306787530677,0,-0.787275302871816,0,0.2247576363271297,0,-1.7675474482520714,0,3.8949409517710203,0,0.7078349861518869,0
uniform,True,1.0,12,confuse_6.7,0.8030863307738437,0,-0.5450443814232235,0,0.09273663045191999,0,-1.5234517311783837,0,3.96776833579365,0,0.6160464179533033,0
uniform,True,1.0,12,confuse_19.19,0.708297531764124,0,-0.3321854255940022,0,0.08324008107758607,0,-2.110758619815623,0,3.3346060451962156,0,0.4761860712299204,0
uniform,True,1.0,12,oversplit_25,0.8703103960035135,0,-0.6924962206573698,0,0.18754503599955874,0,-1.615505209412537,0,2.8893008081865283,0,0.6377041679263697,0
uniform,True,1.0,12,undersplit_25,0.8549116194149231,0,-0.7332565417477315,0,0.19431780402534712,0,-1.6424616723502654,0,4.171558402931046,0,0.6087992701490382,0
uniform,True,1.0,13,clean,0.8304001047759171,0,-0.7745032876013233,0,0.24382448209677823,0,-1.8870284264324906,0,5.209759625995849,0,0.702586198617388,0
uniform,True,1.0,13,confuse_6.7,0.8039200910012607,0,-0.5420732718086505,0,0.10069143705514547,0,-1.5311432533079605,0,4.205697281627881,0,0.5977177441664427,0
uniform,True,1.0,13,confuse_19.19,0.6907159890727405,0,-0.3270339027965067,0,0.08650106589178912,0,-2.191972824406098,0,3.382718391705692,0,0.45967039124945963,0
uniform,True,1.0,13,oversplit_25,0.8584152741548088,0,-0.644751569490567,0,0.19613413351611947,0,-1.7655387515148822,0,3.243548447288702,0,0.6388676860107761,0
uniform,True,1.0,13,undersplit_25,0.8467957647052338,0,-0.7279084883933399,0,0.21588342975882352,0,-1.8596704334073548,0,3.9038566451765955,0,0.6234440768458678,0
uniform,True,1.0,14,clean,0.8214178895189614,0,-0.7796881925228436,0,0.2306750516730555,0,-1.987905087711175,0,4.652360830139258,0,0.7120301790492409,0
uniform,True,1.0,14,confuse_6.7,0.796059815671829,0,-0.5473452323005108,0,0.09378584214165656,0,-1.507589750401685,0,3.231429209741836,0,0.6120219975557466,0
uniform,True,1.0,14,confuse_19.19,0.6889435237901286,0,-0.3235076155896549,0,0.0811750982435442,0,-2.110810359077134,0,3.390216102732752,0,0.47603848108562175,0
uniform,True,1.0,14,oversplit_25,0.861227564489262,0,-0.661066114980367,0,0.18103252479872795,0,-1.7363669639764365,0,2.4242264584152546,0,0.6387709064485723,0
uniform,True,1.0,14,undersplit_25,0.8517349229511869,0,-0.7504150421826161,0,0.20462656387941996,0,-1.6574098516050364,0,4.54056781630492,0,0.6114388394180337,0
uniform,True,1.0,15,clean,0.8358367027279265,0,-0.7626787742649344,0,0.2240106148968279,0,-1.8980349993571286,0,4.843742199398154,0,0.7089130757743609,0
uniform,True,1.0,15,confuse_6.7,0.8021806943762164,0,-0.5301762675148718,0,0.08440399872895567,0,-1.5520373162366878,0,3.887864854675666,0,0.6081999241964747,0
uniform,True,1.0,15,confuse_19.19,0.6876727573973683,0,-0.296672908912223,0,0.07948228695529269,0,-2.3574528631981493,0,3.450263197523299,0,0.45691860781589844,0
uniform,True,1.0,15,oversplit_25,0.8605014645440394,0,-0.6438493434298631,0,0.1769550854114561,0,-1.6828392384326303,0,2.8854178318478945,0,0.6336863722459672,0
uniform,True,1.0,15,undersplit_25,0.85050472701445,0,-0.702119043901817,0,0.19511602657161364,0,-1.9300206839411862,0,2.815331610362212,0,0.6028376295482232,0
uniform,True,1.0,16,clean,0.8363035071891902,0,-0.7673903535118873,0,0.22415445354520044,0,-1.9119034558089587,0,4.178467190596331,0,0.7070719636849316,0
uniform,True,1.0,16,confuse_6.7,0.7828462784383525,0,-0.521664480075354,0,0.08306702341871999,0,-1.4421464861342164,0,3.690172133401733,0,0.6155690117363632,0
uniform,True,1.0,16,confuse_19.19,0.7124208769868234,0,-0.33222867796344935,0,0.08452553584214102,0,-2.144526804361173,0,3.2743770561350702,0,0.45530678629547405,0
uniform,True,1.0,16,oversplit_25,0.8643237848621822,0,-0.6469762571059254,0,0.17073849740016125,0,-1.6998559538519036,0,2.3160697010234106,0,0.6445894084689572,0
uniform,True,1.0,16,undersplit_25,0.8499483483274399,0,-0.72663605300016,0,0.19917498244268037,0,-1.8276647646295459,0,3.714441999968411,0,0.6137873597548504,0
uniform,True,1.0,17,clean,0.8399255628140558,0,-0.7916865692485664,0,0.22418950450514394,0,-1.8098236163041208,0,5.02303719272952,0,0.7089743840536403,0
uniform,True,1.0,17,confuse_6.7,0.8045994119484097,0,-0.5498643263387312,0,0.09604079844542966,0,-1.5301810340307305,0,3.605781128607271,0,0.6064981323514754,0
uniform,True,1.0,17,confuse_19.19,0.6930209149622086,0,-0.3239313176344782,0,0.08430812373475757,0,-2.26352200932465,0,3.3830752623190388,0,0.4720755382819663,0
uniform,True,1.0,17,oversplit_25,0.8714658730986341,0,-0.6573372135078446,0,0.18141143643946245,0,-1.7174581260589388,0,2.9648558818077224,0,0.6477350972011423,0
uniform,True,1.0,17,undersplit_25,0.8486131683074657,0,-0.7504273039925969,0,0.21928370124947166,0,-1.875417631812787,0,4.435621561274983,0,0.6209767497797507,0
uniform,True,1.0,18,clean,0.8247999880034679,0,-0.7728879099817474,0,0.2257504541274497,0,-1.7498653061353788,0,5.986260904622057,0,0.7121375974309468,0
uniform,True,1.0,18,confuse_6.7,0.793970462655516,0,-0.5311046750192283,0,0.09403645285639103,0,-1.5744768206499202,0,3.4919727617708656,0,0.6269735796477451,0
uniform,True,1.0,18,confuse_19.19,0.7063373550487865,0,-0.32310446807477844,0,0.08298759072962533,0,-2.11304230388701,0,3.3011288187696657,0,0.46632152232726043,0
uniform,True,1.0,18,oversplit_25,0.8552177662461306,0,-0.6699730330329841,0,0.19632623968500662,0,-1.6534198205266675,0,3.30402776182674,0,0.643921938325904,0
uniform,True,1.0,18,undersplit_25,0.8475619139118052,0,-0.7289690774436194,0,0.20565501559468474,0,-1.7919400242674395,0,4.13635318479885,0,0.5991981840654519,0
uniform,True,1.0,19,clean,0.8307920256758465,0,-0.7934842688475563,0,0.22948750695020143,0,-1.8583093369227592,0,4.35842238362155,0,0.711154244220432,0
uniform,True,1.0,19,confuse_6.7,0.8074835709762069,0,-0.5439547266918653,0,0.08941792351791734,0,-1.4802789895940462,0,3.9214663062725355,0,0.6196848809141768,0
uniform,True,1.0,19,confuse_19.19,0.6894627371140958,0,-0.31589832113419014,0,0.07986517861820233,0,-2.2030362260968595,0,3.406011057785939,0,0.45843057315016467,0
uniform,True,1.0,19,oversplit_25,0.8614788363403812,0,-0.6627249127505673,0,0.19284668333484623,0,-1.7593765977639044,0,2.2973009023328306,0,0.6348756046341715,0
uniform,True,1.0,19,undersplit_25,0.8552950160309852,0,-0.7353252462481032,0,0.21191464543373273,0,-1.848619197443734,0,3.7923385939348133,0,0.6134352269656982,0
uniform,True,1.0,20,clean,0.8311989758317961,0,-0.7821203546362832,0,0.24916533385011158,0,-1.9030274643715495,0,4.924071008423639,0,0.7301680312697484,0
uniform,True,1.0,20,confuse_6.7,0.8075471236486812,0,-0.5570782262228046,0,0.09691874442543516,0,-1.4760615597447972,0,3.0781731023774253,0,0.6282533080631469,0
uniform,True,1.0,20,confuse_19.19,0.7034768761492203,0,-0.331584162529143,0,0.08690254632102848,0,-2.1678832064380633,0,3.312463314132212,0,0.47775921261955445,0
uniform,True,1.0,20,oversplit_25,0.8698699337868347,0,-0.6901000063189597,0,0.1903808665257306,0,-1.5811508263905432,0,2.721456654161533,0,0.6788661591166645,0
uniform,True,1.0,20,undersplit_25,0.8468122804121001,0,-0.7333254952256758,0,0.2089568450389472,0,-1.7609499885641178,0,5.001178290210014,0,0.6287915997260876,0
uniform,True,1.0,21,clean,0.8341111961334311,0,-0.7944547336996434,0,0.24197196492590572,0,-1.8276621355528455,0,4.500426203444729,0,0.7068802335189306,0
uniform,True,1.0,21,confuse_6.7,0.8003337422720216,0,-0.5470180943323357,0,0.09157220901166205,0,-1.511926595932244,0,3.839720619022668,0,0.6117735544854631,0
uniform,True,1.0,21,confuse_19.19,0.7093812289331065,0,-0.33712750155163607,0,0.08577162434808629,0,-2.0302672656045138,0,3.291010789505573,0,0.48241460091721355,0
uniform,True,1.0,21,oversplit_25,0.8625010362072099,0,-0.675893072212843,0,0.18389565861068496,0,-1.6725948203851209,0,3.18031644595654,0,0.649013120206916,0
uniform,True,1.0,21,undersplit_25,0.8382967725394705,0,-0.711911208820408,0,0.19876906008116668,0,-1.8802065480427657,0,3.4917120128275467,0,0.6235149618441478,0
uniform,True,1.0,22,clean,0.8417227354265525,0,-0.7911733633042645,0,0.22799327108617348,0,-1.8256573594309171,0,5.015258409293155,0,0.7000408712225652,0
uniform,True,1.0,22,confuse_6.7,0.8022351192592443,0,-0.5373374517023556,0,0.0947802355275336,0,-1.5657770447164012,0,2.8325505485846656,0,0.6009845526348547,0
uniform,True,1.0,22,confuse_19.19,0.6960352741789576,0,-0.31610920970392264,0,0.07944096116707412,0,-2.240224849657311,0,3.3576767685705002,0,0.46182562324253407,0
uniform,True,1.0,22,oversplit_25,0.8628220133748536,0,-0.6613936315730888,0,0.19006638192465952,0,-1.7312857616501902,0,2.894547518712342,0,0.6331721726318948,0
uniform,True,1.0,22,undersplit_25,0.856245097741613,0,-0.7376437239025153,0,0.19833281785150397,0,-1.8914892061493451,0,4.187396943578655,0,0.6147110369055041,0
uniform,True,1.0,23,clean,0.8288296295963031,0,-0.774696382964392,0,0.22929310614685422,0,-1.8603623344955258,0,4.614096808011142,0,0.6928128738955268,0
uniform,True,1.0,23,confuse_6.7,0.8003203979672153,0,-0.532625827629177,0,0.09505020932573965,0,-1.6104743267699946,0,3.092709842583009,0,0.6040083138117296,0
uniform,True,1.0,23,confuse_19.19,0.715410229533942,0,-0.3296484992954879,0,0.08466167573724145,0,-2.214538720141221,0,3.2789080033626083,0,0.4659271657943415,0
uniform,True,1.0,23,oversplit_25,0.8615141273544252,0,-0.6630858338578158,0,0.17942886426033414,0,-1.6528994451205743,0,2.95387940274011,0,0.6337368025842953,0
uniform,True,1.0,23,undersplit_25,0.8443230039352441,0,-0.713885697098935,0,0.20661374354777845,0,-1.846028233289302,0,4.888497996946619,0,0.6009559886693774,0
uniform,True,1.0,24,clean,0.838160993434378,0,-0.809039007376861,0,0.23406944302607408,0,-1.7611910667510602,0,5.198269850820594,0,0.7190692518007341,0
uniform,True,1.0,24,confuse_6.7,0.8056485976852056,0,-0.5591402046127387,0,0.09647531804418874,0,-1.450952503886279,0,3.4500249642143777,0,0.6188889477249981,0
uniform,True,1.0,24,confuse_19.19,0.7078452429677707,0,-0.3363919405878728,0,0.08584954081022626,0,-2.064164907111769,0,3.486536268320687,0,0.4828093549006468,0
uniform,True,1.0,24,oversplit_25,0.8620519474505122,0,-0.6868300030639802,0,0.19588964184638497,0,-1.6831786318581827,0,2.87805090420855,0,0.6420706076300426,0
uniform,True,1.0,24,undersplit_25,0.8533613283051328,0,-0.7705670122881323,0,0.2023819649115164,0,-1.6865877126747453,0,4.0296763655727394,0,0.6171227566366098,0
uniform,True,1.0,25,clean,0.8373488111781107,0,-0.7897271717865421,0,0.2266468587886151,0,-1.920917373781591,0,4.021574817106717,0,0.7029219547047947,0
uniform,True,1.0,25,confuse_6.7,0.8000445611735008,0,-0.5397645621763016,0,0.08757086388220044,0,-1.5526593066890204,0,3.5350208844516424,0,0.6162880872358669,0
uniform,True,1.0,25,confuse_19.19,0.6971586501066441,0,-0.3208339497000793,0,0.07846233828984345,0,-2.0767276170227014,0,3.3591131845674047,0,0.4645170271769447,0
uniform,True,1.0,25,oversplit_25,0.8671946450652694,0,-0.6804737099024202,0,0.18589851495020404,0,-1.7814555808692591,0,3.0951535100644607,0,0.6365922490316097,0
uniform,True,1.0,25,undersplit_25,0.8593701521360191,0,-0.7449956735530031,0,0.20627850777327644,0,-1.806399160836599,0,3.6834515799539873,0,0.6200694349925515,0
uniform,True,1.0,26,clean,0.8303585020546691,0,-0.7832248263151718,0,0.2294317714199949,0,-1.8728933544984072,0,4.100768147022537,0,0.6941505714181799,0
uniform,True,1.0,26,confuse_6.7,0.7924808318595983,0,-0.5287985335703606,0,0.08915088802851201,0,-1.5959444882881715,0,3.6482433769156764,0,0.6072128154691254,0
uniform,True,1.0,26,confuse_19.19,0.6712644208396608,0,-0.3050426619154411,0,0.07558778206108441,0,-2.5250971016848966,0,3.5289489349389194,0,0.4553378071674209,0
uniform,True,1.0,26,oversplit_25,0.8678853944511866,0,-0.6739031538446852,0,0.18651334283486176,0,-1.6935343901402875,0,3.5082757522844386,0,0.6323527911404523,0
uniform,True,1.0,26,undersplit_25,0.8507245503103532,0,-0.746439986068201,0,0.20329816418126762,0,-1.7423869782897423,0,3.385053550718967,0,0.6017335319879751,0
uniform,True,1.0,27,clean,0.8302870984928384,0,-0.7749201019780807,0,0.23317749797853546,0,-2.00617503116702,0,4.665333091527292,0,0.7047207624889046,0
uniform,True,1.0,27,confuse_6.7,0.7925080913375209,0,-0.5298614627071384,0,0.08419393312638301,0,-1.5316177648956937,0,3.9007473668503154,0,0.6126220474740183,0
uniform,True,1.0,27,confuse_19.19,0.7002352574696712,0,-0.31794718011082046,0,0.08068916953782376,0,-2.2564916387097798,0,3.3551920959231225,0,0.47074766092211356,0
uniform,True,1.0,27,oversplit_25,0.860659388551918,0,-0.6489302648737474,0,0.174331000039895,0,-1.7843114774922824,0,2.5896936915286717,0,0.6353381177941134,0
uniform,True,1.0,27,undersplit_25,0.8524228262908221,0,-0.7452501328436127,0,0.21222923855268844,0,-1.8468414378707203,0,3.8030044400667866,0,0.6140253144085772,0
uniform,True,1.0,28,clean,0.8322252153255905,0,-0.7754484657625887,0,0.22373088962063772,0,-1.9301726480904948,0,4.861735768032565,0,0.6988533293078083,0
uniform,True,1.0,28,confuse_6.7,0.7857592780722444,0,-0.5341386054126942,0,0.08976224909884169,0,-1.5435227629594446,0,3.2309415882955657,0,0.6016937844212424,0
uniform,True,1.0,28,confuse_19.19,0.6915666021215514,0,-0.3187927095023335,0,0.08065642951188108,0,-2.3168823456183087,0,3.3780778982300865,0,0.45617569887054193,0
uniform,True,1.0,28,oversplit_25,0.8576506153623727,0,-0.6488756972147148,0,0.18743980849079533,0,-1.9126803738445508,0,3.2946476672955267,0,0.6373837265320348,0
uniform,True,1.0,28,undersplit_25,0.8469026142446427,0,-0.7216891814747115,0,0.2074678177296409,0,-2.061989184450802,0,3.664479826072791,0,0.6203784029241274,0
uniform,True,1.0,29,clean,0.8379914138969401,0,-0.7803151693445802,0,0.22071031480904196,0,-1.8630284047098105,0,4.2491430097884635,0,0.6857907979792583,0
uniform,True,1.0,29,confuse_6.7,0.8088970075465711,0,-0.5538024331083581,0,0.09215687827313462,0,-1.5339170843425747,0,3.801973579100857,0,0.606468635422597,0
uniform,True,1.0,29,confuse_19.19,0.7197702161197561,0,-0.34339048102474506,0,0.09061618788861654,0,-2.142116394611455,0,3.240614564030392,0,0.45533230653247825,0
uniform,True,1.0,29,oversplit_25,0.8605354434809765,0,-0.6753848809939047,0,0.1825355463484708,0,-1.550369855758188,0,3.700073513054274,0,0.617923355385078,0
uniform,True,1.0,29,undersplit_25,0.8556528256277913,0,-0.7439647511876815,0,0.20077352638859394,0,-1.7310940726838397,0,2.899751851160735,0,0.5923173426283238,0
uniform,True,5.0,0,clean,0.8952126936576499,0,-0.9650079537218248,0,0.0804450545782687,0,-5.264504450687575,0,2.4474213618241984,0,0.4139048190605469,0
uniform,True,5.0,0,confuse_6.7,0.8179872727407712,0,-0.6006770533534315,0,0.04760644703193247,0,-2.3279335989873293,0,2.5284459882499792,0,0.3667495627199412,0
uniform,True,5.0,0,confuse_19.19,0.7138709680554007,0,-0.3550732805604171,0,0.06403964425634082,0,-2.2997099408261428,0,3.1699684514211595,0,0.32310346691615877,0
uniform,True,5.0,0,oversplit_25,0.9100396772306333,0,-0.8171652906182242,0,0.057906485887707124,0,-3.129095655163683,0,2.021864774883673,0,0.3992398807340194,0
uniform,True,5.0,0,undersplit_25,0.8959009014810253,0,-1.019072710945621,0,0.08198090324093948,0,-4.328221734213441,0,2.202724963595693,0,0.3822031924471807,0
uniform,True,5.0,1,clean,0.9131566722555459,0,-0.9843474521357705,0,0.10081936934801167,0,-5.102785678118337,0,1.9094081472097568,0,0.3538704853534929,0
uniform,True,5.0,1,confuse_6.7,0.8305186941010105,0,-0.6086645935992946,0,0.04898643742415456,0,-2.1797150628668653,0,2.5124866649996838,0,0.34036183355444916,0
uniform,True,5.0,1,confuse_19.19,0.7286402352978993,0,-0.38252635967040416,0,0.06808664922623803,0,-2.155898253130033,0,3.000581290838716,0,0.30455369692167533,0
uniform,True,5.0,1,oversplit_25,0.9241896301471548,0,-0.8349266660294252,0,0.06714646288241981,0,-3.0891167272827142,0,2.142756895379065,0,0.3536472420678957,0
uniform,True,5.0,1,undersplit_25,0.9143863688081809,0,-1.0356696369410705,0,0.09310324065543338,0,-4.4522836179536425,0,1.8529965323835276,0,0.3512352387904171,0
uniform,True,5.0,2,clean,0.9007756846930115,0,-0.9003545925045716,0,0.09111424469691257,0,-6.266238960031313,0,2.0255938989190727,0,0.36626034254098705,0
uniform,True,5.0,2,confuse_6.7,0.8066128996217022,0,-0.5485865659798808,0,0.04625923760150634,0,-2.644285728620372,0,2.6353479616035393,0,0.3402787556586995,0
uniform,True,5.0,2,confuse_19.19,0.7038200774619912,0,-0.33437506322830207,0,0.058981780986514805,0,-2.3160675936963178,0,3.2490030873690277,0,0.3103214398472021,0
uniform,True,5.0,2,oversplit_25,0.9022531228746307,0,-0.7368670934117718,0,0.06768534123629488,0,-3.9184420747804993,0,2.158109717295514,0,0.3382519148079134,0
uniform,True,5.0,2,undersplit_25,0.902429836621182,0,-0.9902593057307674,0,0.08428759702476409,0,-4.734655479936973,0,2.1306448110556957,0,0.3729540775092969,0
uniform,True,5.0,3,clean,0.9056786445555877,0,-0.988627104385691,0,0.10354297124172504,0,-5.390043541573571,0,1.9016070330677217,0,0.363112582576507,0
uniform,True,5.0,3,confuse_6.7,0.8198171686345503,0,-0.6055460818805508,0,0.04747829751859314,0,-2.3759202156482795,0,2.361406205464392,0,0.3390825823691106,0
uniform,True,5.0,3,confuse_19.19,0.7391809734040726,0,-0.3826377193402192,0,0.06106280750460635,0,-2.1336591024790503,0,3.0701815002237183,0,0.31765573295466876,0
uniform,True,5.0,3,oversplit_25,0.9155245348272278,0,-0.8492238445376616,0,0.07340233064644984,0,-3.308617266238527,0,2.1045139247750373,0,0.3545298283589019,0
uniform,True,5.0,3,undersplit_25,0.9005294771482522,0,-1.0852189103070362,0,0.08980886735220195,0,-3.5921489697670244,0,2.476076431408241,0,0.3806177672429626,0
uniform,True,5.0,4,clean,0.8989804028945519,0,-0.9116721213592933,0,0.09407969904231209,0,-6.657908386789291,0,1.9975035408347537,0,0.34480888849653163,0
uniform,True,5.0,4,confuse_6.7,0.8111957580980077,0,-0.5573919622861185,0,0.04824067632974877,0,-2.692575271094949,0,2.6161961018819677,0,0.3235467964040223,0
uniform,True,5.0,4,confuse_19.19,0.7193578431369863,0,-0.355597854520335,0,0.06034896659409811,0,-2.1703773688634582,0,3.171952414866226,0,0.29942091463807824,0
uniform,True,5.0,4,oversplit_25,0.9116846493676033,0,-0.8231619780164479,0,0.05962625903388389,0,-3.8603224060770867,0,2.0033591702933284,0,0.3604406599597842,0
uniform,True,5.0,4,undersplit_25,0.9064433238992194,0,-0.9981383973148243,0,0.08089323426373131,0,-4.675007743808639,0,1.9079089329688905,0,0.35097164384772894,0
uniform,True,5.0,5,clean,0.907293906428777,0,-0.9780526737991329,0,0.09170314446653291,0,-5.492128708844358,0,1.9282941931150783,0,0.3715909840830831,0
uniform,True,5.0,5,confuse_6.7,0.8031546012680519,0,-0.5816704036395992,0,0.048973722350578536,0,-2.493909948298599,0,2.6005422340711526,0,0.3447082798753214,0
uniform,True,5.0,5,confuse_19.19,0.7241790205230195,0,-0.37407053289469794,0,0.05948866942883421,0,-2.0585164832390257,0,3.1215869640673866,0,0.32237308266231324,0
uniform,True,5.0,5,oversplit_25,0.920722383458586,0,-0.7950647668801046,0,0.0790687117150205,0,-3.6299472121674947,0,2.134498475930262,0,0.3610678928790597,0
uniform,True,5.0,5,undersplit_25,0.9104975850059378,0,-1.0430593605527512,0,0.08396319777495952,0,-3.8074252543970544,0,2.2542856783110956,0,0.34609484881303065,0
uniform,True,5.0,6,clean,0.901552519605516,0,-0.9210177791974425,0,0.09482050713032725,0,-6.323813404739657,0,1.970314419174345,0,0.36086690181374087,0
uniform,True,5.0,6,confuse_6.7,0.8092745211998381,0,-0.5501155007252911,0,0.04781838255945915,0,-2.7294193582955035,0,2.6248742552187485,0,0.3436383960368894,0
uniform,True,5.0,6,confuse_19.19,0.7189344602268428,0,-0.35054184819225154,0,0.062047520154245646,0,-2.2575635982040954,0,3.192256487809688,0,0.30599122081475366,0
uniform,True,5.0,6,oversplit_25,0.911556571554249,0,-0.8035492419986914,0,0.06816163067717385,0,-3.4285450824960004,0,2.0408944873354065,0,0.3607524046674376,0
uniform,True,5.0,6,undersplit_25,0.8993463922255623,0,-1.0010378874019232,0,0.0816087007356883,0,-4.826374479939268,0,2.6755262753364213,0,0.3293290302611436,0
uniform,True,5.0,7,clean,0.9041510349633106,0,-0.94280691144693,0,0.09627508958892876,0,-5.911793101615322,0,1.929440155003877,0,0.3948345706757028,0
uniform,True,5.0,7,confuse_6.7,0.8245804145773821,0,-0.5903524255586639,0,0.0567115426377749,0,-2.5833886184896606,0,2.450732382462438,0,0.35699914106756453,0
uniform,True,5.0,7,confuse_19.19,0.7216256805751242,0,-0.3517717622853324,0,0.06250261022754969,0,-2.3512826146743313,0,3.182865520751447,0,0.31309741698525523,0
uniform,True,5.0,7,oversplit_25,0.9168049628519441,0,-0.836924413627046,0,0.06394836687509696,0,-3.2463934663352054,0,2.003943336706636,0,0.40147351258546227,0
uniform,True,5.0,7,undersplit_25,0.901757092477104,0,-0.9752188992452961,0,0.09949822494828123,0,-5.26153190901597,0,2.5273148884094474,0,0.37846942637259273,0
uniform,True,5.0,8,clean,0.907176773953646,0,-0.9188871390542712,0,0.0984763639639195,0,-5.880575157741786,0,1.991013901243654,0,0.36285937101647825,0
uniform,True,5.0,8,confuse_6.7,0.820119106096787,0,-0.5737747574799036,0,0.05258029136711183,0,-2.6996981778537723,0,2.6585220163050662,0,0.3453106899229468,0
uniform,True,5.0,8,confuse_19.19,0.6962760233475773,0,-0.3407887363718786,0,0.05504254775886515,0,-2.141453987217316,0,3.266546443681962,0,0.31949898021467205,0
uniform,True,5.0,8,oversplit_25,0.9187204054320169,0,-0.7942912186631522,0,0.07050889598925164,0,-3.6318402223938757,0,2.2429785916244485,0,0.35581622280230535,0
uniform,True,5.0,8,undersplit_25,0.9025642805179284,0,-0.9847218210909914,0,0.09234588607991483,0,-4.674864973659272,0,1.9163618047111823,0,0.34325004359425526,0
uniform,True,5.0,9,clean,0.9012798410569427,0,-0.9019331365583461,0,0.10165580166238909,0,-6.266240232108986,0,2.013826682020346,0,0.345406457902504,0
uniform,True,5.0,9,confuse_6.7,0.7830574148982477,0,-0.5265412262304576,0,0.049157952631950656,0,-2.964652839685583,0,2.7354451749027437,0,0.328971451300838,0
uniform,True,5.0,9,confuse_19.19,0.6938415571276203,0,-0.34288454981573196,0,0.057803222600212464,0,-2.161802860902921,0,3.26752386087269,0,0.312185481852347,0
uniform,True,5.0,9,oversplit_25,0.9121513939226154,0,-0.7985668855776651,0,0.07481627981978477,0,-3.28572507195552,0,2.200168161013684,0,0.33232330424945533,0
uniform,True,5.0,9,undersplit_25,0.9008649454564632,0,-0.9568332971036543,0,0.08766802818798375,0,-4.735965654409782,0,1.9384257251312127,0,0.3377845482433361,0
uniform,True,5.0,10,clean,0.8931917390593062,0,-0.9100053201195601,0,0.09463313998165748,0,-6.046798845233936,0,1.9978006036723022,0,0.3497321843344821,0
uniform,True,5.0,10,confuse_6.7,0.815550425062587,0,-0.5584455661600245,0,0.05322734368344763,0,-2.824214175629024,0,2.610502059919206,0,0.32856239081989536,0
uniform,True,5.0,10,confuse_19.19,0.7146214586300855,0,-0.3374839713616039,0,0.05980491060281248,0,-2.3195573638146163,0,3.237886189131719,0,0.3009667653086643,0
uniform,True,5.0,10,oversplit_25,0.9106097689924234,0,-0.7610837815922665,0,0.06789196367601902,0,-3.6823634467125705,0,2.2512672134657237,0,0.34940978038720144,0
uniform,True,5.0,10,undersplit_25,0.8967842748439627,0,-0.9922359762551365,0,0.09436830800902005,0,-4.8964512599249534,0,2.5283093080964623,0,0.35572299169188215,0
uniform,True,5.0,11,clean,0.8995789496672884,0,-0.9288406052756563,0,0.09478346089892309,0,-6.777416988254869,0,2.368525962086623,0,0.36531859585413945,0
uniform,True,5.0,11,confuse_6.7,0.7897827333679405,0,-0.5506989290266869,0,0.04558634059243094,0,-2.605895653376731,0,2.5822373968816144,0,0.3414844990863938,0
uniform,True,5.0,11,confuse_19.19,0.7177884161126578,0,-0.3472238181537848,0,0.05601102714657049,0,-2.1839765293371713,0,3.202945654371475,0,0.3071638000347147,0
uniform,True,5.0,11,oversplit_25,0.9090417449163364,0,-0.8257089956218029,0,0.06751860671708718,0,-3.6191050929555866,0,2.2209925926661143,0,0.37562574294123263,0
uniform,True,5.0,11,undersplit_25,0.9018134729279702,0,-0.9909717371663224,0,0.08171707859638316,0,-5.009672979388282,0,2.100985764670968,0,0.35167351678032055,0
uniform,True,5.0,12,clean,0.8932623201807973,0,-0.938122924272541,0,0.09351629275347959,0,-6.898050941297562,0,1.9594210343184306,0,0.3995066987067263,0
uniform,True,5.0,12,confuse_6.7,0.8078248729243911,0,-0.5756367604938136,0,0.05030137747515008,0,-2.6956094705540954,0,2.5241272545725737,0,0.3724436621015696,0
uniform,True,5.0,12,confuse_19.19,0.7310376927760784,0,-0.3651292836697784,0,0.06122574794983446,0,-2.2057253223589246,0,3.129263348447637,0,0.32172499209675565,0
uniform,True,5.0,12,oversplit_25,0.9112180155931195,0,-0.8138732225398214,0,0.061554192452684536,0,-3.501637840231788,0,2.151952163559139,0,0.39106133796484055,0
uniform,True,5.0,12,undersplit_25,0.9080226073868434,0,-1.0074448344367266,0,0.08426831245681758,0,-4.825517024387047,0,1.9146238591175604,0,0.3747106161697965,0
uniform,True,5.0,13,clean,0.9114834626802981,0,-0.946052245929472,0,0.08974787006708407,0,-5.422532362682873,0,1.950903546052162,0,0.3966980620408777,0
uniform,True,5.0,13,confuse_6.7,0.8271479179874375,0,-0.5926814638708988,0,0.044465947194450725,0,-2.31691906015302,0,2.5329676487214687,0,0.34850777489166196,0
uniform,True,5.0,13,confuse_19.19,0.7278994110972057,0,-0.3565742974509467,0,0.06323123088387636,0,-2.238582678096355,0,3.1610842172315725,0,0.2977289164659857,0
uniform,True,5.0,13,oversplit_25,0.9096705071307385,0,-0.8091888711958877,0,0.06656648320296496,0,-3.187483550950054,0,2.2552394760117975,0,0.382101879577442,0
uniform,True,5.0,13,undersplit_25,0.9079002761421044,0,-0.9904728277973339,0,0.09012027995839383,0,-4.924041429530278,0,2.349291928008991,0,0.38420801566857243,0
uniform,True,5.0,14,clean,0.8991188128431646,0,-0.9124211354528604,0,0.08772328046622571,0,-5.827689867335822,0,2.0364993355484633,0,0.3680970609324016,0
uniform,True,5.0,14,confuse_6.7,0.7956822424561333,0,-0.5433387685200425,0,0.04845556581166907,0,-2.6699395430064587,0,2.83019551621884,0,0.3274793768431218,0
uniform,True,5.0,14,confuse_19.19,0.6947506527404901,0,-0.3301599889626668,0,0.058075029914791625,0,-2.3442667313249705,0,3.3090801008243242,0,0.2965838719709709,0
uniform,True,5.0,14,oversplit_25,0.9124791582220302,0,-0.8255425538578447,0,0.06254842625642469,0,-2.8310378051624,0,2.5117638426246547,0,0.36198498322009565,0
uniform,True,5.0,14,undersplit_25,0.9049129749288065,0,-1.0023143498752145,0,0.08120372752161427,0,-4.231555173495459,0,2.1958496033675874,0,0.36555698799382375,0
uniform,True,5.0,15,clean,0.9044607240389203,0,-0.9636676283238104,0,0.10505188240942337,0,-6.100556692798032,0,2.277521606581021,0,0.37401123915923884,0
uniform,True,5.0,15,confuse_6.7,0.8103218188758898,0,-0.5712631625961728,0,0.04819293520823795,0,-2.634808542460801,0,2.5878236390896157,0,0.3464435586991275,0
uniform,True,5.0,15,confuse_19.19,0.7172926219856677,0,-0.36188735088250223,0,0.06249767310856298,0,-2.198440735023805,0,3.158105930598734,0,0.3123114080390557,0
uniform,True,5.0,15,oversplit_25,0.915967247479347,0,-0.7997579945465313,0,0.06937140935155077,0,-3.5512530181329636,0,2.1321822995133797,0,0.34926340595867056,0
uniform,True,5.0,15,undersplit_25,0.9049089936766145,0,-1.0464311134041653,0,0.08927655834719703,0,-4.260797075173666,0,2.1144373136674806,0,0.3636132380248447,0
uniform,True,5.0,16,clean,0.8973938034009034,0,-0.9299891481380053,0,0.08400081164168623,0,-5.373574495458923,0,2.8216141781223723,0,0.3295645411758663,0
uniform,True,5.0,16,confuse_6.7,0.8092891926550817,0,-0.5723777795456143,0,0.04745366178107985,0,-2.502620898085084,0,2.754490693049565,0,0.3120269402972051,0
uniform,True,5.0,16,confuse_19.19,0.7356376429589793,0,-0.37326171986014145,0,0.06675634749806686,0,-2.1675075083348796,0,3.1039438164779938,0,0.29202056481697203,0
uniform,True,5.0,16,oversplit_25,0.9067487278663887,0,-0.8171083449276737,0,0.06614677981851055,0,-3.409313987105399,0,2.289869121310971,0,0.3564353251770841,0
uniform,True,5.0,16,undersplit_25,0.8958017091500694,0,-1.014202297756553,0,0.08003080277221902,0,-4.1085417008881135,0,2.336912972198582,0,0.3258013135584618,0
uniform,True,5.0,17,clean,0.904106340303186,0,-0.894795138869493,0,0.10165366939261383,0,-5.837029275530864,0,1.9628505796916673,0,0.3278491213798104,0
uniform,True,5.0,17,confuse_6.7,0.8144590380582417,0,-0.5550521366961734,0,0.051567902939701274,0,-2.8030025303102715,0,2.6120835851629924,0,0.3103721218050474,0
uniform,True,5.0,17,confuse_19.19,0.7291841224515384,0,-0.3609908160751628,0,0.06322382883074357,0,-2.2202557546315997,0,3.042213297105297,0,0.2837874415333745,0
uniform,True,5.0,17,oversplit_25,0.915287917399098,0,-0.8010075891294739,0,0.07803878333843842,0,-3.4902110303012632,0,2.169490366487997,0,0.31403669473598295,0
uniform,True,5.0,17,undersplit_25,0.9046657081220153,0,-0.9773853328899873,0,0.09216046297676557,0,-4.633397920801695,0,2.1682180196227883,0,0.32438136510124393,0
uniform,True,5.0,18,clean,0.9031005010652987,0,-0.8931903748134395,0,0.09189208277144356,0,-6.337131415339066,0,2.026157581216845,0,0.3596001232326479,0
uniform,True,5.0,18,confuse_6.7,0.8011392087430811,0,-0.5323841071591233,0,0.04686136448844147,0,-2.939004397490346,0,2.547490886633647,0,0.3282965476798734,0
uniform,True,5.0,18,confuse_19.19,0.7040728318520936,0,-0.32953993984606145,0,0.06051194893353405,0,-2.47030699806449,0,3.2795607946153815,0,0.2906690133189037,0
uniform,True,5.0,18,oversplit_25,0.9092770558924748,0,-0.738024127669144,0,0.07879374752579296,0,-3.8521501207763738,0,2.135865849969745,0,0.35149762252633315,0
uniform,True,5.0,18,undersplit_25,0.9018037067711846,0,-1.0101969321646338,0,0.09177945020894925,0,-4.532976747817196,0,1.8607890774676714,0,0.36943893321619714,0
uniform,True,5.0,19,clean,0.9053647283764941,0,-0.9566420063724195,0,0.10220412854954823,0,-5.600103601274538,0,2.1414271405800394,0,0.35539199982816083,0
uniform,True,5.0,19,confuse_6.7,0.8256181065730666,0,-0.5876524736869615,0,0.049193863971118426,0,-2.511430008523078,0,2.472871729286447,0,0.3337393894575768,0
uniform,True,5.0,19,confuse_19.19,0.719918417429994,0,-0.36028494168974845,0,0.05928354307549232,0,-2.2239758905970426,0,3.082436674556942,0,0.304237335064259,0
uniform,True,5.0,19,oversplit_25,0.9171928459999303,0,-0.8200352397135972,0,0.07423592114647307,0,-3.2361084414704226,0,2.082896943700412,0,0.3711128829032474,0
uniform,True,5.0,19,undersplit_25,0.9092867091365948,0,-1.0296887452108163,0,0.0876053048975553,0,-3.89511479671939,0,1.8504963347748689,0,0.36136085851212607,0
uniform,True,5.0,20,clean,0.9064732023703657,0,-0.896364885540002,0,0.08604615671129506,0,-5.838819938863885,0,1.995177394450163,0,0.33186323059237266,0
uniform,True,5.0,20,confuse_6.7,0.808810550114087,0,-0.5585279821848077,0,0.05234175461738315,0,-2.821351428755444,0,2.8140166257822488,0,0.32143024065518905,0
uniform,True,5.0,20,confuse_19.19,0.7213569561716726,0,-0.34290219236433506,0,0.0629931005781448,0,-2.2992815747083606,0,3.208734431612558,0,0.2938084948838027,0
uniform,True,5.0,20,oversplit_25,0.908063924898863,0,-0.7721342284850329,0,0.06577237632193714,0,-3.7321923462765643,0,2.1942280190651813,0,0.33943776949071564,0
uniform,True,5.0,20,undersplit_25,0.9053804584416011,0,-0.963108356564369,0,0.07072518064173682,0,-4.469646675918038,0,2.4098417195318955,0,0.31359035457085727,0
uniform,True,5.0,21,clean,0.90563343369308,0,-0.9528952212951751,0,0.08917937036992846,0,-5.674015585713259,0,2.2147420524628805,0,0.3666338989516435,0
uniform,True,5.0,21,confuse_6.7,0.8034014713753883,0,-0.5836967740352135,0,0.04678531455788048,0,-2.4258697403938654,0,2.584535838685853,0,0.3292624914768516,0
uniform,True,5.0,21,confuse_19.19,0.7133953858818392,0,-0.3392164735961862,0,0.06071016608882536,0,-2.1530065291250877,0,3.2226592531799536,0,0.30249332932515904,0
uniform,True,5.0,21,oversplit_25,0.915110998687966,0,-0.8196301695718557,0,0.07168904809125846,0,-3.6876677418520836,0,2.4347622343353006,0,0.35838702406407374,0
uniform,True,5.0,21,undersplit_25,0.9106385197040352,0,-1.0455522406387923,0,0.08203510866157163,0,-3.8303182191437495,0,1.8371754425843885,0,0.37223234184657233,0
uniform,True,5.0,22,clean,0.8978238668018976,0,-0.9414190243451647,0,0.09710624779443949,0,-5.750999078747325,0,2.7010640664960857,0,0.37594423512739844,0
uniform,True,5.0,22,confuse_6.7,0.8214870634888329,0,-0.5747246775010391,0,0.0436306581557257,0,-2.281369972201759,0,2.8044763233438985,0,0.3530014417183561,0
uniform,True,5.0,22,confuse_19.19,0.7142764518771949,0,-0.3439055500297502,0,0.058238793383784605,0,-2.2163887572207432,0,3.2112740573365874,0,0.3126145753298992,0
uniform,True,5.0,22,oversplit_25,0.9125908833770907,0,-0.7727366329904313,0,0.06627902163525018,0,-3.3250427727624405,0,2.2733286933113126,0,0.36899817415401104,0
uniform,True,5.0,22,undersplit_25,0.8949872150181843,0,-0.9770593579729886,0,0.08747896563790616,0,-4.832149147487117,0,2.6862089435858616,0,0.3432664597058884,0
uniform,True,5.0,23,clean,0.9059910168070782,0,-0.9475339987437722,0,0.09378916911506857,0,-5.917422610280698,0,2.0202698800302867,0,0.3564251240805515,0
uniform,True,5.0,23,confuse_6.7,0.8142824680771482,0,-0.5765180364224713,0,0.04945680173758251,0,-2.570497949937362,0,2.5787461153291495,0,0.3359781717284186,0
uniform,True,5.0,23,confuse_19.19,0.7155436519330549,0,-0.35661651835909053,0,0.05639692474577858,0,-2.028039911464176,0,3.180777468330451,0,0.30731816234982356,0
uniform,True,5.0,23,oversplit_25,0.9169128544088889,0,-0.8185523031833521,0,0.07242480387114299,0,-3.4295218139051205,0,2.1568871001460477,0,0.3515172888194629,0
uniform,True,5.0,23,undersplit_25,0.8970985271272064,0,-1.025784134618348,0,0.07739097680935288,0,-4.423634089337822,0,2.554614545476992,0,0.336925075293444,0
uniform,True,5.0,24,clean,0.903606273184175,0,-0.9768019345852347,0,0.09889321514658678,0,-5.509996309443024,0,2.025578889869946,0,0.34588040016571986,0
uniform,True,5.0,24,confuse_6.7,0.8354312287350567,0,-0.6021876119506713,0,0.04936310102306102,0,-2.406997240564344,0,2.563635236633225,0,0.3253267195323101,0
uniform,True,5.0,24,confuse_19.19,0.7308340743773881,0,-0.3699624454973446,0,0.06287571548247586,0,-2.1823405880206797,0,3.1299429842573447,0,0.29853536800464975,0
uniform,True,5.0,24,oversplit_25,0.9158200580200946,0,-0.8244744130804771,0,0.06958657283342837,0,-3.1930266152440883,0,2.1080693167792717,0,0.3467467139693526,0
uniform,True,5.0,24,undersplit_25,0.8988608370197915,0,-1.0217437583610505,0,0.08733535575918046,0,-4.434716996226856,0,1.8410406899619067,0,0.3297127992148894,0
uniform,True,5.0,25,clean,0.8932162123524046,0,-0.9770691981974289,0,0.08585664422306609,0,-4.784615597844589,0,2.1644980620523766,0,0.35161893701685526,0
uniform,True,5.0,25,confuse_6.7,0.8420310456911261,0,-0.6280095590216728,0,0.05001629735083468,0,-2.2257595365653957,0,2.730484028954301,0,0.31409736260326077,0
uniform,True,5.0,25,confuse_19.19,0.7414420751403871,0,-0.3841433765646474,0,0.05956124951417475,0,-1.8913698473190599,0,3.064518978710597,0,0.30397093254820384,0
uniform,True,5.0,25,oversplit_25,0.9222547192792079,0,-0.8222761774596439,0,0.062454666610594,0,-2.9837398299554634,0,2.1795572655538873,0,0.35895249142126096,0
uniform,True,5.0,25,undersplit_25,0.8961825612989647,0,-1.0176559458471226,0,0.081529706370543,0,-4.1083136922639465,0,2.2677659881347187,0,0.3438720331729329,0
uniform,True,5.0,26,clean,0.8992221347905236,0,-0.9776500754564379,0,0.08407007668248972,0,-5.1367566066975066,0,2.0919634471401745,0,0.3999739959610526,0
uniform,True,5.0,26,confuse_6.7,0.8168713730575767,0,-0.6045979527958677,0,0.04580294354671409,0,-2.316249152487137,0,2.5346407490375613,0,0.3823776456099428,0
uniform,True,5.0,26,confuse_19.19,0.7098814184925408,0,-0.35294300629964487,0,0.0606186561877446,0,-2.1848778156902604,0,3.2028505753942493,0,0.31124423969688764,0
uniform,True,5.0,26,oversplit_25,0.9030291462871028,0,-0.8287021952824118,0,0.07100101166852256,0,-3.617287399685317,0,2.2670679639964,0,0.36902200192735635,0
uniform,True,5.0,26,undersplit_25,0.8949753489780778,0,-1.043443174330284,0,0.08132875405133318,0,-4.0851582819394,0,1.8561289455211598,0,0.3550123907892737,0
uniform,True,5.0,27,clean,0.9044168707804949,0,-0.9388760247081698,0,0.09665229832545402,0,-5.749288390298597,0,2.0562807002607713,0,0.36601030764034037,0
uniform,True,5.0,27,confuse_6.7,0.8112182320109669,0,-0.5679381511952659,0,0.04946454366371933,0,-2.687504522324142,0,2.519478115251467,0,0.34002182171714934,0
uniform,True,5.0,27,confuse_19.19,0.7147625262903837,0,-0.3357582991979481,0,0.05708410411947008,0,-2.3188501430446484,0,3.2330743153759016,0,0.30545049161269444,0
uniform,True,5.0,27,oversplit_25,0.9156895560207537,0,-0.7861863287009028,0,0.08141569795117332,0,-3.551000305971786,0,2.2542515000268937,0,0.3674835954789175,0
uniform,True,5.0,27,undersplit_25,0.9009171507456577,0,-0.9924308153253565,0,0.0944782103212746,0,-4.572159572920528,0,1.9090216367882546,0,0.35239054155452254,0
uniform,True,5.0,28,clean,0.8935870243842006,0,-0.9347423967797142,0,0.08442149073140318,0,-5.184461732228256,0,1.9600666111855845,0,0.3670543576782347,0
uniform,True,5.0,28,confuse_6.7,0.7974720483997617,0,-0.5586726519453048,0,0.048994105130601734,0,-2.4267388708648863,0,2.5699285402645593,0,0.3430725652338069,0
uniform,True,5.0,28,confuse_19.19,0.7078725930721598,0,-0.3527165122340341,0,0.0588326501976935,0,-2.170256466677869,0,3.2164734452002035,0,0.30710572056776214,0
uniform,True,5.0,28,oversplit_25,0.9209755816777182,0,-0.8012309931202772,0,0.06591606245269654,0,-2.843613832830459,0,2.087475240930103,0,0.360450971925354,0
uniform,True,5.0,28,undersplit_25,0.8880055650253338,0,-1.0346579385216657,0,0.07618937965862735,0,-3.2578663832508594,0,2.7950359108780813,0,0.3448833566233803,0
uniform,True,5.0,29,clean,0.8982282935315709,0,-0.9970832453609997,0,0.09078496861538113,0,-5.440167169941138,0,1.9043518584660435,0,0.35286534663019387,0
uniform,True,5.0,29,confuse_6.7,0.8100517394753157,0,-0.5988580329268313,0,0.04531293333295227,0,-2.2980241405345168,0,2.7684360021919234,0,0.32982912586023455,0
uniform,True,5.0,29,confuse_19.19,0.7101289394147061,0,-0.3488608702761321,0,0.058994407622158476,0,-2.182967197923224,0,3.1239250270521604,0,0.2831201878679661,0
uniform,True,5.0,29,oversplit_25,0.92307775807509,0,-0.8313046227881432,0,0.06587822533328283,0,-3.102901280267382,0,2.2321946172665816,0,0.32885292517269415,0
uniform,True,5.0,29,undersplit_25,0.8989148300654413,0,-1.044259260477127,0,0.08108509567105662,0,-3.958802840682746,0,1.9950867088617417,0,0.33413415672036495,0
uniform,False,1.0,0,clean,0.8318530207206558,0,-0.817306588891269,0,0.23863471777050968,0,-1.734093643209836,0,5.616782711681992,0,0.7184691919474036,0
uniform,False,1.0,0,confuse_6.7,0.8200313067302062,0,-0.5726252887831762,0,0.10106670314979509,0,-1.4914563634103208,0,3.721428375744474,0,0.6204734476539228,0
uniform,False,1.0,0,confuse_19.19,0.6984470578239245,0,-0.32808988457066113,0,0.07795191931321108,0,-1.9919764269385825,0,3.328981722974204,0,0.4813338748871019,0
uniform,False,1.0,0,oversplit_25,0.8659479320638529,0,-0.6950923344892228,0,0.20383483172263614,0,-1.6330983593846389,0,2.762099357603386,0,0.6404278402434941,0
uniform,False,1.0,0,undersplit_25,0.8511147396046186,0,-0.746614080323619,0,0.20787310134527082,0,-1.7571307676633987,0,4.639650097772529,0,0.6394621494088144,0
uniform,False,1.0,1,clean,0.835731847164168,0,-0.7912270957317591,0,0.2224149773222498,0,-1.7912911931756068,0,5.108943659822881,0,0.6985981251872422,0
uniform,False,1.0,1,confuse_6.7,0.8082414107766149,0,-0.5469679386369577,0,0.09923690501164227,0,-1.521940404205481,0,3.7857845100910574,0,0.6054451849806965,0
uniform,False,1.0,1,confuse_19.19,0.7113170214935924,0,-0.33624300347759306,0,0.08544224295796257,0,-2.0955228795512006,0,3.2988692136922833,0,0.4671744601433431,0
uniform,False,1.0,1,oversplit_25,0.8665111815236546,0,-0.6918880456530973,0,0.19594051315447597,0,-1.700261055019945,0,2.3641927242583893,0,0.634434185042791,0
uniform,False,1.0,1,undersplit_25,0.8562013355652957,0,-0.7437648479840563,0,0.19707248671945887,0,-1.7980679085158644,0,4.354902205058144,0,0.6164023358503747,0
uniform,False,1.0,2,clean,0.8456901164447456,0,-0.7862440197108658,0,0.22594727840806325,0,-1.8153126188489934,0,3.8862816708731183,0,0.6833754088983539,0
uniform,False,1.0,2,confuse_6.7,0.8009592191222341,0,-0.547642624404161,0,0.09007289882623376,0,-1.5165728988930993,0,2.9074017017666405,0,0.5973660648384994,0
uniform,False,1.0,2,confuse_19.19,0.6784739679528649,0,-0.3199671117838894,0,0.08179183062568088,0,-2.3250126537861844,0,3.420363982302808,0,0.4457919255749991,0
uniform,False,1.0,2,oversplit_25,0.8671370923827058,0,-0.6662590531398662,0,0.19073228332802095,0,-1.7139406641069292,0,3.131152717951763,0,0.6076526072051485,0
uniform,False,1.0,2,undersplit_25,0.8519805979167894,0,-0.7315744313972365,0,0.20443628708085582,0,-1.8880522694960111,0,4.045267342889473,0,0.6000862881188482,0
uniform,False,1.0,3,clean,0.8352610594274082,0,-0.7772973321577692,0,0.23960422582926386,0,-1.991776305076986,0,4.487519157847753,0,0.7209236616716634,0
uniform,False,1.0,3,confuse_6.7,0.8074632302304422,0,-0.5376210813061958,0,0.086779074852561,0,-1.5326369820065753,0,3.472270716464557,0,0.6303757562257437,0
uniform,False,1.0,3,confuse_19.19,0.6878942021125442,0,-0.3091289646085455,0,0.07946781543382064,0,-2.4555624644807685,0,3.423183237687712,0,0.4725641049364506,0
uniform,False,1.0,3,oversplit_25,0.8576009005970338,0,-0.6432542557706206,0,0.1828887534513844,0,-1.8558648747269764,0,2.7446414392126552,0,0.6407125664607315,0
uniform,False,1.0,3,undersplit_25,0.8563698432282155,0,-0.7341984830591979,0,0.2162329725927883,0,-1.9294036950717097,0,3.3107466848346707,0,0.6092451215372399,0
uniform,False,1.0,4,clean,0.8361244257994525,0,-0.791055290562754,0,0.24825250571161073,0,-1.9495481455875365,0,4.3354152938787545,0,0.7132166763161494,0
uniform,False,1.0,4,confuse_6.7,0.8038777564969347,0,-0.5428840814202731,0,0.0880687507412262,0,-1.5095881090975474,0,3.0367755821028233,0,0.6173894903571489,0
uniform,False,1.0,4,confuse_19.19,0.6928915161936318,0,-0.3197210649860236,0,0.07620209570584403,0,-2.292500365824034,0,3.3782369428540133,0,0.472170496753333,0
uniform,False,1.0,4,oversplit_25,0.8640918937665436,0,-0.6713554197703628,0,0.19450577326279006,0,-1.8406970362785955,0,3.9218865214058,0,0.6530642123573744,0
uniform,False,1.0,4,undersplit_25,0.8468547559568496,0,-0.732158037668753,0,0.20920976222640156,0,-1.862100268784209,0,3.7499099843763384,0,0.6114305485314047,0
uniform,False,1.0,5,clean,0.8362538792061043,0,-0.7698396429391456,0,0.24293663203705612,0,-1.9966881489029573,0,4.9370781092571185,0,0.7052861914931104,0
uniform,False,1.0,5,confuse_6.7,0.7948216252552803,0,-0.5265979094847593,0,0.09839876173547915,0,-1.6959111557098656,0,3.7211513448084617,0,0.6019813816220391,0
uniform,False,1.0,5,confuse_19.19,0.7060088044605355,0,-0.33058052197473636,0,0.0855872417824842,0,-2.245151899945488,0,3.2952218386139736,0,0.46477766418280014,0
uniform,False,1.0,5,oversplit_25,0.8535320871551986,0,-0.6526735220084072,0,0.19463606185658505,0,-1.8884887624652165,0,2.960560364419811,0,0.632647054106278,0
uniform,False,1.0,5,undersplit_25,0.8507061343540758,0,-0.7315024786129354,0,0.2202251971622221,0,-1.9553481007448057,0,3.881141611473148,0,0.6197912363980203,0
uniform,False,1.0,6,clean,0.8466439021046589,0,-0.7971972155110575,0,0.23236176531933866,0,-1.8576787612747994,0,4.457608657290972,0,0.7188439995125913,0
uniform,False,1.0,6,confuse_6.7,0.821605740518071,0,-0.5614087435489885,0,0.09457790193611203,0,-1.5394070292624211,0,3.2820104862423887,0,0.631213109632308,0
uniform,False,1.0,6,confuse_19.19,0.7113426680702056,0,-0.3360556667417979,0,0.08578224187084377,0,-2.1602512905322726,0,3.2874039581697243,0,0.4753593788190307,0
uniform,False,1.0,6,oversplit_25,0.8754653754428787,0,-0.6631714872811172,0,0.18175678626667416,0,-1.7262861827259766,0,2.7721528707311345,0,0.6626232859891601,0
uniform,False,1.0,6,undersplit_25,0.8564830917995866,0,-0.7508982884611437,0,0.20243948043332316,0,-1.8143497355964238,0,3.6663897111315586,0,0.629951109810849,0
uniform,False,1.0,7,clean,0.833584586312845,0,-0.7825293507026893,0,0.23752130596922194,0,-1.8149100216079186,0,5.03809794864549,0,0.7096139436655626,0
uniform,False,1.0,7,confuse_6.7,0.7879745618667483,0,-0.5246734188358222,0,0.09103566108719716,0,-1.5542417069743093,0,4.049572960694107,0,0.6142529895547336,0
uniform,False,1.0,7,confuse_19.19,0.7029021123571393,0,-0.32771253975025655,0,0.09148446146224079,0,-2.194110330645337,0,3.3086913533432005,0,0.4619488670934252,0
uniform,False,1.0,7,oversplit_25,0.871257555552037,0,-0.6848380922824814,0,0.19698401240161256,0,-1.6451375572234086,0,3.0523942191562616,0,0.6564868506748824,0
uniform,False,1.0,7,undersplit_25,0.8482501709220653,0,-0.7272778472673351,0,0.20996744903204678,0,-1.831702355265062,0,4.4054402611237276,0,0.6231730481599906,0
uniform,False,1.0,8,clean,0.8329201015099243,0,-0.7797002648793873,0,0.2359298004166036,0,-1.845688359183073,0,4.4309145262649485,0,0.7042341938531695,0
uniform,False,1.0,8,confuse_6.7,0.7983193177763823,0,-0.53253358406235,0,0.08847320316055178,0,-1.478941562927074,0,3.6509180683615154,0,0.6149442300247543,0
uniform,False,1.0,8,confuse_19.19,0.6722298960488378,0,-0.3067569155692004,0,0.07757899956514237,0,-2.3821764771316754,0,3.5386284028027077,0,0.45723697361801996,0
uniform,False,1.0,8,oversplit_25,0.8449626846650131,0,-0.6522571150239499,0,0.1858031527330135,0,-1.8366584578637917,0,2.967510037826706,0,0.6261863199509434,0
uniform,False,1.0,8,undersplit_25,0.8427930844054303,0,-0.7297999471449521,0,0.19865691109445077,0,-1.7866620712431707,0,3.3333375771063807,0,0.6229878042841641,0
uniform,False,1.0,9,clean,0.8342808729938038,0,-0.7821239435809619,0,0.23333276635547703,0,-1.9872833054735017,0,4.8966729201676555,0,0.7093811135736112,0
uniform,False,1.0,9,confuse_6.7,0.8080022130522095,0,-0.5571222669947218,0,0.09666737025020511,0,-1.5044004672827263,0,3.399885869868573,0,0.6177986473726176,0
uniform,False,1.0,9,confuse_19.19,0.6886156492860818,0,-0.31590535778236883,0,0.08237993915937922,0,-2.21053375642116,0,3.3974830557576006,0,0.47814363485354067,0
uniform,False,1.0,9,oversplit_25,0.8568747366697543,0,-0.6610639292013709,0,0.18283719276799854,0,-1.754949046047242,0,2.7418251107126563,0,0.6317111962400783,0
uniform,False,1.0,9,undersplit_25,0.8496398125284674,0,-0.7323568100083238,0,0.20823280958746299,0,-1.8039993911139804,0,3.961626818808478,0,0.6205923889695533,0
uniform,False,1.0,10,clean,0.8423399776824212,0,-0.7891952255518864,0,0.23038276009521164,0,-1.8649528848755303,0,4.683225152585334,0,0.7105050026885711,0
uniform,False,1.0,10,confuse_6.7,0.812376919858284,0,-0.5422127242320245,0,0.09047720826676672,0,-1.5514678453524207,0,3.3810057093319346,0,0.615242112192725,0
uniform,False,1.0,10,confuse_19.19,0.7037977976287871,0,-0.3263021293379498,0,0.0866381575378539,0,-2.1632009560350554,0,3.3447632472949045,0,0.4758032620900692,0
uniform,False,1.0,10,oversplit_25,0.8684660694272841,0,-0.6532380287808275,0,0.184026769605094,0,-1.7609655025004671,0,2.671048843821832,0,0.6374736607657985,0
uniform,False,1.0,10,undersplit_25,0.8577815282596453,0,-0.7553062576327569,0,0.20398697341698202,0,-1.6056600025360386,0,3.6180224560452583,0,0.613826419827443,0
uniform,False,1.0,11,clean,0.8357416114951588,0,-0.7837266940310551,0,0.25537597712387405,0,-1.9553235145095589,0,4.955638707992793,0,0.7057445724114642,0
uniform,False,1.0,11,confuse_6.7,0.7955146463174535,0,-0.535474192646607,0,0.08921965096842854,0,-1.4864457102590074,0,3.8256524265418843,0,0.6163362457178077,0
uniform,False,1.0,11,confuse_19.19,0.6991265408399944,0,-0.3221703491158784,0,0.08223579804187639,0,-2.1670295297080044,0,3.3361656850179235,0,0.4646627182572062,0
uniform,False,1.0,11,oversplit_25,0.8590267940322249,0,-0.6718621136413003,0,0.2024322060142641,0,-1.673402399400255,0,2.2881877988288424,0,0.6397750836946695,0
uniform,False,1.0,11,undersplit_25,0.8594913157390487,0,-0.7514086210379545,0,0.23282216203943146,0,-1.8315573073581115,0,3.395734941869704,0,0.6098461803114398,0
uniform,False,1.0,12,clean,0.8315787875312051,0,-0.7660800836833289,0,0.20085908655656398,0,-1.7448647269668638,0,3.980283678334102,0,0.7091475613474558,0
uniform,False,1.0,12,confuse_6.7,0.7980683146590672,0,-0.5340469514955104,0,0.089010378639695,0,-1.514183586091257,0,2.7503774933360976,0,0.6183001731582904,0
uniform,False,1.0,12,confuse_19.19,0.6916177747988581,0,-0.3276745392596132,0,0.08132165945858906,0,-2.1798852268709865,0,3.3708643018621043,0,0.47812481714922683,0
uniform,False,1.0,12,oversplit_25,0.8629070635442653,0,-0.6691137586445999,0,0.1858335060898389,0,-1.6515561392891092,0,2.71319382939898,0,0.6365408605499041,0
uniform,False,1.0,12,undersplit_25,0.845024924879364,0,-0.7165062258888073,0,0.19778082328164798,0,-1.8157760844553517,0,3.418776864928511,0,0.6023150387427443,0
uniform,False,1.0,13,clean,0.8296681041239299,0,-0.7524503765120374,0,0.22130735612140442,0,-1.9888407538836852,0,6.579091348740798,0,0.7186552052419768,0
uniform,False,1.0,13,confuse_6.7,0.7809893960604137,0,-0.503188262530204,0,0.0855526076008179,0,-1.706364646065444,0,3.9476399999209693,0,0.6208827254161965,0
uniform,False,1.0,13,confuse_19.19,0.7054550601963793,0,-0.30793817519172706,0,0.07956894284650615,0,-2.20077176271026,0,3.5633616176908984,0,0.4765108163308378,0
uniform,False,1.0,13,oversplit_25,0.8647437367702548,0,-0.6403020390992469,0,0.1791306880085614,0,-1.7972000911538006,0,2.8185396412300037,0,0.6418383447919002,0
uniform,False,1.0,13,undersplit_25,0.8444983136011184,0,-0.7037804243331172,0,0.20578377087639071,0,-1.959270514323506,0,4.772049459007219,0,0.6249880561539523,0
uniform,False,1.0,14,clean,0.8409125314737882,0,-0.791386949600885,0,0.24224590021676198,0,-1.8930767071085524,0,5.042870227412954,0,0.6858444681083191,0
uniform,False,1.0,14,confuse_6.7,0.8091317699988617,0,-0.541036713546281,0,0.09456724920026172,0,-1.6084661214604559,0,3.488042675627959,0,0.5985068194943248,0
uniform,False,1.0,14,confuse_19.19,0.7060135864211853,0,-0.3234196197765085,0,0.08390813133046582,0,-2.107861793650843,0,3.302345928153678,0,0.4618777253484401,0
uniform,False,1.0,14,oversplit_25,0.86612627674021,0,-0.6711050572728674,0,0.1989169765807069,0,-1.6900111077288371,0,2.6125570456170863,0,0.6122689803816206,0
uniform,False,1.0,14,undersplit_25,0.8492757067363124,0,-0.7293370632827708,0,0.21940071225847915,0,-1.8848977062523233,0,4.539653937900399,0,0.5926659260468982,0
uniform,False,1.0,15,clean,0.832381937940833,0,-0.7830608369869765,0,0.22297572129166932,0,-1.7841614291397585,0,4.812318156002957,0,0.7015447876903529,0
uniform,False,1.0,15,confuse_6.7,0.7857634104573106,0,-0.5299683616494719,0,0.07641240608703867,0,-1.3481908491213592,0,3.39873545559102,0,0.6188702033260505,0
uniform,False,1.0,15,confuse_19.19,0.6879694334555126,0,-0.31341828374783937,0,0.08089248469577152,0,-2.2689680154372165,0,3.419370021359342,0,0.4677807549054779,0
uniform,False,1.0,15,oversplit_25,0.8648382196894245,0,-0.6618571806078677,0,0.1800711755800462,0,-1.6433299334103553,0,2.5914042310727305,0,0.632650482179392,0
uniform,False,1.0,15,undersplit_25,0.8504678976157024,0,-0.7135921533556602,0,0.19528251149566553,0,-2.004679085978194,0,3.517022141255314,0,0.6107125712346901,0
uniform,False,1.0,16,clean,0.8328581558872117,0,-0.7711118484879604,0,0.22261854186894187,0,-1.8503857870912617,0,4.14836824975143,0,0.681847144747086,0
uniform,False,1.0,16,confuse_6.7,0.7858771264914006,0,-0.5323985716349885,0,0.08861820884727425,0,-1.497895505509237,0,3.2610025642022866,0,0.5946667965258432,0
uniform,False,1.0,16,confuse_19.19,0.6951966622567178,0,-0.3269774291000733,0,0.08063624718152258,0,-2.142636675855444,0,3.35334440195306,0,0.4562063878648843,0
uniform,False,1.0,16,oversplit_25,0.8741299835212225,0,-0.671435205990631,0,0.18445058135350695,0,-1.7744214907980274,0,2.78881760518456,0,0.6381184410509332,0
uniform,False,1.0,16,undersplit_25,0.8424958133401051,0,-0.711975445245058,0,0.19909795851611634,0,-1.9017306395574722,0,3.3545653583716,0,0.5941021976215282,0
uniform,False,1.0,17,clean,0.8320920630304156,0,-0.771164945745905,0,0.24530579517324747,0,-2.026694750843358,0,4.929818399468813,0,0.719045903850678,0
uniform,False,1.0,17,confuse_6.7,0.798907373991795,0,-0.5370821324240436,0,0.10010124345395362,0,-1.617353922706485,0,4.836644453492298,0,0.6212753614869713,0
uniform,False,1.0,17,confuse_19.19,0.6893575380883876,0,-0.30938688873842785,0,0.0819307628681398,0,-2.2945572416105264,0,3.3958444540281736,0,0.4742482251573147,0
uniform,False,1.0,17,oversplit_25,0.8580805891120928,0,-0.6541094586973213,0,0.19515884806745618,0,-1.72246420982566,0,3.088042402463719,0,0.6449315724365192,0
uniform,False,1.0,17,undersplit_25,0.8555340703054439,0,-0.7262135647589671,0,0.20386506369844987,0,-1.9054986053757146,0,3.0005710392171943,0,0.6056823708349399,0
uniform,False,1.0,18,clean,0.8235896446935763,0,-0.7661587919140334,0,0.2506337903257762,0,-2.0521001218900503,0,5.590111748081514,0,0.7093622027195265,0
uniform,False,1.0,18,confuse_6.7,0.7904128943819845,0,-0.5187674330196197,0,0.0964110963030716,0,-1.7469421798055786,0,4.182425209106936,0,0.6009828416332951,0
uniform,False,1.0,18,confuse_19.19,0.7015609403307108,0,-0.32341108133328955,0,0.08585180709887404,0,-2.3147619625153584,0,3.354104077112802,0,0.4617221780121957,0
uniform,False,1.0,18,oversplit_25,0.8631043502237976,0,-0.6647457020453564,0,0.19144509101928792,0,-1.7005694105692775,0,3.1268247382203276,0,0.6356425665652934,0
uniform,False,1.0,18,undersplit_25,0.8501474038152308,0,-0.7176177746688313,0,0.20408174894063683,0,-1.946209946487224,0,4.3205554831709225,0,0.6087250709168326,0
uniform,False,1.0,19,clean,0.8368505138358522,0,-0.7714965628696533,0,0.21542350990518633,0,-1.7895115728802926,0,4.0557528179222855,0,0.696164712027979,0
uniform,False,1.0,19,confuse_6.7,0.7947396075628639,0,-0.5328007702995295,0,0.08856147799665934,0,-1.5072080430667782,0,3.4291676682112744,0,0.6011464486335825,0
uniform,False,1.0,19,confuse_19.19,0.7025019736451366,0,-0.33549732264852844,0,0.08758290354532858,0,-2.209956225322628,0,3.300380026777523,0,0.4646036299018645,0
uniform,False,1.0,19,oversplit_25,0.8562422458881913,0,-0.66469306900202,0,0.19098828432921855,0,-1.7771910925407912,0,3.3984032399338195,0,0.6301926901807207,0
uniform,False,1.0,19,undersplit_25,0.8386996285398658,0,-0.7150622859173532,0,0.19495039237278244,0,-1.9914446121965281,0,3.3308277077070034,0,0.6239055478090083,0
uniform,False,1.0,20,clean,0.8303077281598084,0,-0.7757042880743423,0,0.24048491226451954,0,-1.8601807724420578,0,5.77828895009813,0,0.7131640998954183,0
uniform,False,1.0,20,confuse_6.7,0.7935366490637997,0,-0.5231986666596249,0,0.08535516285031322,0,-1.5039627752458642,0,3.0209689458725526,0,0.6263267962719916,0
uniform,False,1.0,20,confuse_19.19,0.7059187188761173,0,-0.3211724565543723,0,0.08279522453293547,0,-2.1486411078955143,0,3.32593352227323,0,0.4650587725872945,0
uniform,False,1.0,20,oversplit_25,0.8696367986720053,0,-0.6663311630774408,0,0.1973401199782426,0,-1.749366866349134,0,3.992324312950211,0,0.6383238208972899,0
uniform,False,1.0,20,undersplit_25,0.8465825450789459,0,-0.7281753337285128,0,0.20842326375896403,0,-1.8044077580398137,0,4.9008004055360805,0,0.609245627869685,0
uniform,False,1.0,21,clean,0.8392586323956366,0,-0.8016198765041347,0,0.23067403589372037,0,-1.8106620601786563,0,3.471648303315556,0,0.7012445981521143,0
uniform,False,1.0,21,confuse_6.7,0.7993710381634517,0,-0.5514792548378324,0,0.09221994803178582,0,-1.4690034066218964,0,3.0110673487087904,0,0.6046613231453843,0
uniform,False,1.0,21,confuse_19.19,0.6974001213840133,0,-0.32432250143699626,0,0.08727138610177806,0,-2.176680212233592,0,3.2583706391479685,0,0.45866186270723763,0
uniform,False,1.0,21,oversplit_25,0.8698910585099136,0,-0.6812802525809719,0,0.19204648231590765,0,-1.7328957018456297,0,2.8153042242012623,0,0.6277559511420832,0
uniform,False,1.0,21,undersplit_25,0.8493263632199777,0,-0.7545862443093662,0,0.21247173319569346,0,-1.8475941057681384,0,3.686653179370304,0,0.6096628631801726,0
uniform,False,1.0,22,clean,0.8256928268329068,0,-0.7837694433365003,0,0.2341087139046255,0,-1.8836895955812243,0,5.14174471540286,0,0.7132224856933149,0
uniform,False,1.0,22,confuse_6.7,0.7895589956557303,0,-0.5297763672907742,0,0.08877837275978231,0,-1.5883724463862703,0,3.029030023370103,0,0.6187215688207393,0
uniform,False,1.0,22,confuse_19.19,0.6887991455212027,0,-0.3231096498521777,0,0.07677915119816303,0,-2.0272940587480712,0,3.38482763016434,0,0.47488030409755744,0
uniform,False,1.0,22,oversplit_25,0.8591666088108976,0,-0.6701845503053998,0,0.19866066196888782,0,-1.7714149838895783,0,3.6452153602202007,0,0.6335128320644183,0
uniform,False,1.0,22,undersplit_25,0.8551628121217827,0,-0.749754958212544,0,0.22174843571224,0,-1.7722127218740242,0,3.0112218126280146,0,0.6031789312708661,0
uniform,False,1.0,23,clean,0.8319593054828265,0,-0.7776359366651673,0,0.24144030053217339,0,-2.0376028660031666,0,5.263591504130035,0,0.7106967344391147,0
uniform,False,1.0,23,confuse_6.7,0.7933355603424022,0,-0.5230316384184448,0,0.08536136899201403,0,-1.5146400899225525,0,3.3274079915139123,0,0.6117386048645325,0
uniform,False,1.0,23,confuse_19.19,0.6826244961431416,0,-0.3094331175885805,0,0.07851774655948178,0,-2.1222578721281833,0,3.442420617560883,0,0.46644243211897674,0
uniform,False,1.0,23,oversplit_25,0.8599361568816929,0,-0.6573500581706544,0,0.18222196548330072,0,-1.7695066702715647,0,2.5161091243848945,0,0.6271031675344052,0
uniform,False,1.0,23,undersplit_25,0.8481897538818093,0,-0.7402407125419295,0,0.20672123178021737,0,-1.7859649999808034,0,2.9764466441794077,0,0.6308671729054561,0
uniform,False,1.0,24,clean,0.8240242700414225,0,-0.7736823445031024,0,0.24811621048046437,0,-2.105622815312452,0,4.869895518431671,0,0.7171613696197379,0
uniform,False,1.0,24,confuse_6.7,0.7876315225953235,0,-0.5172825533972563,0,0.08057341474392629,0,-1.467466571131213,0,4.300358228517567,0,0.6151576878404517,0
uniform,False,1.0,24,confuse_19.19,0.6849436984631031,0,-0.3153810562992101,0,0.07906730557958427,0,-2.276079312679509,0,3.436382930752794,0,0.4740938548515743,0
uniform,False,1.0,24,oversplit_25,0.8515387518474795,0,-0.6469295725213116,0,0.18535360308709586,0,-1.8375268829279563,0,3.0024247748063195,0,0.6329707720772565,0
uniform,False,1.0,24,undersplit_25,0.8490408937928497,0,-0.7309206270985051,0,0.20040001006672337,0,-1.8271214650138037,0,5.308774362785879,0,0.6035733703694912,0
uniform,False,1.0,25,clean,0.832515340239901,0,-0.7852789204095766,0,0.23878163548638998,0,-1.8152536665490215,0,4.5951583054577805,0,0.7089845534228059,0
uniform,False,1.0,25,confuse_6.7,0.7914557107404008,0,-0.5440656758485558,0,0.0884875162191425,0,-1.4021973045465506,0,3.725136552877692,0,0.6190039163434552,0
uniform,False,1.0,25,confuse_19.19,0.7004054001489491,0,-0.3322626533646827,0,0.08273332467799935,0,-2.0701662601996764,0,3.304686579775005,0,0.4700659599165625,0
uniform,False,1.0,25,oversplit_25,0.864157090168675,0,-0.6702008357639044,0,0.1932448523086891,0,-1.7003288767235767,0,3.5005395013130154,0,0.6354602674386335,0
uniform,False,1.0,25,undersplit_25,0.8572791190568119,0,-0.7350345935050522,0,0.20614027732195023,0,-1.8477458036366943,0,3.334635156574599,0,0.6217827744617106,0
uniform,False,1.0,26,clean,0.8381644049338085,0,-0.7891064125829849,0,0.2355624644016578,0,-1.7581136818234429,0,4.356896068881634,0,0.7030971141286556,0
uniform,False,1.0,26,confuse_6.7,0.8101704466693056,0,-0.5567494987978749,0,0.10211120785638303,0,-1.4673222709290576,0,3.7264141624480427,0,0.6170558933418901,0
uniform,False,1.0,26,confuse_19.19,0.7087787830750529,0,-0.3335207819130291,0,0.08392750125403449,0,-2.0483160760418917,0,3.27995960650076,0,0.47880159952749024,0
uniform,False,1.0,26,oversplit_25,0.8589720316870226,0,-0.6757763848272944,0,0.1865036881158068,0,-1.6925411027334332,0,2.4879892377552943,0,0.6397512427320664,0
uniform,False,1.0,26,undersplit_25,0.8519153443888487,0,-0.7258019052061694,0,0.2168039660958293,0,-1.8949109936613928,0,4.08636854884535,0,0.6078480249984434,0
uniform,False,1.0,27,clean,0.8377858216316194,0,-0.7518668591198197,0,0.2417974970879501,0,-2.0797749507821153,0,4.659094222743681,0,0.6983342078910242,0
uniform,False,1.0,27,confuse_6.7,0.7827022782879244,0,-0.5081607343603811,0,0.0823880714165168,0,-1.6916835115820321,0,3.8108264895300445,0,0.5994271267645745,0
uniform,False,1.0,27,confuse_19.19,0.6970003911719465,0,-0.31143105503530394,0,0.07757924810348835,0,-2.288058112209074,0,3.385784328426234,0,0.4621798280279456,0
uniform,False,1.0,27,oversplit_25,0.8697051231482547,0,-0.6672650465962584,0,0.20241300257940056,0,-1.8631056142840743,0,2.7459889600297345,0,0.6340721848091114,0
uniform,False,1.0,27,undersplit_25,0.8520460926603046,0,-0.7089170855015575,0,0.2121529054728743,0,-1.930448257302812,0,4.450519574235464,0,0.604468858227751,0
uniform,False,1.0,28,clean,0.8198330842723875,0,-0.7930458059858375,0,0.22943828306609768,0,-1.8608245083844517,0,5.149537523076621,0,0.7177055674198234,0
uniform,False,1.0,28,confuse_6.7,0.804814264435731,0,-0.5576022719922897,0,0.09315542464140593,0,-1.4852437134313152,0,2.9013905476770336,0,0.6358693138877944,0
uniform,False,1.0,28,confuse_19.19,0.6855854411271066,0,-0.31523460141170934,0,0.07685157572776519,0,-2.182664057345671,0,3.4171640616018517,0,0.46438526663023105,0
uniform,False,1.0,28,oversplit_25,0.8613170068835259,0,-0.6641720787397942,0,0.18738427361873172,0,-1.826664229751723,0,3.6276609324463487,0,0.6383201587946328,0
uniform,False,1.0,28,undersplit_25,0.8465404519141371,0,-0.7484502385693305,0,0.21387044795386237,0,-1.8893656714875164,0,3.8344704275977715,0,0.6189194577932655,0
uniform,False,1.0,29,clean,0.8291405145090911,0,-0.7535331705816778,0,0.23486300583887376,0,-1.975312950972224,0,4.594742052454855,0,0.6908290919923644,0
uniform,False,1.0,29,confuse_6.7,0.7970637774947832,0,-0.5226444597127773,0,0.09542327916668483,0,-1.6215843876397393,0,4.0648038758287335,0,0.5991498492481581,0
uniform,False,1.0,29,confuse_19.19,0.697573751396335,0,-0.31419891757918217,0,0.08268146801110282,0,-2.2960183780713908,0,3.3565117198611487,0,0.4554524286615567,0
uniform,False,1.0,29,oversplit_25,0.8648171887711914,0,-0.6392022759675824,0,0.19771752009313695,0,-1.9426552771976513,0,2.9479736022214738,0,0.625531479440869,0
uniform,False,1.0,29,undersplit_25,0.8551950492120393,0,-0.7221664549490765,0,0.20746557014851374,0,-1.8561960016894163,0,3.6288167555943924,0,0.6011584756086377,0
uniform,False,5.0,0,clean,0.8996272867342849,0,-0.9277843490873806,0,0.09119520781218116,0,-5.470791101826327,0,2.074585215173274,0,0.38325745986255294,0
uniform,False,5.0,0,confuse_6.7,0.7988377674864865,0,-0.5581866855417377,0,0.04513781630528044,0,-2.4487738211449486,0,2.6368645637353545,0,0.3513511876253985,0
uniform,False,5.0,0,confuse_19.19,0.7309849556134203,0,-0.35992827757306023,0,0.058378815562398295,0,-2.1158835102861344,0,3.144459878903352,0,0.31438084210131023,0
uniform,False,5.0,0,oversplit_25,0.9189514930119472,0,-0.7856097141751226,0,0.06854455506895235,0,-3.245560730815808,0,2.062642589760485,0,0.3822520836684774,0
uniform,False,5.0,0,undersplit_25,0.9063619151038672,0,-0.990807945787927,0,0.07840405613052798,0,-3.698376870395917,0,2.2830444927672393,0,0.3203991820836708,0
uniform,False,5.0,1,clean,0.9065190871964262,0,-0.9499934836615922,0,0.08930923146225452,0,-5.574199869445044,0,1.9360659901694903,0,0.3275941103752189,0
uniform,False,5.0,1,confuse_6.7,0.8165513220900079,0,-0.5786244725814607,0,0.048165429740685335,0,-2.7318453657244954,0,2.65620895849177,0,0.31351632512236494,0
uniform,False,5.0,1,confuse_19.19,0.7239986020001214,0,-0.35910408025041873,0,0.06136020655563252,0,-2.173530741216704,0,3.0865035699342434,0,0.29841639147133875,0
uniform,False,5.0,1,oversplit_25,0.9180780996505422,0,-0.8189182184222165,0,0.06712211918439678,0,-3.170773071778413,0,2.059912250240867,0,0.33284893929838666,0
uniform,False,5.0,1,undersplit_25,0.9054605553785795,0,-0.9938687865304471,0,0.08528390131889071,0,-4.8558791260645675,0,1.9798394020954024,0,0.31277266069873255,0
uniform,False,5.0,2,clean,0.9125224007309654,0,-0.983996965673111,0,0.09490213153387797,0,-5.465368480866268,0,1.9017360599083255,0,0.3557266145852996,0
uniform,False,5.0,2,confuse_6.7,0.8243390571125293,0,-0.6046777376474113,0,0.050194442002969054,0,-2.3772909759395007,0,2.5937136215201395,0,0.33317521030623165,0
uniform,False,5.0,2,confuse_19.19,0.7296492237507601,0,-0.3760679120158076,0,0.062067899697003964,0,-2.0276339527159855,0,3.0241351425168403,0,0.30726746688136064,0
uniform,False,5.0,2,oversplit_25,0.9219899561973266,0,-0.8209973613587433,0,0.0670415853061471,0,-3.021227001162371,0,2.0984351023326084,0,0.3691806005657551,0
uniform,False,5.0,2,undersplit_25,0.9096688750071833,0,-1.0340936100409095,0,0.08189043476279256,0,-4.095682988536142,0,2.1656985115140377,0,0.3387325443806613,0
uniform,False,5.0,3,clean,0.9034386835057437,0,-0.9186093583600848,0,0.09227683874286337,0,-5.31467749286846,0,1.985806539813427,0,0.36557063111646826,0
uniform,False,5.0,3,confuse_6.7,0.8005775065325722,0,-0.5533808144027579,0,0.04698119115106427,0,-2.5029806191462427,0,2.6395753511227076,0,0.3398335455677292,0
uniform,False,5.0,3,confuse_19.19,0.702420755591858,0,-0.33061394181755516,0,0.05775829664311656,0,-2.329389254289203,0,3.2940808586565957,0,0.2941432735269123,0
uniform,False,5.0,3,oversplit_25,0.9174589522828966,0,-0.780235507359502,0,0.0639198227352557,0,-3.249043681913636,0,2.151941182005616,0,0.35288611075073706,0
uniform,False,5.0,3,undersplit_25,0.9022144380857029,0,-1.0082704942361476,0,0.07659826217258173,0,-3.5387874940753794,0,2.0972576724796603,0,0.36440353736433806,0
uniform,False,5.0,4,clean,0.8973432002588861,0,-0.9562408251203778,0,0.07891345952231814,0,-5.510390951897465,0,2.595574381717571,0,0.3177672425631888,0
uniform,False,5.0,4,confuse_6.7,0.8111790574412681,0,-0.5916779428127613,0,0.04447383805137858,0,-2.28810060867348,0,2.4690359114441387,0,0.302776689274971,0
uniform,False,5.0,4,confuse_19.19,0.7188673413070628,0,-0.34987888391110655,0,0.058603272965699546,0,-2.142207724213835,0,3.2021493533024037,0,0.291429065064248,0
uniform,False,5.0,4,oversplit_25,0.9125144004028899,0,-0.8357444241647225,0,0.05980781227215517,0,-3.6298760300295574,0,2.5854983011667363,0,0.32035529284600306,0
uniform,False,5.0,4,undersplit_25,0.8989389905040974,0,-1.0125338220223603,0,0.07046201123684573,0,-4.6557750880395545,0,1.877252311757031,0,0.30507743709122453,0
uniform,False,5.0,5,clean,0.903590257165838,0,-0.9477835363618221,0,0.08151098628455136,0,-5.311700903108685,0,2.1044119004720425,0,0.3727738516215009,0
uniform,False,5.0,5,confuse_6.7,0.8120026239325152,0,-0.5742917040613498,0,0.04803994458868029,0,-2.5039379128935586,0,2.584989594698957,0,0.3444050511816623,0
uniform,False,5.0,5,confuse_19.19,0.7183680238659345,0,-0.34886500330763254,0,0.058600493803187784,0,-2.16195209766017,0,3.202334562635892,0,0.31866631240446397,0
uniform,False,5.0,5,oversplit_25,0.9183878104200491,0,-0.8066018018741897,0,0.05891766781515747,0,-2.900847537452349,0,2.5242078294637196,0,0.37946100305311914,0
uniform,False,5.0,5,undersplit_25,0.9071301396364871,0,-1.0202849360347672,0,0.07344965308321155,0,-3.369968793069277,0,1.8574615896041957,0,0.3446946737838882,0
uniform,False,5.0,6,clean,0.9077570363136753,0,-0.9474984146951918,0,0.09198345548950347,0,-5.286787396826555,0,1.9551524989211038,0,0.37933898100326424,0
uniform,False,5.0,6,confuse_6.7,0.8204727144107432,0,-0.5804950626485625,0,0.04375066121517173,0,-2.2578005128189127,0,2.5725636388541204,0,0.34609410609268887,0
uniform,False,5.0,6,confuse_19.19,0.6958065258473928,0,-0.3363039373586161,0,0.05707771329649401,0,-2.131600513212022,0,3.2994236390216556,0,0.30169764846935965,0
uniform,False,5.0,6,oversplit_25,0.919330812026159,0,-0.8368182661609631,0,0.06129592177727055,0,-2.873975879683021,0,1.9714987058295472,0,0.40412205766948417,0
uniform,False,5.0,6,undersplit_25,0.9013827158972767,0,-0.9861200519551001,0,0.08905231559925258,0,-4.821684081832604,0,2.0458426505760032,0,0.3362295778651796,0
uniform,False,5.0,7,clean,0.897237146853879,0,-0.962053850283644,0,0.0985810992560037,0,-5.5415851948408354,0,2.3002515977843916,0,0.3870666414047961,0
uniform,False,5.0,7,confuse_6.7,0.8045515368488869,0,-0.5738735167432599,0,0.05068629976147665,0,-2.488457504192528,0,2.6140331996789548,0,0.34762680945609964,0
uniform,False,5.0,7,confuse_19.19,0.7302890107068285,0,-0.36216147053305303,0,0.06275154675582534,0,-2.21912532437073,0,3.1383525740075315,0,0.31441564417161527,0
uniform,False,5.0,7,oversplit_25,0.9158018093786939,0,-0.8190720095839664,0,0.060413647766804704,0,-3.073468438962717,0,2.003573960173344,0,0.386770149193289,0
uniform,False,5.0,7,undersplit_25,0.896355520005004,0,-0.991673562597875,0,0.09154361629662588,0,-4.978120833573285,0,2.179899168538986,0,0.3811752563682401,0
uniform,False,5.0,8,clean,0.9074965363771307,0,-0.9190780263747054,0,0.08801932441929419,0,-5.871627152609284,0,2.0017441269756904,0,0.3550427639241332,0
uniform,False,5.0,8,confuse_6.7,0.8291261998435075,0,-0.5806978583203725,0,0.051416639587739926,0,-2.6678338906627044,0,2.4811707900268036,0,0.3328282564171832,0
uniform,False,5.0,8,confuse_19.19,0.7137737191421987,0,-0.3404461282612213,0,0.05997942521363235,0,-2.2410073718951495,0,3.2300071214805097,0,0.29579867004814286,0
uniform,False,5.0,8,oversplit_25,0.9100188477994848,0,-0.7849675799366036,0,0.05778514052689952,0,-3.3720326959757934,0,2.21503061671455,0,0.3710088913112192,0
uniform,False,5.0,8,undersplit_25,0.9070970742855046,0,-0.9716055832674395,0,0.0826130026614813,0,-4.894853604768746,0,2.1623700310054357,0,0.36174665024907826,0
uniform,False,5.0,9,clean,0.9006072751589793,0,-0.9130962078385848,0,0.09447585169195084,0,-5.582823097698494,0,1.986100989791454,0,0.35091127929551824,0
uniform,False,5.0,9,confuse_6.7,0.8017042454603752,0,-0.5553445305591053,0,0.05165535767505458,0,-2.6263628489379856,0,2.6200680054317087,0,0.3219922877599929,0
uniform,False,5.0,9,confuse_19.19,0.7053753063062571,0,-0.33544058410785993,0,0.0642425886657167,0,-2.4200875064394642,0,3.263323189642672,0,0.3062873867924226,0
uniform,False,5.0,9,oversplit_25,0.909575948566999,0,-0.7649372560168036,0,0.07125785816708557,0,-3.7095276537129553,0,2.098989000990888,0,0.34798261909707773,0
uniform,False,5.0,9,undersplit_25,0.8988250175953745,0,-0.9813758735383725,0,0.08456822283300547,0,-4.274184651651845,0,2.30377863926527,0,0.3398636100501674,0
uniform,False,5.0,10,clean,0.9029681332796762,0,-0.9861453752556892,0,0.0951568924789411,0,-5.499300676432137,0,2.143631493027476,0,0.3622411345920872,0
uniform,False,5.0,10,confuse_6.7,0.8157839250510966,0,-0.6001073361242093,0,0.04849640522076683,0,-2.396973657032055,0,2.439041747589089,0,0.34087644570805625,0
uniform,False,5.0,10,confuse_19.19,0.7187367572862555,0,-0.3579328995208926,0,0.05939712690892273,0,-2.0985086725456323,0,3.164733339345029,0,0.2941923751577744,0
uniform,False,5.0,10,oversplit_25,0.9160259741093604,0,-0.8545261132220289,0,0.06926635957009528,0,-2.789005032906449,0,2.3160450769364878,0,0.34513395378480105,0
uniform,False,5.0,10,undersplit_25,0.9045751138027007,0,-1.0279495691468927,0,0.08771985713698803,0,-4.373269256725073,0,2.3755485299557466,0,0.3368457731441183,0
uniform,False,5.0,11,clean,0.8960560852351973,0,-0.9456802394925156,0,0.09056014328115261,0,-6.342212165814187,0,1.936844622615697,0,0.35914111035523455,0
uniform,False,5.0,11,confuse_6.7,0.815536582284845,0,-0.581034469107322,0,0.054122678064251036,0,-2.850939202592941,0,2.4948062388851033,0,0.3376792092392433,0
uniform,False,5.0,11,confuse_19.19,0.733619604978518,0,-0.35945800306254383,0,0.06416062774654857,0,-2.257194127624289,0,3.1370392264874365,0,0.3075084898095838,0
uniform,False,5.0,11,oversplit_25,0.913446390410311,0,-0.8242257570975922,0,0.07661048992158982,0,-3.35082446989512,0,2.251120184211738,0,0.354359792777752,0
uniform,False,5.0,11,undersplit_25,0.8919465318660664,0,-1.0239398896322944,0,0.08006828142785252,0,-4.768264573652841,0,1.984526004096299,0,0.3609978650683223,0
uniform,False,5.0,12,clean,0.8957052648748878,0,-0.9272093634386276,0,0.09262450801026734,0,-5.7483070231401765,0,1.9932500705888785,0,0.3633099988310564,0
uniform,False,5.0,12,confuse_6.7,0.8054615542427335,0,-0.5676256850577671,0,0.05009263627087876,0,-2.580925274017176,0,2.44210924217926,0,0.3386233199379243,0
uniform,False,5.0,12,confuse_19.19,0.6980979975771555,0,-0.3398130320539632,0,0.05827108787460758,0,-2.1514780928414283,0,3.2733353962302885,0,0.30977170932610043,0
uniform,False,5.0,12,oversplit_25,0.9077260903514502,0,-0.815797246857382,0,0.07115237689727211,0,-3.5071594605751604,0,2.1437741253946556,0,0.38581428322752737,0
uniform,False,5.0,12,undersplit_25,0.899476535474409,0,-0.9978333555473389,0,0.08101429734915451,0,-4.499832119836817,0,1.9095897281768455,0,0.34579420022941887,0
uniform,False,5.0,13,clean,0.8994126936899738,0,-0.9640180892326882,0,0.08925566162667659,0,-5.1747253446366255,0,1.9345695412121682,0,0.34384718536301734,0
uniform,False,5.0,13,confuse_6.7,0.8210689128037436,0,-0.5870332254516895,0,0.04409871078244581,0,-2.179205765168103,0,2.763252476612373,0,0.3234031792269503,0
uniform,False,5.0,13,confuse_19.19,0.701252616473867,0,-0.34017219506833074,0,0.05679167154155346,0,-2.2312652060256997,0,3.2645654616839375,0,0.2998993877981696,0
uniform,False,5.0,13,oversplit_25,0.9067184537383061,0,-0.7834567460003241,0,0.07189028969668759,0,-3.2874472650608926,0,2.1368527899812952,0,0.34692996759752925,0
uniform,False,5.0,13,undersplit_25,0.8911759065402366,0,-1.0151410601928124,0,0.08089575708170188,0,-4.0434809310733835,0,2.3758468084633866,0,0.35994738279629895,0
uniform,False,5.0,14,clean,0.900181593286741,0,-0.9133585409980453,0,0.09943185736011584,0,-5.546992604425434,0,2.0055984755725476,0,0.33405468511625513,0
uniform,False,5.0,14,confuse_6.7,0.7989736476878679,0,-0.5655365850722103,0,0.04975964643209859,0,-2.520671708382246,0,2.6200779490100605,0,0.32292315550003026,0
uniform,False,5.0,14,confuse_19.19,0.7139794588130075,0,-0.3677320377391009,0,0.06323036903985363,0,-2.0790755388496063,0,3.1580240338971324,0,0.3046087357297715,0
uniform,False,5.0,14,oversplit_25,0.9061489412742496,0,-0.7992670821469561,0,0.07755363109426877,0,-3.511808589101777,0,2.0585333882417087,0,0.34440682865709926,0
uniform,False,5.0,14,undersplit_25,0.8985450931397426,0,-0.9873141191061283,0,0.08917216249370216,0,-4.360716472168836,0,2.224938234635687,0,0.3492635951776051,0
uniform,False,5.0,15,clean,0.9067861473362411,0,-0.8875134298964582,0,0.10195599108705547,0,-6.43362663353799,0,2.0179475516508862,0,0.336839088716746,0
uniform,False,5.0,15,confuse_6.7,0.8165953292435144,0,-0.553953836349157,0,0.04917437927804094,0,-2.7031588128021764,0,2.6103998499753898,0,0.32738790746391766,0
uniform,False,5.0,15,confuse_19.19,0.7003595308550647,0,-0.3170124154688589,0,0.059641039782381076,0,-2.503206747162963,0,3.3064262134480478,0,0.2954551429587436,0
uniform,False,5.0,15,oversplit_25,0.9199962096766152,0,-0.8083126421136453,0,0.0742033911487143,0,-3.2858597598909034,0,2.010117191571688,0,0.34926573788670756,0
uniform,False,5.0,15,undersplit_25,0.8982831531666086,0,-0.9806075082009263,0,0.0925999331770874,0,-5.0695946919711865,0,2.1476592410191158,0,0.3427373844371153,0
uniform,False,5.0,16,clean,0.8863125481742196,0,-0.9572429708626734,0,0.10163228742862007,0,-5.7238309402543095,0,1.946412014465279,0,0.391310723129109,0
uniform,False,5.0,16,confuse_6.7,0.8035643328947748,0,-0.579323848165967,0,0.04780596141617281,0,-2.5675792179744628,0,2.5148381516162925,0,0.3700211139496474,0
uniform,False,5.0,16,confuse_19.19,0.7120376471037004,0,-0.3541004261483759,0,0.05787428229895526,0,-2.1825494940239514,0,3.2055601955649675,0,0.31713388359692674,0
uniform,False,5.0,16,oversplit_25,0.9116760412760834,0,-0.8263462021873758,0,0.07809983709069483,0,-3.4704181354178583,0,2.108321217755331,0,0.3673088262804381,0
uniform,False,5.0,16,undersplit_25,0.8883243379607146,0,-1.032253126039341,0,0.09254324897236638,0,-4.119083101516212,0,2.1230568173173814,0,0.39042382874262094,0
uniform,False,5.0,17,clean,0.9126406752430113,0,-0.95856207250291,0,0.10117225362299888,0,-5.673470035292103,0,2.086231268023007,0,0.3622384326354795,0
uniform,False,5.0,17,confuse_6.7,0.8271978949577157,0,-0.5970263556907616,0,0.05397060292868726,0,-2.3382639444372755,0,2.658765346543724,0,0.3491502332237121,0
uniform,False,5.0,17,confuse_19.19,0.7279503146827219,0,-0.35537315850212675,0,0.06132376191529073,0,-2.154804715721464,0,3.181043536947116,0,0.3126248009278979,0
uniform,False,5.0,17,oversplit_25,0.9191511695842369,0,-0.7883055366920273,0,0.06614295465765256,0,-3.311140917878209,0,2.3149245352506798,0,0.34357003703688493,0
uniform,False,5.0,17,undersplit_25,0.9089340289370385,0,-0.9988190576611986,0,0.08667965330098665,0,-4.508615668708966,0,2.143799003565061,0,0.35519529517017356,0
uniform,False,5.0,18,clean,0.9134662375098803,0,-0.9457550723016009,0,0.09835720407797757,0,-6.008349576873725,0,1.9558377624012926,0,0.3618765433392539,0
uniform,False,5.0,18,confuse_6.7,0.8157126627107716,0,-0.5761810032766677,0,0.0463017478105595,0,-2.5556845667258417,0,3.1199764023015533,0,0.33549351781167136,0
uniform,False,5.0,18,confuse_19.19,0.7365513353575659,0,-0.36173246973133727,0,0.0641838011638334,0,-2.2528754131002904,0,3.1248253405024196,0,0.29600287417688775,0
uniform,False,5.0,18,oversplit_25,0.9137804121929238,0,-0.7807225403601938,0,0.07040624444918762,0,-3.7104512437541115,0,2.0252248196814975,0,0.3496403861302769,0
uniform,False,5.0,18,undersplit_25,0.9066753658154267,0,-1.033093160200807,0,0.08016102732549131,0,-4.197724868251511,0,1.8633214654186938,0,0.3553776845922537,0
uniform,False,5.0,19,clean,0.8965672087001763,0,-0.9573830200935729,0,0.096757439966353,0,-5.82581526996111,0,2.3546290098882396,0,0.3703516842888632,0
uniform,False,5.0,19,confuse_6.7,0.8190704375410912,0,-0.5782235009965275,0,0.04667986972115877,0,-2.421788133710213,0,2.5678008321111614,0,0.3431996064300469,0
uniform,False,5.0,19,confuse_19.19,0.6994936160461807,0,-0.3284785914251676,0,0.05396654255899857,0,-2.186910058357589,0,3.3021462211719705,0,0.31185836086147545,0
uniform,False,5.0,19,oversplit_25,0.9062598957575783,0,-0.8475958312893328,0,0.07006956477898987,0,-3.110352136561061,0,2.8344350447382025,0,0.3661152522983263,0
uniform,False,5.0,19,undersplit_25,0.90119653325504,0,-1.0289348960308837,0,0.08958713606956283,0,-4.450693180857299,0,2.1925109418152564,0,0.3686586276864804,0
uniform,False,5.0,20,clean,0.9135894860595293,0,-0.9674448387549737,0,0.10137819943161964,0,-5.214300780244932,0,2.307769010578201,0,0.3802275376789433,0
uniform,False,5.0,20,confuse_6.7,0.8183855965235404,0,-0.5915859262131734,0,0.046867464169117495,0,-2.2300766227852202,0,2.9665274770441465,0,0.3471052959230262,0
uniform,False,5.0,20,confuse_19.19,0.7319633006143906,0,-0.36388781085985716,0,0.06464901589690147,0,-2.105970334090663,0,3.035844932049413,0,0.30184036442050366,0
uniform,False,5.0,20,oversplit_25,0.9220588105365004,0,-0.8075769206334679,0,0.0663380208535767,0,-3.2907538133921976,0,2.1343814456511607,0,0.3666729945709949,0
uniform,False,5.0,20,undersplit_25,0.9066467083141037,0,-1.032956420851467,0,0.08247292509607018,0,-3.802204022189697,0,1.8581439507412822,0,0.3754590452586356,0
uniform,False,5.0,21,clean,0.8998560407979945,0,-0.9058267017854188,0,0.08674322239005225,0,-6.1509060071844,0,2.009444576021351,0,0.36562720648774893,0
uniform,False,5.0,21,confuse_6.7,0.7990499865124541,0,-0.5557772150902673,0,0.0438457069180289,0,-2.665228082637441,0,2.550609140621879,0,0.35446556658061,0
uniform,False,5.0,21,confuse_19.19,0.6993076589404497,0,-0.3290523119419397,0,0.054736348405482776,0,-2.364971561292454,0,3.301401885070443,0,0.3022498982744625,0
uniform,False,5.0,21,oversplit_25,0.9116388510557707,0,-0.7914369290890013,0,0.06671795251580698,0,-3.434021353261731,0,2.192891795590831,0,0.3652339471572219,0
uniform,False,5.0,21,undersplit_25,0.8997604862464323,0,-1.0069081042849422,0,0.07776404170461207,0,-4.124998169678962,0,2.1088021834189306,0,0.37889268661876024,0
uniform,False,5.0,22,clean,0.8947538847598635,0,-0.9535524423059468,0,0.09517254595724906,0,-5.84983327535091,0,1.9529200963865925,0,0.3541344441048857,0
uniform,False,5.0,22,confuse_6.7,0.8118178584101295,0,-0.5627206914914866,0,0.049281352764012,0,-2.486907978846415,0,2.6102171983094777,0,0.3371802575376205,0
uniform,False,5.0,22,confuse_19.19,0.681539320474214,0,-0.3264570994504148,0,0.054932832449580304,0,-2.3421514165425896,0,3.3470526564593595,0,0.292310761437551,0
uniform,False,5.0,22,oversplit_25,0.9117319187610011,0,-0.8084319696178237,0,0.06725100632791929,0,-3.57478844545344,0,2.3938585234335217,0,0.3539681085866017,0
uniform,False,5.0,22,undersplit_25,0.8938152838244622,0,-0.9961255257982253,0,0.08504326868563475,0,-4.670365783801926,0,3.1098721731581853,0,0.3496064498953771,0
uniform,False,5.0,23,clean,0.9013875691309251,0,-0.9362417507040568,0,0.08871378608939101,0,-6.326540315629798,0,1.958780057755339,0,0.33220195655383944,0
uniform,False,5.0,23,confuse_6.7,0.8128833647433609,0,-0.5704105836014512,0,0.050098275068717585,0,-2.5040360273483557,0,2.521802555328316,0,0.32001769057144613,0
uniform,False,5.0,23,confuse_19.19,0.7162274551380783,0,-0.35009518834209163,0,0.06425411407648395,0,-2.270474509538507,0,3.2051566305204977,0,0.3006493330718564,0
uniform,False,5.0,23,oversplit_25,0.9192979013380772,0,-0.8138393078733221,0,0.0655010598302988,0,-3.4464496623457848,0,1.9934037794778285,0,0.3537801776993021,0
uniform,False,5.0,23,undersplit_25,0.889961962238426,0,-0.9946243212279373,0,0.07729780826803874,0,-4.85014812623446,0,1.8980627085242057,0,0.3211713104662204,0
uniform,False,5.0,24,clean,0.9059774725126306,0,-0.9756881257210759,0,0.08975886813593528,0,-5.610493110717595,0,2.0728028939744405,0,0.3332402992304207,0
uniform,False,5.0,24,confuse_6.7,0.8238370928102932,0,-0.6048280389475077,0,0.05137435699904038,0,-2.38292376657673,0,2.43821230216138,0,0.33181698216853656,0
uniform,False,5.0,24,confuse_19.19,0.7174923951877774,0,-0.3647535835477105,0,0.06366186771278354,0,-2.203338669930508,0,3.1727599320843383,0,0.30321359440670925,0
uniform,False,5.0,24,oversplit_25,0.9185611695452705,0,-0.8157500086949641,0,0.0625855420321768,0,-3.390774572168322,0,2.2661531251200575,0,0.32156650394234854,0
uniform,False,5.0,24,undersplit_25,0.899245740650916,0,-1.0187414781545634,0,0.08548729063932133,0,-4.573571146257102,0,2.7447293617520776,0,0.3534652610233756,0
uniform,False,5.0,25,clean,0.9014335384058139,0,-0.9210807057832755,0,0.10262060952515392,0,-6.132854212923247,0,1.9824499110436933,0,0.3676843928458093,0
uniform,False,5.0,25,confuse_6.7,0.8186979598089226,0,-0.5835619604099425,0,0.050567602856667386,0,-2.7265163104345564,0,2.5716104101725534,0,0.3599340517795052,0
uniform,False,5.0,25,confuse_19.19,0.7244370666712057,0,-0.35529574619864923,0,0.06907198175636149,0,-2.588912300557176,0,3.1823052382022285,0,0.31309094272612203,0
uniform,False,5.0,25,oversplit_25,0.9119433148593697,0,-0.8258503697708699,0,0.06864063765012515,0,-3.220368312500004,0,2.00378514936428,0,0.3861209907225717,0
uniform,False,5.0,25,undersplit_25,0.9017269772974983,0,-0.9842502137604063,0,0.08664798504059534,0,-4.946273035718792,0,2.0603596702505227,0,0.3692567527803454,0
uniform,False,5.0,26,clean,0.9064762991264744,0,-0.9556229572278134,0,0.09183929815020644,0,-5.237909212413206,0,1.9462674772014004,0,0.3485330067469553,0
uniform,False,5.0,26,confuse_6.7,0.8157255894526091,0,-0.5955418143272359,0,0.04723326241308844,0,-2.3188333146924376,0,2.547905637650301,0,0.3343636830621416,0
uniform,False,5.0,26,confuse_19.19,0.7211665825157911,0,-0.36223182429001655,0,0.06503151273018955,0,-2.163870831142472,0,3.1562875972151145,0,0.2860806003899158,0
uniform,False,5.0,26,oversplit_25,0.9214914154172256,0,-0.8155720508046078,0,0.07158282966562418,0,-3.104428735860791,0,2.0367331750797386,0,0.35280556852388867,0
uniform,False,5.0,26,undersplit_25,0.8931866462542208,0,-1.0596077287867587,0,0.09494599927135372,0,-3.7608276832612164,0,1.9878700744060553,0,0.3454469717745007,0
uniform,False,5.0,27,clean,0.8992897795353364,0,-0.9676296068313527,0,0.09065208764199925,0,-4.845292542630869,0,1.9024442593587074,0,0.3682015506860856,0
uniform,False,5.0,27,confuse_6.7,0.8207788513803909,0,-0.607096451536673,0,0.04353234910505196,0,-2.1172156795739046,0,2.441764433943155,0,0.36187832627480454,0
uniform,False,5.0,27,confuse_19.19,0.7137421413108986,0,-0.36593973888158615,0,0.061137030797758465,0,-2.0330696383002196,0,3.1606299855231543,0,0.3238972908672856,0
uniform,False,5.0,27,oversplit_25,0.9155318349357328,0,-0.8369710064343743,0,0.07492745067486006,0,-3.3743417916703553,0,2.3003092370435825,0,0.3865337658860929,0
uniform,False,5.0,27,undersplit_25,0.9029442703414119,0,-1.004037037091363,0,0.08621744107044252,0,-4.2988359394038,0,2.211866994981748,0,0.3583943536322305,0
uniform,False,5.0,28,clean,0.9076613367895552,0,-0.9270011485249661,0,0.09247677000979562,0,-5.728847773582771,0,2.300905381221014,0,0.35475619845530815,0
uniform,False,5.0,28,confuse_6.7,0.8070138361818922,0,-0.5541659533148534,0,0.0466322973405988,0,-2.6314347913276164,0,2.554391219458366,0,0.33594291377068614,0
uniform,False,5.0,28,confuse_19.19,0.6965630774803679,0,-0.3305747107720026,0,0.056839699669729106,0,-2.3262282886814214,0,3.218049331293674,0,0.28385521854912965,0
uniform,False,5.0,28,oversplit_25,0.9232259881387058,0,-0.8073997373511415,0,0.06085949336514598,0,-2.776549865992772,0,2.152252729835708,0,0.351802926722241,0
uniform,False,5.0,28,undersplit_25,0.907255608540802,0,-0.9889924283659601,0,0.08206214159250255,0,-4.097079395665382,0,1.9086299569970118,0,0.3581706641160034,0
uniform,False,5.0,29,clean,0.9034651330431812,0,-0.9228411814955457,0,0.08133456903954094,0,-5.339111656509473,0,1.9675674066013387,0,0.34046512424573916,0
uniform,False,5.0,29,confuse_6.7,0.8157348176131722,0,-0.5784733407288714,0,0.0458488212415413,0,-2.3552145475242487,0,2.628581491992218,0,0.32961447667337396,0
uniform,False,5.0,29,confuse_19.19,0.7136759425388586,0,-0.3406322799755572,0,0.06118919919714949,0,-2.3079201549393553,0,3.262369081243407,0,0.29924628260755004,0
uniform,False,5.0,29,oversplit_25,0.9111000826418247,0,-0.7937990907128513,0,0.06706907294818162,0,-3.336312716446197,0,2.016121824461583,0,0.36814952698547543,0
uniform,False,5.0,29,undersplit_25,0.9017701417050936,0,-0.9906223540749843,0,0.08603719635452184,0,-4.4705518719849575,0,1.8788478745146011,0,0.35945675395119814,0
