regime,law,stickiness,dataset,group,year,source,zipf_exponent,lognormal_sigma,geometric_tail,n_types,loglog_r2,csn_xmin,csn_alpha,csn_tail,tail_fraction,gof_p,gof_failed,lr_R,lr_normalized_R,lr_p,lr_at_bound,lr_mu,lr_sigma,lr_gap,error
song,zipf,0.0,0,0,2010,discovered,1.0,1.0,0.05,60,0.9341016204022379,1,1.8709702431461912,60,1.0,0.3,0.0,-1.3910082188313924,-0.9979671543162629,0.3182952860828052,False,-2.491200992488313,1.9492468192604724,1.8538059975981014e-10,
song,zipf,0.0,0,0,2010,true,1.0,1.0,0.05,24,0.9003033432608127,3,1.800239113273744,22,0.9166666666666666,0.14,0.0,-2.362863259242858,-1.3827190196479813,0.16675103771025224,False,1.710813337042581,1.1148538946808586,1.9326762412674725e-12,
song,zipf,0.0,0,1,2011,discovered,1.0,1.0,0.05,100,0.9356328643210198,4,2.2592478395962154,35,0.35,0.27,0.0,-1.6591700926226394,-1.0662027426197103,0.286332002638211,False,1.2435985266045182,0.989249464498184,6.963318810448982e-13,
song,zipf,0.0,0,1,2011,true,1.0,1.0,0.05,24,0.9611031679247599,13,2.466907712968378,12,0.5,0.8,0.0,-0.14372890509677383,-0.39842255735877663,0.6903187329703558,False,0.6662441214123055,1.4299160324746265,1.6257217794191092e-11,
song,zipf,0.0,0,2,2012,discovered,1.0,1.0,0.05,151,0.9143573329670248,1,1.839855130686662,151,1.0,0.09,0.0,-3.6158332739102494,-1.7274772588283622,0.0840819859160883,False,-2.6665759459392615,2.043350079446925,3.916511559509672e-11,
song,zipf,0.0,0,2,2012,true,1.0,1.0,0.05,24,0.9899313305613175,12,2.08394414058988,20,0.8333333333333334,0.83,0.0,-0.09594626846641008,-0.2866284106059297,0.7743968582626664,False,-3.173540554891213,2.569443001472425,2.040985691564856e-08,
song,zipf,0.0,0,3,2013,discovered,1.0,1.0,0.05,80,0.8726996431242403,6,2.2489106690360563,30,0.375,0.03,0.0,-2.39486944005271,-1.6331459674218085,0.10243830078927998,False,2.081724850043892,0.8084720304438002,9.094947017729282e-13,
song,zipf,0.0,0,3,2013,true,1.0,1.0,0.05,24,0.9424092400840347,6,1.9209856509607337,22,0.9166666666666666,0.67,0.0,-0.8093378868472991,-0.8739614579603636,0.3821392435384423,False,1.2100612573934386,1.54076051932455,1.2775558388966601e-11,
song,zipf,0.0,0,4,2014,discovered,1.0,1.0,0.05,110,0.9187905794798287,11,2.155996948368341,35,0.3181818181818182,0.67,0.0,-0.136556688217905,-0.3799712691535071,0.70396674239836,False,-4.543007437458957,2.679733592804723,7.424191039717698e-08,
song,zipf,0.0,0,4,2014,true,1.0,1.0,0.05,24,0.9748128342763703,20,2.17948992577382,17,0.7083333333333334,0.93,0.0,-0.08750242408516051,-0.2870668295622957,0.7740611498928794,False,-1.9857595770457217,2.3336129380078976,5.550730008963001e-08,
song,zipf,0.0,0,5,2015,discovered,1.0,1.0,0.05,163,0.9388416434705417,5,1.728457415091481,82,0.5030674846625767,0.18,0.0,-2.541458270354138,-1.4429151613777256,0.14904437165551038,False,0.5316139787230627,2.066365506000436,1.2448708730516955e-10,
song,zipf,0.0,0,5,2015,true,1.0,1.0,0.05,24,0.994931527330944,57,2.0643344296918116,16,0.6666666666666666,0.94,0.0,-0.26253956092246966,-0.48295159862722425,0.6291301034691128,False,2.3595806193671565,1.7538271952537499,7.411244951072149e-10,
song,zipf,0.0,0,6,2016,discovered,1.0,1.0,0.05,101,0.9079483866145013,3,1.6096219534625038,72,0.7128712871287128,0.02,0.0,-5.3043546280091345,-1.9957623919756726,0.045959792179946904,False,1.432225327442773,1.7565947720111128,1.0311396181350574e-10,
song,zipf,0.0,0,6,2016,true,1.0,1.0,0.05,24,0.9828627813603278,25,2.1193081625606327,22,0.9166666666666666,0.94,0.0,-0.1572736521594189,-0.3953029250188535,0.6926193409872147,False,-0.7243910190189378,2.2121153980105186,1.0956540563711314e-08,
song,zipf,0.0,0,7,2017,discovered,1.0,1.0,0.05,138,0.9183702205906907,1,1.5025416930133593,138,1.0,0.01,0.0,-7.752648638845255,-2.3481784483065073,0.018865480518995816,False,-1.02161679002795,2.4916438991626766,4.746425474877469e-10,
song,zipf,0.0,0,7,2017,true,1.0,1.0,0.05,24,0.9827319449875627,32,2.085949908149522,19,0.7916666666666666,0.55,0.0,-0.43631542476110585,-0.6051780190599548,0.5450607192748924,False,2.432531026647694,1.5306518877143764,3.05527692034957e-09,
song,zipf,0.0,1,0,2010,discovered,1.0,1.0,0.05,70,0.9091864037363772,1,1.9950600666082434,70,1.0,0.05,0.0,-3.555011723366625,-1.6827683208591062,0.09241994989723527,False,-0.27698525986803124,1.1335668696068106,3.771560841414612e-11,
song,zipf,0.0,1,0,2010,true,1.0,1.0,0.05,23,0.9564803893614023,7,2.2080060396633834,11,0.4782608695652174,0.86,0.0,0.0014788268688166184,0.01575747375435951,0.987427875248488,False,-25.687231371842966,4.820694853231871,3.540706653382131e-05,
song,zipf,0.0,1,1,2011,discovered,1.0,1.0,0.05,82,0.9299258602918753,1,1.7166448524464872,82,1.0,0.0,0.0,-5.482628077975585,-2.033114632611269,0.042040942996726526,False,-0.21024558747488473,1.5126073119350212,7.338485374930315e-11,
song,zipf,0.0,1,1,2011,true,1.0,1.0,0.05,23,0.9884045816431367,5,1.9962084171577528,22,0.9565217391304348,0.74,0.0,-0.6103671910759889,-0.7618524130918398,0.4461480942540177,False,0.5257662214316017,1.5983834318370134,2.689120037757675e-10,
song,zipf,0.0,1,2,2012,discovered,1.0,1.0,0.05,109,0.9127626382696844,1,1.5760975441956544,109,1.0,0.01,0.0,-7.636433527547123,-2.227261934627576,0.02592977297597888,False,-0.24237891447553084,1.8990216602296197,7.048583938740194e-12,
song,zipf,0.0,1,2,2012,true,1.0,1.0,0.05,24,0.9530442432858259,11,2.0929877545132713,23,0.9583333333333334,0.78,0.0,-0.4079804643747269,-0.5908983160970045,0.5545885543331357,False,0.7191889891687306,1.6937294565051328,3.8255620893323794e-11,
song,zipf,0.0,1,3,2013,discovered,1.0,1.0,0.05,121,0.9221872132028505,5,2.7639742224653086,34,0.2809917355371901,0.57,0.0,-0.2159978405837233,-0.4028892052160392,0.6870297328982733,False,-1.4249239503568099,1.4609398020053488,3.1167246561381035e-10,
song,zipf,0.0,1,3,2013,true,1.0,1.0,0.05,24,0.9002238673893869,10,2.3566898426373357,19,0.7916666666666666,0.96,0.0,-0.016062936131888694,-0.11516274800492499,0.9083161249593503,False,-12.94261579529038,3.450585663875911,3.552598570877308e-08,
song,zipf,0.0,1,4,2014,discovered,1.0,1.0,0.05,94,0.8718174977109767,29,3.0553645447563564,17,0.18085106382978725,0.31,0.0,-0.05914474464862529,-0.2084844318999834,0.8348507371206203,False,-0.6154773926605199,1.5313563675919935,1.4818937188465497e-08,
song,zipf,0.0,1,4,2014,true,1.0,1.0,0.05,24,0.9889883609964267,12,1.8710219058245323,24,1.0,0.63,0.0,-1.1007789256588616,-0.9809855156781512,0.326599884330827,False,2.3262237437735784,1.4790737742037368,3.907558721039095e-10,
song,zipf,0.0,1,5,2015,discovered,1.0,1.0,0.05,86,0.7968702664542616,44,2.5506118249099923,26,0.3023255813953488,0.97,0.0,0.002842155574551697,0.08132877718174272,0.9351804889063275,False,-82.41353487275029,7.4850549603032235,0.0006534340465123023,
song,zipf,0.0,1,5,2015,true,1.0,1.0,0.05,24,0.9919097380033468,42,2.163371264118998,20,0.8333333333333334,0.81,0.0,-0.08579663251014225,-0.28301799711744197,0.7771630410787621,False,-1.8988704368331035,2.4810681119204054,7.133976964723843e-09,
song,zipf,0.0,1,6,2016,discovered,1.0,1.0,0.05,109,0.8851699520111093,23,2.599857779171058,28,0.25688073394495414,0.4,0.0,0.020927038643872464,0.6797498020002433,0.4966628962072652,False,-93246.06805000309,239.8771855562607,0.00016396728369727498,
song,zipf,0.0,1,6,2016,true,1.0,1.0,0.05,24,0.9919032664316197,22,2.057164950148556,23,0.9583333333333334,0.94,0.0,-0.19757282023528155,-0.42002827496927675,0.6744647982374561,False,-0.4805808159168224,2.2136004746204283,3.0540903139808506e-08,
song,zipf,0.0,1,7,2017,discovered,1.0,1.0,0.05,82,0.7375761947009023,24,2.8402426033453767,35,0.4268292682926829,0.75,0.0,-0.0953471340900105,-0.31072789343079565,0.7560074903194739,False,-1.9950949467967112,1.819726665448638,2.629383288876852e-08,
song,zipf,0.0,1,7,2017,true,1.0,1.0,0.05,24,0.9940669508808422,31,2.2148418267095784,19,0.7916666666666666,0.96,0.0,-0.023647606029356005,-0.14284192289799524,0.8864150268646059,False,-8.809467809598281,3.3553684858686683,1.9130482087348355e-07,
song,zipf,0.0,2,0,2010,discovered,1.0,1.0,0.05,73,0.9323495394895228,2,2.297752314480435,37,0.5068493150684932,0.08,0.0,-0.8016760989847489,-0.8550642200878934,0.3925155961637459,False,-0.5748375607549852,1.280443923294547,3.413447302591521e-11,
song,zipf,0.0,2,0,2010,true,1.0,1.0,0.05,24,0.8529521298798847,7,2.6234377387094727,15,0.625,0.49,0.0,0.011098350910736965,0.10922266698408598,0.9130258822074454,False,-31.356970281041566,4.508845660479988,8.32158251284909e-06,
song,zipf,0.0,2,1,2011,discovered,1.0,1.0,0.05,88,0.920188959672542,6,2.2803650040303625,29,0.32954545454545453,0.35,0.0,-0.5610693630795751,-0.7594104569679669,0.4476070601012102,False,0.47994707412942594,1.3882572171156098,3.2670754990249407e-10,
song,zipf,0.0,2,1,2011,true,1.0,1.0,0.05,24,0.9082821080166966,10,2.2661445244917213,17,0.7083333333333334,0.54,0.0,-0.11338066755177412,-0.31046902590234715,0.756204310279218,False,-1.8062892090345195,2.0557656219907656,6.082245818106458e-11,
song,zipf,0.0,2,2,2012,discovered,1.0,1.0,0.05,104,0.8157966828868407,18,5.9652377957255105,15,0.14423076923076922,0.61,0.0,-0.38851527642868144,-0.59800423146262,0.549837109649574,False,2.719664227446383,0.3133750195363973,3.623767952376511e-13,
song,zipf,0.0,2,2,2012,true,1.0,1.0,0.05,23,0.9814141791506686,10,1.9982820903837943,21,0.9130434782608695,0.62,0.0,-0.44418434928714534,-0.6101924376159747,0.5417343387216702,False,0.9060974397954884,1.7261355865599048,4.673950115829939e-11,
song,zipf,0.0,2,3,2013,discovered,1.0,1.0,0.05,94,0.9175621321263923,8,2.4070588528442864,29,0.30851063829787234,0.7,0.0,-0.3149518588107285,-0.5296692110144106,0.5963412986189103,False,-0.28957780273915856,1.567003800289935,2.446896019137057e-09,
song,zipf,0.0,2,3,2013,true,1.0,1.0,0.05,24,0.9761582830154591,7,1.843441302471728,22,0.9166666666666666,0.51,0.0,-1.0926692232983393,-0.9848593100551915,0.32469318265650626,False,1.8248852400178062,1.4879811990492429,1.588347231518128e-10,
song,zipf,0.0,2,4,2014,discovered,1.0,1.0,0.05,111,0.8855994023595841,4,1.8482943530277567,62,0.5585585585585585,0.01,0.0,-5.817489408200576,-2.1362190174706446,0.032661566054901704,False,1.8988191716376805,1.1196316601633964,5.707079253625125e-11,
song,zipf,0.0,2,4,2014,true,1.0,1.0,0.05,24,0.9938069006039464,18,2.1735620331295067,23,0.9583333333333334,0.99,0.0,-0.04815994125800804,-0.197598273220614,0.8433593859372288,False,-6.537284557100962,3.0399273297254203,1.4160379180339078e-07,
song,zipf,0.0,2,5,2015,discovered,1.0,1.0,0.05,121,0.8612752448830324,23,2.169640817266603,40,0.3305785123966942,0.12,0.0,-1.187338776035518,-0.9573335588413424,0.3383989220652782,False,2.5597857764954366,1.2883469216851233,1.2178702490928117e-10,
song,zipf,0.0,2,5,2015,true,1.0,1.0,0.05,24,0.9924000322504142,82,2.3782697013665604,10,0.4166666666666667,1.0,0.0,-0.04761245251715529,-0.22340044740932274,0.8232238561439282,False,0.0463993791142546,2.027220163800474,1.4595001829320609e-07,
song,zipf,0.0,2,6,2016,discovered,1.0,1.0,0.05,138,0.8939982538713278,35,3.675232531422194,20,0.14492753623188406,0.66,0.0,-0.002315569697154629,-0.042398580866190104,0.966180959638379,False,-17.067478487376054,2.8105196374157666,4.0587616851439634e-05,
song,zipf,0.0,2,6,2016,true,1.0,1.0,0.05,24,0.9846791345835947,35,2.290330928750617,19,0.7916666666666666,0.24,0.0,0.007641086687026011,0.522021057105362,0.6016556694630844,False,-30650.840040664873,153.53489941665268,1.3356994713831227e-05,
song,zipf,0.0,2,7,2017,discovered,1.0,1.0,0.05,149,0.9278585753854997,2,1.6071900066694347,103,0.6912751677852349,0.0,0.0,-8.657029146982625,-2.5883497209580915,0.009643701621384967,False,1.0760546513738203,1.6721575939174427,1.5864998204051517e-10,
song,zipf,0.0,2,7,2017,true,1.0,1.0,0.05,24,0.9943698853591801,30,2.0845925051650864,22,0.9166666666666666,0.95,0.0,-0.23392074003352414,-0.44558491284355306,0.6558971107237701,False,0.637587665427362,1.9998960798502456,3.6435920947042177e-09,
song,zipf,0.0,3,0,2010,discovered,1.0,1.0,0.05,70,0.9153416945446238,1,1.9202760428652876,70,1.0,0.18,0.0,-1.680557542239125,-1.1107376755631664,0.26668128017892156,False,-2.042311483586425,1.7640112509539259,3.595346242946107e-11,
song,zipf,0.0,3,0,2010,true,1.0,1.0,0.05,24,0.9524168135158707,7,2.308891671888144,12,0.5,0.94,0.0,-0.1368493071329313,-0.35793218318210696,0.7203940654456492,False,-0.5062878960027847,1.6586592584058966,2.404973997727211e-10,
song,zipf,0.0,3,1,2011,discovered,1.0,1.0,0.05,103,0.934942254245212,2,2.204767162652986,60,0.5825242718446602,0.04,0.0,-2.037043686513221,-1.2370306626016805,0.21607569931002368,False,0.03913917742271203,1.1654176193878927,8.611777957412414e-12,
song,zipf,0.0,3,1,2011,true,1.0,1.0,0.05,24,0.9794927077152051,6,2.073834721174696,20,0.8333333333333334,0.3,0.0,-0.13237695064315957,-0.3431655545852698,0.7314739164486757,False,-3.317662904738306,2.4501784824822375,1.0272343331507727e-07,
song,zipf,0.0,3,2,2012,discovered,1.0,1.0,0.05,93,0.8628720754515663,15,3.3873480427317206,17,0.1827956989247312,0.68,0.0,0.006390772621220009,0.2767063654573901,0.7820055837281951,False,-18169.458957830742,86.25159608377541,2.321770807611756e-06,
song,zipf,0.0,3,2,2012,true,1.0,1.0,0.05,24,0.9650572525176865,15,2.2701310232581355,17,0.7083333333333334,0.91,0.0,-0.08455326494471915,-0.2662016110230322,0.7900839423606065,False,-2.0632496679811667,2.186509654230835,1.7202665958393482e-07,
song,zipf,0.0,3,3,2013,discovered,1.0,1.0,0.05,107,0.9099492706309563,2,1.9265428046411177,71,0.6635514018691588,0.0,0.0,-2.341265734096085,-1.205334425996377,0.22807422474951677,False,-0.17411877439677104,1.5330124774434242,7.065636964398436e-11,
song,zipf,0.0,3,3,2013,true,1.0,1.0,0.05,24,0.9481262529032345,10,2.1824010450408515,18,0.75,1.0,0.0,-0.10427228712112857,-0.3085605751213904,0.7576558147836214,False,-2.3795410955940652,2.255795410153491,3.266207215801842e-08,
song,zipf,0.0,3,4,2014,discovered,1.0,1.0,0.05,89,0.9007434850986772,6,1.9413759878614871,48,0.5393258426966292,0.57,0.0,-0.6117344220303327,-0.6457379876849779,0.5184490544949143,False,-1.206980769467265,2.2101645519004234,1.9184653865522705e-09,
song,zipf,0.0,3,4,2014,true,1.0,1.0,0.05,24,0.9935976913085887,19,2.0540052598334575,19,0.7916666666666666,0.68,0.0,-0.38642645791854857,-0.6028339500688898,0.5466191590732963,False,1.6129054718788232,1.6524283543901432,5.093170329928398e-11,
song,zipf,0.0,3,5,2015,discovered,1.0,1.0,0.05,125,0.9175359137017929,20,2.145621271492846,36,0.288,0.77,0.0,0.005567201369542474,0.14499177555862816,0.8847173653254977,False,-71586.91353115006,248.32853461875504,7.98267574282363e-05,
song,zipf,0.0,3,5,2015,true,1.0,1.0,0.05,24,0.9900659868967167,72,2.212945058364916,10,0.4166666666666667,0.95,0.0,-0.10046979335626816,-0.31175024257446987,0.7552303413393637,False,1.7163493831371004,1.81525257777752,1.5280335219358676e-08,
song,zipf,0.0,3,6,2016,discovered,1.0,1.0,0.05,134,0.888644640879245,6,1.8189268489713357,63,0.4701492537313433,0.0,0.0,-5.286150210444626,-1.9687639897771863,0.04898019926430216,False,2.2734231173117125,1.221812946859598,1.779199010343291e-11,
song,zipf,0.0,3,6,2016,true,1.0,1.0,0.05,24,0.974497417786793,31,2.1067877103239883,19,0.7916666666666666,0.01,0.0,-0.17597615161571278,-0.39191367710275793,0.6951219969139967,False,0.33720489875422477,2.0495094829639013,6.409138109120249e-09,
song,zipf,0.0,3,7,2017,discovered,1.0,1.0,0.05,119,0.9013064233021879,31,2.907087388100389,16,0.13445378151260504,0.79,0.0,-0.0976269177114979,-0.2881251223317506,0.7732509628195658,False,0.7763507889753516,1.3665104616924233,5.394440449890681e-10,
song,zipf,0.0,3,7,2017,true,1.0,1.0,0.05,24,0.9922586694170805,24,2.108174211855522,23,0.9583333333333334,0.85,0.0,-0.15675543468083175,-0.3835151572706668,0.7013378339470993,False,-0.9612315027333171,2.2654917458599813,1.9997088429590804e-09,
song,zipf,0.0,4,0,2010,discovered,1.0,1.0,0.05,56,0.898257697966345,7,3.482858648743321,12,0.21428571428571427,0.85,0.0,-0.005000047819466502,-0.07394463470741905,0.9410544396785467,False,-19.49499095387695,2.917135269197748,7.680038329738181e-07,
song,zipf,0.0,4,0,2010,true,1.0,1.0,0.05,24,0.8789148123579604,4,2.078577355415287,18,0.75,0.51,0.0,-0.7122947939761657,-0.7945120488838975,0.4268973973934572,False,0.9475150599911422,1.2661761332356758,3.806377435466857e-11,
song,zipf,0.0,4,1,2011,discovered,1.0,1.0,0.05,84,0.9420796200313895,2,1.8648399785999052,54,0.6428571428571429,0.36,0.0,-2.3425647447400797,-1.3619001623401792,0.17322939496376988,False,0.10490166911975773,1.5244645711074158,2.3845814212108962e-11,
song,zipf,0.0,4,1,2011,true,1.0,1.0,0.05,24,0.9364196258197452,8,2.224162492415246,16,0.6666666666666666,0.41,0.0,0.02611488743027035,0.3464426724409651,0.7290100603355778,False,-173.60589020724169,11.832590890972167,0.0001521764309302398,
song,zipf,0.0,4,2,2012,discovered,1.0,1.0,0.05,99,0.9327999619689674,1,1.6044369732810773,99,1.0,0.06,0.0,-5.1576591853443805,-1.9210376961008944,0.05472695528440516,False,-0.9727618020999405,2.089637390621474,1.858779796748422e-11,
song,zipf,0.0,4,2,2012,true,1.0,1.0,0.05,24,0.9931087768898388,11,2.0410557488652796,19,0.7916666666666666,0.9,0.0,-0.2598366567012693,-0.4911995331879884,0.6232853290837301,False,0.050935865577375825,1.933263884250637,1.8348913499721675e-09,
song,zipf,0.0,4,3,2013,discovered,1.0,1.0,0.05,100,0.9136799811715091,1,1.597252041841181,100,1.0,0.0,0.0,-7.6691669562251725,-2.478667228727128,0.013187427622234927,False,-0.0823260341408747,1.7601376245077145,9.026734915096313e-11,
song,zipf,0.0,4,3,2013,true,1.0,1.0,0.05,24,0.9563303061838065,9,2.053839844794784,23,0.9583333333333334,0.37,0.0,-0.31691350471265256,-0.4973472706158719,0.6189441826189729,False,-0.136393195046238,1.9063958480114385,3.0311753107525874e-10,
song,zipf,0.0,4,4,2014,discovered,1.0,1.0,0.05,103,0.8766163357557046,3,1.7544569696895533,74,0.7184466019417476,0.0,0.0,-5.076314918544513,-1.8728220801121425,0.061092957890947666,False,1.2989076273811717,1.4424726468025697,1.8189894035458565e-12,
song,zipf,0.0,4,4,2014,true,1.0,1.0,0.05,24,0.9866168567201511,20,2.145731165220586,22,0.9166666666666666,0.32,0.0,-0.1732354128996496,-0.38099894755181446,0.7032040294806541,False,-0.5833767304172164,2.1006620320126532,7.09420788780335e-08,
song,zipf,0.0,4,5,2015,discovered,1.0,1.0,0.05,123,0.8498376155920916,39,2.5653591933738,28,0.22764227642276422,0.5,0.0,-0.400324002234429,-0.6531252857066119,0.5136755121990928,False,2.2979195376937103,1.2495959339097427,5.5422333389287814e-12,
song,zipf,0.0,4,5,2015,true,1.0,1.0,0.05,24,0.9927319572620072,71,2.1672752542176092,13,0.5416666666666666,0.53,0.0,-0.21264209398425926,-0.4132185334846767,0.6794465105926841,False,2.72935281250752,1.5995848243765354,1.0884662060561823e-09,
song,zipf,0.0,4,6,2016,discovered,1.0,1.0,0.05,120,0.8914278361993117,17,2.338324545226461,36,0.3,0.59,0.0,-0.09247862922940708,-0.2427067486053937,0.8082325791214667,False,-4.906031429641791,2.5883374421041565,1.1618809026003873e-07,
song,zipf,0.0,4,6,2016,true,1.0,1.0,0.05,24,0.9894502431619727,23,1.9830421128294653,21,0.875,0.62,0.0,-0.45794002681278556,-0.6329730728266534,0.5267512273230565,False,1.8729383308314227,1.7252559066002684,1.1706944746947556e-08,
song,zipf,0.0,4,7,2017,discovered,1.0,1.0,0.05,128,0.9381913365831822,1,1.5171385360829241,128,1.0,0.01,0.0,-5.807067752269448,-2.0044925109654423,0.045017328348513526,False,-1.749958718444987,2.675526914256466,6.239702088350896e-10,
song,zipf,0.0,4,7,2017,true,1.0,1.0,0.05,24,0.9845627281235829,22,1.8954021751177317,23,0.9583333333333334,0.44,0.0,-1.036402411942344,-0.9127185458982493,0.36139058738790386,False,2.9563042522791094,1.443343353553535,3.1450042570213554e-10,
song,zipf,0.0,5,0,2010,discovered,1.0,1.0,0.05,61,0.9431937072546739,3,2.6058382122412276,23,0.3770491803278688,0.13,0.0,0.13412039591080172,1.0293507668339732,0.3033148753987768,False,-323225.1465598523,427.73325141572127,0.00011100247866124846,
song,zipf,0.0,5,0,2010,true,1.0,1.0,0.05,23,0.926482014976925,4,2.0019239987280963,16,0.6956521739130435,0.43,0.0,-0.33006211842098976,-0.5155538294802169,0.6061660642600625,False,-0.1803184115458183,1.7219158709490163,1.2950351901963586e-10,
song,zipf,0.0,5,1,2011,discovered,1.0,1.0,0.05,86,0.9378067057513388,1,1.7514182212623637,86,1.0,0.02,0.0,-3.417229799774651,-1.5249092948082918,0.12728172321048017,False,-1.292145665828342,1.8309334822364929,4.462208380573429e-12,
song,zipf,0.0,5,1,2011,true,1.0,1.0,0.05,24,0.9475310223547189,10,2.3638844965366546,17,0.7083333333333334,0.34,0.0,0.02900268364293357,0.5548436866503381,0.5790015827193824,False,-64984.09091358542,215.26105463116497,1.1978220754826907e-05,
song,zipf,0.0,5,2,2012,discovered,1.0,1.0,0.05,103,0.9092510035048944,6,2.3499633153389854,37,0.3592233009708738,0.14,0.0,-1.3228373458375886,-0.9327124431629769,0.35096845852989,False,1.401377243195463,1.0427257130701055,1.34718902700115e-11,
song,zipf,0.0,5,2,2012,true,1.0,1.0,0.05,24,0.9834548290300157,13,2.184101210378467,21,0.875,0.86,0.0,-0.008001254595405793,-0.05400623628894848,0.956930195654875,False,-16.929352511640133,4.177032351853483,2.066596309191482e-06,
song,zipf,0.0,5,3,2013,discovered,1.0,1.0,0.05,86,0.9105723847556665,14,3.0523524634735026,16,0.18604651162790697,0.96,0.0,0.004290652700962738,0.16656652508591935,0.867711134785854,False,-10201.003226614004,69.68481392200563,3.6739202187163755e-06,
song,zipf,0.0,5,3,2013,true,1.0,1.0,0.05,24,0.9056743260536632,12,2.2444988648093926,16,0.6666666666666666,0.98,0.0,-0.11078713167176168,-0.3169364300784342,0.7512918386889251,False,-1.411071900181498,2.0430703473918683,3.4247875646542525e-09,
song,zipf,0.0,5,4,2014,discovered,1.0,1.0,0.05,160,0.9073297437982509,5,2.2389502791037663,59,0.36875,0.24,0.0,-2.1146906110275876,-1.393993811429507,0.16331947344976283,False,1.1598900222143231,1.1374429770415249,6.744471647834871e-11,
song,zipf,0.0,5,4,2014,true,1.0,1.0,0.05,24,0.9717956269115255,22,2.196303718592445,19,0.7916666666666666,1.0,0.0,-0.061436662050188495,-0.22307844199817078,0.8234744564010879,False,-3.8603712571923054,2.6470761628501402,2.5269237369229813e-07,
song,zipf,0.0,5,5,2015,discovered,1.0,1.0,0.05,154,0.8914738743524162,12,1.9114763367511074,59,0.38311688311688313,0.03,0.0,-2.096369181406428,-1.20565876646011,0.22794908996836205,False,1.9874616940580183,1.55248534095102,1.3221779227023944e-10,
song,zipf,0.0,5,5,2015,true,1.0,1.0,0.05,24,0.9905858403796844,48,2.1102041921047356,22,0.9166666666666666,0.57,0.0,-0.1757175178433643,-0.40797768382183486,0.6832900587029324,False,0.3382063636246864,2.1450654182216873,1.332582826307771e-07,
song,zipf,0.0,5,6,2016,discovered,1.0,1.0,0.05,125,0.8916830237994029,2,1.583482474236433,97,0.776,0.0,0.0,-5.521942462253323,-2.002481099236253,0.04523301390147138,False,0.5010117795659705,2.0287511897037827,4.872617864748463e-10,
song,zipf,0.0,5,6,2016,true,1.0,1.0,0.05,24,0.990203394979758,39,2.2744185040051685,17,0.7083333333333334,0.62,0.0,-0.07410757010971025,-0.2762338310603903,0.7823684742962184,False,-1.523267550700512,2.2709376724596537,1.180171835812871e-07,
song,zipf,0.0,5,7,2017,discovered,1.0,1.0,0.05,190,0.9607210677074574,1,1.6722597107079384,190,1.0,0.32,0.0,-0.908141450689274,-0.579566173328491,0.5622072099027989,False,-44.05985544664393,7.511345699923241,9.419842251645605e-05,
song,zipf,0.0,5,7,2017,true,1.0,1.0,0.05,24,0.9891669266310752,30,2.1271136503294,19,0.7916666666666666,0.89,0.0,-0.1699075337731042,-0.3776917251287372,0.7056596156667831,False,0.283059621681947,2.0293942702468546,4.226805572216108e-09,
song,zipf,0.0,6,0,2010,discovered,1.0,1.0,0.05,64,0.9523645133444241,2,2.078840271351036,45,0.703125,0.73,0.0,-0.389927864486615,-0.5667062814606145,0.5709137524759973,False,-4.567618423984101,2.348212369856994,2.71706568355512e-08,
song,zipf,0.0,6,0,2010,true,1.0,1.0,0.05,24,0.970821836415644,4,2.043003723403762,20,0.8333333333333334,0.66,0.0,-0.26137252723726667,-0.49416558094205126,0.6211892454592598,False,-1.5384584629600169,2.013841087069895,1.4828458461124683e-09,
song,zipf,0.0,6,1,2011,discovered,1.0,1.0,0.05,116,0.9319960326383433,1,1.9759779529735506,116,1.0,0.38,0.0,-1.8791935377407532,-1.1891774344385824,0.23436985228289087,False,-3.5591071800169978,2.032582248271851,2.3212010091810953e-10,
song,zipf,0.0,6,1,2011,true,1.0,1.0,0.05,24,0.9794600318738351,9,2.210250072235326,17,0.7083333333333334,0.66,0.0,0.00724932259592137,0.052930024009120995,0.9577876622190904,False,-23.499647321292272,4.675032975650977,1.8548030396914328e-05,
song,zipf,0.0,6,2,2012,discovered,1.0,1.0,0.05,85,0.841869578460093,9,2.5988427527867834,33,0.38823529411764707,0.36,0.0,-0.5547461974260925,-0.6545360426040978,0.5127665141233733,False,1.0282711685465322,1.1555756767743903,6.755840331607033e-11,
song,zipf,0.0,6,2,2012,true,1.0,1.0,0.05,24,0.9680966647816136,9,2.101533433552734,21,0.875,0.96,0.0,-0.13784772129396927,-0.3577488949564053,0.7205312385464946,False,-2.4984081283584403,2.3560593909050946,6.459910650846723e-08,
song,zipf,0.0,6,3,2013,discovered,1.0,1.0,0.05,121,0.9527771489844948,2,2.0661768885939553,65,0.5371900826446281,0.29,0.0,-1.9877018190955136,-1.2379167724955766,0.21574692252991423,False,-0.352500185730361,1.4186051057150737,1.4924239621905144e-10,
song,zipf,0.0,6,3,2013,true,1.0,1.0,0.05,24,0.9926900015111578,6,1.9431711401693967,24,1.0,0.88,0.0,-0.6350002856757748,-0.7037461352831761,0.48159088369097414,False,0.6403746385130707,1.7037570586859456,1.9326762412674725e-12,
song,zipf,0.0,6,4,2014,discovered,1.0,1.0,0.05,127,0.9200258267857793,12,2.330748876385655,32,0.25196850393700787,0.2,0.0,-0.23245084596222032,-0.5574531754984252,0.5772178427415433,False,-0.9412926011146652,1.8669005971863089,2.8359607995298575e-09,
song,zipf,0.0,6,4,2014,true,1.0,1.0,0.05,24,0.9829884915350512,21,2.1311234985395213,20,0.8333333333333334,0.68,0.0,-0.24416689386158374,-0.4576848223081001,0.647178893808243,False,0.7343589440118223,1.830481172910265,1.1640111097221961e-10,
song,zipf,0.0,6,5,2015,discovered,1.0,1.0,0.05,104,0.741724456049477,58,3.674703389953928,21,0.20192307692307693,0.54,0.0,0.0028443243763849324,0.3710138896436273,0.7106271864437551,False,-67818.52723022882,158.7527590966129,3.746863694686908e-05,
song,zipf,0.0,6,5,2015,true,1.0,1.0,0.05,24,0.9918530186429149,60,2.237921940923955,17,0.7083333333333334,0.91,0.0,-0.04982037363280156,-0.22220556855070442,0.8241538593990971,False,-2.876559271367473,2.6096383543372896,2.3856046027503908e-08,
song,zipf,0.0,6,6,2016,discovered,1.0,1.0,0.05,142,0.9128247883632489,1,1.4951068911544405,142,1.0,0.0,0.0,-10.151064293936663,-2.5784478708808596,0.00992452728217277,False,-0.2814200846055764,2.235499438566658,1.6649437384330668e-10,
song,zipf,0.0,6,6,2016,true,1.0,1.0,0.05,24,0.9956423847834076,30,2.2033919131333954,22,0.9166666666666666,1.0,0.0,-0.029045147116318226,-0.15806155321317705,0.8744082958033738,False,-8.768719474913452,3.3634782891858817,2.736407253678408e-06,
song,zipf,0.0,6,7,2017,discovered,1.0,1.0,0.05,146,0.9024750526853699,30,2.8137040703686194,16,0.1095890410958904,0.52,0.0,0.003930860650767087,0.15973791259112,0.8730875344202367,False,-104.76812451955695,7.720485373988809,0.00022785860909380062,
song,zipf,0.0,6,7,2017,true,1.0,1.0,0.05,24,0.9970301171199247,26,2.0588642152092573,24,1.0,1.0,0.0,-0.21423346562843504,-0.4446537647539346,0.6565699869069261,False,-0.15408096340549654,2.1791095035489993,4.769889017097739e-08,
song,zipf,0.0,7,0,2010,discovered,1.0,1.0,0.05,64,0.9115227593575238,4,2.9096620266522786,21,0.328125,0.22,0.0,-0.2675730408382546,-0.4388629975687775,0.6607608096513626,False,-0.19027508227550588,1.085724130693983,2.0015988866362022e-11,
song,zipf,0.0,7,0,2010,true,1.0,1.0,0.05,24,0.9749579663948865,3,2.0399973750095266,23,0.9583333333333334,0.83,0.0,-0.045575188230139174,-0.15697713538988223,0.8752628679934558,False,-20.979602811869295,4.581873433140986,1.4719395267093205e-06,
song,zipf,0.0,7,1,2011,discovered,1.0,1.0,0.05,94,0.9052273128553838,7,3.6895067076579133,18,0.19148936170212766,0.9,0.0,-0.012187689050823458,-0.10847063566117933,0.9136223724020583,False,-8.317135027048064,1.968109578334937,2.0148235080341692e-08,
song,zipf,0.0,7,1,2011,true,1.0,1.0,0.05,24,0.9875352111330145,7,2.091693756502338,22,0.9166666666666666,0.59,0.0,-0.35164535825184284,-0.5935197455961162,0.5528333724780745,False,-0.055815834578626884,1.7646227184883754,8.133298479151563e-10,
song,zipf,0.0,7,2,2012,discovered,1.0,1.0,0.05,87,0.9338188202357462,5,1.9461914315266657,37,0.42528735632183906,0.08,0.0,-1.9667174962774536,-1.282861300028981,0.1995406732928161,False,1.5487322145741027,1.2845366728762009,6.252776074688882e-13,
song,zipf,0.0,7,2,2012,true,1.0,1.0,0.05,24,0.9685573628809653,11,2.026951844329163,22,0.9166666666666666,0.65,0.0,-0.22528912079167895,-0.3995535552526815,0.6894853706700379,False,-0.7486555957752836,2.144098550766668,2.0449704152269987e-09,
song,zipf,0.0,7,3,2013,discovered,1.0,1.0,0.05,78,0.8004032385040774,11,3.808891238934144,23,0.2948717948717949,0.7,0.0,0.0014289914754792576,0.02239290547903713,0.9821345395419147,False,-40.879334860154856,3.892085694712496,0.00018691626079458956,
song,zipf,0.0,7,3,2013,true,1.0,1.0,0.05,24,0.9822484521387956,11,2.333319634130041,21,0.875,0.85,0.0,0.01796635973886307,0.37556702596457875,0.7072388085217505,False,-56079.567344880255,202.49221594459317,1.6365286683139857e-05,
song,zipf,0.0,7,4,2014,discovered,1.0,1.0,0.05,123,0.9299797586553997,7,2.1358149019611985,42,0.34146341463414637,0.59,0.0,-0.9338305250457912,-0.8674970282888714,0.3856697393207461,False,0.7653282296604929,1.4879302798732832,3.538502824085299e-11,
song,zipf,0.0,7,4,2014,true,1.0,1.0,0.05,24,0.9835672246722462,22,2.18134506707243,16,0.6666666666666666,0.69,0.0,-0.12856120822746808,-0.34854834866183915,0.727428410375627,False,-0.250165666090045,2.0113450269186437,3.5794300856650807e-10,
song,zipf,0.0,7,5,2015,discovered,1.0,1.0,0.05,143,0.875386860026821,9,1.8987670361076012,63,0.4405594405594406,0.0,0.0,-4.787036645943529,-1.6996894255827533,0.08918935941545007,False,2.578284799169446,1.1633458936995038,3.467448550509289e-11,
song,zipf,0.0,7,5,2015,true,1.0,1.0,0.05,24,0.9959966470052339,51,2.118589653023163,20,0.8333333333333334,0.97,0.0,-0.09537834193325523,-0.29212420072060785,0.7701916638057791,False,-1.4141459429498873,2.490525164949022,1.3202095772157918e-07,
song,zipf,0.0,7,6,2016,discovered,1.0,1.0,0.05,125,0.8695234188378045,37,3.0948277234420383,19,0.152,0.73,0.0,-0.06497139772218397,-0.2762509211067958,0.7823553488876809,False,-0.19555217866871222,1.4885882414577667,6.119923057212873e-08,
song,zipf,0.0,7,6,2016,true,1.0,1.0,0.05,24,0.9732802955656181,41,2.2072814221471435,17,0.7083333333333334,0.89,0.0,-0.12274910385884752,-0.34001071099540303,0.7338484617670127,False,0.14969090471764246,2.037218672319448,3.931732805995125e-08,
song,zipf,0.0,7,7,2017,discovered,1.0,1.0,0.05,116,0.8886388916673742,22,2.355943124939347,31,0.2672413793103448,0.19,0.0,-0.1528894579436164,-0.365849917138133,0.7144770696124969,False,-1.1972818329545358,2.022511628086663,1.565354068588931e-08,
song,zipf,0.0,7,7,2017,true,1.0,1.0,0.05,24,0.9929413415995867,23,2.0730543167712487,22,0.9166666666666666,0.46,0.0,-0.17177102425913526,-0.38899807302642625,0.697277571852122,False,-0.6535999159855594,2.2392675849830415,1.9734045508812414e-08,
song,zipf,0.0,8,0,2010,discovered,1.0,1.0,0.05,70,0.8436787801802007,5,3.4695726114533763,20,0.2857142857142857,0.05,0.0,-1.8342535473482842,-1.1955995878339671,0.23185285239211695,False,1.814591377675849,0.3668491346794434,7.105427357601002e-14,
song,zipf,0.0,8,0,2010,true,1.0,1.0,0.05,24,0.9406384350012905,7,2.6262563867473268,13,0.5416666666666666,0.98,0.0,-0.014802206532164242,-0.1002384773881118,0.9201549992917926,False,-9.774969706667482,2.7502741554403802,1.7321539758086146e-09,
song,zipf,0.0,8,1,2011,discovered,1.0,1.0,0.05,70,0.89812131856771,4,2.1900803767795693,38,0.5428571428571428,0.55,0.0,-0.9995812313108117,-0.9751937032537764,0.32946418496599217,False,0.37887857901503325,1.3514434411790457,7.274536528711906e-11,
song,zipf,0.0,8,1,2011,true,1.0,1.0,0.05,24,0.9742544937964441,6,2.0562074069521676,20,0.8333333333333334,0.86,0.0,-0.261084484130905,-0.5055804454601974,0.6131512118982236,False,-0.9656244215467056,1.9864441283666816,2.116806285812345e-09,
song,zipf,0.0,8,2,2012,discovered,1.0,1.0,0.05,96,0.8949204009515471,2,1.740297532092155,68,0.7083333333333334,0.0,0.0,-6.859428287954345,-2.164677737395421,0.030412373135252517,False,1.2358963549885456,1.2272315886637746,1.1652900866465643e-12,
song,zipf,0.0,8,2,2012,true,1.0,1.0,0.05,24,0.9689595962023859,11,2.182550920837156,23,0.9583333333333334,0.18,0.0,-0.06703322693177238,-0.2906862971881548,0.7712912525395306,False,-6.8689548955406465,2.9872055632643035,1.585792546165976e-06,
song,zipf,0.0,8,3,2013,discovered,1.0,1.0,0.05,66,0.8909791676362634,28,3.6089190269893727,10,0.15151515151515152,0.64,0.0,-0.12991020867857017,-0.38433880384474317,0.7007273511083502,False,2.4168450516196596,0.7719867169319046,2.5828228444879642e-11,
song,zipf,0.0,8,3,2013,true,1.0,1.0,0.05,24,0.9589541646782608,13,2.164164932666035,12,0.5,0.71,0.0,-0.29800984615747783,-0.46942002791092957,0.6387694354580351,False,1.6952330431325342,1.3832437668690238,1.0603429245747975e-10,
song,zipf,0.0,8,4,2014,discovered,1.0,1.0,0.05,146,0.9295114582923388,1,1.6316423768234827,146,1.0,0.04,0.0,-3.306548344164881,-1.4070633800159713,0.15940859570565014,False,-3.909056814328734,2.838457023824499,7.004985036473954e-09,
song,zipf,0.0,8,4,2014,true,1.0,1.0,0.05,24,0.9928014432374493,15,2.0549012163200997,23,0.9583333333333334,0.93,0.0,-0.0829385409323331,-0.25761009880438934,0.7967078349984947,False,-4.289979657400916,2.8509830614004725,7.222918441129877e-08,
song,zipf,0.0,8,5,2015,discovered,1.0,1.0,0.05,137,0.8844608072820286,36,2.5660806654781725,29,0.2116788321167883,0.38,0.0,-0.6234621921958006,-0.768712784903222,0.4420638334964683,False,2.7981479189720933,1.0828486194552136,2.1639152691932395e-09,
song,zipf,0.0,8,5,2015,true,1.0,1.0,0.05,24,0.9961285558702921,55,2.1881833197838936,19,0.7916666666666666,1.0,0.0,-0.0627505103416981,-0.23605208250574844,0.8133922558774218,False,-2.6666543826414246,2.6251245608220626,1.6521689616411095e-06,
song,zipf,0.0,8,6,2016,discovered,1.0,1.0,0.05,148,0.8654574424085533,29,4.068070681219912,18,0.12162162162162163,0.35,0.0,-0.7336535487940994,-0.8092775616498381,0.4183555098404711,False,3.2977433447906583,0.4333716388576324,7.958078640513122e-13,
song,zipf,0.0,8,6,2016,true,1.0,1.0,0.05,24,0.9879493806714155,28,2.133164997786159,23,0.9583333333333334,0.38,0.0,-0.10828523175561688,-0.306246951312347,0.7594166265831032,False,-2.1231111413341868,2.483906706895833,5.981780475394771e-07,
song,zipf,0.0,8,7,2017,discovered,1.0,1.0,0.05,79,0.9026763915901304,38,2.524738287565761,17,0.21518987341772153,0.96,0.0,-0.008028958052568314,-0.08759782505935405,0.9301963308868066,False,-15.959049877605743,3.684269130296071,5.822368969177205e-05,
song,zipf,0.0,8,7,2017,true,1.0,1.0,0.05,24,0.9931022047522875,23,2.1081842258789365,24,1.0,0.75,0.0,-0.17758406828274875,-0.36894039649454147,0.7121721520460333,False,-0.7052627037509364,2.203915771582237,1.1298790525415825e-07,
song,zipf,0.0,9,0,2010,discovered,1.0,1.0,0.05,59,0.8961040086494486,1,1.7843355346533165,59,1.0,0.01,0.0,-3.552482174206207,-1.5869638174366314,0.11252083967398153,False,-0.2288991852994544,1.3942637230834252,1.6470380614919122e-11,
song,zipf,0.0,9,0,2010,true,1.0,1.0,0.05,22,0.9126540949895914,6,2.28970749524821,13,0.5909090909090909,0.57,0.0,-0.03158983779597069,-0.16578847203595432,0.8683234185560166,False,-7.474766311214948,2.808857704834642,2.4660664621478645e-09,
song,zipf,0.0,9,1,2011,discovered,1.0,1.0,0.05,90,0.9286869837901575,1,1.649571228083695,90,1.0,0.01,0.0,-5.7209682052054625,-2.097575884135853,0.03594262727490983,False,-0.40911123656219595,1.7499115070007134,2.5579538487363607e-13,
song,zipf,0.0,9,1,2011,true,1.0,1.0,0.05,24,0.9480009954874767,8,2.0341735970453874,20,0.8333333333333334,0.76,0.0,-0.19782811241680287,-0.41967967211333945,0.674719477074623,False,-1.3222153941057466,2.1784345209817513,3.28233085156171e-08,
song,zipf,0.0,9,2,2012,discovered,1.0,1.0,0.05,111,0.9039839536904206,1,1.689167083596086,111,1.0,0.02,0.0,-3.9452711976290185,-1.580802180364617,0.11392327586043811,False,-1.598206915646752,2.0644168739313193,1.538751348562073e-10,
song,zipf,0.0,9,2,2012,true,1.0,1.0,0.05,24,0.9641826135937085,11,2.0790159231375127,18,0.75,0.5,0.0,-0.2170873157785307,-0.4304975585775802,0.6668337422781021,False,-0.17812210926832117,1.9415662985204103,4.386279783830105e-09,
song,zipf,0.0,9,3,2013,discovered,1.0,1.0,0.05,83,0.9020722045335283,1,1.5639393034910813,83,1.0,0.0,0.0,-7.70376138875443,-2.410864247098651,0.015914770878884002,False,0.2751067294101941,1.7004613061377503,1.4352963262354024e-11,
song,zipf,0.0,9,3,2013,true,1.0,1.0,0.05,24,0.9799213175594906,15,2.2884616468785652,14,0.5833333333333334,0.87,0.0,-0.03795940995365488,-0.16880183945644095,0.8659525114126962,False,-4.207271675316754,2.5201095694914213,3.325482111904421e-10,
song,zipf,0.0,9,4,2014,discovered,1.0,1.0,0.05,101,0.9176145763622588,21,2.8186806213511773,22,0.21782178217821782,0.87,0.0,-0.009932360826671705,-0.09931267291451051,0.9208900166312488,False,-16.230575391592033,3.3179600925886197,1.761677370382131e-05,
song,zipf,0.0,9,4,2014,true,1.0,1.0,0.05,24,0.9951461850282289,31,2.175358400035831,18,0.75,0.94,0.0,-0.04973017522262069,-0.21130513255364577,0.832649178147669,False,-4.276550050895343,2.798551211725408,1.59091388240995e-06,
song,zipf,0.0,9,5,2015,discovered,1.0,1.0,0.05,172,0.9400022713839685,1,1.5017919168429394,172,1.0,0.0,0.0,-9.341169754863104,-2.4897098707700773,0.012784741199248537,False,-1.1934137492217634,2.556229713583412,4.4919943320564926e-09,
song,zipf,0.0,9,5,2015,true,1.0,1.0,0.05,24,0.9901211266722054,50,2.2377069346264973,16,0.6666666666666666,0.93,0.0,-0.04649088896273845,-0.22442043505705447,0.8224301713007753,False,-3.1902548734980387,2.628801951492821,5.608154509673113e-07,
song,zipf,0.0,9,6,2016,discovered,1.0,1.0,0.05,110,0.8353723924138297,14,2.3504487909569187,46,0.41818181818181815,0.32,0.0,-0.11234043762505408,-0.35320489466435334,0.7239348386658416,False,-5.6604785170557035,2.6479372329662283,9.030446790347924e-08,
song,zipf,0.0,9,6,2016,true,1.0,1.0,0.05,24,0.9688217287580729,22,1.9541638506735273,22,0.9166666666666666,0.67,0.0,-0.8955125152047434,-0.8665650679718112,0.38618036023017777,False,2.8314819321228986,1.4098559740325016,2.7782220968219917e-11,
song,zipf,0.0,9,7,2017,discovered,1.0,1.0,0.05,128,0.8700206104529962,15,2.107788992642319,42,0.328125,0.0,0.0,-2.5835700048842463,-1.3485864391020184,0.17746983883473721,False,2.8800004563838746,1.0278376862703245,1.8758328224066645e-12,
song,zipf,0.0,9,7,2017,true,1.0,1.0,0.05,24,0.9807906227536886,47,2.2495298771202448,15,0.625,0.56,0.0,-0.04641161607253075,-0.19816642599256323,0.8429148547257472,False,-2.759852318239261,2.536964348390944,6.660886242570996e-08,
song,zipf,0.0,10,0,2010,discovered,1.0,1.0,0.05,68,0.9137847820065407,1,1.9930444843478266,68,1.0,0.0,0.0,-4.632340575165817,-2.0289693347373126,0.04246141379997378,False,0.06628362174925684,0.990030023213009,2.6716406864579767e-12,
song,zipf,0.0,10,0,2010,true,1.0,1.0,0.05,23,0.9060391417104986,5,2.143994453991306,14,0.6086956521739131,0.49,0.0,-0.35794531261134543,-0.5834956446355881,0.5595596881577491,False,0.5278031489581338,1.431613455026306,3.097966327914037e-11,
song,zipf,0.0,10,1,2011,discovered,1.0,1.0,0.05,102,0.9422201161125062,1,1.8617604040513187,102,1.0,0.01,0.0,-3.847555957883566,-1.6040100991009643,0.10871182652915325,False,-1.3066535086358848,1.6427891384890403,3.498712430882733e-11,
song,zipf,0.0,10,1,2011,true,1.0,1.0,0.05,24,0.916608965021671,8,2.0075304422048483,19,0.7916666666666666,0.52,0.0,-0.7993311178581237,-0.832199436779982,0.4052963817432119,False,1.8087516956295835,1.3191065998306881,6.866684998385608e-11,
song,zipf,0.0,10,2,2012,discovered,1.0,1.0,0.05,109,0.9367177955662084,7,2.396752194624278,29,0.26605504587155965,0.6,0.0,-0.183623098031668,-0.40153436150007144,0.6880267449040598,False,-2.418793597026432,1.96467197225069,2.2254198484006338e-10,
song,zipf,0.0,10,2,2012,true,1.0,1.0,0.05,24,0.9863338889770972,27,2.3267267835804697,10,0.4166666666666667,0.95,0.0,-0.12782461207992757,-0.36429549744207235,0.7156373617423117,False,1.4209221738517044,1.539246083517195,1.7066739133042574e-09,
song,zipf,0.0,10,3,2013,discovered,1.0,1.0,0.05,103,0.9256143468732163,2,1.8445440642657944,70,0.6796116504854369,0.04,0.0,-2.9665614711512855,-1.4547587371566366,0.1457360652096499,False,0.09791574127109244,1.5606702437325755,3.723243935382925e-12,
song,zipf,0.0,10,3,2013,true,1.0,1.0,0.05,24,0.9283048545052315,9,2.0547652145705912,21,0.875,0.76,0.0,-0.4459587248195551,-0.6246783545378116,0.5321821822868336,False,0.8789191471330451,1.6282591659328898,6.320988177321851e-11,
song,zipf,0.0,10,4,2014,discovered,1.0,1.0,0.05,139,0.9203598289273759,1,1.6643610038619996,139,1.0,0.0,0.0,-6.469693474018838,-2.233621549563595,0.025507984784049472,False,-1.1274440232570502,1.9741242671740882,3.359446054673754e-11,
song,zipf,0.0,10,4,2014,true,1.0,1.0,0.05,24,0.9926309102869229,23,2.1797508781524195,15,0.625,1.0,0.0,-0.04588586316484111,-0.20135049497363358,0.8404245216841655,False,-4.025844346969855,2.702925464027504,7.504976622385584e-07,
song,zipf,0.0,10,5,2015,discovered,1.0,1.0,0.05,81,0.7876765016458432,36,2.35990709028471,34,0.41975308641975306,0.18,0.0,-0.679426339935242,-0.6980607039829545,0.48513923171921636,False,2.562393065908247,1.2830892469193582,7.864286999392789e-10,
song,zipf,0.0,10,5,2015,true,1.0,1.0,0.05,24,0.9789107643371329,44,2.223115526417964,19,0.7916666666666666,0.89,0.0,-0.021557485684743583,-0.13088764016215731,0.8958641922862214,False,-8.97302995767042,3.4096586385590024,1.7141928765340708e-07,
song,zipf,0.0,10,6,2016,discovered,1.0,1.0,0.05,96,0.8499004094490797,28,3.137263330305352,24,0.25,0.74,0.0,0.002704519662664495,0.1548355062116459,0.8769509988386495,False,-10010.186139745183,68.0406585314538,6.172611392685212e-06,
song,zipf,0.0,10,6,2016,true,1.0,1.0,0.05,24,0.9880443691933876,29,2.177174584130829,21,0.875,1.0,0.0,-0.06785779084670995,-0.25286022604671893,0.8003762258443756,False,-3.626712624568337,2.68385372518995,7.599602014352058e-07,
song,zipf,0.0,10,7,2017,discovered,1.0,1.0,0.05,119,0.8853648312670075,2,1.5112487656238751,95,0.7983193277310925,0.0,0.0,-8.311812894970153,-2.458706667218769,0.013943849510715114,False,1.2772799582063135,1.939515073330435,2.660840436874423e-10,
song,zipf,0.0,10,7,2017,true,1.0,1.0,0.05,24,0.995634195280457,34,2.137561241112187,24,1.0,0.98,0.0,-0.07873884709120649,-0.26525351491276344,0.7908141719005107,False,-3.574360814533711,2.7580144040138377,6.398579444066854e-10,
song,zipf,0.0,11,0,2010,discovered,1.0,1.0,0.05,73,0.9151735606287565,1,1.989778349588924,73,1.0,0.49,0.0,-0.733336611519683,-0.7141525768137318,0.4751328376562799,False,-5.555383933291921,2.3859392864916606,2.5522410851408495e-09,
song,zipf,0.0,11,0,2010,true,1.0,1.0,0.05,23,0.8546187518751073,10,2.9323854465762285,11,0.4782608695652174,0.23,0.0,0.045536550029854794,1.275704875428136,0.20205986448693314,False,-324060.3376437447,403.42324045319026,0.00014769727386010345,
song,zipf,0.0,11,1,2011,discovered,1.0,1.0,0.05,82,0.9475091037357223,4,2.20351050182167,34,0.4146341463414634,0.32,0.0,-0.39666879413494405,-0.5358021721691659,0.5920952808030264,False,-1.4329164473366807,1.8050129318086385,1.1414442724344553e-09,
song,zipf,0.0,11,1,2011,true,1.0,1.0,0.05,24,0.9391653225053622,7,2.0476191869087486,18,0.75,0.9,0.0,-0.14805645823105396,-0.36013514055969215,0.718746075045654,False,-2.1925624761038143,2.3086796292790432,2.9336746365515864e-08,
song,zipf,0.0,11,2,2012,discovered,1.0,1.0,0.05,86,0.9332130813588024,7,2.239016427191871,33,0.38372093023255816,0.55,0.0,-0.03249346508252682,-0.101095888895007,0.9194743415139922,False,-11.3803130403053,3.389883547254413,1.165518881407479e-08,
song,zipf,0.0,11,2,2012,true,1.0,1.0,0.05,24,0.9816364926216915,21,2.5438036412008347,11,0.4583333333333333,0.65,0.0,0.010643076668079843,0.5800459533564564,0.5618836291098146,False,-97630.75188793206,249.7493291444376,3.877230301441159e-05,
song,zipf,0.0,11,3,2013,discovered,1.0,1.0,0.05,72,0.8107327001967489,10,3.2099389900034114,23,0.3194444444444444,0.2,0.0,-0.7856847800031639,-0.7619695352499042,0.44607818682271216,False,2.0845747825620613,0.6378235821855361,2.9245939003885724e-11,
song,zipf,0.0,11,3,2013,true,1.0,1.0,0.05,24,0.9390191574609913,10,2.040324258962057,15,0.625,0.52,0.0,-0.4886788266986528,-0.7177434893119237,0.4729154629299084,False,1.7039217742916954,1.413169080901744,6.927081130925217e-11,
song,zipf,0.0,11,4,2014,discovered,1.0,1.0,0.05,120,0.9043853567095564,12,2.4553606386937443,31,0.25833333333333336,0.28,0.0,-0.02312700551215885,-0.15424377284753105,0.8774175293943287,False,-14.260594625841044,3.4777563915579006,7.744474544324476e-06,
song,zipf,0.0,11,4,2014,true,1.0,1.0,0.05,24,0.9836610381764166,22,2.23888762721287,19,0.7916666666666666,0.99,0.0,0.006671055574667406,0.11208582949980297,0.910755353041043,False,-55.89461587791633,6.948545870059839,0.001052230991646752,
song,zipf,0.0,11,5,2015,discovered,1.0,1.0,0.05,178,0.9068481140596988,1,1.5081396527501154,178,1.0,0.0,0.0,-7.31045606922882,-2.1145986065805906,0.03446417253033465,False,-1.8033598761950458,2.736468483498737,6.94626578479074e-11,
song,zipf,0.0,11,5,2015,true,1.0,1.0,0.05,24,0.9949346479779261,46,2.1589490201236985,20,0.8333333333333334,0.97,0.0,-0.1144190690061917,-0.3322847123353392,0.7396742825125437,False,-0.681603654436843,2.2818233735562075,7.40767518436769e-08,
song,zipf,0.0,11,6,2016,discovered,1.0,1.0,0.05,121,0.8471797351913352,16,2.2474973481812057,47,0.3884297520661157,0.48,0.0,-1.0320098344177042,-0.959753276377679,0.3371794028458238,False,1.7709709786831604,1.3545132778150737,3.410605131648481e-13,
song,zipf,0.0,11,6,2016,true,1.0,1.0,0.05,24,0.9952378505587612,28,2.0455637687342643,24,1.0,0.9,0.0,-0.3719025936412881,-0.5790639857078703,0.5625459995671984,False,1.4407626801118414,1.8279418134088912,6.79435174788523e-10,
song,zipf,0.0,11,7,2017,discovered,1.0,1.0,0.05,116,0.8703866148433279,23,2.238392103159959,33,0.28448275862068967,0.19,0.0,-0.27412541224531406,-0.6086671131472925,0.5427451097304232,False,-0.012496304980607987,1.9105451982244155,9.16776627946092e-08,
song,zipf,0.0,11,7,2017,true,1.0,1.0,0.05,24,0.9943884646838919,21,2.125777543733595,24,1.0,0.89,0.0,-0.1529894262534297,-0.3735280869583347,0.7087554451521882,False,-1.3608541604866324,2.293065029063682,6.44871818167303e-08,
song,zipf,0.0,12,0,2010,discovered,1.0,1.0,0.05,64,0.9291684722698952,3,2.5442785485892374,24,0.375,0.14,0.0,-0.7151290083035082,-0.8303611963882356,0.4063345978170646,False,0.5453110722728014,0.9495215828247919,4.11404244005098e-12,
song,zipf,0.0,12,0,2010,true,1.0,1.0,0.05,24,0.8757590648849165,4,2.1865855834076324,20,0.8333333333333334,0.98,0.0,-0.09548251522347861,-0.2781031822008087,0.780933153020998,False,-5.512560190123818,2.56609724676997,5.0232671355843195e-09,
song,zipf,0.0,12,1,2011,discovered,1.0,1.0,0.05,82,0.9016322769160114,3,2.1104241980427605,47,0.573170731707317,0.04,0.0,-2.649664186860286,-1.227683140283322,0.2195659378554281,False,1.0478616278888753,1.0538944584207783,2.518163455533795e-11,
song,zipf,0.0,12,1,2011,true,1.0,1.0,0.05,24,0.8891244348929613,6,1.9156116803481582,21,0.875,0.69,0.0,-0.7146173978129737,-0.7700557061749015,0.44126684907541047,False,1.0990744761539633,1.5894790301782338,1.9525714378687553e-11,
song,zipf,0.0,12,2,2012,discovered,1.0,1.0,0.05,77,0.8396444287626895,8,2.5041539084780604,34,0.44155844155844154,0.02,0.0,-0.06806842998286156,-0.31429446624474827,0.7532974007415034,False,-21.74947377708937,4.005790729220091,2.2307979747893114e-06,
song,zipf,0.0,12,2,2012,true,1.0,1.0,0.05,24,0.9920759604729708,11,2.1508598203825775,22,0.9166666666666666,0.88,0.0,-0.09636529943181582,-0.2963925473588939,0.7669303161322794,False,-3.631661769279983,2.5374224148978595,2.0275621182008763e-08,
song,zipf,0.0,12,3,2013,discovered,1.0,1.0,0.05,131,0.9385804781599898,2,1.9944518027397409,73,0.5572519083969466,0.07,0.0,-2.105924504048167,-1.2237792478970113,0.2210355148337141,False,-0.4372840831660336,1.527913378960997,4.388311936054379e-11,
song,zipf,0.0,12,3,2013,true,1.0,1.0,0.05,24,0.9860154355522093,7,1.8303798167645928,23,0.9583333333333334,0.64,0.0,-0.8840057486750474,-0.8913806103286964,0.3727250162244994,False,1.4338987081357488,1.670744748737441,6.02682348471717e-11,
song,zipf,0.0,12,4,2014,discovered,1.0,1.0,0.05,123,0.9562538276005262,10,2.039186236490708,35,0.2845528455284553,0.95,0.0,-0.17437993625407966,-0.3895486982570273,0.6968702937833793,False,-4.496389930556289,2.827937313989634,7.426325510095921e-08,
song,zipf,0.0,12,4,2014,true,1.0,1.0,0.05,24,0.9853523040292503,17,2.0245341984101777,22,0.9166666666666666,0.77,0.0,-0.29806255686704564,-0.48829791395853933,0.6253388388508304,False,0.5564923806172579,1.9488659587222605,2.828812739608111e-09,
song,zipf,0.0,12,5,2015,discovered,1.0,1.0,0.05,148,0.8407001416557136,3,1.6010746138727026,106,0.7162162162162162,0.0,0.0,-14.16461950409052,-3.392673708207118,0.0006921403119365883,False,2.124559434758055,1.3558118066177955,1.0686562745831907e-11,
song,zipf,0.0,12,5,2015,true,1.0,1.0,0.05,24,0.9903138938738636,29,1.9404110609260325,24,1.0,0.27,0.0,-0.8776639382804277,-0.8463188254926959,0.3973749086449627,False,2.967680563886698,1.4889184811176606,7.628955245309044e-10,
song,zipf,0.0,12,6,2016,discovered,1.0,1.0,0.05,168,0.9489378772689319,1,1.614361389050401,168,1.0,0.02,0.0,-0.04066997780300241,-0.022831176590378553,0.9817849391790542,False,-21.358304732486108,5.666703708252584,4.892450078841648e-06,
song,zipf,0.0,12,6,2016,true,1.0,1.0,0.05,24,0.9761047482692315,32,2.209283014366625,19,0.7916666666666666,1.0,0.0,-0.05308427929752213,-0.2180746032758742,0.8273709848522877,False,-3.9853577714070108,2.7137258552656713,1.206681901066986e-07,
song,zipf,0.0,12,7,2017,discovered,1.0,1.0,0.05,201,0.9418171224346006,1,1.6738667489936048,201,1.0,0.17,0.0,-4.499697204709493,-1.6941207741550552,0.09024233550711114,False,-4.010654237072359,2.731470928495611,2.7552005121833645e-09,
song,zipf,0.0,12,7,2017,true,1.0,1.0,0.05,24,0.9862573349366734,36,2.1973405917384903,16,0.6666666666666666,0.42,0.0,-0.07667800845135275,-0.25727775820899784,0.7969643610661366,False,-1.4647312863822812,2.3329824842905005,1.255184969295442e-07,
song,zipf,0.0,13,0,2010,discovered,1.0,1.0,0.05,66,0.9280545514491697,1,1.8827984914005407,66,1.0,0.01,0.0,-4.695208945386224,-1.8654747248441266,0.06211489178037201,False,0.040375411003282666,1.1285090490590075,1.6200374375330284e-12,
song,zipf,0.0,13,0,2010,true,1.0,1.0,0.05,24,0.8800407236218223,7,2.207259657292037,13,0.5416666666666666,0.43,0.0,-0.23486846160460928,-0.45713699616893255,0.6475725800454749,False,0.4212599126079859,1.5176341493778482,5.261568958303542e-11,
song,zipf,0.0,13,1,2011,discovered,1.0,1.0,0.05,90,0.8867005367474332,8,3.1617777870760864,21,0.23333333333333334,0.51,0.0,-0.3728702808395008,-0.5897182935339335,0.5553795286521104,False,1.279135385813491,0.8323445159567693,1.8687273950490635e-12,
song,zipf,0.0,13,1,2011,true,1.0,1.0,0.05,24,0.9841205672876883,15,2.3667180868420146,11,0.4583333333333333,0.97,0.0,-0.056976033125825776,-0.23843975304451762,0.8115400378936705,False,-1.5294493032865932,1.9957423684175315,1.8675358148811938e-08,
song,zipf,0.0,13,2,2012,discovered,1.0,1.0,0.05,86,0.8357034153695143,17,3.4726576819643236,20,0.23255813953488372,0.12,0.0,0.0039863103018777934,0.19776449168415242,0.8432293289587653,False,-300.7985333020622,10.982157225954635,1.5916139261662465e-05,
song,zipf,0.0,13,2,2012,true,1.0,1.0,0.05,24,0.9634584755651808,14,2.286110792291684,18,0.75,0.61,0.0,0.0034299037834308876,0.05207699695051886,0.9584673418638348,False,-52.66774474195871,6.580265663041849,0.0008367052839872713,
song,zipf,0.0,13,3,2013,discovered,1.0,1.0,0.05,64,0.9286307626767311,5,2.0168267577755237,31,0.484375,0.52,0.0,-0.4043778841451764,-0.5272599738486845,0.5980130657494549,False,-1.1826633563980187,2.0359469129093464,8.517133665009169e-10,
song,zipf,0.0,13,3,2013,true,1.0,1.0,0.05,24,0.96997493036995,9,2.082246713354746,21,0.875,0.64,0.0,-0.23072456000821928,-0.4698348539544078,0.638473010843448,False,-0.7822276831302819,2.024686332844109,5.246079126663972e-10,
song,zipf,0.0,13,4,2014,discovered,1.0,1.0,0.05,114,0.9092488604345819,2,1.6248102064375198,97,0.8508771929824561,0.0,0.0,-7.862129488524756,-2.462782674020103,0.013786345166090912,False,1.0214985403196861,1.645518232024926,5.0818016461562365e-11,
song,zipf,0.0,13,4,2014,true,1.0,1.0,0.05,24,0.9887095854331812,16,2.118486713341664,23,0.9583333333333334,0.93,0.0,-0.14485614236162725,-0.3745339622013126,0.7080070939888989,False,-1.7361011142668903,2.3168020002660623,7.445024152730184e-09,
song,zipf,0.0,13,5,2015,discovered,1.0,1.0,0.05,172,0.9282170057734807,4,1.74702596719461,91,0.5290697674418605,0.01,0.0,-2.924348106121898,-1.4163535825574143,0.1566720069785534,False,0.39185083220350797,1.9762198602295693,6.24140739091672e-11,
song,zipf,0.0,13,5,2015,true,1.0,1.0,0.05,24,0.9917126339419081,50,2.0880316857254853,19,0.7916666666666666,0.94,0.0,-0.36620535265583776,-0.5846015809241605,0.5588156444367534,False,2.5807133638213213,1.6237287769042767,6.2368030739889946e-09,
song,zipf,0.0,13,6,2016,discovered,1.0,1.0,0.05,119,0.8591839427304365,29,3.1560188843706323,27,0.226890756302521,0.63,0.0,-0.012322277348292054,-0.1174575344034041,0.906497493681444,False,-9.485595997113258,2.509995116116224,2.0312501192165655e-07,
song,zipf,0.0,13,6,2016,true,1.0,1.0,0.05,24,0.9879591761897951,33,2.2620061556044235,22,0.9166666666666666,0.71,0.0,0.002147970867490301,0.031745189238939917,0.9746752572292093,False,-40.358944867260085,5.9730575183432775,0.0014621515692709863,
song,zipf,0.0,13,7,2017,discovered,1.0,1.0,0.05,169,0.887247715062228,3,1.6194546279923854,105,0.621301775147929,0.0,0.0,-9.891162337881578,-2.772644434967694,0.0055602838139357106,False,1.7616450141475934,1.54133046446773,4.729940883407835e-10,
song,zipf,0.0,13,7,2017,true,1.0,1.0,0.05,24,0.9901200116092543,38,2.0081499451180256,20,0.8333333333333334,0.57,0.0,-0.6847803547120539,-0.781114333366592,0.43473525244624733,False,3.1815019638625666,1.4233015227557493,4.69725591756287e-10,
song,zipf,0.0,14,0,2010,discovered,1.0,1.0,0.05,68,0.9247422323010275,1,1.9322997940910256,68,1.0,0.39,0.0,-0.902461498577775,-0.7612463684751035,0.4465099275190775,False,-4.379339901003247,2.2606826620140885,7.429434845107608e-11,
song,zipf,0.0,14,0,2010,true,1.0,1.0,0.05,23,0.9578454567589944,7,2.251653079557766,11,0.4782608695652174,0.66,0.0,-0.23289108485120646,-0.543542611470426,0.5867562604801095,False,0.7466375916543104,1.3862252513888742,2.1600499167107046e-12,
song,zipf,0.0,14,1,2011,discovered,1.0,1.0,0.05,88,0.9200073263346117,3,2.5134333672128357,45,0.5113636363636364,0.71,0.0,-0.1769419293732808,-0.3639154738638348,0.7159211293267839,False,-7.696730301236511,2.4403845976395244,1.6683259218552848e-09,
song,zipf,0.0,14,1,2011,true,1.0,1.0,0.05,24,0.9748825173408058,7,2.284159158014305,20,0.8333333333333334,0.05,0.0,0.06769587389207832,0.9630134821620957,0.3355407574370357,False,-190754.35456155537,378.09974215656933,9.313165537605528e-05,
song,zipf,0.0,14,2,2012,discovered,1.0,1.0,0.05,86,0.9101774979329124,14,2.6518790923262356,19,0.22093023255813954,0.66,0.0,-0.0016239873875916189,-0.0262594144078975,0.9790504263495314,False,-56.49143553466368,5.975323159375526,0.0005947581486225317,
song,zipf,0.0,14,2,2012,true,1.0,1.0,0.05,24,0.9906792913441964,10,2.0683416010611317,22,0.9166666666666666,0.76,0.0,-0.30536994439958054,-0.5193811074051718,0.6034950033556852,False,0.009274142640679717,1.8818398718310874,1.4094325706537347e-10,
song,zipf,0.0,14,3,2013,discovered,1.0,1.0,0.05,127,0.9178678079129363,3,2.099231543322074,58,0.4566929133858268,0.03,0.0,-2.822710846779767,-1.4470880948893197,0.14787225191616757,False,0.9297861701320806,1.1167206518206536,2.4056987513176864e-09,
song,zipf,0.0,14,3,2013,true,1.0,1.0,0.05,24,0.94449024057442,19,2.3192571900549193,12,0.5,0.9,0.0,0.00832364783395878,0.39994699801268246,0.6891955552917672,False,-10538.456737007633,88.7455580547799,5.249867172096856e-07,
song,zipf,0.0,14,4,2014,discovered,1.0,1.0,0.05,118,0.8910251470167998,2,1.669901529131101,83,0.7033898305084746,0.0,0.0,-7.222440629422673,-2.3943959700199895,0.016647765282000952,False,1.1208262670699813,1.464684301714055,2.4726887204451486e-11,
song,zipf,0.0,14,4,2014,true,1.0,1.0,0.05,24,0.986806449622344,15,2.068369194799202,22,0.9166666666666666,0.97,0.0,-0.3109108815047028,-0.5227312213448494,0.6011613082338843,False,0.5591477905851575,1.8567224038448449,4.0228229636340984e-09,
song,zipf,0.0,14,5,2015,discovered,1.0,1.0,0.05,226,0.9490614584852652,7,2.0049101146311443,70,0.30973451327433627,0.18,0.0,-0.8049262210568782,-0.7912792198594569,0.4287810718265558,False,-1.0413444841963249,2.119484262923198,3.2741809263825417e-09,
song,zipf,0.0,14,5,2015,true,1.0,1.0,0.05,24,0.9831243087060093,49,2.175044469735831,20,0.8333333333333334,0.94,0.0,-0.0762119999977866,-0.2678773223307395,0.7887937501125533,False,-2.2292539983648516,2.5502852289705427,1.027387952490244e-09,
song,zipf,0.0,14,6,2016,discovered,1.0,1.0,0.05,112,0.8250792876923461,40,3.162370670832654,23,0.20535714285714285,0.57,0.0,-0.08661893690283673,-0.3162614375377128,0.7518040784648958,False,0.3304212013546892,1.3887436129928572,8.627893066659453e-09,
song,zipf,0.0,14,6,2016,true,1.0,1.0,0.05,24,0.9939869768744573,31,2.207792169631517,20,0.8333333333333334,0.9,0.0,-0.012007364534261988,-0.08472913261771677,0.9324767347612085,False,-13.437415728137683,3.8916027498673813,4.483461708559844e-07,
song,zipf,0.0,14,7,2017,discovered,1.0,1.0,0.05,95,0.8682453249535336,25,2.2898195243495256,30,0.3157894736842105,0.82,0.0,-0.04561368196067139,-0.19601307441457358,0.8445999325996099,False,-7.628730953005087,3.0713268159960623,3.8898866705494584e-07,
song,zipf,0.0,14,7,2017,true,1.0,1.0,0.05,24,0.9947102737808659,27,2.08066195806765,24,1.0,1.0,0.0,-0.1413244384187209,-0.35610378329456066,0.7217628440487543,False,-1.4704257381794499,2.4277397157984786,1.9106045101580094e-07,
song,zipf,0.0,15,0,2010,discovered,1.0,1.0,0.05,62,0.9412832849751082,3,2.297494145514147,27,0.43548387096774194,0.43,0.0,-0.225785066926246,-0.3980388852946503,0.6906015225189734,False,-4.3826142007231805,2.181116735989846,1.0606129308143863e-08,
song,zipf,0.0,15,0,2010,true,1.0,1.0,0.05,24,0.9103361473798594,8,2.4775487861866354,10,0.4166666666666667,0.71,0.0,0.007226915549366719,0.17037609778844137,0.8647143685086538,False,-456.42905067790355,17.31967385482478,9.043893840043893e-06,
song,zipf,0.0,15,1,2011,discovered,1.0,1.0,0.05,89,0.935440556147757,2,1.9260217893577427,61,0.6853932584269663,0.02,0.0,-2.786086795002517,-1.2234348077187522,0.22116551321489508,False,0.1574900673363708,1.4138064686562473,3.836930773104541e-12,
song,zipf,0.0,15,1,2011,true,1.0,1.0,0.05,24,0.8599653243301495,16,2.6389743258022675,10,0.4166666666666667,0.95,0.0,0.006576007059482691,0.30905132915278083,0.7572824816546897,False,-40552.89056501072,155.82285948281785,4.894754965789616e-06,
song,zipf,0.0,15,2,2012,discovered,1.0,1.0,0.05,89,0.9300043799260183,2,1.7998751333176992,63,0.7078651685393258,0.19,0.0,-3.0518161182131314,-1.4846126660661068,0.13764645827801095,False,0.2608704560549309,1.576180879797356,1.2494183465605602e-10,
song,zipf,0.0,15,2,2012,true,1.0,1.0,0.05,24,0.9559814941541107,18,2.27273766709344,12,0.5,0.84,0.0,-0.01697223980918494,-0.10937353687615287,0.9129062223217972,False,-7.860915297548744,3.0748154496889155,1.7174878053083376e-07,
song,zipf,0.0,15,3,2013,discovered,1.0,1.0,0.05,117,0.9064849087929729,1,1.6415445230393806,117,1.0,0.0,0.0,-5.4263152571345055,-1.844024916243447,0.06517950907228769,False,-1.0213609973580693,2.0003975749418066,5.439915184979327e-11,
song,zipf,0.0,15,3,2013,true,1.0,1.0,0.05,24,0.9302434620718779,9,1.9652557621397109,21,0.875,0.05,0.0,-0.7602265066914566,-0.8823491160409587,0.3775880433686105,False,1.686733227329437,1.4707493016216424,3.299476247775601e-10,
song,zipf,0.0,15,4,2014,discovered,1.0,1.0,0.05,114,0.9011760233774756,12,2.0801059168064504,39,0.34210526315789475,0.26,0.0,-1.7425016668296167,-1.2060226745925258,0.2278087477045604,False,2.33089206169174,1.2012991257697656,2.6128077479370404e-10,
song,zipf,0.0,15,4,2014,true,1.0,1.0,0.05,24,0.9752614614200817,32,2.270763911248539,15,0.625,0.83,0.0,-0.10135426222724098,-0.3201749817842237,0.7488356873922106,False,-0.15235722001973914,1.9801279453501244,1.7311464262093068e-08,
song,zipf,0.0,15,5,2015,discovered,1.0,1.0,0.05,168,0.8796176446370211,26,2.6907993133599017,26,0.15476190476190477,0.45,0.0,-0.9073050985180746,-0.9808802595886891,0.3266517932334865,False,3.001141379561088,0.8388009209296967,1.0518874660192523e-10,
song,zipf,0.0,15,5,2015,true,1.0,1.0,0.05,24,0.9854160965138842,49,2.2099637113099435,16,0.6666666666666666,0.98,0.0,-0.07516293279604191,-0.273923138619798,0.7841436893856932,False,-1.1793368216121762,2.325049883791134,2.6524676854933205e-07,
song,zipf,0.0,15,6,2016,discovered,1.0,1.0,0.05,134,0.9308126268571573,13,2.147071885174182,36,0.26865671641791045,0.87,0.0,-0.3427388372583948,-0.6059938843755147,0.5445188142559859,False,-0.5033990945130726,1.979272248232416,4.084199645149056e-11,
song,zipf,0.0,15,6,2016,true,1.0,1.0,0.05,24,0.9912919038405127,23,2.0374848782574135,24,1.0,0.37,0.0,-0.2881112330908686,-0.4817751852971258,0.6299656590918692,False,0.5765131200054463,2.0078208546861993,1.1789467180278734e-08,
song,zipf,0.0,15,7,2017,discovered,1.0,1.0,0.05,101,0.8849169397115287,19,2.387056794708911,30,0.297029702970297,0.8,0.0,0.002614212184662179,0.057406568614769865,0.9542213306353372,False,-282.3359055166396,14.267655846065328,8.676024546616645e-05,
song,zipf,0.0,15,7,2017,true,1.0,1.0,0.05,24,0.9922201689741319,33,2.1977930987492846,18,0.75,0.64,0.0,-0.10098050737313091,-0.30917716165984666,0.7571867657428997,False,-1.0032549561060775,2.230214592797006,8.237321935666841e-09,
song,zipf,0.0,16,0,2010,discovered,1.0,1.0,0.05,74,0.9263907796832438,1,1.8676165455708793,74,1.0,0.0,0.0,-1.8539171402701466,-1.1143611668630267,0.26512427584144127,False,-2.1824017587430107,1.8775096516086651,5.397282620833721e-10,
song,zipf,0.0,16,0,2010,true,1.0,1.0,0.05,24,0.9748589350086597,4,2.0432165326221923,19,0.7916666666666666,0.43,0.0,-0.09796231449707471,-0.28497187432488136,0.775665689925321,False,-5.196828440083976,2.7217868165457526,1.1955805234720174e-08,
song,zipf,0.0,16,1,2011,discovered,1.0,1.0,0.05,59,0.9111829146681968,8,2.6211714765939393,19,0.3220338983050847,0.16,0.0,0.010545074601734594,0.16452730671655713,0.869316051992032,False,-170166.44358035707,317.8887853952194,9.07816101971548e-05,
song,zipf,0.0,16,1,2011,true,1.0,1.0,0.05,24,0.9614750803800356,7,2.2465336870153005,22,0.9166666666666666,0.88,0.0,-0.017788377508550113,-0.10313942239183611,0.9178523173014761,False,-18.624776111754848,4.124420644683643,1.6680044566896868e-05,
song,zipf,0.0,16,2,2012,discovered,1.0,1.0,0.05,99,0.9169180964810808,1,1.6339979126447495,99,1.0,0.0,0.0,-5.560442623170335,-2.0212460523616276,0.04325430062998811,False,-0.6697256603115458,1.8932902025952894,5.3432813729159534e-11,
song,zipf,0.0,16,2,2012,true,1.0,1.0,0.05,24,0.9622484665619294,7,1.8754073412288363,23,0.9583333333333334,0.08,0.0,-1.333694270507893,-1.0697915704067908,0.28471313747515836,False,2.022082206058064,1.3452155868837299,7.899814136180794e-11,
song,zipf,0.0,16,3,2013,discovered,1.0,1.0,0.05,114,0.9602393377726328,4,2.247321963640417,42,0.3684210526315789,0.87,0.0,-0.024603695545462045,-0.07232223880963702,0.9423454670254978,False,-16.129952452806503,3.7670087923340336,2.4202676627282926e-06,
song,zipf,0.0,16,3,2013,true,1.0,1.0,0.05,24,0.9379229530506163,7,1.9840729169109272,20,0.8333333333333334,0.8,0.0,-0.36869377893336797,-0.5382903354931247,0.5903766224797568,False,0.18572148264522825,1.8362117280807584,2.8603608370758593e-10,
song,zipf,0.0,16,4,2014,discovered,1.0,1.0,0.05,87,0.8570495136051722,18,2.5076395004285468,28,0.3218390804597701,0.9,0.0,0.00418441941367842,0.11583266896187676,0.9077851586884307,False,-5980.3139249288815,62.48310938159076,2.5084918888751417e-06,
song,zipf,0.0,16,4,2014,true,1.0,1.0,0.05,24,0.978665572321678,20,2.1708130955890934,21,0.875,1.0,0.0,-0.11662606009254528,-0.3327878059771113,0.7392944635307713,False,-1.7188733511692456,2.2949737315016354,1.992850684473524e-08,
song,zipf,0.0,16,5,2015,discovered,1.0,1.0,0.05,124,0.8967487521287617,1,1.418484254051523,124,1.0,0.0,0.0,-11.25733013786753,-2.856289337501034,0.004286243358984917,False,0.2958045654727148,2.394804017750829,5.326228347257711e-11,
song,zipf,0.0,16,5,2015,true,1.0,1.0,0.05,24,0.991212762323296,45,2.1765380445906333,18,0.75,0.97,0.0,-0.06765463586343401,-0.2590206297372644,0.7956193233120377,False,-2.3536681825815937,2.554191183443007,1.0263974559165945e-08,
song,zipf,0.0,16,6,2016,discovered,1.0,1.0,0.05,160,0.9010257848230719,4,1.8795591493433066,82,0.5125,0.0,0.0,-5.3511695632378675,-2.113919056185085,0.0345221813410269,False,1.551082841141555,1.260316127597598,4.6838977141305804e-11,
song,zipf,0.0,16,6,2016,true,1.0,1.0,0.05,24,0.9907396645206,25,2.15645668261308,22,0.9166666666666666,0.66,0.0,-0.07195540152446522,-0.24730886322622314,0.8046691999382536,False,-3.738313244282119,2.703933391396568,1.0308070841347217e-07,
song,zipf,0.0,16,7,2017,discovered,1.0,1.0,0.05,224,0.9418449122791306,1,1.6291250327854818,224,1.0,0.01,0.0,-6.9787643178221614,-2.13286214331662,0.03293603663560471,False,-2.780065031012514,2.5621241926347063,1.7746515368344262e-09,
song,zipf,0.0,16,7,2017,true,1.0,1.0,0.05,24,0.9845970418044,58,2.2512461547349267,13,0.5416666666666666,0.97,0.0,-0.09980607559049215,-0.31157845375719356,0.7553609110452909,False,0.8394788346203792,1.922529625833453,1.0947545092676592e-08,
song,zipf,0.0,17,0,2010,discovered,1.0,1.0,0.05,65,0.8820783507956311,5,3.515769896963871,15,0.23076923076923078,0.58,0.0,0.016760191099952415,0.2900277014287358,0.7717950452871323,False,-214259.12983749167,282.2164643273968,2.8090915293432772e-05,
song,zipf,0.0,17,0,2010,true,1.0,1.0,0.05,24,0.8998470545629819,6,2.499630588664607,13,0.5416666666666666,0.65,0.0,0.014682256472487776,0.23620595720035326,0.8132728571205767,False,-171631.9020689936,330.1285072136364,4.071594503329834e-05,
song,zipf,0.0,17,1,2011,discovered,1.0,1.0,0.05,82,0.9024311790325,1,1.6182662119567712,82,1.0,0.0,0.0,-7.931927465190952,-2.4746653270200127,0.013336108031950473,False,0.3396369639176009,1.4944470518068342,4.348521542851813e-12,
song,zipf,0.0,17,1,2011,true,1.0,1.0,0.05,24,0.9306593727591317,5,1.9248226592145778,22,0.9166666666666666,0.26,0.0,-1.1610779768800596,-0.9414179358849328,0.3464907257093761,False,1.5454474361276527,1.3159446947728213,6.087930159992538e-11,
song,zipf,0.0,17,2,2012,discovered,1.0,1.0,0.05,66,0.8456244875361477,7,2.0467122644174505,42,0.6363636363636364,0.88,0.0,-0.641042399016845,-0.7306792210818583,0.4649751103854579,False,-0.1869951180817206,1.853397158699962,1.2654766123887384e-09,
song,zipf,0.0,17,2,2012,true,1.0,1.0,0.05,24,0.9914828486547057,9,2.027453434945217,21,0.875,0.28,0.0,-0.22082895097397204,-0.44384101024960043,0.6571575360297686,False,-1.043088228419489,2.156893468525401,1.1410890010665753e-09,
song,zipf,0.0,17,3,2013,discovered,1.0,1.0,0.05,97,0.8456221574773335,10,3.3688286656731687,24,0.24742268041237114,0.29,0.0,-0.39828316364582195,-0.5690879941254181,0.5692964255453414,False,1.5217093488261322,0.7777226852520781,1.2491341294662561e-11,
song,zipf,0.0,17,3,2013,true,1.0,1.0,0.05,24,0.9669169431595447,8,1.9936271242771806,21,0.875,0.57,0.0,-0.45872083631092764,-0.6348832689697465,0.5255045498100498,False,0.6875849398657725,1.7223354203689356,6.774314442736795e-11,
song,zipf,0.0,17,4,2014,discovered,1.0,1.0,0.05,132,0.8875207935302398,2,1.646116913755289,90,0.6818181818181818,0.0,0.0,-8.639110967809861,-2.6480337659359288,0.008096143827936173,False,1.2515861871920464,1.4561230216793708,1.4210854715202004e-12,
song,zipf,0.0,17,4,2014,true,1.0,1.0,0.05,24,0.9666605929835459,20,2.1939607061754094,20,0.8333333333333334,0.86,0.0,-0.13697919767323885,-0.3567316487673218,0.7212927100456579,False,-0.8758245088615952,2.1050595701116923,3.001190407303511e-10,
song,zipf,0.0,17,5,2015,discovered,1.0,1.0,0.05,197,0.9257234297822324,1,1.5196768178699243,197,1.0,0.01,0.0,-7.1076407421230865,-2.18262482217623,0.029063450284112554,False,-2.634085742971802,2.9343150109278273,1.539319782750681e-10,
song,zipf,0.0,17,5,2015,true,1.0,1.0,0.05,24,0.9933950737599055,44,2.233620092506781,22,0.9166666666666666,0.87,0.0,-0.038740430814376836,-0.18240483930598414,0.8552650282990465,False,-6.102032823095883,3.0317181476618633,1.19830195188797e-05,
song,zipf,0.0,17,6,2016,discovered,1.0,1.0,0.05,167,0.9186793413664843,1,1.526383408465273,167,1.0,0.0,0.0,-12.083646650650433,-2.965279285793903,0.0030240825474310497,False,-0.2716135887710571,2.094170504939668,5.832134775118902e-11,
song,zipf,0.0,17,6,2016,true,1.0,1.0,0.05,24,0.9821886938641899,51,2.2053687167914027,12,0.5,1.0,0.0,-0.10066866277603248,-0.31183954966837124,0.7551624654051332,False,0.8539489663000255,1.9378354229493517,1.0459189070388675e-10,
song,zipf,0.0,17,7,2017,discovered,1.0,1.0,0.05,182,0.9614288109043737,2,1.7404430991754565,122,0.6703296703296703,0.22,0.0,-2.1756800061448187,-1.2014502917757282,0.22957657760800598,False,-2.8071264176123103,2.6084408214663206,1.9838353182421997e-11,
song,zipf,0.0,17,7,2017,true,1.0,1.0,0.05,24,0.9932782624616247,36,2.1061664625440817,18,0.75,0.99,0.0,-0.16480208990258305,-0.40748396924833,0.6836525657771588,False,0.44853846509855333,2.0604440731923663,6.451301715060254e-09,
song,zipf,0.0,18,0,2010,discovered,1.0,1.0,0.05,72,0.9515950215826217,3,2.6383001298553146,24,0.3333333333333333,0.65,0.0,0.017959195327331035,0.10287565010606195,0.9180616635442649,False,-44.44695530896587,5.079103095948124,1.2831988939865369e-05,
song,zipf,0.0,18,0,2010,true,1.0,1.0,0.05,23,0.9083232069554074,6,2.3803125319076233,13,0.5652173913043478,0.39,0.0,-0.0607903443872706,-0.2820396243809878,0.7779131272273732,False,-3.8579237308381553,2.187076755219715,1.1637695251920377e-09,
song,zipf,0.0,18,1,2011,discovered,1.0,1.0,0.05,58,0.8560817353348844,7,2.3364788830877337,26,0.4482758620689655,0.65,0.0,-0.48426345701929163,-0.5754041336262394,0.5650180091772081,False,0.5860753066911413,1.3642697654128413,9.094947017729282e-13,
song,zipf,0.0,18,1,2011,true,1.0,1.0,0.05,24,0.9585525565742099,11,2.3550366298790246,16,0.6666666666666666,0.71,0.0,0.007846208371848462,0.07364809431349821,0.9412904012920109,False,-26.946121617689013,4.702940114768244,0.00010862356199936585,
song,zipf,0.0,18,2,2012,discovered,1.0,1.0,0.05,105,0.9214167430877166,4,2.1456500877230744,49,0.4666666666666667,0.33,0.0,-1.100349713646021,-0.9568248959072255,0.3386556440962375,False,0.11158374907204008,1.4739110003670786,8.657252692501061e-11,
song,zipf,0.0,18,2,2012,true,1.0,1.0,0.05,24,0.9436874552113874,12,2.187091392902147,18,0.75,1.0,0.0,-0.13038347521510385,-0.36190260261280593,0.7174248149876672,False,-1.382924824495483,2.099712835712754,3.6828197380600614e-08,
song,zipf,0.0,18,3,2013,discovered,1.0,1.0,0.05,98,0.9480347772705994,5,2.300959764410391,30,0.30612244897959184,0.2,0.0,-0.3103316422663345,-0.604988477959814,0.5451866524822278,False,-1.2336463602141912,1.7341038958088748,4.873186298937071e-10,
song,zipf,0.0,18,3,2013,true,1.0,1.0,0.05,24,0.972082190730896,11,2.043584069828087,17,0.7083333333333334,0.69,0.0,-0.3673294050098348,-0.546514829216269,0.5847120970492288,False,1.1320718377153907,1.632504021358364,5.82002712690155e-09,
song,zipf,0.0,18,4,2014,discovered,1.0,1.0,0.05,118,0.9294578632172744,19,2.9372012731142334,21,0.17796610169491525,0.58,0.0,-0.023129759135080974,-0.13387685245377973,0.8934999545562543,False,-5.776653327828171,2.217583809754982,4.175772971848346e-08,
song,zipf,0.0,18,4,2014,true,1.0,1.0,0.05,24,0.9904449251119034,18,2.096509977865755,23,0.9583333333333334,0.8,0.0,-0.17022908044681806,-0.40633937199102993,0.6844932601306881,False,-1.1325625747912733,2.2517237063725197,2.7402307978263707e-08,
song,zipf,0.0,18,5,2015,discovered,1.0,1.0,0.05,149,0.9602829731838801,17,1.8840767718390397,36,0.24161073825503357,0.74,0.0,-0.45866445115613974,-0.6368946004090186,0.524193500143296,False,-0.0082380843631379,2.3116200649515726,1.1510792319313623e-10,
song,zipf,0.0,18,5,2015,true,1.0,1.0,0.05,24,0.9918819088602793,62,2.2791495202193763,15,0.625,0.97,0.0,-0.03656220013305589,-0.18813447929058172,0.8507712330940925,False,-3.533548662984181,2.664029986024672,2.0081588161247055e-06,
song,zipf,0.0,18,6,2016,discovered,1.0,1.0,0.05,103,0.9263432275905923,23,2.313244612230322,20,0.1941747572815534,0.37,0.0,-0.0005668554683229132,-0.013217780552024936,0.9894540440505264,False,-94.13681325739897,8.618799608044457,0.0005513896266648999,
song,zipf,0.0,18,6,2016,true,1.0,1.0,0.05,24,0.9805953811479525,27,2.2700060788820577,22,0.9166666666666666,0.95,0.0,-0.0049366973658981905,-0.046332652793374646,0.9630451140808208,False,-21.759060404073335,4.550763808312846,0.00013113471921144537,
song,zipf,0.0,18,7,2017,discovered,1.0,1.0,0.05,135,0.9001437940451498,24,2.851040616128178,23,0.17037037037037037,0.66,0.0,0.0032992737900077174,0.1445957651292978,0.8850300410315681,False,-15314.139139245417,90.3631800254029,5.662950570695102e-06,
song,zipf,0.0,18,7,2017,true,1.0,1.0,0.05,24,0.9887006517574463,46,2.1655853364251705,10,0.4166666666666667,0.91,0.0,-0.09468795811041542,-0.2893773062440209,0.7722926594560215,False,1.0054729102050746,1.9230440339495913,2.2780000108468812e-10,
song,zipf,0.0,19,0,2010,discovered,1.0,1.0,0.05,67,0.9209028123966112,1,1.9880681631443842,67,1.0,0.32,0.0,-2.443069524809874,-1.3973117696847528,0.16231983804665318,False,-0.8625678752282838,1.3459031682250011,1.5631940186722204e-11,
song,zipf,0.0,19,0,2010,true,1.0,1.0,0.05,24,0.9285048371807094,4,2.1072022602370257,17,0.7083333333333334,0.42,0.0,-0.38336229511300335,-0.5871306707614147,0.557115950150102,False,-0.07026930964650728,1.5647919184089443,1.5852208434807835e-11,
song,zipf,0.0,19,1,2011,discovered,1.0,1.0,0.05,70,0.8716498883289451,9,2.507390598164242,25,0.35714285714285715,0.4,0.0,-0.5418323695518135,-0.5913950573190553,0.5542557513580121,False,1.2995270778176762,1.1279107997148201,3.538502824085299e-12,
song,zipf,0.0,19,1,2011,true,1.0,1.0,0.05,23,0.9580865362792274,7,2.1064298769101613,19,0.8260869565217391,0.47,0.0,-0.3661919209406439,-0.5697371975855919,0.5688559568181969,False,0.428460277370622,1.616981367394415,4.95120389132353e-10,
song,zipf,0.0,19,2,2012,discovered,1.0,1.0,0.05,95,0.9335971815748336,2,1.7228766794596948,68,0.7157894736842105,0.0,0.0,-5.150197199718386,-1.9862404985908504,0.047006625981309044,False,0.8562417517273528,1.4700611853643675,1.7053025658242404e-12,
song,zipf,0.0,19,2,2012,true,1.0,1.0,0.05,24,0.9225827400211293,12,2.1291709949384567,20,0.8333333333333334,0.39,0.0,-0.12760538992601278,-0.3160086476362498,0.7519959443623261,False,-1.8254074236539684,2.2567213237744963,9.525763289275346e-09,
song,zipf,0.0,19,3,2013,discovered,1.0,1.0,0.05,74,0.9016093653761473,8,2.3988093670266664,29,0.3918918918918919,0.67,0.0,-0.109546006439595,-0.326867211151978,0.7437683217563448,False,-4.295292225917574,2.297726681563111,7.773834909130528e-09,
song,zipf,0.0,19,3,2013,true,1.0,1.0,0.05,24,0.9566265729417169,11,2.170280026112703,16,0.6666666666666666,0.82,0.0,-0.0757366815015863,-0.2571863406705994,0.797034928010849,False,-2.9299344952294444,2.3911908971694373,7.051252737255709e-08,
song,zipf,0.0,19,4,2014,discovered,1.0,1.0,0.05,140,0.9060916786090943,7,2.1824788568522924,47,0.3357142857142857,0.11,0.0,-3.113292475981683,-1.6202561293717457,0.10517726862109679,False,2.1257353840989825,0.9302095327896452,1.9042545318370685e-12,
song,zipf,0.0,19,4,2014,true,1.0,1.0,0.05,24,0.9866012402998932,19,2.1289818955073883,21,0.875,0.44,0.0,-0.21723042194611342,-0.43365835521315726,0.6645365520777946,False,0.14521640001038777,1.9478519892867816,2.2215260742086684e-09,
song,zipf,0.0,19,5,2015,discovered,1.0,1.0,0.05,104,0.8142025752112136,70,2.930573031008882,17,0.16346153846153846,0.44,0.0,-0.0033831030119237937,-0.05727650166180352,0.9543249385746851,False,-18.194041054542872,3.4772687363834947,0.0001553384627612786,
song,zipf,0.0,19,5,2015,true,1.0,1.0,0.05,24,0.9875415462698518,48,2.287118946335178,17,0.7083333333333334,0.98,0.0,-0.03888093762273925,-0.19627022552664664,0.8443986647173906,False,-4.152317832165057,2.70516337415695,5.558860038945568e-10,
song,zipf,0.0,19,6,2016,discovered,1.0,1.0,0.05,113,0.8708516869954013,38,2.8213722328626876,20,0.17699115044247787,0.35,0.0,-0.02858114220538699,-0.15192854238086528,0.8792432960418081,False,-4.931045099063708,2.2868726125808494,3.1480229267799587e-07,
song,zipf,0.0,19,6,2016,true,1.0,1.0,0.05,24,0.9815053358039556,44,2.339508314423946,12,0.5,0.95,0.0,-0.08009277732325693,-0.299418007937288,0.7646211237166172,False,0.33642426194612907,1.8842982259374403,2.829381173796719e-10,
song,zipf,0.0,19,7,2017,discovered,1.0,1.0,0.05,130,0.8960378972450633,26,2.3588590515558763,28,0.2153846153846154,0.47,0.0,-0.6116020670363644,-0.7166842533073107,0.47356894423998763,False,2.35711811531828,1.2440133707914554,5.8122395785176195e-11,
song,zipf,0.0,19,7,2017,true,1.0,1.0,0.05,24,0.9904162012180586,23,1.9691486622502874,23,0.9583333333333334,0.89,0.0,-0.4659952243214942,-0.6343113333858289,0.5258776616230176,False,1.6971293928022786,1.7981799103070157,1.3498322459781775e-09,
song,zipf,0.0,20,0,2010,discovered,1.0,1.0,0.05,74,0.9465544873438303,2,2.321017747700169,40,0.5405405405405406,0.72,0.0,-0.7441082315802975,-0.7801276617951051,0.43531573589595174,False,-1.0089972208688707,1.376129454515075,1.7175239008793142e-10,
song,zipf,0.0,20,0,2010,true,1.0,1.0,0.05,23,0.9135839519251803,7,2.2182714972951456,13,0.5652173913043478,0.45,0.0,-0.28968504479839385,-0.4993543826841552,0.6175297497450534,False,0.7828985278656926,1.40415936839908,2.3791102421455435e-10,
song,zipf,0.0,20,1,2011,discovered,1.0,1.0,0.05,76,0.939946583291225,5,2.1023988256685726,32,0.42105263157894735,0.97,0.0,-0.3267813508605939,-0.5533436382529062,0.5800281249135723,False,-1.9495510515135313,2.094239011064288,1.2118732684029965e-09,
song,zipf,0.0,20,1,2011,true,1.0,1.0,0.05,24,0.9895716825100224,15,2.394657527339225,12,0.5,0.85,0.0,0.007525223048300056,0.2905045953417373,0.7714302357206478,False,-10002.853966546223,83.90325897524025,1.7175534594571218e-07,
song,zipf,0.0,20,2,2012,discovered,1.0,1.0,0.05,112,0.9125983153852708,1,1.631884120062396,112,1.0,0.02,0.0,-2.705195565563886,-1.2268122900761889,0.21989315047428393,False,-3.114582726313915,2.6440582833994877,2.8668409868259914e-09,
song,zipf,0.0,20,2,2012,true,1.0,1.0,0.05,24,0.9923604823169451,11,2.0494323516959168,22,0.9166666666666666,0.87,0.0,-0.19249575023985788,-0.379583284226642,0.7042547709873759,False,-1.204720465181011,2.2139001589518816,1.0522711590965628e-08,
song,zipf,0.0,20,3,2013,discovered,1.0,1.0,0.05,76,0.8756281680971151,10,2.512722634119218,27,0.35526315789473684,0.35,0.0,-0.4028970355566308,-0.6451123295609252,0.5188543943705817,False,0.8606631412899275,1.2799829888923457,1.6257217794191092e-11,
song,zipf,0.0,20,3,2013,true,1.0,1.0,0.05,24,0.9731403026681816,19,2.2937031332800992,14,0.5833333333333334,0.83,0.0,0.0072710853476829485,0.12649340751140828,0.8993413671752708,False,-50.148865785329235,6.4493037276336915,0.0007194915505266408,
song,zipf,0.0,20,4,2014,discovered,1.0,1.0,0.05,77,0.8673762386454772,35,2.490767956979319,15,0.19480519480519481,0.79,0.0,-0.2022016811480487,-0.4257202654903184,0.6703116933111554,False,2.018355161012551,1.3383684060258174,2.163176304748049e-10,
song,zipf,0.0,20,4,2014,true,1.0,1.0,0.05,24,0.9821851367216258,16,2.037371244773427,22,0.9166666666666666,0.64,0.0,-0.18805621470915046,-0.3929173983242109,0.6943804909323188,False,-0.848640820265852,2.245634568956332,1.843432073656004e-09,
song,zipf,0.0,20,5,2015,discovered,1.0,1.0,0.05,159,0.8981982557841192,6,1.7945824518077511,74,0.46540880503144655,0.03,0.0,-4.355598232204978,-1.8656828789659339,0.062085746432879285,False,1.907783334781321,1.4617635461146772,2.4158453015843406e-11,
song,zipf,0.0,20,5,2015,true,1.0,1.0,0.05,24,0.9954109432173712,36,2.0208192044211732,24,1.0,0.86,0.0,-0.3225538367601706,-0.5449731247489434,0.5857720016819565,False,1.3017961956873436,1.9661166442161375,1.1914664810319664e-09,
song,zipf,0.0,20,6,2016,discovered,1.0,1.0,0.05,101,0.8224428413497868,42,3.868556385369185,20,0.19801980198019803,0.24,0.0,0.0026823581623585113,0.28375274449783267,0.7765998709683357,False,-46248.58892854795,126.43190880327381,1.5076486306497827e-05,
song,zipf,0.0,20,6,2016,true,1.0,1.0,0.05,24,0.9776025133271204,37,2.3532972513082764,17,0.7083333333333334,0.86,0.0,-0.008596857178045703,-0.07866638012668309,0.9372979873511927,False,-13.594210350981163,3.6953079450913955,1.9165878626381527e-06,
song,zipf,0.0,20,7,2017,discovered,1.0,1.0,0.05,141,0.9028576329906528,51,3.07295037360768,11,0.07801418439716312,0.75,0.0,-0.1340963228987544,-0.3734535388203593,0.708810918684823,False,2.7042649289517695,0.9949077732369168,1.6776624534031725e-10,
song,zipf,0.0,20,7,2017,true,1.0,1.0,0.05,24,0.9818527228727785,33,2.2063981765562404,21,0.875,0.9,0.0,-0.05075014903355335,-0.22847959653099742,0.8192734162732194,False,-5.011404335008286,2.8744998857710664,4.9208352947971434e-08,
song,zipf,0.0,21,0,2010,discovered,1.0,1.0,0.05,76,0.9456490758551012,2,2.08693219286386,48,0.631578947368421,0.09,0.0,-1.8771923785343474,-1.1975645301966047,0.23108659158065503,False,0.10086144220101595,1.2484018382232933,6.650680006714538e-12,
song,zipf,0.0,21,0,2010,true,1.0,1.0,0.05,23,0.9266132643735684,5,2.305840750388699,17,0.7391304347826086,0.19,0.0,0.04329774553024501,0.6279516171653403,0.5300356355580321,False,-137008.68568157533,315.11803257942375,3.59957484761253e-05,
song,zipf,0.0,21,1,2011,discovered,1.0,1.0,0.05,98,0.9524677010064664,1,1.8523115874055371,98,1.0,0.17,0.0,-1.6057452499391192,-1.1093927732533486,0.2672607785900222,False,-5.115750753886509,2.5390823002945937,4.3428372009657323e-11,
song,zipf,0.0,21,1,2011,true,1.0,1.0,0.05,24,0.9605740061637128,3,1.696815196776403,24,1.0,0.27,0.0,-1.915890617448151,-1.1680479024876564,0.24278744304887445,False,1.491425368841357,1.4745910514382525,9.947598300641403e-12,
song,zipf,0.0,21,2,2012,discovered,1.0,1.0,0.05,68,0.8889659662042658,6,2.0890336277724546,41,0.6029411764705882,0.69,0.0,-0.7106836665707488,-0.747468429839638,0.4547808525720679,False,-0.06787110722759421,1.7223968188541987,3.149125404888764e-10,
song,zipf,0.0,21,2,2012,true,1.0,1.0,0.05,24,0.9621814972629614,19,2.2900547386721906,12,0.5,0.91,0.0,-0.03187630496412286,-0.17170084152023274,0.8636727242026181,False,-4.316117681134859,2.5761437349828014,4.4751601535608643e-07,
song,zipf,0.0,21,3,2013,discovered,1.0,1.0,0.05,69,0.8296044780942547,13,2.761997471905596,22,0.3188405797101449,0.53,0.0,-0.345381746367015,-0.6187202607527873,0.5361006603160526,False,1.4286735759109437,1.0764258589230584,1.8854962036130019e-10,
song,zipf,0.0,21,3,2013,true,1.0,1.0,0.05,24,0.9761583686632739,21,2.4079479031399718,12,0.5,0.89,0.0,-0.022759254880968527,-0.13671553310612572,0.8912556511797223,False,-5.097319303939903,2.574678407263134,7.341021301954243e-08,
song,zipf,0.0,21,4,2014,discovered,1.0,1.0,0.05,103,0.8830097820684357,19,2.732737358477473,28,0.27184466019417475,0.72,0.0,-0.03839527422238653,-0.15451760593849864,0.8772016303935376,False,-5.5443835332905405,2.3306789268550454,7.920885991552495e-08,
song,zipf,0.0,21,4,2014,true,1.0,1.0,0.05,24,0.9883302686048633,17,2.0637785979545455,23,0.9583333333333334,0.83,0.0,-0.36670747702305917,-0.5689842201098099,0.5693668487773969,False,0.9686937704580241,1.7899502940005294,1.8275159163749777e-10,
song,zipf,0.0,21,5,2015,discovered,1.0,1.0,0.05,136,0.9209464687085163,1,1.4431693632385802,136,1.0,0.0,0.0,-8.070010893480354,-2.3136144464845407,0.02068888053481369,False,-0.8912722998557907,2.754416876676603,1.6683543435647152e-09,
song,zipf,0.0,21,5,2015,true,1.0,1.0,0.05,24,0.9961851596832416,28,2.035826631413363,24,1.0,0.91,0.0,-0.24352736839087052,-0.45969322220053954,0.6457364351824422,False,0.2980945885762224,2.1262866880431863,1.1380737419131037e-07,
song,zipf,0.0,21,6,2016,discovered,1.0,1.0,0.05,131,0.8758517603908911,16,2.44357737664258,30,0.22900763358778625,0.25,0.0,-0.7215147343736952,-0.7487169920121205,0.4540277999015615,False,2.026694600281778,1.1318603846017519,2.530384790588869e-10,
song,zipf,0.0,21,6,2016,true,1.0,1.0,0.05,24,0.9916222421387907,23,1.9610448321705896,23,0.9583333333333334,0.61,0.0,-0.5179703074688158,-0.6665044140874833,0.5050887432257192,False,1.9030868741597584,1.7464604928083134,2.603997018013615e-10,
song,zipf,0.0,21,7,2017,discovered,1.0,1.0,0.05,117,0.916094270507664,1,1.4734384730064076,117,1.0,0.0,0.0,-7.055361014630242,-2.200374015022038,0.02778036988074546,False,-0.7966287939727976,2.5499285477327502,2.0502284314716235e-09,
song,zipf,0.0,21,7,2017,true,1.0,1.0,0.05,24,0.9918471557381533,29,2.18964876569189,20,0.8333333333333334,0.98,0.0,-0.02126014089804773,-0.13577139857183373,0.8920020022857864,False,-10.444166690769038,3.5816140683797295,2.5179893242466278e-05,
song,zipf,0.0,22,0,2010,discovered,1.0,1.0,0.05,65,0.9414261046453446,1,1.719795615210439,65,1.0,0.01,0.0,-4.377345084928476,-1.7888542741930513,0.0736382874869109,False,-0.224266730711003,1.5112326749134033,4.263256414560601e-13,
song,zipf,0.0,22,0,2010,true,1.0,1.0,0.05,23,0.9587971183288123,2,1.744220576668505,21,0.9130434782608695,0.18,0.0,-1.4427456234706995,-1.1050882204637933,0.26912136425857613,False,0.7124263963143738,1.4919610666608936,1.2065015653206501e-11,
song,zipf,0.0,22,1,2011,discovered,1.0,1.0,0.05,82,0.9042311391653449,2,1.8491422434550429,58,0.7073170731707317,0.02,0.0,-4.610715567845345,-1.8367898901143938,0.0662409189742018,False,0.9600583051122256,1.1791365549207156,1.318767317570746e-11,
song,zipf,0.0,22,1,2011,true,1.0,1.0,0.05,24,0.9572947990509046,10,2.181726722676851,17,0.7083333333333334,0.76,0.0,-0.05978405814848786,-0.21570410181227967,0.8292184037036469,False,-4.25974432547934,2.581236924227219,6.96639261832388e-08,
song,zipf,0.0,22,2,2012,discovered,1.0,1.0,0.05,111,0.8985646423677616,11,2.60139780707598,25,0.22522522522522523,0.8,0.0,-0.44721293647645055,-0.7029982757357548,0.4820568240287266,False,1.3160762332742149,1.1350826861163157,9.471534667682135e-11,
song,zipf,0.0,22,2,2012,true,1.0,1.0,0.05,24,0.9879909381099005,25,2.3789192202106335,11,0.4583333333333333,0.5,0.0,-0.023226798695151984,-0.12959429245059295,0.8968874191302247,False,-4.222175379320209,2.5099996674235836,1.0773134562214182e-07,
song,zipf,0.0,22,3,2013,discovered,1.0,1.0,0.05,82,0.7929903491286652,11,3.3091331145282914,27,0.32926829268292684,0.63,0.0,-0.8002983371797825,-0.8908937054375149,0.3729861975074563,False,2.0964660776829622,0.6455451478525329,5.258016244624741e-13,
song,zipf,0.0,22,3,2013,true,1.0,1.0,0.05,24,0.9599777792357769,8,2.067636724862781,22,0.9166666666666666,0.5,0.0,-0.10138650529575166,-0.2658407873946885,0.7903618292832606,False,-4.089516023802136,2.665791310054972,4.0026435499385116e-09,
song,zipf,0.0,22,4,2014,discovered,1.0,1.0,0.05,128,0.902403008778236,17,2.6903539319709244,25,0.1953125,0.29,0.0,-0.7611049503149454,-0.6992218673949967,0.4844133867010262,False,2.4374043772023573,0.8852382475159926,1.7963941445486853e-10,
song,zipf,0.0,22,4,2014,true,1.0,1.0,0.05,24,0.9891958511000594,24,2.1258776976354947,16,0.6666666666666666,0.88,0.0,-0.07873521315578591,-0.2699503466302895,0.7871984534546367,False,-2.1493988385701,2.4682961275219135,1.4272802673076512e-07,
song,zipf,0.0,22,5,2015,discovered,1.0,1.0,0.05,171,0.9171090949323499,3,1.6695213969148102,116,0.6783625730994152,0.02,0.0,-3.720162725479419,-1.6103112366346806,0.10732992739404378,False,-0.1068736154057796,2.2116422828938083,1.2611280908458866e-09,
song,zipf,0.0,22,5,2015,true,1.0,1.0,0.05,24,0.9956272845407758,41,2.1327759761389102,22,0.9166666666666666,0.95,0.0,-0.10153458952806727,-0.3063076345140674,0.7593704269122237,False,-1.8011517759286741,2.499622717365755,2.0698730338608584e-06,
song,zipf,0.0,22,6,2016,discovered,1.0,1.0,0.05,168,0.9046816151424345,2,1.6190189323816535,123,0.7321428571428571,0.0,0.0,-9.112322254174865,-2.516557974685196,0.011850740162013016,False,0.9256435298347517,1.7136032497379063,5.411493475548923e-11,
song,zipf,0.0,22,6,2016,true,1.0,1.0,0.05,24,0.9945234723707639,35,2.1109909632653605,18,0.75,0.95,0.0,-0.2700108805224195,-0.5029067572060063,0.6150298301014212,False,1.7198045132620634,1.7373435606514436,9.759304475664976e-10,
song,zipf,0.0,22,7,2017,discovered,1.0,1.0,0.05,152,0.9103547404273995,2,1.594610868293767,108,0.7105263157894737,0.02,0.0,-5.917113484717366,-2.0615976433332746,0.03924605859759348,False,0.40719297541324906,2.030061532778582,8.924416761146858e-12,
song,zipf,0.0,22,7,2017,true,1.0,1.0,0.05,24,0.9917820681790883,31,2.096394973258665,20,0.8333333333333334,0.77,0.0,-0.22190010416530725,-0.4469642685575271,0.6549008590861222,False,0.8117774065901977,1.9521411685447814,9.348795515506936e-09,
song,zipf,0.0,23,0,2010,discovered,1.0,1.0,0.05,67,0.9363746023347895,2,2.1095539684452915,40,0.5970149253731343,0.06,0.0,-2.153277252029061,-1.188860526990726,0.23449455533767916,False,0.5399949985811586,1.0593404732766374,1.0089706847793423e-12,
song,zipf,0.0,23,0,2010,true,1.0,1.0,0.05,24,0.8698293259782782,5,2.274760018866881,18,0.75,0.91,0.0,0.021177633718590272,0.22455489111437385,0.822325560299012,False,-29118.421181531427,147.02024331965194,1.9144672478432767e-06,
song,zipf,0.0,23,1,2011,discovered,1.0,1.0,0.05,76,0.9385909486267686,9,2.3849240570407293,13,0.17105263157894737,0.33,0.0,-0.09047039666921952,-0.2736467020537652,0.784356140291494,False,-1.0731025583217773,1.7802423224585437,5.824176696478389e-10,
song,zipf,0.0,23,1,2011,true,1.0,1.0,0.05,24,0.9365755427231132,6,1.889140512999581,19,0.7916666666666666,0.28,0.0,-1.432963575825966,-1.0755392079339041,0.2821333881288117,False,2.1364893066024058,1.1790695469348553,3.255706815252779e-11,
song,zipf,0.0,23,2,2012,discovered,1.0,1.0,0.05,93,0.8363218328384255,10,2.7452132337776085,31,0.3333333333333333,0.32,0.0,-0.3223307764482808,-0.5737220900447202,0.5661558775406299,False,0.40816619870223725,1.2642130071221807,1.404032445861958e-11,
song,zipf,0.0,23,2,2012,true,1.0,1.0,0.05,24,0.9790225054419154,21,2.2474971615462414,11,0.4583333333333333,0.54,0.0,-0.2837586026490144,-0.48386743124128423,0.6284799555835623,False,2.297916135707156,1.2772730351799237,7.169376203819411e-12,
song,zipf,0.0,23,3,2013,discovered,1.0,1.0,0.05,120,0.9316278804474396,1,1.7665868103237137,120,1.0,0.1,0.0,-2.101325408742176,-1.130168753630452,0.25840512335630383,False,-4.241355194919026,2.545817467068476,2.0686059087893227e-08,
song,zipf,0.0,23,3,2013,true,1.0,1.0,0.05,24,0.9650709452529196,11,2.117116058818245,18,0.75,0.85,0.0,-0.17308246609946654,-0.4028990035231707,0.6870225244302683,False,-0.798776808480596,2.0377311228846158,1.7715464650791546e-08,
song,zipf,0.0,23,4,2014,discovered,1.0,1.0,0.05,120,0.922885129730851,13,2.366228161211254,29,0.24166666666666667,0.79,0.0,-0.2956704542363209,-0.5214783428569136,0.6020335885810828,False,0.1477667730827362,1.6243669143227057,5.601776820185478e-10,
song,zipf,0.0,23,4,2014,true,1.0,1.0,0.05,24,0.9872238920981261,23,2.3310423924992243,16,0.6666666666666666,0.97,0.0,0.004111228031012715,0.09137370070610028,0.9271956581102231,False,-68.84361514443326,7.383057601042243,0.0007547181640035205,
song,zipf,0.0,23,5,2015,discovered,1.0,1.0,0.05,133,0.8490943959084222,74,5.937047264476537,13,0.09774436090225563,0.61,0.0,-0.06762983481700591,-0.24977120498613667,0.8027642891672384,False,3.171351890827658,0.5497151958204922,1.254960579899489e-10,
song,zipf,0.0,23,5,2015,true,1.0,1.0,0.05,24,0.9886609220635219,48,2.152879760415764,16,0.6666666666666666,0.72,0.0,-0.17375517756823555,-0.38570439345549956,0.6997156086505836,False,1.370619216787373,1.8619006554851496,2.9945397272967966e-09,
song,zipf,0.0,23,6,2016,discovered,1.0,1.0,0.05,162,0.9216032032268623,8,2.05243902723471,49,0.30246913580246915,0.22,0.0,-1.9710327447892348,-1.238979056531262,0.21535325423108342,False,1.7682321647726136,1.2830200170253883,3.334150733280694e-10,
song,zipf,0.0,23,6,2016,true,1.0,1.0,0.05,24,0.9931819498103593,38,2.2382596101024888,20,0.8333333333333334,0.98,0.0,-0.03550848882904667,-0.17942695055009347,0.8576024712776271,False,-6.154490648314329,3.011007345358152,1.2249371650341345e-07,
song,zipf,0.0,23,7,2017,discovered,1.0,1.0,0.05,124,0.9181459728660832,24,2.171270277405051,24,0.1935483870967742,0.64,0.0,-0.6999644988977947,-0.8694989994064698,0.38457425511746235,False,2.568062816492901,1.2993521341926355,3.0127011996228248e-12,
song,zipf,0.0,23,7,2017,true,1.0,1.0,0.05,24,0.9947282813357587,27,2.115052470869132,21,0.875,0.96,0.0,-0.17594777152591767,-0.40339729086595605,0.6866559794186495,False,-0.11333740448769655,2.1063983346400916,1.6179114936676342e-08,
song,zipf,0.0,24,0,2010,discovered,1.0,1.0,0.05,60,0.9506285940347541,1,1.7822011012251429,60,1.0,0.12,0.0,-1.5432900793933682,-1.0278481377153137,0.3040212684658554,False,-2.7881960661476537,2.1804584362403627,1.3015011290917755e-09,
song,zipf,0.0,24,0,2010,true,1.0,1.0,0.05,24,0.9834314909086611,3,2.003327849675398,23,0.9583333333333334,0.71,0.0,-0.41837170497522624,-0.5591382890819104,0.5760673452229321,False,-1.109185799712702,1.8653237862621148,6.3806737671257e-11,
song,zipf,0.0,24,1,2011,discovered,1.0,1.0,0.05,56,0.9209171962229044,7,2.4021477018510264,21,0.375,0.94,0.0,0.024440822579473664,0.31938093338755946,0.7494376672976354,False,-88232.65935511613,245.77584933118342,4.9523830057296436e-05,
song,zipf,0.0,24,1,2011,true,1.0,1.0,0.05,23,0.9714912339139856,6,2.067457740908419,20,0.8695652173913043,0.74,0.0,-0.24726207778533116,-0.4875915588164442,0.6258391757869818,False,-1.1402988293723724,2.012505704786655,2.3234747459355276e-09,
song,zipf,0.0,24,2,2012,discovered,1.0,1.0,0.05,105,0.9424336365847642,1,1.692533926087135,105,1.0,0.01,0.0,-1.7814442345190502,-1.0028454874844925,0.3159354177121324,False,-5.3401148845063116,2.963636290966016,6.800888741054223e-09,
song,zipf,0.0,24,2,2012,true,1.0,1.0,0.05,24,0.9735227675896122,27,2.4891426998279216,10,0.4166666666666667,0.88,0.0,-0.0877054247172886,-0.283283543741835,0.7769594910328946,False,0.8837788108587088,1.5452534944439182,7.98713983840571e-10,
song,zipf,0.0,24,3,2013,discovered,1.0,1.0,0.05,89,0.839344289809025,16,4.01063676567253,11,0.12359550561797752,0.93,0.0,0.007742315441490177,0.4716870056068709,0.637150213586777,False,-144730.80312289746,216.80264268781906,3.278005351603497e-05,
song,zipf,0.0,24,3,2013,true,1.0,1.0,0.05,24,0.987121648683474,8,1.9630569499982125,23,0.9583333333333334,0.77,0.0,-0.7446046050848967,-0.8059883219487813,0.4202495826768994,False,1.3698077640916875,1.541651430328627,9.479492746322649e-10,
song,zipf,0.0,24,4,2014,discovered,1.0,1.0,0.05,106,0.8538957985750566,22,2.739452367140496,25,0.2358490566037736,0.2,0.0,-1.2485314442316708,-1.0126051395971905,0.3112488039435194,False,3.0944408269853056,0.7081932747284942,3.311129148642067e-12,
song,zipf,0.0,24,4,2014,true,1.0,1.0,0.05,24,0.9908169997189892,17,2.065003053853927,23,0.9583333333333334,0.89,0.0,-0.26275584463307045,-0.47523059351718555,0.6346226233535912,False,0.14972154886437888,1.9964406973842714,7.1736394602339715e-09,
song,zipf,0.0,24,5,2015,discovered,1.0,1.0,0.05,136,0.8686772971267982,11,1.9439081268028553,60,0.4411764705882353,0.17,0.0,-2.29709336695312,-1.3804215715802595,0.1674568821384167,False,2.0260927633669468,1.4541825882659958,4.5201886678114533e-10,
song,zipf,0.0,24,5,2015,true,1.0,1.0,0.05,24,0.9949325569142852,33,2.086741940470464,24,1.0,0.73,0.0,-0.14532417539161013,-0.3629708318970393,0.7166266733271521,False,-1.1403712515126485,2.396919783576037,1.0294002095179167e-08,
song,zipf,0.0,24,6,2016,discovered,1.0,1.0,0.05,154,0.9109108085640132,1,1.5490603624318964,154,1.0,0.02,0.0,-5.363248283746863,-1.896613305022008,0.05787899327945293,False,-2.4135994302981993,2.745757939072271,2.0804691303055733e-11,
song,zipf,0.0,24,6,2016,true,1.0,1.0,0.05,24,0.990190277057051,39,2.1954158238601766,16,0.6666666666666666,0.88,0.0,-0.10389304481764627,-0.30276325182485075,0.7620702905402097,False,-0.26359876849069164,2.1236093324155156,2.499365336916526e-08,
song,zipf,0.0,24,7,2017,discovered,1.0,1.0,0.05,128,0.9037343097212973,22,2.466149726125612,30,0.234375,0.88,0.0,-0.10780879424170298,-0.3285476277822668,0.7424976391735749,False,-2.289308108359459,2.1119425526345847,4.219771199132083e-09,
song,zipf,0.0,24,7,2017,true,1.0,1.0,0.05,24,0.9828382860531603,29,2.122809980117128,22,0.9166666666666666,0.65,0.0,-0.16851918337119898,-0.3765937684937154,0.7064755194255397,False,-0.2922162134699803,2.1511039539566026,2.2583478198612283e-08,
song,zipf,0.0,25,0,2010,discovered,1.0,1.0,0.05,80,0.9225789827650009,3,2.418334781256979,35,0.4375,0.06,0.0,-0.2927564677033119,-0.43891275255087353,0.6607247560064755,False,-1.9154236913402523,1.6361577299711698,5.870504082849948e-11,
song,zipf,0.0,25,0,2010,true,1.0,1.0,0.05,24,0.9066526918668784,8,2.3550578553742065,14,0.5833333333333334,0.71,0.0,-0.03395030077617811,-0.17888155041347348,0.8580307097562846,False,-6.4590165767684535,2.6522849016515897,3.737386577995494e-08,
song,zipf,0.0,25,1,2011,discovered,1.0,1.0,0.05,111,0.899863973334744,1,1.8247514370387188,111,1.0,0.0,0.0,-3.072049028439009,-1.3983613268963662,0.16200459029771574,False,-1.8524245771268317,1.8613372579863723,2.134186161129037e-10,
song,zipf,0.0,25,1,2011,true,1.0,1.0,0.05,24,0.973028102802157,9,2.135571684114244,17,0.7083333333333334,0.8,0.0,-0.3646302910534258,-0.573144226926993,0.5665470438700537,False,0.9864656997191179,1.5071022004635155,6.249933903745841e-10,
song,zipf,0.0,25,2,2012,discovered,1.0,1.0,0.05,116,0.9289761656830102,2,1.7530867773536378,76,0.6551724137931034,0.01,0.0,-4.895011291903645,-1.9186237817272767,0.055031963647639716,False,0.6875635324589826,1.4869271799607624,8.901679393602535e-11,
song,zipf,0.0,25,2,2012,true,1.0,1.0,0.05,24,0.9289071045635565,11,2.0381662614963036,22,0.9166666666666666,0.01,0.0,-0.9821369601676753,-0.8361374875567104,0.4030775610990712,False,2.23632578948602,1.2486015266722392,4.121147867408581e-12,
song,zipf,0.0,25,3,2013,discovered,1.0,1.0,0.05,85,0.9253154975849175,4,2.0035262540314465,41,0.4823529411764706,0.24,0.0,-1.3454256374043787,-1.004022777505011,0.31536763482647323,False,0.6395419489359038,1.4625745368864425,3.8056668927310966e-11,
song,zipf,0.0,25,3,2013,true,1.0,1.0,0.05,24,0.9099820062666779,8,2.1667765438383784,21,0.875,0.69,0.0,-0.2582014945393105,-0.5248506993814571,0.5996869837974499,False,-0.42181325407865156,1.811120047191769,1.062204546542489e-09,
song,zipf,0.0,25,4,2014,discovered,1.0,1.0,0.05,140,0.8702469121627862,9,2.6437109461207577,41,0.29285714285714287,0.2,0.0,-1.8679785447240147,-1.3155256782376137,0.18833329320274572,False,2.1098246332365242,0.7742780015064047,1.3272938303998671e-11,
song,zipf,0.0,25,4,2014,true,1.0,1.0,0.05,24,0.9921353905866983,24,2.175849320239555,16,0.6666666666666666,0.85,0.0,-0.08006264396597418,-0.27636533655403744,0.7822674777273955,False,-1.79702680661581,2.340257719954583,1.5584403456614382e-07,
song,zipf,0.0,25,5,2015,discovered,1.0,1.0,0.05,125,0.8783437411754846,33,2.642242201557294,31,0.248,0.56,0.0,-0.03129631006558853,-0.1623321310709697,0.8710443133011792,False,-6.365240749063172,2.5777944385175204,1.9812119944617734e-08,
song,zipf,0.0,25,5,2015,true,1.0,1.0,0.05,24,0.9928074021199697,32,2.0304099847077044,24,1.0,0.97,0.0,-0.2778536483291951,-0.4922811047326764,0.622520635861916,False,0.8092477861200302,2.0456428729072296,1.935745785885956e-09,
song,zipf,0.0,25,6,2016,discovered,1.0,1.0,0.05,124,0.9323909216043622,12,2.060999355185029,38,0.3064516129032258,0.34,0.0,-0.6848520292829177,-0.7851682591237206,0.43235492283075483,False,0.88140945570033,1.7130060051614164,8.496954251313582e-10,
song,zipf,0.0,25,6,2016,true,1.0,1.0,0.05,24,0.9906498393716957,19,2.0450583253655545,22,0.9166666666666666,0.63,0.0,-0.23500313939041195,-0.4572374472423899,0.6475003851497647,False,0.03522716095470957,2.0783283527069703,8.13804490462644e-09,
song,zipf,0.0,25,7,2017,discovered,1.0,1.0,0.05,161,0.8999178635568268,7,2.0867314404285935,57,0.35403726708074534,0.03,0.0,-3.8471479607869052,-1.71187997065172,0.08691879052878423,False,2.161511195236815,1.0036187144579884,4.376943252282217e-12,
song,zipf,0.0,25,7,2017,true,1.0,1.0,0.05,24,0.990709035535018,25,2.0670825496449194,21,0.875,0.67,0.0,-0.3312574796240373,-0.5680848760432327,0.5699773367186233,False,1.3880483846110234,1.783339754128716,1.9097967651759973e-09,
song,zipf,0.0,26,0,2010,discovered,1.0,1.0,0.05,56,0.9472408349867482,2,2.034845485264323,36,0.6428571428571429,0.01,0.0,-0.7178516271989546,-0.7232272407133182,0.46954028550512295,False,-1.254521034305212,1.70915662428525,1.5347723092418164e-12,
song,zipf,0.0,26,0,2010,true,1.0,1.0,0.05,23,0.9533037532845381,5,2.1434436280280122,17,0.7391304347826086,0.57,0.0,-0.449161030396541,-0.6148392452151755,0.5386608887398296,False,0.5807169134457177,1.4157422496943357,7.396749879262643e-12,
song,zipf,0.0,26,1,2011,discovered,1.0,1.0,0.05,95,0.9352093737534136,1,1.7342367266218475,95,1.0,0.0,0.0,-3.885299418610429,-1.7241385786819132,0.0846828290681133,False,-1.3303251811339618,1.8775146377175995,2.4726887204451486e-12,
song,zipf,0.0,26,1,2011,true,1.0,1.0,0.05,24,0.8405468688348149,7,2.029200045034912,20,0.8333333333333334,0.23,0.0,-0.7760394842351568,-0.7777435631111193,0.4367202049763922,False,1.5462918935289922,1.338283326768916,2.4414248400717042e-11,
song,zipf,0.0,26,2,2012,discovered,1.0,1.0,0.05,113,0.9294051149535918,1,1.60168725037293,113,1.0,0.06,0.0,-3.6475138348925498,-1.4937401992228925,0.13524353718927318,False,-2.4420655250652024,2.5601464780182397,2.9156694836274255e-09,
song,zipf,0.0,26,2,2012,true,1.0,1.0,0.05,24,0.9841700237311276,36,2.453694614410411,10,0.4166666666666667,0.93,0.0,-0.0019669288215906633,-0.029519904999964878,0.9764499439642697,False,-17.753601356330027,3.9326473269147297,3.916921369295778e-05,
song,zipf,0.0,26,3,2013,discovered,1.0,1.0,0.05,83,0.9596319887237336,6,2.054979906830322,31,0.37349397590361444,0.66,0.0,-0.17321248793715194,-0.33919388533996164,0.7344636753139671,False,-4.069807554577436,2.613895425522015,5.516653800441418e-10,
song,zipf,0.0,26,3,2013,true,1.0,1.0,0.05,24,0.9625730353683808,21,2.5040364054853756,12,0.5,0.9,0.0,0.004710942772317317,0.28107768419984247,0.7786508169018835,False,-20956.991700013576,117.22718659766805,2.906290319515392e-06,
song,zipf,0.0,26,4,2014,discovered,1.0,1.0,0.05,120,0.9157330480939151,5,1.929459106944068,57,0.475,0.06,0.0,-1.966354294363976,-1.2097125084037978,0.2263892284405038,False,0.9107766877256371,1.5601006438654716,1.4665602066088468e-11,
song,zipf,0.0,26,4,2014,true,1.0,1.0,0.05,24,0.9852288738143687,17,2.0763886143819192,23,0.9583333333333334,0.93,0.0,-0.20877385290558115,-0.4569776426835302,0.647687115321505,False,-0.540416779533642,2.13965955476799,1.6818290760056698e-08,
song,zipf,0.0,26,5,2015,discovered,1.0,1.0,0.05,168,0.8998930613235991,1,1.4709375548171901,168,1.0,0.0,0.0,-7.912090321978729,-2.261205310839312,0.023746546400396903,False,-1.518778531382468,2.8259721864395173,3.924014890799299e-09,
song,zipf,0.0,26,5,2015,true,1.0,1.0,0.05,24,0.9961009166815373,39,2.1459516677565516,23,0.9583333333333334,0.98,0.0,-0.11912020884887742,-0.32685678651471917,0.7437762067485825,False,-1.3327968214247696,2.3878832060343655,6.567290711245732e-07,
song,zipf,0.0,26,6,2016,discovered,1.0,1.0,0.05,106,0.8835177734673824,3,1.6107233850927496,85,0.8018867924528302,0.0,0.0,-7.225969023892084,-2.259379168639921,0.02385980907178061,False,1.6268009360065405,1.6479143284101232,7.16227077646181e-12,
song,zipf,0.0,26,6,2016,true,1.0,1.0,0.05,24,0.9831094790927382,30,2.191052584387194,21,0.875,0.92,0.0,-0.05503205835509206,-0.23525605444388323,0.8140100014274005,False,-4.692270257886765,2.8337280929238124,3.309150997665711e-08,
song,zipf,0.0,26,7,2017,discovered,1.0,1.0,0.05,147,0.8985982361664248,1,1.4907844078567551,147,1.0,0.0,0.0,-9.642004046035684,-2.595386027147384,0.009448473344092967,False,-0.4865422516109786,2.3418640515388693,2.8541080610011704e-10,
song,zipf,0.0,26,7,2017,true,1.0,1.0,0.05,24,0.9727239982743112,50,2.2896753307038646,13,0.5416666666666666,0.98,0.0,-0.02634709985341921,-0.16124107839192514,0.8719035285025649,False,-4.615722691353783,2.7740122389222095,4.790456671344145e-07,
song,zipf,0.0,27,0,2010,discovered,1.0,1.0,0.05,76,0.9316590094972417,7,4.065248390544967,11,0.14473684210526316,0.46,0.0,-0.16566108350550413,-0.4334808803815346,0.6646654532681648,False,1.2792098457493073,0.6116299433072562,1.70174985214544e-12,
song,zipf,0.0,27,0,2010,true,1.0,1.0,0.05,24,0.9737156134450581,8,2.4350408040676226,11,0.4583333333333333,0.63,0.0,0.0057651759439592,0.06780248973355717,0.9459428618048387,False,-33.268548845849125,4.96392158409126,0.00011384054987217951,
song,zipf,0.0,27,1,2011,discovered,1.0,1.0,0.05,83,0.8499493300776224,10,3.139923334713383,21,0.25301204819277107,0.5,0.0,-0.10987385122624982,-0.31935914495865503,0.749454187583648,False,-0.49492723715308473,1.279957286886987,5.5841553603386274e-11,
song,zipf,0.0,27,1,2011,true,1.0,1.0,0.05,24,0.9759261577896869,5,1.9009675232635648,24,1.0,0.17,0.0,-0.9090594170508466,-0.8315109618201703,0.4056850382949775,False,1.0240947277364794,1.5608623173429108,2.6133761821256485e-11,
song,zipf,0.0,27,2,2012,discovered,1.0,1.0,0.05,73,0.9144416855941262,10,2.2696426523077546,21,0.2876712328767123,0.64,0.0,-0.1536726169467184,-0.4087076567012006,0.6827542141303066,False,-1.5086843975568252,1.9947912527667915,1.266357685381081e-09,
song,zipf,0.0,27,2,2012,true,1.0,1.0,0.05,24,0.9823697528942333,12,2.203145659563822,18,0.75,0.81,0.0,-0.029920714995332887,-0.14354657308544097,0.8858585320669128,False,-7.566468606773701,3.068440778587079,7.625934301813686e-07,
song,zipf,0.0,27,3,2013,discovered,1.0,1.0,0.05,83,0.9474937292254235,6,2.2666250524952942,26,0.3132530120481928,0.74,0.0,-0.15235233594020503,-0.35586001865734174,0.7219453988203788,False,-2.851331271139464,2.1301396518020073,1.1663843224596349e-09,
song,zipf,0.0,27,3,2013,true,1.0,1.0,0.05,24,0.9100712705792989,11,2.1481642468447926,16,0.6666666666666666,0.69,0.0,-0.12061128132789989,-0.32396395139272627,0.7459653262608619,False,-1.3422782610410906,2.1163296475836075,2.709498403419275e-09,
song,zipf,0.0,27,4,2014,discovered,1.0,1.0,0.05,162,0.960918650330124,1,1.7071552706332314,162,1.0,0.02,0.0,-2.258395943126411,-1.110426361257148,0.2668153439339517,False,-7.882014640540885,3.3915659559563007,8.978304322226904e-09,
song,zipf,0.0,27,4,2014,true,1.0,1.0,0.05,24,0.9739429468626941,31,2.2675732035923404,16,0.6666666666666666,0.97,0.0,-0.06745316271701718,-0.25520846538642106,0.7985620930791468,False,-1.8859931272274721,2.2988900827726138,3.770040279960085e-09,
song,zipf,0.0,27,5,2015,discovered,1.0,1.0,0.05,128,0.8824391481908832,32,2.3398928828305015,33,0.2578125,0.51,0.0,-0.5028417846346209,-0.6168561652758833,0.5373296019714515,False,1.956111008865662,1.4356518687026956,4.355626970209414e-10,
song,zipf,0.0,27,5,2015,true,1.0,1.0,0.05,24,0.9867560648353187,79,2.195638082688634,15,0.625,0.97,0.0,-0.17401928556651836,-0.40625370613117956,0.6845561965239977,False,2.127222708036972,1.756982811789641,2.523358944017673e-08,
song,zipf,0.0,27,6,2016,discovered,1.0,1.0,0.05,137,0.8698365535042692,8,1.9366853715540617,60,0.43795620437956206,0.0,0.0,-4.827852935253149,-1.9367680953563893,0.052773697562136394,False,2.4904699052420223,1.0849978976195624,4.945377440890297e-11,
song,zipf,0.0,27,6,2016,true,1.0,1.0,0.05,24,0.9944954949202129,31,2.0298764235491134,18,0.75,0.88,0.0,-0.24094435778265577,-0.46657882549374163,0.6408012393229386,False,1.171748723216607,1.9474017563827668,1.6246275436060387e-09,
song,zipf,0.0,27,7,2017,discovered,1.0,1.0,0.05,118,0.893509568301489,23,2.503763616734761,32,0.2711864406779661,0.19,0.0,-0.23585504824918946,-0.48286680133766086,0.6291903154637541,False,0.3113350953586982,1.6212153166350147,3.1101308195502497e-09,
song,zipf,0.0,27,7,2017,true,1.0,1.0,0.05,24,0.9704313404236432,32,2.1178968397634703,20,0.8333333333333334,0.99,0.0,-0.20260912511611195,-0.4313174733644399,0.6662375469188834,False,0.646943733220221,1.973012101933903,3.69410173561846e-08,
song,zipf,0.0,28,0,2010,discovered,1.0,1.0,0.05,65,0.9079457002426505,5,2.628735999954797,20,0.3076923076923077,0.23,0.0,-0.8771129303968093,-0.8896280043119302,0.3736656640103948,False,1.4724500629461157,0.7827686723460573,1.1368683772161603e-13,
song,zipf,0.0,28,0,2010,true,1.0,1.0,0.05,24,0.9099736168308391,8,2.3131268672185055,12,0.5,0.62,0.0,-0.20813991120118747,-0.43328215033977063,0.6648098040333195,False,0.6817556071549677,1.3982753095445584,9.016787316795671e-12,
song,zipf,0.0,28,1,2011,discovered,1.0,1.0,0.05,75,0.8440106819496488,8,3.2216981464872974,22,0.29333333333333333,0.98,0.0,0.016318815093758765,0.2983364045667519,0.7654464217983679,False,-139094.1283801625,245.05405292823252,2.6952082407660782e-05,
song,zipf,0.0,28,1,2011,true,1.0,1.0,0.05,24,0.9201194701822372,6,1.980879977555494,23,0.9583333333333334,0.48,0.0,-0.753675623547627,-0.7509951638014827,0.45265556632728543,False,1.1108692279907877,1.4945510401782258,4.489209004532313e-11,
song,zipf,0.0,28,2,2012,discovered,1.0,1.0,0.05,89,0.904026307449492,6,1.9584609997320541,37,0.4157303370786517,0.03,0.0,-2.7188940937592885,-1.4946067674717147,0.13501709892211555,False,2.0994193099289484,1.099067485298308,3.126388037344441e-13,
song,zipf,0.0,28,2,2012,true,1.0,1.0,0.05,24,0.9759810935306986,13,2.1945234633047996,19,0.7916666666666666,0.9,0.0,-0.13490578718945923,-0.3369847244413513,0.7361284154515924,False,-1.2056941791822668,2.0743858876293855,3.588453978409234e-09,
song,zipf,0.0,28,3,2013,discovered,1.0,1.0,0.05,91,0.8680132011356042,9,2.698698434722676,29,0.31868131868131866,0.87,0.0,-0.16584843592979936,-0.42585074168229414,0.6702166100660288,False,-1.2958755141532439,1.6054186242272925,2.8798439188904013e-09,
song,zipf,0.0,28,3,2013,true,1.0,1.0,0.05,24,0.9646851781392071,15,2.23658841958363,17,0.7083333333333334,0.48,0.0,-0.16447333036331813,-0.4078921458213224,0.6833528592589599,False,-0.10135932891177311,1.830369371894932,3.0804869766143383e-09,
song,zipf,0.0,28,4,2014,discovered,1.0,1.0,0.05,136,0.9457530792461377,1,1.5922709675499145,136,1.0,0.0,0.0,-4.802440914733781,-1.6843717401178346,0.09210984876267182,False,-2.4742959192256064,2.5992788476839346,5.609877007373143e-10,
song,zipf,0.0,28,4,2014,true,1.0,1.0,0.05,24,0.9654616768758073,18,2.0474324061864926,20,0.8333333333333334,0.99,0.0,-0.2567386542570147,-0.4760964812077684,0.6340056437688619,False,0.5011486952771017,1.9482365111449185,4.067203462909674e-09,
song,zipf,0.0,28,5,2015,discovered,1.0,1.0,0.05,137,0.8813600504821175,23,2.4562594288174124,40,0.291970802919708,0.83,0.0,0.002124402684381188,0.03573930976296569,0.9714902259030249,False,-116.6639774194645,9.062498648855152,0.0005898631887362171,
song,zipf,0.0,28,5,2015,true,1.0,1.0,0.05,24,0.9915880202533264,32,1.9379177519125526,24,1.0,0.84,0.0,-0.6461956154186268,-0.7244335409131192,0.46879961440345763,False,2.575145461123798,1.6724638575465185,2.0335733097454067e-09,
song,zipf,0.0,28,6,2016,discovered,1.0,1.0,0.05,82,0.8020440515664331,25,2.397373181104253,30,0.36585365853658536,0.53,0.0,-1.020289967548245,-0.9081729306933302,0.3637868633647767,False,2.881899320338995,1.0252481770409554,4.814637577510439e-11,
song,zipf,0.0,28,6,2016,true,1.0,1.0,0.05,24,0.9945881448815617,25,2.1494413512577255,24,1.0,0.69,0.0,-0.086930372802839,-0.270634189314817,0.7866723975066789,False,-3.3387982884056364,2.648803664051785,2.1272880701417307e-07,
song,zipf,0.0,28,7,2017,discovered,1.0,1.0,0.05,111,0.8685568726544796,1,1.428085484351968,111,1.0,0.0,0.0,-9.610491438535549,-2.5939789436861242,0.009487229704975361,False,0.2506999488930688,2.3569672008316607,2.83648660115432e-10,
song,zipf,0.0,28,7,2017,true,1.0,1.0,0.05,24,0.9855393073426465,58,2.3062088366293807,11,0.4583333333333333,0.97,0.0,-0.04535322111222406,-0.21353277949574184,0.8309114242969182,False,-1.0929613947727754,2.2349502947330717,7.796181478170183e-09,
song,zipf,0.0,29,0,2010,discovered,1.0,1.0,0.05,73,0.9167410986029754,5,3.0000809197051717,17,0.2328767123287671,0.32,0.0,-0.4634248827352052,-0.7174966985105435,0.4730676728111878,False,1.1610918277966116,0.7596843563805965,1.4210854715202004e-14,
song,zipf,0.0,29,0,2010,true,1.0,1.0,0.05,23,0.9598923853217068,5,2.101139604314257,15,0.6521739130434783,0.21,0.0,-0.22790911580815876,-0.436569647778242,0.6624234787801716,False,-0.48139778612627315,1.758418239357847,5.553246751333063e-10,
song,zipf,0.0,29,1,2011,discovered,1.0,1.0,0.05,108,0.9124796424694896,1,1.858594041488882,108,1.0,0.0,0.0,-1.1867041059353967,-0.8029479623057021,0.42200481254563293,False,-5.442386625660461,2.5904141061624006,2.5231088329746854e-09,
song,zipf,0.0,29,1,2011,true,1.0,1.0,0.05,24,0.959989461526975,5,1.9643745489377917,22,0.9166666666666666,0.54,0.0,-0.39522889598757205,-0.5586515649739322,0.5763995409451608,False,-0.457360229494232,1.9278467788197915,2.936673126896494e-10,
song,zipf,0.0,29,2,2012,discovered,1.0,1.0,0.05,96,0.9221554458254354,1,1.5749877005149238,96,1.0,0.02,0.0,-6.76205037699422,-2.237284252070628,0.02526776780611317,False,-0.2632495623261269,1.9109362070418623,1.1999645721516572e-10,
song,zipf,0.0,29,2,2012,true,1.0,1.0,0.05,24,0.9653771416775533,16,2.485633841922302,15,0.625,0.69,0.0,0.012862577739091385,0.47849351378502614,0.6322989897297874,False,-31625.730160596075,144.59344175817282,1.2997910744161345e-05,
song,zipf,0.0,29,3,2013,discovered,1.0,1.0,0.05,86,0.9070887806502501,1,1.5573213614907453,86,1.0,0.0,0.0,-8.825121459488672,-2.4064737125288485,0.016107363203172242,False,0.44557776412304806,1.6346157596655462,3.410605131648481e-13,
song,zipf,0.0,29,3,2013,true,1.0,1.0,0.05,24,0.9788476329818935,15,2.3628767790639755,12,0.5,0.84,0.0,-0.016519286105133535,-0.11181963295245084,0.910966420305839,False,-7.580195785615241,2.896725351680636,1.9969064624092425e-08,
song,zipf,0.0,29,4,2014,discovered,1.0,1.0,0.05,152,0.9125288538536314,8,2.3246314304327855,44,0.2894736842105263,0.2,0.0,-1.7196003058757658,-1.1925734691718481,0.2330364614801872,False,1.8155398772708882,1.023098500615446,2.3021584638627246e-12,
song,zipf,0.0,29,4,2014,true,1.0,1.0,0.05,24,0.9683177084922435,21,2.143386732773056,20,0.8333333333333334,0.82,0.0,-0.2714382136784588,-0.4972330938880225,0.6190246866595414,False,0.9753447151891064,1.7563140555203522,4.005299558684783e-08,
song,zipf,0.0,29,5,2015,discovered,1.0,1.0,0.05,128,0.8865712867123573,41,2.471955381336374,22,0.171875,0.65,0.0,-0.009095949977365514,-0.08669519479034443,0.9309137960394811,False,-22.7732620310612,4.330385502432693,0.0004759146363255695,
song,zipf,0.0,29,5,2015,true,1.0,1.0,0.05,24,0.9945311391573864,54,2.2034191640891376,19,0.7916666666666666,1.0,0.0,-0.06644063045404458,-0.2633538089999051,0.7922778893327049,False,-2.391447948062887,2.5577244059206317,4.5338481413637055e-08,
song,zipf,0.0,29,6,2016,discovered,1.0,1.0,0.05,114,0.8087390422241146,3,1.6496253076693976,89,0.7807017543859649,0.0,0.0,-10.467249502173344,-2.704554762789483,0.0068395994900720325,False,1.9523120410959902,1.3211571662304087,6.008349373587407e-11,
song,zipf,0.0,29,6,2016,true,1.0,1.0,0.05,24,0.9958495275017956,29,2.150738101391938,21,0.875,0.95,0.0,-0.12446421318655077,-0.3358252180789066,0.7370026721949711,False,-1.1039471272125618,2.2795213747636134,1.2136865734646562e-08,
song,zipf,0.0,29,7,2017,discovered,1.0,1.0,0.05,85,0.8630701879431815,5,1.6796839871608185,62,0.7294117647058823,0.02,0.0,-4.1232148684047285,-1.6286802622662044,0.10338072324699081,False,1.8911087257592132,1.6294473707560353,3.8687630876665935e-10,
song,zipf,0.0,29,7,2017,true,1.0,1.0,0.05,24,0.981384107719816,29,2.139430106819294,21,0.875,0.97,0.0,-0.09575091680768066,-0.29725985230017316,0.76626813021567,False,-2.1773534571292688,2.4919406837972873,4.2558370694223413e-07,
song,zipf,0.8,0,0,2010,discovered,1.0,1.0,0.05,60,0.9682074484468034,2,2.025614813957832,33,0.55,0.2,0.0,0.10646262429159892,0.33061973405468004,0.7409317381388106,False,-74311.25282066327,253.01602653949442,1.50042942550499e-05,
song,zipf,0.8,0,0,2010,true,1.0,1.0,0.05,23,0.8597727760583581,8,2.434659908576822,12,0.5217391304347826,0.64,0.0,-0.0645822529704958,-0.25225562360788434,0.800843486381075,False,-2.751586863077159,2.0189438272029103,1.4127140701702956e-07,
song,zipf,0.8,0,1,2011,discovered,1.0,1.0,0.05,72,0.9010485163112516,1,1.592152722260041,72,1.0,0.0,0.0,-6.924618156073874,-2.19975723043889,0.027824123930008673,False,0.3560316818354179,1.5656468972135653,2.6147972675971687e-12,
song,zipf,0.8,0,1,2011,true,1.0,1.0,0.05,24,0.7589880105493647,16,2.8822288707097705,13,0.5416666666666666,0.78,0.0,0.0009030728857783998,0.022009077957950048,0.9824407141295411,False,-55.27585240603611,5.5461722550469,0.0003794564610259954,
song,zipf,0.8,0,2,2012,discovered,1.0,1.0,0.05,93,0.9143265281919609,13,2.9584706582684803,16,0.17204301075268819,0.45,0.0,-0.11597672022790206,-0.30888525138821316,0.7574088162725388,False,0.2596651270231154,1.2628538892413865,3.9320724454228184e-10,
song,zipf,0.8,0,2,2012,true,1.0,1.0,0.05,24,0.9778510657818386,10,2.0881316381207573,20,0.8333333333333334,0.76,0.0,-0.3395873982179003,-0.5677462751153785,0.5702072648536258,False,0.533565305248977,1.7211846560409652,9.521272659185342e-13,
song,zipf,0.8,0,3,2013,discovered,1.0,1.0,0.05,112,0.9397110588258236,1,1.723790978758421,112,1.0,0.25,0.0,-1.4108976556044395,-0.8476562088658754,0.39662946094568907,False,-6.457009654815057,3.091459831540959,2.5268320769100683e-09,
song,zipf,0.8,0,3,2013,true,1.0,1.0,0.05,24,0.851970692220923,12,2.073688794320944,19,0.7916666666666666,0.85,0.0,-0.05220042986151441,-0.18394073137958283,0.854059950913332,False,-5.517899680859158,2.9738248478324754,2.8102959959142026e-08,
song,zipf,0.8,0,4,2014,discovered,1.0,1.0,0.05,162,0.9640323951764266,1,1.7871853760545628,162,1.0,0.08,0.0,-2.921350263832018,-1.398501761782699,0.16196244398523807,False,-5.574555684810891,2.7622561087979127,2.842739377229009e-10,
song,zipf,0.8,0,4,2014,true,1.0,1.0,0.05,24,0.8794850971771891,29,2.3974031372977143,19,0.7916666666666666,0.74,0.0,0.015988827266507855,0.8953720701936468,0.3705882257700247,False,-122405.45259778047,294.5646513821121,0.00010461724923516158,
song,zipf,0.8,0,5,2015,discovered,1.0,1.0,0.05,140,0.9191841013907985,3,1.61259447696395,98,0.7,0.0,0.0,-4.189761831272039,-1.7090808853310804,0.08743596774840831,False,0.44642358245158725,2.182755794211808,7.631228982063476e-10,
song,zipf,0.8,0,5,2015,true,1.0,1.0,0.05,24,0.9737247879916279,73,2.3506649691587245,13,0.5416666666666666,0.97,0.0,-0.053128541371747495,-0.2512911252976005,0.8015890360637753,False,-0.7405965340484189,2.1707660746570947,2.4799817310849903e-08,
song,zipf,0.8,0,6,2016,discovered,1.0,1.0,0.05,150,0.9222892525410517,3,1.7604025725062322,81,0.54,0.01,0.0,-4.6023484181447625,-1.9581019759412417,0.05021804795689494,False,1.0250910332042824,1.558411822071059,6.713207767461427e-10,
song,zipf,0.8,0,6,2016,true,1.0,1.0,0.05,24,0.9599230994674851,29,2.093357065201896,20,0.8333333333333334,0.73,0.0,-0.13049552925934016,-0.3798693586455602,0.7040423936495753,False,-1.0087454978461647,2.3350733631341307,2.1128599314579333e-08,
song,zipf,0.8,0,7,2017,discovered,1.0,1.0,0.05,131,0.920371622394403,22,2.3226905736144086,32,0.24427480916030533,0.99,0.0,-0.06749998869510776,-0.27445325164636164,0.7837363245057114,False,-5.705395964833253,2.759639888216055,1.0796222227327235e-07,
song,zipf,0.8,0,7,2017,true,1.0,1.0,0.05,24,0.9928447896479434,24,2.0881486032715624,23,0.9583333333333334,0.85,0.0,-0.04052032833080421,-0.17188788070038793,0.8635256745784566,False,-7.522445989763943,3.3598494379141157,1.1948661153837747e-05,
song,zipf,0.8,1,0,2010,discovered,1.0,1.0,0.05,56,0.936355388442744,1,1.856049784852568,56,1.0,0.1,0.0,-1.0716918521938485,-0.7751909359172835,0.4382268433789823,False,-3.679080979274509,2.2446031833352444,3.241353851990425e-10,
song,zipf,0.8,1,0,2010,true,1.0,1.0,0.05,23,0.958924406709309,6,2.1964010775962697,14,0.6086956521739131,0.57,0.0,-0.12693552787758788,-0.4466221883789831,0.6551478722669113,False,-1.7079664128633107,1.98479946473856,1.2094147905372665e-10,
song,zipf,0.8,1,1,2011,discovered,1.0,1.0,0.05,75,0.945537677186086,3,2.051236991130448,37,0.49333333333333335,0.8,0.0,-0.7436718810089498,-0.8300121404667783,0.40653191960478463,False,-0.671290409358079,1.6902512743730793,2.4368773665628396e-10,
song,zipf,0.8,1,1,2011,true,1.0,1.0,0.05,23,0.9558583826785273,9,2.3363156502777542,16,0.6956521739130435,0.92,0.0,-0.0044234196728130115,-0.03482832703022089,0.9722166326255361,False,-18.978161539790754,4.046451890196248,1.4417725658688596e-05,
song,zipf,0.8,1,2,2012,discovered,1.0,1.0,0.05,84,0.8971168390743443,1,1.6339910716653898,84,1.0,0.01,0.0,-3.5142670404197016,-1.5180909127328945,0.12899148169434582,False,-1.3507786633654715,2.131734509622843,9.634959496906959e-12,
song,zipf,0.8,1,2,2012,true,1.0,1.0,0.05,23,0.9386642193284674,16,2.263328170752352,15,0.6521739130434783,0.61,0.0,0.00230783002406465,0.023911530521569888,0.980923176887165,False,-25.818547674110178,4.840219320684805,0.0001375694173049169,
song,zipf,0.8,1,3,2013,discovered,1.0,1.0,0.05,81,0.9216923881007067,1,1.6820140000987671,81,1.0,0.09,0.0,-2.9725616348632835,-1.4176080243150493,0.15630523609677874,False,-1.6513835586064602,2.0972507556912867,4.973230716132093e-10,
song,zipf,0.8,1,3,2013,true,1.0,1.0,0.05,23,0.954380431295217,8,1.9526523927446597,19,0.8260869565217391,0.13,0.0,-0.6645328075066748,-0.7554172011635949,0.4499986954997224,False,1.5101127546042703,1.5054484740639718,1.8616219676914625e-12,
song,zipf,0.8,1,4,2014,discovered,1.0,1.0,0.05,121,0.9641460506998915,3,1.8212257159617231,69,0.5702479338842975,0.87,0.0,-0.8661407366530121,-0.7713444730077985,0.44050277831603,False,-3.084350130914562,2.6411615160544115,4.995115432393504e-10,
song,zipf,0.8,1,4,2014,true,1.0,1.0,0.05,24,0.9914481896395434,23,2.130696785966184,24,1.0,0.77,0.0,-0.05189523043177635,-0.20814003490226715,0.8351196282850191,False,-6.136216328604847,3.089190292394668,9.8939381132368e-09,
song,zipf,0.8,1,5,2015,discovered,1.0,1.0,0.05,171,0.9278724997165662,2,1.6147479298718832,118,0.6900584795321637,0.01,0.0,-3.6563814546656923,-1.571073744281176,0.11616552046341731,False,-0.9380910834905722,2.4542280920601844,3.660716174636036e-11,
song,zipf,0.8,1,5,2015,true,1.0,1.0,0.05,24,0.9901398971201205,45,2.1769749360221904,20,0.8333333333333334,0.96,0.0,-0.08687151751292532,-0.30389375187694123,0.7612088381016109,False,-1.7730963323329654,2.45438914742985,6.005007975318222e-07,
song,zipf,0.8,1,6,2016,discovered,1.0,1.0,0.05,143,0.9051514421720501,2,1.6627539236916324,102,0.7132867132867133,0.0,0.0,-8.39429423212514,-2.4755757914778505,0.013302152465679215,False,1.0514696991518484,1.5214402643691667,1.7047341316356324e-10,
song,zipf,0.8,1,6,2016,true,1.0,1.0,0.05,24,0.9925217040056655,20,1.991126758120452,23,0.9583333333333334,0.69,0.0,-0.2211928259918814,-0.43385738798110346,0.6643920050112362,False,-0.39897253357347795,2.268215176733082,7.702709581280942e-10,
song,zipf,0.8,1,7,2017,discovered,1.0,1.0,0.05,167,0.9151717493146604,1,1.5416291876341885,167,1.0,0.0,0.0,-8.564500688848481,-2.4930994396418766,0.012663337593702185,False,-1.185955717973517,2.3843797150196573,1.3934595699538477e-09,
song,zipf,0.8,1,7,2017,true,1.0,1.0,0.05,24,0.9803203623129758,35,2.1403647793611236,21,0.875,0.98,0.0,-0.12458847410771323,-0.3325589000235728,0.7394672720405355,False,-0.945814782842977,2.3005209692273367,1.604675503585895e-09,
song,zipf,0.8,2,0,2010,discovered,1.0,1.0,0.05,64,0.8939155395716218,3,2.985433027452947,25,0.390625,0.29,0.0,-0.6256315991116688,-0.8069528326714613,0.41969365834715844,False,0.5500496119921622,0.77537218208803,1.9753088054130785e-12,
song,zipf,0.8,2,0,2010,true,1.0,1.0,0.05,22,0.9158650632268107,3,1.7823114132283004,18,0.8181818181818182,0.36,0.0,-1.0660879417741924,-0.9046989832046537,0.36562487993237136,False,1.0610898128183872,1.4972658731554256,7.332801033044234e-12,
song,zipf,0.8,2,1,2011,discovered,1.0,1.0,0.05,82,0.9401765907989016,1,1.7435504641166,82,1.0,0.4,0.0,-1.817154358311066,-1.0806505779905824,0.27985257502005756,False,-3.3832565700531827,2.4071831057187834,1.1198153515579179e-11,
song,zipf,0.8,2,1,2011,true,1.0,1.0,0.05,24,0.9311378647140092,13,2.2450159151622917,12,0.5,0.73,0.0,-0.13990395010476986,-0.3820823364523715,0.7024002931624285,False,0.29781130233280817,1.6938008391980057,3.1093350116861984e-11,
song,zipf,0.8,2,2,2012,discovered,1.0,1.0,0.05,99,0.9329462446570521,4,1.9327202194214292,42,0.42424242424242425,0.4,0.0,-1.8747755048000663,-1.264730192118879,0.20596806303043702,False,1.0860724476282522,1.3891157112196526,3.6209257814334705e-11,
song,zipf,0.8,2,2,2012,true,1.0,1.0,0.05,24,0.9381493165289099,20,2.2032959974775355,14,0.5833333333333334,0.75,0.0,-0.313548656421788,-0.5439608146459616,0.5864684382422828,False,1.9938621276358486,1.3969764457393317,3.90087961932295e-10,
song,zipf,0.8,2,3,2013,discovered,1.0,1.0,0.05,85,0.9271789322665117,1,1.614224142288069,85,1.0,0.0,0.0,-5.44308614505368,-2.0138797216211093,0.04402216305668068,False,-0.446448747454677,1.8624502226542863,8.827782949083485e-11,
song,zipf,0.8,2,3,2013,true,1.0,1.0,0.05,24,0.871304618781915,6,1.856891501770484,22,0.9166666666666666,0.68,0.0,-0.9133312241879947,-0.8866936795490857,0.3752438421319061,False,1.4150979174951623,1.5635806677337543,2.1303492303559324e-10,
song,zipf,0.8,2,4,2014,discovered,1.0,1.0,0.05,105,0.9205010853408415,1,1.5048803296482562,105,1.0,0.03,0.0,-4.228191199781349,-1.6277999231896998,0.10356731683924661,False,-1.9849485914793736,2.80879304781239,1.0745281997515121e-08,
song,zipf,0.8,2,4,2014,true,1.0,1.0,0.05,24,0.9463644035772308,23,2.0441749108408107,20,0.8333333333333334,0.29,0.0,-0.2973023487520643,-0.5430121968186927,0.5871214047489505,False,1.1196605465118457,1.860335863281657,7.760547759971814e-11,
song,zipf,0.8,2,5,2015,discovered,1.0,1.0,0.05,152,0.915012713349587,2,1.5497951665059888,112,0.7368421052631579,0.01,0.0,-8.969192061837017,-2.556415680408059,0.010575669867322394,False,1.0604191344772826,1.888145340474169,5.5365489970427006e-11,
song,zipf,0.8,2,5,2015,true,1.0,1.0,0.05,24,0.9948243177116326,38,2.050548116921425,23,0.9583333333333334,0.96,0.0,-0.19071678968124495,-0.43192957650540414,0.665792597771402,False,0.015208605292215526,2.2410602012639163,3.699389594657987e-08,
song,zipf,0.8,2,6,2016,discovered,1.0,1.0,0.05,121,0.894561591333886,18,2.4992679409892693,32,0.2644628099173554,0.76,0.0,-0.018628907288285923,-0.12693839918813518,0.8989891542982157,False,-26.258998060775614,4.467719166593558,0.00046783692297935886,
song,zipf,0.8,2,6,2016,true,1.0,1.0,0.05,24,0.9641497075527853,22,2.094652611482892,21,0.875,0.52,0.0,-0.07938650755945442,-0.2427133323491351,0.8082274785218401,False,-3.4173621620114867,2.7167693425954,3.475665266705619e-08,
song,zipf,0.8,2,7,2017,discovered,1.0,1.0,0.05,184,0.9326123370191672,3,1.7914171913036576,108,0.5869565217391305,0.06,0.0,-3.0809305345179574,-1.5627717483347154,0.1181062915112068,False,-0.2826432362529745,1.9787204310624007,4.46789272245951e-10,
song,zipf,0.8,2,7,2017,true,1.0,1.0,0.05,24,0.9751514888028282,44,2.3050714286247422,21,0.875,1.0,0.0,0.0030749637380731443,0.07615175193147708,0.939298367549054,False,-78.17488890500157,7.972028161303001,0.0008107900988250094,
song,zipf,0.8,3,0,2010,discovered,1.0,1.0,0.05,58,0.937760329464386,3,2.416076271565187,29,0.5,0.51,0.0,0.011456659723891427,0.05717934910778499,0.954402328266741,False,-197129.7478510053,355.8173516847357,7.078142152749933e-05,
song,zipf,0.8,3,0,2010,true,1.0,1.0,0.05,24,0.899956365933227,7,2.6937130214219778,13,0.5416666666666666,0.71,0.0,0.05568508474129352,1.132909847491372,0.2572521141789219,False,-322335.1183298157,427.2240604848437,0.00013035369738645386,
song,zipf,0.8,3,1,2011,discovered,1.0,1.0,0.05,93,0.9325784902879061,1,1.8814089507611664,93,1.0,0.12,0.0,-2.313390759067362,-1.4067707939971712,0.15949536558165567,False,-2.4487353608684153,1.9214796571859578,2.0790480448340531e-10,
song,zipf,0.8,3,1,2011,true,1.0,1.0,0.05,23,0.8662608755967023,13,2.3096303817154724,13,0.5652173913043478,0.37,0.0,-0.013173749292645365,-0.07384625904224137,0.9411327180898124,False,-8.000069874914809,2.992802848944922,2.1244886028171095e-07,
song,zipf,0.8,3,2,2012,discovered,1.0,1.0,0.05,103,0.9434491241695443,2,1.8897992028257204,66,0.6407766990291263,0.05,0.0,-3.484417301602549,-1.675176150855735,0.09389967537862405,False,0.4116944260465554,1.3674359445175803,2.3561597117804922e-11,
song,zipf,0.8,3,2,2012,true,1.0,1.0,0.05,23,0.8836056307170972,19,2.355367169200114,14,0.6086956521739131,0.32,0.0,-0.08710362663979998,-0.2947592825275712,0.7681777729846071,False,-0.8615992485185713,1.9299125983027714,3.085757072085471e-08,
song,zipf,0.8,3,3,2013,discovered,1.0,1.0,0.05,95,0.9122893822271658,1,1.6714565543722957,95,1.0,0.07,0.0,-1.4170584819901517,-0.8381143109303335,0.4019665062121194,False,-5.153568514610038,2.990443435115758,5.282117854221724e-09,
song,zipf,0.8,3,3,2013,true,1.0,1.0,0.05,24,0.8355033104454067,11,1.9604791166546758,18,0.75,0.41,0.0,-0.7126112950836694,-0.778940668996095,0.4360146656168702,False,2.0512548787604263,1.4209266253562651,2.3800339477020316e-10,
song,zipf,0.8,3,4,2014,discovered,1.0,1.0,0.05,142,0.94126290902751,2,1.7568075291396725,91,0.6408450704225352,0.09,0.0,-1.277304997656738,-0.8182112424871735,0.4132365767027706,False,-2.7782122570253,2.5638714165396466,5.562128535530064e-10,
song,zipf,0.8,3,4,2014,true,1.0,1.0,0.05,24,0.901202204973981,19,2.033076835770293,21,0.875,0.17,0.0,-0.6948665081747336,-0.6971055868053807,0.48573671812842734,False,2.4255045401380535,1.40800278095259,5.957616622254136e-10,
song,zipf,0.8,3,5,2015,discovered,1.0,1.0,0.05,222,0.9452821990283266,1,1.6029414494928529,222,1.0,0.03,0.0,-1.9276805258247407,-0.8289481736999236,0.4071337341915112,False,-10.812711654215965,4.273326512615171,9.780876553122653e-08,
song,zipf,0.8,3,5,2015,true,1.0,1.0,0.05,24,0.9882255834965546,51,2.0731307222781883,18,0.75,0.85,0.0,-0.15497783758001038,-0.3596118084905961,0.7191374516866431,False,0.5561965805393578,2.1591410546270797,1.0725730703597947e-07,
song,zipf,0.8,3,6,2016,discovered,1.0,1.0,0.05,140,0.9044863240651512,3,1.7738420551122813,85,0.6071428571428571,0.0,0.0,-5.787307362548279,-2.3616103139989426,0.018195757486033703,False,1.2590610591014644,1.4212090111076967,6.247091732802801e-11,
song,zipf,0.8,3,6,2016,true,1.0,1.0,0.05,24,0.9237856195054509,44,2.2533729014213004,14,0.5833333333333334,0.91,0.0,-0.027527875062888008,-0.173553956195456,0.86221602037545,False,-5.313951931587915,2.8980795282284904,2.2528240606334293e-08,
song,zipf,0.8,3,7,2017,discovered,1.0,1.0,0.05,122,0.8701735599936238,17,2.3498215193638834,38,0.3114754098360656,0.24,0.0,-0.29552517122609423,-0.5170776582254161,0.6051019490323755,False,-0.3059570469211058,1.7999458532280292,2.3212294308905257e-09,
song,zipf,0.8,3,7,2017,true,1.0,1.0,0.05,24,0.895133210772373,42,2.2143285967064945,14,0.5833333333333334,1.0,0.0,-0.06877588719858796,-0.2725093658960757,0.7852303907447654,False,-1.13391869212591,2.282601669897073,4.047961965625291e-09,
song,zipf,0.8,4,0,2010,discovered,1.0,1.0,0.05,60,0.9413337272999167,1,1.8909913874029418,60,1.0,0.13,0.0,-2.877432669184781,-1.4393055104398949,0.1500639822725021,False,-0.571993525243486,1.3635813235464156,9.2228447101661e-12,
song,zipf,0.8,4,0,2010,true,1.0,1.0,0.05,22,0.9018473583329814,3,1.7445478665969119,17,0.7727272727272727,0.08,0.0,-2.6069519733439734,-1.581725753336731,0.11371219091284675,False,2.004368388444844,1.0151499701517583,1.2718714970105793e-12,
song,zipf,0.8,4,1,2011,discovered,1.0,1.0,0.05,68,0.9586433263778344,1,1.6964264277005994,68,1.0,0.01,0.0,-3.229316710424837,-1.5961567507784862,0.1104538008763652,False,-1.2013518677888362,1.9180268538288123,4.831690603168681e-13,
song,zipf,0.8,4,1,2011,true,1.0,1.0,0.05,22,0.9307225919902784,8,2.0115328197654714,16,0.7272727272727273,0.73,0.0,-0.3989319033811687,-0.6190407821275251,0.5358894929420401,False,0.982623646420181,1.60819471026506,2.660840436874423e-10,
song,zipf,0.8,4,2,2012,discovered,1.0,1.0,0.05,89,0.9602510665424102,3,1.9709505845608783,41,0.4606741573033708,0.15,0.0,-0.45568349764833593,-0.5129794197288832,0.6079657168644356,False,-2.5809029650641144,2.256422019811382,7.20802972864476e-10,
song,zipf,0.8,4,2,2012,true,1.0,1.0,0.05,24,0.8604355163854543,13,2.0946414142959284,16,0.6666666666666666,0.14,0.0,-0.18072268580563033,-0.38258357242659996,0.7020285525282945,False,-0.060496647785230354,1.9393874838491192,2.4208333115893765e-09,
song,zipf,0.8,4,3,2013,discovered,1.0,1.0,0.05,86,0.9248273832105158,1,1.6065228328654246,86,1.0,0.0,0.0,-5.666810867759531,-2.061999751737363,0.039207759610512774,False,-0.3963529440343011,1.8651363710449567,3.6777692002942786e-10,
song,zipf,0.8,4,3,2013,true,1.0,1.0,0.05,24,0.9002540732292992,22,2.4814422110455707,11,0.4583333333333333,0.8,0.0,-0.00154973229540456,-0.0184825766595047,0.9852538770041025,False,-16.50899919007162,3.7305316068572845,5.6442850535631806e-06,
song,zipf,0.8,4,4,2014,discovered,1.0,1.0,0.05,109,0.9306243803969297,3,1.7710106701922586,63,0.5779816513761468,0.08,0.0,-2.790978321619538,-1.4673055930739523,0.14229294290824093,False,0.6277890812433858,1.702104021319841,4.803268893738277e-12,
song,zipf,0.8,4,4,2014,true,1.0,1.0,0.05,24,0.9530312765169757,28,2.2745611891813646,17,0.7083333333333334,0.93,0.0,-0.10902697865657762,-0.3376971876371472,0.7355913943311938,False,-0.46933644138152014,2.0112436062601913,3.568148088106682e-08,
song,zipf,0.8,4,5,2015,discovered,1.0,1.0,0.05,158,0.8831960195938929,5,1.9379827903486435,95,0.6012658227848101,0.01,0.0,-2.112122209889499,-1.3341637486719224,0.18215019726351744,False,0.12349565120486423,1.8036832665118865,1.4672423276351765e-09,
song,zipf,0.8,4,5,2015,true,1.0,1.0,0.05,24,0.978536481849887,49,2.1118142973118124,21,0.875,0.85,0.0,-0.17742272073059118,-0.40215157469670015,0.687572478304112,False,0.5578585783641645,2.1002066000403286,4.7660398649895797e-07,
song,zipf,0.8,4,6,2016,discovered,1.0,1.0,0.05,152,0.9516739710334859,14,2.334826718915996,31,0.20394736842105263,0.74,0.0,-0.040909125283971726,-0.1710803178136123,0.8641606118145797,False,-9.601412895201143,3.1644935048054856,7.758310971439641e-08,
song,zipf,0.8,4,6,2016,true,1.0,1.0,0.05,24,0.9609031868905068,28,2.0404327662564286,20,0.8333333333333334,0.59,0.0,-0.29592209699181504,-0.5107849968761515,0.6095016158629627,False,1.3469851642685615,1.8598250118598803,1.5112462392607995e-08,
song,zipf,0.8,4,7,2017,discovered,1.0,1.0,0.05,98,0.8963673014905463,3,1.649140749864337,69,0.7040816326530612,0.03,0.0,-4.201326629360189,-1.653875197290741,0.09815287308360632,False,1.17180833606947,1.7647414927980025,5.184119800105691e-11,
song,zipf,0.8,4,7,2017,true,1.0,1.0,0.05,24,0.9560458671897352,29,2.1108293881148823,20,0.8333333333333334,0.79,0.0,-0.21948493707342465,-0.4412306863011396,0.6590459999582321,False,0.7389829141157453,1.9354929944294599,8.641009685561585e-09,
song,zipf,0.8,5,0,2010,discovered,1.0,1.0,0.05,63,0.8709489586582596,1,1.6615744387585443,63,1.0,0.01,0.0,-8.361103051182763,-2.4213855434450333,0.015461469177566604,False,0.710101715441988,1.157309661477111,1.0601297617540695e-11,
song,zipf,0.8,5,0,2010,true,1.0,1.0,0.05,24,0.8675665737901308,5,2.2329379661297812,19,0.7916666666666666,0.98,0.0,-0.042496861995084956,-0.1882088551572532,0.8507129311245613,False,-9.845567817734274,3.1481240662534717,4.3735326471505687e-10,
song,zipf,0.8,5,1,2011,discovered,1.0,1.0,0.05,93,0.9230931617564085,1,1.7157415398745166,93,1.0,0.08,0.0,-3.8577562858469667,-1.6552188458856865,0.0978801137404427,False,-1.2511971559716917,1.8930851051746782,9.833911462919787e-12,
song,zipf,0.8,5,1,2011,true,1.0,1.0,0.05,24,0.8802272718164583,7,1.9348957301108352,19,0.7916666666666666,0.82,0.0,-0.47545975810001195,-0.5725811270613895,0.5669283413313122,False,0.810475215426703,1.7197369269673306,1.0388134796812665e-11,
song,zipf,0.8,5,2,2012,discovered,1.0,1.0,0.05,106,0.9228105997504341,1,1.6824099039378337,106,1.0,0.03,0.0,-2.3409813480340427,-1.2620762772861136,0.20692134056173161,False,-3.7727014240751986,2.653179221315303,2.4283508537337184e-10,
song,zipf,0.8,5,2,2012,true,1.0,1.0,0.05,24,0.8193133236520928,21,2.3181670784236394,13,0.5416666666666666,0.81,0.0,-0.12835600017784188,-0.3966728224626119,0.6916087439705612,False,0.5034969472160395,1.701509788236969,1.3346124205781962e-10,
song,zipf,0.8,5,3,2013,discovered,1.0,1.0,0.05,108,0.9353891042289753,2,2.090636216975022,61,0.5648148148148148,0.25,0.0,-2.3234695018640075,-1.3395063308290112,0.1804058948584656,False,0.12118493320499507,1.2384205366452716,5.8832938520936295e-12,
song,zipf,0.8,5,3,2013,true,1.0,1.0,0.05,24,0.9184238445074479,15,2.2541449858369074,13,0.5416666666666666,0.68,0.0,-0.168427807951554,-0.4035974988203839,0.6865087252443325,False,0.6925799516252822,1.6270933300990664,1.602060706318298e-10,
song,zipf,0.8,5,4,2014,discovered,1.0,1.0,0.05,96,0.9138489705771022,12,2.2609862347283207,33,0.34375,1.0,0.0,-0.01354966465484475,-0.08986393919236552,0.9283953375268914,False,-26.971213212890163,4.898352738821396,0.0003441064256719528,
song,zipf,0.8,5,4,2014,true,1.0,1.0,0.05,24,0.9591602895100275,27,2.328303212752745,15,0.625,0.77,0.0,0.005811556367841142,0.11757442935181595,0.9064048668090272,False,-56.2384070185523,6.7421997153846895,0.0009751749192190573,
song,zipf,0.8,5,5,2015,discovered,1.0,1.0,0.05,116,0.8292148092952616,49,2.5062600018975476,25,0.21551724137931033,0.1,0.0,-0.49067741847521873,-0.7120074211700258,0.47646018055251893,False,2.959622352270596,1.1632723657098363,4.759215244121151e-11,
song,zipf,0.8,5,5,2015,true,1.0,1.0,0.05,24,0.9892448667237478,40,2.057332975678931,23,0.9583333333333334,0.64,0.0,-0.2398775539270117,-0.46048842290390835,0.6451656794186733,False,0.8263446934863345,2.0611860720516297,4.631317551684333e-11,
song,zipf,0.8,5,6,2016,discovered,1.0,1.0,0.05,151,0.927428627683855,1,1.609103948117611,151,1.0,0.0,0.0,1.7789581755095512,1.439729996618784,0.14994380325775863,False,-1171.1610997115565,39.94127078530949,7.567487534743123e-05,
song,zipf,0.8,5,6,2016,true,1.0,1.0,0.05,24,0.9863043466537506,30,2.2249669157087935,21,0.875,0.96,0.0,-0.08425176347431318,-0.28606321029110215,0.7748297085369737,False,-2.3831640397227125,2.4262076597810482,1.240607616637135e-11,
song,zipf,0.8,5,7,2017,discovered,1.0,1.0,0.05,112,0.9372073082351817,2,1.5800013860475757,83,0.7410714285714286,0.0,0.0,-3.5841822032954997,-1.763865360011456,0.07775465013205902,False,-0.33432910650193404,2.3669523273330895,3.20653725793818e-10,
song,zipf,0.8,5,7,2017,true,1.0,1.0,0.05,24,0.9685249631629306,33,2.24582620877092,22,0.9166666666666666,0.66,0.0,-0.019438640024714182,-0.11511303181650077,0.9083555306754043,False,-10.626573211603862,3.5293957892997687,2.1646796994900797e-05,
song,zipf,0.8,6,0,2010,discovered,1.0,1.0,0.05,56,0.8319600433113367,1,1.909492954992228,56,1.0,0.0,0.0,-7.589913961338613,-2.3157100546971683,0.020574105053451884,False,0.6238426617689554,0.7615498139336392,1.7053025658242404e-13,
song,zipf,0.8,6,0,2010,true,1.0,1.0,0.05,20,0.967254660225766,4,1.968874000880163,18,0.9,0.41,0.0,-0.44151332071742155,-0.6095336779180038,0.5421707569325639,False,0.04656902312748387,1.698723050218669,3.1800340138943284e-10,
song,zipf,0.8,6,1,2011,discovered,1.0,1.0,0.05,96,0.9374550880686485,1,1.7828186017888499,96,1.0,0.0,0.0,-2.6629205602087174,-1.2872625405518299,0.1980027952964012,False,-2.2772110078525456,2.050592573116604,1.63140612130519e-11,
song,zipf,0.8,6,1,2011,true,1.0,1.0,0.05,24,0.9682107675309898,6,1.8961501261421754,22,0.9166666666666666,0.65,0.0,-0.7944349120128646,-0.7706257312979627,0.44092880487215924,False,1.194561796389678,1.5844481879987475,3.148002747366263e-09,
song,zipf,0.8,6,2,2012,discovered,1.0,1.0,0.05,95,0.9189124536694616,1,1.6740198900059884,95,1.0,0.04,0.0,-1.194121180113238,-0.7206645188985207,0.47111594749064467,False,-5.699097851975278,3.094541764393627,1.8457825490258983e-08,
song,zipf,0.8,6,2,2012,true,1.0,1.0,0.05,24,0.8616780454036634,20,2.222595909084569,11,0.4583333333333333,0.42,0.0,-0.15345617690298452,-0.39087331852028045,0.695890876904108,False,1.1376962302795959,1.621557541320362,1.267444815766794e-09,
song,zipf,0.8,6,3,2013,discovered,1.0,1.0,0.05,95,0.9671599155191063,3,1.9366453471596128,49,0.5157894736842106,0.73,0.0,-0.40410556889640015,-0.5404272430915268,0.5889024242084866,False,-4.843426105585436,2.7587220289111083,2.1885568912693998e-09,
song,zipf,0.8,6,3,2013,true,1.0,1.0,0.05,24,0.919649461424639,7,1.904780502779399,21,0.875,0.9,0.0,-0.49288113523691424,-0.6266777317648727,0.5308705035638555,False,0.6103434423390213,1.828788836781029,2.9484681363101117e-10,
song,zipf,0.8,6,4,2014,discovered,1.0,1.0,0.05,91,0.9343913325519798,18,2.2641364627360727,18,0.1978021978021978,0.6,0.0,-0.07897359804664683,-0.2614083114464002,0.7937776482090011,False,-2.6894682498683524,2.33759247371208,1.238744573583972e-08,
song,zipf,0.8,6,4,2014,true,1.0,1.0,0.05,24,0.953753508294958,23,2.1444167778442726,16,0.6666666666666666,0.67,0.0,-0.16189581732733238,-0.371209886027313,0.7104812103542468,False,0.3856782089043711,1.9221137021396,1.953679884536541e-09,
song,zipf,0.8,6,5,2015,discovered,1.0,1.0,0.05,134,0.9547290065024521,1,1.495118465752035,134,1.0,0.01,0.0,-4.132963138329034,-1.5188690292569835,0.1287954660927586,False,-3.8094598754044506,3.375751316342957,8.009237717487849e-11,
song,zipf,0.8,6,5,2015,true,1.0,1.0,0.05,24,0.9814178830046782,32,2.0288867462374673,22,0.9166666666666666,0.72,0.0,-0.14353883086739305,-0.37332216382389566,0.7089086825669336,False,-1.0838538060981064,2.4632045055179734,6.155066500923567e-08,
song,zipf,0.8,6,6,2016,discovered,1.0,1.0,0.05,230,0.9541861938872213,1,1.7463860203069452,230,1.0,0.02,0.0,-3.81458034181939,-1.6133132586283823,0.10667646745757114,False,-6.046404574836199,2.951669908582846,2.2042172531655524e-08,
song,zipf,0.8,6,6,2016,true,1.0,1.0,0.05,24,0.9918304363557687,34,2.1869934402304994,20,0.8333333333333334,0.98,0.0,-0.058600670432880086,-0.22620625577545506,0.8210410053033885,False,-3.7097018959102837,2.710968570735073,1.4225918221200118e-08,
song,zipf,0.8,6,7,2017,discovered,1.0,1.0,0.05,80,0.8267199868285761,31,2.73427027751322,26,0.325,0.27,0.0,0.017487175347299377,0.8459938590101089,0.3975561700860256,False,-151424.27575945875,294.055724904796,0.00019505800446495414,
song,zipf,0.8,6,7,2017,true,1.0,1.0,0.05,24,0.9178570021130591,31,2.2249367735844685,18,0.75,0.6,0.0,-0.05816385074131958,-0.23858342668854218,0.8114286176397157,False,-3.2867218382607035,2.5797873347999385,6.321629513195148e-07,
song,zipf,0.8,7,0,2010,discovered,1.0,1.0,0.05,61,0.9315772196296002,1,1.7106692965446457,61,1.0,0.13,0.0,-4.099215229334675,-1.737064363655013,0.08237581065469625,False,-0.19676943987468415,1.5197663339021754,2.773958840407431e-11,
song,zipf,0.8,7,0,2010,true,1.0,1.0,0.05,21,0.9158750223504789,7,2.2418030082973486,14,0.6666666666666666,0.71,0.0,-0.319474881183079,-0.5117002829999023,0.6088607880341319,False,0.8916832334854192,1.351537200917316,3.0809133022557944e-11,
song,zipf,0.8,7,1,2011,discovered,1.0,1.0,0.05,79,0.9478836099546847,1,1.726459631886559,79,1.0,0.14,0.0,-3.3989579893581956,-1.5831187225062386,0.11339440702921647,False,-1.226691398420888,1.8609735881491727,3.007016857736744e-11,
song,zipf,0.8,7,1,2011,true,1.0,1.0,0.05,22,0.9107902577944108,6,1.9451710881614142,17,0.7727272727272727,0.78,0.0,-0.22990101596565782,-0.43543410492536827,0.6632473596020403,False,-0.8296423569909286,2.112710018787989,5.243805389909539e-12,
song,zipf,0.8,7,2,2012,discovered,1.0,1.0,0.05,86,0.8749724567664953,2,1.739907945273155,71,0.8255813953488372,0.0,0.0,-6.336826069865978,-2.108513710348651,0.034986578095096026,False,1.1212301469131978,1.2961704686248698,4.547473508864641e-12,
song,zipf,0.8,7,2,2012,true,1.0,1.0,0.05,24,0.9512447875321365,12,2.154559986832291,19,0.7916666666666666,0.58,0.0,-0.3673333989885088,-0.5528132378117582,0.5803913028984291,False,1.1480899575520347,1.5339677888677627,1.1596057447604835e-11,
song,zipf,0.8,7,3,2013,discovered,1.0,1.0,0.05,109,0.971266037964376,2,1.9537780980636115,58,0.5321100917431193,0.53,0.0,-0.07967700645527875,-0.12289002007469635,0.9021941885501356,False,-15.118472665285834,4.041400873274691,3.903522838299978e-09,
song,zipf,0.8,7,3,2013,true,1.0,1.0,0.05,24,0.9023334706459316,13,2.1042634481836537,18,0.75,0.83,0.0,-0.25421782504049606,-0.5252331499912999,0.5994211227878453,False,0.4300961842132912,1.8067065958739426,2.7424107429396827e-10,
song,zipf,0.8,7,4,2014,discovered,1.0,1.0,0.05,112,0.9352114740211843,3,1.7267229152423347,58,0.5178571428571429,0.04,0.0,-3.7546588834409853,-1.717686295948766,0.08585385030696707,False,1.1888687591580858,1.5557776214009869,1.3159251466277055e-11,
song,zipf,0.8,7,4,2014,true,1.0,1.0,0.05,24,0.9851710809271487,19,2.1908523743112167,19,0.7916666666666666,0.99,0.0,-0.0737770362310064,-0.27245735125989107,0.7852703799760893,False,-3.135578854130228,2.509846281600884,3.479165400221973e-08,
song,zipf,0.8,7,5,2015,discovered,1.0,1.0,0.05,135,0.9306708708515409,4,1.7161396795640347,79,0.5851851851851851,0.06,0.0,-1.6925553246002023,-1.0574572258967654,0.2903029662571516,False,-0.8577115988022136,2.4404761680350044,1.5252226148732007e-09,
song,zipf,0.8,7,5,2015,true,1.0,1.0,0.05,24,0.9394996893721694,72,2.3004990467646054,14,0.5833333333333334,0.96,0.0,0.003201849485472863,0.515941096038258,0.6058955501779506,False,-25638.973448366327,140.15914723198443,2.5050086151168216e-05,
song,zipf,0.8,7,6,2016,discovered,1.0,1.0,0.05,172,0.9423136863356458,1,1.6352853142879205,172,1.0,0.09,0.0,-1.2722062034612538,-0.6569147127667598,0.5112357573995978,False,-11.809041210632977,4.288099903879232,7.37372261028213e-08,
song,zipf,0.8,7,6,2016,true,1.0,1.0,0.05,24,0.9775742523845081,31,2.07859658731137,23,0.9583333333333334,0.9,0.0,-0.17247406841130175,-0.3976906903083955,0.6908582006975086,False,-0.43606563570067114,2.253064057348771,9.65233937222365e-09,
song,zipf,0.8,7,7,2017,discovered,1.0,1.0,0.05,182,0.9284581142176378,1,1.6084208712977996,182,1.0,0.08,0.0,-2.9149673509298495,-1.3564613415024425,0.17495242745232187,False,-7.025362086526535,3.5819683487934797,5.33742650077329e-09,
song,zipf,0.8,7,7,2017,true,1.0,1.0,0.05,24,0.9469006369933479,42,2.1266458628723917,15,0.625,0.98,0.0,-0.17352218132034825,-0.42478630684173424,0.6709924606508382,False,1.312094106344444,1.8720379308665964,2.221270278823795e-09,
song,zipf,0.8,8,0,2010,discovered,1.0,1.0,0.05,69,0.929070456125939,1,1.7893742884834927,69,1.0,0.05,0.0,-4.97624421992769,-1.9458644713076667,0.051671021704139196,False,-0.007557605361640471,1.288842035017305,4.831690603168681e-13,
song,zipf,0.8,8,0,2010,true,1.0,1.0,0.05,23,0.9621686989355209,3,1.8047711162690405,23,1.0,0.17,0.0,-3.0192827923366394,-1.6183143907810953,0.10559486090406091,False,1.8436571545385598,1.0104653749704262,8.100187187665142e-13,
song,zipf,0.8,8,1,2011,discovered,1.0,1.0,0.05,87,0.842704082577789,6,2.4421886694183494,33,0.3793103448275862,0.0,0.0,-4.209182808414175,-1.903244396127611,0.05700866258262041,False,2.243117085291645,0.5641228688879012,2.4158453015843406e-13,
song,zipf,0.8,8,1,2011,true,1.0,1.0,0.05,24,0.9834276566666601,13,2.3369869447636735,14,0.5833333333333334,0.72,0.0,0.006364044289908222,0.08755394223855267,0.930231210300769,False,-35.214491769265024,5.357619496939958,0.0002832705156947668,
song,zipf,0.8,8,2,2012,discovered,1.0,1.0,0.05,108,0.9579979627205304,1,1.7649935664422924,108,1.0,0.43,0.0,-0.8099843418601225,-0.6261022364476262,0.5312478854080409,False,-14.15957565800253,4.135635516410618,1.6416919379480532e-08,
song,zipf,0.8,8,2,2012,true,1.0,1.0,0.05,24,0.9403117251404882,11,2.1677521074782886,20,0.8333333333333334,0.78,0.0,-0.0927401572505655,-0.2642203035180575,0.7916101668812023,False,-3.007686629014496,2.408099785696025,1.5027524113975232e-07,
song,zipf,0.8,8,3,2013,discovered,1.0,1.0,0.05,97,0.9177426452491813,4,2.1258183840900386,46,0.4742268041237113,0.09,0.0,-1.1013019053992845,-0.8543127425076492,0.3929317287042047,False,0.1696027195547588,1.4763447183095983,3.7914560380158946e-11,
song,zipf,0.8,8,3,2013,true,1.0,1.0,0.05,23,0.9769115977023377,9,1.9791821757341717,21,0.9130434782608695,0.27,0.0,-0.34030255808488974,-0.533664764277689,0.5935734915469726,False,0.12447501797490274,1.9395455686524707,3.935298309443169e-09,
song,zipf,0.8,8,4,2014,discovered,1.0,1.0,0.05,125,0.942260367558464,4,1.9348506371673029,56,0.448,0.08,0.0,-1.2944220285386567,-0.9719326158642762,0.3310840724722207,False,-0.23034895785420956,1.8288592921488758,6.906475391588174e-12,
song,zipf,0.8,8,4,2014,true,1.0,1.0,0.05,24,0.9781226829239144,15,1.9597503517421222,21,0.875,0.68,0.0,-0.41862877123285713,-0.6543774801414165,0.5128686394164036,False,1.1795846703101236,1.83035105985625,1.26171073588921e-09,
song,zipf,0.8,8,5,2015,discovered,1.0,1.0,0.05,148,0.9132168085392174,3,1.6119670015641423,91,0.6148648648648649,0.0,0.0,-7.240167082471151,-2.2612815110928453,0.023741830392975116,False,1.5516032561166262,1.6861042076645045,4.496314431889914e-11,
song,zipf,0.8,8,5,2015,true,1.0,1.0,0.05,24,0.9820145011736094,37,2.047379202683613,21,0.875,0.93,0.0,-0.2312768955727016,-0.46374498817631504,0.6428304610241313,False,0.8579252485442082,2.0475974347621513,2.9997323736097314e-08,
song,zipf,0.8,8,6,2016,discovered,1.0,1.0,0.05,135,0.9403452694318495,9,1.9864128027768673,41,0.3037037037037037,0.6,0.0,-0.8241885281332078,-0.8794852089377835,0.37913824942198193,False,0.635508682939274,1.7869544963465736,8.29913915367797e-12,
song,zipf,0.8,8,6,2016,true,1.0,1.0,0.05,24,0.9736639962712393,19,2.020447855088317,24,1.0,0.32,0.0,-0.3944419927020899,-0.6430427033419295,0.5201963911514088,False,1.0907826683428978,1.8440399485629555,6.230209237401141e-09,
song,zipf,0.8,8,7,2017,discovered,1.0,1.0,0.05,172,0.9612090804573638,3,1.8664931988790707,85,0.4941860465116279,0.36,0.0,-0.9785136104745449,-0.8019132768428535,0.4226031254931899,False,-2.8920869820445807,2.506389420198932,1.1584120329644065e-08,
song,zipf,0.8,8,7,2017,true,1.0,1.0,0.05,24,0.9924597571456883,32,2.055623448714217,19,0.7916666666666666,0.99,0.0,-0.2669792786941234,-0.4971725657301511,0.619067365872954,False,1.3823798801242868,1.8680175032427795,1.4423775951399875e-08,
song,zipf,0.8,9,0,2010,discovered,1.0,1.0,0.05,57,0.9404659890791871,2,2.0710980700890995,41,0.7192982456140351,0.39,0.0,-1.1386718845671604,-0.8976457775321076,0.36937442548670607,False,-0.5698428246492236,1.4785709633057593,4.860112312599085e-12,
song,zipf,0.8,9,0,2010,true,1.0,1.0,0.05,21,0.8240426928527491,8,2.6643507997477807,13,0.6190476190476191,0.81,0.0,-0.008285416601052642,-0.07268984397174888,0.9420529305060007,False,-11.37703172607097,2.902477500448784,3.253426683613725e-08,
song,zipf,0.8,9,1,2011,discovered,1.0,1.0,0.05,73,0.9476905852744965,1,1.8344754694577925,73,1.0,0.34,0.0,-0.12488699004375414,-0.14553286635642135,0.8842901683693527,False,-36.866894272778836,6.114832066621114,6.549348086082318e-08,
song,zipf,0.8,9,1,2011,true,1.0,1.0,0.05,23,0.8272360237929078,15,2.5089853827553714,10,0.43478260869565216,0.51,0.0,-0.043049361310484535,-0.23779011376800632,0.8120438868431016,False,-2.0103199126590567,1.9604375587321952,6.825544573985098e-10,
song,zipf,0.8,9,2,2012,discovered,1.0,1.0,0.05,133,0.9496632902238832,1,1.8766878280560673,133,1.0,0.13,0.0,-0.2991345280782758,-0.28148129247275183,0.7783412747266134,False,-68.4495459737046,8.018212129585507,0.0011604441427266465,
song,zipf,0.8,9,2,2012,true,1.0,1.0,0.05,24,0.9846534085930992,14,2.105269970096733,17,0.7083333333333334,0.97,0.0,-0.09753334888956422,-0.3077412131499179,0.7582792570027904,False,-2.312582791961064,2.4150919512174465,7.683382818868267e-09,
song,zipf,0.8,9,3,2013,discovered,1.0,1.0,0.05,89,0.9269896894803688,1,1.6748260260164407,89,1.0,0.04,0.0,-2.2827301048986337,-1.1340473940228835,0.2567746682920078,False,-2.9220119983251323,2.4677319103431934,1.1693259693856817e-09,
song,zipf,0.8,9,3,2013,true,1.0,1.0,0.05,23,0.9425143023276485,19,2.361055808146959,12,0.5217391304347826,0.13,0.0,0.0036169022634631176,0.04156048428884669,0.9668490749753912,False,-20.404828595878843,4.233710827829524,4.741895500615101e-05,
song,zipf,0.8,9,4,2014,discovered,1.0,1.0,0.05,107,0.8882406623103879,15,2.492196125224979,30,0.2803738317757009,0.07,0.0,-1.3858511883393403,-1.0895507393518553,0.2759110925249436,False,2.6399491710868426,0.8527306657696391,2.984279490192421e-13,
song,zipf,0.8,9,4,2014,true,1.0,1.0,0.05,24,0.8963168593934139,24,2.470212742204669,18,0.75,0.76,0.0,0.00335195952042433,0.17302206422330887,0.8626340844367699,False,-28449.527475737996,138.26534830039506,1.0544042197579984e-05,
song,zipf,0.8,9,5,2015,discovered,1.0,1.0,0.05,167,0.881933060095974,4,1.7671759319420886,102,0.6107784431137725,0.0,0.0,-6.703822282411338,-2.2515376643216074,0.024351504146077955,False,1.5878530905262045,1.44497534525898,3.5413449950283393e-11,
song,zipf,0.8,9,5,2015,true,1.0,1.0,0.05,24,0.9816678534952019,88,2.282432833559386,13,0.5416666666666666,0.83,0.0,-0.052346525255410725,-0.2235569525374745,0.8231020627570471,False,-0.8315367561591512,2.2890711619171724,7.649588411595687e-07,
song,zipf,0.8,9,6,2016,discovered,1.0,1.0,0.05,168,0.9479118853071548,1,1.6761163915617727,168,1.0,0.17,0.0,-1.105120389499218,-0.6417767499064854,0.5210181477980288,False,-14.07301668795181,4.445654924395537,7.84461917646695e-09,
song,zipf,0.8,9,6,2016,true,1.0,1.0,0.05,24,0.9946743583597453,33,2.117104095020489,18,0.75,0.9,0.0,-0.21266769114298256,-0.44718176165051354,0.6547438288146006,False,1.0900980986063957,1.8760438734604195,2.029011625381827e-09,
song,zipf,0.8,9,7,2017,discovered,1.0,1.0,0.05,111,0.8983834055065215,4,1.8694843097374003,67,0.6036036036036037,0.05,0.0,-1.8110591238288116,-1.0942809499098975,0.2738317776805964,False,0.18200875028367958,1.8080805368600115,1.2676082405960187e-11,
song,zipf,0.8,9,7,2017,true,1.0,1.0,0.05,24,0.9780525955282044,25,2.0723921634250573,19,0.7916666666666666,0.07,0.0,-0.035565821536835074,-0.15968238913257862,0.8731312743141109,False,-6.845815661182985,3.3004944571436376,7.59870374622551e-07,
song,zipf,0.8,10,0,2010,discovered,1.0,1.0,0.05,57,0.9332930791849992,1,1.9664349295672383,57,1.0,0.67,0.0,-0.7760061478546856,-0.7747296488072237,0.4384994275808294,False,-4.720474549512778,2.271780049696521,1.67923985827656e-09,
song,zipf,0.8,10,0,2010,true,1.0,1.0,0.05,21,0.8649339747568435,2,1.655182461202516,18,0.8571428571428571,0.02,0.0,-2.952302693449365,-1.3542987957349608,0.17564107021370512,False,1.6935402630792242,1.1144860533439134,2.2168933355715126e-12,
song,zipf,0.8,10,1,2011,discovered,1.0,1.0,0.05,74,0.9070271850326096,9,2.916984809269046,16,0.21621621621621623,0.51,0.0,-0.4295210104000855,-0.6282709508497846,0.5298264580230528,False,1.7331193640298133,0.808884033386919,2.05773176276125e-11,
song,zipf,0.8,10,1,2011,true,1.0,1.0,0.05,23,0.9482085615857027,15,2.5259395356561987,12,0.5217391304347826,0.7,0.0,-0.07385893544088606,-0.2541532938459585,0.7993771321559097,False,-0.7734821011505294,1.7280131845569606,6.187597989537608e-09,
song,zipf,0.8,10,2,2012,discovered,1.0,1.0,0.05,95,0.8981811927415749,10,3.180397248224796,18,0.18947368421052632,0.62,0.0,0.004469465594674205,0.13676625859086786,0.8912155547196509,False,-15659.563286265096,83.3434627218253,2.2056428861105815e-06,
song,zipf,0.8,10,2,2012,true,1.0,1.0,0.05,24,0.9123665957238344,11,2.0832530906636832,19,0.7916666666666666,0.64,0.0,-0.08760894781391304,-0.23352047009303922,0.8153572760560251,False,-2.9444335345149737,2.5107992411344338,1.2143757999183435e-08,
song,zipf,0.8,10,3,2013,discovered,1.0,1.0,0.05,84,0.931413453382517,8,3.0465569229544314,18,0.21428571428571427,0.65,0.0,0.027252709112860707,0.5977315760992069,0.5500190527899558,False,-127126.56720741723,244.26479028716693,5.62516779609723e-05,
song,zipf,0.8,10,3,2013,true,1.0,1.0,0.05,24,0.9415868265535681,10,2.295697334529523,16,0.6666666666666666,0.63,0.0,0.04040917809292166,0.8649716859743304,0.3870543295381317,False,-202172.5921240449,389.74390057073987,8.149581208272139e-05,
song,zipf,0.8,10,4,2014,discovered,1.0,1.0,0.05,100,0.9298444566653126,1,1.5968389739527444,100,1.0,0.04,0.0,-1.3483293061401653,-0.7821952933272813,0.43409981015212096,False,-6.535719864756992,3.5351001920508844,1.2631517165573314e-08,
song,zipf,0.8,10,4,2014,true,1.0,1.0,0.05,24,0.9679716407137761,14,1.94944995574703,23,0.9583333333333334,0.59,0.0,-1.0080588243443613,-0.8648407594791092,0.387126196260157,False,2.45080689186815,1.3779337570652355,5.087485988042317e-12,
song,zipf,0.8,10,5,2015,discovered,1.0,1.0,0.05,119,0.8604260724233315,28,2.378214907799074,35,0.29411764705882354,0.89,0.0,-0.017070675405990166,-0.12681603870030267,0.8990860011844106,False,-21.145471680651923,4.31064919804521,0.00018131572394963769,
song,zipf,0.8,10,5,2015,true,1.0,1.0,0.05,24,0.9917674343942476,28,2.0127770264351725,24,1.0,0.8,0.0,-0.3877133845779106,-0.5727773431615294,0.5667954615928983,False,1.4698774859131043,1.8626072092579484,1.8566765902505722e-09,
song,zipf,0.8,10,6,2016,discovered,1.0,1.0,0.05,152,0.9492645617249734,1,1.625012255198178,152,1.0,0.13,0.0,-2.020060311695847,-1.0060166696579755,0.3144075513936154,False,-8.03213002834405,3.704673152617513,5.99800387135474e-09,
song,zipf,0.8,10,6,2016,true,1.0,1.0,0.05,24,0.9404272020529673,39,2.3742363495264835,16,0.6666666666666666,0.94,0.0,-0.04749173608102719,-0.21483139373085838,0.8298987756508789,False,-2.5642435678577336,2.338875872205392,1.7900421767080843e-07,
song,zipf,0.8,10,7,2017,discovered,1.0,1.0,0.05,142,0.941880106934036,1,1.6021497212181897,142,1.0,0.02,0.0,0.9116557725805663,0.709905259981751,0.47776288838994607,False,-129.26807856130935,13.465595760172048,0.003371116414939479,
song,zipf,0.8,10,7,2017,true,1.0,1.0,0.05,24,0.9844304327727433,36,2.0931321942804595,17,0.7083333333333334,0.59,0.0,-0.20361759293390813,-0.4406413157195157,0.659472687295523,False,1.1819716640626479,1.9040536317063383,6.832777899035136e-09,
song,zipf,0.8,11,0,2010,discovered,1.0,1.0,0.05,68,0.8917804805626929,1,2.162922793903756,68,1.0,0.34,0.0,-0.07125942225024517,-0.11919580322710434,0.9051202314863647,False,-23.39530496977503,4.108037129147094,4.801559612133133e-07,
song,zipf,0.8,11,0,2010,true,1.0,1.0,0.05,21,0.8077358716053961,8,2.5014803133801653,13,0.6190476190476191,0.34,0.0,-0.6395205574070335,-0.7397543258910393,0.4594490776631698,False,2.0309075904833636,0.8244335808775971,6.394884621840902e-13,
song,zipf,0.8,11,1,2011,discovered,1.0,1.0,0.05,70,0.9297431908910834,10,3.323129106457936,13,0.18571428571428572,0.83,0.0,0.011507158805260431,0.3497382025552174,0.7265351805761618,False,-109469.757989968,213.447088251699,2.973836126329843e-05,
song,zipf,0.8,11,1,2011,true,1.0,1.0,0.05,24,0.8884645462858678,16,2.518607899022337,11,0.4583333333333333,1.0,0.0,-0.035343817709208025,-0.20103454140733837,0.8406715652471319,False,-2.9630604794283846,2.117687494812227,7.439183491442236e-09,
song,zipf,0.8,11,2,2012,discovered,1.0,1.0,0.05,110,0.923442475389182,1,1.6841827562934824,110,1.0,0.0,0.0,-4.15177576151444,-1.6272380365804435,0.10368655224286451,False,-1.5364598504849238,2.056933278324421,1.1687006917782128e-10,
song,zipf,0.8,11,2,2012,true,1.0,1.0,0.05,23,0.9799832423285557,13,2.290932257890178,18,0.782608695652174,0.5,0.0,0.024704138577372525,0.6348240886404032,0.525543150813127,False,-100183.88239392788,275.6830855163912,4.21264949181932e-05,
song,zipf,0.8,11,3,2013,discovered,1.0,1.0,0.05,62,0.8800506485222968,9,2.2716523103461617,27,0.43548387096774194,0.59,0.0,-0.08155248942373827,-0.28327911612027434,0.7769628848220345,False,-5.639257546167989,2.657413484692123,9.458786109917128e-08,
song,zipf,0.8,11,3,2013,true,1.0,1.0,0.05,23,0.951584524001147,10,2.183648796859542,18,0.782608695652174,0.54,0.0,-0.4501978697897826,-0.5921985307837935,0.5537176531602703,False,1.4095834352791838,1.3652542981929394,1.7033130461641122e-10,
song,zipf,0.8,11,4,2014,discovered,1.0,1.0,0.05,105,0.9314982740215406,14,2.281993092322273,24,0.22857142857142856,0.8,0.0,-0.3367960021332266,-0.5911901685658992,0.5543930093534797,False,0.84618691929431,1.5448240265361297,3.10663494929031e-10,
song,zipf,0.8,11,4,2014,true,1.0,1.0,0.05,24,0.8742195010525319,24,2.1182108478418535,14,0.5833333333333334,0.59,0.0,-0.23509156707778267,-0.5021921759624832,0.6155323460339707,False,1.5737641980759958,1.6616617126919495,1.4597389963455498e-09,
song,zipf,0.8,11,5,2015,discovered,1.0,1.0,0.05,144,0.8720307900499046,5,1.845431895479316,82,0.5694444444444444,0.04,0.0,-4.4141799562302335,-1.8846698023454342,0.05947443179272665,False,1.5753188252770671,1.426769644108788,3.410605131648481e-11,
song,zipf,0.8,11,5,2015,true,1.0,1.0,0.05,24,0.9659301069102812,32,2.035701904651757,23,0.9583333333333334,0.88,0.0,-0.37109084210567733,-0.5851994371131586,0.5584136233373838,False,1.65617696874827,1.8196449552386256,1.7914771888172254e-09,
song,zipf,0.8,11,6,2016,discovered,1.0,1.0,0.05,169,0.9417042483909291,1,1.6685479037734936,169,1.0,0.05,0.0,-1.7332432583664978,-0.855890780618709,0.3920581949592117,False,-8.307610647826081,3.5943801957138652,2.0484606011450524e-08,
song,zipf,0.8,11,6,2016,true,1.0,1.0,0.05,24,0.9533151333814666,31,2.113425583527161,16,0.6666666666666666,0.98,0.0,-0.20017387151418387,-0.43346754564898443,0.6646751387766893,False,1.1871751827519312,1.8401115920188127,1.400590576849936e-08,
song,zipf,0.8,11,7,2017,discovered,1.0,1.0,0.05,110,0.9000580128134167,19,2.3846776969296117,26,0.23636363636363636,0.83,0.0,0.009764812126731748,0.2251551836018633,0.8218585525948009,False,-153.2772775238389,10.589699167887018,0.00024918248612948446,
song,zipf,0.8,11,7,2017,true,1.0,1.0,0.05,24,0.9781268318419153,33,2.0781379460301035,16,0.6666666666666666,0.36,0.0,-0.3529746626249253,-0.5622916044674526,0.5739173574820053,False,2.3924500578876224,1.5621526452163181,7.821938652341487e-10,
song,zipf,0.8,12,0,2010,discovered,1.0,1.0,0.05,66,0.9355847926370575,3,2.2406186924969957,28,0.42424242424242425,0.32,0.0,-1.1445679343296984,-1.0384058208728626,0.29908116073553415,False,0.7488999205355553,1.0655220712990738,5.968558980384842e-13,
song,zipf,0.8,12,0,2010,true,1.0,1.0,0.05,24,0.872185143966978,9,2.449818618391242,12,0.5,0.92,0.0,-0.036501218835701454,-0.20066242964331973,0.8409625389325046,False,-4.891161020293887,2.3593615291127272,5.787370582766016e-10,
song,zipf,0.8,12,1,2011,discovered,1.0,1.0,0.05,76,0.9209791810342168,5,2.2061472827776414,29,0.3815789473684211,0.03,0.0,-1.2289232433616322,-1.0551382281272077,0.29136211056536065,False,1.3342090285124248,1.0977185995635492,6.821210263296962e-13,
song,zipf,0.8,12,1,2011,true,1.0,1.0,0.05,23,0.8329730131682129,12,2.241144981761073,13,0.5652173913043478,0.94,0.0,-0.30450196758545633,-0.5439056381851836,0.586506408888643,False,1.5599826030746273,1.3297593438073683,4.405364961712621e-12,
song,zipf,0.8,12,2,2012,discovered,1.0,1.0,0.05,109,0.9297210642702363,1,1.6715328322800331,109,1.0,0.0,0.0,-7.769439252761158,-2.4307471894636463,0.015067724019899672,False,-0.16256957229804714,1.592745134045346,4.5417891669785604e-11,
song,zipf,0.8,12,2,2012,true,1.0,1.0,0.05,24,0.9707781828775545,8,2.006758125694632,23,0.9583333333333334,0.6,0.0,-0.2721410603273453,-0.5299776259509801,0.5961274436029105,False,-0.8591162119104752,2.1117246960591207,2.740840443493653e-08,
song,zipf,0.8,12,3,2013,discovered,1.0,1.0,0.05,86,0.9372529477295409,1,1.6034530530928535,86,1.0,0.0,0.0,-6.246095605797214,-2.020142782782118,0.043368579219424074,False,-0.23932364628442593,1.808168337244399,6.579625733138528e-11,
song,zipf,0.8,12,3,2013,true,1.0,1.0,0.05,22,0.9322849339743804,9,1.9447178622035808,18,0.8181818181818182,0.37,0.0,-0.7189157470788015,-0.7694293464026102,0.4416384727758853,False,1.8490505807687592,1.4366161148656384,2.992806003021542e-11,
song,zipf,0.8,12,4,2014,discovered,1.0,1.0,0.05,114,0.9753047514599966,1,1.656270141595911,114,1.0,0.25,0.0,-2.4504905953784064,-1.259231106027635,0.20794686921921401,False,-5.83717035959916,3.172444288725415,2.253500497317873e-09,
song,zipf,0.8,12,4,2014,true,1.0,1.0,0.05,24,0.9539381524959296,27,2.2251185434063783,18,0.75,0.92,0.0,0.0002827075109683719,0.0035911125823544967,0.9971347128729356,False,-30.735430414708652,5.3645576037840925,0.00038272519141457906,
song,zipf,0.8,12,5,2015,discovered,1.0,1.0,0.05,166,0.9255530188510225,1,1.5088986123671908,166,1.0,0.0,0.0,-6.607027773131454,-2.2058295216864163,0.027395938426692766,False,-2.39770177822032,2.913846037476922,5.416040949057788e-10,
song,zipf,0.8,12,5,2015,true,1.0,1.0,0.05,24,0.9835148374516551,47,2.216162357341649,17,0.7083333333333334,0.93,0.0,-0.06313743806454575,-0.24042787546314767,0.8099985703678283,False,-2.1611596174368977,2.4798609579340773,1.8655229894193326e-06,
song,zipf,0.8,12,6,2016,discovered,1.0,1.0,0.05,139,0.9612664442372764,3,1.7735208330939414,82,0.5899280575539568,0.06,0.0,-0.47680041956702013,-0.4306369196035217,0.6667323920171262,False,-6.3551480659837285,3.403456610076637,1.8640037069417303e-08,
song,zipf,0.8,12,6,2016,true,1.0,1.0,0.05,24,0.9709062979807204,55,2.069196124637972,11,0.4583333333333333,0.78,0.0,-0.284119155024924,-0.5044184632688513,0.6139673462534474,False,3.1812772655412753,1.4859780002691618,3.918586344298092e-09,
song,zipf,0.8,12,7,2017,discovered,1.0,1.0,0.05,116,0.9072077734723607,30,2.7080528567740876,21,0.1810344827586207,0.51,0.0,0.005399487471818176,0.3216799093900904,0.7476951995020558,False,-61617.031653695616,188.96118489126243,2.2382353563443758e-05,
song,zipf,0.8,12,7,2017,true,1.0,1.0,0.05,24,0.9840160966397674,61,2.3899569466152744,10,0.4166666666666667,0.88,0.0,-0.010502439159500554,-0.10196781461895166,0.9187822221037654,False,-7.866653827649263,3.0914941782291114,2.3290395432695732e-05,
song,zipf,0.8,13,0,2010,discovered,1.0,1.0,0.05,55,0.9571793548409415,2,2.2057767144033273,26,0.4727272727272727,0.57,0.0,0.02837100451810004,0.11780120229402251,0.9062251768894198,False,-1059.2301291409012,27.779761043187307,4.683957854467735e-06,
song,zipf,0.8,13,0,2010,true,1.0,1.0,0.05,18,0.941299008547885,2,1.6597356274909294,18,1.0,0.65,0.0,-0.6761550248188577,-0.6540077046975912,0.5131068417807889,False,-0.24335774005826558,2.08396465143722,1.398866800172982e-09,
song,zipf,0.8,13,1,2011,discovered,1.0,1.0,0.05,89,0.9492676491989545,1,1.83984034022961,89,1.0,0.42,0.0,-1.8930228932919413,-1.1758791138115128,0.23964318618637293,False,-3.3482458408534335,2.201290693090106,2.4893438421713654e-09,
song,zipf,0.8,13,1,2011,true,1.0,1.0,0.05,23,0.8996405517004691,8,2.1302678324663638,18,0.782608695652174,0.94,0.0,-0.2185674539588316,-0.44816891922041147,0.6540312919278715,False,-0.5650463771974485,1.8848207306254319,6.636469151999336e-12,
song,zipf,0.8,13,2,2012,discovered,1.0,1.0,0.05,116,0.9221121201018833,2,1.8101242429126894,72,0.6206896551724138,0.04,0.0,-2.906783433160638,-1.530443664637885,0.12590694784945758,False,-0.02426774919004246,1.6650034838519499,3.325340003357269e-12,
song,zipf,0.8,13,2,2012,true,1.0,1.0,0.05,24,0.9686103651832316,11,1.9547998661350041,21,0.875,0.51,0.0,-0.8360949142818241,-0.857238865280451,0.39131288731813907,False,2.06050489660638,1.4250311987493738,2.4627411221445072e-11,
song,zipf,0.8,13,3,2013,discovered,1.0,1.0,0.05,93,0.9330431166062451,1,1.6867101868676655,93,1.0,0.02,0.0,-5.441297858990475,-2.0218286164566273,0.04319406034541204,False,-0.5249625257940183,1.7042456383165567,1.3017142919125035e-11,
song,zipf,0.8,13,3,2013,true,1.0,1.0,0.05,24,0.9165235696439962,10,2.067940315838119,19,0.7916666666666666,0.95,0.0,-0.200185641956665,-0.4224183313999709,0.6727196999263125,False,-0.6987637358411942,2.052238740080023,1.5618468296452193e-08,
song,zipf,0.8,13,4,2014,discovered,1.0,1.0,0.05,134,0.9521901882785384,1,1.7130958932179865,134,1.0,0.2,0.0,-1.680792312202744,-0.9457715952106299,0.34426509634557245,False,-7.55789035424221,3.318781595785238,6.403411134670023e-10,
song,zipf,0.8,13,4,2014,true,1.0,1.0,0.05,24,0.9617631053027981,16,1.9987766603847714,19,0.7916666666666666,0.49,0.0,-0.46969554712835304,-0.6166429623540663,0.5374702503533941,False,1.7591049866587953,1.6188527278615064,1.1110046216344927e-10,
song,zipf,0.8,13,5,2015,discovered,1.0,1.0,0.05,115,0.8433565626540838,37,2.448451718623346,30,0.2608695652173913,0.22,0.0,-0.5460800916333333,-0.6004997777334218,0.5481732089747728,False,2.516019293100264,1.2448719150911909,8.810729923425242e-13,
song,zipf,0.8,13,5,2015,true,1.0,1.0,0.05,24,0.9881641346157043,39,2.0671204341292135,23,0.9583333333333334,0.55,0.0,-0.17052146520443356,-0.3776993973243237,0.7056539155622736,False,-0.2474349571221532,2.2797956593899076,2.109606640487982e-07,
song,zipf,0.8,13,6,2016,discovered,1.0,1.0,0.05,159,0.9359501925466653,1,1.5925833678285677,159,1.0,0.06,0.0,-2.989245958462865,-1.3971084493900183,0.1623809613472974,False,-6.059854572308559,3.4524621831699593,3.166348960803589e-09,
song,zipf,0.8,13,6,2016,true,1.0,1.0,0.05,24,0.9887077431539992,36,2.172269258969651,17,0.7083333333333334,0.67,0.0,-0.06012656747041856,-0.23727984611472522,0.812439696171826,False,-2.8727101932577734,2.6065539957160135,3.765640883557353e-07,
song,zipf,0.8,13,7,2017,discovered,1.0,1.0,0.05,147,0.9251860891045248,1,1.6141631696250605,147,1.0,0.04,0.0,0.057629040941865384,0.03463099117294441,0.97237398893288,False,-17.03924000046658,5.129765744313174,1.0830588053067913e-06,
song,zipf,0.8,13,7,2017,true,1.0,1.0,0.05,24,0.9941499103706272,22,2.1182779173135833,22,0.9166666666666666,0.98,0.0,-0.11558858824638385,-0.3343950360378189,0.7380814847074166,False,-2.1138489608140407,2.4546346011695723,2.2627206419656432e-07,
song,zipf,0.8,14,0,2010,discovered,1.0,1.0,0.05,67,0.9321961352628226,3,2.339792788003521,25,0.373134328358209,0.32,0.0,-0.2923524009604228,-0.46360583716771214,0.6429301715192907,False,-1.39883368733354,1.5879881279683674,1.292946194553224e-09,
song,zipf,0.8,14,0,2010,true,1.0,1.0,0.05,22,0.958289541320338,9,2.51899319174596,12,0.5454545454545454,0.92,0.0,0.019522888782929293,0.49164014657622607,0.6229737573078057,False,-105065.33979746376,258.76987222850767,2.2242030354391318e-05,
song,zipf,0.8,14,1,2011,discovered,1.0,1.0,0.05,67,0.9721700007222537,7,2.135489214243161,18,0.26865671641791045,0.62,0.0,0.010344404205897106,0.07466118718134053,0.9404842895863349,False,-27.88617142501797,5.167668889119606,1.8787202790804258e-05,
song,zipf,0.8,14,1,2011,true,1.0,1.0,0.05,23,0.9544410350844648,9,2.0877494600092232,18,0.782608695652174,0.51,0.0,-0.66913375382547,-0.6968746516236876,0.48588124249288267,False,1.8177506925628455,1.2759004937517529,2.2311041902867146e-12,
song,zipf,0.8,14,2,2012,discovered,1.0,1.0,0.05,105,0.8839961317409049,1,1.6023731778361512,105,1.0,0.0,0.0,-5.69048253090145,-1.9113490764672634,0.055959736186646375,False,-0.6498389900976067,1.9807342231689247,2.8421709430404007e-13,
song,zipf,0.8,14,2,2012,true,1.0,1.0,0.05,24,0.9157353556845158,13,2.2390214558388193,19,0.7916666666666666,0.39,0.0,-0.04587404130420625,-0.182984577937036,0.8548101193343259,False,-5.496549228800056,2.7460045131381543,3.8310558636567293e-07,
song,zipf,0.8,14,3,2013,discovered,1.0,1.0,0.05,97,0.9662145276111898,1,1.797570752968848,97,1.0,0.65,0.0,-0.5086772607274539,-0.49910757869120354,0.6177035987839705,False,-128.96301495417188,11.504228427235368,0.0025167655537075007,
song,zipf,0.8,14,3,2013,true,1.0,1.0,0.05,24,0.9164906850231408,5,1.7349922497923962,22,0.9166666666666666,0.01,0.0,-2.809679944859262,-1.381275524836403,0.16719426065328935,False,2.4729746551067877,1.1311388256878316,5.215383680479135e-12,
song,zipf,0.8,14,4,2014,discovered,1.0,1.0,0.05,127,0.9510244113759444,1,1.6240567047009067,127,1.0,0.2,0.0,-1.9577558991402275,-1.0367810652989384,0.2998379018806385,False,-7.114589957251733,3.538275436654164,1.2750547284667846e-08,
song,zipf,0.8,14,4,2014,true,1.0,1.0,0.05,24,0.9736518851618328,20,2.184870929684421,22,0.9166666666666666,0.62,0.0,-0.06346397092802736,-0.22626389696152227,0.8209961763218141,False,-4.396675854593545,2.7290952805263298,1.8967031678585045e-07,
song,zipf,0.8,14,5,2015,discovered,1.0,1.0,0.05,147,0.9146723837046135,3,1.6084359774747,98,0.6666666666666666,0.11,0.0,-6.0482559543369465,-2.2199036009346176,0.02642531203044769,False,1.1455302073124645,1.9007500254244556,4.246203388902359e-11,
song,zipf,0.8,14,5,2015,true,1.0,1.0,0.05,24,0.9927746850658011,73,2.26579237750667,15,0.625,0.75,0.0,-0.07450963617040429,-0.28321641009728504,0.7770109496894471,False,-0.3344652139568979,2.1845663014985823,2.2377007269369642e-07,
song,zipf,0.8,14,6,2016,discovered,1.0,1.0,0.05,162,0.9548020132683684,2,1.7162502936066777,103,0.6358024691358025,0.04,0.0,-3.00182500015827,-1.4708482889277916,0.14133214991254078,False,-1.0776809286592708,2.2065675607429514,4.121147867408581e-11,
song,zipf,0.8,14,6,2016,true,1.0,1.0,0.05,24,0.9764409775818045,42,2.1484659298883235,17,0.7083333333333334,0.76,0.0,-0.29177499326788947,-0.5406210780476821,0.5887687864936859,False,2.2407380836896547,1.605214406214071,2.4477799343003426e-08,
song,zipf,0.8,14,7,2017,discovered,1.0,1.0,0.05,132,0.90580655231723,2,1.6015981424174117,98,0.7424242424242424,0.01,0.0,-7.083490569526441,-2.234624516486992,0.02544200992400477,False,0.8924949424499,1.7858755983916181,6.991740519879386e-12,
song,zipf,0.8,14,7,2017,true,1.0,1.0,0.05,24,0.984121032945649,43,2.161895462282863,13,0.5416666666666666,0.8,0.0,-0.15156108761763942,-0.38132487716379676,0.7029621963644654,False,1.4481444043185117,1.8058565287917239,1.88360615993588e-09,
song,zipf,0.8,15,0,2010,discovered,1.0,1.0,0.05,58,0.8145986505046624,7,5.030935761597786,12,0.20689655172413793,0.8,0.0,-0.01274753203113832,-0.11634350619557865,0.9073803067447912,False,-2.8934759424834104,1.1164934873756025,4.1600145550546586e-10,
song,zipf,0.8,15,0,2010,true,1.0,1.0,0.05,21,0.8787076273151334,5,2.323386442231644,19,0.9047619047619048,0.43,0.0,0.02394411947636277,0.2863698174366249,0.7745948893104688,False,-112385.98246497221,283.3683020964675,3.123544502159348e-05,
song,zipf,0.8,15,1,2011,discovered,1.0,1.0,0.05,87,0.9414124880956004,1,1.8391059301911947,87,1.0,0.04,0.0,-0.4693754126672287,-0.4216727837720476,0.6732638724966125,False,-13.854319832596353,3.87853944651101,4.883730753135751e-09,
song,zipf,0.8,15,1,2011,true,1.0,1.0,0.05,24,0.830844393171006,6,1.8976245267192362,20,0.8333333333333334,0.06,0.0,-1.0602105851523436,-0.9826823825221472,0.3257637841095087,False,1.7568679361960187,1.354065675396992,2.964384293591138e-11,
song,zipf,0.8,15,2,2012,discovered,1.0,1.0,0.05,118,0.9201192097402991,1,1.7830499780600182,118,1.0,0.16,0.0,-2.769563406203318,-1.453038258494512,0.1462131318492367,False,-2.9316393199936917,2.21452292518706,1.1040128811146133e-09,
song,zipf,0.8,15,2,2012,true,1.0,1.0,0.05,24,0.9752284550178864,16,2.261326296708603,17,0.7083333333333334,0.83,0.0,-0.025203440026823287,-0.15596771573955304,0.8760584688606852,False,-8.447514568024511,3.1458248705642347,9.633595254854299e-09,
song,zipf,0.8,15,3,2013,discovered,1.0,1.0,0.05,108,0.9252834547362574,1,1.8277547140466084,108,1.0,0.1,0.0,-0.03501328172906193,-0.031932789940305656,0.9745256493757647,False,-21.182494677910867,4.740248124361982,2.8152754794064094e-08,
song,zipf,0.8,15,3,2013,true,1.0,1.0,0.05,24,0.8832275720270858,11,2.1758574939356605,16,0.6666666666666666,0.44,0.0,-0.5950062212769112,-0.7441961151485234,0.45675783795605507,False,2.0419730610131728,1.1866667175230377,5.4797055781818926e-11,
song,zipf,0.8,15,4,2014,discovered,1.0,1.0,0.05,136,0.9481941820748643,1,1.6208289081414493,136,1.0,0.04,0.0,-4.799979339157783,-1.699120049784936,0.08929656636890548,False,-2.429749973573374,2.4918954056232065,1.1945076039410196e-09,
song,zipf,0.8,15,4,2014,true,1.0,1.0,0.05,24,0.9611809309580049,28,2.0834543208121925,10,0.4166666666666667,0.61,0.0,-0.18646693123776847,-0.39458230564201824,0.693151174174377,False,1.927463387793896,1.6455286531477946,5.542730718843814e-10,
song,zipf,0.8,15,5,2015,discovered,1.0,1.0,0.05,145,0.8979243949302799,5,1.7864281080476037,82,0.5655172413793104,0.12,0.0,-3.537923612358065,-1.7672424236170752,0.07718763769625439,False,1.2217361159703737,1.68514622702223,3.851710062008351e-10,
song,zipf,0.8,15,5,2015,true,1.0,1.0,0.05,24,0.981823419905634,85,2.200195890807387,11,0.4583333333333333,0.93,0.0,-0.07994564897171674,-0.25398200580736985,0.7995094596725891,False,0.9640357724317394,2.031844605127783,2.685276001557213e-08,
song,zipf,0.8,15,6,2016,discovered,1.0,1.0,0.05,142,0.9362087088012663,1,1.5337168467559428,142,1.0,0.0,0.0,-7.376674720992337,-2.326712602657247,0.01998056664815663,False,-1.2956715656673974,2.452698138357547,1.402554516971577e-09,
song,zipf,0.8,15,6,2016,true,1.0,1.0,0.05,24,0.966654283458516,28,2.146975279937122,20,0.8333333333333334,0.54,0.0,-0.09781285495839098,-0.293348204913395,0.7692560112218071,False,-1.7768237734867476,2.4033777524986464,1.4526193581332336e-07,
song,zipf,0.8,15,7,2017,discovered,1.0,1.0,0.05,164,0.9306464458196919,23,2.5816533419181646,24,0.14634146341463414,0.7,0.0,0.004602358509032456,0.06824471279614605,0.9455908342492885,False,-37.87873610393356,5.134294137467905,8.94206789467944e-05,
song,zipf,0.8,15,7,2017,true,1.0,1.0,0.05,24,0.9745632068813631,40,2.2211611542259795,19,0.7916666666666666,0.99,0.0,-0.021076489238019747,-0.13830574418748232,0.8899987859361037,False,-9.458219525674906,3.457823227064734,1.951765726460053e-05,
song,zipf,0.8,16,0,2010,discovered,1.0,1.0,0.05,67,0.8796905941007804,1,1.7834765248376199,67,1.0,0.0,0.0,-3.9416754633715856,-1.6743676757860282,0.09405836148210414,False,-0.2537600327376472,1.4062379209175642,6.622258297284134e-12,
song,zipf,0.8,16,0,2010,true,1.0,1.0,0.05,22,0.8436727763058828,8,2.6328931382797864,15,0.6818181818181818,0.97,0.0,0.0043848496259695224,0.08849479604438241,0.9294834202684931,False,-15539.41437541655,95.71274600027422,4.079556674696505e-06,
song,zipf,0.8,16,1,2011,discovered,1.0,1.0,0.05,66,0.8753390055530309,1,1.6624602434978462,66,1.0,0.0,0.0,-4.489112673874115,-1.739625729561905,0.08192475830744038,False,-0.12062812991987239,1.6000394627620131,6.16751094639767e-12,
song,zipf,0.8,16,1,2011,true,1.0,1.0,0.05,22,0.8827114876841334,8,2.2528093642278417,16,0.7272727272727273,0.86,0.0,-0.001487065603217097,-0.01459247127746647,0.9883573056648616,False,-28.356563222916627,4.962691256604952,0.0001863856360984073,
song,zipf,0.8,16,2,2012,discovered,1.0,1.0,0.05,129,0.9468208355124719,1,1.7741431925334195,129,1.0,0.19,0.0,-0.7264613009689667,-0.5155172116492288,0.6061916454040747,False,-13.296437718465864,3.9962393525620645,3.4208369470434263e-10,
song,zipf,0.8,16,2,2012,true,1.0,1.0,0.05,24,0.8992178845581364,15,1.9152652616176946,18,0.75,0.31,0.0,-1.4127316423346774,-1.0412025993858964,0.2977815295771782,False,3.1387914376362964,1.125583336991466,1.404032445861958e-11,
song,zipf,0.8,16,3,2013,discovered,1.0,1.0,0.05,87,0.9158269080286765,1,1.6290656918599715,87,1.0,0.0,0.0,-5.0748501814415565,-1.8282606566334312,0.06751044148290639,False,-0.5410855776466025,1.8587592990613766,8.347456059709657e-11,
song,zipf,0.8,16,3,2013,true,1.0,1.0,0.05,24,0.9408440104863751,10,2.2159987495990867,18,0.75,0.41,0.0,-0.12943696480105338,-0.3558033849929068,0.7219878139077693,False,-1.5726610808037589,2.0632082739174633,1.1268070920777973e-09,
song,zipf,0.8,16,4,2014,discovered,1.0,1.0,0.05,135,0.9263509775111276,1,1.6186335569934898,135,1.0,0.0,0.0,-6.009910888425129,-2.087258684769574,0.03686475727086265,False,-1.4178954955357104,2.196686976770143,8.378719940083101e-11,
song,zipf,0.8,16,4,2014,true,1.0,1.0,0.05,24,0.8417563721615217,44,2.5777268200298913,13,0.5416666666666666,0.41,0.0,0.0031155607452486578,0.37856133557948485,0.7050136385130066,False,-27493.19284320633,131.57227197580806,1.3368940926739015e-05,
song,zipf,0.8,16,5,2015,discovered,1.0,1.0,0.05,142,0.9163557614248136,2,1.5913288852609562,109,0.7676056338028169,0.0,0.0,-5.682535089179748,-1.8541965633716828,0.06371104358590515,False,0.26674743216047136,2.0988758576010245,7.808012014720589e-10,
song,zipf,0.8,16,5,2015,true,1.0,1.0,0.05,24,0.9680463923937337,78,2.355597579623035,10,0.4166666666666667,0.35,0.0,-0.041183793090211473,-0.19476939993811876,0.8455734788000514,False,-0.5701799460330261,2.1484011641686003,6.28846521522064e-08,
song,zipf,0.8,16,6,2016,discovered,1.0,1.0,0.05,112,0.8844075178795144,1,1.4561685562814135,112,1.0,0.01,0.0,-7.578263527844569,-2.2803082137164625,0.022589414999170693,False,-0.37685172053019905,2.475367221052341,8.094502845779061e-11,
song,zipf,0.8,16,6,2016,true,1.0,1.0,0.05,24,0.8688286003816329,33,2.1514203544864845,18,0.75,0.99,0.0,-0.10713390764064146,-0.3136472891163893,0.7537889390120531,False,-0.92237948222665,2.2702188173232147,1.9604456724664487e-08,
song,zipf,0.8,16,7,2017,discovered,1.0,1.0,0.05,142,0.9466987560067632,2,1.7044646067774754,96,0.676056338028169,0.27,0.0,-2.360436551704803,-1.2970988174512736,0.19459718837037887,False,-1.5321954539666338,2.3696379095910367,1.6113403944473248e-09,
song,zipf,0.8,16,7,2017,true,1.0,1.0,0.05,24,0.9826230907450005,28,2.1446920323965153,23,0.9583333333333334,0.5,0.0,-0.08169680185793471,-0.27325576794076084,0.7846566138893337,False,-3.456691403151936,2.694908879432763,6.923542628101131e-08,
song,zipf,0.8,17,0,2010,discovered,1.0,1.0,0.05,58,0.9256396614280781,1,1.8987709231222691,58,1.0,0.28,0.0,-0.512264843318049,-0.5184421370069933,0.6041498217512785,False,-6.779417805624236,2.7447982413329792,1.2993126574656344e-09,
song,zipf,0.8,17,0,2010,true,1.0,1.0,0.05,23,0.873280214503989,4,1.9138219366885976,19,0.8260869565217391,0.36,0.0,-1.2817227282795158,-0.8887331719114947,0.3741464989353731,False,1.5995735423527118,1.1849916844234427,1.6910917111090384e-12,
song,zipf,0.8,17,1,2011,discovered,1.0,1.0,0.05,72,0.9440189822879408,1,1.6721149724678313,72,1.0,0.07,0.0,-2.7294566598528482,-1.276499310918456,0.20177907024243402,False,-1.7444620581994743,2.149133406025147,2.82170731225051e-10,
song,zipf,0.8,17,1,2011,true,1.0,1.0,0.05,23,0.8508349297451159,15,2.4946125353976814,11,0.4782608695652174,0.78,0.0,-0.0659430804997525,-0.24046330035638472,0.8099711107528591,False,-0.7190664702101932,1.7404117960172765,1.0972584618684778e-08,
song,zipf,0.8,17,2,2012,discovered,1.0,1.0,0.05,108,0.9593792548447002,2,1.834141352073296,69,0.6388888888888888,0.45,0.0,-0.4519571564765772,-0.4487125527024081,0.653639028209658,False,-5.775596254637165,3.000497377302953,4.676707021644688e-09,
song,zipf,0.8,17,2,2012,true,1.0,1.0,0.05,24,0.9593041279712049,13,2.056772492127608,20,0.8333333333333334,0.03,0.0,-0.06391214485234764,-0.20694727922871745,0.8360510321748981,False,-4.5453436644956025,2.862216171877555,2.230645606005055e-07,
song,zipf,0.8,17,3,2013,discovered,1.0,1.0,0.05,93,0.9407179755666523,1,1.8682148097447635,93,1.0,0.51,0.0,0.008218168086832067,0.009646937316229412,0.9923029770417199,False,-56.306217433375636,7.33461510093911,0.00011140626020278432,
song,zipf,0.8,17,3,2013,true,1.0,1.0,0.05,24,0.878494101505081,14,2.3973355481847256,17,0.7083333333333334,0.84,0.0,-0.061295875565639424,-0.22623150252709104,0.8210213702058411,False,-2.9954721348617763,2.2046941770659756,4.458038915799989e-08,
song,zipf,0.8,17,4,2014,discovered,1.0,1.0,0.05,119,0.903842583521508,3,1.876590834233845,68,0.5714285714285714,0.01,0.0,-3.058714275564787,-1.5334594554718766,0.12516268911095177,False,0.7401644716693762,1.4694113174338819,4.831690603168681e-13,
song,zipf,0.8,17,4,2014,true,1.0,1.0,0.05,24,0.9739600580182883,19,2.1758607931271197,22,0.9166666666666666,0.53,0.0,-0.004186847363647939,-0.039284063658513786,0.9686639121669591,False,-23.754204091691356,4.874005277197718,0.0005909600946978344,
song,zipf,0.8,17,5,2015,discovered,1.0,1.0,0.05,144,0.9312767471261535,1,1.5118236836466914,144,1.0,0.0,0.0,-3.889120564166028,-1.3907652196439884,0.1642966330917206,False,-3.55934676360428,3.2290403753899266,3.259924596932251e-08,
song,zipf,0.8,17,5,2015,true,1.0,1.0,0.05,24,0.9760221567320397,39,2.1397889906001937,23,0.9583333333333334,0.83,0.0,-0.042770343701787894,-0.1950911316410996,0.8453216051138502,False,-6.502695837295815,3.2081617555139337,3.7197949609435454e-08,
song,zipf,0.8,17,6,2016,discovered,1.0,1.0,0.05,140,0.9426156487535453,4,1.8025687127961618,64,0.45714285714285713,0.39,0.0,-0.974246603499966,-0.8612366830333985,0.3891077002415585,False,-1.4470616724274286,2.396975625157914,1.6592309748375556e-09,
song,zipf,0.8,17,6,2016,true,1.0,1.0,0.05,24,0.9254964769334024,24,1.8936192353656767,21,0.875,0.06,0.0,-0.8780076943151984,-0.7647879412401098,0.4443978295490707,False,2.95255103244879,1.4860996701534144,1.065089350049675e-09,
song,zipf,0.8,17,7,2017,discovered,1.0,1.0,0.05,162,0.9162519666492867,4,1.7684769439365164,81,0.5,0.03,0.0,-4.602378593781139,-1.911569115750613,0.05593148383196269,False,1.3784281998169754,1.5415669936195528,1.2505552149377763e-11,
song,zipf,0.8,17,7,2017,true,1.0,1.0,0.05,24,0.9915715647347622,56,2.3738755068598127,17,0.7083333333333334,1.0,0.0,0.0006391961642515653,0.016144491692233004,0.987119118894564,False,-52.31926685453463,6.468305956747185,0.0012205506574360925,
song,zipf,0.8,18,0,2010,discovered,1.0,1.0,0.05,60,0.9059596391408832,2,2.974167540506349,23,0.38333333333333336,0.17,0.0,-0.0265415845935697,-0.13762877439273677,0.8905338132512248,False,-11.209243646622355,2.366094601527675,4.3434056351543404e-10,
song,zipf,0.8,18,0,2010,true,1.0,1.0,0.05,23,0.9599012596036881,3,1.9562901843023943,19,0.8260869565217391,0.38,0.0,-0.16971877463148077,-0.4001791492740129,0.6890245708511653,False,-5.725053167697473,2.8750623848826753,1.0947545092676592e-08,
song,zipf,0.8,18,1,2011,discovered,1.0,1.0,0.05,106,0.9553087350099416,1,1.7989990519791292,106,1.0,0.33,0.0,-1.5557718284498465,-0.9842431513965071,0.32499597358945176,False,-5.913184737959294,2.799808579025155,5.9505367744350224e-08,
song,zipf,0.8,18,1,2011,true,1.0,1.0,0.05,24,0.9189662965798971,7,1.867628793458762,20,0.8333333333333334,0.36,0.0,-0.9800991370572558,-0.8643495080532387,0.3873959211027528,False,1.8346861004281363,1.4435724065380813,4.118305696465541e-11,
song,zipf,0.8,18,2,2012,discovered,1.0,1.0,0.05,106,0.910903921906615,1,1.7068433494516697,106,1.0,0.03,0.0,-1.1487504580328016,-0.6867543035493915,0.492237570444676,False,-6.153899206821633,3.0848186038586505,4.279172571841627e-09,
song,zipf,0.8,18,2,2012,true,1.0,1.0,0.05,24,0.9283493466574632,14,2.0978474327882943,14,0.5833333333333334,0.95,0.0,-0.17259773818543866,-0.428539819045123,0.6682581496858457,False,0.23719135232299454,1.883254464787471,1.4492016475742275e-09,
song,zipf,0.8,18,3,2013,discovered,1.0,1.0,0.05,91,0.9321697474675472,2,1.9008898274566322,61,0.6703296703296703,0.24,0.0,-2.112325755536373,-1.402529803195997,0.16075709718689257,False,-0.3102586764697791,1.6129975087323818,1.2505552149377763e-12,
song,zipf,0.8,18,3,2013,true,1.0,1.0,0.05,24,0.9218827834978393,20,2.520229194182778,14,0.5833333333333334,0.59,0.0,0.0068725321672582496,0.3479633392924338,0.7278677160341075,False,-56861.51361905136,191.9848576488357,1.4055831343284808e-05,
song,zipf,0.8,18,4,2014,discovered,1.0,1.0,0.05,121,0.969467041902804,2,1.7787119700804073,75,0.6198347107438017,0.16,0.0,-0.49296621673791363,-0.45511965309257046,0.6490231598267995,False,-6.7665840289552435,3.3149461420384587,1.337524224709341e-07,
song,zipf,0.8,18,4,2014,true,1.0,1.0,0.05,24,0.8896092776322703,29,2.168595743569364,13,0.5416666666666666,0.67,0.0,-0.1774609947249557,-0.3632492889346185,0.7164186712698765,False,1.432072272524336,1.6998362172553096,2.2031088064977666e-10,
song,zipf,0.8,18,5,2015,discovered,1.0,1.0,0.05,158,0.9321063866703362,2,1.6560343088571472,116,0.7341772151898734,0.14,0.0,-3.545427901982227,-1.6954357896042729,0.08999278139774396,False,-1.0807286787370372,2.3690911852166265,7.250378075696062e-10,
song,zipf,0.8,18,5,2015,true,1.0,1.0,0.05,24,0.9901409731780149,27,1.962489144850714,24,1.0,0.93,0.0,-0.5336889060955197,-0.6423396711687274,0.5206526614119253,False,2.0570365303282734,1.7487093094321937,9.370921816298505e-10,
song,zipf,0.8,18,6,2016,discovered,1.0,1.0,0.05,138,0.9692624310984213,5,1.8680530423378814,51,0.3695652173913043,0.11,0.0,-0.29271001369250893,-0.4607897154920295,0.6449494810597756,False,-6.195601365734243,3.2859472509143344,2.0670060507654853e-07,
song,zipf,0.8,18,6,2016,true,1.0,1.0,0.05,24,0.9642375242227003,24,1.9998269069839507,20,0.8333333333333334,0.7,0.0,-0.3237277074513214,-0.4920605063541457,0.6226765704093424,False,1.3221387161463656,1.876464623381078,6.716433631481777e-09,
song,zipf,0.8,18,7,2017,discovered,1.0,1.0,0.05,128,0.9190419635351381,1,1.5040536253859387,128,1.0,0.04,0.0,-4.065436004168185,-1.6752490390964585,0.09388537955632555,False,-3.3305047135488937,3.2037753871894137,6.393747753463686e-10,
song,zipf,0.8,18,7,2017,true,1.0,1.0,0.05,24,0.9870436791343091,57,2.412205782284266,11,0.4583333333333333,0.86,0.0,-0.011702911479755329,-0.10150162175034207,0.9191522702386976,False,-7.51815785289977,3.015619339150733,4.737780179908668e-05,
song,zipf,0.8,19,0,2010,discovered,1.0,1.0,0.05,53,0.9348058479668706,1,1.7768666560355442,53,1.0,0.05,0.0,-0.6638080558415519,-0.618245794628272,0.5364133271631271,False,-6.068126822445805,2.881697416018997,1.1111083608739136e-08,
song,zipf,0.8,19,0,2010,true,1.0,1.0,0.05,23,0.8538672450912951,4,1.9490414593767063,17,0.7391304347826086,0.21,0.0,-1.1878537227607429,-1.0508891001434555,0.29330952706542557,False,1.5947949312907586,1.1367286855497731,2.6219026949547697e-12,
song,zipf,0.8,19,1,2011,discovered,1.0,1.0,0.05,82,0.924438770870663,1,1.7109442394673415,82,1.0,0.18,0.0,-3.023598444565545,-1.4992275879054855,0.1338146003865388,False,-1.6534452127303196,2.027848671991165,5.3887561080046e-11,
song,zipf,0.8,19,1,2011,true,1.0,1.0,0.05,22,0.9201804701984995,14,2.4680338481944704,13,0.5909090909090909,0.93,0.0,-0.1155519514143375,-0.3467080295972803,0.7288106772382921,False,0.015809484254373868,1.5949334973857572,2.1573782760242466e-09,
song,zipf,0.8,19,2,2012,discovered,1.0,1.0,0.05,104,0.9591385961977181,1,1.676974729059795,104,1.0,0.27,0.0,-2.004553881852118,-1.1570894085955714,0.24723583343830058,False,-5.554698539545549,3.0518435918049764,3.527037506501074e-08,
song,zipf,0.8,19,2,2012,true,1.0,1.0,0.05,24,0.8116553162393448,12,2.0689503173551014,18,0.75,0.56,0.0,-0.3473351519228842,-0.6192808894056802,0.5357313318013037,False,0.9919573238489314,1.6717457639807665,8.469527301713242e-10,
song,zipf,0.8,19,3,2013,discovered,1.0,1.0,0.05,87,0.9317022855209628,5,2.0421217482337304,34,0.39080459770114945,0.31,0.0,-1.2776532244487528,-1.0554704545632019,0.29121021521579804,False,1.1476211974837698,1.3298064184651706,1.1127099242003169e-11,
song,zipf,0.8,19,3,2013,true,1.0,1.0,0.05,24,0.9138417903869972,7,1.97620745526074,22,0.9166666666666666,0.15,0.0,-0.765370659044815,-0.8479604311000463,0.39646000760032507,False,1.368512815068509,1.4708839010244696,3.481659405224491e-12,
song,zipf,0.8,19,4,2014,discovered,1.0,1.0,0.05,81,0.8878314544941394,7,1.8396145514702515,43,0.5308641975308642,0.34,0.0,-1.9392183890302528,-1.2939059022447292,0.19569792554119936,False,1.6941877150782358,1.5504467548337182,4.831690603168681e-11,
song,zipf,0.8,19,4,2014,true,1.0,1.0,0.05,24,0.9800249506594273,17,2.068597413286581,20,0.8333333333333334,1.0,0.0,-0.23753274366092247,-0.4790452530914727,0.631906435677682,False,0.2811568015910195,1.96020203879637,9.475797924096696e-11,
song,zipf,0.8,19,5,2015,discovered,1.0,1.0,0.05,144,0.9259048903113507,2,1.5454385772038488,107,0.7430555555555556,0.0,0.0,-6.521071939137428,-2.1840753865125615,0.028956708989902536,False,0.5513665388439843,2.148344124572369,1.4711076801177114e-09,
song,zipf,0.8,19,5,2015,true,1.0,1.0,0.05,24,0.9780949681537743,35,2.1039018732160764,20,0.8333333333333334,0.84,0.0,-0.15952741921269897,-0.3808354919323059,0.7033253215211462,False,0.0020259245710657304,2.154522496955166,1.3040562407695688e-08,
song,zipf,0.8,19,6,2016,discovered,1.0,1.0,0.05,133,0.9376397178186235,27,2.4448400256735754,18,0.13533834586466165,0.41,0.0,-0.04329351155220884,-0.23737173101472692,0.8123684184665952,False,-3.722762072034574,2.3842078425476028,5.380758238970884e-08,
song,zipf,0.8,19,6,2016,true,1.0,1.0,0.05,24,0.9722675112215501,31,2.1387088576432514,18,0.75,0.84,0.0,-0.08233738574714788,-0.274581273192173,0.783637955343828,False,-2.033600848576758,2.4801718986303554,1.0513860360106264e-06,
song,zipf,0.8,19,7,2017,discovered,1.0,1.0,0.05,150,0.9285180280766242,3,1.7010214560566204,85,0.5666666666666667,0.0,0.0,-5.207227989751488,-2.0477288658761204,0.0405865737855207,False,1.104399951220701,1.6560136740516402,9.72022462519817e-12,
song,zipf,0.8,19,7,2017,true,1.0,1.0,0.05,24,0.987802968679816,40,2.226816734011087,17,0.7083333333333334,0.59,0.0,-0.005110775149927527,-0.0649180062665442,0.9482392839070373,False,-21.699038698027405,4.672157463338713,0.00045189890148833456,
song,zipf,0.8,20,0,2010,discovered,1.0,1.0,0.05,61,0.9333244718975787,1,1.8828498905008562,61,1.0,0.55,0.0,-0.9810435973248862,-0.83180817046792,0.4055172313403562,False,-4.007825964623188,2.2675468859864063,2.539678689572611e-09,
song,zipf,0.8,20,0,2010,true,1.0,1.0,0.05,21,0.8687189251767428,11,2.942257054959604,12,0.5714285714285714,0.03,0.0,0.052824504884533496,1.4641470547756745,0.14315377281527955,False,-95756.17633886705,219.07606462843322,0.0001547446099721128,
song,zipf,0.8,20,1,2011,discovered,1.0,1.0,0.05,89,0.9003884275099476,8,3.033185233053284,23,0.25842696629213485,0.74,0.0,-0.14843803745880102,-0.33837918400924266,0.7350774586822688,False,-0.4209335888479947,1.259049619911389,1.5350565263361204e-10,
song,zipf,0.8,20,1,2011,true,1.0,1.0,0.05,24,0.9650942183076249,17,2.8391383244250803,13,0.5416666666666666,0.48,0.0,0.013141295366476236,0.6772557608718908,0.49824369428709403,False,-135806.62892121385,269.26771255101113,4.3232759708189406e-05,
song,zipf,0.8,20,2,2012,discovered,1.0,1.0,0.05,119,0.9570977706131025,1,1.7260752230046739,119,1.0,0.58,0.0,-1.410669319920749,-0.9052265016844964,0.3653454046760627,False,-9.643417209522816,3.620993484549282,2.326243020434049e-08,
song,zipf,0.8,20,2,2012,true,1.0,1.0,0.05,23,0.8765024398849761,14,2.0394617176405183,20,0.8695652173913043,0.38,0.0,-0.1035245313608737,-0.24940530344273273,0.8030472831921186,False,-2.5117054380670023,2.547934310822487,1.3644074670082773e-07,
song,zipf,0.8,20,3,2013,discovered,1.0,1.0,0.05,90,0.9271081820081281,8,2.2864691458640625,26,0.28888888888888886,0.92,0.0,-0.1155275403859104,-0.32124355759753337,0.7480258257571937,False,-3.401299654218921,2.2698546335569327,9.251445476365916e-08,
song,zipf,0.8,20,3,2013,true,1.0,1.0,0.05,23,0.9404033944109573,16,2.2240008093759056,15,0.6521739130434783,0.97,0.0,-0.1468865950410323,-0.3612857857659988,0.7178858184659531,False,0.06430471158755635,1.8216900732046049,5.722569085264695e-10,
song,zipf,0.8,20,4,2014,discovered,1.0,1.0,0.05,109,0.9197707363565119,3,1.740568037085369,73,0.6697247706422018,0.01,0.0,-3.2729099482450437,-1.6088819414995685,0.10764215888853831,False,0.623325042018369,1.7685414269460955,2.5431745598325506e-10,
song,zipf,0.8,20,4,2014,true,1.0,1.0,0.05,24,0.7818520771992528,17,1.9620152030561242,22,0.9166666666666666,0.8,0.0,-0.3099001416033942,-0.5328481543320084,0.5941386968085316,False,0.4779408404409211,2.0581685532687133,3.089951405854663e-09,
song,zipf,0.8,20,5,2015,discovered,1.0,1.0,0.05,161,0.9326527642746916,28,2.281545256207099,30,0.18633540372670807,0.95,0.0,-0.17309812149387538,-0.44044326401594414,0.6596160959125512,False,-0.7732577644843237,2.0631656673294976,3.85304588235158e-08,
song,zipf,0.8,20,5,2015,true,1.0,1.0,0.05,24,0.9835964895248237,36,1.9196583663214608,22,0.9166666666666666,0.73,0.0,-0.6568134673227881,-0.7227044175322594,0.4698615009827678,False,2.866267559607448,1.6403577215918788,6.188116685734713e-10,
song,zipf,0.8,20,6,2016,discovered,1.0,1.0,0.05,149,0.928643669575568,1,1.5190399248610018,149,1.0,0.0,0.0,-10.643589592561444,-2.748531469576951,0.0059862888098033374,False,-0.3420252927962233,2.15363482327236,9.322320693172514e-11,
song,zipf,0.8,20,6,2016,true,1.0,1.0,0.05,24,0.9732157406686305,55,2.2879714023873197,15,0.625,0.85,0.0,-0.09594895519860458,-0.2993684883231129,0.7646589029407647,False,0.3203718974735416,1.9817119319763516,9.453344773646677e-10,
song,zipf,0.8,20,7,2017,discovered,1.0,1.0,0.05,138,0.9323580125147494,29,3.124381193220314,16,0.11594202898550725,0.99,0.0,0.00213441589903951,0.15892774826374564,0.8737257985828712,False,-12867.634620852656,77.39153016214335,3.8043417589506134e-06,
song,zipf,0.8,20,7,2017,true,1.0,1.0,0.05,24,0.9686608826022013,28,2.099987530917475,22,0.9166666666666666,1.0,0.0,-0.15000533933992832,-0.37967326055505446,0.7041879714301235,False,-0.8189235099985203,2.280881137925373,2.880321403608832e-08,
song,zipf,0.8,21,0,2010,discovered,1.0,1.0,0.05,80,0.9100624450467575,1,2.1721544592639863,80,1.0,0.21,0.0,-1.4888897554978684,-1.098833826807803,0.2718405545515695,False,-1.9807150941573979,1.4749133684956726,7.239009391923901e-11,
song,zipf,0.8,21,0,2010,true,1.0,1.0,0.05,24,0.9444244792623219,6,2.163907207608408,11,0.4583333333333333,0.54,0.0,-0.04560522463381966,-0.15610881135023422,0.8759472530641147,False,-3.6715196549350266,2.3938054945649174,4.325357849666034e-10,
song,zipf,0.8,21,1,2011,discovered,1.0,1.0,0.05,64,0.9039580893991433,8,2.706846141068758,16,0.25,0.96,0.0,-0.06284248923247437,-0.23914932257572172,0.8109897972568604,False,-2.542053668135998,1.7869345566387713,1.4693128491671814e-08,
song,zipf,0.8,21,1,2011,true,1.0,1.0,0.05,23,0.8268004618347977,11,2.315290344871476,15,0.6521739130434783,0.65,0.0,-0.12234588802578861,-0.38239853261019563,0.7021657786336191,False,-0.8222174273232135,1.8361510828283878,3.0826896590951947e-09,
song,zipf,0.8,21,2,2012,discovered,1.0,1.0,0.05,83,0.9375867156026464,6,2.038309315512558,34,0.40963855421686746,0.48,0.0,-0.30064329695428516,-0.470205197288582,0.6382084212990274,False,-2.6957088625942056,2.3821257196545313,6.921396789039136e-09,
song,zipf,0.8,21,2,2012,true,1.0,1.0,0.05,24,0.9104260370529462,17,2.223301369049354,13,0.5416666666666666,0.62,0.0,-0.1069760471263086,-0.2909576652375495,0.7710836976261431,False,-0.3084586311792882,1.919362283718604,2.364750173455832e-09,
song,zipf,0.8,21,3,2013,discovered,1.0,1.0,0.05,88,0.9644931599401734,2,1.977552290354474,52,0.5909090909090909,0.65,0.0,-0.5472625993772413,-0.6050008592066316,0.5451784258037401,False,-3.7540569038925837,2.345703652173451,6.4174514591286425e-09,
song,zipf,0.8,21,3,2013,true,1.0,1.0,0.05,24,0.8784482302738712,14,2.125695305606835,13,0.5416666666666666,0.75,0.0,-0.2218568789493558,-0.4771808453819661,0.6332333496337786,False,1.0344611910093058,1.643859384079475,2.1877610834053485e-11,
song,zipf,0.8,21,4,2014,discovered,1.0,1.0,0.05,109,0.9168127759379148,1,1.56829336658361,109,1.0,0.0,0.0,-5.601482715194673,-1.9784476378571152,0.04787823012839418,False,-1.0416050130026946,2.2346715543770146,9.066525308298878e-11,
song,zipf,0.8,21,4,2014,true,1.0,1.0,0.05,24,0.8742849429143741,19,2.0777783779847705,18,0.75,0.79,0.0,-0.10441642390664452,-0.3193360712737205,0.7494716824937582,False,-2.0164369589114908,2.4625962393233656,5.041279393935838e-08,
song,zipf,0.8,21,5,2015,discovered,1.0,1.0,0.05,105,0.8833092707282325,3,1.5048186109336947,84,0.8,0.0,0.0,-9.768016656827681,-2.6839946636122924,0.00727482674245984,False,2.172737209109261,1.7402904621374458,2.5437429940211587e-10,
song,zipf,0.8,21,5,2015,true,1.0,1.0,0.05,24,0.9698217771280137,46,2.1082419692924383,19,0.7916666666666666,0.01,0.0,-0.240409414932798,-0.5167079185633616,0.6053600675132615,False,1.589911248409499,1.8476062692017066,1.0898304481088417e-09,
song,zipf,0.8,21,6,2016,discovered,1.0,1.0,0.05,97,0.8183985509605823,11,2.210159426494022,49,0.5051546391752577,0.06,0.0,-1.3226745351463398,-1.0435929495300067,0.29667375627452497,False,1.6450681349590128,1.2982460515220366,4.547473508864641e-13,
song,zipf,0.8,21,6,2016,true,1.0,1.0,0.05,24,0.9891952257308463,20,2.1225864203125657,23,0.9583333333333334,0.91,0.0,-0.0983417369318147,-0.30270766524894177,0.762112655686381,False,-3.070390944377826,2.599248349880009,6.326672519207932e-10,
song,zipf,0.8,21,7,2017,discovered,1.0,1.0,0.05,157,0.9318985968425229,13,2.3810723601045702,32,0.20382165605095542,0.37,0.0,-0.039561600772550776,-0.17910713549261148,0.8578535792938866,False,-9.808508376035945,3.1178785921444794,1.5252831531142874e-07,
song,zipf,0.8,21,7,2017,true,1.0,1.0,0.05,24,0.973333557728335,23,1.935868273040656,22,0.9166666666666666,0.55,0.0,-0.6021176455588755,-0.7258691156503806,0.4679190113648152,False,2.253019658997274,1.6684207356987066,1.5305090528272558e-11,
song,zipf,0.8,22,0,2010,discovered,1.0,1.0,0.05,71,0.9472543375057626,1,1.9499004730373137,71,1.0,0.26,0.0,-1.7892728214810556,-1.1037028238692452,0.2697220702751352,False,-2.2290805128012643,1.7689323229637546,1.7851675693236757e-10,
song,zipf,0.8,22,0,2010,true,1.0,1.0,0.05,21,0.9132856032924508,4,1.8315122799468426,14,0.6666666666666666,0.07,0.0,-0.5172454641816595,-0.5768721106373399,0.5640258519712062,False,0.79087797327448,1.6641668347063228,9.379235166306898e-10,
song,zipf,0.8,22,1,2011,discovered,1.0,1.0,0.05,89,0.9182371568227946,1,1.7950228663496939,89,1.0,0.01,0.0,-2.5056717795070065,-1.2885585034544624,0.19755161763524942,False,-2.013558268532064,1.9578587104216851,4.990852175978944e-11,
song,zipf,0.8,22,1,2011,true,1.0,1.0,0.05,23,0.8589118624478229,14,2.4168687541982883,12,0.5217391304347826,0.86,0.0,-0.02964308783612868,-0.17272851905430503,0.8628648257520768,False,-4.858157024307686,2.465700444893111,1.0716058085336044e-07,
song,zipf,0.8,22,2,2012,discovered,1.0,1.0,0.05,109,0.8966119667657395,7,2.7878414364271125,30,0.27522935779816515,0.37,0.0,-1.2640616234025321,-1.0582667333505018,0.2899338548010303,False,1.8100973439957002,0.7280253901638858,1.694502316240687e-10,
song,zipf,0.8,22,2,2012,true,1.0,1.0,0.05,24,0.9806142038433444,14,2.2934986607507555,18,0.75,0.76,0.0,-0.024193559927072172,-0.15626625407981923,0.87582315486952,False,-10.29460324722325,3.3009988116655617,1.4922997593203036e-07,
song,zipf,0.8,22,3,2013,discovered,1.0,1.0,0.05,75,0.8925887501089782,13,3.6001766378749096,16,0.21333333333333335,0.95,0.0,-0.010728295965602541,-0.09658154317096546,0.9230587143778238,False,-5.984952904369251,1.8629151437107982,1.6120793588925153e-10,
song,zipf,0.8,22,3,2013,true,1.0,1.0,0.05,24,0.9326476489582589,9,2.095302692703308,19,0.7916666666666666,0.32,0.0,-0.2393562766782944,-0.5568135162315593,0.577654848115376,False,-0.4209982904422982,1.9242454656606076,1.7064820667656022e-09,
song,zipf,0.8,22,4,2014,discovered,1.0,1.0,0.05,99,0.8707450218593934,20,2.9164384288336245,18,0.18181818181818182,0.57,0.0,-0.06621275944555371,-0.25573855503887516,0.7981527222463067,False,-1.0045487401268725,1.5942794406692216,4.374669515527785e-10,
song,zipf,0.8,22,4,2014,true,1.0,1.0,0.05,24,0.9382801106345122,18,2.132940119396809,19,0.7916666666666666,0.24,0.0,-0.25304388818881396,-0.45826494289466096,0.6467621072960552,False,0.7846564751906167,1.774502964988487,5.770928623860527e-09,
song,zipf,0.8,22,5,2015,discovered,1.0,1.0,0.05,178,0.9322575176775596,1,1.566277946920352,178,1.0,0.0,0.0,2.480838002688734,1.7502392626823697,0.08007703648476171,False,-49859.74242175524,270.9201950810271,0.00011371153550499002,
song,zipf,0.8,22,5,2015,true,1.0,1.0,0.05,24,0.9707508586034619,63,2.18252835066816,15,0.625,0.98,0.0,-0.10592437457426396,-0.3203643813866636,0.7486921233255341,False,0.48539451957752117,2.087091263413028,2.5050894691958092e-09,
song,zipf,0.8,22,6,2016,discovered,1.0,1.0,0.05,208,0.9506395620400308,1,1.6750931017747508,208,1.0,0.13,0.0,-3.4807534733708394,-1.4867163145717694,0.13708975193954565,False,-6.4463047553126644,3.2328905787281705,2.3416077965521254e-09,
song,zipf,0.8,22,6,2016,true,1.0,1.0,0.05,24,0.9821721532417583,36,2.193554659838032,21,0.875,0.46,0.0,-0.05542931742306756,-0.26167095351315883,0.7935751361779599,False,-4.537581111773909,2.8368155334403604,7.507476311729988e-07,
song,zipf,0.8,22,7,2017,discovered,1.0,1.0,0.05,191,0.9703175698707286,2,1.8079622522259324,120,0.6282722513089005,0.33,0.0,-0.3767016522107012,-0.43038028410563955,0.6669190348113818,False,-19.924008740680172,5.0106976626977735,4.386569685266295e-07,
song,zipf,0.8,22,7,2017,true,1.0,1.0,0.05,24,0.9554340057033187,50,2.3027834866544663,15,0.625,0.99,0.0,-0.08393037693089722,-0.274395725138786,0.7837805278341461,False,-0.1705207499206885,2.043525762177305,1.7950890480733506e-06,
song,zipf,0.8,23,0,2010,discovered,1.0,1.0,0.05,67,0.9399082257724969,2,2.041360527825257,40,0.5970149253731343,0.06,0.0,-1.3445973587541578,-0.9470187182355885,0.34362924084204494,False,-0.09551527850186795,1.3640059718773672,9.919176591210999e-12,
song,zipf,0.8,23,0,2010,true,1.0,1.0,0.05,22,0.863419502413062,7,2.1851584231676,12,0.5454545454545454,0.79,0.0,-0.5564573944128139,-0.6859609316818774,0.4927377450725371,False,1.8257712562259223,1.0684527079452268,4.874323167314287e-12,
song,zipf,0.8,23,1,2011,discovered,1.0,1.0,0.05,74,0.9350520062161872,1,1.684539796861068,74,1.0,0.02,0.0,-2.7128878208731333,-1.2661608872848085,0.20545548742300979,False,-1.6959837018343236,2.1039619329599715,7.921698852442205e-10,
song,zipf,0.8,23,1,2011,true,1.0,1.0,0.05,24,0.8620338924800933,10,2.19606233193803,15,0.625,0.51,0.0,0.002406848236207182,0.01762512044825608,0.9859379165681632,False,-17.252252578755623,4.14689633306129,8.400687434573229e-07,
song,zipf,0.8,23,2,2012,discovered,1.0,1.0,0.05,107,0.9104507396060547,1,1.746878420775444,107,1.0,0.0,0.0,-1.392144305994941,-0.8309629226620593,0.4059945753954469,False,-5.076768590412579,2.766640708095308,4.572484613163397e-09,
song,zipf,0.8,23,2,2012,true,1.0,1.0,0.05,24,0.7680828332685228,11,2.0672586896433396,21,0.875,0.17,0.0,-0.48019051376187605,-0.6334593903043981,0.5264336920525066,False,1.2366294640232067,1.5723144686536592,1.9115020677418215e-10,
song,zipf,0.8,23,3,2013,discovered,1.0,1.0,0.05,77,0.9217641078892875,1,1.5875096046794215,77,1.0,0.01,0.0,-4.062588833330425,-1.5835141989448118,0.1133043129578879,False,-0.8348537473571291,2.095749197544152,2.0182255866529886e-10,
song,zipf,0.8,23,3,2013,true,1.0,1.0,0.05,23,0.7808561475695726,10,2.212488608701966,19,0.8260869565217391,0.86,0.0,-0.13869533861648042,-0.38716991230659054,0.698630422999873,False,-1.6217519406980063,2.0765707928016073,5.867093477718299e-10,
song,zipf,0.8,23,4,2014,discovered,1.0,1.0,0.05,124,0.9315617593803414,2,1.763690418014303,89,0.717741935483871,0.03,0.0,-5.314180195728864,-2.0210480687967505,0.043274789359472834,False,0.5460359927602803,1.5275136865374985,9.282530299969949e-11,
song,zipf,0.8,23,4,2014,true,1.0,1.0,0.05,24,0.9494971149680818,22,2.2254206721800824,21,0.875,1.0,0.0,-0.008064407428883591,-0.06389841519139677,0.9490511141960112,False,-17.97598334280878,4.270603519762702,3.9188102775256084e-05,
song,zipf,0.8,23,5,2015,discovered,1.0,1.0,0.05,168,0.8908731091238583,1,1.535022466677905,168,1.0,0.0,0.0,2.467363997059799,1.449643729210478,0.14715789495935483,False,-35.39724811532723,7.759633508944754,1.025630700723923e-05,
song,zipf,0.8,23,5,2015,true,1.0,1.0,0.05,24,0.9767105085246469,41,2.159193104998621,20,0.8333333333333334,0.22,0.0,-0.1488327233423652,-0.36351246093538464,0.7162221061788617,False,0.1214010565361196,2.09709480448957,6.626083859373466e-08,
song,zipf,0.8,23,6,2016,discovered,1.0,1.0,0.05,130,0.9229820284779362,2,1.6720744122008386,91,0.7,0.01,0.0,-2.386993541426036,-1.1966545373904365,0.2314412339028742,False,-1.1307745527492497,2.3409654303691867,5.688889359589666e-10,
song,zipf,0.8,23,6,2016,true,1.0,1.0,0.05,24,0.9347190467602644,40,2.4019824626472293,16,0.6666666666666666,0.94,0.0,-0.0028595000626161493,-0.039945081145676284,0.9681369102072631,False,-21.75151244816642,4.358286128644722,3.341798020528586e-07,
song,zipf,0.8,23,7,2017,discovered,1.0,1.0,0.05,146,0.9224910582851545,1,1.5353552949975886,146,1.0,0.01,0.0,-4.297688898396096,-1.7738804811147504,0.07608292199952899,False,-3.7886107982767703,3.1753059265049144,5.4158135753823444e-09,
song,zipf,0.8,23,7,2017,true,1.0,1.0,0.05,24,0.9917974192751553,23,2.0150460186816592,23,0.9583333333333334,0.89,0.0,-0.17530919061452588,-0.41322031064174886,0.6794452086618248,False,-0.9926124739996297,2.393297676910984,1.1543477285158588e-10,
song,zipf,0.8,24,0,2010,discovered,1.0,1.0,0.05,62,0.9213128171950441,1,2.1283280689079644,62,1.0,0.92,0.0,-0.03627141141306778,-0.06487027796652925,0.9482772854793722,False,-111389.63325013772,279.7884170454394,3.371011007402558e-05,
song,zipf,0.8,24,0,2010,true,1.0,1.0,0.05,21,0.8353784684430515,5,1.90407075672461,17,0.8095238095238095,0.1,0.0,-1.7418575583584441,-1.1450442372470147,0.25219083289435185,False,2.179824832546136,1.0081410341696055,2.5863755581667647e-12,
song,zipf,0.8,24,1,2011,discovered,1.0,1.0,0.05,71,0.9631529745496854,6,2.33026230808637,19,0.2676056338028169,0.33,0.0,0.0428641691624172,0.5120507812961919,0.6086154698180245,False,-191788.33482457252,371.025016503066,8.649190476717195e-05,
song,zipf,0.8,24,1,2011,true,1.0,1.0,0.05,24,0.9163359138257221,10,2.3544628779982673,15,0.625,0.87,0.0,-0.19215418316246513,-0.47725140744047395,0.6331831085237377,False,0.30585230825886955,1.5277389502147891,4.2224712615279714e-10,
song,zipf,0.8,24,2,2012,discovered,1.0,1.0,0.05,92,0.882516376100185,2,1.7519913574602612,77,0.8369565217391305,0.01,0.0,-5.2271698030903755,-1.9393732897944032,0.05245590049870022,False,0.7935024134308789,1.440691516270919,3.865352482534945e-12,
song,zipf,0.8,24,2,2012,true,1.0,1.0,0.05,24,0.9225671550450556,15,2.2648950945389634,20,0.8333333333333334,0.96,0.0,-0.03397427122238472,-0.17538226076752442,0.8607792784103918,False,-8.036627001632796,3.079071248596076,3.5638834106066497e-09,
song,zipf,0.8,24,3,2013,discovered,1.0,1.0,0.05,64,0.9653349371403938,3,1.970722855979622,40,0.625,0.97,0.0,-0.027045611932362768,-0.09787842174812127,0.9220288346504162,False,-204.36587909644837,14.020642621250657,0.0003854082793282032,
song,zipf,0.8,24,3,2013,true,1.0,1.0,0.05,22,0.9534823658176478,15,2.158856571779324,11,0.5,0.85,0.0,-0.002349809841909689,-0.021895639522796183,0.9825312030992854,False,-15.831463103221779,4.135746273116144,1.4976035522806797e-05,
song,zipf,0.8,24,4,2014,discovered,1.0,1.0,0.05,117,0.8966121108884847,1,1.5303122353511442,117,1.0,0.0,0.0,-10.707251167547154,-2.8551694765052287,0.004301386893011517,False,0.246274038362921,1.840827412646797,1.3812950783176348e-11,
song,zipf,0.8,24,4,2014,true,1.0,1.0,0.05,24,0.9674068614034704,20,2.1882437516810107,22,0.9166666666666666,0.86,0.0,-0.06835225951019153,-0.27836313706977484,0.7807336139953971,False,-4.448680505262933,2.732313522716371,6.369731408994994e-10,
song,zipf,0.8,24,5,2015,discovered,1.0,1.0,0.05,137,0.8749243515495565,1,1.451920193530132,137,1.0,0.0,0.0,-5.658188998511358,-1.7355280552900831,0.0826473166534404,False,-1.6113299602972764,2.9680475494362177,1.7582237887836527e-09,
song,zipf,0.8,24,5,2015,true,1.0,1.0,0.05,24,0.9943812721459935,50,2.1932284699114284,16,0.6666666666666666,0.83,0.0,-0.1342849036527909,-0.357454693672283,0.7207514379015793,False,0.7919363192153465,1.9598008689568813,6.155715936984052e-10,
song,zipf,0.8,24,6,2016,discovered,1.0,1.0,0.05,93,0.8402782475100365,12,2.171949012107841,42,0.45161290322580644,0.04,0.0,-1.6771928458299135,-1.0168094925370919,0.3092440654934946,False,2.2296488258640874,1.1531355802180105,3.5637981454783585e-10,
song,zipf,0.8,24,6,2016,true,1.0,1.0,0.05,24,0.9567330557379153,29,2.3313164609427384,18,0.75,0.45,0.0,0.006921058967601645,0.42761696434655283,0.6689300129627017,False,-50096.04655501501,193.06092692857607,2.927497280325042e-05,
song,zipf,0.8,24,7,2017,discovered,1.0,1.0,0.05,158,0.9260035559781977,3,1.7275872226480078,93,0.5886075949367089,0.01,0.0,-4.094077956993726,-1.8099975017346122,0.07029617458941713,False,0.5831545940051169,1.8136242468328279,4.206412995699793e-12,
song,zipf,0.8,24,7,2017,true,1.0,1.0,0.05,24,0.9758935945412768,47,2.271193729691195,15,0.625,0.41,0.0,-0.06864704923424902,-0.2774800439096639,0.7814115270971833,False,-1.164577929386856,2.2459133397101096,2.631300617395027e-07,
song,zipf,0.8,25,0,2010,discovered,1.0,1.0,0.05,63,0.907917141416255,1,1.9724693043368218,63,1.0,0.09,0.0,-2.411436631182678,-1.379970773663484,0.16759564370036883,False,-0.7615540597451722,1.3307120361869595,9.708855941426009e-11,
song,zipf,0.8,25,0,2010,true,1.0,1.0,0.05,22,0.8383548297734615,9,2.6651117674399267,11,0.5,0.22,0.0,0.03378165454294546,0.9995679348079476,0.31751964728920834,False,-231872.29544495157,367.13109867992665,6.825258424214553e-05,
song,zipf,0.8,25,1,2011,discovered,1.0,1.0,0.05,62,0.9452351046793298,2,1.7208604475196245,45,0.7258064516129032,0.1,0.0,-3.037090617436772,-1.523889713497037,0.12753626349781708,False,0.6843452907954535,1.5560444343522482,2.62332378042629e-11,
song,zipf,0.8,25,1,2011,true,1.0,1.0,0.05,24,0.959822576967719,8,2.2206549550272086,20,0.8333333333333334,0.65,0.0,-0.23616329470980357,-0.5080333051372377,0.6114299866073121,False,-0.441444718638794,1.7607430001078712,2.0763479824381648e-10,
song,zipf,0.8,25,2,2012,discovered,1.0,1.0,0.05,115,0.8838413048838211,1,1.662412898421192,115,1.0,0.0,0.0,-3.28193773666833,-1.4163753619698565,0.1566656336005462,False,-2.2644544772389334,2.3280998331532303,3.178683982696384e-10,
song,zipf,0.8,25,2,2012,true,1.0,1.0,0.05,24,0.9529461630170176,15,2.1948176655706577,19,0.7916666666666666,0.22,0.0,-0.24195478430747874,-0.47607426421708743,0.6340214710855011,False,0.5118864782979649,1.7281986086376282,5.723052254325012e-09,
song,zipf,0.8,25,3,2013,discovered,1.0,1.0,0.05,72,0.8964372781862237,1,1.5942093130111885,72,1.0,0.01,0.0,-3.742436502409467,-1.5608917705969283,0.11854928933208722,False,-0.7968232509503999,2.060962568700834,1.1084466677857563e-12,
song,zipf,0.8,25,3,2013,true,1.0,1.0,0.05,23,0.835852634676834,20,2.641881258360526,11,0.4782608695652174,0.93,0.0,0.009290195447282379,0.5459778772081516,0.5850811443491464,False,-87650.02144997916,229.33317682907747,3.3326869015581906e-05,
song,zipf,0.8,25,4,2014,discovered,1.0,1.0,0.05,118,0.916224293035468,14,2.819811490508608,18,0.15254237288135594,0.85,0.0,0.008324210466196469,0.24285293219072174,0.8081193287678707,False,-93859.95722747024,224.55556823844887,4.408822496770881e-05,
song,zipf,0.8,25,4,2014,true,1.0,1.0,0.05,24,0.9644015869249096,21,2.288633985045855,18,0.75,0.87,0.0,-0.0015890872479387141,-0.01749814244197488,0.9860392147369343,False,-27.313061346515724,4.938957603736087,0.00025316966500099625,
song,zipf,0.8,25,5,2015,discovered,1.0,1.0,0.05,165,0.9242395837568084,4,1.7739567349738639,88,0.5333333333333333,0.21,0.0,-3.4944058931229236,-1.7545787705580973,0.07933138536756011,False,0.78152463601263,1.7766553325893153,5.577476258622482e-10,
song,zipf,0.8,25,5,2015,true,1.0,1.0,0.05,24,0.9912239062831031,39,2.0624664805666244,23,0.9583333333333334,0.64,0.0,-0.4346245252648595,-0.5984653787656,0.5495294532046533,False,2.250497586991951,1.6756871356751706,4.75353090223507e-11,
song,zipf,0.8,25,6,2016,discovered,1.0,1.0,0.05,110,0.9007401509612302,2,1.5816004242256216,83,0.7545454545454545,0.0,0.0,-6.760679493798241,-2.2488250702454966,0.02452362768696814,False,1.0856827880733046,1.7558195421637102,7.963762982399203e-11,
song,zipf,0.8,25,6,2016,true,1.0,1.0,0.05,24,0.8764452729487305,55,2.2550916372405454,10,0.4166666666666667,0.71,0.0,-0.15110514640381378,-0.3565741378613,0.7214106413989887,False,2.43093041851173,1.5276882552190287,5.929486235345394e-09,
song,zipf,0.8,25,7,2017,discovered,1.0,1.0,0.05,85,0.8304701903199095,20,2.3229261049928924,33,0.38823529411764707,0.05,0.0,-0.3521344442801819,-0.4480330225796232,0.6541293643306028,False,0.6038275951490377,1.6624735110508415,3.9244696381501853e-10,
song,zipf,0.8,25,7,2017,true,1.0,1.0,0.05,24,0.9893768566488319,20,2.051424428775182,24,1.0,0.43,0.0,-0.1413457692132951,-0.32865413369485025,0.7424171260756488,False,-1.8758380796157759,2.4850491951214226,7.650190099184329e-07,
song,zipf,0.8,26,0,2010,discovered,1.0,1.0,0.05,69,0.9304465903974738,1,2.006354322399933,69,1.0,0.37,0.0,-1.3525530367864795,-1.0191336841577925,0.3081395046086194,False,-2.5429586844330734,1.7735063431290476,9.653433608036721e-11,
song,zipf,0.8,26,0,2010,true,1.0,1.0,0.05,24,0.9524124158378469,4,1.9847257912487875,17,0.7083333333333334,0.76,0.0,-0.05106231955185514,-0.1612927663097503,0.8718628203169269,False,-6.783083517735345,3.0805123503929486,2.659125897253034e-08,
song,zipf,0.8,26,1,2011,discovered,1.0,1.0,0.05,93,0.9258875599202219,1,1.8234551394554221,93,1.0,0.25,0.0,-0.9574973972983841,-0.7224517604443735,0.47001677358313676,False,-6.596165292703613,2.868338367380323,2.5414124138478655e-09,
song,zipf,0.8,26,1,2011,true,1.0,1.0,0.05,24,0.9043326236656252,17,2.171296466986327,10,0.4166666666666667,0.36,0.0,-0.16006644604709486,-0.3478624187447756,0.7279435101385412,False,1.2071830886855657,1.606781314455667,5.464642072183779e-10,
song,zipf,0.8,26,2,2012,discovered,1.0,1.0,0.05,100,0.9551769763354129,4,2.0895562705215633,36,0.36,0.32,0.0,-0.34039470160635,-0.4853292441989272,0.6274428142383863,False,-2.1514827653223283,2.089198057292888,1.1220890883123502e-10,
song,zipf,0.8,26,2,2012,true,1.0,1.0,0.05,24,0.9380882137663372,8,1.940265963534095,21,0.875,0.24,0.0,-0.8253569135108623,-0.8165220500774876,0.4142016174449079,False,1.6677811878196918,1.4627253824939517,1.1226575225009583e-11,
song,zipf,0.8,26,3,2013,discovered,1.0,1.0,0.05,90,0.9548636439672537,2,1.8414295650910961,64,0.7111111111111111,0.22,0.0,-0.6635224555673311,-0.5699555099303654,0.5687078738038733,False,-3.7965905571847873,2.60116191970842,7.575124527647858e-09,
song,zipf,0.8,26,3,2013,true,1.0,1.0,0.05,24,0.9293822997034438,16,2.1654828111374704,16,0.6666666666666666,0.5,0.0,-0.21579492975634107,-0.44984924776112256,0.6528191447560849,False,0.7179697389113693,1.7242788802738425,5.322107199390302e-10,
song,zipf,0.8,26,4,2014,discovered,1.0,1.0,0.05,117,0.9306369542163406,1,1.5332907306840657,117,1.0,0.04,0.0,-6.161688703729567,-2.0216263453595538,0.04321496823356698,False,-1.0824276801209145,2.3816914746266624,1.979287844733335e-10,
song,zipf,0.8,26,4,2014,true,1.0,1.0,0.05,24,0.9740072694195288,18,2.0485496967038315,22,0.9166666666666666,0.94,0.0,-0.12408057282391738,-0.31919780429597755,0.7495765218664936,False,-2.199415942375828,2.5287071646027646,2.7561108595364203e-07,
song,zipf,0.8,26,5,2015,discovered,1.0,1.0,0.05,210,0.952214132040066,4,1.8519950306367965,101,0.48095238095238096,0.27,0.0,-1.0093954158979161,-0.9469295840685141,0.34367466169681127,False,-3.445483291516186,2.7468484923995784,7.656240086362232e-10,
song,zipf,0.8,26,5,2015,true,1.0,1.0,0.05,24,0.9902425667592775,46,2.0737773036825047,24,1.0,0.31,0.0,-0.21112303094858342,-0.4170677519012564,0.6766288517544206,False,0.5053497836249183,2.1458999395808647,2.4449775537505047e-09,
song,zipf,0.8,26,6,2016,discovered,1.0,1.0,0.05,132,0.91547961500633,18,2.5130226086417813,23,0.17424242424242425,0.71,0.0,-0.27920741775569624,-0.475697942602362,0.6342895868882987,False,1.1204636345822734,1.3750381051598906,4.533120545602287e-10,
song,zipf,0.8,26,6,2016,true,1.0,1.0,0.05,24,0.9874272615479787,20,1.9279539330941962,24,1.0,0.64,0.0,-0.6352988738944285,-0.7121626110621908,0.4763640866764287,False,2.0388941162466856,1.7031213173367263,1.111246206164651e-09,
song,zipf,0.8,26,7,2017,discovered,1.0,1.0,0.05,101,0.8616887350864835,17,2.276297629985891,40,0.39603960396039606,0.87,0.0,-0.014790044822459603,-0.0992352826228578,0.9209514616227648,False,-25.39864009083859,4.787189199508107,0.0002755460634773499,
song,zipf,0.8,26,7,2017,true,1.0,1.0,0.05,24,0.9886434726479115,36,2.2366050664957835,16,0.6666666666666666,0.91,0.0,-0.023298355051125874,-0.1464524483926133,0.8835642257730867,False,-7.4236919354194075,3.171209462266772,4.779849405167624e-09,
song,zipf,0.8,27,0,2010,discovered,1.0,1.0,0.05,67,0.9253174505869984,1,2.054503837199125,67,1.0,0.5,0.0,-0.8342002433441043,-0.7922079288750233,0.4282394461351322,False,-4.500277929093643,2.1109210036059234,2.234799012512667e-10,
song,zipf,0.8,27,0,2010,true,1.0,1.0,0.05,23,0.8903370585018074,7,2.1790625310788863,13,0.5652173913043478,0.25,0.0,-0.1838096931775941,-0.40386953165281725,0.6863086625006825,False,-0.21948843115388872,1.7113629388717975,4.480682491703192e-11,
song,zipf,0.8,27,1,2011,discovered,1.0,1.0,0.05,82,0.9309842847211514,5,2.1274237966960268,26,0.3170731707317073,0.28,0.0,-0.7018380592478888,-0.8827606151541171,0.37736562415175434,False,0.7005821600795532,1.394504118068469,8.384404281969182e-13,
song,zipf,0.8,27,1,2011,true,1.0,1.0,0.05,23,0.8913492239123899,7,2.0460362875404416,17,0.7391304347826086,0.63,0.0,-0.21711737639547035,-0.40551523972339215,0.6850988186296038,False,-0.558723615853897,1.9481138054994278,1.3337171367311385e-09,
song,zipf,0.8,27,2,2012,discovered,1.0,1.0,0.05,65,0.8597506217018656,13,2.3543552313589333,16,0.24615384615384617,0.68,0.0,0.006576773877458031,0.08014130354015034,0.936124872898421,False,-34.42645049691267,5.267747335612933,0.0002154702331296221,
song,zipf,0.8,27,2,2012,true,1.0,1.0,0.05,23,0.8630726405968188,21,2.3867989344904554,11,0.4782608695652174,0.81,0.0,-0.10619081357955462,-0.3245836050571051,0.7454962372178768,False,0.6396128429823909,1.6148037495478982,1.3879599691790645e-09,
song,zipf,0.8,27,3,2013,discovered,1.0,1.0,0.05,112,0.9252795725195123,2,1.991204715227513,63,0.5625,0.26,0.0,-3.5194068963809775,-1.7050478972803826,0.088185491763482,False,0.5770391007984357,1.1670160314626126,2.7284841053187847e-12,
song,zipf,0.8,27,3,2013,true,1.0,1.0,0.05,24,0.9337685219612497,11,2.1162713227359373,19,0.7916666666666666,0.85,0.0,-0.07448872030699505,-0.27799247116980236,0.7810181381962453,False,-4.498784908902038,2.7291161883564867,2.327330150819762e-08,
song,zipf,0.8,27,4,2014,discovered,1.0,1.0,0.05,117,0.9322208408635521,1,1.570376361157357,117,1.0,0.0,0.0,-5.9772213472573865,-2.1435278450498365,0.03207073765683598,False,-1.1889437674939267,2.277237530018484,4.603180059348233e-10,
song,zipf,0.8,27,4,2014,true,1.0,1.0,0.05,24,0.9776951949113173,14,1.9468874142944088,24,1.0,0.01,0.0,-0.6968798701743877,-0.7705455661369267,0.4409763365573681,False,1.8183231646037092,1.621435442074958,1.1820020517916419e-09,
song,zipf,0.8,27,5,2015,discovered,1.0,1.0,0.05,115,0.9224059080319016,1,1.445524140284369,115,1.0,0.0,0.0,-6.805332459082063,-2.2554102095443382,0.024107592499985904,False,-1.0813740593627572,2.809582104639426,9.051746019395068e-10,
song,zipf,0.8,27,5,2015,true,1.0,1.0,0.05,24,0.9926933137615054,64,2.1992740631459182,17,0.7083333333333334,0.85,0.0,-0.020583313829441785,-0.14232788738703947,0.8868210198002316,False,-8.500170658167868,3.4388625967923834,1.2076768427959905e-05,
song,zipf,0.8,27,6,2016,discovered,1.0,1.0,0.05,150,0.9193657524489662,20,2.5428080767073027,23,0.15333333333333332,0.37,0.0,-0.4673593354142236,-0.6485001461528216,0.516661516329126,False,2.1040702116440197,1.122194980412596,3.760334266189602e-10,
song,zipf,0.8,27,6,2016,true,1.0,1.0,0.05,24,0.9821213793711395,46,2.1253737114822484,12,0.5,0.85,0.0,-0.33352016848969157,-0.5272892653259205,0.5979927276493486,False,3.149302093673685,1.374453705989259,1.2953336181453778e-09,
song,zipf,0.8,27,7,2017,discovered,1.0,1.0,0.05,122,0.9037468301847263,1,1.485408399799596,122,1.0,0.0,0.0,-4.054474149138819,-1.3941065638646908,0.16328542735750284,False,-2.268140513683545,2.9967413042685522,1.1669783361867303e-08,
song,zipf,0.8,27,7,2017,true,1.0,1.0,0.05,24,0.9467988200322176,24,2.038319196903282,23,0.9583333333333334,0.25,0.0,-0.47804505683456977,-0.6454351241338045,0.5186452477212913,False,1.8777222667982452,1.665696503027444,3.61808361049043e-11,
song,zipf,0.8,28,0,2010,discovered,1.0,1.0,0.05,57,0.9463198448283521,1,1.834525803127532,57,1.0,0.0,0.0,-2.0050188396476107,-1.13658580865937,0.25571147538228156,False,-1.950239246528658,1.8663838123083518,1.30427224576124e-10,
song,zipf,0.8,28,0,2010,true,1.0,1.0,0.05,21,0.9352914620403805,5,1.9028222882501384,13,0.6190476190476191,0.43,0.0,-0.7604120151268692,-0.8858865812781215,0.375678647707251,False,1.6653242238921542,1.2932505180915852,4.334310688136611e-13,
song,zipf,0.8,28,1,2011,discovered,1.0,1.0,0.05,82,0.8541111575045991,1,1.8076287874193082,82,1.0,0.02,0.0,-3.5674308666764447,-1.5995173768017186,0.10970569067958125,False,-0.7365428798041384,1.5476458632146899,6.536993168992922e-13,
song,zipf,0.8,28,1,2011,true,1.0,1.0,0.05,24,0.8477964061463666,7,2.1433071603776934,21,0.875,0.96,0.0,-0.15776307425922154,-0.34193115140303293,0.7324027056308848,False,-1.7729637579816433,2.0991400536519103,6.0069709206800326e-09,
song,zipf,0.8,28,2,2012,discovered,1.0,1.0,0.05,111,0.920586055688765,1,1.6363743620689264,111,1.0,0.0,0.0,-6.003656814963257,-2.040192177708062,0.041331188550353205,False,-0.7322908794565608,1.9103356961312836,1.5164687283686362e-09,
song,zipf,0.8,28,2,2012,true,1.0,1.0,0.05,24,0.9111493940493753,11,1.972357726241767,22,0.9166666666666666,0.55,0.0,-0.8412384299699984,-0.8022586646629444,0.42240334772389454,False,2.01538191935527,1.4193359458696682,2.6062707547680475e-11,
song,zipf,0.8,28,3,2013,discovered,1.0,1.0,0.05,90,0.9624974835323408,2,1.864375816663051,57,0.6333333333333333,0.32,0.0,-1.6456496279117956,-1.171375170588062,0.2414480080868895,False,-0.9094867775151978,1.8547909988197988,4.2462033889023587e-10,
song,zipf,0.8,28,3,2013,true,1.0,1.0,0.05,24,0.9329178765291887,9,2.0016735925375477,18,0.75,0.36,0.0,-0.4324840180614826,-0.5294780777564667,0.596473848017328,False,1.1349042844204638,1.615174308446734,6.252776074688882e-13,
song,zipf,0.8,28,4,2014,discovered,1.0,1.0,0.05,140,0.9503957833733676,1,1.8826301084028634,140,1.0,0.75,0.0,-0.36175727788094925,-0.3139053477457372,0.7535929286235311,False,-36.12121197871413,5.868997082540726,2.417903885998385e-06,
song,zipf,0.8,28,4,2014,true,1.0,1.0,0.05,24,0.9000476080176705,22,2.049454564325943,17,0.7083333333333334,0.67,0.0,-0.31040698107471343,-0.5133109414479384,0.6077338315347698,False,1.56591386011003,1.717414265005278,3.914806256943848e-10,
song,zipf,0.8,28,5,2015,discovered,1.0,1.0,0.05,99,0.8709032282595723,37,2.045968782148348,29,0.29292929292929293,0.64,0.0,-0.06814992385583452,-0.2584928946573544,0.7960265318859262,False,-5.829044578247023,3.263987198843368,6.551584874614491e-08,
song,zipf,0.8,28,5,2015,true,1.0,1.0,0.05,24,0.9773880032084924,31,2.0264421671415627,23,0.9583333333333334,0.33,0.0,-0.46956107723765816,-0.6135351288050576,0.5395225624417493,False,2.1118719874410266,1.69038524987035,1.895317325306678e-08,
song,zipf,0.8,28,6,2016,discovered,1.0,1.0,0.05,133,0.8572256168686312,1,1.4487963171636047,133,1.0,0.0,0.0,-17.781790262883902,-3.502382143018673,0.00046111773638483027,False,0.9936255043323999,1.8099838356122153,9.538325684843585e-11,
song,zipf,0.8,28,6,2016,true,1.0,1.0,0.05,24,0.9719116293772745,29,2.1385143719091966,21,0.875,0.27,0.0,-0.2048838499197112,-0.43297785420912177,0.66503085851311,False,0.46240111156183683,1.9674809155101651,4.89421836391557e-11,
song,zipf,0.8,28,7,2017,discovered,1.0,1.0,0.05,98,0.8867811943380718,14,2.0265504985082248,41,0.41836734693877553,0.31,0.0,-0.541054288034192,-0.6369078954021787,0.5241848396251076,False,0.24451111806022044,1.9715111447445661,2.2779715891374508e-08,
song,zipf,0.8,28,7,2017,true,1.0,1.0,0.05,24,0.9483327594947774,30,2.1049393125039177,19,0.7916666666666666,0.82,0.0,-0.25997137235271683,-0.48047011139723483,0.6308931509701394,False,1.3419226783388822,1.801646388148585,7.678920610487694e-09,
song,zipf,0.8,29,0,2010,discovered,1.0,1.0,0.05,59,0.9058445331247965,3,2.5721958188767093,29,0.4915254237288136,0.43,0.0,-0.4709510849114451,-0.6655957793897965,0.5056695048591614,False,-0.3144012642497079,1.1820194981124956,2.922462272181292e-11,
song,zipf,0.8,29,0,2010,true,1.0,1.0,0.05,22,0.8917878531206899,4,2.0133092307515508,19,0.8636363636363636,0.72,0.0,-0.2410349191266492,-0.426952820451698,0.6694136918728663,False,-1.7193217288027445,2.0957219391458612,6.978275735036732e-09,
song,zipf,0.8,29,1,2011,discovered,1.0,1.0,0.05,70,0.9393082512827763,4,2.1796462955193783,32,0.45714285714285713,0.17,0.0,-0.08791063044311676,-0.24019944026725085,0.8101756475830717,False,-8.587014487569752,3.014546157002243,5.358391774734628e-08,
song,zipf,0.8,29,1,2011,true,1.0,1.0,0.05,23,0.8309420456379696,13,2.131930189879442,12,0.5217391304347826,0.52,0.0,-0.17093778292914896,-0.40772475015973697,0.6834757646674101,False,0.5631010988417077,1.7417285116299457,7.13839654054027e-10,
song,zipf,0.8,29,2,2012,discovered,1.0,1.0,0.05,102,0.9468353269118458,2,1.8929918116666093,62,0.6078431372549019,0.04,0.0,-1.2392115137358877,-0.8872980669242345,0.3749184460524,False,-1.4607649911978031,1.9628468706551432,1.9193180378351826e-10,
song,zipf,0.8,29,2,2012,true,1.0,1.0,0.05,24,0.9698954409514741,8,1.8506825465871868,20,0.8333333333333334,0.7,0.0,-0.8835390611845195,-0.8586100883115936,0.3905556703964682,False,1.827617461945859,1.5378181516806424,4.60858018414001e-11,
song,zipf,0.8,29,3,2013,discovered,1.0,1.0,0.05,82,0.9400522595158324,6,2.0208993581640455,27,0.32926829268292684,0.32,0.0,-0.9569687702138756,-0.9043924532512451,0.3657873384424105,False,1.2501112181943004,1.3942580848747084,7.560174708487466e-12,
song,zipf,0.8,29,3,2013,true,1.0,1.0,0.05,24,0.8822605192116404,17,2.7119605511894336,14,0.5833333333333334,0.48,0.0,0.01375998444565596,0.6496650711451035,0.5159085906841834,False,-146381.03516787902,289.8123395929737,6.551579463121016e-05,
song,zipf,0.8,29,4,2014,discovered,1.0,1.0,0.05,100,0.9103429304582489,6,1.9114096489196533,42,0.42,0.02,0.0,-3.0132409557662907,-1.7196045949574958,0.08550434036667731,False,2.0838252748393065,1.1736861969130572,6.252776074688882e-13,
song,zipf,0.8,29,4,2014,true,1.0,1.0,0.05,24,0.9614603317762147,22,2.2746693032275087,17,0.7083333333333334,0.41,0.0,-0.09585159711614288,-0.3714245372891913,0.7103213524881893,False,-1.3487175948961327,2.129094922527498,1.0893472790485248e-09,
song,zipf,0.8,29,5,2015,discovered,1.0,1.0,0.05,170,0.9375091357753287,1,1.5322313028705512,170,1.0,0.0,0.0,-4.4242525572895826,-1.484933687295854,0.1375613911899351,False,-3.8054491573767173,3.1960912633970797,9.067389328265563e-08,
song,zipf,0.8,29,5,2015,true,1.0,1.0,0.05,24,0.9859274916510066,36,2.189253584029697,22,0.9166666666666666,0.94,0.0,-0.048017201502392304,-0.20800277790962815,0.8352267983343257,False,-5.333553013454104,2.9582979172322172,5.103893698787942e-07,
song,zipf,0.8,29,6,2016,discovered,1.0,1.0,0.05,125,0.8666500529104508,26,2.851661283645648,22,0.176,0.35,0.0,-0.5162024312978417,-0.7126193582743623,0.4760813295617331,False,2.679737792449978,0.8858446585620151,2.0975221559638157e-11,
song,zipf,0.8,29,6,2016,true,1.0,1.0,0.05,24,0.9847104305241942,22,1.9376146360449926,23,0.9583333333333334,0.48,0.0,-0.6980398568238497,-0.7833561630705701,0.43341799097456835,False,2.389263563767086,1.602075836713247,5.224052301855409e-10,
song,zipf,0.8,29,7,2017,discovered,1.0,1.0,0.05,95,0.8659534135858217,31,2.5809350401020694,27,0.28421052631578947,0.75,0.0,-0.30160642965657614,-0.5382650587877313,0.5903940703997574,False,1.6363713387727978,1.3475049907267762,1.3519638741854578e-09,
song,zipf,0.8,29,7,2017,true,1.0,1.0,0.05,24,0.9778015153751752,68,2.3232138300206704,14,0.5833333333333334,0.95,0.0,-0.02882003734949734,-0.1718852487551948,0.8635277437728338,False,-4.10097186639946,2.7071463750527323,4.877534394154281e-07,
song,uniform,0.0,0,0,2010,discovered,1.0,1.0,0.05,56,0.80665071245267,4,2.4504800081783102,30,0.5357142857142857,0.01,0.0,-2.8326346940024987,-1.4784679122459057,0.13928257960067073,False,1.7104620120909793,0.6304404560411319,1.6626700016786344e-12,
song,uniform,0.0,0,0,2010,true,1.0,1.0,0.05,24,0.7677122996333688,11,5.837875399194642,12,0.5,0.56,0.0,-1.3440519025222564,-1.0437116676149873,0.296618810036015,False,2.532940628759807,0.174412283394867,3.552713678800501e-15,
song,uniform,0.0,0,1,2011,discovered,1.0,1.0,0.05,93,0.8952577021903528,1,1.689679902394023,93,1.0,0.01,0.0,-5.793538509735505,-2.101547914550719,0.03559289655535576,False,-0.32450064266397455,1.6196295024291512,2.5625013222452253e-10,
song,uniform,0.0,0,1,2011,true,1.0,1.0,0.05,24,0.6958851877813025,20,7.636155348397421,15,0.625,0.1,0.0,-2.5744054695911367,-1.9450005035982445,0.05177491769876669,False,3.119306091744252,0.10671086725636818,2.078337502098293e-12,
song,uniform,0.0,0,2,2012,discovered,1.0,1.0,0.05,97,0.8200952227087995,8,2.3301578157432234,39,0.4020618556701031,0.06,0.0,-4.402120718866815,-1.8642298119775322,0.06228943853413542,False,2.533153534917983,0.6523915694702952,1.2136069926782511e-11,
song,uniform,0.0,0,2,2012,true,1.0,1.0,0.05,24,0.673513630140122,31,8.773732234268326,18,0.75,0.58,0.0,-0.7330329213421218,-0.9229559580111674,0.35603015729527177,False,3.4100752969976442,0.16969313859512175,2.842170943040401e-14,
song,uniform,0.0,0,3,2013,discovered,1.0,1.0,0.05,81,0.8709075631387507,1,1.6162631118352722,81,1.0,0.0,0.0,-4.604121140994253,-1.7130858314202866,0.08669675024077,False,-0.5039010366278152,1.8828745343423245,1.9744561541301664e-10,
song,uniform,0.0,0,3,2013,true,1.0,1.0,0.05,24,0.7814131698939314,27,8.277991133237434,15,0.625,0.09,0.0,-2.5747263088686396,-1.2962612486044154,0.19488549441728265,False,3.408481067308833,0.09803780819732626,2.7391422463551862e-11,
song,uniform,0.0,0,4,2014,discovered,1.0,1.0,0.05,84,0.8324748601056766,1,1.463951414549402,84,1.0,0.0,0.0,-3.6782415916784226,-1.5114501350537537,0.1306738041166156,False,-1.500016475344772,2.8604604540491,3.0249793780967593e-09,
song,uniform,0.0,0,4,2014,true,1.0,1.0,0.05,24,0.9021967834444565,60,7.557755036761536,22,0.9166666666666666,0.15151515151515152,1.0,-1.6131799008131678,-1.0929069527036788,0.274434655308337,False,4.1517345263134,0.16069492294384838,1.0373923942097463e-12,
song,uniform,0.0,0,5,2015,discovered,1.0,1.0,0.05,90,0.7621609421510527,3,1.4392990662477645,70,0.7777777777777778,0.0,0.0,-12.244413343043107,-2.8136738249550874,0.004897889776047088,False,2.8024848999843543,1.6330553815270101,2.751221472863108e-11,
song,uniform,0.0,0,5,2015,true,1.0,1.0,0.05,24,0.8242189922184684,125,8.71054353110036,20,0.8333333333333334,0.26262626262626265,1.0,-3.0299763558435364,-1.4424263427057487,0.14918213685946474,False,4.929065028239624,0.10002157320528275,2.2311041902867146e-12,
song,uniform,0.0,0,6,2016,discovered,1.0,1.0,0.05,88,0.6994099372707312,75,9.99574524573736,16,0.18181818181818182,0.43,0.0,-1.68858746970219,-1.1039052325702117,0.2696342488136496,False,4.385725564071495,0.10043803878857374,2.5579538487363607e-13,
song,uniform,0.0,0,6,2016,true,1.0,1.0,0.05,24,0.9012185730531302,75,9.222470848041674,18,0.75,0.32323232323232326,1.0,-1.638325701458418,-1.192792932125142,0.23295047883461528,False,4.381573913613318,0.1171644908875856,3.879563337250147e-12,
song,uniform,0.0,0,7,2017,discovered,1.0,1.0,0.05,171,0.9140021096056941,1,1.5740374793787564,171,1.0,0.19,0.0,0.1508556631871656,0.08345166554533495,0.933492408576787,False,-19.840147237782993,5.714631421873642,2.7037056611334265e-06,
song,uniform,0.0,0,7,2017,true,1.0,1.0,0.05,24,0.7979396537344606,88,6.573431121488229,23,0.9583333333333334,0.02,0.0,-4.48297765527922,-1.7272607828370574,0.08412083896025956,False,4.630848932951475,0.12276429087324432,4.973799150320701e-13,
song,uniform,0.0,1,0,2010,discovered,1.0,1.0,0.05,83,0.8774098599641608,1,1.874361442903685,83,1.0,0.04,0.0,-3.8146642844046896,-1.7632396679320042,0.07786007602939819,False,-0.591398479437091,1.3942886385425097,5.164224603504408e-11,
song,uniform,0.0,1,0,2010,true,1.0,1.0,0.05,24,0.4958259338529287,10,4.411524366042195,19,0.7916666666666666,0.27,0.0,-1.6895674026562728,-1.0910358302594791,0.2752571168163971,False,2.4492049155954376,0.27665890647602365,1.0658141036401503e-13,
song,uniform,0.0,1,1,2011,discovered,1.0,1.0,0.05,79,0.8093257768976182,20,6.643458439076531,12,0.1518987341772152,0.32,0.0,-0.014606517822452147,-0.12447755579735645,0.9009371700361014,False,0.17678188135057632,0.7397019911574988,1.0240341907774564e-10,
song,uniform,0.0,1,1,2011,true,1.0,1.0,0.05,24,0.9546903568209093,18,5.715094701407295,20,0.8333333333333334,0.47,0.0,-0.27192458195715297,-0.5307989117140848,0.595558134295148,False,2.417573205280851,0.4159671370593531,3.630873379734112e-12,
song,uniform,0.0,1,2,2012,discovered,1.0,1.0,0.05,62,0.6322759008456178,5,1.7779941809496378,49,0.7903225806451613,0.0,0.0,-15.961609783609616,-3.519218599118577,0.0004328199209527002,False,2.7713156199651574,0.6638880122084753,2.992806003021542e-11,
song,uniform,0.0,1,2,2012,true,1.0,1.0,0.05,24,0.9705480982939951,36,9.355219578829725,12,0.5,0.61,0.0,-0.00040806374190793804,-0.01998012262169874,0.9840592292509492,False,-9.61396733338606,1.2603630815324183,7.786134484888407e-05,
song,uniform,0.0,1,3,2013,discovered,1.0,1.0,0.05,97,0.8686522527945363,18,4.320810669500368,17,0.17525773195876287,0.75,0.0,-0.6950531296318059,-0.7831065232618383,0.43356456082239103,False,2.826601639163332,0.3973084065121761,4.7137405090325046e-11,
song,uniform,0.0,1,3,2013,true,1.0,1.0,0.05,24,0.8844797365505631,26,5.5835755465586905,19,0.7916666666666666,0.04,0.0,-1.622790339280785,-1.049141644697987,0.2941129317050284,False,3.3629634629684446,0.21403918650778603,1.4210854715202004e-12,
song,uniform,0.0,1,4,2014,discovered,1.0,1.0,0.05,116,0.8901203786261437,1,1.561407402436227,116,1.0,0.04,0.0,-0.6422162652818802,-0.3637383355935014,0.7160534137404768,False,-8.96775096172419,4.1585312238245455,4.463629466044949e-09,
song,uniform,0.0,1,4,2014,true,1.0,1.0,0.05,24,0.7874957229521281,58,9.085712467029218,18,0.75,0.36,0.0,-1.3674950244194393,-0.9098331902077684,0.3629104879554629,False,4.110545857047321,0.12825426297847248,6.340670211102406e-10,
song,uniform,0.0,1,5,2015,discovered,1.0,1.0,0.05,97,0.7549678496678848,1,1.3372380647120876,97,1.0,0.0,0.0,-15.603887013920529,-3.1654318580529206,0.001548529279783361,False,1.7230463544398296,2.214262306932937,2.9558577807620168e-12,
song,uniform,0.0,1,5,2015,true,1.0,1.0,0.05,24,0.8175901416145458,124,9.819360729338953,20,0.8333333333333334,0.32,0.0,-4.733121234457465,-1.8201630886238973,0.06873417237403018,False,4.92267108071263,0.07058592979895344,4.405364961712621e-12,
song,uniform,0.0,1,6,2016,discovered,1.0,1.0,0.05,120,0.8435508070489685,1,1.4829017838354466,120,1.0,0.0,0.0,-3.8858868856200113,-1.2962819907466283,0.1948783508228057,False,-1.947512855429424,2.912024036143953,1.7147385733551346e-09,
song,uniform,0.0,1,6,2016,true,1.0,1.0,0.05,24,0.8811076099940081,75,9.240699891830578,22,0.9166666666666666,0.34375,4.0,-0.5309526176913599,-0.6421065984130444,0.5208039719138375,False,4.199198143017193,0.1963771580188604,7.16227077646181e-12,
song,uniform,0.0,1,7,2017,discovered,1.0,1.0,0.05,104,0.8360457386882902,1,1.434865261383187,104,1.0,0.01,0.0,-6.131321347540759,-1.893014594144691,0.05835592868521918,False,-0.5436439780427049,2.6730402681964165,5.269953362585511e-10,
song,uniform,0.0,1,7,2017,true,1.0,1.0,0.05,24,0.8510377219046049,84,7.756202248211324,22,0.9166666666666666,0.050505050505050504,1.0,-3.4597398396801604,-1.4677507918429273,0.14217192845178003,False,4.547626742298811,0.11200830642161429,1.6342482922482304e-12,
song,uniform,0.0,2,0,2010,discovered,1.0,1.0,0.05,61,0.8170198827490138,2,1.835848530438398,49,0.8032786885245902,0.03,0.0,-5.627334487614503,-1.9282656654150538,0.05382209016413002,False,1.296601959538147,1.0015346793541888,3.385025593161117e-11,
song,uniform,0.0,2,0,2010,true,1.0,1.0,0.05,24,0.8105979890267004,12,5.20776237336791,10,0.4166666666666667,0.73,0.0,-0.3492900894780657,-0.6468806742169123,0.5177091744171844,False,2.390950902928356,0.32833880905169865,6.394884621840902e-14,
song,uniform,0.0,2,1,2011,discovered,1.0,1.0,0.05,72,0.7254912698583021,10,3.4601610746169276,27,0.375,0.23,0.0,-1.7183535162328427,-1.1962219864101107,0.23160994311362404,False,2.396844092852887,0.44632339162557405,3.007301074831048e-10,
song,uniform,0.0,2,1,2011,true,1.0,1.0,0.05,24,0.7926249544176734,23,7.9246781130308825,11,0.4583333333333333,0.33,0.0,-0.559496575633603,-0.6792801516920229,0.4969603701796115,False,3.1452833715161703,0.173631880324981,2.4158453015843406e-13,
song,uniform,0.0,2,2,2012,discovered,1.0,1.0,0.05,119,0.8875410950434796,1,1.5748896931913579,119,1.0,0.0,0.0,-9.756034028100766,-2.669166825221642,0.0076039671860910546,False,0.0907095218542101,1.7543777098154087,2.94903657049872e-10,
song,uniform,0.0,2,2,2012,true,1.0,1.0,0.05,24,0.7872417795705402,26,4.306988185606376,23,0.9583333333333334,0.01,0.0,-6.028905492829858,-2.1112871763450176,0.03474763560579205,False,3.5338158210209443,0.1768636350064884,5.1301185521879233e-11,
song,uniform,0.0,2,3,2013,discovered,1.0,1.0,0.05,89,0.8380846817996733,1,1.53922921891857,89,1.0,0.0,0.0,-12.094706424219652,-2.9198210490753533,0.0035023243534893452,False,0.8627022114533842,1.4516251925552426,1.7053025658242404e-13,
song,uniform,0.0,2,3,2013,true,1.0,1.0,0.05,24,0.665226385322158,30,9.355681254292584,17,0.7083333333333334,0.6,0.0,-0.9874838747919261,-0.9621600696512724,0.3359692035724595,False,3.424445324604105,0.13706475125933307,2.3419488570652902e-11,
song,uniform,0.0,2,4,2014,discovered,1.0,1.0,0.05,106,0.851851775135743,1,1.4897118986018543,106,1.0,0.02,0.0,-5.401051788091897,-1.9113009652661745,0.055965915097389546,False,-1.0640020115514992,2.571434493047312,2.4987230062833987e-09,
song,uniform,0.0,2,4,2014,true,1.0,1.0,0.05,24,0.8167920963357466,63,9.087013512459563,15,0.625,0.53,0.0,-1.3527534578793392,-0.9574116660279745,0.338359512460655,False,4.207597797043741,0.11943258374262775,9.237055564881302e-14,
song,uniform,0.0,2,5,2015,discovered,1.0,1.0,0.05,130,0.8522638710230451,1,1.4046585404265128,130,1.0,0.0,0.0,-7.34429553616069,-2.057852402555803,0.039604303968163224,False,-0.72031242877418,2.945121218127522,1.3121166375640314e-09,
song,uniform,0.0,2,5,2015,true,1.0,1.0,0.05,24,0.950942327417344,143,7.904904300289166,24,1.0,,,-2.4635158633098198,-1.367521623355258,0.1714618642959277,False,5.0494557211656765,0.13296129711026095,3.5436187317827716e-10,gof: 11 of 100 bootstrap replicates could not be fitted (allowed fraction 0.05); the p-value would be biased; 
song,uniform,0.0,2,6,2016,discovered,1.0,1.0,0.05,171,0.9250260698708984,1,1.621020564343163,171,1.0,0.28,0.0,1.1623657750186265,0.8439343585017822,0.39870608724714984,False,-207.08822529878074,16.69269852094167,0.0030443945428828556,
song,uniform,0.0,2,6,2016,true,1.0,1.0,0.05,24,0.8958061683928665,83,9.673797081005228,23,0.9583333333333334,,,-0.6339092664098378,-0.6749660510518517,0.4996973341242483,False,4.3324151498450005,0.17785838958365058,9.237055564881302e-13,gof: 14 of 100 bootstrap replicates could not be fitted (allowed fraction 0.05); the p-value would be biased; 
song,uniform,0.0,2,7,2017,discovered,1.0,1.0,0.05,148,0.8831463658548293,1,1.4774203727359703,148,1.0,0.0,0.0,-4.838635884354645,-1.6859318046878222,0.0918089351939808,False,-2.7946373971782763,3.194237955473482,1.9940671336371452e-10,
song,uniform,0.0,2,7,2017,true,1.0,1.0,0.05,24,0.8081989262510036,91,6.817304231923136,24,1.0,0.01020408163265306,2.0,-6.34821553638875,-2.017292484878914,0.043664999419058326,False,4.6694722108249325,0.1010644219526105,1.1752376849472057e-11,
song,uniform,0.0,3,0,2010,discovered,1.0,1.0,0.05,47,0.7840656466468753,10,5.1808105875836805,14,0.2978723404255319,0.97,0.0,-0.09250109695309927,-0.3078431659854316,0.7582016738003465,False,1.181906716029513,0.5954337475603798,1.0459189070388675e-11,
song,uniform,0.0,3,0,2010,true,1.0,1.0,0.05,24,0.5125815140785835,12,7.298268185975336,13,0.5416666666666666,0.58,0.0,-1.2170173665196513,-1.0259069178122837,0.3049354615471507,False,2.577038356604864,0.14380956716359772,1.4924950164640904e-10,
song,uniform,0.0,3,1,2011,discovered,1.0,1.0,0.05,79,0.7614945029077888,19,6.545254570199659,13,0.16455696202531644,0.32,0.0,-0.1752343780137342,-0.3785408402790288,0.7050288606964058,False,2.5446916545244656,0.35338203387577044,7.105427357601002e-15,
song,uniform,0.0,3,1,2011,true,1.0,1.0,0.05,24,0.8949373938023667,17,5.9700943163473195,21,0.875,0.34,0.0,-0.28871501780303976,-0.5232287641309921,0.6008150668550019,False,2.394695512827719,0.39171222673452505,2.4442670110147446e-12,
song,uniform,0.0,3,2,2012,discovered,1.0,1.0,0.05,97,0.7810403402163233,24,7.361596088193387,11,0.1134020618556701,0.43,0.0,-0.08475459654816042,-0.30785579214274345,0.7581920658238773,False,2.555009436802731,0.3730326977759471,8.704148513061227e-13,
song,uniform,0.0,3,2,2012,true,1.0,1.0,0.05,24,0.8403811983532583,28,6.095107901542499,21,0.875,0.8,0.0,-1.0946757166048955,-1.0760632139686725,0.28189898609662567,False,3.3467150034014455,0.2358266755063514,1.2860823517257813e-11,
song,uniform,0.0,3,3,2013,discovered,1.0,1.0,0.05,79,0.7894851942065123,18,6.518717533528712,20,0.25316455696202533,0.82,0.0,0.00541875758236543,0.5115916535685565,0.6089368280880134,False,-110225.2820174898,139.7576360986593,2.278562169522047e-05,
song,uniform,0.0,3,3,2013,true,1.0,1.0,0.05,24,0.9591364803481646,23,4.975346281214595,14,0.5833333333333334,0.78,0.0,-0.44316090468046765,-0.7341986414203486,0.46282768138336405,False,2.997049017264068,0.36637545386974785,9.094947017729282e-13,
song,uniform,0.0,3,4,2014,discovered,1.0,1.0,0.05,97,0.8151049518240419,51,8.16040420450375,13,0.13402061855670103,0.84,0.0,-0.12254342316348943,-0.33250300736006605,0.739509469219011,False,3.475299026802108,0.31185565359494904,3.299049922134145e-11,
song,uniform,0.0,3,4,2014,true,1.0,1.0,0.05,24,0.9034096688141797,56,6.781496270250721,20,0.8333333333333334,0.12,0.0,-1.9266566840300126,-1.1897563725803848,0.23414216149125522,False,4.122093181076627,0.16247138958440013,4.263256414560601e-14,
song,uniform,0.0,3,5,2015,discovered,1.0,1.0,0.05,138,0.7983011059435863,29,2.4573789519327023,46,0.3333333333333333,0.22,0.0,-1.8390180160776222,-1.2419291676828261,0.21426269732504977,False,3.197784195829457,0.923906036654173,2.1657342585967854e-11,
song,uniform,0.0,3,5,2015,true,1.0,1.0,0.05,24,0.8105503023223013,129,7.862362882484886,24,1.0,0.0,3.0,-8.902710089630315,-2.485257338028969,0.012945781389059805,False,5.000852092774695,0.07157462523957372,2.5579538487363607e-13,
song,uniform,0.0,3,6,2016,discovered,1.0,1.0,0.05,135,0.8004155979301001,21,2.4684193516351423,40,0.2962962962962963,0.2,0.0,-2.6004079321279407,-1.5349506136017006,0.12479595958342156,False,3.2190173721161335,0.7555712336173863,1.9696244635269977e-11,
song,uniform,0.0,3,6,2016,true,1.0,1.0,0.05,24,0.9080818671344577,69,6.385649995511393,24,1.0,0.2653061224489796,2.0,-2.5201764343843456,-1.4202197561302765,0.15554371381488552,False,4.347089130256392,0.16832881209061026,8.526512829121202e-14,
song,uniform,0.0,3,7,2017,discovered,1.0,1.0,0.05,102,0.7948861405867064,1,1.4066578922321185,102,1.0,0.0,0.0,-3.9566307055380894,-1.2311640072110028,0.21826153008285898,False,-1.2068588506039313,3.1251860880186286,2.221781869593542e-09,
song,uniform,0.0,3,7,2017,true,1.0,1.0,0.05,24,0.9114492901486748,99,9.882248862064236,20,0.8333333333333334,0.40816326530612246,2.0,-2.306955296832022,-1.5319233311656095,0.1255413553439718,False,4.669378847362388,0.0980358206013387,3.6641267797676846e-10,
song,uniform,0.0,4,0,2010,discovered,1.0,1.0,0.05,49,0.7361319885094296,8,3.6867084319465726,18,0.3673469387755102,0.23,0.0,-1.9850133903540153,-1.2922253554455387,0.19627911329523517,False,2.306798269405356,0.31907793944131924,4.121147867408581e-12,
song,uniform,0.0,4,0,2010,true,1.0,1.0,0.05,24,0.9175717751399444,10,5.455500401798132,17,0.7083333333333334,0.86,0.0,-0.2319513168425109,-0.4914985106673586,0.6230739052171959,False,1.8135436441175177,0.43280257468625377,7.815970093361102e-14,
song,uniform,0.0,4,1,2011,discovered,1.0,1.0,0.05,72,0.768770904805291,13,5.29903802640515,18,0.25,0.11,0.0,-1.0400180027779387,-0.9219194828117138,0.3565705758664165,False,2.6063288805732707,0.26391344256074245,1.5347723092418164e-12,
song,uniform,0.0,4,1,2011,true,1.0,1.0,0.05,24,0.7585550012666137,19,6.495664440820099,16,0.6666666666666666,0.59,0.0,-0.8335150375343483,-0.8052270421208781,0.42068867415567013,False,2.959548810438311,0.21664919055190848,4.831690603168681e-13,
song,uniform,0.0,4,2,2012,discovered,1.0,1.0,0.05,97,0.8514258220356867,1,1.5135921932075802,97,1.0,0.0,0.0,-10.431107085621722,-2.6658107942785962,0.0076802904299766595,False,0.5991408098825455,1.7249569574847743,5.525180313270539e-11,
song,uniform,0.0,4,2,2012,true,1.0,1.0,0.05,24,0.831925178744145,34,9.523656084144141,16,0.6666666666666666,0.5,0.0,-1.6600435741525792,-1.167163770863867,0.2431442385927579,False,3.597828875423075,0.10564321622527072,3.461835262896784e-10,
song,uniform,0.0,4,3,2013,discovered,1.0,1.0,0.05,125,0.883042696252584,6,2.5127051836337095,41,0.328,0.2,0.0,-1.5684268073582404,-1.1714683059665578,0.24141059021978328,False,1.5331684117883833,0.8955422466668934,8.100187187665142e-13,
song,uniform,0.0,4,3,2013,true,1.0,1.0,0.05,24,0.8791509298802505,25,6.147988559348303,15,0.625,0.3,0.0,-1.128343296824354,-0.9309041791380755,0.35190313254990657,False,3.2954017759965892,0.20065614429009007,2.2168933355715126e-12,
song,uniform,0.0,4,4,2014,discovered,1.0,1.0,0.05,90,0.7793006793893378,1,1.441028827242742,90,1.0,0.0,0.0,-6.0367067239992,-1.7452494453075684,0.08094145773250055,False,-0.016206151883139265,2.412229601281326,1.3415046851150692e-11,
song,uniform,0.0,4,4,2014,true,1.0,1.0,0.05,24,0.8585691419939344,52,6.248987054246129,24,1.0,0.030303030303030304,1.0,-4.446090067244773,-1.974021811366143,0.04837926289079538,False,4.111114241618646,0.13310331608059495,6.206164471223019e-10,
song,uniform,0.0,4,5,2015,discovered,1.0,1.0,0.05,104,0.7857683346503448,1,1.3576224017027865,104,1.0,0.0,0.0,-12.384172694987942,-2.8440163840750303,0.004454875708764261,False,1.1334609294376756,2.416415375448206,1.858779796748422e-11,
song,uniform,0.0,4,5,2015,true,1.0,1.0,0.05,24,0.7919962849955886,127,9.147369163865147,23,0.9583333333333334,,,-6.654126162293251,-2.134464304580525,0.032804792602632145,False,4.959361225137392,0.06895127559469955,3.204547738278052e-11,gof: 15 of 100 bootstrap replicates could not be fitted (allowed fraction 0.05); the p-value would be biased; 
song,uniform,0.0,4,6,2016,discovered,1.0,1.0,0.05,125,0.8531258561339141,10,1.9535827465003335,49,0.392,0.0,0.0,-4.294104299640915,-1.8070462180725408,0.0707550732060896,False,2.7853239333387045,1.0266826246952017,2.566480361565482e-11,
song,uniform,0.0,4,6,2016,true,1.0,1.0,0.05,24,0.9151655588543391,77,9.126525174587147,20,0.8333333333333334,,,-0.669374028763909,-0.7954591405905922,0.4263464697326955,False,4.287655466425994,0.17664416858490228,5.258016244624741e-13,gof: 10 of 100 bootstrap replicates could not be fitted (allowed fraction 0.05); the p-value would be biased; 
song,uniform,0.0,4,7,2017,discovered,1.0,1.0,0.05,77,0.7001677582002557,18,2.0983727221843425,41,0.5324675324675324,0.0,0.0,-6.1376485114260015,-2.18140779155068,0.029153267848907132,False,3.5775762310291914,0.7038988181096348,1.6484591469634324e-12,
song,uniform,0.0,4,7,2017,true,1.0,1.0,0.05,24,0.8373272416817986,81,8.694491272773774,24,1.0,,,-7.3237995306387145,-2.318518373405055,0.020421165586656444,False,4.517210307129243,0.07080132419192224,1.5518253349000588e-11,gof: 17 of 100 bootstrap replicates could not be fitted (allowed fraction 0.05); the p-value would be biased; 
song,uniform,0.0,5,0,2010,discovered,1.0,1.0,0.05,67,0.775015764058767,9,4.593047367382251,13,0.19402985074626866,0.45,0.0,-0.2289021159403235,-0.5499995256373863,0.582319698936222,False,1.7432077248872344,0.49390219980728434,2.7416291459303466e-11,
song,uniform,0.0,5,0,2010,true,1.0,1.0,0.05,24,0.9199211375650173,9,4.817225680640214,20,0.8333333333333334,0.48,0.0,-0.7151782564484654,-0.8045059758135606,0.42110481954380796,False,2.1029967040374222,0.35562809465059864,1.4210854715202004e-13,
song,uniform,0.0,5,1,2011,discovered,1.0,1.0,0.05,76,0.8201057815694219,8,2.8998658628460174,30,0.39473684210526316,0.44,0.0,-0.8522871481732677,-0.811447543339494,0.4171087057167815,False,1.659228632519704,0.7971592392485515,2.2950530365051236e-11,
song,uniform,0.0,5,1,2011,true,1.0,1.0,0.05,24,0.813203934842871,24,9.144286191612194,10,0.4166666666666667,0.68,0.0,-0.8897196346490577,-0.8662820649584517,0.38633549919984966,False,3.2428456568243096,0.11699904116647555,2.7000623958883807e-13,
song,uniform,0.0,5,2,2012,discovered,1.0,1.0,0.05,81,0.790346042401842,1,1.4937113373849753,81,1.0,0.0,0.0,-8.55580303021847,-2.1826309198465803,0.02906300087281296,False,0.6830541146917212,1.7715378594562303,1.3358203432289883e-12,
song,uniform,0.0,5,2,2012,true,1.0,1.0,0.05,24,0.7406699027279161,33,8.541186225011723,17,0.7083333333333334,0.55,0.0,-1.391980971429032,-1.014246763296351,0.31046501979446983,False,3.557701791593673,0.13229716582694145,2.2041035663278308e-11,
song,uniform,0.0,5,3,2013,discovered,1.0,1.0,0.05,75,0.7522442008416195,21,9.006509271934581,14,0.18666666666666668,0.77,0.0,-1.0733134678583256,-0.9930700642500341,0.3206758113227294,False,3.0987223377666684,0.12615201076730184,2.877698079828406e-13,
song,uniform,0.0,5,3,2013,true,1.0,1.0,0.05,24,0.7865773442822418,25,6.907851815228362,16,0.6666666666666666,0.45,0.0,-0.15281909559212536,-0.3650524147547651,0.7150722807349443,False,2.6739648464434933,0.3741051160472002,4.2739145555970026e-11,
song,uniform,0.0,5,4,2014,discovered,1.0,1.0,0.05,68,0.7706130900553563,53,8.790147266754497,11,0.16176470588235295,0.48,0.0,-0.47609300813005895,-0.6165553119958552,0.537528078007001,False,3.9544719154876926,0.16664648419200015,7.332090490308474e-11,
song,uniform,0.0,5,4,2014,true,1.0,1.0,0.05,24,0.7556942252738073,53,7.675081942519036,18,0.75,0.04,0.0,-5.659582631943417,-2.251934353898606,0.024326420772996807,False,4.112088832473395,0.08005105504402152,1.5916157281026244e-12,
song,uniform,0.0,5,5,2015,discovered,1.0,1.0,0.05,174,0.866449510461341,1,1.502582656638249,174,1.0,0.0,0.0,2.19998664345702,1.1825503619416264,0.23698739491498844,False,-25.32030195313601,6.915495824803974,1.2351359828244313e-05,
song,uniform,0.0,5,5,2015,true,1.0,1.0,0.05,24,0.8527726755177311,126,8.730602757628011,22,0.9166666666666666,0.1836734693877551,2.0,-1.9493481047852956,-1.1411387153435069,0.2538122024634185,False,4.902245686593846,0.12640413645774648,1.4455281416303478e-10,
song,uniform,0.0,5,6,2016,discovered,1.0,1.0,0.05,81,0.6762558156254546,69,8.895835242679432,11,0.13580246913580246,0.71,0.0,-0.3024361391424244,-0.530375679011723,0.595851485151494,False,4.138593275905993,0.19542140457888074,1.814726147131296e-11,
song,uniform,0.0,5,6,2016,true,1.0,1.0,0.05,24,0.8336848625473103,78,9.767199661252228,17,0.7083333333333334,0.33,0.0,-2.036023665328571,-1.3175518452138721,0.187653714728361,False,4.434008424769959,0.09753994453204536,2.9487523534044158e-12,
song,uniform,0.0,5,7,2017,discovered,1.0,1.0,0.05,56,0.5701918748760632,72,5.940382624035283,20,0.35714285714285715,0.07,0.0,-0.5012592058381871,-0.4751745190268881,0.6346625874276983,False,4.090766597047086,0.32375261426245955,1.4594547792512458e-11,
song,uniform,0.0,5,7,2017,true,1.0,1.0,0.05,24,0.8308208833017764,80,9.099987697538925,21,0.875,0.34,0.0,-2.673130254370816,-1.3304385374774208,0.18337382435555616,False,4.469131566967166,0.10278038553539684,3.922195901395753e-12,
song,uniform,0.0,6,0,2010,discovered,1.0,1.0,0.05,59,0.850150331357378,8,5.611110021011241,12,0.2033898305084746,0.79,0.0,-0.0406833190428868,-0.194423873099166,0.8458439985311722,False,0.38569170529094854,0.6564491960930093,8.501643833369599e-12,
song,uniform,0.0,6,0,2010,true,1.0,1.0,0.05,24,0.7798907029934028,8,4.294872590406141,18,0.75,0.26,0.0,-1.5814629364056692,-1.0874161795876476,0.2768529239145546,False,2.230223401806792,0.2846283047020441,2.1316282072803006e-14,
song,uniform,0.0,6,1,2011,discovered,1.0,1.0,0.05,67,0.7313179735180914,14,4.270632136349415,19,0.2835820895522388,0.34,0.0,-1.6401224060294077,-1.2175116534691677,0.22340960531383958,False,2.7850752280294913,0.2962191772870951,2.625029082992114e-10,
song,uniform,0.0,6,1,2011,true,1.0,1.0,0.05,24,0.8696820124952609,20,5.485115056296874,21,0.875,0.1,0.0,-2.372399694830701,-1.325476837480355,0.1850130468554485,False,3.1388301908540943,0.19284293188266668,5.044853423896711e-13,
song,uniform,0.0,6,2,2012,discovered,1.0,1.0,0.05,82,0.7182450854577695,4,1.7276576198970757,57,0.6951219512195121,0.0,0.0,-14.774757942609355,-3.4497889609858596,0.0005610249489262379,False,2.5629305292162563,0.8004354079143616,1.0243184078717604e-10,
song,uniform,0.0,6,2,2012,true,1.0,1.0,0.05,24,0.8347613372684294,30,6.106763941151191,18,0.75,0.06,0.0,-1.687722199448324,-1.006893157597943,0.31398612048499286,False,3.507238641590024,0.18484812262922337,5.329070518200751e-13,
song,uniform,0.0,6,3,2013,discovered,1.0,1.0,0.05,53,0.5872906451892226,25,8.441531975643267,14,0.2641509433962264,0.26,0.0,-0.5067307802815311,-0.9027297815993495,0.3666693263063522,False,3.1747123406234588,0.18466426117650653,1.4566126083082054e-12,
song,uniform,0.0,6,3,2013,true,1.0,1.0,0.05,24,0.9178414785495864,26,6.208068223509516,15,0.625,0.38,0.0,-0.2895346431019892,-0.4705495421867375,0.6379624475117336,False,2.9881809343930006,0.3342556831038151,9.904965736495797e-12,
song,uniform,0.0,6,4,2014,discovered,1.0,1.0,0.05,47,0.4865756022395446,37,3.480384594550837,29,0.6170212765957447,0.0,0.0,-8.772592572640026,-2.3093130489561773,0.02092621607525244,False,3.988932607714953,0.22018012740822315,2.6062707547680475e-11,
song,uniform,0.0,6,4,2014,true,1.0,1.0,0.05,24,0.769133179957488,59,9.232087467257436,20,0.8333333333333334,0.13,0.0,-3.307586325315526,-1.6133702724932792,0.10666408764282254,False,4.175509489039919,0.0894751043038822,1.0111023129866226e-11,
song,uniform,0.0,6,5,2015,discovered,1.0,1.0,0.05,77,0.6903642881161361,4,1.4672171862072418,60,0.7792207792207793,0.0,0.0,-14.563991055732895,-2.9296903196405446,0.0033929996238705406,False,3.2194135241426824,1.304884686955926,1.8758328224066645e-12,
song,uniform,0.0,6,5,2015,true,1.0,1.0,0.05,24,0.6481212493747068,100,8.483563652741799,20,0.8333333333333334,0.11,0.0,-7.537102964577391,-2.130519899333683,0.03312871472546886,False,4.734595261345244,0.06496308317832844,2.1316282072803006e-13,
song,uniform,0.0,6,6,2016,discovered,1.0,1.0,0.05,97,0.8369991168370544,3,1.5915767844338415,73,0.7525773195876289,0.0,0.0,-4.92028857842499,-1.9786650483640698,0.04785373061256601,False,1.3464719180423776,1.8625833009564952,3.7630343285854906e-11,
song,uniform,0.0,6,6,2016,true,1.0,1.0,0.05,24,0.8147823041057481,72,5.642704014778028,24,1.0,0.0,0.0,-6.466000841654682,-2.1021895564180384,0.03553667428633388,False,4.475834126963054,0.125337744256668,7.815970093361102e-11,
song,uniform,0.0,6,7,2017,discovered,1.0,1.0,0.05,224,0.930393407770032,1,1.7669584516354029,224,1.0,0.01,0.0,4.189305410247819,2.9875483118434993,0.0028122484300997564,False,-532579.536996121,752.6001581274311,0.002554609400249319,
song,uniform,0.0,6,7,2017,true,1.0,1.0,0.05,24,0.8001006114064305,91,8.606459837608131,22,0.9166666666666666,0.0,2.0,-8.592704190068325,-2.204929513964554,0.02745904107332145,False,4.63855383703384,0.06259001888434751,2.0321522242738865e-12,
song,uniform,0.0,7,0,2010,discovered,1.0,1.0,0.05,44,0.7410163183999979,8,3.68254823545667,15,0.3409090909090909,0.21,0.0,-1.8221867947680792,-1.2047007872961926,0.228318831998094,False,2.3251182927507665,0.3057556673703032,2.1316282072803006e-14,
song,uniform,0.0,7,0,2010,true,1.0,1.0,0.05,24,0.7117840868390373,11,4.873869824266436,16,0.6666666666666666,0.01,0.0,-4.906429521712693,-1.8926326873999084,0.05840673366874712,False,2.637565815489083,0.13435190763008395,1.6573409311604337e-11,
song,uniform,0.0,7,1,2011,discovered,1.0,1.0,0.05,78,0.8164224010199324,1,1.5294529824945071,78,1.0,0.0,0.0,-7.521536811187863,-2.3633780315514437,0.01810918653155159,False,0.41762687293940126,1.7589891517796112,5.7696070143720135e-12,
song,uniform,0.0,7,1,2011,true,1.0,1.0,0.05,24,0.7640548581134572,22,7.519385846315951,19,0.7916666666666666,0.95,0.0,-0.31038703683394053,-0.5625461682279165,0.573743957236438,False,2.823852506494367,0.2814750349091091,3.410605131648481e-13,
song,uniform,0.0,7,2,2012,discovered,1.0,1.0,0.05,71,0.7596587319314386,21,3.5596721668486886,23,0.323943661971831,0.27,0.0,-2.257428608051097,-1.4441280024923193,0.14870297249551317,False,3.262192832919924,0.3623133312067131,6.536993168992922e-13,
song,uniform,0.0,7,2,2012,true,1.0,1.0,0.05,24,0.8528307767203401,35,8.98887527999872,15,0.625,0.56,0.0,-0.3957057968834494,-0.5187936410149669,0.6039046528171803,False,3.4540178248000615,0.19470783131987404,9.947598300641403e-14,
song,uniform,0.0,7,3,2013,discovered,1.0,1.0,0.05,69,0.7192078274532911,24,9.018157214111884,17,0.2463768115942029,0.99,0.0,-0.1424915370546298,-0.39661592826891506,0.6916507048842667,False,2.7287659409677576,0.28629897323718273,1.3002932064409833e-12,
song,uniform,0.0,7,3,2013,true,1.0,1.0,0.05,24,0.6856867136723322,29,6.837602813674171,18,0.75,0.06,0.0,-2.186956364951187,-1.1627582951038966,0.244927582301242,False,3.484117591630505,0.14406494051689045,9.592326932761353e-11,
song,uniform,0.0,7,4,2014,discovered,1.0,1.0,0.05,106,0.8503017956177997,1,1.5250265489293122,106,1.0,0.01,0.0,-0.3308171466920843,-0.1819275162500917,0.8556396099881743,False,-8.435319056347033,4.251151390487468,3.5562038647185545e-08,
song,uniform,0.0,7,4,2014,true,1.0,1.0,0.05,24,0.7184359905815026,56,8.280690147314562,23,0.9583333333333334,0.12244897959183673,2.0,-5.072742854406702,-1.755507616929306,0.07917251893994684,False,4.146969972179328,0.08807065146609695,4.263256414560601e-14,
song,uniform,0.0,7,5,2015,discovered,1.0,1.0,0.05,97,0.6885081045388236,23,2.1110658181252133,53,0.5463917525773195,0.01,0.0,-5.191674534063738,-2.0350280857505183,0.04184804707189429,False,3.634552820758742,0.8423268799255745,2.2737367544323206e-13,
song,uniform,0.0,7,5,2015,true,1.0,1.0,0.05,24,0.8191382944306301,119,9.740139389711485,20,0.8333333333333334,,,-5.680809036372699,-1.9680036178618643,0.04906762144138852,False,4.886159660140374,0.0648673396631016,2.1501023184100632e-11,gof: 6 of 100 bootstrap replicates could not be fitted (allowed fraction 0.05); the p-value would be biased; 
song,uniform,0.0,7,6,2016,discovered,1.0,1.0,0.05,112,0.821089952861487,1,1.411666335316613,112,1.0,0.0,0.0,-11.536869140795375,-2.762912038749837,0.0057288202839892175,False,0.687084939966546,2.238856013947469,1.4210854715202004e-11,
song,uniform,0.0,7,6,2016,true,1.0,1.0,0.05,24,0.8421706513252277,79,8.860117814547165,21,0.875,0.54,0.0,-1.1063759620828795,-1.126792102812733,0.25983039022825427,False,4.380556914529695,0.15342999751792244,5.684341886080802e-14,
song,uniform,0.0,7,7,2017,discovered,1.0,1.0,0.05,75,0.7138897343096242,73,6.442748715039885,16,0.21333333333333335,0.52,0.0,-0.7838341355266909,-0.8257416118396861,0.40895068191451434,False,4.292200975895092,0.22815837676592018,8.810729923425242e-13,
song,uniform,0.0,7,7,2017,true,1.0,1.0,0.05,24,0.9463011488514724,81,7.553491303070203,23,0.9583333333333334,0.3838383838383838,1.0,-2.057904377927753,-1.2988338375139108,0.19400095944554163,False,4.473050877631513,0.14824329119099094,2.4158453015843406e-13,
song,uniform,0.0,8,0,2010,discovered,1.0,1.0,0.05,63,0.8142699639297892,11,6.365153804989053,12,0.19047619047619047,0.64,0.0,-0.6143764358608426,-0.7217072789164722,0.4704744659454112,False,2.416585735548601,0.21820911299560458,6.927791673660977e-13,
song,uniform,0.0,8,0,2010,true,1.0,1.0,0.05,24,0.7749383476950639,12,6.554742895293832,15,0.625,0.31,0.0,-1.1344802003885568,-1.0161632517211034,0.30955165268296747,False,2.561937377074658,0.1800354914656455,3.694822225952521e-12,
song,uniform,0.0,8,1,2011,discovered,1.0,1.0,0.05,59,0.6559670574276047,12,3.1229653014887973,27,0.4576271186440678,0.0,0.0,-6.299270309798612,-2.1123545605262812,0.03465604933618464,False,2.8971810178163624,0.28927768591665176,6.394884621840902e-13,
song,uniform,0.0,8,1,2011,true,1.0,1.0,0.05,24,0.6718227257321372,23,9.298088938845648,10,0.4166666666666667,0.68,0.0,-1.06757760240966,-0.9729556674045929,0.33057533608102363,False,3.211937193896015,0.10584999062342977,4.263256414560601e-13,
song,uniform,0.0,8,2,2012,discovered,1.0,1.0,0.05,97,0.8657725134201943,1,1.5735724852017046,97,1.0,0.01,0.0,-3.710652366498006,-1.4868345272164143,0.1370585199414919,False,-1.5636887289123966,2.3958354328897893,3.9108272176235914e-11,
song,uniform,0.0,8,2,2012,true,1.0,1.0,0.05,24,0.863953809435397,27,4.518533647588409,24,1.0,0.02,0.0,-3.9468086119789603,-1.6558775460383093,0.0977466196525249,False,3.5221417422381203,0.20895479160598193,6.730260793119669e-11,
song,uniform,0.0,8,3,2013,discovered,1.0,1.0,0.05,48,0.6210099339891588,23,7.163498199558711,13,0.2708333333333333,0.16,0.0,-0.661112151628116,-0.6887540006248921,0.4909780873688152,False,3.145303579749861,0.19553562416747738,2.3447910280083306e-13,
song,uniform,0.0,8,3,2013,true,1.0,1.0,0.05,24,0.8803445066625384,19,4.095651897790751,23,0.9583333333333334,0.04,0.0,-3.5362691062494713,-1.6483113512058654,0.09928879659287296,False,3.1926344252342758,0.24391927225551216,3.979039320256561e-13,
song,uniform,0.0,8,4,2014,discovered,1.0,1.0,0.05,64,0.6788765186397795,58,6.436203990970888,14,0.21875,0.26,0.0,0.00023011981831544404,0.07686082667062925,0.938734261109539,False,-22889.599125208268,64.6630063995458,2.5867157091852278e-06,
song,uniform,0.0,8,4,2014,true,1.0,1.0,0.05,24,0.9649312249586901,59,9.124133346918978,22,0.9166666666666666,0.42857142857142855,2.0,-0.7584098872945351,-0.9036094569888545,0.36620252489462934,False,4.026665362690904,0.1744293040946796,2.1316282072803006e-13,
song,uniform,0.0,8,5,2015,discovered,1.0,1.0,0.05,95,0.8001733469101873,73,3.6335450853145668,22,0.23157894736842105,0.28,0.0,-1.8402136164102147,-1.1254555665363097,0.2603960359222567,False,4.468117101264242,0.3802646072039611,2.8421709430404007e-13,
song,uniform,0.0,8,5,2015,true,1.0,1.0,0.05,24,0.7574873485652603,118,8.969038295103594,23,0.9583333333333334,,,-4.450642037218138,-1.6714152214844722,0.0946396914177978,False,4.877960793093285,0.08622324977121279,3.922195901395753e-12,gof: 7 of 100 bootstrap replicates could not be fitted (allowed fraction 0.05); the p-value would be biased; 
song,uniform,0.0,8,6,2016,discovered,1.0,1.0,0.05,86,0.7535333911049689,1,1.3912883298031353,86,1.0,0.0,0.0,-6.8284560452730245,-1.8593753376534543,0.06297395503778541,False,0.4045196162279808,2.5460926010845872,4.561115929391235e-10,
song,uniform,0.0,8,6,2016,true,1.0,1.0,0.05,24,0.9160149805964234,73,6.670751434960818,23,0.9583333333333334,0.08080808080808081,1.0,-3.002801859176697,-1.5120038833791944,0.13053287462781055,False,4.416588228489953,0.1452249073577301,2.5011104298755527e-12,
song,uniform,0.0,8,7,2017,discovered,1.0,1.0,0.05,70,0.6453706329434435,75,8.660252300548503,15,0.21428571428571427,0.25,0.0,-1.9351687433717024,-1.4116155996228452,0.15806317663685643,False,4.410314100226232,0.10801057300375586,1.2718714970105793e-12,
song,uniform,0.0,8,7,2017,true,1.0,1.0,0.05,24,0.894339600584681,83,9.933434763061124,20,0.8333333333333334,0.24489795918367346,2.0,-2.0244678794979833,-1.144008528658245,0.2526201000385414,False,4.484933007189138,0.10308247824857512,4.746425474877469e-11,
song,uniform,0.0,9,0,2010,discovered,1.0,1.0,0.05,63,0.8140460125428606,3,2.189231600641926,35,0.5555555555555556,0.0,0.0,-6.2851876780310745,-2.160725840309367,0.030716523604645808,False,1.725365051858445,0.5647829878449288,1.0089706847793423e-12,
song,uniform,0.0,9,0,2010,true,1.0,1.0,0.05,24,0.7244902159779008,11,5.045789086473565,13,0.5416666666666666,0.52,0.0,-0.3651598784677135,-0.5612017313675235,0.5746600228029652,False,2.2213483048004647,0.3696820257537421,1.1013412404281553e-13,
song,uniform,0.0,9,1,2011,discovered,1.0,1.0,0.05,70,0.7458614162275711,19,6.072666748674335,10,0.14285714285714285,0.51,0.0,-0.7000887490262353,-0.786791793560411,0.4314037582510697,False,3.0115270923560957,0.2086528946749477,3.8333780594257405e-12,
song,uniform,0.0,9,1,2011,true,1.0,1.0,0.05,24,0.8031119579888473,18,4.69236098072217,18,0.75,0.04,0.0,-2.105712517358833,-1.2880032098529233,0.19774484583231478,False,3.067811414832546,0.23068912120471433,4.565947619994404e-11,
song,uniform,0.0,9,2,2012,discovered,1.0,1.0,0.05,66,0.7631802966135923,9,2.100150487741416,34,0.5151515151515151,0.0,0.0,-6.112542206829611,-2.105358647683197,0.03526010053881817,False,2.9237482719345085,0.6397144744893548,6.536993168992922e-13,
song,uniform,0.0,9,2,2012,true,1.0,1.0,0.05,24,0.8050788335191746,33,7.628942925639889,18,0.75,0.16,0.0,-2.034797098292082,-1.2416964348831505,0.21434858584235095,False,3.594364047955378,0.1311507413712223,1.8260948309034575e-12,
song,uniform,0.0,9,3,2013,discovered,1.0,1.0,0.05,75,0.7901242381967437,22,5.456701112571098,15,0.2,0.34,0.0,-0.7440214074470628,-0.8889554706206017,0.374027011819671,False,3.0955112182059845,0.27429692017792207,1.0231815394945443e-12,
song,uniform,0.0,9,3,2013,true,1.0,1.0,0.05,24,0.8574439056240157,21,3.9776750766736204,21,0.875,0.01,0.0,-3.6370053071939776,-1.8559214046501793,0.06346476155516581,False,3.3162953092814393,0.24039293822469185,6.126299467723584e-11,
song,uniform,0.0,9,4,2014,discovered,1.0,1.0,0.05,89,0.806914206138535,1,1.476126384836551,89,1.0,0.0,0.0,-3.9047084167498203,-1.3118605728390849,0.18956718265007066,False,-0.9400004661837859,2.6005706844068515,1.3869794202037156e-11,
song,uniform,0.0,9,4,2014,true,1.0,1.0,0.05,24,0.8586408593328387,48,6.624616401875443,22,0.9166666666666666,0.02,0.0,-3.5610757793111203,-1.6870425185625548,0.09159517656276274,False,4.012856394745137,0.13225010951915606,1.4580336937797256e-11,
song,uniform,0.0,9,5,2015,discovered,1.0,1.0,0.05,143,0.8450630495943502,1,1.4250738643607876,143,1.0,0.0,0.0,-4.553100243128101,-1.5107034062137223,0.13086403419804002,False,-2.5986632818491255,3.4581577117528224,1.3686076272279024e-08,
song,uniform,0.0,9,5,2015,true,1.0,1.0,0.05,24,0.7997664812230401,129,8.137868210940644,23,0.9583333333333334,,,-8.895032975083794,-2.7145658308877927,0.006636270929005359,False,4.995921926455984,0.06720839032604013,1.8701484805205837e-11,gof: 9 of 100 bootstrap replicates could not be fitted (allowed fraction 0.05); the p-value would be biased; 
song,uniform,0.0,9,6,2016,discovered,1.0,1.0,0.05,103,0.786079166721915,63,5.8734686991356835,20,0.1941747572815534,0.4,0.0,-0.7757664256486185,-0.8064849846046146,0.4199632624359634,False,4.089037239386629,0.2787413323893167,3.268496584496461e-13,
song,uniform,0.0,9,6,2016,true,1.0,1.0,0.05,24,0.7021275251398433,78,6.284502003949583,23,0.9583333333333334,0.02,0.0,-6.551814568251377,-1.930118115339523,0.05359220435880237,False,4.533464435963472,0.10698882642063105,2.5011104298755527e-12,
song,uniform,0.0,9,7,2017,discovered,1.0,1.0,0.05,80,0.7427125525141056,86,9.167849166893788,16,0.2,0.28,0.0,-2.1430014092157332,-1.338871723169615,0.18061243648727288,False,4.543441406422547,0.09967116979254592,2.170708057747106e-11,
song,uniform,0.0,9,7,2017,true,1.0,1.0,0.05,24,0.8276197467103333,86,9.491903577259219,21,0.875,0.17525773195876287,3.0,-2.5415760614555833,-1.3471195267228195,0.1779417401742529,False,4.534732831560023,0.10030563624935723,3.724665020854445e-10,
song,uniform,0.0,10,0,2010,discovered,1.0,1.0,0.05,83,0.8849165561917681,3,2.734227607598947,39,0.46987951807228917,0.11,0.0,-0.9244138396110742,-0.8473196758847266,0.3968169624552561,False,0.39898537067922824,0.910393475458804,7.271694357768865e-11,
song,uniform,0.0,10,0,2010,true,1.0,1.0,0.05,24,0.9093112333695036,11,5.920945270977094,12,0.5,0.46,0.0,-0.025008209977288587,-0.18507923891371586,0.8531668852306973,False,0.13017773163263877,0.7196365189353715,1.6328982610502862e-10,
song,uniform,0.0,10,1,2011,discovered,1.0,1.0,0.05,73,0.8322124974824265,17,4.7918241090598475,12,0.1643835616438356,0.31,0.0,-0.2069681891721693,-0.40509572089007967,0.6854071517612146,False,2.3909612610338824,0.4774458566281432,7.460698725481052e-13,
song,uniform,0.0,10,1,2011,true,1.0,1.0,0.05,24,0.8540350895782214,20,6.2820501582530826,17,0.7083333333333334,0.46,0.0,-0.13136602637068862,-0.3350552466668201,0.7375834114895432,False,2.247735992152183,0.4479089855404205,4.447997525858227e-12,
song,uniform,0.0,10,2,2012,discovered,1.0,1.0,0.05,80,0.8033986849955087,1,1.4928501543108343,80,1.0,0.0,0.0,-10.821784011599167,-2.8007431422350817,0.0050985082805826195,False,0.9342798413676154,1.6110492109290566,2.8052227207808755e-11,
song,uniform,0.0,10,2,2012,true,1.0,1.0,0.05,24,0.716477899131279,28,6.102961886675253,19,0.7916666666666666,0.08,0.0,-2.54652839172209,-1.4842970840895808,0.13773012355101627,False,3.4738580654280042,0.15788183973908052,5.5635496210015845e-12,
song,uniform,0.0,10,3,2013,discovered,1.0,1.0,0.05,95,0.8987764135096075,1,1.596001123682895,95,1.0,0.0,0.0,-7.680733330623383,-2.417356833963388,0.015633682650841137,False,0.05756404780878959,1.7012967202603702,5.343281372915953e-12,
song,uniform,0.0,10,3,2013,true,1.0,1.0,0.05,24,0.862268607866629,26,6.193773570376251,16,0.6666666666666666,0.44,0.0,-0.27109163528305436,-0.5001621100677923,0.6169609354104516,False,2.932215137522931,0.35123665007313165,2.4158453015843406e-13,
song,uniform,0.0,10,4,2014,discovered,1.0,1.0,0.05,80,0.7606853877601124,1,1.4264682594324094,80,1.0,0.0,0.0,-7.684419896529006,-1.9225112295182205,0.05454146197215132,False,0.7156122280506317,2.131089096116498,2.3874235921539366e-12,
song,uniform,0.0,10,4,2014,true,1.0,1.0,0.05,24,0.786599675993997,47,6.230964941295236,22,0.9166666666666666,0.0,0.0,-4.643267946262501,-1.7250534216549378,0.08451784556782121,False,4.017058073903632,0.12526341157452728,2.984279490192421e-13,
song,uniform,0.0,10,5,2015,discovered,1.0,1.0,0.05,96,0.7221357927702667,102,5.338664051535911,15,0.15625,0.95,0.0,-0.014431083223296781,-0.11903053990932479,0.905251160427193,False,0.4218367492547608,1.0324976439795799,2.0809227407880826e-07,
song,uniform,0.0,10,5,2015,true,1.0,1.0,0.05,24,0.7943715980629728,137,9.78966769117188,21,0.875,,,-5.226021404298459,-2.0114950437994907,0.044273193301438495,False,5.023870622237421,0.06908378973210377,5.4143356464919634e-12,gof: 8 of 100 bootstrap replicates could not be fitted (allowed fraction 0.05); the p-value would be biased; 
song,uniform,0.0,10,6,2016,discovered,1.0,1.0,0.05,127,0.8870029421071948,1,1.5011161607382013,127,1.0,0.03,0.0,-3.544978574609833,-1.4095589531507342,0.1586699543988186,False,-3.2723695909851065,3.20586033848339,1.337127741862787e-09,
song,uniform,0.0,10,6,2016,true,1.0,1.0,0.05,24,0.6713307785880032,81,9.172667691145897,23,0.9583333333333334,,,-6.33534164037514,-2.1158485788007275,0.034357687964154775,False,4.508187970533992,0.07033666015759822,7.034373084024992e-12,gof: 10 of 100 bootstrap replicates could not be fitted (allowed fraction 0.05); the p-value would be biased; 
song,uniform,0.0,10,7,2017,discovered,1.0,1.0,0.05,144,0.8669554291854938,1,1.5049437097953065,144,1.0,0.0,0.0,-1.4876769016512945,-0.6051126541437302,0.5451041468179898,False,-5.624923890789089,3.7755642960741373,7.156131687224843e-09,
song,uniform,0.0,10,7,2017,true,1.0,1.0,0.05,24,0.8646503467210197,91,8.278166415549032,23,0.9583333333333334,0.1134020618556701,3.0,-2.088648650840505,-1.22311550008608,0.22128607502908293,False,4.582997266055985,0.13269281871462216,1.2789769243681803e-13,
song,uniform,0.0,11,0,2010,discovered,1.0,1.0,0.05,55,0.8367772561666874,2,1.973931660060757,38,0.6909090909090909,0.02,0.0,-5.384938019574107,-1.9214011499220136,0.05468115369123774,False,1.3302977255832986,0.7638062484494723,2.4158453015843406e-13,
song,uniform,0.0,11,0,2010,true,1.0,1.0,0.05,24,0.6946488030444219,10,6.010033364971453,15,0.625,0.25,0.0,0.00823692360438777,0.5924953086295434,0.5535189613219873,False,-94946.78947070183,135.04419602405451,1.5343772247433662e-05,
song,uniform,0.0,11,1,2011,discovered,1.0,1.0,0.05,61,0.6695385014073001,17,8.758697586793206,10,0.16393442622950818,0.52,0.0,-0.6433999184874288,-0.6990303895150873,0.4845330392678826,False,2.8735181514673727,0.13874462886303232,2.4868995751603507e-14,
song,uniform,0.0,11,1,2011,true,1.0,1.0,0.05,24,0.8649624418244573,14,4.256896623746429,24,1.0,0.05,0.0,-2.929074475663418,-1.4605410811341693,0.14414142566737906,False,2.845200343564204,0.2554296505373822,1.865174681370263e-11,
song,uniform,0.0,11,2,2012,discovered,1.0,1.0,0.05,87,0.810109614216172,1,1.5065069453918662,87,1.0,0.0,0.0,-12.640073211274562,-2.805010431759375,0.005031495132468099,False,1.0109853142027012,1.4925142534166858,9.29389898374211e-11,
song,uniform,0.0,11,2,2012,true,1.0,1.0,0.05,24,0.8529938128953466,33,6.964689844663706,14,0.5833333333333334,0.27,0.0,-1.2097402521310587,-1.043047030340257,0.29692651144344784,False,3.579036643111901,0.16390995725984261,6.508571459562518e-12,
song,uniform,0.0,11,3,2013,discovered,1.0,1.0,0.05,86,0.7886775518884488,1,1.5196648319605854,86,1.0,0.0,0.0,-9.31541126797927,-2.321424728874288,0.020263932182849977,False,0.6721803526510819,1.6597928228725356,2.7853275241795927e-12,
song,uniform,0.0,11,3,2013,true,1.0,1.0,0.05,24,0.7981657336148289,28,8.795196181085625,14,0.5833333333333334,0.2,0.0,-0.994175409936521,-1.2085554539553527,0.2268336790646569,False,3.378602520257335,0.13531588167427178,1.4210854715202004e-13,
song,uniform,0.0,11,4,2014,discovered,1.0,1.0,0.05,78,0.6667819945371845,33,3.223192342252817,32,0.41025641025641024,0.0,0.0,-6.7685473538928225,-2.2299679872729072,0.02574956820890967,False,3.887612961196397,0.2947243599495164,1.736566446197685e-11,
song,uniform,0.0,11,4,2014,true,1.0,1.0,0.05,24,0.6993707157898549,53,7.539042664148913,20,0.8333333333333334,0.08,0.0,-4.7268137607048875,-1.9188792557931253,0.05499961649951294,False,4.107874721944103,0.09474585103758348,3.552713678800501e-14,
song,uniform,0.0,11,5,2015,discovered,1.0,1.0,0.05,100,0.8134029733389123,1,1.3660779726721626,100,1.0,0.0,0.0,-11.166857451373623,-2.5758029556388817,0.010000761993873373,False,1.0159167947966197,2.411950932254645,1.1311840353300795e-11,
song,uniform,0.0,11,5,2015,true,1.0,1.0,0.05,24,0.8201088354724682,125,9.706921904495658,22,0.9166666666666666,,,-2.7063741951762865,-1.4449122854088208,0.1484825250618887,False,4.907631306900945,0.09731137839097624,3.851141627819743e-12,gof: 15 of 100 bootstrap replicates could not be fitted (allowed fraction 0.05); the p-value would be biased; 
song,uniform,0.0,11,6,2016,discovered,1.0,1.0,0.05,53,0.561307069465007,41,2.7720471985336808,27,0.5094339622641509,0.0,0.0,-10.525699902688215,-2.6303868590216353,0.00852877532267387,False,4.259013706605987,0.2687271474842616,8.668621376273222e-13,
song,uniform,0.0,11,6,2016,true,1.0,1.0,0.05,24,0.9017748071496188,77,8.336293941510807,19,0.7916666666666666,0.11,0.0,-1.387501140729566,-1.1023550750697608,0.27030733435014254,False,4.394753662351574,0.144091158944466,4.801847808266757e-11,
song,uniform,0.0,11,7,2017,discovered,1.0,1.0,0.05,152,0.8975265301338251,1,1.5265868496149393,152,1.0,0.01,0.0,-1.7815107194834834,-0.7704042903365028,0.44106010922988714,False,-6.623291555824809,3.8757978803462696,1.082543121810886e-08,
song,uniform,0.0,11,7,2017,true,1.0,1.0,0.05,24,0.8078693306305813,93,9.357573652955521,19,0.7916666666666666,0.66,0.0,-1.6520001117743308,-1.0868894846278259,0.2770856540502389,False,4.592153120063541,0.11768510180796117,1.7290346931986278e-10,
song,uniform,0.0,12,0,2010,discovered,1.0,1.0,0.05,57,0.75724925884339,7,3.527511553928606,19,0.3333333333333333,0.04,0.0,-3.0108741283359226,-1.577978478890322,0.11457055401729772,False,2.2475553151009855,0.2853823292464682,2.2893686946190428e-11,
song,uniform,0.0,12,0,2010,true,1.0,1.0,0.05,24,0.8532335737726193,11,5.6577357130052,11,0.4583333333333333,0.93,0.0,-0.28630807370062517,-0.5580457738340368,0.5768131276970824,False,2.222327327665835,0.32889591881296576,6.714628852932947e-13,
song,uniform,0.0,12,1,2011,discovered,1.0,1.0,0.05,85,0.8268166072876684,14,5.999156570038481,14,0.16470588235294117,0.8,0.0,-0.8392061590653381,-0.8568292085728548,0.3915392807841862,False,2.683153465940417,0.2232272145216519,1.48894230278529e-11,
song,uniform,0.0,12,1,2011,true,1.0,1.0,0.05,24,0.7015094623736885,20,8.947545759845626,15,0.625,0.95,0.0,-0.5096889364035633,-0.7273468142953416,0.46701352680651864,False,2.946765502261841,0.17553704536592502,8.526512829121202e-12,
song,uniform,0.0,12,2,2012,discovered,1.0,1.0,0.05,79,0.7208751071909553,25,5.004195587853048,16,0.20253164556962025,0.51,0.0,-0.19523200417193376,-0.41065390966647053,0.6813263277263446,False,2.5863851896345214,0.5111493352724931,3.723243935382925e-12,
song,uniform,0.0,12,2,2012,true,1.0,1.0,0.05,24,0.8482201226400454,34,6.436196954866608,19,0.7916666666666666,0.83,0.0,-0.32817545142125804,-0.5866531909349441,0.5574366512327809,False,3.223488244185186,0.33399995375845737,3.268496584496461e-13,
song,uniform,0.0,12,3,2013,discovered,1.0,1.0,0.05,72,0.8238319798073338,28,5.584688791021136,11,0.1527777777777778,0.84,0.0,-0.8720979004239,-0.8848501519760286,0.3762374561782946,False,3.42582454952964,0.2211371545817057,6.73949784868455e-11,
song,uniform,0.0,12,3,2013,true,1.0,1.0,0.05,24,0.8242686576590803,33,9.242888373191947,13,0.5416666666666666,0.97,0.0,-0.1744075044309561,-0.43309201069768094,0.6649479266591194,False,3.2270292142728385,0.2392580370698441,1.1226575225009583e-12,
song,uniform,0.0,12,4,2014,discovered,1.0,1.0,0.05,74,0.7064619182720439,48,6.257614852855114,18,0.24324324324324326,0.76,0.0,0.004059915841359896,0.641915053704767,0.5209283394199162,False,-107213.99786779036,142.2032025004956,4.9172755097970366e-05,
song,uniform,0.0,12,4,2014,true,1.0,1.0,0.05,24,0.9485472495659816,51,8.713170045714081,21,0.875,0.7291666666666666,4.0,-0.7761527500806555,-0.8014223554690826,0.42288717739664916,False,3.8905082112768135,0.17874967899029737,4.760636329592671e-13,
song,uniform,0.0,12,5,2015,discovered,1.0,1.0,0.05,108,0.7771367215892968,4,1.5044236962361492,78,0.7222222222222222,0.0,0.0,-12.47822903872165,-2.8292143891666264,0.004666242884205309,False,2.838235314916749,1.4839787914888425,3.5367975215194747e-10,
song,uniform,0.0,12,5,2015,true,1.0,1.0,0.05,24,0.7474175348494427,127,8.09382840218242,22,0.9166666666666666,0.16161616161616163,1.0,-6.016030011168399,-2.2305178358119764,0.02571308471881938,False,4.97521084731708,0.08156964427189925,3.977618234785041e-11,
song,uniform,0.0,12,6,2016,discovered,1.0,1.0,0.05,98,0.7271510450390494,58,5.061873991529434,18,0.1836734693877551,0.0,0.0,-2.228040631180488,-1.4648878562266834,0.1429515165310933,False,4.23021903061644,0.20755300793888706,1.1553424883459229e-11,
song,uniform,0.0,12,6,2016,true,1.0,1.0,0.05,24,0.7265126682391433,61,4.682301146120629,24,1.0,0.0,0.0,-10.484301970388863,-2.709198880176182,0.006744589704763025,False,4.376195476468846,0.12105672398138694,1.0726353139034472e-10,
song,uniform,0.0,12,7,2017,discovered,1.0,1.0,0.05,76,0.6991812955332511,1,1.329224606098976,76,1.0,0.0,0.0,-13.25523606547005,-3.0556375546822547,0.0022458255947099114,False,1.8664213712528206,2.1908855755472767,2.0185098037472926e-10,
song,uniform,0.0,12,7,2017,true,1.0,1.0,0.05,24,0.9393253246477644,97,9.731599373382693,23,0.9583333333333334,,,-1.9468906152024692,-1.2801179999792676,0.20050363905664237,False,4.629715077153941,0.11393464140185681,7.08837433194276e-11,gof: 18 of 100 bootstrap replicates could not be fitted (allowed fraction 0.05); the p-value would be biased; 
song,uniform,0.0,13,0,2010,discovered,1.0,1.0,0.05,65,0.9160222188974444,2,2.0674196287401907,40,0.6153846153846154,0.18,0.0,-2.829536750674768,-1.5247427168837366,0.12732328265041673,False,0.8385006294272488,0.9646093237639898,2.8279600883251987e-12,
song,uniform,0.0,13,0,2010,true,1.0,1.0,0.05,24,0.8131698882215079,13,7.062243337180653,10,0.4166666666666667,0.67,0.0,-0.6307090838099414,-0.7335139156461881,0.4632450436326362,False,2.613201755133346,0.17805192922414748,7.815970093361102e-14,
song,uniform,0.0,13,1,2011,discovered,1.0,1.0,0.05,73,0.7980635141097158,13,4.121788916000878,18,0.2465753424657534,0.08,0.0,-1.2430316593340747,-0.9142364629119532,0.36059260833770945,False,2.665703940618083,0.34032575886601063,1.5631940186722204e-13,
song,uniform,0.0,13,1,2011,true,1.0,1.0,0.05,24,0.8819857548843003,19,5.815569500391211,21,0.875,0.79,0.0,-0.546720147739368,-0.6949953710724779,0.48705820246527143,False,2.7686073589139752,0.3232958674631158,5.044853423896711e-13,
song,uniform,0.0,13,2,2012,discovered,1.0,1.0,0.05,86,0.7725690465075967,21,4.340363534625574,20,0.23255813953488372,0.33,0.0,-1.0730274266835864,-1.0156526981370009,0.30979480054329334,False,3.071843581812512,0.355759843255624,2.2097879082139116e-12,
song,uniform,0.0,13,2,2012,true,1.0,1.0,0.05,24,0.8464744839308537,32,9.006576487553454,14,0.5833333333333334,0.63,0.0,-1.0311287936023663,-0.8718647161107843,0.383282184366737,False,3.5143173768994456,0.13000633027340933,2.842170943040401e-14,
song,uniform,0.0,13,3,2013,discovered,1.0,1.0,0.05,64,0.681288774199905,25,9.26410603151726,15,0.234375,0.8,0.0,-0.7887055973120476,-0.8778501483936182,0.38002504570822426,False,3.2319495849172677,0.14345983945581275,2.842170943040401e-14,
song,uniform,0.0,13,3,2013,true,1.0,1.0,0.05,24,0.8707245764983919,24,4.934035390597629,22,0.9166666666666666,0.04,0.0,-2.8050883917941207,-1.383917779047449,0.16638363216264918,False,3.355422972781425,0.20940991459893862,4.064304448547773e-11,
song,uniform,0.0,13,4,2014,discovered,1.0,1.0,0.05,91,0.793074486972547,1,1.434078940210936,91,1.0,0.0,0.0,-9.628256014021089,-2.441142946893566,0.014640858193917444,False,0.734941035051871,2.065251378604868,1.8917489796876907e-10,
song,uniform,0.0,13,4,2014,true,1.0,1.0,0.05,24,0.9385155362943671,49,6.3975852148386485,23,0.9583333333333334,0.11,0.0,-3.2732225311447087,-1.627599413765013,0.10360985352068298,False,4.030668302487677,0.14630530231883923,6.575362476723967e-11,
song,uniform,0.0,13,5,2015,discovered,1.0,1.0,0.05,122,0.8562992711687478,1,1.4083046620795283,122,1.0,0.0,0.0,-10.400594560758812,-2.665573496452355,0.0076857129863386634,False,0.24376242488581584,2.4925494999285007,9.652012522565201e-11,
song,uniform,0.0,13,5,2015,true,1.0,1.0,0.05,24,0.8622361666760685,122,7.099408123552333,23,0.9583333333333334,0.0,2.0,-6.7167991978456065,-2.727188778259982,0.006387648309791912,False,4.958042120795065,0.09168086116728622,7.105427357601002e-13,
song,uniform,0.0,13,6,2016,discovered,1.0,1.0,0.05,123,0.8630713364488024,1,1.4622390485397212,123,1.0,0.02,0.0,-5.320357892577768,-1.8259348517525877,0.06786007570074905,False,-1.6426436940691858,2.917704281351124,8.600409273640253e-10,
song,uniform,0.0,13,6,2016,true,1.0,1.0,0.05,24,0.885170111593437,88,8.737220922515114,22,0.9166666666666666,,,-4.190768931381945,-1.8665118563718694,0.0619697868246226,False,4.587174475468039,0.08934692134009933,3.389004632481374e-10,gof: 8 of 100 bootstrap replicates could not be fitted (allowed fraction 0.05); the p-value would be biased; 
song,uniform,0.0,13,7,2017,discovered,1.0,1.0,0.05,108,0.8333404822992667,1,1.426854417814041,108,1.0,0.0,0.0,-5.994207507773744,-1.881982728044333,0.05983836078167713,False,-0.7599146334071145,2.8096420499164494,6.3401444094779436e-09,
song,uniform,0.0,13,7,2017,true,1.0,1.0,0.05,24,0.8447220081616075,90,9.116322913378355,20,0.8333333333333334,0.25252525252525254,1.0,-2.8531699816134113,-1.6310971371573637,0.10286982467505575,False,4.5926374007250566,0.09751084296202943,5.115907697472721e-13,
song,uniform,0.0,14,0,2010,discovered,1.0,1.0,0.05,69,0.8275348602399598,11,6.4297011504996,10,0.14492753623188406,0.57,0.0,-0.565019403360814,-0.718797273352393,0.4722658379336788,False,2.433638480260017,0.20721209313365965,7.105427357601002e-15,
song,uniform,0.0,14,0,2010,true,1.0,1.0,0.05,24,0.613209156681321,11,7.350925470603133,12,0.5,0.84,0.0,-0.007198717853182046,-0.0880951114291609,0.9298010817891601,False,-1.4010801379269653,0.7888722088063551,7.369393983935879e-11,
song,uniform,0.0,14,1,2011,discovered,1.0,1.0,0.05,86,0.8790888506197119,1,1.65357670304529,86,1.0,0.04,0.0,-3.7017745850102575,-1.6236310654509472,0.10445457124447709,False,-1.1920371010898283,2.0257199213080606,1.588773557159584e-11,
song,uniform,0.0,14,1,2011,true,1.0,1.0,0.05,24,0.8554879392464566,21,7.622909125711865,11,0.4583333333333333,0.82,0.0,-0.11199697545788734,-0.3350421580278417,0.737593284693646,False,2.592577770568897,0.3252100820595571,7.105427357601002e-12,
song,uniform,0.0,14,2,2012,discovered,1.0,1.0,0.05,78,0.7294723923935823,24,7.328754102640816,18,0.23076923076923078,0.77,0.0,-0.02290335492657647,-0.13479999613805588,0.8927700088913804,False,0.7241443918612241,0.6536213739441369,2.208906835221569e-09,
song,uniform,0.0,14,2,2012,true,1.0,1.0,0.05,24,0.6642472026836356,30,5.732378895945178,21,0.875,0.09,0.0,-1.7711489526471706,-1.207024736165289,0.22742261787063844,False,3.501096013232581,0.20884254276927758,5.613287612504791e-13,
song,uniform,0.0,14,3,2013,discovered,1.0,1.0,0.05,78,0.8343780943541543,1,1.5762660180361925,78,1.0,0.0,0.0,-5.006915551364559,-1.8376237324741291,0.06611786923593023,False,-0.2700063808523342,1.9136011206905685,8.242295734817162e-11,
song,uniform,0.0,14,3,2013,true,1.0,1.0,0.05,24,0.6629710882674279,27,6.854048471161597,20,0.8333333333333334,0.02,0.0,-4.527161613320766,-1.6266921235379832,0.10380250243051903,False,3.4474879205354787,0.10696809508118772,4.831690603168681e-12,
song,uniform,0.0,14,4,2014,discovered,1.0,1.0,0.05,115,0.8941910864228007,2,1.6173202889437135,85,0.7391304347826086,0.04,0.0,-4.751010567078567,-1.8688933311122446,0.0616376563260708,False,0.4678700934509682,1.9305592413687052,7.759126674500294e-11,
song,uniform,0.0,14,4,2014,true,1.0,1.0,0.05,24,0.8883673017973379,63,9.900299926721585,11,0.4583333333333333,1.0,0.0,-0.17796293260651108,-0.4258419208193106,0.6702230380169174,False,3.942806331250196,0.2091367727852996,6.394884621840902e-13,
song,uniform,0.0,14,5,2015,discovered,1.0,1.0,0.05,103,0.7881670210619227,93,4.230326598381498,18,0.17475728155339806,0.56,0.0,-0.2034437115731702,-0.4068552958635166,0.6841142711375622,False,3.685666099854495,0.654200187012013,1.4336052345242933e-09,
song,uniform,0.0,14,5,2015,true,1.0,1.0,0.05,24,0.7935292013769822,125,9.210906886402983,24,1.0,,,-4.147707369126351,-1.6457956112707122,0.09980584616911846,False,4.928410967377101,0.08832894895450422,4.959588295605499e-12,gof: 16 of 100 bootstrap replicates could not be fitted (allowed fraction 0.05); the p-value would be biased; 
song,uniform,0.0,14,6,2016,discovered,1.0,1.0,0.05,81,0.660793451577859,59,5.518432228901083,19,0.2345679012345679,0.46,0.0,-0.3895899306333197,-0.5147840895021631,0.606703904663241,False,3.791565154274676,0.3800995471736082,2.944489096989855e-11,
song,uniform,0.0,14,6,2016,true,1.0,1.0,0.05,24,0.8175081520046285,76,9.7591334363035,22,0.9166666666666666,,,-0.44325561563588156,-0.44622089155742556,0.6554376933863628,False,4.180574743956107,0.19707819168734722,4.220623850414995e-11,gof: 6 of 100 bootstrap replicates could not be fitted (allowed fraction 0.05); the p-value would be biased; 
song,uniform,0.0,14,7,2017,discovered,1.0,1.0,0.05,110,0.8446872562945154,1,1.4229318607903803,110,1.0,0.0,0.0,-8.880149183991888,-2.506373650713827,0.012197664347916477,False,0.09581448406471967,2.4647949844670847,1.4711076801177114e-10,
song,uniform,0.0,14,7,2017,true,1.0,1.0,0.05,24,0.8437272784754414,88,9.821562540735176,20,0.8333333333333334,0.35,0.0,-3.1042606883644956,-1.6727822723858579,0.0943701659868571,False,4.566370749087899,0.0862666679438961,1.0686562745831907e-11,
song,uniform,0.0,15,0,2010,discovered,1.0,1.0,0.05,42,0.6969611057514257,10,4.9673624661745,15,0.35714285714285715,0.28,0.0,-0.5077497428797484,-0.5652046226326242,0.5719345928447686,False,2.1928952159754767,0.3505117948857011,1.2924772363476222e-11,
song,uniform,0.0,15,0,2010,true,1.0,1.0,0.05,24,0.785245853494211,9,4.05859279995543,22,0.9166666666666666,0.06,0.0,-2.962679015109001,-1.5027983021457558,0.13289106390305133,False,2.429778242419898,0.25586983730035817,1.0729195309977513e-12,
song,uniform,0.0,15,1,2011,discovered,1.0,1.0,0.05,65,0.8076440202524868,14,4.588946762735568,11,0.16923076923076924,0.8,0.0,-0.27345351171672494,-0.5364814505316376,0.5916258524821878,False,2.375087626815722,0.44092842243022934,1.3393730569077889e-11,
song,uniform,0.0,15,1,2011,true,1.0,1.0,0.05,24,0.5959986151281352,22,9.170202772349215,13,0.5416666666666666,0.55,0.0,-0.30661849494089566,-0.5551078745787392,0.5788208769207861,False,2.9728572645291003,0.1959960112315912,1.6697754290362354e-13,
song,uniform,0.0,15,2,2012,discovered,1.0,1.0,0.05,127,0.9123875313358963,1,1.6942651107341558,127,1.0,0.0,0.0,-4.405987453965839,-1.7180881258148073,0.08578054234636255,False,-1.7795266769207667,2.1053866569350843,2.5067947717616335e-11,
song,uniform,0.0,15,2,2012,true,1.0,1.0,0.05,24,0.8202553073696013,30,8.667359009846617,15,0.625,0.86,0.0,-0.7542492584467615,-0.8606087592103407,0.3894535600570703,False,3.4078896646296624,0.15834768647882477,8.770939530222677e-11,
song,uniform,0.0,15,3,2013,discovered,1.0,1.0,0.05,74,0.7838419414401818,19,4.666970135285026,13,0.17567567567567569,0.16,0.0,-0.6699326274901005,-0.7394714798669418,0.45962075172469374,False,2.959223990932495,0.3282316319332996,4.263256414560601e-14,
song,uniform,0.0,15,3,2013,true,1.0,1.0,0.05,24,0.8072383959481979,28,7.9825051065210015,13,0.5416666666666666,0.89,0.0,-0.21393061339960218,-0.4743868594631162,0.6352240618646179,False,3.084354177406573,0.2630180181460259,1.7763568394002505e-13,
song,uniform,0.0,15,4,2014,discovered,1.0,1.0,0.05,127,0.881625542168558,1,1.5535525359029898,127,1.0,0.0,0.0,-3.5580726648734284,-1.297524077855408,0.19445092603115754,False,-2.4425892368832938,2.7406359585279545,3.4793856684700586e-10,
song,uniform,0.0,15,4,2014,true,1.0,1.0,0.05,24,0.8406509099764924,56,8.598701257934604,19,0.7916666666666666,0.39,0.0,-1.7578377495508892,-1.1444723573557705,0.25242779538491755,False,4.096023751759808,0.12561697453277207,4.902744876744691e-13,
song,uniform,0.0,15,5,2015,discovered,1.0,1.0,0.05,185,0.9090662848638184,1,1.5175148056185053,185,1.0,0.03,0.0,0.4107244913173407,0.21782035570684333,0.8275690837850717,False,-21.960321541754762,6.366994051568532,5.039723760091874e-06,
song,uniform,0.0,15,5,2015,true,1.0,1.0,0.05,24,0.9677298803476827,133,9.406374807534503,23,0.9583333333333334,,,-1.7605946199625522,-1.315676502511014,0.18828264412914242,False,4.939079645938854,0.12360815543952852,2.4158453015843406e-13,gof: 32 of 100 bootstrap replicates could not be fitted (allowed fraction 0.05); the p-value would be biased; 
song,uniform,0.0,15,6,2016,discovered,1.0,1.0,0.05,135,0.8916880791492477,2,1.582822442985671,100,0.7407407407407407,0.01,0.0,-5.885865805982463,-2.274162284253296,0.02295623098133503,False,0.4988072775662403,2.0305832583084245,7.383960110018961e-11,
song,uniform,0.0,15,6,2016,true,1.0,1.0,0.05,24,0.9011103662109983,76,7.1530289817875214,22,0.9166666666666666,0.31,0.0,-1.4511509949237271,-1.0905657357766012,0.27546401342163807,False,4.37813950524788,0.1791821001682371,3.240074875066057e-12,
song,uniform,0.0,15,7,2017,discovered,1.0,1.0,0.05,90,0.7201434492051294,79,9.18173161496148,18,0.2,0.92,0.0,-0.10808457002530725,-0.3378054453193798,0.7355098061018848,False,3.7669013911871843,0.31627377381917937,1.5428724964294815e-10,
song,uniform,0.0,15,7,2017,true,1.0,1.0,0.05,24,0.9725507516759987,84,9.46718308327148,21,0.875,,,-0.5049329828333686,-0.692930822998036,0.48835296527203464,False,4.314828300969602,0.19149617069125976,4.121147867408581e-13,gof: 8 of 100 bootstrap replicates could not be fitted (allowed fraction 0.05); the p-value would be biased; 
song,uniform,0.0,16,0,2010,discovered,1.0,1.0,0.05,58,0.8121393549260685,8,3.8044480534785077,13,0.22413793103448276,0.82,0.0,-0.2214820595261089,-0.5077530071603132,0.6116265694937889,False,1.4471670784044905,0.6451213765532117,7.09512448793248e-11,
song,uniform,0.0,16,0,2010,true,1.0,1.0,0.05,24,0.757734859537125,13,6.208422982497733,12,0.5,0.67,0.0,-0.10962094619874518,-0.3338316442041165,0.7385066032842182,False,1.9244486648822805,0.42581453069010844,1.0755840662568517e-10,
song,uniform,0.0,16,1,2011,discovered,1.0,1.0,0.05,85,0.8132667385425669,16,6.437166810242464,11,0.12941176470588237,0.54,0.0,-1.0193177793904087,-0.9702890739229868,0.33190242189833863,False,2.872440072346486,0.17148181572793006,2.0321522242738865e-12,
song,uniform,0.0,16,1,2011,true,1.0,1.0,0.05,24,0.5450105424518376,20,7.858940794411506,15,0.625,0.06,0.0,-0.860464430056362,-1.015171503328869,0.3100240819215091,False,3.0228944719580535,0.16658817584178984,2.5295321393059567e-12,
song,uniform,0.0,16,2,2012,discovered,1.0,1.0,0.05,95,0.8657215114556526,1,1.5894628551411143,95,1.0,0.01,0.0,-3.9270590364355993,-1.543433969824119,0.12272551688202267,False,-1.2917831924591567,2.251708041977517,9.28821464185603e-11,
song,uniform,0.0,16,2,2012,true,1.0,1.0,0.05,24,0.760543613189022,35,9.54366056493883,15,0.625,0.52,0.0,-1.3616338309842626,-0.915712543613479,0.3598176841972692,False,3.6175956278822325,0.11167869024262038,1.2789769243681803e-13,
song,uniform,0.0,16,3,2013,discovered,1.0,1.0,0.05,89,0.8338712695677661,25,6.257553621849271,10,0.11235955056179775,0.31,0.0,-0.3509126975924093,-0.5727417680332783,0.5668195523595865,False,3.144579383722975,0.26581961409886135,4.973799150320701e-14,
song,uniform,0.0,16,3,2013,true,1.0,1.0,0.05,24,0.87866203290526,30,9.566421926113213,14,0.5833333333333334,0.7,0.0,0.0006554838054242396,0.19624960411402012,0.8444148043783128,False,-16902.291228849048,44.10848293834351,1.3505923561751842e-06,
song,uniform,0.0,16,4,2014,discovered,1.0,1.0,0.05,93,0.814492579940645,1,1.4295684680906582,93,1.0,0.0,0.0,-10.56994468410285,-2.8562530845670207,0.004286732838017926,False,0.7758190729421308,2.065369465043178,8.640199666842818e-12,
song,uniform,0.0,16,4,2014,true,1.0,1.0,0.05,24,0.7758045329403455,55,6.628850389754019,23,0.9583333333333334,0.03,0.0,-6.015994616057628,-2.01923042290673,0.04346327564736478,False,4.170522027781276,0.10466992667518153,1.1937117960769683e-12,
song,uniform,0.0,16,5,2015,discovered,1.0,1.0,0.05,117,0.8204574283767397,1,1.395740005498147,117,1.0,0.0,0.0,-7.238683579401272,-2.0081970244208236,0.04462235909529715,False,-0.3726799619111595,2.8686721003503433,6.616573955398053e-11,
song,uniform,0.0,16,5,2015,true,1.0,1.0,0.05,24,0.7363590640385258,116,7.462082818164114,23,0.9583333333333334,0.0,0.0,-10.172512203709896,-2.973210466119936,0.002947022980916088,False,4.905361876878693,0.06864607265194649,1.9895196601282805e-13,
song,uniform,0.0,16,6,2016,discovered,1.0,1.0,0.05,176,0.9177067971362238,1,1.631229778915897,176,1.0,0.02,0.0,1.394541009294615,0.99375947009979,0.32033998224388904,False,-96.52928383651164,11.377117280340066,0.00397750874230951,
song,uniform,0.0,16,6,2016,true,1.0,1.0,0.05,24,0.9304931565412271,81,9.840394911589064,20,0.8333333333333334,0.5,0.0,-0.8991085089240065,-0.8330726005767021,0.4048037852182591,False,4.385267028296891,0.14513558917912497,8.22808488010196e-12,
song,uniform,0.0,16,7,2017,discovered,1.0,1.0,0.05,97,0.7744956224597377,84,9.916697332006391,14,0.14432989690721648,0.99,0.0,-0.006563276518704697,-0.09459114387764717,0.9246395844558697,False,1.2987907731754458,0.6112175070119562,5.962068172493673e-08,
song,uniform,0.0,16,7,2017,true,1.0,1.0,0.05,24,0.9698463954479362,84,8.272969766240546,23,0.9583333333333334,,,-2.6184819087049087,-1.519181829108524,0.12871673382669604,False,4.520482662367822,0.12037225229201988,2.503810492271441e-10,gof: 11 of 100 bootstrap replicates could not be fitted (allowed fraction 0.05); the p-value would be biased; 
song,uniform,0.0,17,0,2010,discovered,1.0,1.0,0.05,58,0.8009079547484114,8,5.728080111187362,14,0.2413793103448276,0.95,0.0,-0.1646850144496681,-0.4204710392179139,0.6741413816580545,False,1.5498144921102512,0.4233155986470685,1.0800249583553523e-12,
song,uniform,0.0,17,0,2010,true,1.0,1.0,0.05,24,0.7754804156520179,8,3.6982367123222417,17,0.7083333333333334,0.94,0.0,-0.2423613176561359,-0.5100816132180742,0.6099942860900615,False,1.2540920680093177,0.7155152529311044,3.325340003357269e-12,
song,uniform,0.0,17,1,2011,discovered,1.0,1.0,0.05,81,0.7821404400184465,5,2.409188380079956,41,0.5061728395061729,0.03,0.0,-4.041487591683515,-1.666293863083508,0.09565489845889003,False,1.9697865645186483,0.6435691291878302,2.842170943040401e-14,
song,uniform,0.0,17,1,2011,true,1.0,1.0,0.05,24,0.9218228559514766,16,4.22938730137889,21,0.875,0.49,0.0,-1.3366335465563113,-1.113034700393221,0.2656935265885332,False,2.8491589734490406,0.3419241025422364,1.4921397450962104e-13,
song,uniform,0.0,17,2,2012,discovered,1.0,1.0,0.05,112,0.8494837355762933,1,1.5848333853391212,112,1.0,0.0,0.0,-3.0750764889621967,-1.2306129114478659,0.2184676738959601,False,-2.333607984480061,2.591852682144492,2.2862423065816984e-10,
song,uniform,0.0,17,2,2012,true,1.0,1.0,0.05,24,0.829533695365295,31,8.536379256438169,13,0.5416666666666666,0.4,0.0,-1.192752635330394,-1.1530808085745627,0.2488772179916433,False,3.505061601481598,0.12600136057786612,7.183231787166733e-11,
song,uniform,0.0,17,3,2013,discovered,1.0,1.0,0.05,82,0.6879052075372748,21,7.364096639906967,14,0.17073170731707318,0.58,0.0,-0.045516323039206164,-0.20035337289330965,0.841204223117048,False,1.7871772375287809,0.4878284785540645,9.949729928848683e-11,
song,uniform,0.0,17,3,2013,true,1.0,1.0,0.05,24,0.744526906571169,26,7.519669760718105,18,0.75,0.09,0.0,-2.6586239228511035,-1.3448854075804668,0.1786622433369306,False,3.3756135694883964,0.11756435416872893,1.9184653865522705e-13,
song,uniform,0.0,17,4,2014,discovered,1.0,1.0,0.05,87,0.7938086377933921,1,1.4318932395585557,87,1.0,0.0,0.0,-7.051077472199439,-1.8844821105119218,0.05949979239346676,False,0.3696953562845904,2.28156200113738,2.8461499823606573e-10,
song,uniform,0.0,17,4,2014,true,1.0,1.0,0.05,24,0.9290702123513523,57,7.739996519844792,19,0.7916666666666666,0.42,0.0,-1.1092742211764293,-0.9187534836779178,0.3582245279896461,False,4.0705716801831535,0.1714529528067114,1.9824142327706795e-11,
song,uniform,0.0,17,5,2015,discovered,1.0,1.0,0.05,109,0.8112341409328948,1,1.3878367187809975,109,1.0,0.0,0.0,-6.04175253065503,-1.7345339537778006,0.08282338667457297,False,-0.5311977957483469,2.998424797050059,2.6642510420060717e-10,
song,uniform,0.0,17,5,2015,true,1.0,1.0,0.05,24,0.879983394891897,131,9.157779155670108,23,0.9583333333333334,,,-4.11744956592749,-1.831970339397082,0.06695583974326448,False,4.977283793855756,0.08745598165366927,2.1316282072803006e-13,gof: 11 of 100 bootstrap replicates could not be fitted (allowed fraction 0.05); the p-value would be biased; 
song,uniform,0.0,17,6,2016,discovered,1.0,1.0,0.05,89,0.7605851857459087,64,5.1830439962325165,15,0.16853932584269662,0.18,0.0,-0.5764875253329205,-0.6303920741637237,0.5284380951397155,False,4.092454035949425,0.3261836880370622,1.9478108015391626e-10,
song,uniform,0.0,17,6,2016,true,1.0,1.0,0.05,24,0.8054694101617591,75,7.700806635766331,20,0.8333333333333334,0.08,0.0,-4.443224966065695,-1.9383093668826832,0.05258549030751454,False,4.449951837205115,0.09565636951942794,9.094947017729282e-12,
song,uniform,0.0,17,7,2017,discovered,1.0,1.0,0.05,79,0.7383607486814108,1,1.337089133791366,79,1.0,0.0,0.0,-17.83025450557247,-3.6403045214451892,0.00027231578328530123,False,2.083058360958434,1.8768627092757213,2.0691004465334117e-11,
song,uniform,0.0,17,7,2017,true,1.0,1.0,0.05,24,0.8849467542059122,90,8.972993807819865,21,0.875,0.1326530612244898,2.0,-2.521356115860619,-1.5250173770881719,0.1272547634649338,False,4.584919493146196,0.10726806190645596,1.375610736431554e-11,
song,uniform,0.0,18,0,2010,discovered,1.0,1.0,0.05,75,0.9113121728705231,4,2.801674369404292,22,0.29333333333333333,0.32,0.0,-1.520766951983799,-1.1484337495889518,0.2507895478593819,False,1.5302790693908577,0.5743177177522764,5.684341886080802e-14,
song,uniform,0.0,18,0,2010,true,1.0,1.0,0.05,24,0.6129063517393734,11,8.49735495498925,18,0.75,0.95,0.0,-0.04748708112023703,-0.1966006325145397,0.8441400755967281,False,1.189004848168761,0.4325782201457955,1.0729195309977513e-12,
song,uniform,0.0,18,1,2011,discovered,1.0,1.0,0.05,82,0.8817395731333257,1,1.6083525856188288,82,1.0,0.0,0.0,-9.423432426094084,-2.61726480868768,0.008863754772877604,False,0.5904376316869377,1.383359404766517,2.5579538487363607e-13,
song,uniform,0.0,18,1,2011,true,1.0,1.0,0.05,24,0.8638744185770257,22,8.427913470221752,11,0.4583333333333333,0.38,0.0,-0.07078962166258851,-0.28281870410115556,0.7773158156485312,False,2.473775825698943,0.3364698724102437,3.7694292132073315e-12,
song,uniform,0.0,18,2,2012,discovered,1.0,1.0,0.05,73,0.6996977876719955,26,5.852729185277829,13,0.1780821917808219,0.59,0.0,-1.037996579717508,-1.0346559911019737,0.3008295955149205,False,3.347836207552044,0.2079101798822777,1.7053025658242404e-13,
song,uniform,0.0,18,2,2012,true,1.0,1.0,0.05,24,0.89345044065474,24,4.575113381161839,23,0.9583333333333334,0.15,0.0,-2.98607561497528,-1.6286053906619786,0.10339658236529876,False,3.3751198774870996,0.22883598405720057,1.4210854715202004e-14,
song,uniform,0.0,18,3,2013,discovered,1.0,1.0,0.05,72,0.800155267005848,25,7.146470587907709,10,0.1388888888888889,0.83,0.0,-0.033293147288882,-0.2083006425376725,0.8349942299770574,False,1.9333121605346302,0.5033419572595527,7.046097039165033e-11,
song,uniform,0.0,18,3,2013,true,1.0,1.0,0.05,24,0.7110639997798166,25,4.629142250326272,22,0.9166666666666666,0.0,0.0,-5.5128946470422955,-1.768225744938617,0.07702317187389376,False,3.4678891591767997,0.1646230743494127,3.836930773104541e-13,
song,uniform,0.0,18,4,2014,discovered,1.0,1.0,0.05,101,0.8368910087272614,3,1.6113394988370122,68,0.6732673267326733,0.0,0.0,-9.356134269888802,-2.7770766643813594,0.005485023979415829,False,2.134051417863607,1.3109357499813388,8.753886504564434e-12,
song,uniform,0.0,18,4,2014,true,1.0,1.0,0.05,24,0.6620910286219432,57,8.59087168713582,22,0.9166666666666666,0.1717171717171717,1.0,-5.23258629315287,-2.341101805472568,0.01922692348814652,False,4.161846248501231,0.08136749686676445,4.4715875446854625e-10,
song,uniform,0.0,18,5,2015,discovered,1.0,1.0,0.05,163,0.8867862832898736,1,1.5129873850490294,163,1.0,0.0,0.0,0.15798493212693465,0.07684921342717829,0.9387434998117644,False,-12.764868250554605,5.083279564795733,1.0854068932530936e-07,
song,uniform,0.0,18,5,2015,true,1.0,1.0,0.05,24,0.6991680821593198,111,8.613641117958082,23,0.9583333333333334,,,-6.460236398998378,-2.0579072515949957,0.03959903750702619,False,4.832131805120029,0.07489588000616818,1.708144736767281e-11,gof: 9 of 100 bootstrap replicates could not be fitted (allowed fraction 0.05); the p-value would be biased; 
song,uniform,0.0,18,6,2016,discovered,1.0,1.0,0.05,159,0.8973613073082556,1,1.6048417485963946,159,1.0,0.01,0.0,1.573456506454308,1.2588473498680783,0.20808547393518295,False,-2659.066535156298,60.35732800033369,3.5940579437010456e-05,
song,uniform,0.0,18,6,2016,true,1.0,1.0,0.05,24,0.9235432844340506,72,8.183774003020604,22,0.9166666666666666,0.494949494949495,1.0,-1.208655041314529,-0.9402333730331948,0.34709786683965826,False,4.294502541212166,0.16505615310946573,1.2789769243681803e-12,
song,uniform,0.0,18,7,2017,discovered,1.0,1.0,0.05,79,0.7667083261765344,1,1.3446569430857156,79,1.0,0.0,0.0,-12.982900251203933,-2.9493019505470643,0.0031849263269058425,False,1.6955821632014305,2.1497398027109234,1.2926193448947743e-10,
song,uniform,0.0,18,7,2017,true,1.0,1.0,0.05,24,0.8075488325134107,110,9.145741339018253,20,0.8333333333333334,0.061224489795918366,2.0,-5.876463462814882,-2.1448029224178926,0.03196860746078259,False,4.815910589703738,0.06835950249542104,2.5153212845907547e-12,
song,uniform,0.0,19,0,2010,discovered,1.0,1.0,0.05,72,0.8877547168076038,7,4.4653321626261775,15,0.20833333333333334,0.65,0.0,-0.34277719789729,-0.5258300752188222,0.599006276211135,False,1.6388348492185396,0.45965574819858246,1.1155520951433573e-12,
song,uniform,0.0,19,0,2010,true,1.0,1.0,0.05,24,0.777726426475741,9,4.770437554320907,18,0.75,0.39,0.0,-0.6357123575514225,-0.717590348551685,0.4730099103467059,False,2.098109356760369,0.3614979624920974,3.339550858072471e-13,
song,uniform,0.0,19,1,2011,discovered,1.0,1.0,0.05,64,0.7931763519624341,4,1.970462158988911,42,0.65625,0.0,0.0,-5.706462975525399,-2.1371985024451514,0.0325818497993096,False,2.0583601760120054,0.8163967926449127,1.8474111129762605e-12,
song,uniform,0.0,19,1,2011,true,1.0,1.0,0.05,24,0.7109509694621817,24,9.209950192857068,10,0.4166666666666667,0.35,0.0,-0.4311757898385249,-0.6709390042170406,0.5022593875013855,False,3.165254966331351,0.1561289287186297,8.189005029635155e-12,
song,uniform,0.0,19,2,2012,discovered,1.0,1.0,0.05,76,0.7875320642448739,25,5.310235625587781,13,0.17105263157894737,0.12,0.0,-1.2424493207658776,-0.9635108354399079,0.335291229159034,False,3.3464844452530444,0.21694499218748253,7.922551503725117e-12,
song,uniform,0.0,19,2,2012,true,1.0,1.0,0.05,24,0.7701192934159022,30,7.763136185799406,17,0.7083333333333334,0.16,0.0,-3.162438869409283,-1.4713736060430525,0.14119010730578913,False,3.5255772349899837,0.10199264362584352,3.552713678800501e-14,
song,uniform,0.0,19,3,2013,discovered,1.0,1.0,0.05,98,0.8175102394126186,1,1.5550929836405056,98,1.0,0.0,0.0,-10.108725951404173,-2.5017114890682466,0.012359459868032588,False,0.548272127028075,1.590154528262317,1.9326762412674725e-12,
song,uniform,0.0,19,3,2013,true,1.0,1.0,0.05,24,0.7322910100262816,27,8.270294660087009,17,0.7083333333333334,0.49,0.0,-1.1116311489169077,-0.8571691750461298,0.39135139545164954,False,3.336483374952582,0.14999794168475006,3.552713678800501e-14,
song,uniform,0.0,19,4,2014,discovered,1.0,1.0,0.05,83,0.7917688490067307,2,1.4910373233324123,67,0.8072289156626506,0.0,0.0,-11.215134853406216,-2.9666328123230694,0.003010802930350499,False,2.078875461128705,1.4875249102630583,1.4529177860822529e-10,
song,uniform,0.0,19,4,2014,true,1.0,1.0,0.05,24,0.8952630475835783,61,9.535413688399899,18,0.75,0.5,0.0,-0.2529080876120098,-0.473013285733507,0.6362037006243395,False,3.8620362957549266,0.22891552833441595,1.0444978215673473e-12,
song,uniform,0.0,19,5,2015,discovered,1.0,1.0,0.05,139,0.843398076520806,1,1.441557462560553,139,1.0,0.0,0.0,-3.3611371194556128,-1.11491600862657,0.2648864158992692,False,-2.922880250194772,3.450581132792157,1.2878103916591499e-08,
song,uniform,0.0,19,5,2015,true,1.0,1.0,0.05,24,0.798596656691548,122,8.038350483110184,23,0.9583333333333334,0.021052631578947368,5.0,-6.293516015190577,-2.0768411142398775,0.037816226140481426,False,4.936076833300251,0.08217213067755938,9.070788564713439e-11,
song,uniform,0.0,19,6,2016,discovered,1.0,1.0,0.05,95,0.8210885284754825,1,1.4059774502020896,95,1.0,0.0,0.0,-9.245869790205996,-2.3603444863047955,0.018257971688030363,False,0.6418682895920361,2.3064478501526198,4.788489604834467e-10,
song,uniform,0.0,19,6,2016,true,1.0,1.0,0.05,24,0.8494262724639517,87,9.344333633553198,22,0.9166666666666666,0.47368421052631576,5.0,-2.7101475086255506,-1.5607816002201398,0.1185752902311362,False,4.5486901511278415,0.10129707767968227,4.845901457883883e-12,
song,uniform,0.0,19,7,2017,discovered,1.0,1.0,0.05,161,0.9008691317299282,1,1.52031843397217,161,1.0,0.02,0.0,-5.113440074646974,-1.8574600789355746,0.06324572577319505,False,-3.0876165577029524,3.0600091184641443,9.742961992742494e-11,
song,uniform,0.0,19,7,2017,true,1.0,1.0,0.05,24,0.7180280567133889,85,9.314348741568093,23,0.9583333333333334,,,-3.677624589452118,-1.6017525109510404,0.10921034820655404,False,4.538342851357628,0.09027064251880752,2.3248958314070478e-11,gof: 8 of 100 bootstrap replicates could not be fitted (allowed fraction 0.05); the p-value would be biased; 
song,uniform,0.0,20,0,2010,discovered,1.0,1.0,0.05,71,0.9050022008004135,1,1.883008409914914,71,1.0,0.09,0.0,-3.644848016935521,-1.7577173385220728,0.07879561619481469,False,-0.4181629571586306,1.3184374271274535,3.743139131984208e-11,
song,uniform,0.0,20,0,2010,true,1.0,1.0,0.05,24,0.8401236754350043,12,5.4824382751078495,11,0.4583333333333333,0.26,0.0,-0.4933913509740535,-0.7579553712250465,0.44847770032946377,False,2.468454969123864,0.2788831709461264,6.860290113763767e-12,
song,uniform,0.0,20,1,2011,discovered,1.0,1.0,0.05,76,0.8479435163515143,14,5.755292671725752,13,0.17105263157894737,0.89,0.0,-0.13681172053066337,-0.3828093352558896,0.7018611392663561,False,2.020813893885811,0.4477354805895775,5.915268275202834e-12,
song,uniform,0.0,20,1,2011,true,1.0,1.0,0.05,24,0.9219432682942627,17,4.6919171210002215,22,0.9166666666666666,0.07,0.0,-2.011170038715062,-1.350053762336036,0.1769987383359387,False,2.973676364514006,0.256709536710919,5.755396159656812e-13,
song,uniform,0.0,20,2,2012,discovered,1.0,1.0,0.05,81,0.8229064017439663,1,1.476118956983958,81,1.0,0.0,0.0,-9.471140852921653,-2.651911619131896,0.008003748929565261,False,0.7535047156535608,1.8108380450964152,1.1937117960769683e-12,
song,uniform,0.0,20,2,2012,true,1.0,1.0,0.05,24,0.8836196287051432,38,9.610936174864184,17,0.7083333333333334,0.67,0.0,-1.073303525427309,-0.9060678906733907,0.36489991935166466,False,3.6681861963732993,0.12915338886071417,2.1316282072803006e-14,
song,uniform,0.0,20,3,2013,discovered,1.0,1.0,0.05,67,0.6906160473392934,22,7.5568526559235325,13,0.19402985074626866,0.93,0.0,-0.12195808610235126,-0.34741465246166287,0.7282798270052007,False,2.594414074582268,0.3379328926991251,6.505018745883717e-12,
song,uniform,0.0,20,3,2013,true,1.0,1.0,0.05,24,0.7748245364497632,23,5.484754897882457,19,0.7916666666666666,0.07,0.0,-1.777493610442245,-1.2531094240767329,0.21016588680665949,False,3.2554100549667613,0.21000598686511088,7.815970093361102e-14,
song,uniform,0.0,20,4,2014,discovered,1.0,1.0,0.05,94,0.8050493138771047,1,1.4384048081792444,94,1.0,0.0,0.0,-5.841877910304637,-1.8214328724955906,0.06854108203734995,False,-0.3182732786619873,2.558854559637144,1.0231815394945443e-12,
song,uniform,0.0,20,4,2014,true,1.0,1.0,0.05,24,0.7874281834800914,61,8.672317713236431,22,0.9166666666666666,0.31958762886597936,3.0,-4.0686193506700405,-1.6928537525042051,0.09048330816762934,False,4.220454137663539,0.09111266678083944,1.7053025658242404e-13,
song,uniform,0.0,20,5,2015,discovered,1.0,1.0,0.05,150,0.8540660179483515,1,1.4436649626033216,150,1.0,0.0,0.0,-4.128065986776365,-1.4551573991781126,0.14562569158935934,False,-3.268692840414312,3.5330361830235817,2.5009626369865146e-08,
song,uniform,0.0,20,5,2015,true,1.0,1.0,0.05,24,0.9557328669829979,120,9.956676315073793,24,1.0,,,-2.49925918058853,-1.3961829301391464,0.16265941566669906,False,4.855186705113356,0.10176189445390647,5.398703706305241e-11,gof: 30 of 100 bootstrap replicates could not be fitted (allowed fraction 0.05); the p-value would be biased; 
song,uniform,0.0,20,6,2016,discovered,1.0,1.0,0.05,133,0.8426679180620443,1,1.4404103801517474,133,1.0,0.0,0.0,-11.099036577623126,-2.6728877921091265,0.007520139983007695,False,0.23076501210342826,2.2930073821000367,2.7853275241795927e-12,
song,uniform,0.0,20,6,2016,true,1.0,1.0,0.05,24,0.8171346626988478,85,8.249488648608454,21,0.875,0.09090909090909091,1.0,-4.856634192411249,-1.9133888869014612,0.05569828601815762,False,4.566378494837446,0.08672103570898898,3.538502824085299e-12,
song,uniform,0.0,20,7,2017,discovered,1.0,1.0,0.05,66,0.6755099875104078,80,9.70632559597886,14,0.21212121212121213,0.78,0.0,-0.17541528363836267,-0.44589222547509055,0.6556750984247385,False,4.103309099495338,0.23368900386328822,2.9345414986892138e-12,
song,uniform,0.0,20,7,2017,true,1.0,1.0,0.05,24,0.8987587950102894,87,8.371693385752446,20,0.8333333333333334,0.24,0.0,-1.0125118263033457,-0.9401080123788277,0.34716215934067485,False,4.472163819232453,0.1663043116353982,1.5506884665228426e-10,
song,uniform,0.0,21,0,2010,discovered,1.0,1.0,0.05,67,0.8894718941193607,1,1.765968400562454,67,1.0,0.02,0.0,-1.885630876216462,-1.087828673545752,0.27667074870097996,False,-1.908744753793564,1.9862563867117544,2.8421709430404007e-13,
song,uniform,0.0,21,0,2010,true,1.0,1.0,0.05,24,0.6768750097425419,15,9.168289955708909,12,0.5,0.36,0.0,-1.2067642294670318,-1.1678191115744079,0.24287973739217572,False,2.785202952154569,0.10769485819357753,4.273914555597003e-12,
song,uniform,0.0,21,1,2011,discovered,1.0,1.0,0.05,49,0.6736491803103535,5,2.0092874997752705,32,0.6530612244897959,0.0,0.0,-9.643643542801382,-2.7140534876468707,0.0066465433737895735,False,2.4910102869728687,0.5284771885832906,4.276046183804283e-11,
song,uniform,0.0,21,1,2011,true,1.0,1.0,0.05,24,0.7950499050020217,21,6.341680310702331,13,0.5416666666666666,0.11,0.0,-1.7404410985330787,-1.0293475741852405,0.3033163751206692,False,3.180148640474177,0.14967354561228327,1.2327916465437738e-12,
song,uniform,0.0,21,2,2012,discovered,1.0,1.0,0.05,81,0.7670201892161002,25,4.506309942485338,14,0.1728395061728395,0.84,0.0,-0.33189749435397964,-0.5579236765170559,0.5768965031200326,False,2.9243609297157453,0.46333935600725473,2.4087398742267396e-12,
song,uniform,0.0,21,2,2012,true,1.0,1.0,0.05,24,0.8636026141632258,29,7.871329349122012,14,0.5833333333333334,0.9,0.0,-0.0033689030597443548,-0.05998924662787881,0.9521641992141231,False,-3.0416652293867203,0.9796072224209804,3.745518476705456e-06,
song,uniform,0.0,21,3,2013,discovered,1.0,1.0,0.05,55,0.7083342350780212,20,5.223372525848027,15,0.2727272727272727,0.68,0.0,-0.4381254201364835,-0.6196264789712674,0.5355037296725698,False,2.837774280036081,0.3541652142471398,3.062439191126032e-11,
song,uniform,0.0,21,3,2013,true,1.0,1.0,0.05,24,0.7707374357341639,27,8.358675564478622,13,0.5416666666666666,0.78,0.0,-0.7967439667120291,-0.8886380941855289,0.37419761108829674,False,3.328493293365531,0.15217013046482142,1.865174681370263e-12,
song,uniform,0.0,21,4,2014,discovered,1.0,1.0,0.05,105,0.8185626344013226,1,1.44965303583512,105,1.0,0.0,0.0,-9.761470621555661,-2.796695159502052,0.0051628219897716515,False,0.3442587070761284,2.178936633170722,2.2168933355715126e-11,
song,uniform,0.0,21,4,2014,true,1.0,1.0,0.05,24,0.5626487716736303,52,8.701600186275808,22,0.9166666666666666,0.24,0.0,-4.426910373780918,-1.809714379099716,0.07034009150361226,False,4.063355778628992,0.08698955385650912,1.3500311979441904e-13,
song,uniform,0.0,21,5,2015,discovered,1.0,1.0,0.05,170,0.9111532091224288,1,1.4958184059664208,170,1.0,0.0,0.0,-4.432614522243707,-1.4677191833917322,0.14218051769110215,False,-3.5103219552910474,3.2977789209403854,3.108198143308982e-10,
song,uniform,0.0,21,5,2015,true,1.0,1.0,0.05,24,0.7635087872774334,140,9.935485411804873,20,0.8333333333333334,,,-6.784287921835468,-2.2614863160532774,0.023729159111065306,False,5.048990328656982,0.0577534922957214,1.48929757415317e-11,gof: 7 of 100 bootstrap replicates could not be fitted (allowed fraction 0.05); the p-value would be biased; 
song,uniform,0.0,21,6,2016,discovered,1.0,1.0,0.05,109,0.8148687014751371,1,1.403688187488364,109,1.0,0.0,0.0,-18.848155638906285,-3.755854452494166,0.00017275107347418297,False,1.4496986781668761,1.7838375510393385,1.722355591482483e-11,
song,uniform,0.0,21,6,2016,true,1.0,1.0,0.05,24,0.9047327287211905,78,8.543051437501214,23,0.9583333333333334,,,-2.843205118474673,-1.4976964961267687,0.13421212261933324,False,4.448426574719238,0.11183962972283533,8.526512829121202e-14,gof: 6 of 100 bootstrap replicates could not be fitted (allowed fraction 0.05); the p-value would be biased; 
song,uniform,0.0,21,7,2017,discovered,1.0,1.0,0.05,122,0.8761972198300564,1,1.4523680489683368,122,1.0,0.0,0.0,-7.654835522681776,-2.4626095889826822,0.013793001411379778,False,-0.7230830383313163,2.6353953626876088,2.7853275241795927e-11,
song,uniform,0.0,21,7,2017,true,1.0,1.0,0.05,24,0.8547138867121367,89,7.414340308459223,22,0.9166666666666666,0.020202020202020204,1.0,-6.333286226407878,-2.235362810136884,0.025393539584919304,False,4.6346067530560555,0.08769913543283339,1.5489831639570184e-12,
song,uniform,0.0,22,0,2010,discovered,1.0,1.0,0.05,61,0.8617041290599277,1,1.68807760567979,61,1.0,0.0,0.0,-8.382299372635005,-2.4452558181632957,0.014474942928668869,False,0.72378487600533,1.0815682152124282,4.263256414560601e-13,
song,uniform,0.0,22,0,2010,true,1.0,1.0,0.05,24,0.7680762625434713,11,6.200959016434935,11,0.4583333333333333,0.54,0.0,-0.04518330434485307,-0.23263833460594116,0.8160422571723634,False,1.074744966339963,0.5563974449108845,8.042277954700694e-11,
song,uniform,0.0,22,1,2011,discovered,1.0,1.0,0.05,81,0.8185809132266089,15,6.588762233775237,13,0.16049382716049382,0.28,0.0,-0.7014629273138848,-0.7094925544285713,0.478018870297096,False,2.731701064016053,0.2080171142319096,2.7711166694643907e-13,
song,uniform,0.0,22,1,2011,true,1.0,1.0,0.05,24,0.783992390132742,18,5.712366298967624,18,0.75,0.19,0.0,-3.3931139715092886,-1.6417222602341546,0.10064757625075307,False,3.0684105785420313,0.14421057265166418,1.908517788251629e-11,
song,uniform,0.0,22,2,2012,discovered,1.0,1.0,0.05,59,0.6874762351557566,1,1.3725795984741977,59,1.0,0.0,0.0,-16.909367301446718,-3.114476607538352,0.0018427156767634749,False,2.0517823646864435,1.4532950621984695,8.498091119690798e-12,
song,uniform,0.0,22,2,2012,true,1.0,1.0,0.05,24,0.8025823575670277,33,6.323904370994927,23,0.9583333333333334,0.0,0.0,-7.961357960264277,-2.416143333876413,0.015685885264156256,False,3.675713251111632,0.09472831571988524,1.8616219676914625e-12,
song,uniform,0.0,22,3,2013,discovered,1.0,1.0,0.05,98,0.7917193988839386,10,3.2411372250256574,29,0.29591836734693877,0.04,0.0,-3.2113641694641872,-1.5688659146328063,0.11667918559829298,False,2.574614593273869,0.38730334253583515,6.295408638834488e-12,
song,uniform,0.0,22,3,2013,true,1.0,1.0,0.05,24,0.8318029363512267,26,7.697721739689476,15,0.625,0.35,0.0,-0.3258014821261228,-0.628385721576033,0.5297512884262394,False,3.08580489064433,0.24841112432827006,1.9753088054130785e-12,
song,uniform,0.0,22,4,2014,discovered,1.0,1.0,0.05,115,0.8921094770076395,1,1.550951252731403,115,1.0,0.06,0.0,-2.3204550544794222,-1.0805247794052204,0.27990855845715434,False,-4.379838993529225,3.2569975011033954,1.108423930418212e-08,
song,uniform,0.0,22,4,2014,true,1.0,1.0,0.05,24,0.8482832214288263,60,9.682532185896475,21,0.875,,,-1.8101238996459683,-1.021919406417829,0.30681904663645543,False,4.151089662060031,0.11333058568405611,2.6290081223123707e-12,gof: 6 of 100 bootstrap replicates could not be fitted (allowed fraction 0.05); the p-value would be biased; 
song,uniform,0.0,22,5,2015,discovered,1.0,1.0,0.05,78,0.7440355488980607,5,1.4878628314785058,56,0.717948717948718,0.0,0.0,-9.222109712435767,-2.4194956184465766,0.015542047969812926,False,3.162524356108357,1.5159086070845598,3.1798208510736004e-10,
song,uniform,0.0,22,5,2015,true,1.0,1.0,0.05,24,0.8892052958866876,138,9.501126504008429,23,0.9583333333333334,,,-3.354198042536731,-1.6907652334855534,0.09088164971471263,False,5.016980504533719,0.09234383978338154,2.7000623958883807e-13,gof: 11 of 100 bootstrap replicates could not be fitted (allowed fraction 0.05); the p-value would be biased; 
song,uniform,0.0,22,6,2016,discovered,1.0,1.0,0.05,137,0.8980440389104211,1,1.5328210671575226,137,1.0,0.0,0.0,-3.1729082759698795,-1.2780494821878665,0.20123197961545358,False,-3.887411795693252,3.2162209357657403,9.96431026578648e-09,
song,uniform,0.0,22,6,2016,true,1.0,1.0,0.05,24,0.6986924031028564,68,6.13555769630548,23,0.9583333333333334,0.0,0.0,-11.95187045109726,-2.817944022812097,0.0048332235274468555,False,4.411531813463707,0.07802493099563727,5.684341886080802e-14,
song,uniform,0.0,22,7,2017,discovered,1.0,1.0,0.05,106,0.7963922289130779,84,8.663149807618177,11,0.10377358490566038,0.44,0.0,-0.09603033828561269,-0.29421627820453616,0.7685926426414643,False,3.9707104379442706,0.29957063012151863,9.366942776978249e-10,
song,uniform,0.0,22,7,2017,true,1.0,1.0,0.05,24,0.6357162982889049,88,7.062231782016775,23,0.9583333333333334,0.03,0.0,-6.632426546424525,-2.1193762454656597,0.03405868268778996,False,4.631816649898829,0.09270888218312358,5.4711790653527714e-12,
song,uniform,0.0,23,0,2010,discovered,1.0,1.0,0.05,56,0.7985437804420051,10,6.27582602601361,11,0.19642857142857142,0.3,0.0,0.009974064808941918,0.8235881080133785,0.41017363527694306,False,-175074.48767440714,178.70987291390085,2.2959855414228514e-05,
song,uniform,0.0,23,0,2010,true,1.0,1.0,0.05,24,0.8394659242884779,9,3.930723814065905,23,0.9583333333333334,0.04,0.0,-1.3449313157856735,-0.968183040286388,0.3329529634076064,False,2.255236248601104,0.38394647167606843,2.084732386720134e-11,
song,uniform,0.0,23,1,2011,discovered,1.0,1.0,0.05,57,0.8073916808241374,21,5.849874600806862,11,0.19298245614035087,0.64,0.0,-0.028341142806014297,-0.19028686755637417,0.8490843438164777,False,1.0540085117930253,0.6924063936687364,1.7417534081687336e-10,
song,uniform,0.0,23,1,2011,true,1.0,1.0,0.05,24,0.7520122742166783,25,9.746117150494964,10,0.4166666666666667,0.77,0.0,-0.5903331545324613,-0.6520823108854765,0.5143480747209496,False,3.244326068742864,0.12913249152498363,6.394884621840902e-14,
song,uniform,0.0,23,2,2012,discovered,1.0,1.0,0.05,81,0.7945388814190444,37,6.249606168360088,10,0.12345679012345678,0.37,0.0,-0.3470054994743421,-0.5417862143966111,0.5879657892263476,False,3.5326923991342083,0.26881779916236487,3.083755473198835e-12,
song,uniform,0.0,23,2,2012,true,1.0,1.0,0.05,24,0.8442867872954296,35,7.597751658894131,16,0.6666666666666666,0.42,0.0,-0.7466893993737194,-0.8788481659220635,0.37948360646641077,False,3.5497149716250105,0.1903636670319284,7.370459798039519e-11,
song,uniform,0.0,23,3,2013,discovered,1.0,1.0,0.05,94,0.8598579103032138,23,7.765689825965799,12,0.1276595744680851,0.96,0.0,-0.16201930772506,-0.3972868999004765,0.6911559065484303,False,2.8098925129821484,0.2897924675548048,4.511946372076636e-13,
song,uniform,0.0,23,3,2013,true,1.0,1.0,0.05,24,0.836373665885044,30,9.159383921939485,12,0.5,0.59,0.0,-0.9297880806604191,-0.9042310887612979,0.3658728784743752,False,3.453618568967261,0.12471092362451847,8.526512829121202e-14,
song,uniform,0.0,23,4,2014,discovered,1.0,1.0,0.05,94,0.7866768366873486,41,5.288506712433939,16,0.1702127659574468,0.5,0.0,-0.5313666421807692,-0.7784377827622883,0.43631097204740876,False,3.602503183058446,0.3352448883034791,1.4210854715202004e-14,
song,uniform,0.0,23,4,2014,true,1.0,1.0,0.05,24,0.5787198577390524,56,9.08627302142627,19,0.7916666666666666,0.1919191919191919,1.0,-2.9324197997779655,-1.2612913593961748,0.20720389316720733,False,4.122165752244454,0.09399213217139045,1.1368683772161603e-13,
song,uniform,0.0,23,5,2015,discovered,1.0,1.0,0.05,60,0.6267699863824782,119,8.780001955001659,18,0.3,0.18,0.0,-2.2951958124371976,-1.6496729263272996,0.09900985044930492,False,4.869949920601294,0.1071751046920221,2.1032064978498966e-12,
song,uniform,0.0,23,5,2015,true,1.0,1.0,0.05,24,0.796963647075389,124,9.980675566366271,22,0.9166666666666666,,,-3.677944184943467,-1.794151235444595,0.07278903311373366,False,4.91062502126498,0.0820129420439468,2.503952600818593e-11,gof: 6 of 100 bootstrap replicates could not be fitted (allowed fraction 0.05); the p-value would be biased; 
song,uniform,0.0,23,6,2016,discovered,1.0,1.0,0.05,115,0.8584042996174664,1,1.4671278947845532,115,1.0,0.0,0.0,-4.266490797083884,-1.4989215263117577,0.13389399120751433,False,-1.9092405260550083,2.9811057978210194,3.613649823819287e-09,
song,uniform,0.0,23,6,2016,true,1.0,1.0,0.05,24,0.823829498361235,77,7.878688198627837,23,0.9583333333333334,0.05154639175257732,3.0,-4.710385366520368,-1.6743214688561272,0.0940674373912708,False,4.470051081211498,0.09698330263450641,2.9416469260468148e-12,
song,uniform,0.0,23,7,2017,discovered,1.0,1.0,0.05,95,0.7961179017967195,44,3.600062718695765,19,0.2,0.3,0.0,-1.8363263054810228,-1.2729207112296992,0.2030461790175201,False,3.9982248597870624,0.36137665836448,5.093170329928398e-11,
song,uniform,0.0,23,7,2017,true,1.0,1.0,0.05,24,0.792109592507804,76,7.5716947733990025,23,0.9583333333333334,0.041666666666666664,4.0,-5.491598754158952,-1.9721651407483454,0.04859075766768043,False,4.46814667711713,0.09410182106599718,4.121147867408581e-13,
song,uniform,0.0,24,0,2010,discovered,1.0,1.0,0.05,59,0.8174673779383789,3,2.208058673343755,35,0.5932203389830508,0.03,0.0,-5.344371584786371,-2.0628773397035003,0.03912428357665814,False,1.6679295144609179,0.6023061402483211,3.126388037344441e-13,
song,uniform,0.0,24,0,2010,true,1.0,1.0,0.05,24,0.6323659023251985,12,6.529569098389669,13,0.5416666666666666,0.28,0.0,-1.7678839851626593,-1.1157341285454256,0.2645359573016336,False,2.6195116149816977,0.13973134249216174,5.684341886080802e-14,
song,uniform,0.0,24,1,2011,discovered,1.0,1.0,0.05,77,0.8593474627551105,14,5.001088648243862,12,0.15584415584415584,0.5,0.0,-0.27670782633134006,-0.5000530435039473,0.617037728390175,False,2.37254460918456,0.4051577139219461,6.110667527536862e-13,
song,uniform,0.0,24,1,2011,true,1.0,1.0,0.05,24,0.7499804478438095,22,6.224562869323525,15,0.625,0.23,0.0,-1.7900747071197416,-1.146377541128633,0.25163897133744517,False,3.2196851081337976,0.16151930920265797,1.4921397450962104e-13,
song,uniform,0.0,24,2,2012,discovered,1.0,1.0,0.05,62,0.6776224861617122,28,6.2783971236289275,14,0.22580645161290322,0.42,0.0,-1.0108742433408073,-0.8670204076155694,0.3859308281635878,False,3.400966297052662,0.19942284726398019,1.6342482922482304e-13,
song,uniform,0.0,24,2,2012,true,1.0,1.0,0.05,24,0.8469633867914005,33,9.977096032882992,17,0.7083333333333334,0.71,0.0,-0.2101181153668472,-0.4216192177441752,0.673302976741698,False,3.2260670212406506,0.22561456405653613,1.823252659960417e-11,
song,uniform,0.0,24,3,2013,discovered,1.0,1.0,0.05,78,0.7725342489098286,17,5.154832864714964,18,0.23076923076923078,0.75,0.0,-0.09881314345682135,-0.3338556446362488,0.7384884916466077,False,1.5307858644978136,0.6382490859474824,4.078515303262975e-12,
song,uniform,0.0,24,3,2013,true,1.0,1.0,0.05,24,0.8696102690777411,23,6.538274557493251,18,0.75,0.62,0.0,-1.0831213130975352,-0.9736439584910502,0.3302333519885966,False,3.174416908479186,0.20383942351909803,7.105427357601002e-15,
song,uniform,0.0,24,4,2014,discovered,1.0,1.0,0.05,112,0.864512459198474,1,1.5461526566834474,112,1.0,0.0,0.0,-0.5092100499275996,-0.26143702675491864,0.7937555063891844,False,-7.297375140658657,3.9196777753284233,1.2515329217421822e-08,
song,uniform,0.0,24,4,2014,true,1.0,1.0,0.05,24,0.8288959369314018,49,4.689227473073367,24,1.0,0.0,1.0,-7.766373855717735,-2.331220297691133,0.019741746380029963,False,4.148947218543859,0.14289516645269357,2.842170943040401e-14,
song,uniform,0.0,24,5,2015,discovered,1.0,1.0,0.05,74,0.7569907346860104,1,1.3089482687757383,74,1.0,0.0,0.0,-19.29162001271284,-3.8306828862562465,0.00012778811093772444,False,2.423757682743329,1.9085360710527122,5.6843418860808015e-12,
song,uniform,0.0,24,5,2015,true,1.0,1.0,0.05,24,0.6819131923850297,122,7.9261714499506635,23,0.9583333333333334,0.03,0.0,-9.778383464223905,-2.3691964347230257,0.017826782541640943,False,4.945290062734765,0.06556362453028725,1.7905676941154525e-12,
song,uniform,0.0,24,6,2016,discovered,1.0,1.0,0.05,153,0.8992654991793111,1,1.625891185612965,153,1.0,0.0,0.0,3.488480199909562,2.8758005293126794,0.004030042994361237,False,-378135.11799931165,707.8302943510769,0.0011843842185044196,
song,uniform,0.0,24,6,2016,true,1.0,1.0,0.05,24,0.8310321130820058,82,9.49179442502359,21,0.875,0.1717171717171717,1.0,-4.20132278538974,-1.7827204320518508,0.07463182364206798,False,4.508364692666028,0.0794395366574957,2.2737367544323206e-13,
song,uniform,0.0,24,7,2017,discovered,1.0,1.0,0.05,182,0.8692921002576074,1,1.5251531288766427,182,1.0,0.0,0.0,-1.5329279806014924,-0.5916751096691942,0.5540681670629204,False,-6.422778668046596,3.8439459554023574,2.367187335039489e-09,
song,uniform,0.0,24,7,2017,true,1.0,1.0,0.05,24,0.8837151793715291,86,8.55262473440296,22,0.9166666666666666,0.08163265306122448,2.0,-4.08224640970567,-2.0763716059289363,0.037859595261499054,False,4.565871519259158,0.09268241383595532,1.2647660696529783e-12,
song,uniform,0.0,25,0,2010,discovered,1.0,1.0,0.05,64,0.8327446469793796,9,6.808649232093397,10,0.15625,0.7,0.0,-0.034805834096011345,-0.20257711414650686,0.839465579369023,False,0.9221363045011418,0.5114720647709222,6.0396132539608516e-12,
song,uniform,0.0,25,0,2010,true,1.0,1.0,0.05,24,0.44897288807404206,12,7.034977016868763,11,0.4583333333333333,0.58,0.0,-0.729169792025794,-0.884667078048824,0.3763362168818849,False,2.540747922970029,0.17461095854889208,1.8900436771218665e-12,
song,uniform,0.0,25,1,2011,discovered,1.0,1.0,0.05,56,0.7249409892587446,16,6.181980926601294,14,0.25,0.09,0.0,-1.296369518440585,-0.8974911879244823,0.36945687350136724,False,2.8770959210639537,0.1800277936604366,6.750155989720952e-14,
song,uniform,0.0,25,1,2011,true,1.0,1.0,0.05,24,0.7154274214012687,20,9.558945608611602,13,0.5416666666666666,1.0,0.0,-0.140821693981803,-0.3996368153178125,0.6894240363525329,False,2.675555095791606,0.24461115680664852,1.6918022538447985e-11,
song,uniform,0.0,25,2,2012,discovered,1.0,1.0,0.05,49,0.5690022840695022,30,6.462725267545196,19,0.3877551020408163,0.54,0.0,-0.9606392392503831,-0.8872335064294887,0.37495319645114067,False,3.409358468858177,0.2226770481149982,2.2723156689608004e-11,
song,uniform,0.0,25,2,2012,true,1.0,1.0,0.05,24,0.8248393012315963,32,6.22432002207488,18,0.75,0.12,0.0,-2.4173676391879457,-1.332841843730908,0.18258371077438384,False,3.6044127310812324,0.15436024877961266,5.289280124998186e-11,
song,uniform,0.0,25,3,2013,discovered,1.0,1.0,0.05,84,0.80864358490006,1,1.5064202287738795,84,1.0,0.0,0.0,-11.764199673611493,-2.8164809843897927,0.004855291708156716,False,0.9593513840213421,1.5289631892404913,1.9610979506978765e-12,
song,uniform,0.0,25,3,2013,true,1.0,1.0,0.05,24,0.8481313289556425,25,5.73521320540042,17,0.7083333333333334,0.45,0.0,-1.793090222814512,-1.2985359366699085,0.19410323576090727,False,3.347122663110081,0.18902522161172094,3.3161029477923876e-11,
song,uniform,0.0,25,4,2014,discovered,1.0,1.0,0.05,102,0.8082929275135861,1,1.464525894912003,102,1.0,0.0,0.0,-9.160227072331999,-2.246500980948139,0.024671936779972477,False,0.45671282822003767,2.04520699565163,2.887645678129047e-11,
song,uniform,0.0,25,4,2014,true,1.0,1.0,0.05,24,0.8636286240821592,50,8.221071155517713,19,0.7916666666666666,0.25,0.0,-2.117667088200332,-1.3055652329709901,0.19170044995280255,False,4.0008343531950485,0.12182474456051072,5.186961971048731e-13,
song,uniform,0.0,25,5,2015,discovered,1.0,1.0,0.05,107,0.8389991636896377,1,1.3915790803388277,107,1.0,0.0,0.0,-4.869536903335738,-1.5756315308785616,0.11511074514732672,False,-1.2730269497533766,3.2568961671204235,7.697167347942013e-09,
song,uniform,0.0,25,5,2015,true,1.0,1.0,0.05,24,0.8995422914073657,130,7.226638566910605,24,1.0,0.0,4.0,-8.602962161327124,-2.782187218452214,0.0053993882831726925,False,5.0224469860934216,0.08042027175200525,2.8990143619012088e-12,
song,uniform,0.0,25,6,2016,discovered,1.0,1.0,0.05,80,0.7331007480768096,12,1.7983989214996379,47,0.5875,0.0,0.0,-8.112889732491237,-2.4440825587417745,0.01452210293440096,False,3.4837548164140673,0.9063386127341593,1.85792714546551e-10,
song,uniform,0.0,25,6,2016,true,1.0,1.0,0.05,24,0.6547712633415635,77,6.237080760632785,23,0.9583333333333334,0.0,0.0,-9.882751114460328,-2.2318998956789615,0.02562157979480793,False,4.530414673670101,0.08599776788239792,1.2433076790330233e-10,
song,uniform,0.0,25,7,2017,discovered,1.0,1.0,0.05,136,0.85552426065706,1,1.4443513310128353,136,1.0,0.0,0.0,-10.858968823181833,-2.6759118643419213,0.00745262406485259,False,0.10213680173906653,2.330815548740311,2.000319909711834e-10,
song,uniform,0.0,25,7,2017,true,1.0,1.0,0.05,24,0.7956744208487029,88,7.529420788521313,21,0.875,0.02,0.0,-6.518844964275442,-2.470219109224776,0.013503031707956456,False,4.622353329166511,0.08277157313671266,2.3717916519672144e-11,
song,uniform,0.0,26,0,2010,discovered,1.0,1.0,0.05,49,0.7888163197901036,8,4.9586565466956385,12,0.24489795918367346,0.2,0.0,-0.49265618787787036,-0.6820582977478401,0.4952020885296756,False,2.036387498018202,0.3225985885754743,5.226041821515537e-11,
song,uniform,0.0,26,0,2010,true,1.0,1.0,0.05,24,0.647364607048897,9,3.894914558724789,17,0.7083333333333334,0.05,0.0,-1.5184829826118609,-1.0297014454903008,0.30315017683101175,False,2.3678622922007673,0.3257811669743516,9.237055564881302e-14,
song,uniform,0.0,26,1,2011,discovered,1.0,1.0,0.05,67,0.7543896350132995,6,2.263437160669571,37,0.5522388059701493,0.0,0.0,-5.737394719581026,-2.009975807963121,0.044433749368933045,False,2.3718568479465665,0.5896428860690791,1.3648104868480004e-10,
song,uniform,0.0,26,1,2011,true,1.0,1.0,0.05,24,0.7102280400959289,19,5.872583116761473,16,0.6666666666666666,0.37,0.0,-1.1566043240015573,-0.8716258843948494,0.3834125050098328,False,3.0191712821420795,0.21444180551827602,6.394884621840902e-14,
song,uniform,0.0,26,2,2012,discovered,1.0,1.0,0.05,82,0.7035570469284238,24,5.538269216756827,19,0.23170731707317074,0.06,0.0,-0.5744221074542746,-0.7156423455036186,0.47421221931224455,False,3.0431636397464135,0.3260588193849598,1.8474111129762605e-13,
song,uniform,0.0,26,2,2012,true,1.0,1.0,0.05,24,0.71084574313836,34,9.61337342885882,16,0.6666666666666666,0.46,0.0,-0.5536886906853149,-0.5861713404855923,0.557760378943412,False,3.480607412662499,0.1630456633361644,5.849187800777145e-11,
song,uniform,0.0,26,3,2013,discovered,1.0,1.0,0.05,104,0.9107464937791833,2,1.7869833931292938,67,0.6442307692307693,0.07,0.0,-2.4222813158192507,-1.316912525369471,0.18786794751525016,False,-0.21319166503397963,1.7758913639566365,4.206412995699793e-11,
song,uniform,0.0,26,3,2013,true,1.0,1.0,0.05,24,0.7670527513531752,25,5.669125232658842,20,0.8333333333333334,0.15,0.0,-1.9133189896674434,-1.2890570008120386,0.19737827083184134,False,3.3370701611943434,0.2000198502332298,6.899369964230573e-12,
song,uniform,0.0,26,4,2014,discovered,1.0,1.0,0.05,92,0.8041420682351451,1,1.4347862981564408,92,1.0,0.0,0.0,-11.306791771150646,-2.5571869667811966,0.010552248423255575,False,0.9852152416206346,1.9081683032083592,6.559730536537245e-11,
song,uniform,0.0,26,4,2014,true,1.0,1.0,0.05,24,0.6003731132747969,50,5.470880874231441,23,0.9583333333333334,0.0,0.0,-5.918349085257038,-1.858292324658296,0.06312751320082603,False,4.11661265858144,0.13289712968095643,1.2860823517257813e-10,
song,uniform,0.0,26,5,2015,discovered,1.0,1.0,0.05,112,0.799292771919365,4,1.5039407097026503,79,0.7053571428571429,0.0,0.0,-13.060746548049643,-3.277392319743738,0.001047706841216615,False,2.8547318486077056,1.4691885240909452,6.605205271625891e-11,
song,uniform,0.0,26,5,2015,true,1.0,1.0,0.05,24,0.8808906813246886,113,7.308105232718997,24,1.0,0.010309278350515464,3.0,-3.213917994503157,-1.4242605465262934,0.15437106382703217,False,4.842720393573346,0.12931805180995964,1.2789769243681803e-12,
song,uniform,0.0,26,6,2016,discovered,1.0,1.0,0.05,108,0.8087357644789133,1,1.4457483782956166,108,1.0,0.0,0.0,-2.1720421673654613,-0.8098118788572504,0.418048304311157,False,-3.0537320647970247,3.4646464339641674,1.2557484296848997e-07,
song,uniform,0.0,26,6,2016,true,1.0,1.0,0.05,24,0.8599717138937286,77,9.538827699158647,21,0.875,,,-2.079194279833769,-1.30120609899601,0.19318791819962522,False,4.411471847619492,0.10882607901910021,8.043343768804334e-12,gof: 7 of 100 bootstrap replicates could not be fitted (allowed fraction 0.05); the p-value would be biased; 
song,uniform,0.0,26,7,2017,discovered,1.0,1.0,0.05,125,0.8476452794415537,1,1.483211302349826,125,1.0,0.0,0.0,-2.1222460925583784,-0.873794334618946,0.38223026628791135,False,-4.30336028152759,3.5772442833479885,1.0351243417972e-08,
song,uniform,0.0,26,7,2017,true,1.0,1.0,0.05,24,0.813207827813806,74,8.083901828017703,22,0.9166666666666666,0.14285714285714285,2.0,-2.091006172028134,-1.180855563669141,0.2376601065414069,False,4.382095664832516,0.13354477672883427,2.452509306749562e-10,
song,uniform,0.0,27,0,2010,discovered,1.0,1.0,0.05,59,0.8187766507769639,5,3.198053389558594,21,0.3559322033898305,0.02,0.0,-2.0004155792266354,-1.2173951553427436,0.22345390543634291,False,1.845008797867375,0.4083154829737894,1.2221335055073723e-12,
song,uniform,0.0,27,0,2010,true,1.0,1.0,0.05,24,0.8171476153891966,10,5.449093485616166,19,0.7916666666666666,0.44,0.0,-1.4136938173061007,-1.0156640355858968,0.30978939978701026,False,2.3927364366535437,0.2264789205926789,8.526512829121202e-14,
song,uniform,0.0,27,1,2011,discovered,1.0,1.0,0.05,73,0.7864802541609398,1,1.5066550296492895,73,1.0,0.0,0.0,-11.431618009769831,-2.698976857960864,0.006955301276351047,False,1.0853276444592683,1.4351814426941916,1.0516032489249483e-12,
song,uniform,0.0,27,1,2011,true,1.0,1.0,0.05,24,0.7509008673093581,21,8.516678638363329,13,0.5416666666666666,0.15,0.0,-1.788609552598953,-1.318217016418278,0.1874310107513627,False,3.14378176704282,0.10435440475422762,1.2079226507921703e-13,
song,uniform,0.0,27,2,2012,discovered,1.0,1.0,0.05,82,0.8161370891110816,1,1.5284053416718617,82,1.0,0.0,0.0,-5.817893664060199,-1.7723645596725597,0.07633406082159502,False,0.018936646556617892,1.9652106413919992,2.1373125491663814e-11,
song,uniform,0.0,27,2,2012,true,1.0,1.0,0.05,24,0.8591415400028749,29,6.516390651737097,18,0.75,0.18,0.0,-1.7667850308401496,-1.27563168599582,0.20208574770763899,False,3.470584409411348,0.16757077398238013,4.618527782440651e-13,
song,uniform,0.0,27,3,2013,discovered,1.0,1.0,0.05,86,0.8242644645423816,1,1.4913957957462427,86,1.0,0.0,0.0,-11.773316782526567,-2.9305051908745434,0.0033841133970019086,False,0.9448257397196197,1.6104537040760663,3.200284481863491e-11,
song,uniform,0.0,27,3,2013,true,1.0,1.0,0.05,24,0.8489758402461623,27,6.9665560784191305,16,0.6666666666666666,0.11,0.0,-1.564592650375105,-1.1136300122120906,0.26543794555483413,False,3.391327585151731,0.15479901200716814,3.126388037344441e-13,
song,uniform,0.0,27,4,2014,discovered,1.0,1.0,0.05,82,0.7970018206193801,1,1.3943699009270305,82,1.0,0.0,0.0,-14.7558988872713,-3.179807399716881,0.0014737296753513122,False,1.5510955170752387,1.7784309613842695,1.6200374375330284e-11,
song,uniform,0.0,27,4,2014,true,1.0,1.0,0.05,24,0.7609304261060603,63,9.715416931512484,15,0.625,0.36,0.0,-1.384509097813047,-1.2404763419722968,0.21479925940085765,False,4.204675332545349,0.10969716238444807,5.684341886080802e-14,
song,uniform,0.0,27,5,2015,discovered,1.0,1.0,0.05,120,0.7878247254074644,3,1.4475077220416492,87,0.725,0.0,0.0,-17.20307974287283,-3.597088552070566,0.00032179895436076857,False,2.849456638259788,1.5150670987273942,1.2676082405960187e-11,
song,uniform,0.0,27,5,2015,true,1.0,1.0,0.05,24,0.7419237950975872,126,7.407159733243694,24,1.0,,,-11.611238416133688,-2.9570821578539412,0.0031056535537381967,False,4.9901387471940675,0.06560056438304233,7.105427357601002e-14,gof: 8 of 100 bootstrap replicates could not be fitted (allowed fraction 0.05); the p-value would be biased; 
song,uniform,0.0,27,6,2016,discovered,1.0,1.0,0.05,120,0.8422050050931736,1,1.4945023067444514,120,1.0,0.0,0.0,-0.22430024948644078,-0.12885210352516901,0.8974746764773736,False,-10.75005235186387,4.8590687591378225,1.8338823792873882e-09,
song,uniform,0.0,27,6,2016,true,1.0,1.0,0.05,24,0.8112664815507654,78,9.033506171075771,18,0.75,0.34,0.0,-2.480110048377065,-1.3274893650226596,0.18434685562548547,False,4.448736253492574,0.09998712017711811,5.684341886080801e-13,
song,uniform,0.0,27,7,2017,discovered,1.0,1.0,0.05,113,0.8099253108472378,1,1.435165236423383,113,1.0,0.0,0.0,-3.1918753944386182,-1.1272204120397058,0.25964930233256833,False,-2.339976520033309,3.3146023806995415,1.7860202206065878e-10,
song,uniform,0.0,27,7,2017,true,1.0,1.0,0.05,24,0.9221037554768138,88,9.306646410275144,20,0.8333333333333334,0.1414141414141414,1.0,-2.6028310465006874,-1.6294678775572506,0.10321400966054885,False,4.563457431797788,0.09929991278723894,2.2168933355715126e-12,
song,uniform,0.0,28,0,2010,discovered,1.0,1.0,0.05,50,0.7674957917486104,13,6.801919978841457,10,0.2,0.77,0.0,-0.02790729764623201,-0.1705306411905515,0.8645928390796471,False,1.0261709729399124,0.5565947792978272,9.688250202088966e-11,
song,uniform,0.0,28,0,2010,true,1.0,1.0,0.05,24,0.6740831370956116,13,6.35896525741107,13,0.5416666666666666,0.72,0.0,-0.19445256619065487,-0.4111437624589222,0.6809671222311608,False,2.2057180648135715,0.34920889555840423,1.2541079286165768e-12,
song,uniform,0.0,28,1,2011,discovered,1.0,1.0,0.05,64,0.7699880401723675,4,2.009983765210524,43,0.671875,0.0,0.0,-4.932218190784887,-1.9610318764757588,0.04987530452744747,False,1.950196007152993,0.8465424234933053,7.673861546209082e-13,
song,uniform,0.0,28,1,2011,true,1.0,1.0,0.05,24,0.7553681934216181,22,8.875163752161303,12,0.5,0.5,0.0,-0.29441378171445853,-0.6364146350719533,0.5245062044313447,False,2.976129305636764,0.20075753488337617,1.2109069302823627e-10,
song,uniform,0.0,28,2,2012,discovered,1.0,1.0,0.05,78,0.7245013519527908,3,1.6468754761376143,58,0.7435897435897436,0.0,0.0,-14.34817474577693,-3.1375790961862973,0.0017034930517215636,False,2.3820771082991095,0.9185197341263271,1.4722445484949276e-11,
song,uniform,0.0,28,2,2012,true,1.0,1.0,0.05,24,0.6939257057421906,30,7.071747262096342,18,0.75,0.07,0.0,-4.207352171064596,-1.7440514747209166,0.08115011444593237,False,3.548619575797889,0.1017034594528889,5.4072302191343624e-12,
song,uniform,0.0,28,3,2013,discovered,1.0,1.0,0.05,71,0.8199206074581356,3,1.7474217006739872,46,0.647887323943662,0.0,0.0,-7.442111607455105,-2.281501698245598,0.0225187763332323,False,2.0395951488322117,0.978031023280972,2.2453150450019166e-12,
song,uniform,0.0,28,3,2013,true,1.0,1.0,0.05,24,0.6799085993207225,29,7.62393936169513,14,0.5833333333333334,0.14,0.0,-3.0751524714503375,-1.4617694074879999,0.1438044100645202,False,3.5005940918856866,0.09594666372519778,4.447997525858227e-12,
song,uniform,0.0,28,4,2014,discovered,1.0,1.0,0.05,85,0.7162182522641619,44,6.125597929863479,21,0.24705882352941178,0.58,0.0,-0.15530554642933847,-0.39892846472096505,0.6899459146848613,False,2.9756045629715224,0.4726556468333631,5.468336894409731e-11,
song,uniform,0.0,28,4,2014,true,1.0,1.0,0.05,24,0.7935439903513869,47,7.023479091325706,22,0.9166666666666666,0.03,0.0,-3.7215899769962935,-1.5303089000047472,0.12594028634208726,False,3.9849185439133024,0.12086824915828637,2.2609469851886388e-11,
song,uniform,0.0,28,5,2015,discovered,1.0,1.0,0.05,115,0.7985550843298094,1,1.384807150453207,115,1.0,0.0,0.0,-8.130985946430624,-2.079489060421919,0.03757242225729278,False,0.07027267317627418,2.7573161202637757,1.0371081771154422e-09,
song,uniform,0.0,28,5,2015,true,1.0,1.0,0.05,24,0.7744022622174221,127,9.08115174137864,23,0.9583333333333334,,,-3.8154125808517807,-1.4815079430257687,0.13847126987096506,False,4.944256862036264,0.09149719624919196,2.6774671368912095e-10,gof: 9 of 100 bootstrap replicates could not be fitted (allowed fraction 0.05); the p-value would be biased; 
song,uniform,0.0,28,6,2016,discovered,1.0,1.0,0.05,82,0.7487269285224184,1,1.3483721688393837,82,1.0,0.0,0.0,-18.133504756254382,-3.4344247724785606,0.0005938128691236428,False,2.006287717862386,1.8172189722320298,4.831690603168681e-12,
song,uniform,0.0,28,6,2016,true,1.0,1.0,0.05,24,0.697324951899075,84,8.785503742078633,20,0.8333333333333334,0.04,0.0,-6.06674542230522,-1.909923044310558,0.056143122502856226,False,4.552056261323278,0.07021317863776012,4.412470389070222e-12,
song,uniform,0.0,28,7,2017,discovered,1.0,1.0,0.05,100,0.7291760543816939,59,5.306168214413111,17,0.17,0.35,0.0,-1.2903586491452446,-0.9987193191287294,0.3179306792861134,False,4.170328839317614,0.24159142711868095,4.121147867408581e-13,
song,uniform,0.0,28,7,2017,true,1.0,1.0,0.05,24,0.8876068503162893,81,8.773085739765808,19,0.7916666666666666,0.08163265306122448,2.0,-2.194873407255794,-1.4839671519160715,0.13781763517932413,False,4.47930630768014,0.1118615714759012,8.498091119690798e-12,
song,uniform,0.0,29,0,2010,discovered,1.0,1.0,0.05,61,0.798842089891414,1,1.6040366907066403,61,1.0,0.0,0.0,-12.042578687613753,-2.8847103375832814,0.00391773948619601,False,1.0711661123893181,1.0375457270204351,2.842170943040401e-14,
song,uniform,0.0,29,0,2010,true,1.0,1.0,0.05,24,0.5513851498451221,13,7.9668205930090235,10,0.4166666666666667,0.67,0.0,-0.14657605928427486,-0.39744315313135725,0.6910406987857477,False,2.2907027634211703,0.26835679848204125,9.723777338876971e-12,
song,uniform,0.0,29,1,2011,discovered,1.0,1.0,0.05,69,0.7539079063099473,1,1.5009304633346578,69,1.0,0.0,0.0,-12.902467416147262,-2.849158571867518,0.004383502665928364,False,1.2512090870437484,1.3230922350334946,3.126388037344441e-13,
song,uniform,0.0,29,1,2011,true,1.0,1.0,0.05,24,0.7932809426634548,20,6.848270997785459,23,0.9583333333333334,0.15306122448979592,2.0,-1.5155911066395458,-1.0237187065811242,0.3059681571027415,False,3.0470515744390037,0.18506681712168413,7.316458550121752e-11,
song,uniform,0.0,29,2,2012,discovered,1.0,1.0,0.05,84,0.7796129358738768,30,7.812063068037116,11,0.13095238095238096,0.65,0.0,-0.9968912695920751,-0.8260866070962799,0.40875496442183157,False,3.478472909263484,0.140166429914908,7.37827576813288e-11,
song,uniform,0.0,29,2,2012,true,1.0,1.0,0.05,24,0.8785175612623781,31,7.9622274194295075,17,0.7083333333333334,0.41,0.0,-1.45549364989978,-1.1100832888738839,0.26696313760921064,False,3.5043798830241566,0.1405784134183421,6.963318810448982e-13,
song,uniform,0.0,29,3,2013,discovered,1.0,1.0,0.05,65,0.6932583753562183,25,8.52817355345724,12,0.18461538461538463,0.38,0.0,-0.4103941468648462,-0.5644389719217557,0.5724554224182985,False,3.16552372785602,0.18634272037176572,5.5422333389287814e-12,
song,uniform,0.0,29,3,2013,true,1.0,1.0,0.05,24,0.8070449731847862,21,4.777667161766127,21,0.875,0.03,0.0,-3.1072253458559733,-1.4621565131728302,0.14369832528842647,False,3.2450328067735223,0.2033193889691835,0.0,
song,uniform,0.0,29,4,2014,discovered,1.0,1.0,0.05,66,0.6978471462345824,56,6.596875264794879,16,0.24242424242424243,0.26,0.0,-0.1735917770547175,-0.34693828573332636,0.7286376830814687,False,3.5157650648534413,0.3817483122327173,1.5916157281026244e-12,
song,uniform,0.0,29,4,2014,true,1.0,1.0,0.05,24,0.7926665990308758,59,8.65887811596724,19,0.7916666666666666,0.25,0.0,-2.739668801804976,-1.386709542141679,0.165530349740605,False,4.1763738226293725,0.10249841628301339,7.744915819785092e-13,
song,uniform,0.0,29,5,2015,discovered,1.0,1.0,0.05,172,0.882747168983304,1,1.481915697046661,172,1.0,0.0,0.0,0.3791606178985525,0.17009372008494777,0.8649364321982691,False,-12.555487162573806,5.2595217557901135,3.4224933642690303e-07,
song,uniform,0.0,29,5,2015,true,1.0,1.0,0.05,24,0.7693581003687046,123,8.484101836370643,23,0.9583333333333334,,,-6.460824608688458,-2.1355062581011786,0.03271967955474829,False,4.936944570914321,0.07622768689664162,5.5223381423274986e-11,gof: 9 of 100 bootstrap replicates could not be fitted (allowed fraction 0.05); the p-value would be biased; 
song,uniform,0.0,29,6,2016,discovered,1.0,1.0,0.05,176,0.8661596746535656,1,1.7685364752542438,176,1.0,0.0,0.0,7.8783600097473885,6.965783732739605,3.265805079304625e-12,False,-9999.999994555166,103.58238485738838,0.0,
song,uniform,0.0,29,6,2016,true,1.0,1.0,0.05,24,0.8675540036203655,90,9.49771588852055,19,0.7916666666666666,0.21,0.0,-3.0270824404221144,-1.5588203890704975,0.11903889704099274,False,4.593302991972423,0.08850290249548146,5.044853423896711e-12,
song,uniform,0.0,29,7,2017,discovered,1.0,1.0,0.05,91,0.7504342248476004,85,8.49556686433505,12,0.13186813186813187,0.87,0.0,0.0009198672130423802,0.5241991478588766,0.6001400335340301,False,-63467.08217095153,91.7891461883572,1.5833909856155515e-05,
song,uniform,0.0,29,7,2017,true,1.0,1.0,0.05,24,0.7840230584700432,77,6.590805079758493,20,0.8333333333333334,0.04,0.0,-4.296111817972696,-1.544630874122252,0.12243557386204351,False,4.501148773616768,0.11663974197218674,1.4210854715202004e-13,
song,uniform,0.8,0,0,2010,discovered,1.0,1.0,0.05,66,0.8781791520345861,1,1.7340927776205344,66,1.0,0.0,0.0,-7.039813926198784,-2.327732264082441,0.019926324804891187,False,0.47053252942585083,1.1450491202811837,6.252776074688882e-12,
song,uniform,0.8,0,0,2010,true,1.0,1.0,0.05,22,0.6452583152999911,12,4.424728183262948,13,0.5909090909090909,0.81,0.0,-1.0671174772808034,-0.9481498546005586,0.343053171124317,False,2.615216842965065,0.28724430153923364,3.810640691881417e-11,
song,uniform,0.8,0,1,2011,discovered,1.0,1.0,0.05,88,0.8958600111122534,6,2.436277637427185,29,0.32954545454545453,0.35,0.0,-1.5670363606234439,-1.10722552295885,0.2681964352620423,False,1.8083302325834798,0.8221850849934651,1.2963141671207268e-10,
song,uniform,0.8,0,1,2011,true,1.0,1.0,0.05,24,0.5323656701017427,28,4.851757595585448,11,0.4583333333333333,0.49,0.0,-0.8733224841535301,-0.8205092888890761,0.41192583609872335,False,3.443311333558478,0.2634306518118126,1.5262457964126952e-11,
song,uniform,0.8,0,2,2012,discovered,1.0,1.0,0.05,126,0.9361326412355516,1,1.7912757791887488,126,1.0,0.22,0.0,0.5208109888769381,0.5415964926235872,0.5880965085597286,False,-195616.30190532102,447.2555814642384,0.000150152520291158,
song,uniform,0.8,0,2,2012,true,1.0,1.0,0.05,24,0.6884033198490221,42,9.031986267822285,10,0.4166666666666667,0.35,0.0,-0.14750666657519473,-0.46533329358020636,0.6416927960171717,False,3.48885407070323,0.238589609706681,2.0229151687090052e-10,
song,uniform,0.8,0,3,2013,discovered,1.0,1.0,0.05,83,0.7737952325352122,21,5.63093099540083,14,0.1686746987951807,0.18,0.0,-0.8977122603723267,-0.8581604226947921,0.39080388662473886,False,3.1019827631668297,0.2376552508688078,2.842170943040401e-14,
song,uniform,0.8,0,3,2013,true,1.0,1.0,0.05,24,0.8270751719766299,29,8.49871174276861,12,0.5,0.46,0.0,-0.1154497261701053,-0.34152162665651603,0.7327109267705358,False,2.941770410306958,0.2942740947342759,9.592326932761353e-13,
song,uniform,0.8,0,4,2014,discovered,1.0,1.0,0.05,102,0.8841541426002762,37,4.975171320080701,10,0.09803921568627451,0.75,0.0,-0.14148788783527744,-0.3579910036117256,0.7203500460814249,False,3.0742839966697204,0.49083586927999295,8.377298854611581e-12,
song,uniform,0.8,0,4,2014,true,1.0,1.0,0.05,24,0.8371522772486003,54,7.906256480814263,12,0.5,0.52,0.0,-0.9956374487429187,-0.8475712197388744,0.39667680813573825,False,4.0564342875836905,0.14475572454186386,6.679101716144942e-13,
song,uniform,0.8,0,5,2015,discovered,1.0,1.0,0.05,207,0.9484001632288592,2,1.7668473032734358,129,0.6231884057971014,0.01,0.0,-0.23668050425224774,-0.33706517999635416,0.7360677653895653,False,-205.86917750326066,15.609654194070993,0.0018362567125222995,
song,uniform,0.8,0,5,2015,true,1.0,1.0,0.05,24,0.8386100408206796,130,9.99336819724487,17,0.7083333333333334,0.57,0.0,-1.4802429626411833,-1.0526206726542922,0.2925148786830287,False,4.923016066473274,0.10945395039631851,5.826450433232822e-13,
song,uniform,0.8,0,6,2016,discovered,1.0,1.0,0.05,147,0.9422140188800197,3,1.8531196581989076,78,0.5306122448979592,0.01,0.0,0.01830312532830458,0.026833756115472798,0.9785923294184745,False,-11.852046452376817,4.035159698948471,2.0775075881829252e-08,
song,uniform,0.8,0,6,2016,true,1.0,1.0,0.05,24,0.6758692595947888,70,6.004892791928584,20,0.8333333333333334,0.01,0.0,-5.2101480260205255,-1.8122968683284566,0.069940338195785,False,4.432078733521342,0.11824840272672986,9.094947017729282e-13,
song,uniform,0.8,0,7,2017,discovered,1.0,1.0,0.05,170,0.9386889025830512,1,1.6310428819511005,170,1.0,0.19,0.0,-0.006255127996289467,-0.004420704733227435,0.9964727994339562,False,-123.13286822407406,12.797786153548767,0.0024900630472757257,
song,uniform,0.8,0,7,2017,true,1.0,1.0,0.05,24,0.7467996659552878,74,4.643527990383934,24,1.0,0.0,0.0,-6.327022403380877,-1.856484094874612,0.06338458800923817,False,4.55684967301967,0.1616221025280014,1.942765948115266e-10,
song,uniform,0.8,1,0,2010,discovered,1.0,1.0,0.05,48,0.8602634054816507,1,1.7149557621284413,48,1.0,0.03,0.0,-2.9890584803997142,-1.395390393879315,0.16289814650738021,False,-0.19063608675931723,1.5112611927488548,1.0658141036401503e-11,
song,uniform,0.8,1,0,2010,true,1.0,1.0,0.05,24,0.6928192129619871,12,5.0034466427483695,12,0.5,0.55,0.0,-0.17557208443227346,-0.36643292041432785,0.714042058458688,False,1.9721196211213026,0.47513592526251514,3.907985046680551e-14,
song,uniform,0.8,1,1,2011,discovered,1.0,1.0,0.05,75,0.8595095613152779,1,1.671588344049224,75,1.0,0.01,0.0,-2.276964030566633,-1.1385719426769514,0.25488173640178946,False,-1.832289558081141,2.18090559359385,1.3017142919125035e-11,
song,uniform,0.8,1,1,2011,true,1.0,1.0,0.05,24,0.6290588093409007,23,9.452973766283268,12,0.5,0.5,0.0,-2.7384238742438596,-1.4268285304495252,0.1536293253533234,False,3.241952624257353,0.07259776410512121,2.9949376312288223e-12,
song,uniform,0.8,1,2,2012,discovered,1.0,1.0,0.05,99,0.9155418016759773,1,1.6721539260747393,99,1.0,0.12,0.0,-1.2227338699061043,-0.7781301837155451,0.4364922701777385,False,-6.439193770916386,3.244285709456697,2.014948563555663e-08,
song,uniform,0.8,1,2,2012,true,1.0,1.0,0.05,24,0.725569878785144,32,6.574545512873968,17,0.7083333333333334,0.68,0.0,-0.00011497663274084857,-0.01784694944025144,0.985760950476704,False,-15131.716390335154,51.77055642765776,6.697846401948482e-07,
song,uniform,0.8,1,3,2013,discovered,1.0,1.0,0.05,107,0.8941209434776999,1,1.7900448085547573,107,1.0,0.0,0.0,-0.05873256642663072,-0.053688981178498685,0.9571829618864561,False,-17.456293693689318,4.459782357038094,3.551159011294658e-08,
song,uniform,0.8,1,3,2013,true,1.0,1.0,0.05,24,0.815186700370308,24,5.975184555331288,18,0.75,0.49,0.0,-0.18269172309206283,-0.4140812830955011,0.6788145797201743,False,2.564415763892148,0.43634604939509275,1.5631940186722204e-12,
song,uniform,0.8,1,4,2014,discovered,1.0,1.0,0.05,113,0.9088140317571962,1,1.54005172785425,113,1.0,0.0,0.0,-6.730919198726179,-2.4082065698045363,0.016031107447320007,False,-0.807127435953489,2.2527145530844965,2.7438886718300637e-09,
song,uniform,0.8,1,4,2014,true,1.0,1.0,0.05,24,0.8504692457896235,51,6.25064349655861,14,0.5833333333333334,0.63,0.0,-0.16170763601708504,-0.4488194551340877,0.6535619030348445,False,3.4233720337732656,0.39831045019053035,2.6645352591003757e-12,
song,uniform,0.8,1,5,2015,discovered,1.0,1.0,0.05,165,0.9189143404074367,1,1.513382511799673,165,1.0,0.1,0.0,-3.327587069678817,-1.4526707821212874,0.1463151830393305,False,-6.988970275132899,4.0146421172884335,4.175160484010121e-08,
song,uniform,0.8,1,5,2015,true,1.0,1.0,0.05,24,0.8460938893696106,127,8.937334142229895,15,0.625,0.33,0.0,-2.18090409612094,-1.1997670312009558,0.23022983167502986,False,4.940112183989023,0.09901699903143239,6.181721801112872e-13,
song,uniform,0.8,1,6,2016,discovered,1.0,1.0,0.05,100,0.8424800734806446,1,1.3946358204372737,100,1.0,0.0,0.0,-11.246839553460958,-2.924210747644873,0.003453308583380101,False,0.8245402714040999,2.281701510253263,8.58335624798201e-12,
song,uniform,0.8,1,6,2016,true,1.0,1.0,0.05,24,0.8691042946372531,89,6.429714289902385,17,0.7083333333333334,0.25,0.0,-0.9583291393855164,-0.8533244124130317,0.39347942575141936,False,4.516485719930625,0.2165497672381408,6.338041202980094e-12,
song,uniform,0.8,1,7,2017,discovered,1.0,1.0,0.05,142,0.9207486335140622,1,1.5449481220460948,142,1.0,0.0,0.0,-4.475233084121547,-1.947452673264779,0.051480488409797395,False,-3.883215816554607,3.1546546651741196,4.6838977141305804e-11,
song,uniform,0.8,1,7,2017,true,1.0,1.0,0.05,24,0.683618741048685,85,7.4257912967885655,19,0.7916666666666666,0.1,0.0,-2.681732408424604,-1.4510679677150016,0.14676093506090696,False,4.55913347062577,0.12379022125668551,7.403855306620244e-12,
song,uniform,0.8,2,0,2010,discovered,1.0,1.0,0.05,59,0.9050371553134484,1,1.9690026759840225,59,1.0,0.21,0.0,-0.7094037412858516,-0.6879094584637685,0.4915097999094381,False,-4.364472629449191,2.202537509055977,3.8130565371830016e-10,
song,uniform,0.8,2,0,2010,true,1.0,1.0,0.05,24,0.7097457429114332,11,4.648440961788306,14,0.5833333333333334,0.9,0.0,0.011404087598680945,0.5091507824517317,0.6106465385990125,False,-140650.81112228427,193.0649648556079,2.9382328648352996e-05,
song,uniform,0.8,2,1,2011,discovered,1.0,1.0,0.05,82,0.8644547325140203,12,3.8897663154523583,17,0.2073170731707317,0.25,0.0,-0.8714427759620289,-0.9752562523199365,0.32943316509260756,False,2.496466606080764,0.41560297544066127,2.1316282072803006e-13,
song,uniform,0.8,2,1,2011,true,1.0,1.0,0.05,24,0.8834730911862454,15,3.4618580882751346,20,0.8333333333333334,0.28,0.0,-1.648379514187524,-1.1124647274107557,0.2659383878200745,False,2.886395316187035,0.40424958106032655,4.920508445138694e-11,
song,uniform,0.8,2,2,2012,discovered,1.0,1.0,0.05,113,0.8981611668342289,1,1.8265961145647307,113,1.0,0.01,0.0,2.1762596639510066,2.6918886168884213,0.0071048669291601954,False,-673856.2516579748,813.5183055781852,0.00104154740802187,
song,uniform,0.8,2,2,2012,true,1.0,1.0,0.05,24,0.7512889790122854,29,4.200366307086276,17,0.7083333333333334,0.09,0.0,-2.9839861237498257,-1.5147661513155217,0.12983163526378097,False,3.622697577333888,0.22317794896704116,1.4626522215621662e-10,
song,uniform,0.8,2,3,2013,discovered,1.0,1.0,0.05,82,0.8726766811429655,1,1.6144320691127778,82,1.0,0.0,0.0,-1.1621126292838952,-0.7125627012319813,0.4761163990668609,False,-4.806977722491009,3.107143122857854,1.1899436458406853e-07,
song,uniform,0.8,2,3,2013,true,1.0,1.0,0.05,24,0.7988431404845775,26,4.837536864652036,18,0.75,0.57,0.0,-0.8860149747939192,-0.8966210456072241,0.3699211640711496,False,3.260019584285196,0.32087166597123745,6.837552746219444e-11,
song,uniform,0.8,2,4,2014,discovered,1.0,1.0,0.05,134,0.9351874794908469,1,1.7615095806502128,134,1.0,0.33,0.0,1.5497966560708054,1.475689863955074,0.1400271682467728,False,-446381.3696649133,690.6723445316198,0.0009104574010052602,
song,uniform,0.8,2,4,2014,true,1.0,1.0,0.05,24,0.6899208497439258,65,7.3938910592096665,10,0.4166666666666667,0.34,0.0,-1.3639180764445054,-1.0000782673451034,0.31727263253277116,False,4.289168691404688,0.12613199113112702,1.2079226507921703e-13,
song,uniform,0.8,2,5,2015,discovered,1.0,1.0,0.05,219,0.9339703134081908,1,1.6687790984699524,219,1.0,0.0,0.0,-6.572846211084634,-1.874038140076131,0.06092516842962103,False,-3.412951126855883,2.6018280331118886,3.730065145646222e-10,
song,uniform,0.8,2,5,2015,true,1.0,1.0,0.05,24,0.8071847488592973,136,9.238356528736746,19,0.7916666666666666,0.6666666666666666,1.0,-1.3520117355198171,-1.0345781546531283,0.30086596034930224,False,4.9556670492396355,0.13000071858376785,7.79749598223134e-11,
song,uniform,0.8,2,6,2016,discovered,1.0,1.0,0.05,101,0.8149754646990687,19,2.1054907773055107,40,0.39603960396039606,0.01,0.0,-6.049620509699119,-2.256974279167524,0.024009682001681982,False,3.6314236767607633,0.6964138062522012,1.3073986337985843e-12,
song,uniform,0.8,2,6,2016,true,1.0,1.0,0.05,24,0.8389423641601753,88,9.093920851699291,19,0.7916666666666666,0.56,0.0,-0.5551829648332065,-0.5609132035733907,0.5748567085624278,False,4.3959655115863665,0.18667182898522297,9.947598300641403e-14,
song,uniform,0.8,2,7,2017,discovered,1.0,1.0,0.05,160,0.9343503859710477,2,1.6210423470668935,104,0.65,0.03,0.0,-3.346833324740222,-1.7557382218154105,0.07913311725696262,False,-1.1227865066751561,2.4895663018071494,2.8120439310441725e-09,
song,uniform,0.8,2,7,2017,true,1.0,1.0,0.05,24,0.7474821541214631,91,7.749329958275918,18,0.75,0.25,0.0,-1.6703179411264646,-1.1602528365458427,0.24594588062475264,False,4.590604526309829,0.14179891477432777,4.1158898511639563e-10,
song,uniform,0.8,3,0,2010,discovered,1.0,1.0,0.05,56,0.885469404593566,6,2.918927627501451,16,0.2857142857142857,0.76,0.0,-0.4001633581215791,-0.6377404551622317,0.5236426463244535,False,1.2334301827702314,0.827701980458756,6.937739271961618e-11,
song,uniform,0.8,3,0,2010,true,1.0,1.0,0.05,24,0.7070257924784445,10,3.3097121157670437,12,0.5,0.36,0.0,-1.2577377415950353,-0.9446491615821272,0.3448380196173678,False,2.5539505550223125,0.38487094909663055,1.4566126083082054e-12,
song,uniform,0.8,3,1,2011,discovered,1.0,1.0,0.05,79,0.8842606429864298,1,1.6612396885702976,79,1.0,0.14,0.0,-2.1565993778206582,-1.1465095284134639,0.2515843869526393,False,-2.41035336092626,2.3716760576108626,3.1954527912603226e-10,
song,uniform,0.8,3,1,2011,true,1.0,1.0,0.05,24,0.49672307208669203,23,6.962767427685892,13,0.5416666666666666,0.83,0.0,-0.1838227442509046,-0.43624033202040374,0.6626623682622403,False,2.7828944509377482,0.32435601599287844,2.8421709430404007e-13,
song,uniform,0.8,3,2,2012,discovered,1.0,1.0,0.05,95,0.9072323621379237,1,1.6222693296524378,95,1.0,0.07,0.0,-2.5572773136500007,-1.3817949305352288,0.1670346760617667,False,-3.267390523306596,2.7116159021986617,8.820961738820188e-10,
song,uniform,0.8,3,2,2012,true,1.0,1.0,0.05,24,0.905620962454772,31,5.3727891309923645,16,0.6666666666666666,0.49,0.0,-0.8271563522883034,-0.8086967376702289,0.4186896051426713,False,3.4481170620296826,0.2764462926235727,1.3145040611561853e-12,
song,uniform,0.8,3,3,2013,discovered,1.0,1.0,0.05,93,0.8995783663576048,1,1.607473853251413,93,1.0,0.06,0.0,-5.0838836367804845,-1.9117776886949247,0.05590471468780946,False,-0.7344409814686575,1.9952136803400458,1.1187069048901321e-09,
song,uniform,0.8,3,3,2013,true,1.0,1.0,0.05,24,0.769472833559575,27,6.0459039341416085,14,0.5833333333333334,0.23,0.0,-1.2328812898393648,-1.0665701881509817,0.28616596845422415,False,3.3952460674412572,0.19192690104679352,1.2079226507921703e-13,
song,uniform,0.8,3,4,2014,discovered,1.0,1.0,0.05,121,0.9072869697459813,1,1.535880699288047,121,1.0,0.0,0.0,-4.6412075885492445,-1.9080248850077293,0.056388000019392516,False,-2.3793311798991943,2.788333516879099,1.2744294508593157e-10,
song,uniform,0.8,3,4,2014,true,1.0,1.0,0.05,24,0.716827608416087,61,9.140095975907537,15,0.625,0.71,0.0,-0.6374923910768344,-0.7574785924400528,0.44876318654646974,False,4.093027799660979,0.16078566470988434,5.9046101341664325e-12,
song,uniform,0.8,3,5,2015,discovered,1.0,1.0,0.05,242,0.9450255828900449,1,1.8097864538044937,242,1.0,0.52,0.0,1.6697520858478292,1.0079537099745064,0.3134766852030436,False,-506263.79117012245,711.1748639801724,0.002183820128266234,
song,uniform,0.8,3,5,2015,true,1.0,1.0,0.05,24,0.8672969779514906,111,6.429175530764344,23,0.9583333333333334,0.02,0.0,-2.377898859601477,-1.2632684923590662,0.20649270537844344,False,4.820270325556116,0.16848653627582222,4.0031977732724044e-11,
song,uniform,0.8,3,6,2016,discovered,1.0,1.0,0.05,188,0.9377780978081643,1,1.7870943656872305,188,1.0,0.15,0.0,0.3036052968849683,0.2283864796369432,0.8193457994168691,False,-195843.65962463815,448.6096099368411,0.0006482201606559101,
song,uniform,0.8,3,6,2016,true,1.0,1.0,0.05,24,0.863173953840028,74,7.2448211890384275,17,0.7083333333333334,0.93,0.0,-0.3624872565654149,-0.585165664208578,0.5584363297681925,False,4.11047244213243,0.27115124376966526,1.4566126083082054e-12,
song,uniform,0.8,3,7,2017,discovered,1.0,1.0,0.05,153,0.9342576216243293,1,1.5949367156829701,153,1.0,0.0,0.0,-3.612127474710358,-1.6941456840518234,0.09023760311818445,False,-6.208282485672663,3.469287856804862,1.5838850231375545e-09,
song,uniform,0.8,3,7,2017,true,1.0,1.0,0.05,24,0.8394046182289481,69,4.703701139850212,23,0.9583333333333334,0.06,0.0,-2.5073046303553346,-1.216716585762361,0.22371206637530983,False,4.403568524093129,0.24104943750758098,2.7569058147491887e-12,
song,uniform,0.8,4,0,2010,discovered,1.0,1.0,0.05,65,0.8738970577227168,2,1.8779836631901214,44,0.676923076923077,0.0,0.0,-4.33988324409455,-1.7783665247567226,0.07534367688596137,False,1.1563148420935194,1.0229427514383698,3.979039320256561e-13,
song,uniform,0.8,4,0,2010,true,1.0,1.0,0.05,24,0.6533763655558653,12,4.133304772355228,12,0.5,0.71,0.0,-0.6378773272223497,-0.8025566636314763,0.4222310248929836,False,2.5095138427417076,0.37675502206634515,4.973799150320701e-14,
song,uniform,0.8,4,1,2011,discovered,1.0,1.0,0.05,79,0.8784429021181801,1,1.6449263666795064,79,1.0,0.0,0.0,-2.6826169969839215,-1.2938512847839876,0.1957167941827237,False,-1.7588829979634646,2.230131401989102,3.906279744114727e-10,
song,uniform,0.8,4,1,2011,true,1.0,1.0,0.05,24,0.7226904029805865,25,7.5396121169433625,10,0.4166666666666667,0.59,0.0,-0.26468776683779005,-0.4706174374576616,0.6379139530004929,False,3.09637453405353,0.23660434270621594,3.623767952376511e-13,
song,uniform,0.8,4,2,2012,discovered,1.0,1.0,0.05,84,0.8474513259898602,32,6.731983764786472,14,0.16666666666666666,0.83,0.0,-0.3037173801265851,-0.5877617871868148,0.5566921964224858,False,3.261160848705712,0.291850649374107,4.121147867408581e-13,
song,uniform,0.8,4,2,2012,true,1.0,1.0,0.05,24,0.9411098814034541,37,5.64034801585169,14,0.5833333333333334,0.78,0.0,-0.9656285216306051,-0.9219830916726794,0.35653739530040895,False,3.6808655019339307,0.23229701463586652,2.1316282072803006e-14,
song,uniform,0.8,4,3,2013,discovered,1.0,1.0,0.05,91,0.8761071084489468,1,1.6629784480939487,91,1.0,0.02,0.0,-3.5893452883890697,-1.5941951738297722,0.11089232714427842,False,-1.3788559100189428,2.062117291655908,2.8967406251467764e-10,
song,uniform,0.8,4,3,2013,true,1.0,1.0,0.05,24,0.6884974162482268,27,8.94799697059073,11,0.4583333333333333,0.31,0.0,-1.4019306773375078,-1.2187384028068735,0.2229434972421671,False,3.3853615790642793,0.10290066240483624,4.977351863999502e-12,
song,uniform,0.8,4,4,2014,discovered,1.0,1.0,0.05,117,0.8848583217849241,1,1.531004553086695,117,1.0,0.0,0.0,-4.491991939234834,-1.8447535290056527,0.06507340023876802,False,-2.196492224360941,2.7559021424198327,1.0174971976084635e-11,
song,uniform,0.8,4,4,2014,true,1.0,1.0,0.05,24,0.7285295901020555,58,9.163846947618538,19,0.7916666666666666,0.26,0.0,-2.449768490259118,-1.2286774729528134,0.21919275554664186,False,4.1475454521779325,0.10111923270774266,9.42890210353653e-12,
song,uniform,0.8,4,5,2015,discovered,1.0,1.0,0.05,207,0.9384761919293477,1,1.6614341859215183,207,1.0,0.09,0.0,0.43517067602046655,0.30156523293975684,0.7629835148371986,False,-58411.63650431469,269.0301703871959,0.0002815326001837093,
song,uniform,0.8,4,5,2015,true,1.0,1.0,0.05,24,0.7817910537090379,117,9.05833961598021,16,0.6666666666666666,0.1,0.0,-3.03694793410552,-1.4617182539115856,0.14381843299027586,False,4.867593742453977,0.08606345104184723,1.7053025658242404e-12,
song,uniform,0.8,4,6,2016,discovered,1.0,1.0,0.05,149,0.9308982351023012,1,1.5917479725151635,149,1.0,0.18,0.0,-1.8803020351684179,-0.9747523977966583,0.32968309475104174,False,-9.15420963769494,4.042891874594782,4.4403634547052206e-08,
song,uniform,0.8,4,6,2016,true,1.0,1.0,0.05,24,0.7431991186830106,70,5.062890637893901,22,0.9166666666666666,0.04,0.0,-4.470564073203397,-1.7186821727968284,0.08567225987092426,False,4.461469633827978,0.16495866954520433,4.831690603168681e-13,
song,uniform,0.8,4,7,2017,discovered,1.0,1.0,0.05,158,0.9459916140057092,1,1.5768679665636904,158,1.0,0.0,0.0,-5.050811221090502,-1.973505211400592,0.04843803140825116,False,-3.95219243874415,3.038629706334335,2.047664793281001e-08,
song,uniform,0.8,4,7,2017,true,1.0,1.0,0.05,24,0.8255608943991262,76,5.89769220023876,21,0.875,0.01,0.0,-3.7813373036381157,-1.6439808900876733,0.10018014980157432,False,4.500678500249485,0.14503094835443017,2.7711166694643907e-12,
song,uniform,0.8,5,0,2010,discovered,1.0,1.0,0.05,68,0.8869869786699152,1,1.700808650801595,68,1.0,0.0,0.0,-6.129786096500589,-2.147783234283014,0.031730979509704396,False,0.2757579348427871,1.3219731102129204,1.7763568394002505e-11,
song,uniform,0.8,5,0,2010,true,1.0,1.0,0.05,24,0.5587839641961522,14,5.420555729237413,10,0.4166666666666667,0.28,0.0,-2.215006146756032,-1.4347158667614521,0.151368080923983,False,2.8374470366087428,0.1408234682678008,4.511946372076636e-13,
song,uniform,0.8,5,1,2011,discovered,1.0,1.0,0.05,73,0.8139760797811545,19,5.326996014006932,14,0.1917808219178082,0.95,0.0,-0.30703707464784236,-0.5450989664028647,0.5856854535322465,False,2.67569860166988,0.3836051083791036,4.831690603168681e-13,
song,uniform,0.8,5,1,2011,true,1.0,1.0,0.05,24,0.7622114723964073,18,3.9412844232492494,16,0.6666666666666666,0.31,0.0,-1.736597546370191,-1.222627236559781,0.221470521028315,False,3.0988769204721898,0.30041903270491976,3.886668764607748e-12,
song,uniform,0.8,5,2,2012,discovered,1.0,1.0,0.05,102,0.8620113607917373,1,1.6332447979972387,102,1.0,0.0,0.0,0.547477040796464,0.4195741236934978,0.6747965949487178,False,-16.405379906351296,4.957387336265984,7.022924819466425e-08,
song,uniform,0.8,5,2,2012,true,1.0,1.0,0.05,24,0.7905012754651306,37,6.828891115704499,17,0.7083333333333334,0.81,0.0,-0.27303758985100046,-0.5102552946462459,0.6098726181575244,False,3.3007120735856272,0.3195307537842677,5.897504706808832e-13,
song,uniform,0.8,5,3,2013,discovered,1.0,1.0,0.05,93,0.8402277033744817,19,5.29766745255497,14,0.15053763440860216,0.91,0.0,-0.2527992266836556,-0.47041764494581545,0.6380566601543023,False,2.5803608733214674,0.41438761839379923,2.2026824808563106e-12,
song,uniform,0.8,5,3,2013,true,1.0,1.0,0.05,24,0.7169773153254045,25,5.541041491458543,15,0.625,0.31,0.0,-1.1572679128902719,-1.0210417023416951,0.3072346813911002,False,3.309124484746381,0.2253920225939694,1.1368683772161603e-13,
song,uniform,0.8,5,4,2014,discovered,1.0,1.0,0.05,143,0.9474210900376234,2,1.88152260182896,96,0.6713286713286714,0.06,0.0,0.2809135009888206,0.5449034899299917,0.5858198958853504,False,-118.63647989560036,11.067817396969138,0.002760509646691389,
song,uniform,0.8,5,4,2014,true,1.0,1.0,0.05,24,0.5002871856145745,58,7.36819281107608,16,0.6666666666666666,0.21,0.0,-2.201809861109399,-1.4149174838224736,0.15709269110407037,False,4.176203551877993,0.12602504481555316,3.836930773104541e-12,
song,uniform,0.8,5,5,2015,discovered,1.0,1.0,0.05,188,0.9341495949943242,1,1.580340475952887,188,1.0,0.28,0.0,-1.4477330839868259,-0.7434537599110813,0.45720700675150616,False,-14.621593802140897,4.965585156711495,9.912571385939373e-08,
song,uniform,0.8,5,5,2015,true,1.0,1.0,0.05,24,0.7315210474581688,120,9.049108004015826,17,0.7083333333333334,0.13,0.0,-4.848187663029973,-1.9556405972964697,0.05050750695068148,False,4.903784373051096,0.07030321083919473,6.834142141087796e-10,
song,uniform,0.8,5,6,2016,discovered,1.0,1.0,0.05,126,0.9299397412362934,2,1.6475426961618944,84,0.6666666666666666,0.11,0.0,-0.8314234276084633,-0.70325807692824,0.4818949318218688,False,-5.430267615433145,3.469451855673318,2.2855601855553687e-09,
song,uniform,0.8,5,6,2016,true,1.0,1.0,0.05,24,0.8773072334715184,74,7.445631445989447,15,0.625,0.82,0.0,-0.6561808926985915,-0.7890699121282261,0.4300711462009257,False,4.286230957611002,0.2012456028194057,1.8602008822199423e-11,
song,uniform,0.8,5,7,2017,discovered,1.0,1.0,0.05,160,0.9277496970223844,1,1.6076347475079398,160,1.0,0.15,0.0,-1.5524721013287,-0.826242889556878,0.4086663229731575,False,-10.470772809955657,4.196140067133903,3.7147174225538038e-09,
song,uniform,0.8,5,7,2017,true,1.0,1.0,0.05,24,0.721215916286784,86,9.6631982953803,17,0.7083333333333334,0.6060606060606061,1.0,-0.2051020082873274,-0.3986837444845734,0.690126246966197,False,4.162191089227651,0.23794896390924838,8.682832230988424e-12,
song,uniform,0.8,6,0,2010,discovered,1.0,1.0,0.05,68,0.9304642759790561,1,1.9051472711369266,68,1.0,0.19,0.0,-0.6998388110533265,-0.6885340178750643,0.49111655581772373,False,-6.626809723886069,2.7069642908331955,1.0200267297477694e-09,
song,uniform,0.8,6,0,2010,true,1.0,1.0,0.05,24,0.8106314131713983,12,4.697651897436066,10,0.4166666666666667,0.33,0.0,-0.07683844850998778,-0.4322477643896692,0.6655613475407769,False,1.368252787622318,0.6452221411188688,8.405720564041985e-12,
song,uniform,0.8,6,1,2011,discovered,1.0,1.0,0.05,71,0.9211812310763037,1,1.681246677711885,71,1.0,0.35,0.0,-2.255052781286246,-1.2984507672343648,0.1941324836904631,False,-2.2089470249809278,2.260363957786174,2.2737367544323206e-13,
song,uniform,0.8,6,1,2011,true,1.0,1.0,0.05,24,0.7954026803402068,23,5.57774494853762,14,0.5833333333333334,0.8,0.0,-0.28404967766424316,-0.493004161031543,0.6220096472334129,False,2.8489198092168335,0.37358369422507476,2.2026824808563106e-13,
song,uniform,0.8,6,2,2012,discovered,1.0,1.0,0.05,82,0.8337211044770266,31,5.5116356792328185,14,0.17073170731707318,0.77,0.0,-0.0034275676448167758,-0.06584001651124466,0.9475051967681456,False,-5.468960328590377,1.4288691684789396,2.7717391049009166e-08,
song,uniform,0.8,6,2,2012,true,1.0,1.0,0.05,24,0.8412932415887037,34,7.465313954210222,13,0.5416666666666666,0.83,0.0,-0.003522534616575257,-0.06140012306690359,0.9510405543531232,False,-2.7096092621880783,0.9991784808267917,4.2866417970799375e-08,
song,uniform,0.8,6,3,2013,discovered,1.0,1.0,0.05,90,0.9135767901987191,1,1.6774642171584448,90,1.0,0.08,0.0,-2.190364254623624,-1.299033527293407,0.19393242343197015,False,-3.4628758816432184,2.593343686481807,3.297486728115473e-10,
song,uniform,0.8,6,3,2013,true,1.0,1.0,0.05,24,0.6820689483847936,34,8.813456028974331,11,0.4583333333333333,0.83,0.0,-0.059881252880281455,-0.2710575585205392,0.7863467633534469,False,2.8437688665584515,0.3397213305759886,7.979394922585925e-12,
song,uniform,0.8,6,4,2014,discovered,1.0,1.0,0.05,172,0.9466270419889816,1,1.6733859433463627,172,1.0,0.0,0.0,-3.218094252130868,-1.6607870259093391,0.0967562277735309,False,-7.638644389235415,3.455012231544154,4.571541012410307e-08,
song,uniform,0.8,6,4,2014,true,1.0,1.0,0.05,24,0.8145110287535803,71,7.846425032259489,14,0.5833333333333334,0.26,0.0,-0.8434089118894095,-0.825319392102851,0.4091902851145911,False,4.293915407306599,0.16693091107724806,2.5352164811920375e-11,
song,uniform,0.8,6,5,2015,discovered,1.0,1.0,0.05,173,0.9289574368698352,2,1.6272339312862552,121,0.6994219653179191,0.0,0.0,-1.9031459580588894,-1.1225541106495371,0.2616269141760865,False,-3.5422103472586524,3.12397525588544,2.275955353070458e-07,
song,uniform,0.8,6,5,2015,true,1.0,1.0,0.05,24,0.8801563829427267,125,9.40533886341156,20,0.8333333333333334,0.36,0.0,-1.4534496084613444,-1.0191067852583757,0.3081522732336557,False,4.872413470815667,0.1262779589048899,4.39825953435502e-11,
song,uniform,0.8,6,6,2016,discovered,1.0,1.0,0.05,150,0.930172931799769,1,1.5783204486876923,150,1.0,0.01,0.0,-3.553761822297358,-1.6804202121384648,0.09287558620111999,False,-5.913998741021017,3.477353026660593,6.000288976792945e-08,
song,uniform,0.8,6,6,2016,true,1.0,1.0,0.05,24,0.7638082912111814,80,8.933188526761494,17,0.7083333333333334,0.42,0.0,-0.3209945303104167,-0.49267768385347843,0.6222403482574784,False,4.199338340371611,0.22273384779723418,9.059419880941277e-12,
song,uniform,0.8,6,7,2017,discovered,1.0,1.0,0.05,138,0.917643093514545,3,1.7044020736343999,88,0.6376811594202898,0.03,0.0,-3.1719875440228265,-1.7886525574959937,0.07367078792220522,False,0.08801276629254821,2.0508208319083,2.1316282072803006e-10,
song,uniform,0.8,6,7,2017,true,1.0,1.0,0.05,24,0.9006759235456164,95,8.677575341706095,12,0.5,0.75,0.0,-0.21080515570987401,-0.4620090552998655,0.6440748267337673,False,4.344715189607945,0.23626844660226362,2.120259523508139e-11,
song,uniform,0.8,7,0,2010,discovered,1.0,1.0,0.05,66,0.9010163190944827,1,1.8082714616291817,66,1.0,0.04,0.0,-3.299092998345457,-1.6896045772092865,0.09110362967836141,False,-0.5875795090976856,1.4917661139329692,5.115907697472721e-13,
song,uniform,0.8,7,0,2010,true,1.0,1.0,0.05,24,0.49368958820220404,14,6.026556691629731,10,0.4166666666666667,0.8,0.0,-0.5469571021082533,-0.7919297484768446,0.4284016399391165,False,2.666045980130177,0.23043755004702843,1.929123527588672e-12,
song,uniform,0.8,7,1,2011,discovered,1.0,1.0,0.05,85,0.9371848305426629,1,1.8102897489503385,85,1.0,0.04,0.0,-1.683021692998834,-1.0376102064981914,0.29945156423320696,False,-3.448004211948059,2.2803056879941974,4.4204284677107353e-10,
song,uniform,0.8,7,1,2011,true,1.0,1.0,0.05,24,0.8514635329950857,24,4.971203633072449,11,0.4583333333333333,0.08,0.0,-0.49282589875923577,-0.5543914439825436,0.5793109803348007,False,3.1543823451615562,0.32110509853264263,4.664713060265058e-11,
song,uniform,0.8,7,2,2012,discovered,1.0,1.0,0.05,84,0.8526509326734343,1,1.541351285104654,84,1.0,0.0,0.0,-7.072204327529409,-2.358155245129575,0.01836601042756304,False,0.14730716443775954,1.8480936316378744,6.30961949354969e-12,
song,uniform,0.8,7,2,2012,true,1.0,1.0,0.05,24,0.8897174503272453,23,3.6891346228810353,18,0.75,0.23,0.0,-0.7057980266589108,-0.7708328616374917,0.4408060063382139,False,3.0358279825940473,0.5014345276308412,5.542233338928781e-13,
song,uniform,0.8,7,3,2013,discovered,1.0,1.0,0.05,116,0.9378378593624468,1,1.8232550198517397,116,1.0,0.33,0.0,0.5971018949674496,0.6649653541933582,0.5060726529754205,False,-210098.79902395883,453.8845121061806,0.00012526241698651575,
song,uniform,0.8,7,3,2013,true,1.0,1.0,0.05,24,0.6881242065092451,31,9.927884960106285,10,0.4166666666666667,0.63,0.0,-0.16962396723343076,-0.5127646579481915,0.6081159546384105,False,3.2496796425576373,0.2032434619839694,4.121147867408581e-13,
song,uniform,0.8,7,4,2014,discovered,1.0,1.0,0.05,127,0.9080452421735556,1,1.554537351925567,127,1.0,0.0,0.0,-5.426030017326193,-2.100819300911573,0.03565683149832541,False,-1.9018508075645437,2.568194846235141,2.2820927370048594e-09,
song,uniform,0.8,7,4,2014,true,1.0,1.0,0.05,24,0.8591862791587821,46,4.46306932184053,19,0.7916666666666666,0.14,0.0,-1.0911544059787754,-0.9022823970312815,0.3669068740386012,False,3.8759313157041007,0.3363567094809605,2.5579538487363607e-13,
song,uniform,0.8,7,5,2015,discovered,1.0,1.0,0.05,150,0.890352416490927,3,1.5605618836115738,93,0.62,0.0,0.0,-5.790112599179373,-2.270900629552818,0.023152994147716488,False,1.1897059661792537,2.0515981593765815,4.5014303395873867e-10,
song,uniform,0.8,7,5,2015,true,1.0,1.0,0.05,24,0.7812814998511558,121,8.600497204525269,23,0.9583333333333334,,,-6.0461095973246435,-2.1554006198396576,0.031130497910462143,False,4.917191725368777,0.077671973578174,1.9895196601282805e-12,gof: 9 of 100 bootstrap replicates could not be fitted (allowed fraction 0.05); the p-value would be biased; 
song,uniform,0.8,7,6,2016,discovered,1.0,1.0,0.05,117,0.8645983203832642,1,1.5040757164424594,117,1.0,0.0,0.0,-0.45884979282892757,-0.256076792956553,0.7978915412027284,False,-9.814700714432398,4.6286002846616014,8.94173126653186e-08,
song,uniform,0.8,7,6,2016,true,1.0,1.0,0.05,24,0.7392621279704935,86,8.02712906267459,14,0.5833333333333334,0.32,0.0,-2.53826101343705,-1.3638385257169876,0.17261839210808672,False,4.5732329523080235,0.1007324993789461,7.126743639673805e-12,
song,uniform,0.8,7,7,2017,discovered,1.0,1.0,0.05,178,0.9125827160998244,1,1.7094164500641063,178,1.0,0.0,0.0,3.4322089786414525,2.7597762946466986,0.00578409537297112,False,-473901.3829007433,740.3293334088663,0.0019535482742867316,
song,uniform,0.8,7,7,2017,true,1.0,1.0,0.05,24,0.7384963165982261,82,8.940107321748286,19,0.7916666666666666,0.27,0.0,-0.5696276654196,-0.7639235935418675,0.44491277649678673,False,4.328726793646397,0.18845090734941256,6.210143510543276e-12,
song,uniform,0.8,8,0,2010,discovered,1.0,1.0,0.05,66,0.8994741400152296,1,1.9597723425822469,66,1.0,0.21,0.0,-0.8092688140337119,-0.7304526519642752,0.46511354462468124,False,-4.278048658278565,2.199652011336715,6.542961727973307e-10,
song,uniform,0.8,8,0,2010,true,1.0,1.0,0.05,24,0.565726541217218,9,3.584169044295554,19,0.7916666666666666,0.32,0.0,-0.2744977896808063,-0.47078761527906193,0.6377924095141718,False,1.358032844404268,0.743771426189506,3.8909320210223086e-11,
song,uniform,0.8,8,1,2011,discovered,1.0,1.0,0.05,83,0.8900051345427186,1,1.7417190178193014,83,1.0,0.01,0.0,0.430624369739113,0.4920611441338847,0.6226761195570808,False,-40.32465294105819,6.825579642017444,1.8341507484365138e-05,
song,uniform,0.8,8,1,2011,true,1.0,1.0,0.05,24,0.7818930314375742,16,3.643288641767415,18,0.75,0.49,0.0,-1.9657972821230545,-1.371436860310891,0.17023881353353065,False,3.0046103783542155,0.3331839749467323,7.423182069032919e-10,
song,uniform,0.8,8,2,2012,discovered,1.0,1.0,0.05,99,0.9024440123590919,1,1.7328453215645552,99,1.0,0.01,0.0,1.2216170785658806,1.4748793200660164,0.1402449910397888,False,-293284.9893187338,571.5258999735433,0.0003911859039362753,
song,uniform,0.8,8,2,2012,true,1.0,1.0,0.05,24,0.7564936079485243,24,3.4856708282875193,19,0.7916666666666666,0.04,0.0,-2.526187706037703,-1.393906668894746,0.16334579018664852,False,3.4647023609427996,0.3267093933761614,2.8421709430404007e-13,
song,uniform,0.8,8,3,2013,discovered,1.0,1.0,0.05,90,0.9045659469625367,1,1.6416115507257225,90,1.0,0.14,0.0,-2.1295909300573768,-1.302543107807843,0.1927307917144322,False,-4.0884119882675005,2.8469865618060455,8.135714324453147e-10,
song,uniform,0.8,8,3,2013,true,1.0,1.0,0.05,24,0.8554805380827696,32,6.565387795595317,13,0.5416666666666666,0.14,0.0,-0.3150400805129916,-0.4840601802289406,0.6283431601090128,False,3.2910691609776634,0.2890077883633885,2.913225216616411e-13,
song,uniform,0.8,8,4,2014,discovered,1.0,1.0,0.05,127,0.9018477963977233,1,1.5795794250120123,127,1.0,0.1,0.0,-1.8756265228046023,-1.0221109442250689,0.3067283938791211,False,-7.062057231849602,3.710319502364342,1.5388422980322503e-08,
song,uniform,0.8,8,4,2014,true,1.0,1.0,0.05,24,0.7939244899796354,56,7.007974228555931,15,0.625,0.41,0.0,-1.9702437185489874,-1.2736244816001359,0.2027965316899013,False,4.144749591606452,0.13640177728378533,1.4210854715202004e-13,
song,uniform,0.8,8,5,2015,discovered,1.0,1.0,0.05,201,0.9340326674711646,1,1.589417109766473,201,1.0,0.09,0.0,-0.2118914036102666,-0.12269427394464942,0.9023491983368315,False,-43.42446564867036,8.047012107234371,2.239078276033979e-05,
song,uniform,0.8,8,5,2015,true,1.0,1.0,0.05,24,0.9132399033860072,106,5.100344351102013,23,0.9583333333333334,0.12,0.0,-2.3604122777381464,-1.3973238178854848,0.16231621659313045,False,4.8089360167431305,0.22387194858192314,1.2434497875801753e-11,
song,uniform,0.8,8,6,2016,discovered,1.0,1.0,0.05,147,0.9105751863526322,1,1.568727677036624,147,1.0,0.01,0.0,-0.6654877751013872,-0.40921199442142,0.682384092866287,False,-17.09297312102064,5.379925206348496,6.656961204498657e-08,
song,uniform,0.8,8,6,2016,true,1.0,1.0,0.05,24,0.859988662630193,67,5.193714366405505,21,0.875,0.35,0.0,-0.9555203052253458,-0.9493281562356225,0.34245373754207653,False,4.187194985848715,0.30487511361934194,4.604316927725449e-12,
song,uniform,0.8,8,7,2017,discovered,1.0,1.0,0.05,131,0.8488004806191699,1,1.4410479049275562,131,1.0,0.0,0.0,-4.427759401167162,-1.4287705155302328,0.15307020260308868,False,-2.073604680077076,3.1894839080590933,2.0060042515979148e-10,
song,uniform,0.8,8,7,2017,true,1.0,1.0,0.05,24,0.8162847444784297,100,7.841804370622749,17,0.7083333333333334,0.41,0.0,-1.4393068809059697,-1.0977860544904294,0.27229792235137773,False,4.675259950655505,0.1454885486532016,6.394884621840902e-14,
song,uniform,0.8,9,0,2010,discovered,1.0,1.0,0.05,60,0.8987090037341824,4,2.4825149703817253,25,0.4166666666666667,0.08,0.0,-0.5022778492174296,-0.5932645481879967,0.5530041205011933,False,0.35733315270721044,1.147492004390812,1.7955414932657732e-11,
song,uniform,0.8,9,0,2010,true,1.0,1.0,0.05,24,0.7787940031342996,7,2.4279236403038698,18,0.75,0.02,0.0,-4.663426614336006,-1.9177949792055415,0.05513701265988405,False,2.561144317704164,0.40475684663417194,2.8279600883251987e-12,
song,uniform,0.8,9,1,2011,discovered,1.0,1.0,0.05,80,0.9286325718880754,1,1.7121956458356018,80,1.0,0.43,0.0,-2.2480501305682994,-1.2564860657089885,0.20893979484327208,False,-2.501790342396326,2.262751087616825,1.750777300912887e-11,
song,uniform,0.8,9,1,2011,true,1.0,1.0,0.05,24,0.913936386112602,13,2.8068452622302957,18,0.75,0.31,0.0,-1.0247829970646412,-0.9245946801002298,0.35517678132391894,False,2.631651940701593,0.6447035498103769,6.750155989720952e-13,
song,uniform,0.8,9,2,2012,discovered,1.0,1.0,0.05,86,0.8590625969047256,1,1.5186884627792596,86,1.0,0.01,0.0,-7.815017574359687,-2.4521280427334933,0.014201411771459201,False,0.28164559435532,1.8724405500284522,8.810729923425242e-12,
song,uniform,0.8,9,2,2012,true,1.0,1.0,0.05,24,0.8487635967692225,27,3.9891430577335445,20,0.8333333333333334,0.0,0.0,-3.1701829580210186,-1.5639438297522232,0.11783076017137406,False,3.55767314428926,0.25063406489707063,5.400124791776761e-13,
song,uniform,0.8,9,3,2013,discovered,1.0,1.0,0.05,100,0.9059455298583265,1,1.752290961579412,100,1.0,0.23,0.0,-0.9875505117329791,-0.6730256994510023,0.5009309412941927,False,-6.785852398601895,3.07467655867084,4.027668865091982e-08,
song,uniform,0.8,9,3,2013,true,1.0,1.0,0.05,24,0.6256996549607862,28,7.415036731539208,14,0.5833333333333334,0.36,0.0,-0.0678053228127018,-0.2558258492797938,0.7980853130891602,False,2.4145118327407173,0.4291593084964397,1.8097523479809752e-11,
song,uniform,0.8,9,4,2014,discovered,1.0,1.0,0.05,140,0.9157762011862849,1,1.601466370185014,140,1.0,0.11,0.0,-3.1314487888347173,-1.378910320673608,0.16792240568261796,False,-4.078449589187172,2.9827345587002263,1.0160761121369433e-09,
song,uniform,0.8,9,4,2014,true,1.0,1.0,0.05,24,0.8540579441345412,40,3.8775390547606765,23,0.9583333333333334,0.07,0.0,-2.4551622401774202,-1.2627122239775155,0.2066926193658416,False,3.9017189385906006,0.3123828165250922,1.9468870959826745e-12,
song,uniform,0.8,9,5,2015,discovered,1.0,1.0,0.05,147,0.928616823725576,3,1.6423317710058276,90,0.6122448979591837,0.08,0.0,-1.4061367937600313,-1.1112555837268112,0.2664583519601528,False,-2.8042028938394807,3.062549667081683,5.164224603504408e-10,
song,uniform,0.8,9,5,2015,true,1.0,1.0,0.05,24,0.7892567307562603,129,8.513053164881999,19,0.7916666666666666,0.71,0.0,-0.3503063218805327,-0.5399756796782512,0.5892138047110087,False,4.65990104255903,0.23761844756037945,4.831690603168681e-13,
song,uniform,0.8,9,6,2016,discovered,1.0,1.0,0.05,140,0.9098096728378657,1,1.5538141443089708,140,1.0,0.04,0.0,-3.1103960066142315,-1.4589513097607345,0.1445785093995169,False,-5.256946578409618,3.443680549334924,5.503693500941154e-09,
song,uniform,0.8,9,6,2016,true,1.0,1.0,0.05,24,0.5759021190399064,73,6.366726269294558,20,0.8333333333333334,0.01,0.0,-6.955972900909059,-2.0880283829991253,0.036795274453047415,False,4.469208603301173,0.0946152429166534,6.247091732802801e-11,
song,uniform,0.8,9,7,2017,discovered,1.0,1.0,0.05,137,0.8992195699658065,1,1.487013161500047,137,1.0,0.0,0.0,-6.887551897236463,-2.355910375815322,0.01847737512249767,False,-1.5405330641905024,2.7473503201933265,4.093863026355393e-09,
song,uniform,0.8,9,7,2017,true,1.0,1.0,0.05,24,0.8476859216249327,77,6.290517014190351,22,0.9166666666666666,0.35,0.0,-1.6291476882905713,-1.1162958312100697,0.2642955254768934,False,4.416173109774018,0.19882944891540827,7.929656931082718e-12,
song,uniform,0.8,10,0,2010,discovered,1.0,1.0,0.05,51,0.9084947669512287,1,1.640038067932271,51,1.0,0.0,0.0,-5.09364195076487,-2.034632704880007,0.04188784404387201,False,0.3848878265930671,1.4098625818284294,4.831690603168681e-13,
song,uniform,0.8,10,0,2010,true,1.0,1.0,0.05,24,0.7229459819619677,10,3.639935463801922,15,0.625,0.4,0.0,-0.25841594091759035,-0.43019646002394896,0.667052736862762,False,1.6543048410820482,0.6830762570224306,1.1624479157035239e-11,
song,uniform,0.8,10,1,2011,discovered,1.0,1.0,0.05,102,0.9311332186896537,1,1.9307834268714976,102,1.0,0.02,0.0,-0.5889247439257637,-0.49863264373853955,0.6180382038065912,False,-10.223399244958399,3.1931801321961886,1.9810926232821657e-08,
song,uniform,0.8,10,1,2011,true,1.0,1.0,0.05,24,0.7533908589849889,23,4.922865632014943,12,0.5,0.12,0.0,-0.6560474985495564,-0.6222840716422826,0.5337550929971528,False,3.165044641470153,0.30033576118127836,4.263256414560601e-14,
song,uniform,0.8,10,2,2012,discovered,1.0,1.0,0.05,101,0.8822468438912069,1,1.5753875581959962,101,1.0,0.0,0.0,-8.109014517877567,-2.54891531042871,0.010805853786979855,False,0.02421050224752786,1.7830028197088394,1.1368683772161603e-12,
song,uniform,0.8,10,2,2012,true,1.0,1.0,0.05,24,0.7416199073259111,36,7.597168981385182,12,0.5,0.37,0.0,-0.7628967940340221,-0.7374874227814041,0.4608259889368993,False,3.623475389043892,0.16836967835880445,2.4868995751603507e-13,
song,uniform,0.8,10,3,2013,discovered,1.0,1.0,0.05,92,0.8968955855169902,1,1.6384512519410903,92,1.0,0.01,0.0,-5.224203388970531,-1.9390582290279643,0.05249424822767037,False,-0.5675638823953132,1.8434107684599121,1.0479084266989958e-10,
song,uniform,0.8,10,3,2013,true,1.0,1.0,0.05,24,0.9376600757011624,27,5.649480064065012,10,0.4166666666666667,0.48,0.0,-0.02313543652476646,-0.15367812498158842,0.8778635336023752,False,1.070080140942893,0.7456944107097139,4.586979684972903e-10,
song,uniform,0.8,10,4,2014,discovered,1.0,1.0,0.05,115,0.8642365842427323,1,1.5301417612285015,115,1.0,0.0,0.0,-1.7338103119015704,-0.7243545111589268,0.46884811905549595,False,-4.088934392232952,3.2845755065944737,2.1645973902195692e-10,
song,uniform,0.8,10,4,2014,true,1.0,1.0,0.05,24,0.827257387264307,59,7.61776024715663,12,0.5,0.39,0.0,-0.6486454658152665,-0.7048366711102791,0.48091188454417233,False,4.0944161663711585,0.18014884331702377,3.836930773104541e-13,
song,uniform,0.8,10,5,2015,discovered,1.0,1.0,0.05,127,0.8316960761175886,1,1.3915253623039971,127,1.0,0.0,0.0,-13.24331435014842,-3.134701077248498,0.0017202931013843071,False,0.6905050243958081,2.3824426540797,8.327560863108374e-10,
song,uniform,0.8,10,5,2015,true,1.0,1.0,0.05,24,0.8377538588110978,117,7.661269334159638,20,0.8333333333333334,0.78,0.0,-0.8438511303291598,-0.8869362614052444,0.37511321754562477,False,4.738558671896378,0.1978348272866802,9.741540907270974e-11,
song,uniform,0.8,10,6,2016,discovered,1.0,1.0,0.05,120,0.8743797015575474,1,1.4809094662415951,120,1.0,0.0,0.0,-6.053347368079589,-2.0758887783998974,0.037904238814144196,False,-1.2928045273399262,2.6951056910715447,1.4483703125733882e-10,
song,uniform,0.8,10,6,2016,true,1.0,1.0,0.05,24,0.605023032485624,79,9.643742770092542,16,0.6666666666666666,0.6,0.0,-1.2332920263535487,-1.0057948480580077,0.3145142660921557,False,4.417472766654181,0.11954440439850787,6.988614131842041e-10,
song,uniform,0.8,10,7,2017,discovered,1.0,1.0,0.05,134,0.8980475394280535,1,1.504720493202815,134,1.0,0.0,0.0,-4.295634053643189,-1.7253582200384827,0.08446293578021043,False,-3.2586698859307957,3.180962599667494,1.8695800463319756e-10,
song,uniform,0.8,10,7,2017,true,1.0,1.0,0.05,24,0.7437425576995378,87,9.731797818572671,16,0.6666666666666666,0.65,0.0,-0.8056026667087708,-0.7170598113442173,0.4733371919913172,False,4.470675244699409,0.14064223224373923,1.4352963262354024e-12,
song,uniform,0.8,11,0,2010,discovered,1.0,1.0,0.05,56,0.8923386249857846,2,1.9289872093166491,38,0.6785714285714286,0.0,0.0,-2.5584699898281222,-1.3108306701474122,0.18991497813231417,False,0.808879613839679,1.1396646258806582,6.110667527536862e-13,
song,uniform,0.8,11,0,2010,true,1.0,1.0,0.05,24,0.7144408599476915,8,2.897226890728635,17,0.7083333333333334,0.29,0.0,-1.4180767968776244,-1.0250626151516342,0.3053336439419606,False,2.305179294190453,0.5167481518439311,5.755396159656812e-13,
song,uniform,0.8,11,1,2011,discovered,1.0,1.0,0.05,75,0.8447025581492638,1,1.5993392364776664,75,1.0,0.0,0.0,-2.8938397734415036,-1.24303246491096,0.21385587040345766,False,-1.269418849701038,2.2137347271515457,2.4442670110147446e-12,
song,uniform,0.8,11,1,2011,true,1.0,1.0,0.05,24,0.6890885939556272,23,4.476011050813402,12,0.5,0.1,0.0,-0.9016505101500396,-0.8503283703619873,0.3951425477290803,False,3.2462232972113396,0.2982186647325471,3.481659405224491e-12,
song,uniform,0.8,11,2,2012,discovered,1.0,1.0,0.05,97,0.8896686654926449,10,2.6213099021942923,26,0.26804123711340205,0.04,0.0,-2.5798845618348296,-1.4046829672939127,0.16011557286006628,False,2.6364606697167976,0.5667705540349316,9.963230240828125e-11,
song,uniform,0.8,11,2,2012,true,1.0,1.0,0.05,24,0.9028116357055849,24,3.811789048856819,22,0.9166666666666666,0.21,0.0,-1.5839028483205664,-1.0716438608470875,0.2838800249784359,False,3.3023971795811886,0.3762819948539191,9.805489753489383e-13,
song,uniform,0.8,11,3,2013,discovered,1.0,1.0,0.05,96,0.8922494908722143,1,1.6684531016957511,96,1.0,0.02,0.0,-6.045804263790723,-2.176173651739587,0.029542278302088748,False,-0.3315909259159446,1.672512616296297,9.325162864115555e-11,
song,uniform,0.8,11,3,2013,true,1.0,1.0,0.05,24,0.7624984724836896,23,5.443088552588479,15,0.625,0.68,0.0,-0.1163411551418072,-0.33449887524226274,0.7380031394955016,False,2.240902709163476,0.5345114472618394,2.7348789899406256e-11,
song,uniform,0.8,11,4,2014,discovered,1.0,1.0,0.05,131,0.9613167000393295,3,2.0501542728363673,60,0.4580152671755725,0.06,0.0,0.4843641208820131,1.7078272910022612,0.08766839359956989,False,-366913.9353888079,567.4360514025952,0.00037162864737183554,
song,uniform,0.8,11,4,2014,true,1.0,1.0,0.05,24,0.9534209973044141,58,6.994197336166948,13,0.5416666666666666,0.38,0.0,-0.01618906672912246,-0.11607216396779196,0.9075953496078237,False,1.494574253668727,0.6908715492286154,1.3540955023927381e-09,
song,uniform,0.8,11,5,2015,discovered,1.0,1.0,0.05,160,0.9448737650351623,3,1.7492984080421623,89,0.55625,0.14,0.0,0.18874229646473029,0.33704342243110386,0.7360841668006194,False,-30.573845963152664,6.505581315970893,7.097908769537753e-05,
song,uniform,0.8,11,5,2015,true,1.0,1.0,0.05,24,0.9562748121234143,118,8.208531686566525,23,0.9583333333333334,,,-0.9558443320287555,-0.9814785499029924,0.32635680713064463,False,4.746390080978777,0.18386411451993281,2.4500934614479775e-10,gof: 16 of 100 bootstrap replicates could not be fitted (allowed fraction 0.05); the p-value would be biased; 
song,uniform,0.8,11,6,2016,discovered,1.0,1.0,0.05,159,0.9389403587807226,1,1.6424494054067056,159,1.0,0.32,0.0,-0.6593791859571594,-0.4711364184114774,0.6375433196565625,False,-45.29132554915259,7.810106775356085,2.0628713855330716e-05,
song,uniform,0.8,11,6,2016,true,1.0,1.0,0.05,24,0.7435097766913747,71,5.366575961537964,22,0.9166666666666666,0.0,0.0,-7.482519432022839,-2.398169482165361,0.01647723933626503,False,4.481765307013577,0.11776629431890116,4.263256414560601e-14,
song,uniform,0.8,11,7,2017,discovered,1.0,1.0,0.05,165,0.93910481548762,1,1.5868776660457011,165,1.0,0.15,0.0,-3.401718768920828,-1.4897496378147348,0.13629007765957946,False,-5.937466240591817,3.448967466839424,2.8463205126172397e-09,
song,uniform,0.8,11,7,2017,true,1.0,1.0,0.05,24,0.6987719677697716,89,7.932195267440881,16,0.6666666666666666,0.25,0.0,-1.4510899323485238,-1.0831243850081955,0.2787532166647627,False,4.564225673515978,0.13939303964035057,8.739675649849232e-13,
song,uniform,0.8,12,0,2010,discovered,1.0,1.0,0.05,55,0.9156623622985485,1,1.940097286684485,55,1.0,0.35,0.0,-1.236880496753964,-1.0237808057565514,0.3059388183407541,False,-2.2904983603996065,1.7985094601559368,4.524736141320318e-11,
song,uniform,0.8,12,0,2010,true,1.0,1.0,0.05,22,0.7501298155900857,11,3.69563378931692,13,0.5909090909090909,0.54,0.0,-0.7829247895542824,-0.8396923256644184,0.40108091800376,False,2.4677405270294672,0.41680076602044586,2.842170943040401e-14,
song,uniform,0.8,12,1,2011,discovered,1.0,1.0,0.05,63,0.861841840383133,12,3.0980783563033456,15,0.23809523809523808,0.19,0.0,-0.8198939390247761,-0.8100107078769945,0.4179340215482902,False,2.5246366596757004,0.5619883418544447,2.3447910280083306e-13,
song,uniform,0.8,12,1,2011,true,1.0,1.0,0.05,24,0.838579169922185,20,5.145694666601375,13,0.5416666666666666,0.84,0.0,-0.001984726545291693,-0.03797427404671726,0.9697081935658104,False,-8.626229154899123,1.6908273031885812,1.6585497775167823e-07,
song,uniform,0.8,12,2,2012,discovered,1.0,1.0,0.05,79,0.8024257259478097,26,5.5908437004954585,13,0.16455696202531644,0.6,0.0,-0.7375479285467104,-0.8165455837559517,0.4141881634318306,False,3.291671198671,0.2530239268367766,1.2789769243681803e-13,
song,uniform,0.8,12,2,2012,true,1.0,1.0,0.05,24,0.5730695135967014,16,2.4415027622484597,22,0.9166666666666666,0.0,0.0,-7.50001744094078,-2.063133595035782,0.03909993709822484,False,3.4258813450821592,0.3531062091627535,1.4210854715202004e-14,
song,uniform,0.8,12,3,2013,discovered,1.0,1.0,0.05,106,0.8810433550659004,1,1.823173175904061,106,1.0,0.0,0.0,1.3878713863633658,1.8207507646122933,0.06864475162693266,False,-196490.3262990332,439.64504303757013,0.0003385004811207182,
song,uniform,0.8,12,3,2013,true,1.0,1.0,0.05,24,0.6773019659023847,29,7.284934098542797,14,0.5833333333333334,0.33,0.0,-0.0054772456274108094,-0.07107087011633198,0.9433413518077244,False,-1.4965393854795526,0.9004220214634137,6.120224327332835e-09,
song,uniform,0.8,12,4,2014,discovered,1.0,1.0,0.05,165,0.9600741638641697,2,1.8250965943991386,94,0.5696969696969697,0.6,0.0,-0.7045198380875992,-0.690736761595755,0.489730982800337,False,-7.361788764306745,3.2946924959689627,1.6790011159173446e-08,
song,uniform,0.8,12,4,2014,true,1.0,1.0,0.05,24,0.8648516027117925,54,5.094971817661689,19,0.7916666666666666,0.13,0.0,-1.7891117588754488,-1.0797599644159677,0.2802490835578646,False,4.121801975064852,0.23188033704354305,1.3358203432289883e-12,
song,uniform,0.8,12,5,2015,discovered,1.0,1.0,0.05,146,0.9208085084878397,3,1.5928516420256127,82,0.5616438356164384,0.01,0.0,-2.943415803361017,-1.7712937601318341,0.07651186455957411,False,-0.13185446966648504,2.4604927223609856,4.708908818429336e-10,
song,uniform,0.8,12,5,2015,true,1.0,1.0,0.05,24,0.9134846190520289,147,9.04878907654906,16,0.6666666666666666,0.38,0.0,-1.068053426704207,-0.9128230486885596,0.36133561411303483,False,5.028074901917144,0.1366242376063698,2.9984903449076228e-12,
song,uniform,0.8,12,6,2016,discovered,1.0,1.0,0.05,148,0.877127973086952,1,1.5189877955556248,148,1.0,0.0,0.0,-6.42962561674446,-2.054212979007126,0.03995508275856636,False,-1.5452474033261028,2.603451543529517,4.0802206058287993e-10,
song,uniform,0.8,12,6,2016,true,1.0,1.0,0.05,24,0.7712170879697248,72,7.985891639446668,18,0.75,0.15,0.0,-1.9735861427242427,-1.3034162283974653,0.1924326990655375,False,4.367219001569721,0.1272852813190132,1.4296119843493216e-11,
song,uniform,0.8,12,7,2017,discovered,1.0,1.0,0.05,135,0.8995475667415319,1,1.4949108043182924,135,1.0,0.0,0.0,-6.809528770385974,-2.2997886275351758,0.02146019806620157,False,-1.4164352058459033,2.6672391927552965,6.597247192985378e-09,
song,uniform,0.8,12,7,2017,true,1.0,1.0,0.05,24,0.8077407765645803,79,7.842071731392419,21,0.875,0.47474747474747475,1.0,-0.7811061935983963,-0.842097725265741,0.39973325444079444,False,4.323456234304442,0.2017640142250725,8.242295734817162e-13,
song,uniform,0.8,13,0,2010,discovered,1.0,1.0,0.05,65,0.8945999858441311,5,3.0280661151289783,19,0.2923076923076923,0.46,0.0,-0.1867761904185441,-0.43290229683098486,0.6650857513264619,False,-0.14711291514451086,1.0928346901143473,1.9749535340451985e-10,
song,uniform,0.8,13,0,2010,true,1.0,1.0,0.05,24,0.5947228182073363,9,3.0612847230593427,16,0.6666666666666666,0.07,0.0,-2.164838531935686,-1.2924636000553167,0.19619664371982581,False,2.5360252731854818,0.3846313346269894,5.172751116333529e-12,
song,uniform,0.8,13,1,2011,discovered,1.0,1.0,0.05,76,0.8807780411256082,1,1.5987967195886752,76,1.0,0.01,0.0,-6.193012755082611,-2.0956484313651704,0.036113389570511634,False,0.12207467145150441,1.6636957468038795,1.2221335055073723e-12,
song,uniform,0.8,13,1,2011,true,1.0,1.0,0.05,24,0.4428545889339182,16,3.965087988136162,18,0.75,0.53,0.0,-0.5770272113810542,-0.6256161043476303,0.5315667731671151,False,2.589208251398368,0.48782416100367065,4.476419235288631e-13,
song,uniform,0.8,13,2,2012,discovered,1.0,1.0,0.05,91,0.8566873460182957,35,7.651299589625055,10,0.10989010989010989,0.8,0.0,0.0014372096006027846,0.4415677950804829,0.6588019927749994,False,-76254.83964066033,106.43674395717473,1.1023934348486364e-05,
song,uniform,0.8,13,2,2012,true,1.0,1.0,0.05,24,0.8149865769158491,33,5.694850395026224,15,0.625,0.86,0.0,-0.6118548644592532,-0.8213768481562307,0.41143164676755994,False,3.4534027223954396,0.2824974318852115,2.6787461138155777e-12,
song,uniform,0.8,13,3,2013,discovered,1.0,1.0,0.05,87,0.9137351962479923,1,1.6247029177350474,87,1.0,0.19,0.0,-1.6689660968588034,-1.0266476001275722,0.30458643152163667,False,-4.7200307253426566,3.048073408410264,8.263327799795661e-09,
song,uniform,0.8,13,3,2013,true,1.0,1.0,0.05,24,0.7513531721597685,34,7.11043646065886,12,0.5,0.49,0.0,-0.2952192506884712,-0.4477230790314239,0.6543530633418009,False,3.372764690811472,0.26156951219638724,2.3447910280083306e-13,
song,uniform,0.8,13,4,2014,discovered,1.0,1.0,0.05,111,0.883571122628265,1,1.5189586724085822,111,1.0,0.01,0.0,-5.52408135979455,-1.899295912388703,0.057525580020357,False,-1.0806445776383138,2.4435057271719285,1.4231318345991895e-09,
song,uniform,0.8,13,4,2014,true,1.0,1.0,0.05,24,0.8387636461021624,57,7.268518862417291,14,0.5833333333333334,0.4,0.0,-0.08072811882409603,-0.2762162443169542,0.782381981240116,False,3.2276105033521167,0.41794344676528,1.148947603724082e-11,
song,uniform,0.8,13,5,2015,discovered,1.0,1.0,0.05,144,0.8923443925916958,1,1.5146297501609522,144,1.0,0.0,0.0,-0.7640947348530194,-0.42060116420866567,0.6740463434694424,False,-13.171368199506194,5.132253654796343,1.7704246602079365e-07,
song,uniform,0.8,13,5,2015,true,1.0,1.0,0.05,24,0.9029099172112034,103,6.399390090676956,18,0.75,0.7,0.0,-0.6020423569190441,-0.7245003654543783,0.4687586028892614,False,4.549344193843871,0.2665289985129623,1.1368683772161603e-13,
song,uniform,0.8,13,6,2016,discovered,1.0,1.0,0.05,162,0.9447078802787595,1,1.6826924093108828,162,1.0,0.17,0.0,0.4314083517650005,0.33723044312136624,0.7359431897318669,False,-138417.014574412,407.1354319376319,0.00014580717743228888,
song,uniform,0.8,13,6,2016,true,1.0,1.0,0.05,24,0.8060218476932692,68,5.185377122317958,23,0.9583333333333334,0.04,0.0,-3.16814014454908,-1.3983065829217298,0.16202102190959478,False,4.395608711699334,0.19212955403473472,7.815970093361102e-13,
song,uniform,0.8,13,7,2017,discovered,1.0,1.0,0.05,184,0.9248714155120161,1,1.689352755509951,184,1.0,0.02,0.0,2.687906112565212,2.0322345367477292,0.04212991810089953,False,-111391.82403408048,364.1197982032705,0.0008670449306009687,
song,uniform,0.8,13,7,2017,true,1.0,1.0,0.05,24,0.7884083158621443,72,4.802000363308158,23,0.9583333333333334,0.04,0.0,-3.13677698093374,-1.47508084949679,0.14019080837858675,False,4.469470181319269,0.21257891820268246,1.184332631964935e-10,
song,uniform,0.8,14,0,2010,discovered,1.0,1.0,0.05,57,0.8933962815708095,1,1.728323285251204,57,1.0,0.05,0.0,-3.788656699133869,-1.7992537086528142,0.07197855703878588,False,-0.186942964525673,1.4793621863224915,5.826450433232822e-13,
song,uniform,0.8,14,0,2010,true,1.0,1.0,0.05,23,0.7068188303537423,13,4.552019873514942,11,0.4782608695652174,0.47,0.0,-0.10809000614753028,-0.3526963234677478,0.7243161159118771,False,1.6429246766833223,0.6205327178863411,1.0544454198679887e-11,
song,uniform,0.8,14,1,2011,discovered,1.0,1.0,0.05,66,0.8475317661047526,5,2.071701086678886,33,0.5,0.01,0.0,-3.953476763377391,-1.6462733974006545,0.09970748392087804,False,2.176995673962759,0.7850634389817835,2.6574298317427747e-12,
song,uniform,0.8,14,1,2011,true,1.0,1.0,0.05,24,0.7433294473702774,21,6.243029387149752,13,0.5416666666666666,0.75,0.0,0.0013053710852943823,0.14720948287993954,0.8829666758891682,False,-29627.194351647468,74.45514755061699,5.459260137286037e-06,
song,uniform,0.8,14,2,2012,discovered,1.0,1.0,0.05,111,0.9229315376545629,1,1.8784108448378285,111,1.0,0.44,0.0,0.43612464930249584,0.532615923071555,0.5942994773953467,False,-266475.25606225536,493.83166188790256,0.00027379783477954334,
song,uniform,0.8,14,2,2012,true,1.0,1.0,0.05,24,0.7893759737159559,34,6.756276294886628,10,0.4166666666666667,0.31,0.0,-0.6111305513966832,-0.707078901602645,0.4795174465393619,False,3.565743733722828,0.19615435665779588,5.332623231879552e-12,
song,uniform,0.8,14,3,2013,discovered,1.0,1.0,0.05,106,0.9344121672737147,1,1.8614729581836011,106,1.0,0.42,0.0,-0.2506223567988044,-0.28352953386364677,0.7767709453377996,False,-82.50239624908124,8.867612331889422,0.0004877037142136942,
song,uniform,0.8,14,3,2013,true,1.0,1.0,0.05,24,0.7059512067575068,27,4.944762124786509,18,0.75,0.4,0.0,-0.5798744449780635,-0.6600062742032128,0.509249803021592,False,3.163211545803869,0.36742370122089485,4.305888978706207e-12,
song,uniform,0.8,14,4,2014,discovered,1.0,1.0,0.05,124,0.8998924714103638,1,1.5866973145385739,124,1.0,0.0,0.0,-0.8374628767763987,-0.5014350833441121,0.6160649540719465,False,-9.869057232675193,4.194018941916782,1.2642192359635374e-07,
song,uniform,0.8,14,4,2014,true,1.0,1.0,0.05,24,0.8870465049274172,48,5.512547219843481,21,0.875,0.89,0.0,-0.12092860156077334,-0.3637117129991593,0.7160732958630993,False,2.7305138586215785,0.5817283464778102,3.501554601825774e-11,
song,uniform,0.8,14,5,2015,discovered,1.0,1.0,0.05,144,0.9276187063312907,2,1.6274916491664835,115,0.7986111111111112,0.03,0.0,-2.268956562905167,-1.533155789568241,0.12523747435667018,False,-4.212093197230014,3.273790090692571,9.073858109331923e-09,
song,uniform,0.8,14,5,2015,true,1.0,1.0,0.05,24,0.6728902782848319,138,9.118787385612254,19,0.7916666666666666,0.26262626262626265,1.0,-3.3508471906932424,-1.8075904281573416,0.0706702690737194,False,5.029279879054681,0.08852048940474286,7.538858426414663e-11,
song,uniform,0.8,14,6,2016,discovered,1.0,1.0,0.05,117,0.8308882640091246,1,1.4095157728303631,117,1.0,0.0,0.0,-17.335422451751434,-3.668894337413526,0.00024360172713636146,False,1.2224612344903927,1.9125807848450642,7.844391802791506e-12,
song,uniform,0.8,14,6,2016,true,1.0,1.0,0.05,24,0.904188723281945,79,5.675146984123506,17,0.7083333333333334,0.15,0.0,-1.562450310896975,-1.1842242170478863,0.23632431822973277,False,4.482992898605496,0.2055868117399459,4.547473508864641e-13,
song,uniform,0.8,14,7,2017,discovered,1.0,1.0,0.05,145,0.9434663679393255,1,1.5818202468199363,145,1.0,0.0,0.0,-3.810072784885379,-1.7473715873994613,0.08057290267861598,False,-5.2389421198885096,3.3171743795068545,9.479776963416953e-10,
song,uniform,0.8,14,7,2017,true,1.0,1.0,0.05,24,0.662218910934605,91,8.384822365435655,16,0.6666666666666666,0.37,0.0,-2.316862618425232,-1.3360143138247285,0.18154459480742524,False,4.613649405362027,0.10646568621986435,1.3448442359731416e-10,
song,uniform,0.8,15,0,2010,discovered,1.0,1.0,0.05,57,0.902801090908317,4,2.490380086261183,22,0.38596491228070173,0.52,0.0,-0.4164876381731508,-0.612009164815677,0.5405316939512459,False,0.22323255025340993,1.1803737742867257,3.958433580919518e-11,
song,uniform,0.8,15,0,2010,true,1.0,1.0,0.05,24,0.8489421502092118,8,2.7760480872021636,17,0.7083333333333334,0.02,0.0,-2.118760226112932,-1.190917733415365,0.23368588213238495,False,2.4497134563059655,0.4630942668203858,6.899369964230573e-12,
song,uniform,0.8,15,1,2011,discovered,1.0,1.0,0.05,103,0.9345067883423936,1,1.9265955649895066,103,1.0,0.5,0.0,-1.4402991254741608,-1.0422979578249603,0.29727355888140605,False,-4.866836946637735,2.36120277435975,1.0572875908110291e-10,
song,uniform,0.8,15,1,2011,true,1.0,1.0,0.05,24,0.8334287712519837,20,4.60795056860376,16,0.6666666666666666,0.61,0.0,-0.3170932035291685,-0.5830946494843426,0.5598295854167115,False,2.612564315501664,0.47915879128949185,1.7763568394002505e-13,
song,uniform,0.8,15,2,2012,discovered,1.0,1.0,0.05,80,0.8297056285971531,34,5.866066296142777,11,0.1375,0.37,0.0,-0.0679855523205175,-0.29615339283574266,0.7671129401866681,False,2.5294583334227374,0.5264632812132781,1.9610979506978765e-10,
song,uniform,0.8,15,2,2012,true,1.0,1.0,0.05,24,0.6524504956303382,39,8.904503200894748,11,0.4583333333333333,0.66,0.0,-0.08323535257834447,-0.2553339737609863,0.798465162074325,False,3.156511697776534,0.3025935541899125,5.7482907322992105e-12,
song,uniform,0.8,15,3,2013,discovered,1.0,1.0,0.05,95,0.9231815648964821,1,1.7780207769239949,95,1.0,0.14,0.0,-0.09473677051503393,-0.09092836913134957,0.9275495082537316,False,-21.54939456291625,4.950933478069916,2.2667848043056438e-08,
song,uniform,0.8,15,3,2013,true,1.0,1.0,0.05,24,0.6491086058721144,27,6.92009628202663,13,0.5416666666666666,0.77,0.0,-0.41565955226694395,-0.6983332616806562,0.4849688026048552,False,3.2084262670953825,0.2444501973097981,2.913225216616411e-13,
song,uniform,0.8,15,4,2014,discovered,1.0,1.0,0.05,153,0.9370257740267907,1,1.6551867935780407,153,1.0,0.0,0.0,-2.6317342192952022,-1.4453818611232991,0.14835065551173712,False,-8.012687860228702,3.585267335287473,3.1650415621697903e-10,
song,uniform,0.8,15,4,2014,true,1.0,1.0,0.05,24,0.857728916690811,74,9.377934124842893,13,0.5416666666666666,0.71,0.0,-0.01779756575211877,-0.13153332737673773,0.8953534241544637,False,2.5754058178173675,0.48159001536089324,7.213643016257265e-10,
song,uniform,0.8,15,5,2015,discovered,1.0,1.0,0.05,161,0.9319092781601761,1,1.5357040700051083,161,1.0,0.15,0.0,-3.389158520983697,-1.4900538701700916,0.1362100720485508,False,-6.552809157075746,3.8073320330887457,2.3886116196081275e-08,
song,uniform,0.8,15,5,2015,true,1.0,1.0,0.05,24,0.6035399052742799,101,4.874194048537132,20,0.8333333333333334,0.0,0.0,-7.167491548045098,-2.1153673406695983,0.03439865109375043,False,4.8638646080788925,0.12922524777019298,4.887112936557969e-11,
song,uniform,0.8,15,6,2016,discovered,1.0,1.0,0.05,137,0.9421802104869293,2,1.7240731908157227,100,0.7299270072992701,0.21,0.0,-0.5918802938114134,-0.6348002861192843,0.525558676671176,False,-10.697917307606941,4.120896256759247,3.512667490213062e-08,
song,uniform,0.8,15,6,2016,true,1.0,1.0,0.05,24,0.8530852417344728,76,5.879993583574617,18,0.75,0.22,0.0,-1.1835964905335565,-0.9015417073559999,0.36730036878386607,False,4.3897348566358705,0.2263564697301906,4.4153125600132626e-11,
song,uniform,0.8,15,7,2017,discovered,1.0,1.0,0.05,167,0.945965529281781,2,1.7003594485825588,124,0.7425149700598802,0.06,0.0,-1.2483732208396998,-0.9647457357223872,0.334672181371915,False,-6.17032458172331,3.434911879121696,3.658743708001566e-08,
song,uniform,0.8,15,7,2017,true,1.0,1.0,0.05,24,0.8327483328101037,101,7.053592925334581,14,0.5833333333333334,0.45,0.0,-0.8957271102044437,-0.879401285782294,0.37918373521333204,False,4.6590848879424716,0.184651539627503,4.291678123991005e-12,
song,uniform,0.8,16,0,2010,discovered,1.0,1.0,0.05,60,0.9204035697399,3,2.3132923897143467,24,0.4,0.36,0.0,-1.125105731982695,-0.9665709695681463,0.33375855289955036,False,0.9281075844505797,0.9426968977608049,2.7071678232459817e-12,
song,uniform,0.8,16,0,2010,true,1.0,1.0,0.05,22,0.7565282500129812,11,4.07106075422114,12,0.5454545454545454,0.48,0.0,-0.20675527445374198,-0.4328921612519348,0.6650931150119559,False,1.8442508506917945,0.5871426712146388,3.0730973321624333e-12,
song,uniform,0.8,16,1,2011,discovered,1.0,1.0,0.05,85,0.937697972130149,1,1.83512723027182,85,1.0,0.6,0.0,-0.7779845214277445,-0.653281643244066,0.5135747244758128,False,-8.252133081051914,3.113108056791535,1.6651512169119087e-08,
song,uniform,0.8,16,1,2011,true,1.0,1.0,0.05,24,0.6746443071506845,18,4.327271532338511,18,0.75,0.51,0.0,-1.3225682393223712,-1.106349059864099,0.26857546482272654,False,3.0002050519521437,0.3133405410809136,5.400124791776761e-13,
song,uniform,0.8,16,2,2012,discovered,1.0,1.0,0.05,110,0.952821050517448,1,1.7667245123401156,110,1.0,0.54,0.0,-0.8467834020586957,-0.6702006683484129,0.5027298778801239,False,-15.936645236876796,4.351513304675292,1.3537530776375206e-06,
song,uniform,0.8,16,2,2012,true,1.0,1.0,0.05,24,0.5863964943417451,40,9.77405330437115,16,0.6666666666666666,0.93,0.0,-0.02050795225984814,-0.14811204042277124,0.8822543473677861,False,1.9643109796856517,0.46766900771352354,7.076295105434838e-11,
song,uniform,0.8,16,3,2013,discovered,1.0,1.0,0.05,104,0.9165906814926204,1,1.7548350969129833,104,1.0,0.12,0.0,-0.1550761729480543,-0.1426477119971925,0.8865684140411394,False,-20.834414408652997,4.961281648614785,4.7352557430713205e-09,
song,uniform,0.8,16,3,2013,true,1.0,1.0,0.05,24,0.815755663784783,20,3.486828995175961,23,0.9583333333333334,0.03,0.0,-2.8648548031742553,-1.5411023954730068,0.12329186695560672,False,3.2695582196534136,0.3355102379621438,1.736566446197685e-11,
song,uniform,0.8,16,4,2014,discovered,1.0,1.0,0.05,109,0.8922804610178217,1,1.5247898817812442,109,1.0,0.07,0.0,-3.2988188509299565,-1.5375951488051265,0.12414763435685665,False,-3.3816475613645887,3.1186745477080557,9.056293492903933e-10,
song,uniform,0.8,16,4,2014,true,1.0,1.0,0.05,24,0.6413730941691479,59,8.395366188025166,15,0.625,0.13,0.0,-1.420519877573522,-1.0346101471935338,0.30085101322567076,False,4.152037968683801,0.12786253860045155,2.2026824808563106e-13,
song,uniform,0.8,16,5,2015,discovered,1.0,1.0,0.05,170,0.9000626153367258,1,1.602812934532272,170,1.0,0.0,0.0,4.222358989565523,3.1983614571107295,0.0013821092524419275,False,-504245.01568330993,834.5424711541735,0.0020749861055264773,
song,uniform,0.8,16,5,2015,true,1.0,1.0,0.05,24,0.9641081214055517,117,9.0312764043238,22,0.9166666666666666,0.9894736842105263,5.0,-0.21098018761376736,-0.48521787447506853,0.6275218040553665,False,4.3616923590970105,0.27737895868694395,4.9325876716466155e-11,
song,uniform,0.8,16,6,2016,discovered,1.0,1.0,0.05,150,0.9262834910898401,3,1.7552920149752353,84,0.56,0.0,0.0,-2.5794249174664525,-1.4713552500152947,0.1411950688152244,False,-0.13083937271632995,2.0063335728699303,2.3765664991515223e-09,
song,uniform,0.8,16,6,2016,true,1.0,1.0,0.05,24,0.8633865803789751,92,9.33130511620259,14,0.5833333333333334,0.81,0.0,-0.26409229081739927,-0.4504679128814948,0.6523730856865305,False,4.347561715675554,0.212276900398929,2.1969981389702298e-11,
song,uniform,0.8,16,7,2017,discovered,1.0,1.0,0.05,119,0.8635555028149873,2,1.504891216231062,89,0.7478991596638656,0.01,0.0,-9.371181053087883,-2.919696988800655,0.003503718775251078,False,1.5270237806910685,1.8213494122258025,8.981260180007666e-12,
song,uniform,0.8,16,7,2017,true,1.0,1.0,0.05,24,0.8420166819159015,99,8.524046716651643,15,0.625,0.39,0.0,-0.027241291122034106,-0.17126594238863155,0.8640146588008966,False,2.991531014416135,0.4952743334470478,1.4163532569000381e-09,
song,uniform,0.8,17,0,2010,discovered,1.0,1.0,0.05,54,0.8730143065502377,1,1.6781268846174704,54,1.0,0.03,0.0,-5.080645787730299,-2.00886330165732,0.04455163277037128,False,0.3312168192521995,1.3443993950517243,2.3220536604640074e-11,
song,uniform,0.8,17,0,2010,true,1.0,1.0,0.05,23,0.6356790537579425,10,3.6329042934738753,14,0.6086956521739131,0.06,0.0,-2.5862992802988787,-1.2984217321116067,0.19414245534505148,False,2.6125747969170483,0.25885027699462965,2.842170943040401e-14,
song,uniform,0.8,17,1,2011,discovered,1.0,1.0,0.05,99,0.9289076593132312,1,1.802317528574366,99,1.0,0.05,0.0,-0.9065710451620017,-0.6605420395741594,0.5089060498126831,False,-7.2351061174709965,3.0262676011720995,1.4312519169834559e-08,
song,uniform,0.8,17,1,2011,true,1.0,1.0,0.05,24,0.824290461849785,22,5.627545107229183,12,0.5,0.1,0.0,-1.1646382148427872,-0.8882365847903981,0.3744135032703777,False,3.2121933000666942,0.20002237574206896,1.1013412404281553e-13,
song,uniform,0.8,17,2,2012,discovered,1.0,1.0,0.05,112,0.9491496342197356,2,2.018911222873737,65,0.5803571428571429,0.04,0.0,0.650724515515688,1.733410206850402,0.08302278471234707,False,-331208.04617703776,536.8698301075142,0.0003561360645107925,
song,uniform,0.8,17,2,2012,true,1.0,1.0,0.05,24,0.8513777436417775,27,3.5664011287453414,19,0.7916666666666666,0.28,0.0,-1.9307767296585108,-1.294797708759244,0.1953900226119254,False,3.522115755263785,0.35692825485691465,4.227729277772596e-11,
song,uniform,0.8,17,3,2013,discovered,1.0,1.0,0.05,69,0.7518784411114996,17,4.300580352443055,21,0.30434782608695654,0.54,0.0,-0.892100687811153,-0.8946124241548151,0.3709943079966508,False,2.7832123834443183,0.39340557425925665,3.395683734197519e-11,
song,uniform,0.8,17,3,2013,true,1.0,1.0,0.05,24,0.7013898638446789,29,8.133725338132964,10,0.4166666666666667,0.89,0.0,0.0008895643454351898,0.2394537584080445,0.8107537489760686,False,-20066.365513216195,52.65783885852906,3.742854460142553e-06,
song,uniform,0.8,17,4,2014,discovered,1.0,1.0,0.05,142,0.9312699953716337,1,1.6257293212838606,142,1.0,0.03,0.0,-3.477453969516578,-1.6169378086064874,0.1058917060761649,False,-4.381399384813421,2.965345965501523,9.981704351957887e-11,
song,uniform,0.8,17,4,2014,true,1.0,1.0,0.05,24,0.8963105938838207,64,8.7018398215029,10,0.4166666666666667,0.97,0.0,-0.10294056361007353,-0.3287488910198449,0.7423454966863703,False,3.7703004174771557,0.2819117828875946,5.17914600095537e-11,
song,uniform,0.8,17,5,2015,discovered,1.0,1.0,0.05,187,0.9454897883272262,1,1.6069768027621085,187,1.0,0.0,0.0,-3.990429906557539,-1.8144291064019422,0.06961168802819204,False,-7.242652310968885,3.624779347494046,1.36504752390465e-07,
song,uniform,0.8,17,5,2015,true,1.0,1.0,0.05,24,0.8407337680070328,116,8.049201451685713,17,0.7083333333333334,0.49,0.0,-1.1066943082627874,-0.8571258813961525,0.3913753190099697,False,4.793530538870574,0.1575002975520196,2.0747847884194925e-11,
song,uniform,0.8,17,6,2016,discovered,1.0,1.0,0.05,162,0.924275572538899,1,1.581998895464997,162,1.0,0.01,0.0,-2.9885092687460233,-1.2830830907523276,0.19946296716873713,False,-5.565767781309445,3.392669422437247,5.893525667488575e-10,
song,uniform,0.8,17,6,2016,true,1.0,1.0,0.05,24,0.7722961863764675,70,4.3263341994082305,21,0.875,0.01,0.0,-4.107374997480299,-1.6656611080565515,0.09578093243594575,False,4.505584419584652,0.20535322846543677,1.1368683772161603e-13,
song,uniform,0.8,17,7,2017,discovered,1.0,1.0,0.05,140,0.924292635826303,3,1.736568165263961,90,0.6428571428571429,0.01,0.0,-0.8895439085731291,-0.6976128363302347,0.4854193517898411,False,-3.323365361393093,2.9016925940796847,9.980340109905228e-09,
song,uniform,0.8,17,7,2017,true,1.0,1.0,0.05,24,0.7046119854650817,73,5.115131698097294,23,0.9583333333333334,0.0,0.0,-4.102308805579089,-1.4384007832203678,0.1503203705432699,False,4.49195205618534,0.17341648308312915,1.3008047972107306e-09,
song,uniform,0.8,18,0,2010,discovered,1.0,1.0,0.05,60,0.8698222532169851,7,3.5535314186832863,15,0.25,0.63,0.0,-0.7091437892745223,-0.7882612155833814,0.4305439288176983,False,1.9209016652071322,0.47905425975508864,3.552713678800501e-14,
song,uniform,0.8,18,0,2010,true,1.0,1.0,0.05,24,0.8293299531045584,11,3.868817641965961,11,0.4583333333333333,0.41,0.0,-0.046924413793600905,-0.18495395360370573,0.8532651520763189,False,0.10773640000457833,0.9911978164088804,1.531113014152652e-10,
song,uniform,0.8,18,1,2011,discovered,1.0,1.0,0.05,87,0.9030345091489989,1,1.8846780510688483,87,1.0,0.05,0.0,0.06097514882700772,0.07846476745797624,0.9374583552825115,False,-36.906402901775195,5.926010291976516,1.2042828245739656e-05,
song,uniform,0.8,18,1,2011,true,1.0,1.0,0.05,24,0.6513622157463822,19,4.337195889904616,18,0.75,0.21,0.0,-0.8283692473532085,-0.8956723922632503,0.37042775944984385,False,2.9230318689351957,0.37777847052107955,1.3130829756846651e-10,
song,uniform,0.8,18,2,2012,discovered,1.0,1.0,0.05,101,0.920410198648955,1,1.8014181873910826,101,1.0,0.18,0.0,-0.162179973752818,-0.1718648498910333,0.8635437810743236,False,-59.35601844429476,7.859837176124455,0.00010646872775055272,
song,uniform,0.8,18,2,2012,true,1.0,1.0,0.05,24,0.7297625221644202,29,4.99930888985998,17,0.7083333333333334,0.1,0.0,-2.528884898193384,-1.4205059843404575,0.15546042762567874,False,3.557839996792344,0.19262500898538493,6.501466032204917e-12,
song,uniform,0.8,18,3,2013,discovered,1.0,1.0,0.05,94,0.9247041205749558,2,1.8175686937223945,60,0.6382978723404256,0.06,0.0,-2.4393175141794643,-1.4254069946205359,0.1540395873344199,False,-0.03015005694061056,1.6533463620383992,6.252776074688882e-13,
song,uniform,0.8,18,3,2013,true,1.0,1.0,0.05,24,0.8100959397737989,27,5.041794375860752,15,0.625,0.5,0.0,-0.4396756228415777,-0.6225508569100032,0.5335797137089578,False,3.1310145573261696,0.37146174438618046,8.43414227347239e-12,
song,uniform,0.8,18,4,2014,discovered,1.0,1.0,0.05,119,0.9446003175420196,1,1.6251978660930069,119,1.0,0.01,0.0,-3.46615454075965,-1.7398855121447836,0.08187912312770976,False,-3.950978092070395,2.865178289540464,7.0309056354744826e-09,
song,uniform,0.8,18,4,2014,true,1.0,1.0,0.05,24,0.9033177291039526,56,7.742235727446498,15,0.625,0.84,0.0,-0.40372025558170277,-0.5829447579586491,0.55993048890815,False,3.908127355072856,0.23046534408026118,5.044853423896711e-13,
song,uniform,0.8,18,5,2015,discovered,1.0,1.0,0.05,216,0.9509470845740268,1,1.6382762728522555,216,1.0,0.64,0.0,0.41330840444762984,0.269853306216899,0.7872731110804998,False,-1592.4430533090415,45.315760883608476,4.87792817693844e-05,
song,uniform,0.8,18,5,2015,true,1.0,1.0,0.05,24,0.6669742284213755,95,3.9471877203926438,24,1.0,0.0,0.0,-10.843422578340725,-2.4590546669522655,0.013930340413594406,False,4.886850584541366,0.1486724391694326,6.0396132539608516e-12,
song,uniform,0.8,18,6,2016,discovered,1.0,1.0,0.05,142,0.9025201499324095,1,1.528332678544013,142,1.0,0.02,0.0,-3.8462711459338674,-1.5750385989135818,0.11524753530392529,False,-3.8409423220433077,3.2223761683794048,2.1357777768571395e-09,
song,uniform,0.8,18,6,2016,true,1.0,1.0,0.05,24,0.7622018379372439,95,9.643235533508454,10,0.4166666666666667,0.85,0.0,-0.21382914081217663,-0.4015812279515281,0.6879922474193381,False,4.415075363741737,0.19575246480571976,2.721733949329064e-10,
song,uniform,0.8,18,7,2017,discovered,1.0,1.0,0.05,145,0.9108257741586662,1,1.5248417770282434,145,1.0,0.0,0.0,-6.205258732682951,-2.3458447605476747,0.018984012518157022,False,-2.443484240309317,2.8516705570981125,9.577547643857542e-10,
song,uniform,0.8,18,7,2017,true,1.0,1.0,0.05,24,0.7412114084766979,75,4.998162084812694,22,0.9166666666666666,0.03,0.0,-4.993953109096166,-1.9537689567970253,0.05072854708186196,False,4.540541771133125,0.1588240455518165,9.237055564881302e-13,
song,uniform,0.8,19,0,2010,discovered,1.0,1.0,0.05,58,0.8670900663034214,3,2.2606065808480147,34,0.5862068965517241,0.01,0.0,-1.4795436675008564,-0.9705657135212007,0.3317645865901584,False,0.8766662064846317,1.001760146769387,4.945377440890297e-12,
song,uniform,0.8,19,0,2010,true,1.0,1.0,0.05,23,0.7541183972287245,6,2.6258909361527,19,0.8260869565217391,0.09,0.0,-2.478654429089489,-1.3313612126494998,0.18307018560255273,False,2.201803937464317,0.4917993104850167,7.105427357601002e-14,
song,uniform,0.8,19,1,2011,discovered,1.0,1.0,0.05,72,0.8425239994286285,14,3.9784022758101134,12,0.16666666666666666,0.39,0.0,-0.05565093064083548,-0.24645334565261162,0.8053313155057068,False,0.5070932960129965,0.9455357530088812,1.4225776112652966e-10,
song,uniform,0.8,19,1,2011,true,1.0,1.0,0.05,24,0.7661866943521537,15,3.3612526000935534,18,0.75,0.07,0.0,-1.4930448796599691,-1.2316032010975546,0.2180973445917862,False,2.8955101948691473,0.4206284244352986,8.533618256478803e-12,
song,uniform,0.8,19,2,2012,discovered,1.0,1.0,0.05,87,0.865527098768396,1,1.5404659288130615,87,1.0,0.0,0.0,-6.39249934518657,-2.160865703535328,0.030705714871261794,False,-0.10176691407589288,1.9673901127980677,1.33383082356886e-10,
song,uniform,0.8,19,2,2012,true,1.0,1.0,0.05,24,0.8562508615624191,27,4.2348197228285835,22,0.9166666666666666,0.41,0.0,-0.5758907116894387,-0.7098065695430067,0.4778240946215022,False,3.0308004043355776,0.48479913062835484,1.4352963262354024e-12,
song,uniform,0.8,19,3,2013,discovered,1.0,1.0,0.05,71,0.8052798000152191,28,4.438240745640556,10,0.14084507042253522,0.77,0.0,-0.1805318685566455,-0.4571076752116137,0.6475936538496236,False,2.873576542676502,0.5215469589438031,1.1795009413617663e-12,
song,uniform,0.8,19,3,2013,true,1.0,1.0,0.05,24,0.884324544192296,25,4.4355999791549,15,0.625,0.13,0.0,-1.380958117334985,-0.9892785908603595,0.3225268558030778,False,3.3713808624078676,0.2772612746316642,6.842526545369765e-12,
song,uniform,0.8,19,4,2014,discovered,1.0,1.0,0.05,105,0.899271861581528,1,1.5433091197030744,105,1.0,0.01,0.0,-2.277355500084156,-1.2063426276308542,0.22768540772730295,False,-4.88604009116497,3.4080818154832464,2.0933725863869768e-08,
song,uniform,0.8,19,4,2014,true,1.0,1.0,0.05,24,0.7692448288289871,62,9.106851706425529,12,0.5,0.9,0.0,-0.13416546569172016,-0.3725409239748752,0.7094901481972274,False,3.7886660045414886,0.2604339267198026,2.9061197892588098e-12,
song,uniform,0.8,19,5,2015,discovered,1.0,1.0,0.05,216,0.9468125869869429,1,1.666053498799325,216,1.0,0.1,0.0,1.3758790979314126,0.9123425705805953,0.36158841106875417,False,-214144.7982737983,513.5611997483486,0.0007644615743629402,
song,uniform,0.8,19,5,2015,true,1.0,1.0,0.05,24,0.7758016199918067,106,7.810252262584903,20,0.8333333333333334,0.8,0.0,-0.7888128051714851,-0.7874784372839082,0.43100184617233184,False,4.628249130725864,0.1984882793203397,9.663381206337363e-13,
song,uniform,0.8,19,6,2016,discovered,1.0,1.0,0.05,184,0.9479988132676201,2,1.8596741069277243,117,0.6358695652173914,0.01,0.0,-1.0911765170328058,-1.2605210600571919,0.20748145552433261,False,-22.95474910913625,5.143337980525432,9.236559890268836e-07,
song,uniform,0.8,19,6,2016,true,1.0,1.0,0.05,24,0.8705899336813879,102,8.727681517392302,16,0.6666666666666666,0.65,0.0,-0.6418501611338105,-0.7731364620531912,0.43944162417830757,False,4.596787773692055,0.1737296004309332,8.064660050877137e-12,
song,uniform,0.8,19,7,2017,discovered,1.0,1.0,0.05,147,0.9136118533572211,1,1.5654622282065656,147,1.0,0.0,0.0,-1.2482821574357228,-0.6751276560150286,0.4995946641841499,False,-10.58815884674381,4.416869453169185,4.7179469220282044e-09,
song,uniform,0.8,19,7,2017,true,1.0,1.0,0.05,24,0.7156150818918509,84,7.090428356531686,18,0.75,0.12,0.0,-2.3431481523015787,-1.1692814384168198,0.24229025904936285,False,4.548149266828044,0.13547424165172728,1.8900436771218665e-12,
song,uniform,0.8,20,0,2010,discovered,1.0,1.0,0.05,56,0.8602721600532462,1,1.6711233131987182,56,1.0,0.05,0.0,-4.87091158406742,-1.8731583833301946,0.061046517218214066,False,0.25415668940541064,1.4024619568600902,4.035882739117369e-12,
song,uniform,0.8,20,0,2010,true,1.0,1.0,0.05,24,0.6212882154917144,6,2.2477995565754743,18,0.75,0.0,0.0,-6.976734203622922,-2.3025754164143137,0.02130274365545467,False,2.532981475462915,0.37075819766256624,5.542233338928781e-13,
song,uniform,0.8,20,1,2011,discovered,1.0,1.0,0.05,74,0.8570626076247562,1,1.5696884128222386,74,1.0,0.0,0.0,-6.379754113962635,-2.2051518727119643,0.02744343908312863,False,0.2029284326713171,1.7186193373542855,3.268496584496461e-11,
song,uniform,0.8,20,1,2011,true,1.0,1.0,0.05,24,0.873297373121961,21,5.51988865463883,11,0.4583333333333333,0.37,0.0,-0.9518272098272944,-0.9475515814972102,0.34335778515384185,False,3.1526785622620723,0.2150347531078798,2.4204638293667813e-11,
song,uniform,0.8,20,2,2012,discovered,1.0,1.0,0.05,111,0.9434642752686065,1,1.773660272406677,111,1.0,0.22,0.0,-1.0380016314651148,-0.824615746114139,0.409589778923691,False,-12.689900502667829,3.914579663765716,3.107274437752494e-08,
song,uniform,0.8,20,2,2012,true,1.0,1.0,0.05,24,0.8102690885633047,31,4.527935834936276,19,0.7916666666666666,0.02,0.0,-3.7963985715254607,-1.5371480453053223,0.12425705975876628,False,3.6763750326233113,0.19027972593078368,6.963318810448982e-13,
song,uniform,0.8,20,3,2013,discovered,1.0,1.0,0.05,70,0.8946712439093243,20,3.425733935257779,15,0.21428571428571427,0.89,0.0,-0.1205232896906594,-0.3379475055692411,0.7354027471480991,False,1.3618727870655587,0.9776521880603535,4.86537032884371e-10,
song,uniform,0.8,20,3,2013,true,1.0,1.0,0.05,24,0.915351403340908,30,4.625176848552388,12,0.5,0.56,0.0,-0.860160178108468,-0.8589408438262166,0.3903731539162446,False,3.4981049745869868,0.2924910732954489,8.526512829121202e-14,
song,uniform,0.8,20,4,2014,discovered,1.0,1.0,0.05,133,0.9265327385933763,1,1.638731354157385,133,1.0,0.06,0.0,-1.9301572142788643,-1.0151872748683088,0.31001656526770704,False,-6.820703856586142,3.4290793916018174,4.699364808402606e-08,
song,uniform,0.8,20,4,2014,true,1.0,1.0,0.05,24,0.8495854165608396,54,5.994733761446963,16,0.6666666666666666,0.41,0.0,-1.1322454479645154,-1.012818657602033,0.3111467871835155,False,4.05838111800221,0.21417409382477134,8.597567102697212e-13,
song,uniform,0.8,20,5,2015,discovered,1.0,1.0,0.05,172,0.9241266302109065,1,1.544621501511532,172,1.0,0.14,0.0,0.0315668429734437,0.017810989965963447,0.9857896374262978,False,-28.026006426945543,6.882876629859052,5.400758709583897e-06,
song,uniform,0.8,20,5,2015,true,1.0,1.0,0.05,24,0.8969696962364218,134,9.546584766470216,16,0.6666666666666666,0.41,0.0,-1.508558310131773,-1.2262661278719562,0.22009854352151537,False,4.9620653418039735,0.11136539579479418,6.110667527536862e-13,
song,uniform,0.8,20,6,2016,discovered,1.0,1.0,0.05,144,0.9278682566838082,2,1.6696045106798325,98,0.6805555555555556,0.02,0.0,-0.3721425902315665,-0.3712414769596095,0.7104576827467013,False,-9.987302319823192,4.213215381402418,2.960860001621768e-09,
song,uniform,0.8,20,6,2016,true,1.0,1.0,0.05,24,0.5502998032119514,69,5.05995166521544,21,0.875,0.0,0.0,-8.180951652952018,-1.9735213542135943,0.048436194091455706,False,4.472893998871507,0.11742105586525367,4.689582056016661e-13,
song,uniform,0.8,20,7,2017,discovered,1.0,1.0,0.05,178,0.9314436449747966,1,1.5904179682730237,178,1.0,0.06,0.0,-1.621431211188268,-0.7931894830312424,0.42766743400229157,False,-10.847892517182412,4.3367847874133485,6.57206555843004e-09,
song,uniform,0.8,20,7,2017,true,1.0,1.0,0.05,24,0.8783611672978264,112,9.131801164129138,10,0.4166666666666667,0.7,0.0,-0.3590148223906158,-0.6344872530917269,0.5257628830191099,False,4.674125403173768,0.17224628986308865,2.8705926524708048e-12,
song,uniform,0.8,21,0,2010,discovered,1.0,1.0,0.05,66,0.9008321082578206,1,1.8112005995423954,66,1.0,0.01,0.0,-3.2383721500474185,-1.4877604748794406,0.1368140727069495,False,-0.5426235631128693,1.4716762157525993,8.810729923425242e-13,
song,uniform,0.8,21,0,2010,true,1.0,1.0,0.05,24,0.7500000401780288,8,3.275293632291062,17,0.7083333333333334,0.55,0.0,-0.9299615341045344,-0.9424040731008263,0.3459858026895316,False,2.1151863733561322,0.5114610204651999,1.2292389328649733e-12,
song,uniform,0.8,21,1,2011,discovered,1.0,1.0,0.05,85,0.8520650922970275,9,4.014995694173996,16,0.18823529411764706,0.43,0.0,-0.3476213837686881,-0.5531594975656516,0.5801541984132644,False,1.792793860066078,0.5482820186674104,2.6977886591339484e-10,
song,uniform,0.8,21,1,2011,true,1.0,1.0,0.05,24,0.8476410815162846,20,5.550811076370669,10,0.4166666666666667,0.58,0.0,-0.31989904406767855,-0.5292373186969388,0.5966408316065888,False,2.88059293278775,0.3172577199105264,1.7763568394002505e-14,
song,uniform,0.8,21,2,2012,discovered,1.0,1.0,0.05,90,0.8968598378926407,1,1.5620640617250023,90,1.0,0.0,0.0,-5.623922137631185,-2.1208737762505496,0.03393242602638152,False,-0.5395460035372739,2.069059697188826,3.254285729781259e-10,
song,uniform,0.8,21,2,2012,true,1.0,1.0,0.05,24,0.7915699185162933,30,4.5545748024590145,20,0.8333333333333334,0.2,0.0,-1.8371767857846164,-1.262006724588913,0.20694636665398647,False,3.5486547809649145,0.2688073984350599,1.6697754290362354e-11,
song,uniform,0.8,21,3,2013,discovered,1.0,1.0,0.05,90,0.9027718784693529,1,1.804421693092474,90,1.0,0.03,0.0,0.8167510986237265,1.0694304730601312,0.2848757422170396,False,-166307.54170004744,409.12865582776476,0.0001229627587235882,
song,uniform,0.8,21,3,2013,true,1.0,1.0,0.05,24,0.780166582020751,27,5.909763122973799,14,0.5833333333333334,0.44,0.0,-0.5490626703960393,-0.663846057274507,0.5067888441704205,False,3.245216061881985,0.27338827763061857,3.325340003357269e-12,
song,uniform,0.8,21,4,2014,discovered,1.0,1.0,0.05,117,0.9073502560427812,1,1.5816185185402731,117,1.0,0.0,0.0,-1.547296827312563,-0.802031119631422,0.4225349571432724,False,-5.974718048862735,3.4842728611300195,4.9719801609171554e-09,
song,uniform,0.8,21,4,2014,true,1.0,1.0,0.05,24,0.7987357768769292,57,8.244952770025876,14,0.5833333333333334,0.68,0.0,-0.03802505004339274,-0.18191078051760562,0.8556527440298711,False,2.786171102209714,0.4552538364464544,2.6129498564841924e-10,
song,uniform,0.8,21,5,2015,discovered,1.0,1.0,0.05,140,0.8972603105138455,3,1.5998743615254618,90,0.6428571428571429,0.0,0.0,-3.4256102403045396,-1.8781895516261946,0.06035523898976183,False,0.0833896249915633,2.3601073164583086,7.877417829149636e-09,
song,uniform,0.8,21,5,2015,true,1.0,1.0,0.05,24,0.8161057637186657,147,9.910667979478966,12,0.5,0.68,0.0,-0.606194719954106,-0.8098172840713335,0.41804519726378286,False,4.995406220192244,0.13794454239732143,1.546851535749738e-11,
song,uniform,0.8,21,6,2016,discovered,1.0,1.0,0.05,141,0.9071007217234658,3,1.6719538050742875,90,0.6382978723404256,0.0,0.0,-5.3225793194757305,-2.2933125531780454,0.021830017032624473,False,1.0569889779366668,1.7525005542273702,1.8189894035458565e-11,
song,uniform,0.8,21,6,2016,true,1.0,1.0,0.05,24,0.7839806328111333,102,9.827962938875428,16,0.6666666666666666,0.51,0.0,-1.8190213793536927,-1.2498453320335698,0.2113560527207573,False,4.69887104259268,0.09928585939940437,1.3661605180459446e-10,
song,uniform,0.8,21,7,2017,discovered,1.0,1.0,0.05,202,0.9545563881276182,1,1.7668831301331887,202,1.0,0.02,0.0,-2.2192554030796954,-1.1867105929711799,0.23534179523835808,False,-23.568218863242848,5.191168408684757,6.16582838119939e-07,
song,uniform,0.8,21,7,2017,true,1.0,1.0,0.05,24,0.8165636039672843,65,3.5196842131974178,24,1.0,0.0,0.0,-7.839517448738708,-2.406978708226519,0.016085107616083717,False,4.552074989129707,0.20881418226389017,2.5849544726952445e-11,
song,uniform,0.8,22,0,2010,discovered,1.0,1.0,0.05,63,0.8886638648001618,4,2.7109556406443036,21,0.3333333333333333,0.16,0.0,-0.9296933103123679,-1.0383986759267982,0.2990844857508994,False,1.2570674057381412,0.7348138279837824,6.963318810448982e-13,
song,uniform,0.8,22,0,2010,true,1.0,1.0,0.05,24,0.8749259637730141,6,2.653388885647387,24,1.0,0.12,0.0,-2.5201913010561006,-1.429911274585685,0.1527424856903845,False,2.12881422720952,0.5336940909170781,1.2789769243681803e-13,
song,uniform,0.8,22,1,2011,discovered,1.0,1.0,0.05,90,0.9234971072401276,1,1.8111716830468407,90,1.0,0.34,0.0,-1.1854521526017834,-0.8386820257983212,0.4016477673355876,False,-5.279841400175909,2.6563676360355295,1.1092140539403772e-09,
song,uniform,0.8,22,1,2011,true,1.0,1.0,0.05,24,0.8252425129133278,25,5.344440809703048,10,0.4166666666666667,0.92,0.0,-0.1675170615331738,-0.4034140201595577,0.6866436744654981,False,2.8198624252522673,0.4224292618355289,1.4637180356658064e-12,
song,uniform,0.8,22,2,2012,discovered,1.0,1.0,0.05,108,0.9227938064275768,1,1.6575738758215137,108,1.0,0.16,0.0,-1.9145507184120807,-1.096019940386683,0.2730700482141022,False,-5.134466317973124,3.0281407927817736,1.920966496982146e-09,
song,uniform,0.8,22,2,2012,true,1.0,1.0,0.05,24,0.8321719019355792,30,4.2207893162096575,21,0.875,0.06,0.0,-2.214973607811257,-1.2212756212126037,0.22198168056544632,False,3.588716313731762,0.2796486071041821,1.3926637620897964e-12,
song,uniform,0.8,22,3,2013,discovered,1.0,1.0,0.05,85,0.8241834059490817,20,4.706414466536346,15,0.17647058823529413,0.53,0.0,-0.41538624359408294,-0.6288060787537825,0.5294760199184864,False,2.7905367152109912,0.41245869897153775,6.110667527536862e-13,
song,uniform,0.8,22,3,2013,true,1.0,1.0,0.05,24,0.6512180915200139,30,6.054828850635176,11,0.4583333333333333,0.71,0.0,-0.6553546660408611,-0.8435191917436198,0.39893813692471336,False,3.4410052758354297,0.22558772116090545,5.577760475716786e-13,
song,uniform,0.8,22,4,2014,discovered,1.0,1.0,0.05,132,0.9304681297575904,1,1.6080262463823987,132,1.0,0.04,0.0,-2.634101410300083,-1.4281076986651278,0.15326086193929953,False,-6.597632192146447,3.4976780762941475,1.6558487914153375e-08,
song,uniform,0.8,22,4,2014,true,1.0,1.0,0.05,24,0.7459937175959498,70,9.988456383502827,10,0.4166666666666667,0.77,0.0,-0.31067761411016903,-0.4677660122081573,0.6399519284791293,False,4.186033628755531,0.1640128874022338,2.3163693185779266e-12,
song,uniform,0.8,22,5,2015,discovered,1.0,1.0,0.05,142,0.8823474065887487,1,1.4378852413529926,142,1.0,0.0,0.0,-9.179032833523808,-2.7837723311542066,0.005373073472367732,False,-0.8044213386011314,2.750108909657588,2.6079760573338717e-10,
song,uniform,0.8,22,5,2015,true,1.0,1.0,0.05,24,0.7308825000509702,104,4.221961591911759,24,1.0,0.0,0.0,-9.6353177074472,-2.37834600652155,0.017390499038254632,False,4.946627823030989,0.14578614716244206,1.2931877790833823e-12,
song,uniform,0.8,22,6,2016,discovered,1.0,1.0,0.05,161,0.9515502615054348,1,1.589946823091177,161,1.0,0.0,0.0,-3.391198953568141,-1.4306348170423604,0.15253490349074517,False,-5.977134211236386,3.444116725519069,1.2448708730516955e-10,
song,uniform,0.8,22,6,2016,true,1.0,1.0,0.05,24,0.8833213119889911,74,4.529092375647807,24,1.0,0.29,0.0,-1.4006338297315688,-0.9460752968445568,0.3441101825482068,False,4.35547885331585,0.32868294301175716,4.121147867408581e-12,
song,uniform,0.8,22,7,2017,discovered,1.0,1.0,0.05,140,0.8535856308552178,1,1.4809385542187483,140,1.0,0.0,0.0,-2.367171805366503,-0.9898096048766666,0.32226718925428743,False,-4.863353926992714,3.7278267023142138,8.155893738148734e-10,
song,uniform,0.8,22,7,2017,true,1.0,1.0,0.05,24,0.7854715700293737,84,7.773465912145591,20,0.8333333333333334,0.14,0.0,-2.27377026472219,-1.2148133496803917,0.22443728808061758,False,4.526973011564266,0.12934085711805665,8.526512829121202e-14,
song,uniform,0.8,23,0,2010,discovered,1.0,1.0,0.05,67,0.8980323767275572,1,1.9738912119452068,67,1.0,0.14,0.0,-0.02854757127059626,-0.04125776484351448,0.9670904031528399,False,-20.79506170697759,4.286356057755441,6.45988336600567e-07,
song,uniform,0.8,23,0,2010,true,1.0,1.0,0.05,23,0.706803838201105,13,5.058318757194489,12,0.5217391304347826,0.72,0.0,-0.17484271759634495,-0.4583346313619995,0.6467120472031239,False,2.0544932041932578,0.47063063224246315,2.085442929455894e-12,
song,uniform,0.8,23,1,2011,discovered,1.0,1.0,0.05,74,0.8898379833452731,15,4.873986820902134,11,0.14864864864864866,0.95,0.0,-0.21605117524083273,-0.4626287829069982,0.6436304737382725,False,2.3482836693445184,0.445096656979281,1.2434497875801753e-12,
song,uniform,0.8,23,1,2011,true,1.0,1.0,0.05,24,0.5856046646270139,17,4.400704983779765,15,0.625,0.42,0.0,-1.571706858370912,-1.0253537984023908,0.3051962797807155,False,3.0086845211098785,0.2629206833125799,1.8616219676914625e-12,
song,uniform,0.8,23,2,2012,discovered,1.0,1.0,0.05,104,0.9477107434358277,1,1.7493036210557378,104,1.0,0.41,0.0,-0.7110685107479178,-0.5763844219464814,0.5643553715710342,False,-14.995632956765022,4.294941831483192,3.863306119455956e-09,
song,uniform,0.8,23,2,2012,true,1.0,1.0,0.05,24,0.7346472457093115,41,7.7988274380008695,12,0.5,0.59,0.0,-0.14714312158278897,-0.38368593712466476,0.7012112368879488,False,3.3478422553954026,0.3004934796577611,1.3066880910628242e-11,
song,uniform,0.8,23,3,2013,discovered,1.0,1.0,0.05,97,0.950596457806781,1,1.8960630841103199,97,1.0,0.66,0.0,-0.38567659034416946,-0.4214357969455664,0.6734368841911496,False,-43.169220486945946,6.3372515525661655,9.835440721417399e-06,
song,uniform,0.8,23,3,2013,true,1.0,1.0,0.05,24,0.4769648821324693,24,4.70521748757291,19,0.7916666666666666,0.24,0.0,-2.4499166357273703,-1.3882901747753371,0.16504870284589812,False,3.367521118734915,0.22137686768953865,2.8421709430404007e-13,
song,uniform,0.8,23,4,2014,discovered,1.0,1.0,0.05,113,0.889408337815388,1,1.581897455089713,113,1.0,0.0,0.0,-0.637164197108208,-0.41595977350652985,0.6774394391102907,False,-11.11945637844352,4.425176629176871,6.407793762264191e-08,
song,uniform,0.8,23,4,2014,true,1.0,1.0,0.05,24,0.9008763519249073,51,6.09148436381793,18,0.75,0.47,0.0,-0.12297277268000828,-0.3843464057028685,0.7007217175474101,False,3.0595751146127697,0.48823786696096955,8.057554623519536e-12,
song,uniform,0.8,23,5,2015,discovered,1.0,1.0,0.05,113,0.8644828811540776,2,1.4959226426287922,91,0.8053097345132744,0.0,0.0,-3.805322934036597,-1.6378400531344142,0.1014550638500403,False,-0.2862045567994678,2.710512478684676,1.406704086548416e-09,
song,uniform,0.8,23,5,2015,true,1.0,1.0,0.05,24,0.7614274544379226,118,6.279943761938799,22,0.9166666666666666,0.0,0.0,-4.297564474275967,-1.5409730347350359,0.12332334892395884,False,4.933006975870741,0.1296321087808513,4.814637577510439e-11,
song,uniform,0.8,23,6,2016,discovered,1.0,1.0,0.05,161,0.9317645226463267,1,1.6168432677632176,161,1.0,0.0,0.0,-3.212668244992786,-1.5549422321089181,0.11995982806586392,False,-8.484025042186653,3.81210084690354,1.0253296522932942e-07,
song,uniform,0.8,23,6,2016,true,1.0,1.0,0.05,24,0.7733123919070253,85,8.099132375658701,19,0.7916666666666666,0.6,0.0,-0.47722129982849903,-0.6322752527798541,0.5272070314752344,False,4.314767970231383,0.2249440073641744,3.5762610650635906e-09,
song,uniform,0.8,23,7,2017,discovered,1.0,1.0,0.05,149,0.9210757307514406,1,1.583364053088009,149,1.0,0.37,0.0,-0.7057387184651986,-0.45944983411911156,0.6459111688409157,False,-24.30734413984827,6.189725236437459,2.0232319570823165e-06,
song,uniform,0.8,23,7,2017,true,1.0,1.0,0.05,24,0.9244934301016221,90,7.306739490943911,14,0.5833333333333334,0.5,0.0,-0.35097968543052716,-0.5575315916033023,0.5771642807826518,False,4.355114307486547,0.2535170599507539,5.9330318435968366e-12,
song,uniform,0.8,24,0,2010,discovered,1.0,1.0,0.05,58,0.8727104926505667,1,1.7354417512661808,58,1.0,0.01,0.0,-3.7131658719451126,-1.6256937729048593,0.10401481541198274,False,-0.16478380928495334,1.4576828274304436,2.5153212845907547e-12,
song,uniform,0.8,24,0,2010,true,1.0,1.0,0.05,24,0.7488224496671247,9,3.8981425502722318,18,0.75,0.27,0.0,-0.49597767606460774,-0.6067819424438857,0.5439956333743823,False,1.9236474558434544,0.5227186298888278,1.5916157281026244e-12,
song,uniform,0.8,24,1,2011,discovered,1.0,1.0,0.05,81,0.9090796632741794,1,1.7272049832069187,81,1.0,0.06,0.0,-2.5784712318915712,-1.3145354105241607,0.1886660897503235,False,-1.8328060666197357,2.045297780726007,1.0800249583553523e-12,
song,uniform,0.8,24,1,2011,true,1.0,1.0,0.05,24,0.8079778117767118,19,4.6439300079466355,16,0.6666666666666666,0.53,0.0,-0.6764932529622634,-0.793155196748769,0.42768740723101895,False,2.898677986717415,0.3572072240265321,1.0658141036401503e-12,
song,uniform,0.8,24,2,2012,discovered,1.0,1.0,0.05,89,0.8422332076098749,1,1.5030723758054885,89,1.0,0.0,0.0,-11.294064813755735,-2.875401542072451,0.004035139715782002,False,0.8246991917567178,1.6337877070209692,4.9396930990042165e-11,
song,uniform,0.8,24,2,2012,true,1.0,1.0,0.05,24,0.8490570912686287,29,4.809002634935059,17,0.7083333333333334,0.18,0.0,-1.059591550595456,-0.813708098233,0.4158121937852237,False,3.429456773240265,0.29447912160916134,3.552713678800501e-14,
song,uniform,0.8,24,3,2013,discovered,1.0,1.0,0.05,74,0.8290225343338229,1,1.5284835809967217,74,1.0,0.0,0.0,-6.090601482635524,-1.9522346514571816,0.05091035194115848,False,0.21269444977758897,1.870294639479585,1.404032445861958e-11,
song,uniform,0.8,24,3,2013,true,1.0,1.0,0.05,24,0.6187474145998504,13,2.3254068543996276,23,0.9583333333333334,0.0,0.0,-9.49268224187291,-2.39424225161317,0.016654744584974582,False,3.2854496376955913,0.3437408152230011,1.5631940186722204e-13,
song,uniform,0.8,24,4,2014,discovered,1.0,1.0,0.05,132,0.9444510393025468,1,1.675082759193979,132,1.0,0.07,0.0,-1.6284229429303032,-1.071064407413385,0.2841404706051086,False,-15.963808205894031,4.695370445091653,6.938149113011605e-07,
song,uniform,0.8,24,4,2014,true,1.0,1.0,0.05,24,0.7970098530782411,64,9.512910136478345,14,0.5833333333333334,0.51,0.0,-0.22961152376684213,-0.4070795384122698,0.6839495711306294,False,3.953066596513053,0.21765148279936875,4.973799150320701e-14,
song,uniform,0.8,24,5,2015,discovered,1.0,1.0,0.05,169,0.9335419784616228,1,1.5386318225342055,169,1.0,0.03,0.0,-1.1968996296356664,-0.6064042187395227,0.5442463677334758,False,-14.961374348996447,5.254676081342536,3.2482660117238993e-07,
song,uniform,0.8,24,5,2015,true,1.0,1.0,0.05,24,0.7887733390647802,126,7.81184374081174,19,0.7916666666666666,0.37,0.0,-1.6473559768391897,-1.13532088397527,0.25624089509514625,False,4.909034932915615,0.14480352144950515,3.552713678800501e-13,
song,uniform,0.8,24,6,2016,discovered,1.0,1.0,0.05,120,0.8578848124150927,1,1.4855745460072423,120,1.0,0.0,0.0,-1.5150595572746202,-0.6532020020972903,0.5136260596968409,False,-5.098911438116529,3.7605304110499427,3.165666839777259e-09,
song,uniform,0.8,24,6,2016,true,1.0,1.0,0.05,24,0.7166161588106454,65,3.871349815424411,23,0.9583333333333334,0.0,0.0,-8.082813703024748,-2.3656835646351304,0.01799681912500796,False,4.508620333314598,0.17599767453306805,1.6555645743210334e-11,
song,uniform,0.8,24,7,2017,discovered,1.0,1.0,0.05,132,0.9340848466671227,3,1.815930279556838,80,0.6060606060606061,0.03,0.0,0.4937796972775832,1.4663761194287477,0.14254584845676999,False,-148755.58149724116,411.53954503411,0.00012892948052467545,
song,uniform,0.8,24,7,2017,true,1.0,1.0,0.05,24,0.8288806887558601,87,6.175812091447692,21,0.875,0.16,0.0,-1.9848762373712932,-1.1740711972864233,0.24036650910622204,False,4.571898355807914,0.18352718915871274,5.115907697472721e-13,
song,uniform,0.8,25,0,2010,discovered,1.0,1.0,0.05,66,0.8750480379454523,1,1.8454628543663192,66,1.0,0.1,0.0,-1.3026207229368563,-0.915546328210554,0.3599048929385894,False,-2.7232821973646253,2.0493915941029037,5.744595910073258e-10,
song,uniform,0.8,25,0,2010,true,1.0,1.0,0.05,23,0.634320582462902,12,3.611708000394258,13,0.5652173913043478,0.41,0.0,-0.7293459723229851,-0.8066844927907385,0.41984828056810697,False,2.531279854823829,0.4441059529958237,9.947598300641403e-14,
song,uniform,0.8,25,1,2011,discovered,1.0,1.0,0.05,78,0.903400453622457,1,1.6840648426069336,78,1.0,0.01,0.0,-2.4999959108353083,-1.2470807736345046,0.21236788187766198,False,-1.890844651953086,2.1643294509716315,4.0171244108933024e-10,
song,uniform,0.8,25,1,2011,true,1.0,1.0,0.05,24,0.7347580549604635,20,5.532327409622849,14,0.5833333333333334,0.33,0.0,-1.0620615791875925,-0.9122431473107699,0.3616407350974987,False,3.083666488610388,0.2263652149815826,3.694822225952521e-13,
song,uniform,0.8,25,2,2012,discovered,1.0,1.0,0.05,100,0.8873087309381725,1,1.602103196157603,100,1.0,0.0,0.0,-2.6246098826533197,-1.3619623012446351,0.17320978274887633,False,-3.270554117117565,2.7814067654233625,3.511786417220719e-10,
song,uniform,0.8,25,2,2012,true,1.0,1.0,0.05,24,0.6639329125395831,37,7.996740889089384,15,0.625,0.25,0.0,-3.088136692549827,-1.6304812678033949,0.10299982108255402,False,3.7350005226927143,0.09425012498194947,2.1316282072803006e-14,
song,uniform,0.8,25,3,2013,discovered,1.0,1.0,0.05,76,0.8342253522758216,19,3.7689954486823023,17,0.2236842105263158,0.56,0.0,-0.0988306344354033,-0.2817564955748387,0.7781302314063249,False,1.0581155829124649,0.9469484374468824,1.2380496627883986e-10,
song,uniform,0.8,25,3,2013,true,1.0,1.0,0.05,24,0.8875892648130574,19,3.5384067543462265,18,0.75,0.09,0.0,-2.44054052758374,-1.4580488585324258,0.14482707631477248,False,3.22710025628259,0.316024773838622,1.2008172234345693e-12,
song,uniform,0.8,25,4,2014,discovered,1.0,1.0,0.05,137,0.9424662816588681,2,1.7615998900067993,93,0.6788321167883211,0.03,0.0,-2.6831565149943017,-1.5360537894078665,0.1245251885397641,False,-1.057633550656643,2.09534060733345,8.526512829121202e-11,
song,uniform,0.8,25,4,2014,true,1.0,1.0,0.05,24,0.7909884193580339,66,9.873941646884862,10,0.4166666666666667,0.38,0.0,-0.4576856170213466,-0.5913887240072627,0.5542599938878554,False,4.18297779771982,0.14335058327398262,2.7000623958883807e-13,
song,uniform,0.8,25,5,2015,discovered,1.0,1.0,0.05,198,0.944151241839889,1,1.5770655607372634,198,1.0,0.0,0.0,-3.3437089220714658,-1.392123813848683,0.16388490812544065,False,-8.508484866188754,3.991169948811197,2.2244194042286836e-08,
song,uniform,0.8,25,5,2015,true,1.0,1.0,0.05,24,0.8699718721507819,138,9.437866625192324,17,0.7083333333333334,0.63,0.0,-1.0108390727553158,-0.8742083968334162,0.3820047740602859,False,4.951273899511849,0.13653071437798628,7.247535904753022e-13,
song,uniform,0.8,25,6,2016,discovered,1.0,1.0,0.05,169,0.9349166771359443,1,1.6142480934105625,169,1.0,0.0,0.0,-2.559198560846138,-1.3676415259105348,0.17142431148101533,False,-10.658700151292656,4.192773546120485,2.510358854124206e-08,
song,uniform,0.8,25,6,2016,true,1.0,1.0,0.05,24,0.8659674142937833,89,9.455290340989976,13,0.5416666666666666,0.79,0.0,-0.05214832592506191,-0.26219919074184217,0.7931678772682138,False,3.6816751739385563,0.3471328724022604,1.2260414905540529e-10,
song,uniform,0.8,25,7,2017,discovered,1.0,1.0,0.05,161,0.9280376553462146,1,1.570913066542687,161,1.0,0.18,0.0,-2.2416504545281573,-1.1126199817054727,0.2658716749568737,False,-8.92703238517132,4.098077410690898,1.653006620472297e-10,
song,uniform,0.8,25,7,2017,true,1.0,1.0,0.05,24,0.7574416697779243,89,8.515771436512393,19,0.7916666666666666,0.24,0.0,-0.8958267608227319,-0.7916297327219014,0.428576604957134,False,4.484701388102014,0.16773817056006415,1.2079226507921703e-12,
song,uniform,0.8,26,0,2010,discovered,1.0,1.0,0.05,67,0.9125436363448457,1,2.0839488546834386,67,1.0,0.43,0.0,-1.052284498985405,-0.9718987776240356,0.3311009079783722,False,-3.1195586726554834,1.8101628103088203,6.623679382755654e-11,
song,uniform,0.8,26,0,2010,true,1.0,1.0,0.05,24,0.6761541539823006,7,2.7876562178752873,19,0.7916666666666666,0.04,0.0,-2.679113306674694,-1.4937644016095133,0.13523720901399516,False,2.341207347640374,0.43278729429446394,1.4210854715202004e-14,
song,uniform,0.8,26,1,2011,discovered,1.0,1.0,0.05,81,0.8323761497312536,1,1.5958045437932737,81,1.0,0.01,0.0,-2.8589359506803866,-1.2086348531650803,0.22680316017148727,False,-1.4650979022336537,2.2901819559035275,9.379164112033322e-13,
song,uniform,0.8,26,1,2011,true,1.0,1.0,0.05,24,0.7065643753096061,22,6.463744811337157,14,0.5833333333333334,0.65,0.0,-0.9678084394888442,-0.8705633220291439,0.38399263043377985,False,3.1520666828461072,0.19499555010307343,1.4921397450962104e-13,
song,uniform,0.8,26,2,2012,discovered,1.0,1.0,0.05,74,0.845084439729736,1,1.4934016881243604,74,1.0,0.0,0.0,-5.446283451726673,-1.8033833459640007,0.07132803128495213,False,0.004457409022582501,2.1219397391199086,3.75734998669941e-11,
song,uniform,0.8,26,2,2012,true,1.0,1.0,0.05,24,0.8126312211226419,33,5.462259681285307,13,0.5416666666666666,0.78,0.0,-0.3604824668371638,-0.5869583046225509,0.5572317101359319,False,3.328201791201189,0.3438408088935911,2.1955770534987096e-12,
song,uniform,0.8,26,3,2013,discovered,1.0,1.0,0.05,87,0.9006275536497075,1,1.6274579970183032,87,1.0,0.04,0.0,-4.412441112254893,-1.767780336951578,0.0770976333561862,False,-0.8492420033319221,1.978828901010424,1.8172841009800322e-10,
song,uniform,0.8,26,3,2013,true,1.0,1.0,0.05,24,0.8143787737329208,16,3.03062956245595,20,0.8333333333333334,0.18,0.0,-2.129880551075746,-1.2796030866822083,0.20068476374507893,False,3.0666085305554858,0.44017443881792667,6.195932655828074e-12,
song,uniform,0.8,26,4,2014,discovered,1.0,1.0,0.05,128,0.9132312417865355,1,1.5888653524823229,128,1.0,0.01,0.0,-1.171849957402058,-0.652111560627165,0.5143292067809955,False,-8.577999028992796,3.9569809083361096,2.5696181182865985e-08,
song,uniform,0.8,26,4,2014,true,1.0,1.0,0.05,24,0.5882448414230427,68,9.169555958653085,12,0.5,0.44,0.0,-2.149528497842346,-1.2219023833699005,0.22174454406078437,False,4.321333177306538,0.08693963532440149,2.0463630789890885e-12,
song,uniform,0.8,26,5,2015,discovered,1.0,1.0,0.05,162,0.9152737121812768,2,1.588566669552159,120,0.7407407407407407,0.01,0.0,-2.87608110485721,-1.62486348077347,0.10419165110112062,False,-2.3847810559972817,2.9701709546204436,9.864095318334876e-09,
song,uniform,0.8,26,5,2015,true,1.0,1.0,0.05,24,0.7125020489516691,124,8.678428004574734,18,0.75,0.23,0.0,-1.3921492706886722,-0.8734652728653474,0.38240952669974826,False,4.874589165969772,0.13472495011675079,1.830358087318018e-11,
song,uniform,0.8,26,6,2016,discovered,1.0,1.0,0.05,144,0.9376007250695046,3,1.7660349183401143,84,0.5833333333333334,0.17,0.0,-1.3126483421110322,-1.078368462444717,0.2808693554203844,False,-2.2758310355557794,2.5807479196666283,4.297362465877086e-11,
song,uniform,0.8,26,6,2016,true,1.0,1.0,0.05,24,0.7979421596069338,91,8.479224334025773,16,0.6666666666666666,0.6,0.0,-0.477508071683876,-0.6490637327450796,0.5162971824755307,False,4.427090666154754,0.2005001728523291,4.5887844635217334e-09,
song,uniform,0.8,26,7,2017,discovered,1.0,1.0,0.05,166,0.9297047770788951,1,1.6464227598933454,166,1.0,0.13,0.0,0.9587974983957999,0.7414218613391523,0.4584376933599812,False,-178087.83164394513,475.9307421726939,0.0004946533022121002,
song,uniform,0.8,26,7,2017,true,1.0,1.0,0.05,24,0.7587223162532356,93,8.387045977235587,15,0.625,0.39,0.0,-0.5647838368651792,-0.6414004369484094,0.521262549163612,False,4.492194087706311,0.1861303132584928,4.263256414560601e-14,
song,uniform,0.8,27,0,2010,discovered,1.0,1.0,0.05,68,0.8933069661477185,1,1.8583028626865585,68,1.0,0.09,0.0,-3.3367398366357772,-1.616444640591704,0.1059982133543543,False,-0.4956663705036364,1.3821716593477387,2.809485977195436e-11,
song,uniform,0.8,27,0,2010,true,1.0,1.0,0.05,24,0.7063956061073384,11,5.567939305698445,15,0.625,0.51,0.0,-0.3942346223695208,-0.6553419739602482,0.5122476019466942,False,2.2223721584687937,0.33415765195134095,7.567280135845067e-13,
song,uniform,0.8,27,1,2011,discovered,1.0,1.0,0.05,66,0.8526393327689595,1,1.5456786766220358,66,1.0,0.0,0.0,-6.968841824825652,-2.1759365475364474,0.029560005507314427,False,0.55347373459894,1.6206308511219407,1.4523493518936448e-11,
song,uniform,0.8,27,1,2011,true,1.0,1.0,0.05,24,0.6120162538209911,25,5.683610485538716,11,0.4583333333333333,0.5,0.0,-0.7127517620889261,-0.7375889051538495,0.46076429951399456,False,3.277331224540384,0.23478969798726854,9.237055564881302e-13,
song,uniform,0.8,27,2,2012,discovered,1.0,1.0,0.05,103,0.9171900796180563,1,1.6643722953379048,103,1.0,0.04,0.0,-2.4013784563536786,-1.2966965375119928,0.19473562117900856,False,-3.6145882644556897,2.667395404582776,1.6831336324685253e-10,
song,uniform,0.8,27,2,2012,true,1.0,1.0,0.05,24,0.7337864424666468,32,5.7385101667672105,17,0.7083333333333334,0.75,0.0,-0.06750141045319857,-0.2775761109504753,0.7813377724489854,False,1.9971994063775407,0.6214351192521337,4.923350616081734e-10,
song,uniform,0.8,27,3,2013,discovered,1.0,1.0,0.05,91,0.8958604422704102,1,1.8395652964449996,91,1.0,0.03,0.0,1.365606985787014,1.9067730912489662,0.05654997731556322,False,-315986.9679325172,552.0017604775351,0.0005856572788616177,
song,uniform,0.8,27,3,2013,true,1.0,1.0,0.05,24,0.7068735670319666,19,3.479341334501253,21,0.875,0.03,0.0,-3.50299741638313,-1.5055447220845872,0.13218408800326087,False,3.265139449841387,0.29390419719495786,5.684341886080802e-14,
song,uniform,0.8,27,4,2014,discovered,1.0,1.0,0.05,104,0.8640285532906706,1,1.4810493258179294,104,1.0,0.0,0.0,-6.128446015320947,-1.9985403745774963,0.045658107295110134,False,-0.6479784253294743,2.456406675244942,2.523847797419876e-11,
song,uniform,0.8,27,4,2014,true,1.0,1.0,0.05,24,0.6891518330710535,55,7.158675583851552,20,0.8333333333333334,0.16,0.0,-0.8189083898740801,-0.8391697214900836,0.40137407572531403,False,3.975828074311336,0.21570506128677108,4.54036808150704e-11,
song,uniform,0.8,27,5,2015,discovered,1.0,1.0,0.05,186,0.926925686461485,1,1.5858756307550146,186,1.0,0.0,0.0,0.9477443677848818,0.6491168222838619,0.5162628692984379,False,-132.49174801802417,13.83475878732809,0.008755179645845601,
song,uniform,0.8,27,5,2015,true,1.0,1.0,0.05,24,0.7924393839382401,98,4.989068175514656,23,0.9583333333333334,0.0,0.0,-5.510240136604124,-1.9358530681097066,0.05288569917272312,False,4.811657072071171,0.15514500626871386,4.547473508864641e-13,
song,uniform,0.8,27,6,2016,discovered,1.0,1.0,0.05,185,0.9577369715194731,2,1.798299734606294,112,0.6054054054054054,0.04,0.0,0.12721230092360436,0.1586785296056847,0.8739221547289747,False,-25.709376050883616,5.65656172807067,1.9420093622102286e-06,
song,uniform,0.8,27,6,2016,true,1.0,1.0,0.05,24,0.8714878922617157,77,6.646109105514837,22,0.9166666666666666,0.14,0.0,-1.2026511617844635,-0.9240011551049395,0.3554857143944463,False,4.365348719395681,0.21065144290615345,1.8474111129762605e-13,
song,uniform,0.8,27,7,2017,discovered,1.0,1.0,0.05,109,0.8628195481063786,3,1.543796219176599,71,0.6513761467889908,0.0,0.0,-3.6696036494945123,-1.694426001411152,0.09018436211784793,False,0.8979057084847798,2.252170681848843,2.830802259268239e-10,
song,uniform,0.8,27,7,2017,true,1.0,1.0,0.05,24,0.7561193569742419,101,8.419040707301184,20,0.8333333333333334,0.79,0.0,-0.7990537918610787,-0.8102298678696691,0.4178080742906072,False,4.585055351032414,0.18124379368315374,9.379164112033322e-13,
song,uniform,0.8,28,0,2010,discovered,1.0,1.0,0.05,64,0.9045906347449341,5,2.9218760055970585,16,0.25,0.42,0.0,-0.9616857519370519,-0.9315652932153841,0.35156122650190225,False,1.6860400267712974,0.5760874711377135,4.376943252282217e-12,
song,uniform,0.8,28,0,2010,true,1.0,1.0,0.05,23,0.6159730828008881,13,5.281336603660563,11,0.4782608695652174,0.79,0.0,-0.10771838729399441,-0.30668126899025727,0.759085988372617,False,1.8225810821365094,0.5096211907229075,6.117772954894463e-11,
song,uniform,0.8,28,1,2011,discovered,1.0,1.0,0.05,83,0.9007263946552622,1,1.691096430830313,83,1.0,0.16,0.0,-3.0407092030542415,-1.4935478620644558,0.1352938355390849,False,-1.5939821954930071,2.0577860189376875,1.6908074940147344e-10,
song,uniform,0.8,28,1,2011,true,1.0,1.0,0.05,24,0.5923998458501839,25,7.49147914885221,10,0.4166666666666667,0.69,0.0,-0.5691779323731065,-0.7779103704887923,0.4366218541476403,False,3.2449203585828714,0.17781163372405262,4.0252245980809676e-12,
song,uniform,0.8,28,2,2012,discovered,1.0,1.0,0.05,110,0.9225428949874751,1,1.6873096933122589,110,1.0,0.01,0.0,-3.6104553290851786,-1.7518072548794292,0.07980695631036092,False,-2.3533586075496222,2.2829392742601633,4.0051872929325327e-10,
song,uniform,0.8,28,2,2012,true,1.0,1.0,0.05,24,0.7326983346864014,32,6.533052071017187,19,0.7916666666666666,0.55,0.0,-1.0751346616308033,-1.0518124538428133,0.29288560408436415,False,3.493826058170254,0.2104129670990564,6.110667527536862e-13,
song,uniform,0.8,28,3,2013,discovered,1.0,1.0,0.05,98,0.90655647547025,1,1.6482764587548946,98,1.0,0.03,0.0,-3.4558938767324596,-1.6688566440898898,0.09514579370435394,False,-2.0823696822550994,2.3130221572397285,3.5279867915960494e-10,
song,uniform,0.8,28,3,2013,true,1.0,1.0,0.05,24,0.5402604030172022,30,9.833487892262319,11,0.4583333333333333,0.49,0.0,-0.6576499775944611,-0.8067775619206357,0.41979464868521965,False,3.4265040716842368,0.1280058821968638,3.197442310920451e-14,
song,uniform,0.8,28,4,2014,discovered,1.0,1.0,0.05,141,0.9510459497959632,1,1.7593040106361568,141,1.0,0.9,0.0,-0.1822275657602077,-0.15587261526864662,0.8761334312880259,False,-76.9249916573056,9.18262466360846,0.0006139210996707334,
song,uniform,0.8,28,4,2014,true,1.0,1.0,0.05,24,0.748277204388156,45,4.603945464940816,20,0.8333333333333334,0.07,0.0,-2.7689569723422416,-1.493661780623771,0.13526404279824164,False,4.011028689344817,0.2221168113805394,5.030642569181509e-12,
song,uniform,0.8,28,5,2015,discovered,1.0,1.0,0.05,180,0.9315138459479202,1,1.5671174559736776,180,1.0,0.26,0.0,-0.0649761305998684,-0.04035609884183136,0.9678092297639492,False,-51.49088841492686,8.917848317677798,0.00013800275928588235,
song,uniform,0.8,28,5,2015,true,1.0,1.0,0.05,24,0.8647735309150314,106,5.971123079292226,22,0.9166666666666666,0.15,0.0,-2.3286811856611287,-1.337807724503756,0.18095912318804397,False,4.786926539331331,0.18213666280802956,3.836930773104541e-13,
song,uniform,0.8,28,6,2016,discovered,1.0,1.0,0.05,149,0.931107590643958,1,1.5859519686482328,149,1.0,0.28,0.0,-0.9968060727995303,-0.5830986094285402,0.5598269197938716,False,-15.093344298483764,5.004133434354635,3.782668045460014e-08,
song,uniform,0.8,28,6,2016,true,1.0,1.0,0.05,24,0.9034028286999168,79,6.486773320808722,17,0.7083333333333334,0.82,0.0,-0.40145914481715295,-0.5888728172635814,0.5559465937477346,False,4.183543653606005,0.2977294487025362,1.1640111097221961e-10,
song,uniform,0.8,28,7,2017,discovered,1.0,1.0,0.05,156,0.9398649728627465,2,1.727407954750475,110,0.7051282051282052,0.03,0.0,-1.5431031478357475,-1.074685623683074,0.28251550234084466,False,-3.7720459403250484,2.8651965715442818,2.0530592337308917e-08,
song,uniform,0.8,28,7,2017,true,1.0,1.0,0.05,24,0.8365340846353737,83,9.748913610773258,16,0.6666666666666666,0.86,0.0,0.00036765626772705673,0.25684658742783795,0.7972972045680817,False,-24697.647548873705,52.99593467715203,4.124114639125764e-06,
song,uniform,0.8,29,0,2010,discovered,1.0,1.0,0.05,59,0.8691441481633143,7,4.391178720936426,12,0.2033898305084746,0.83,0.0,-0.2360340951793094,-0.46421732980117303,0.6424920463847522,False,1.5376280166303955,0.49859790929302367,2.1671553440683056e-13,
song,uniform,0.8,29,0,2010,true,1.0,1.0,0.05,24,0.6429905607696433,10,3.9497174750619433,17,0.7083333333333334,0.2,0.0,-0.9264054086234204,-0.8795732249359953,0.37909054894385963,False,2.3361674236274004,0.394539644213082,1.8260948309034575e-12,
song,uniform,0.8,29,1,2011,discovered,1.0,1.0,0.05,81,0.9058091171912029,1,1.8163570173014587,81,1.0,0.08,0.0,0.32261878513590103,0.4184300023587947,0.6756327545170631,False,-59.59219550216464,7.803324418293809,4.6444943905044056e-05,
song,uniform,0.8,29,1,2011,true,1.0,1.0,0.05,24,0.791506902085845,24,7.476383312590857,10,0.4166666666666667,0.64,0.0,-0.15538598973890627,-0.46272569092609345,0.6435610009037389,False,2.889828139362554,0.28895876361436695,2.5011104298755527e-12,
song,uniform,0.8,29,2,2012,discovered,1.0,1.0,0.05,105,0.9127507921924808,1,1.6536300449512087,105,1.0,0.17,0.0,-2.4344175501403225,-1.2765642696129589,0.2017561230971472,False,-3.6008872731378476,2.6962658579275534,2.1924506654613651e-10,
song,uniform,0.8,29,2,2012,true,1.0,1.0,0.05,24,0.7602756501090492,25,3.7108140935632425,20,0.8333333333333334,0.08,0.0,-1.1032613523812236,-0.9196582441006746,0.35775137957402114,False,3.261848052683464,0.43536244676820635,1.0231815394945443e-12,
song,uniform,0.8,29,3,2013,discovered,1.0,1.0,0.05,105,0.9265955522913644,1,1.7752333478861206,105,1.0,0.06,0.0,-0.45786793574800755,-0.37695182676008093,0.7062094052360066,False,-13.008974221770062,3.9561760086460644,4.071048920195608e-08,
song,uniform,0.8,29,3,2013,true,1.0,1.0,0.05,24,0.8244802002846857,30,5.962711164642455,12,0.5,0.52,0.0,-0.8063618040142932,-0.8579029988083,0.39094602819409696,False,3.46253058850888,0.21885808358985198,8.100187187665142e-13,
song,uniform,0.8,29,4,2014,discovered,1.0,1.0,0.05,135,0.9163362010715549,1,1.6819610093712207,135,1.0,0.04,0.0,0.4774612705897492,0.45200883024928457,0.6512626211079536,False,-160359.18979196565,438.59053593821415,0.00017142669366876362,
song,uniform,0.8,29,4,2014,true,1.0,1.0,0.05,24,0.8259699503850126,45,4.1513989004961775,23,0.9583333333333334,0.01,0.0,-5.007092643107224,-1.7996346422937215,0.07191834729599046,False,4.085650894752684,0.20517110123614948,8.782308213994838e-12,
song,uniform,0.8,29,5,2015,discovered,1.0,1.0,0.05,115,0.8035678348747606,96,5.01547349215563,12,0.10434782608695652,0.65,0.0,-0.29219962132611865,-0.5431677710844439,0.5870142945188355,False,4.3233514698942646,0.4029048354326065,7.682388059038203e-11,
song,uniform,0.8,29,5,2015,true,1.0,1.0,0.05,24,0.8736919434784719,105,5.191017030416262,23,0.9583333333333334,0.13,0.0,-2.6567677221837913,-1.3989654658917168,0.16182333920728165,False,4.811188080127666,0.20798350194444967,9.08073616301408e-12,
song,uniform,0.8,29,6,2016,discovered,1.0,1.0,0.05,132,0.8533914807869671,1,1.5103171274769844,132,1.0,0.0,0.0,-0.7650434653019929,-0.34697890201651077,0.7286071690213703,False,-6.817431257544478,4.0079909338870605,1.7307684174738824e-09,
song,uniform,0.8,29,6,2016,true,1.0,1.0,0.05,24,0.7471190716880849,68,5.742047904778588,21,0.875,0.04,0.0,-4.363319438402539,-1.9428750468776093,0.052031257552846294,False,4.403155947698668,0.13973295908630393,2.093258899549255e-11,
song,uniform,0.8,29,7,2017,discovered,1.0,1.0,0.05,142,0.9012904805230206,1,1.4972917999583175,142,1.0,0.04,0.0,-4.261022141260009,-1.7382312540045022,0.08217007410265917,False,-3.961531910934447,3.4040794959268834,1.5018031263025478e-10,
song,uniform,0.8,29,7,2017,true,1.0,1.0,0.05,24,0.8802194021853533,102,8.786530850042432,16,0.6666666666666666,0.59,0.0,-0.40632134736518744,-0.5585521791635936,0.576467384200215,False,4.510873121689073,0.20438104033405463,6.110667527536862e-13,
song,lognormal,0.0,0,0,2010,discovered,1.0,1.0,0.05,57,0.8940897782062841,6,2.6677413441376108,17,0.2982456140350877,0.17,0.0,-0.9091810362594859,-0.8723846734074001,0.3829985588998148,False,1.8026939237062358,0.7081275097434971,1.1723955140041653e-12,
song,lognormal,0.0,0,0,2010,true,1.0,1.0,0.05,24,0.6506596662379196,13,3.6017707999319564,12,0.5,0.46,0.0,-0.7263241180181472,-0.7007837427658394,0.48343798521090187,False,2.6392054744207876,0.43305870826910253,3.325340003357269e-12,
song,lognormal,0.0,0,1,2011,discovered,1.0,1.0,0.05,100,0.9567233893020742,7,2.646743460049857,21,0.21,0.61,0.0,0.03251601859798425,0.4841771341207161,0.6282601632320992,False,-166923.396785571,311.59735648588844,7.017882853688207e-05,
song,lognormal,0.0,0,1,2011,true,1.0,1.0,0.05,24,0.853269171335093,7,1.8458363076484443,17,0.7083333333333334,0.14,0.0,-0.9802513876944068,-0.9621886641347773,0.33595484233540196,False,2.0390869117202213,1.3870000704974443,7.256062417582143e-11,
song,lognormal,0.0,0,2,2012,discovered,1.0,1.0,0.05,117,0.9470292464589322,1,1.7023109501032858,117,1.0,0.21,0.0,-3.0656333716900983,-1.4605569630634758,0.14413706428587592,False,-3.134796872964399,2.4467536479664136,9.907807907438837e-11,
song,lognormal,0.0,0,2,2012,true,1.0,1.0,0.05,24,0.8428449926665779,27,2.7058080620300764,13,0.5416666666666666,0.61,0.0,-4.3494345208117124e-05,-0.0007673795873300577,0.9993877197350864,False,-24.87692449856967,4.121362556084155,0.0002961175800706428,
song,lognormal,0.0,0,3,2013,discovered,1.0,1.0,0.05,69,0.9015875895494956,5,1.978550350870518,35,0.5072463768115942,0.41,0.0,-1.1841496606702773,-0.98856218265356,0.3228773965687627,False,0.9534840709087986,1.4780946597257842,1.0373923942097463e-12,
song,lognormal,0.0,0,3,2013,true,1.0,1.0,0.05,24,0.7647477768677076,12,2.0990837938192284,15,0.625,0.08,0.0,-0.48968039293429966,-0.6965221635522447,0.4861018822009495,False,1.9594351986693441,1.3273763339014484,2.8116176054027164e-10,
song,lognormal,0.0,0,4,2014,discovered,1.0,1.0,0.05,121,0.9323034619123991,3,1.7444934362534823,65,0.5371900826446281,0.03,0.0,-4.434157870202533,-1.950854684983561,0.051074334497361144,False,1.2707624641687514,1.4769892415092996,1.1283418643870391e-11,
song,lognormal,0.0,0,4,2014,true,1.0,1.0,0.05,24,0.8634181266994921,41,2.4300910528061235,10,0.4166666666666667,0.77,0.0,-0.000481839507336268,-0.017081413450082853,0.9863716666684895,False,-65.38146514390237,6.99459423552633,0.00044941982525159574,
song,lognormal,0.0,0,5,2015,discovered,1.0,1.0,0.05,72,0.8222138888795492,82,2.8467173734538513,15,0.20833333333333334,0.88,0.0,-0.0266035274083265,-0.17246442247802507,0.8630724289860692,False,-2.318221512699667,2.043938864538469,3.1280034420433367e-06,
song,lognormal,0.0,0,5,2015,true,1.0,1.0,0.05,24,0.7933354640521602,98,2.878528096736808,14,0.5833333333333334,0.34,0.0,-0.0826067528186627,-0.2763895044747763,0.7822489170992184,False,1.8706410455735427,1.3968129954148476,2.1907311520408257e-09,
song,lognormal,0.0,0,6,2016,discovered,1.0,1.0,0.05,108,0.8748980431149891,21,2.244796663608307,30,0.2777777777777778,0.29,0.0,-1.8260714608032371,-1.2515729329706309,0.21072552253260712,False,3.202463933548459,0.9169904334896172,2.5011104298755527e-12,
song,lognormal,0.0,0,6,2016,true,1.0,1.0,0.05,24,0.7791395569254687,75,3.450463291030053,15,0.625,0.92,0.0,-0.4088525716472642,-0.5746595471863098,0.5655215711422606,False,3.9981751172708773,0.6343495093633326,2.928857156803133e-11,
song,lognormal,0.0,0,7,2017,discovered,1.0,1.0,0.05,133,0.8976962600138393,11,2.277044267985517,38,0.2857142857142857,0.41,0.0,-1.0965773171658153,-1.0502690451676704,0.29359443286556197,False,1.785197689781637,1.1956687254323985,4.297362465877086e-11,
song,lognormal,0.0,0,7,2017,true,1.0,1.0,0.05,24,0.9210739063635811,30,2.0817268161370666,15,0.625,0.23,0.0,-0.2011570471849744,-0.3881904503677244,0.6978750996563838,False,1.201372422089181,1.8650342035299827,1.7320530787401367e-08,
song,lognormal,0.0,1,0,2010,discovered,1.0,1.0,0.05,54,0.9349293327789279,3,2.3061314620971993,28,0.5185185185185185,0.47,0.0,-0.09331253724336852,-0.21537061704136107,0.8294783766741955,False,-8.06961040391829,2.705281642026024,6.481172931671608e-09,
song,lognormal,0.0,1,0,2010,true,1.0,1.0,0.05,23,0.9062502890061136,8,2.2799853379778,11,0.4782608695652174,0.99,0.0,-0.15629333723765004,-0.4202144934710567,0.6743287678385097,False,0.21439803645877512,1.5483846454262675,8.067289058999449e-10,
song,lognormal,0.0,1,1,2011,discovered,1.0,1.0,0.05,79,0.9604997265421834,2,1.7962641719696837,48,0.6075949367088608,0.48,0.0,-1.2336025692389407,-0.9890197665020635,0.3226534707132699,False,-1.291196015338635,2.0903850633827252,6.914433470228687e-10,
song,lognormal,0.0,1,1,2011,true,1.0,1.0,0.05,24,0.78188061702474,17,2.591691085836736,13,0.5416666666666666,0.87,0.0,-0.3738778627270598,-0.579375405046493,0.5623358958549662,False,2.367617991286013,0.9565548179926776,6.562572707480285e-11,
song,lognormal,0.0,1,2,2012,discovered,1.0,1.0,0.05,123,0.9366130305597629,1,1.6325585722472056,123,1.0,0.0,0.0,-3.557376750642276,-1.5070200772524234,0.13180551101332919,False,-2.8557863227710962,2.5726199551436473,2.1847199604962952e-09,
song,lognormal,0.0,1,2,2012,true,1.0,1.0,0.05,24,0.8588190256583614,24,2.2128695559131866,15,0.625,0.35,0.0,-0.20180404200616486,-0.39793941170010483,0.6906748476347153,False,1.2567514339576609,1.6498604850669851,3.644115054157737e-08,
song,lognormal,0.0,1,3,2013,discovered,1.0,1.0,0.05,102,0.9526284113535601,1,1.6856615347100823,102,1.0,0.06,0.0,-0.034454467859598714,-0.027321701041662278,0.978203148399781,False,-25.522936160313968,5.7579832318683,8.378444334766755e-06,
song,lognormal,0.0,1,3,2013,true,1.0,1.0,0.05,24,0.9048211972967489,13,2.0633912420572305,14,0.5833333333333334,0.74,0.0,-0.2147063537399685,-0.4382695622481118,0.6611908876881734,False,0.6570529307802214,1.796262403192634,3.7103617955835944e-09,
song,lognormal,0.0,1,4,2014,discovered,1.0,1.0,0.05,74,0.721933483948827,32,3.5168878981244323,22,0.2972972972972973,0.9,0.0,-0.03184611463457365,-0.14516308781230172,0.8845821088422656,False,-2.559363078934295,1.6314221991826097,2.8700205234599707e-07,
song,lognormal,0.0,1,4,2014,true,1.0,1.0,0.05,24,0.8093722352507379,47,3.8126234112908386,15,0.625,0.67,0.0,0.004073050510589482,0.5525373393134151,0.5805802593731979,False,-78140.99781722341,166.05268643315597,5.656690336763859e-05,
song,lognormal,0.0,1,5,2015,discovered,1.0,1.0,0.05,173,0.9196280178200118,1,1.5142654110154115,173,1.0,0.0,0.0,-8.62570634861849,-2.4319848120606116,0.015016336969458586,False,-1.3423954059869168,2.5530577959946346,1.2831833373638801e-09,
song,lognormal,0.0,1,5,2015,true,1.0,1.0,0.05,24,0.8007094370223666,20,1.686045150863842,23,0.9583333333333334,0.01,0.0,-3.821134535102697,-1.605434753124903,0.10839816137742542,False,4.156051563885853,1.0782610538165398,9.075051821128e-11,
song,lognormal,0.0,1,6,2016,discovered,1.0,1.0,0.05,104,0.8920396355380902,2,1.4906153595390803,83,0.7980769230769231,0.0,0.0,-7.268429640891812,-2.3022790501350645,0.02131944049078135,False,1.3016639700743342,2.0264506791857557,1.3216094885137863e-10,
song,lognormal,0.0,1,6,2016,true,1.0,1.0,0.05,24,0.9274167810849323,64,2.4280662089277407,11,0.4583333333333333,0.7,0.0,-0.2980433297163092,-0.49147232873627006,0.6230924186989136,False,3.6000535184994438,1.092351109424526,1.2288978723518085e-09,
song,lognormal,0.0,1,7,2017,discovered,1.0,1.0,0.05,130,0.8696668323501624,7,1.8815989441792564,65,0.5,0.06,0.0,-4.3940465810531775,-1.7592049806583827,0.0785426986054162,False,2.205248088441395,1.2451480495273204,2.120259523508139e-11,
song,lognormal,0.0,1,7,2017,true,1.0,1.0,0.05,24,0.783780439005839,53,2.6431890673273943,17,0.7083333333333334,1.0,0.0,-0.08100056178124948,-0.27175283988892396,0.7858120692319611,False,0.2775209829185059,1.7043223027392576,4.787970908637362e-08,
song,lognormal,0.0,2,0,2010,discovered,1.0,1.0,0.05,69,0.9068163487715635,1,1.8718144123932003,69,1.0,0.22,0.0,-1.6578477766721282,-1.1082050730373445,0.267773260421446,False,-2.2188783005253994,1.8806038037797366,7.960920811456162e-11,
song,lognormal,0.0,2,0,2010,true,1.0,1.0,0.05,22,0.7889619193678592,6,2.124787901411127,16,0.7272727272727273,0.4,0.0,-1.5305965852400378,-1.2139496547166375,0.2247669498214323,False,2.2235687286310646,0.8326334487736192,1.7053025658242404e-13,
song,lognormal,0.0,2,1,2011,discovered,1.0,1.0,0.05,72,0.9149513070379274,2,1.8274086013649375,52,0.7222222222222222,0.02,0.0,-3.232589363040583,-1.6774861380034873,0.0934474578886273,False,0.6506555974166244,1.3644495713668323,9.50706180447014e-11,
song,lognormal,0.0,2,1,2011,true,1.0,1.0,0.05,22,0.8254925996102097,12,2.1370772535637945,17,0.7727272727272727,0.12,0.0,-1.1509340429545758,-0.9267183340396087,0.3540727958420481,False,2.7196256031578114,0.9611612014494737,4.249045559845399e-12,
song,lognormal,0.0,2,2,2012,discovered,1.0,1.0,0.05,86,0.9069368404647182,1,1.55394461191416,86,1.0,0.02,0.0,-4.238770023310428,-1.6067037655052037,0.10811936721398407,False,-1.0161177090126026,2.2800249506497616,1.6009948922146577e-09,
song,lognormal,0.0,2,2,2012,true,1.0,1.0,0.05,23,0.7631602177383819,16,2.1108764355559706,18,0.782608695652174,0.15,0.0,-2.6751376152666833,-1.408525824487617,0.15897542559154487,False,3.4471184689388243,0.6977666819338039,1.4495071809506044e-12,
song,lognormal,0.0,2,3,2013,discovered,1.0,1.0,0.05,90,0.9587806905086979,1,1.6207706724148432,90,1.0,0.01,0.0,-4.271441882137815,-1.6624356662636688,0.09642545259899672,False,-1.4113017946532023,2.186109935252378,6.565414878423326e-12,
song,lognormal,0.0,2,3,2013,true,1.0,1.0,0.05,24,0.8080560707746834,26,2.659956397225556,10,0.4166666666666667,0.73,0.0,0.003386518176126785,0.2914804811927258,0.7706838698628481,False,-29055.911225736716,131.53668947764123,5.2300547395134345e-06,
song,lognormal,0.0,2,4,2014,discovered,1.0,1.0,0.05,112,0.8888573164209681,23,3.10832241929382,17,0.15178571428571427,0.6,0.0,-0.28443875500236704,-0.515151209023475,0.6064473606428049,False,2.292182311259283,0.8768890766295481,1.8616219676914625e-12,
song,lognormal,0.0,2,4,2014,true,1.0,1.0,0.05,24,0.8738997173475279,19,2.025284447540234,20,0.8333333333333334,0.19,0.0,-1.2719058364840534,-0.9548041337202774,0.3396767565764274,False,3.1704756791947792,1.095452272528744,4.5133674575481564e-11,
song,lognormal,0.0,2,5,2015,discovered,1.0,1.0,0.05,123,0.9588819118552909,1,1.5243500538643509,123,1.0,0.06,0.0,-1.55587083168709,-0.81790557897601,0.41341110444749707,False,-10.473438160744566,4.616478830940317,1.71779106494796e-08,
song,lognormal,0.0,2,5,2015,true,1.0,1.0,0.05,24,0.9372481895681744,39,1.9707400269958333,15,0.625,0.54,0.0,-0.12590169638112725,-0.35875477189392313,0.7197785500663616,False,-0.19288322881336564,2.4121909158359975,8.101990545128501e-08,
song,lognormal,0.0,2,6,2016,discovered,1.0,1.0,0.05,176,0.952915069007155,4,1.929365555129295,74,0.42045454545454547,0.39,0.0,-0.8908480606183216,-0.7544189064790999,0.4505977223985165,False,-2.0760617725688033,2.306274645832585,6.007297770338482e-09,
song,lognormal,0.0,2,6,2016,true,1.0,1.0,0.05,24,0.874145485290598,49,2.3729192122020217,16,0.6666666666666666,0.45,0.0,-0.28767514894157387,-0.5472096770567209,0.5842346886257225,False,2.7348796472595183,1.3160598987885386,2.630997641972499e-10,
song,lognormal,0.0,2,7,2017,discovered,1.0,1.0,0.05,88,0.888090772857418,8,1.741228039797023,48,0.5454545454545454,0.01,0.0,-2.870641806396672,-1.6410603986537144,0.10078487818098496,False,2.2397162924667846,1.5671275766119872,1.7894308257382363e-10,
song,lognormal,0.0,2,7,2017,true,1.0,1.0,0.05,24,0.915653775206806,29,1.9127055687152716,17,0.7083333333333334,0.43,0.0,-1.1623195460257092,-1.0243643203057897,0.30566322793489176,False,3.7008570279278272,1.19578242008373,1.554099071654491e-10,
song,lognormal,0.0,3,0,2010,discovered,1.0,1.0,0.05,71,0.9248358906819595,7,3.368555259335602,11,0.15492957746478872,0.77,0.0,0.018338082873657235,0.4840243822128771,0.6283685652780053,False,-225538.6606889512,301.31724600675557,3.857104093185626e-05,
song,lognormal,0.0,3,0,2010,true,1.0,1.0,0.05,24,0.8666193726277799,4,1.9766027408374107,19,0.7916666666666666,0.12,0.0,-0.7481570991490034,-0.7389555893650301,0.4599339651583473,False,0.9437533024322776,1.386583865895182,1.8882673202824662e-10,
song,lognormal,0.0,3,1,2011,discovered,1.0,1.0,0.05,74,0.8776780140429596,6,2.234069797401439,30,0.40540540540540543,0.27,0.0,-1.8112573082638654,-1.1784389420687362,0.23862166054836564,False,1.8971690321745152,0.9182874295200415,1.3358203432289883e-12,
song,lognormal,0.0,3,1,2011,true,1.0,1.0,0.05,24,0.807188718020718,22,3.5910125270238686,10,0.4166666666666667,0.43,0.0,-0.045409435021428024,-0.20268150722734884,0.8393839782703558,False,0.6011034369213475,1.1002293883028458,6.403482188943599e-10,
song,lognormal,0.0,3,2,2012,discovered,1.0,1.0,0.05,92,0.9434555737730614,7,2.265069680173465,28,0.30434782608695654,0.39,0.0,0.0005635923100917317,0.006131846096175283,0.9951075253297916,False,-81.34757314151224,8.025585583086645,0.0008514236865266867,
song,lognormal,0.0,3,2,2012,true,1.0,1.0,0.05,24,0.9107670553187511,13,2.2283774101179072,15,0.625,0.55,0.0,0.003959770162536458,0.06919518977809579,0.944834251933325,False,-63.05752527651465,7.318776418775126,0.0008486268209892955,
song,lognormal,0.0,3,3,2013,discovered,1.0,1.0,0.05,73,0.8978547020509988,12,2.6229364678249842,18,0.2465753424657534,0.31,0.0,-0.8750248719482197,-0.8289691690581142,0.40712185338995566,False,2.45312778087723,0.7660628335864749,3.353761712787673e-12,
song,lognormal,0.0,3,3,2013,true,1.0,1.0,0.05,24,0.8306030751852334,9,1.9040956118294459,17,0.7083333333333334,0.1,0.0,-3.1111665947573797,-1.5812808042353308,0.11381384667717585,False,3.0880776628571835,0.775280964483453,4.831690603168681e-13,
song,lognormal,0.0,3,4,2014,discovered,1.0,1.0,0.05,105,0.9234224990217492,3,1.669177025568585,68,0.6476190476190476,0.21,0.0,-2.616139689598354,-1.4639904946961377,0.14319654550426344,False,0.24838276714639312,2.0867909449159496,3.9960923459148034e-10,
song,lognormal,0.0,3,4,2014,true,1.0,1.0,0.05,24,0.8922329599077898,9,1.696663757441129,21,0.875,0.55,0.0,-1.211803793518735,-1.0381864287354194,0.29918326964021824,False,2.3455370499156327,1.6857903213095087,9.819700608204585e-12,
song,lognormal,0.0,3,5,2015,discovered,1.0,1.0,0.05,109,0.9005405020787732,2,1.5153809931265019,95,0.8715596330275229,0.0,0.0,-7.5310947648271105,-2.2502554034313027,0.02443273713581358,False,1.100972673602516,2.0150265165263557,5.034621608501766e-10,
song,lognormal,0.0,3,5,2015,true,1.0,1.0,0.05,24,0.8827273514780617,22,1.7267884040277168,22,0.9166666666666666,0.58,0.0,-1.240099535561784,-1.0697780801335637,0.2847192111132717,False,3.262391467805208,1.6262600470897168,1.4394032632480958e-09,
song,lognormal,0.0,3,6,2016,discovered,1.0,1.0,0.05,174,0.9454100917962159,1,1.5659534555348174,174,1.0,0.0,0.0,-8.503038710078783,-2.443341443539457,0.014551962363444155,False,-1.4340502411077392,2.3749253223812308,5.584865903074387e-10,
song,lognormal,0.0,3,6,2016,true,1.0,1.0,0.05,24,0.7887319933700786,52,2.175215890162837,15,0.625,0.47,0.0,-0.8434823307287083,-0.820221411093066,0.4120898982066774,False,4.070115241079856,1.0044605155998783,1.9062440514971968e-10,
song,lognormal,0.0,3,7,2017,discovered,1.0,1.0,0.05,149,0.9142327567659426,22,2.4346652667257254,30,0.20134228187919462,0.82,0.0,-0.4359341162938861,-0.5876161743435965,0.5567899520549683,False,1.6008561035810291,1.3579369749464345,3.0036062526050955e-10,
song,lognormal,0.0,3,7,2017,true,1.0,1.0,0.05,24,0.8996513900013405,13,1.6306824626318663,23,0.9583333333333334,0.11,0.0,-2.6899162988730136,-1.4407662650281416,0.14965072700370238,False,3.579516166198867,1.3779087659102047,8.671463547216263e-11,
song,lognormal,0.0,4,0,2010,discovered,1.0,1.0,0.05,79,0.9387619557774557,4,2.8262308363560678,19,0.24050632911392406,0.71,0.0,-0.01655109881589345,-0.13693014249083812,0.8910860129750433,False,-78.24237511124132,6.389748201165185,0.00012380012028501142,
song,lognormal,0.0,4,0,2010,true,1.0,1.0,0.05,24,0.8468147528717801,7,2.178508304913137,16,0.6666666666666666,1.0,0.0,-0.09280306498318414,-0.26840426771958414,0.7883881548344994,False,-3.155030421818533,2.320020786787586,1.8542181123848422e-09,
song,lognormal,0.0,4,1,2011,discovered,1.0,1.0,0.05,87,0.9512925326467306,5,2.259121799151625,28,0.3218390804597701,0.41,0.0,-0.06399839603624091,-0.24495037639577774,0.8064948548430582,False,-14.024487007915592,3.5807650546879346,1.0796906479981772e-06,
song,lognormal,0.0,4,1,2011,true,1.0,1.0,0.05,24,0.8696927905871515,8,2.199143110720533,17,0.7083333333333334,0.91,0.0,0.025509883434059244,0.4755138542123066,0.634420760822426,False,-68349.51781647056,234.7981399023594,1.4600483154936228e-05,
song,lognormal,0.0,4,2,2012,discovered,1.0,1.0,0.05,97,0.8907461878057858,10,2.471372158486392,30,0.30927835051546393,0.62,0.0,-0.07082253470743982,-0.2179278297428458,0.8274853432307945,False,-5.342513182262403,2.4215658679409504,3.1029431113438477e-07,
song,lognormal,0.0,4,2,2012,true,1.0,1.0,0.05,24,0.8221701381870072,31,3.082940172596752,14,0.5833333333333334,0.85,0.0,-0.23556322108514705,-0.45964705478627743,0.6457695782827484,False,2.5970430561673057,0.8854402095665048,2.41229258790554e-11,
song,lognormal,0.0,4,3,2013,discovered,1.0,1.0,0.05,122,0.9216688498175077,9,2.748579062629931,20,0.16393442622950818,0.59,0.0,-0.47137980167072113,-0.6775774159330824,0.4980396694451381,False,1.531478296071116,0.9379896030896465,4.519051799434237e-12,
song,lognormal,0.0,4,3,2013,true,1.0,1.0,0.05,24,0.7540100908987792,10,1.9583176808422924,21,0.875,0.4,0.0,-0.8453138680732963,-0.8101001441144943,0.41788262147019295,False,2.0065882845171776,1.4012323651049154,4.547473508864641e-13,
song,lognormal,0.0,4,4,2014,discovered,1.0,1.0,0.05,146,0.9403629301679423,2,1.6846996328007258,104,0.7123287671232876,0.1,0.0,-4.157479753708364,-1.8036108236315527,0.07129233809711326,False,-0.3139681945961934,2.038804520076872,3.0900082492735237e-10,
song,lognormal,0.0,4,4,2014,true,1.0,1.0,0.05,24,0.7978707787747717,47,2.4844199852975404,13,0.5416666666666666,0.18,0.0,-0.4482962301753135,-0.5941712826822374,0.5523975579721363,False,3.558695386051003,0.9600222746677471,2.4789414965198375e-10,
song,lognormal,0.0,4,5,2015,discovered,1.0,1.0,0.05,102,0.8797596339252103,14,1.9172773231042497,44,0.43137254901960786,0.0,0.0,-1.0005955427416264,-0.8104528954865232,0.41767992733764603,False,1.3472227509149608,1.8205933580900857,1.7991595768762636e-08,
song,lognormal,0.0,4,5,2015,true,1.0,1.0,0.05,24,0.8621082646819253,12,1.577999854562265,23,0.9583333333333334,0.06,0.0,-3.049552306507557,-1.4954177887897413,0.13480544083730675,False,3.6915497430402966,1.422587673012324,2.1788082449347712e-10,
song,lognormal,0.0,4,6,2016,discovered,1.0,1.0,0.05,106,0.9139866189144534,57,3.5679297877839526,13,0.12264150943396226,0.73,0.0,-0.1466128390073398,-0.39357620808197724,0.6938939495703036,False,2.9693019173716886,0.8237184845005677,1.1731771110135014e-10,
song,lognormal,0.0,4,6,2016,true,1.0,1.0,0.05,24,0.8363232871875689,59,2.7490540954786105,13,0.5416666666666666,0.81,0.0,-0.4905772547288074,-0.6717590796410423,0.5017370832994705,False,3.901387270160147,0.7875846583141789,7.494804776797537e-11,
song,lognormal,0.0,4,7,2017,discovered,1.0,1.0,0.05,96,0.7641544774136154,48,2.8154211178263115,22,0.22916666666666666,0.14,0.0,-1.9509040924068284,-1.304677224151343,0.19200278010360294,False,4.148243962044248,0.5380531273348876,6.94910795573378e-12,
song,lognormal,0.0,4,7,2017,true,1.0,1.0,0.05,24,0.85571174619727,94,2.9606322543772006,11,0.4583333333333333,0.49,0.0,-0.3728048233977139,-0.5439426986114639,0.5864809049825627,False,4.314936727827034,0.7316991697165088,3.54773987965018e-11,
song,lognormal,0.0,5,0,2010,discovered,1.0,1.0,0.05,77,0.9257521142568104,1,2.093629395202827,77,1.0,0.53,0.0,-1.0582245253100453,-0.9174911403781093,0.35888533338132134,False,-3.6603775460948578,1.907649892566692,3.427231831665267e-10,
song,lognormal,0.0,5,0,2010,true,1.0,1.0,0.05,24,0.8856981574283053,7,2.718134686375965,18,0.75,0.82,0.0,0.012624277472704115,0.18209164715518728,0.8555108037541143,False,-90490.42829521332,224.48017722600585,2.3627091650268994e-05,
song,lognormal,0.0,5,1,2011,discovered,1.0,1.0,0.05,58,0.8453706243141805,6,2.2408713045866695,28,0.4827586206896552,0.09,0.0,-1.7273194781939165,-1.3483040593405349,0.17756060705179388,False,1.9081553134567355,0.907245180065138,5.400124791776761e-13,
song,lognormal,0.0,5,1,2011,true,1.0,1.0,0.05,23,0.8654922796878248,10,2.2660112760846585,16,0.6956521739130435,0.29,0.0,-0.46478746945672045,-0.5941190602761179,0.552432483431003,False,1.699396637641347,1.1986305425878017,4.980904577678302e-12,
song,lognormal,0.0,5,2,2012,discovered,1.0,1.0,0.05,90,0.9005809297389669,1,1.4832658362657982,90,1.0,0.0,0.0,-10.399651450402288,-2.756459711702521,0.005843081041851532,False,0.6810434622952017,1.815232666989628,7.958078640513122e-13,
song,lognormal,0.0,5,2,2012,true,1.0,1.0,0.05,24,0.9482138727290325,9,1.9635916066108414,24,1.0,0.1,0.0,-1.3892341502492216,-0.9430184874580315,0.3456714467478832,False,2.3115861261814272,1.2097030618486921,3.0098590286797844e-11,
song,lognormal,0.0,5,3,2013,discovered,1.0,1.0,0.05,89,0.9129767556424688,12,3.6039152460903714,15,0.16853932584269662,0.92,0.0,-0.0837294477858892,-0.28336403690449086,0.7768977934529693,False,0.3268821484499921,1.0288783073396437,2.0534685063466895e-12,
song,lognormal,0.0,5,3,2013,true,1.0,1.0,0.05,24,0.8910552951045316,13,2.22499058078831,15,0.625,0.92,0.0,-0.33549369452444733,-0.5971169522410629,0.5504293005333711,False,1.5648186236681088,1.3690897135996276,2.1031354435763205e-10,
song,lognormal,0.0,5,4,2014,discovered,1.0,1.0,0.05,138,0.914067672033601,8,1.9916978101690304,48,0.34782608695652173,0.14,0.0,-1.6314283583848352,-1.143613500349644,0.2527839603426453,False,1.5336336878682177,1.4456210971600072,8.412825991399586e-12,
song,lognormal,0.0,5,4,2014,true,1.0,1.0,0.05,24,0.7707096824490778,44,2.457112952196397,13,0.5416666666666666,0.33,0.0,-0.23125228260054875,-0.4805329850811181,0.6308484544578281,False,2.67279959644541,1.2453589169767165,7.845812888263026e-11,
song,lognormal,0.0,5,5,2015,discovered,1.0,1.0,0.05,113,0.8973403145601616,3,1.52965395931357,84,0.7433628318584071,0.07,0.0,-4.579844478158735,-1.8928030276287622,0.05838406880235169,False,0.9506780381474627,2.288011243974031,4.3502268454176374e-10,
song,lognormal,0.0,5,5,2015,true,1.0,1.0,0.05,24,0.7278299090734535,40,1.9127069365598561,19,0.7916666666666666,0.01,0.0,-1.9809035781004232,-1.3326105186825348,0.18265965148932406,False,4.344078611787342,1.0007171833585013,4.547473508864641e-12,
song,lognormal,0.0,5,6,2016,discovered,1.0,1.0,0.05,82,0.8098644324744652,32,2.6537152706839473,26,0.3170731707317073,0.14,0.0,-0.5272674885384347,-0.6510599610737364,0.51500778128974,False,2.6465720906641597,1.0475476065127503,4.935429842589656e-11,
song,lognormal,0.0,5,6,2016,true,1.0,1.0,0.05,24,0.7921717808522118,32,2.00613817175492,18,0.75,0.37,0.0,-1.5378589411633996,-1.1277629677333836,0.2594200368518327,False,3.9358067200512004,0.9879526427766839,6.750155989720952e-12,
song,lognormal,0.0,5,7,2017,discovered,1.0,1.0,0.05,138,0.949023637068859,1,1.4948170850240483,138,1.0,0.0,0.0,-5.379544272722866,-1.7937488008337075,0.07285327227124007,False,-2.4847986784257396,3.0085102144081106,1.2106113445042865e-08,
song,lognormal,0.0,5,7,2017,true,1.0,1.0,0.05,24,0.8546314315835076,64,2.9431471379560463,13,0.5416666666666666,0.86,0.0,0.0011561348785420478,0.1849767618528403,0.8532472623816502,False,-41467.36320917011,145.7242629635861,1.799813071556855e-05,
song,lognormal,0.0,6,0,2010,discovered,1.0,1.0,0.05,64,0.92071111904278,1,1.9313995763055087,64,1.0,0.15,0.0,-1.0063454426083038,-0.8248162295540397,0.40947593116954906,False,-3.670299145267384,2.120241180606175,4.419575816427823e-12,
song,lognormal,0.0,6,0,2010,true,1.0,1.0,0.05,21,0.8512703682938857,6,2.132966191376531,15,0.7142857142857143,0.98,0.0,-0.060045787365669234,-0.22830934323768592,0.8194057615073045,False,-4.791609118545946,2.622679799350535,1.8691750369725924e-09,
song,lognormal,0.0,6,1,2011,discovered,1.0,1.0,0.05,91,0.9275211789488856,10,2.537984698773701,18,0.1978021978021978,0.67,0.0,-0.2252774961317474,-0.44504821470661227,0.6562849112208495,False,0.6060656226293957,1.3293818873837666,8.265743645097245e-11,
song,lognormal,0.0,6,1,2011,true,1.0,1.0,0.05,24,0.7010768535389014,14,2.600280999082737,14,0.5833333333333334,0.5,0.0,-0.15167054273152125,-0.42524777796989555,0.6706560581413048,False,0.7516504091379919,1.346602541295998,4.727453983832675e-10,
song,lognormal,0.0,6,2,2012,discovered,1.0,1.0,0.05,89,0.9143009622477517,1,1.5798822090319053,89,1.0,0.0,0.0,-6.090630069859993,-1.9939957872717857,0.04615251490163051,False,-0.2574030023009537,1.8934849004812502,2.83648660115432e-11,
song,lognormal,0.0,6,2,2012,true,1.0,1.0,0.05,24,0.9299140280358225,8,1.9905627950873381,20,0.8333333333333334,0.89,0.0,-0.14010626479137045,-0.31702000490154186,0.7512284228682582,False,-2.5120320375089817,2.494126771229789,1.0427285701553046e-08,
song,lognormal,0.0,6,3,2013,discovered,1.0,1.0,0.05,68,0.8056807680849503,25,3.42602194907058,14,0.20588235294117646,0.39,0.0,-0.10510957846662095,-0.3621328993792278,0.7172527195857381,False,1.4853421531118751,1.0007065640427981,1.6008527836675057e-10,
song,lognormal,0.0,6,3,2013,true,1.0,1.0,0.05,24,0.8378736732766556,30,3.0701210623649344,12,0.5,0.37,0.0,-0.3627417028888642,-0.5362385183285051,0.5917937157950145,False,3.0931548862559164,0.7221097380507553,7.318590178329032e-13,
song,lognormal,0.0,6,4,2014,discovered,1.0,1.0,0.05,105,0.8305391217593356,8,2.040238219098118,48,0.45714285714285713,0.08,0.0,-4.0523669486915725,-1.8773684109214914,0.06046761789498933,False,2.483096311856824,0.955170558579923,1.8474111129762605e-12,
song,lognormal,0.0,6,4,2014,true,1.0,1.0,0.05,24,0.7704617845938894,39,2.69431842023544,15,0.625,0.61,0.0,-0.177289531397407,-0.4030441561364816,0.6869157411573055,False,2.1097289512258324,1.2289098062665151,3.029754225281067e-11,
song,lognormal,0.0,6,5,2015,discovered,1.0,1.0,0.05,130,0.880173607184837,1,1.4167663059226172,130,1.0,0.0,0.0,-6.513918111683553,-1.8740249438067562,0.06092698717280412,False,-1.0943579114002824,3.004664335898128,6.650282102782512e-09,
song,lognormal,0.0,6,5,2015,true,1.0,1.0,0.05,24,0.79374066174533,52,2.138963541010036,21,0.875,0.06,0.0,-1.8161991440364966,-1.0815491008888822,0.27945293171474994,False,4.379092961220799,0.8682364660215578,4.831690603168681e-13,
song,lognormal,0.0,6,6,2016,discovered,1.0,1.0,0.05,153,0.9503671653529867,1,1.5866451623658298,153,1.0,0.03,0.0,-1.1103579653906461,-0.5818378277459185,0.5606759214876884,False,-11.904812748574251,4.525279110160019,1.1019096746167634e-09,
song,lognormal,0.0,6,6,2016,true,1.0,1.0,0.05,24,0.8289242805664869,63,2.2619977172643364,13,0.5416666666666666,0.36,0.0,-0.6256135356223043,-0.6584134847470691,0.51027247277078,False,4.129969417296991,0.9944599560089062,1.787725523172412e-10,
song,lognormal,0.0,6,7,2017,discovered,1.0,1.0,0.05,99,0.8933632654434868,2,1.4963389374839646,76,0.7676767676767676,0.0,0.0,-6.942435030486072,-2.3014336020724038,0.021367134425776344,False,1.354960476021568,1.96728273890083,2.0958168533979915e-10,
song,lognormal,0.0,6,7,2017,true,1.0,1.0,0.05,24,0.7901452919725095,94,3.631004053696083,11,0.4583333333333333,0.89,0.0,0.0006412341108283925,0.23919708108263182,0.8109527659404817,False,-16445.957744420943,78.9251591130152,2.925453554780688e-05,
song,lognormal,0.0,7,0,2010,discovered,1.0,1.0,0.05,69,0.894426304170063,3,2.8523042054455483,29,0.42028985507246375,0.55,0.0,-0.6973836523833163,-0.7795389464644014,0.43566230471396683,False,0.4758330228304368,0.8422318889845474,4.767741756950272e-12,
song,lognormal,0.0,7,0,2010,true,1.0,1.0,0.05,23,0.8781603355297257,9,2.5539660911043334,12,0.5217391304347826,0.78,0.0,-0.007353450476631274,-0.07838216375994862,0.9375240611334515,False,-17.70330389282243,3.624243420392116,3.5627819841010933e-06,
song,lognormal,0.0,7,1,2011,discovered,1.0,1.0,0.05,71,0.8242124648989996,13,3.478860782450273,19,0.2676056338028169,0.66,0.0,-0.5915416570835568,-0.720038627908428,0.4715012125886391,False,2.3171157980815877,0.5916899202404855,7.105427357601002e-14,
song,lognormal,0.0,7,1,2011,true,1.0,1.0,0.05,24,0.8403173896617254,21,3.1910906047434215,11,0.4583333333333333,0.91,0.0,-0.08344990992275925,-0.296877493164605,0.7665600397837817,False,1.1564568565159359,1.0999674840937868,7.816680636096862e-11,
song,lognormal,0.0,7,2,2012,discovered,1.0,1.0,0.05,89,0.9560533050540158,2,1.7990790294737644,72,0.8089887640449438,0.15,0.0,-0.5714481424320408,-0.5175195438579874,0.6047935295479285,False,-5.8035388167766335,3.088653866073311,1.1679048839141615e-09,
song,lognormal,0.0,7,2,2012,true,1.0,1.0,0.05,24,0.8296965953234328,9,1.9373747719192134,20,0.8333333333333334,0.83,0.0,-0.45991419572072223,-0.6445236766543069,0.5192359093931694,False,0.919690070261505,1.7717925042142493,3.2795810511743184e-10,
song,lognormal,0.0,7,3,2013,discovered,1.0,1.0,0.05,98,0.9567884909218488,3,2.172158382724267,42,0.42857142857142855,0.28,0.0,-0.24028086842562457,-0.3837611922854664,0.7011554537719209,False,-4.012935015524192,2.260143850384521,1.2589538300744607e-09,
song,lognormal,0.0,7,3,2013,true,1.0,1.0,0.05,24,0.8247843941437007,12,2.187874458903284,17,0.7083333333333334,0.98,0.0,-0.07203687400470704,-0.24820344997226088,0.8039769971669143,False,-4.219785846322926,2.6023130061746715,1.267521554382256e-07,
song,lognormal,0.0,7,4,2014,discovered,1.0,1.0,0.05,98,0.861369848686755,20,2.2627038803534383,31,0.3163265306122449,0.27,0.0,-1.4580783621953413,-1.1233126621330591,0.26130472797894866,False,2.9411178454597398,1.00245352159714,1.4637180356658064e-11,
song,lognormal,0.0,7,4,2014,true,1.0,1.0,0.05,24,0.8094258696002665,54,2.952394166041978,12,0.5,0.91,0.0,-0.007365598038633792,-0.09207624407222913,0.9266374627426901,False,-7.564768909239439,2.526342376828731,3.7650785671416998e-06,
song,lognormal,0.0,7,5,2015,discovered,1.0,1.0,0.05,144,0.8736092368718222,3,1.5996275973413663,100,0.6944444444444444,0.0,0.0,-6.200819613712637,-2.053343066956089,0.04003931677040466,False,1.2322728058097865,1.891305919235083,2.9763214115519077e-10,
song,lognormal,0.0,7,5,2015,true,1.0,1.0,0.05,24,0.868989699344846,102,2.948302991570613,12,0.5,0.54,0.0,-0.00013531083549267464,-0.03944030678288945,0.9685393447290535,False,-12011.04659673399,78.40806919996552,6.285245035542175e-07,
song,lognormal,0.0,7,6,2016,discovered,1.0,1.0,0.05,117,0.8997011998862617,1,1.4436332281424265,117,1.0,0.0,0.0,-11.501455255265865,-2.807252302185718,0.004996609004499426,False,0.45940305955639804,2.1540462366986985,6.849063538538758e-10,
song,lognormal,0.0,7,6,2016,true,1.0,1.0,0.05,24,0.8626820603730513,40,1.9576091112065983,15,0.625,0.35,0.0,-1.3864659097957603,-1.023218343800678,0.3062046216126937,False,4.239373992897367,1.0042993448835869,3.636557721620193e-11,
song,lognormal,0.0,7,7,2017,discovered,1.0,1.0,0.05,149,0.921874692245083,9,2.11267566579473,48,0.3221476510067114,0.53,0.0,-0.9895643903668221,-0.8694429140923234,0.38460491922310824,False,0.9228864389379703,1.5502357127600073,7.0912165028858e-11,
song,lognormal,0.0,7,7,2017,true,1.0,1.0,0.05,24,0.8649625736217024,41,2.125703340614853,15,0.625,0.72,0.0,-0.2840883007639352,-0.45706229025771333,0.6476262738609625,False,2.4008172227437194,1.575652307530717,2.2998847271082923e-10,
song,lognormal,0.0,8,0,2010,discovered,1.0,1.0,0.05,77,0.9204057628005493,3,2.2705096364204236,34,0.44155844155844154,0.66,0.0,-0.8703119196481666,-0.8221469954236638,0.41099324136266313,False,0.1792284578091829,1.2368972166770027,2.0723689431179082e-10,
song,lognormal,0.0,8,0,2010,true,1.0,1.0,0.05,24,0.8947346521613357,8,2.3319831159089883,16,0.6666666666666666,0.09,0.0,-0.6348688967576788,-0.6378885464118573,0.5235462340411746,False,1.8461800342959083,1.0061080613949058,7.204903340607416e-12,
song,lognormal,0.0,8,1,2011,discovered,1.0,1.0,0.05,101,0.9591638787023272,1,1.8331162482976182,101,1.0,0.81,0.0,-0.2817284857592819,-0.27439363189474997,0.7837821362945661,False,-34.92736283128681,5.964094680236326,1.764503537060591e-06,
song,lognormal,0.0,8,1,2011,true,1.0,1.0,0.05,24,0.857395934486822,5,1.7391808177519703,23,0.9583333333333334,0.04,0.0,-3.267811271945342,-1.4786499958347001,0.13923388314642032,False,2.541981032793438,1.0649278914507412,9.308109838457312e-12,
song,lognormal,0.0,8,2,2012,discovered,1.0,1.0,0.05,56,0.7871150340194398,26,3.665397267496115,15,0.26785714285714285,0.32,0.0,-0.356105608249508,-0.5543752282446783,0.5793220756220885,False,2.8679800930071457,0.6110002722976854,4.654054919228656e-12,
song,lognormal,0.0,8,2,2012,true,1.0,1.0,0.05,24,0.8089706874698276,10,1.864653549205733,21,0.875,0.01,0.0,-2.6207764748416507,-1.2783282780234924,0.2011337011449601,False,3.07028729856068,0.9694929414907423,1.5801049357833108e-10,
song,lognormal,0.0,8,3,2013,discovered,1.0,1.0,0.05,96,0.9194638766835254,2,1.8365786673957551,69,0.71875,0.19,0.0,-3.6914554477821158,-1.8066199592136147,0.070821555294966,False,0.42669085774436677,1.4450097160602875,5.5706550483591855e-12,
song,lognormal,0.0,8,3,2013,true,1.0,1.0,0.05,24,0.8332330294517853,17,2.451316643838139,14,0.5833333333333334,0.42,0.0,-0.2738219095042078,-0.47078707597123043,0.6377927946803255,False,1.8318302524964363,1.206893213803201,1.0378187198512023e-10,
song,lognormal,0.0,8,4,2014,discovered,1.0,1.0,0.05,144,0.9225403810446243,1,1.647584846936169,144,1.0,0.1,0.0,1.9866272445109212,1.6904186744410032,0.09094788486453434,False,-263915.5086718761,579.59416088837,0.00044890602976010996,
song,lognormal,0.0,8,4,2014,true,1.0,1.0,0.05,24,0.8825986027554504,68,2.9640850473914035,10,0.4166666666666667,0.87,0.0,-0.11187583945521773,-0.32490511956525164,0.7452528820768387,False,2.807899661431014,1.0799169299916007,6.857518997094303e-10,
song,lognormal,0.0,8,5,2015,discovered,1.0,1.0,0.05,98,0.8752233756001739,35,2.124977009482977,28,0.2857142857142857,0.25,0.0,-0.48453534068864546,-0.6140283963905278,0.5391965627579255,False,2.0711102954266885,1.6249356532566972,5.6274984672199935e-11,
song,lognormal,0.0,8,5,2015,true,1.0,1.0,0.05,24,0.8367692061158252,39,1.8634108229265711,20,0.8333333333333334,0.24,0.0,-1.6945880917042908,-1.2027828432636403,0.2290603657004633,False,4.208177930333644,1.1563063229000279,3.015543370565865e-11,
song,lognormal,0.0,8,6,2016,discovered,1.0,1.0,0.05,98,0.9079842799927315,9,2.0449187700279774,47,0.47959183673469385,0.05,0.0,-0.4069951154854641,-0.5019664632635789,0.6156911117721422,False,-1.2137175265272488,2.171421655019666,1.7314789602096425e-08,
song,lognormal,0.0,8,6,2016,true,1.0,1.0,0.05,24,0.8583821851578007,17,1.874167217294441,22,0.9166666666666666,0.35,0.0,-0.9539650823502042,-0.8252014806120529,0.4092572129876687,False,2.6427260247877786,1.4965752459101505,6.208722425071755e-11,
song,lognormal,0.0,8,7,2017,discovered,1.0,1.0,0.05,118,0.8522811381374437,45,2.7208950221960784,18,0.15254237288135594,0.34,0.0,-0.09714681905484968,-0.33230669968154436,0.7396576814692135,False,0.5957589024292069,1.5683494845495285,1.6805472569103586e-09,
song,lognormal,0.0,8,7,2017,true,1.0,1.0,0.05,24,0.9234691793426762,69,2.3173290214408406,11,0.4583333333333333,0.7,0.0,-0.30445465994886955,-0.5211208161340534,0.6022826108002994,False,3.656703999106243,1.174839093420415,3.2810731909194146e-10,
song,lognormal,0.0,9,0,2010,discovered,1.0,1.0,0.05,75,0.9327227591022257,1,1.8187838706490005,75,1.0,0.16,0.0,-1.5254150241032849,-0.9839429184227328,0.32514357977946984,False,-3.180754225728876,2.203576162985848,3.7138647712708917e-10,
song,lognormal,0.0,9,0,2010,true,1.0,1.0,0.05,22,0.7366832706803345,7,2.2946277158233976,17,0.7727272727272727,0.24,0.0,-0.6683410275519512,-0.6683478177089949,0.5039115965769476,False,1.6915042010830865,1.0365437626058907,5.684341886080801e-13,
song,lognormal,0.0,9,1,2011,discovered,1.0,1.0,0.05,86,0.9365958760545017,1,1.6677297973992138,86,1.0,0.1,0.0,-3.732224186575605,-1.5693737009528739,0.1165608883030996,False,-1.2912681109635256,2.0197355893388584,1.7962520360015333e-11,
song,lognormal,0.0,9,1,2011,true,1.0,1.0,0.05,24,0.9285139234218869,11,2.250875029132167,17,0.7083333333333334,0.76,0.0,-0.12386529076954877,-0.39539209285719257,0.6925535436586296,False,-1.3532313854836882,2.005221617562622,1.0182475307374261e-08,
song,lognormal,0.0,9,2,2012,discovered,1.0,1.0,0.05,102,0.9107138348415059,4,2.1728025763160086,50,0.49019607843137253,0.46,0.0,-0.8616676421253902,-0.8991936508968219,0.36854952159741217,False,-0.4015835234372911,1.5888319597205205,4.447997525858227e-11,
song,lognormal,0.0,9,2,2012,true,1.0,1.0,0.05,24,0.9807248720621388,12,2.1431142113470503,23,0.9583333333333334,0.71,0.0,-0.5466906580225062,-0.6609188728044391,0.5086643421463157,False,1.5046363557750866,1.4371512793349184,9.429186320630834e-10,
song,lognormal,0.0,9,3,2013,discovered,1.0,1.0,0.05,91,0.9235525053529874,1,1.6520301652859484,91,1.0,0.02,0.0,-7.6733127010340425,-2.3783013188515705,0.01739260694322603,False,0.1289908072991672,1.5088757825485153,7.958078640513122e-13,
song,lognormal,0.0,9,3,2013,true,1.0,1.0,0.05,23,0.8731860676197382,10,1.9271303836968825,15,0.6521739130434783,0.25,0.0,-1.3209877408569421,-0.9969880527567706,0.31877030908926585,False,2.8023160809774312,1.0544174963617703,2.9190516670496436e-10,
song,lognormal,0.0,9,4,2014,discovered,1.0,1.0,0.05,91,0.8884538341499728,14,2.2026730864982063,28,0.3076923076923077,0.74,0.0,-0.42120938108896055,-0.6683129574005235,0.5039338439688255,False,0.8719741990502705,1.6097709739979564,2.390265763096977e-11,
song,lognormal,0.0,9,4,2014,true,1.0,1.0,0.05,24,0.8790294436781082,24,2.0159238962812234,16,0.6666666666666666,0.13,0.0,-1.6495858347384789,-1.079084286227031,0.2805501555759903,False,3.7540775253186798,0.9015628621283069,2.3248958314070478e-11,
song,lognormal,0.0,9,5,2015,discovered,1.0,1.0,0.05,82,0.7313608944241542,72,3.0149320223252025,20,0.24390243902439024,0.47,0.0,-0.2412530839298226,-0.48767160241429897,0.6257824693445532,False,3.0069598606557055,1.0266833481469457,2.2201334104465786e-09,
song,lognormal,0.0,9,5,2015,true,1.0,1.0,0.05,24,0.7538930915354257,39,1.8966651650063235,21,0.875,0.1,0.0,-2.4345542463061642,-1.2835130689620624,0.19931238390120598,False,4.393164921515879,0.9720088364051639,7.645439836778678e-12,
song,lognormal,0.0,9,6,2016,discovered,1.0,1.0,0.05,107,0.8683455260301359,10,1.860527342028613,45,0.4205607476635514,0.06,0.0,-3.7808165600405492,-1.9186205479037683,0.05503237320362353,False,2.7981051356125577,1.1633656108449313,2.2683366296405438e-10,
song,lognormal,0.0,9,6,2016,true,1.0,1.0,0.05,24,0.7335729660659381,79,3.8215115460580615,11,0.4583333333333333,0.71,0.0,-0.02912911879902058,-0.18263621913089056,0.8550834635385387,False,1.0692762254850907,1.1819156439306875,1.5485568383155623e-10,
song,lognormal,0.0,9,7,2017,discovered,1.0,1.0,0.05,89,0.810588957580587,16,1.9851477106303972,42,0.47191011235955055,0.07,0.0,-2.7278274329309475,-1.46788334575427,0.14213591276399995,False,3.021301562860153,1.1301059312043231,1.5290879673557356e-11,
song,lognormal,0.0,9,7,2017,true,1.0,1.0,0.05,24,0.8823817994300418,31,1.9306756642024223,20,0.8333333333333334,0.33,0.0,-2.0113661118027917,-1.3109680643761228,0.18986855330220676,False,4.051327315547254,0.9963285104940487,9.094947017729282e-13,
song,lognormal,0.0,10,0,2010,discovered,1.0,1.0,0.05,69,0.9438977234477719,1,1.9204374725864983,69,1.0,0.16,0.0,-1.4938530045997653,-1.1188279541777444,0.26321354353535376,False,-2.924843436156661,1.9740935725030901,1.070787902790471e-10,
song,lognormal,0.0,10,0,2010,true,1.0,1.0,0.05,24,0.8694951001032527,4,1.922919983067454,19,0.7916666666666666,0.32,0.0,-0.8191492805034362,-0.7036647975607646,0.48164154780524737,False,1.1014051628350154,1.398077992934752,7.105427357601002e-14,
song,lognormal,0.0,10,1,2011,discovered,1.0,1.0,0.05,61,0.7823345439633299,11,2.969644345986335,23,0.3770491803278688,0.19,0.0,-1.982746766491168,-1.2147227083181715,0.22447186853467826,False,2.631529039861548,0.4943364549932452,1.6910917111090384e-12,
song,lognormal,0.0,10,1,2011,true,1.0,1.0,0.05,24,0.7980334591997986,12,2.5296173747402877,17,0.7083333333333334,0.24,0.0,-0.584965946358734,-0.6825813648196465,0.4948714128202173,False,2.1678165123062705,0.9288369582348505,3.204547738278052e-12,
song,lognormal,0.0,10,2,2012,discovered,1.0,1.0,0.05,106,0.9546220473758043,1,1.618302181693508,106,1.0,0.0,0.0,-5.310947084140404,-2.016588425120166,0.0437384819385846,False,-1.2588483202433127,2.1432913064734325,7.929656931082718e-11,
song,lognormal,0.0,10,2,2012,true,1.0,1.0,0.05,24,0.8962387219379263,35,2.6550083954947916,10,0.4166666666666667,0.96,0.0,-0.04187197388294006,-0.19916253109072765,0.842135608096976,False,-0.4774104675166149,1.7536845249323683,2.560953049624004e-08,
song,lognormal,0.0,10,3,2013,discovered,1.0,1.0,0.05,87,0.9569585562616699,1,1.8709607929754466,87,1.0,0.89,0.0,0.11230191351362284,0.1345797570971555,0.892944147480255,False,-241659.56794111483,472.09102494652507,0.000131252014398342,
song,lognormal,0.0,10,3,2013,true,1.0,1.0,0.05,23,0.8979217852893164,3,1.5690214219310796,19,0.8260869565217391,0.04,0.0,-2.313991476918668,-1.3868827444984524,0.16547752036034769,False,2.0988786187638366,1.5000861889380326,7.432277016050648e-12,
song,lognormal,0.0,10,4,2014,discovered,1.0,1.0,0.05,116,0.9094339777589071,1,1.5038966086682777,116,1.0,0.0,0.0,-5.390158921554503,-1.8268858915758028,0.06771692795996162,False,-1.3833631422903503,2.6164030610251916,6.294271770457271e-10,
song,lognormal,0.0,10,4,2014,true,1.0,1.0,0.05,24,0.723512561979894,30,2.1251962332553544,18,0.75,0.09,0.0,-2.879342874756316,-1.4917417710387146,0.13576685412179088,False,4.100392282603281,0.6680728451042934,1.0729195309977513e-11,
song,lognormal,0.0,10,5,2015,discovered,1.0,1.0,0.05,135,0.906444302232701,2,1.5211748499697288,108,0.8,0.0,0.0,-5.250383098353801,-1.859089576250278,0.06301444253433322,False,0.14296896394433345,2.4251821920854475,3.384457158972509e-10,
song,lognormal,0.0,10,5,2015,true,1.0,1.0,0.05,24,0.8528603771000828,101,2.7558987237540387,13,0.5416666666666666,0.79,0.0,-0.044260063890289914,-0.22661211341583215,0.8207253721790877,False,0.20951124830079282,1.7603207486979264,5.863662835281502e-07,
song,lognormal,0.0,10,6,2016,discovered,1.0,1.0,0.05,116,0.869482609035366,17,2.4331938029538875,33,0.28448275862068967,0.66,0.0,-0.5181351672012635,-0.620559495240956,0.5348894971194591,False,1.4405902094854235,1.328946409169614,1.113278358388925e-10,
song,lognormal,0.0,10,6,2016,true,1.0,1.0,0.05,24,0.8727085448172321,46,2.311626384194623,15,0.625,0.91,0.0,-0.5955935232446836,-0.6820741398395959,0.4951920716472017,False,3.6406679569523055,1.0304445555585497,6.955218623261317e-10,
song,lognormal,0.0,10,7,2017,discovered,1.0,1.0,0.05,128,0.8917127882761068,4,1.80160110633948,79,0.6171875,0.01,0.0,-2.6361018316203824,-1.4554436611692494,0.14554647654149688,False,0.5368400059495858,1.8115060036569122,6.650680006714538e-10,
song,lognormal,0.0,10,7,2017,true,1.0,1.0,0.05,24,0.8191397048408162,75,3.0279689367191818,12,0.5,0.42,0.0,0.0034352924267473384,0.818155698019351,0.4132682882371036,False,-113473.5577017347,236.05277211290195,7.921781616460066e-05,
song,lognormal,0.0,11,0,2010,discovered,1.0,1.0,0.05,61,0.9568020952235805,3,2.219841247584974,26,0.4262295081967213,0.53,0.0,-0.3801165929331569,-0.5794873528604301,0.5622603778502213,False,-1.2437434623614205,1.6558218468012387,2.1941559680271894e-11,
song,lognormal,0.0,11,0,2010,true,1.0,1.0,0.05,22,0.8580597992408446,6,2.1738583431807985,16,0.7272727272727273,0.3,0.0,-0.8522611856505815,-0.8955625213695906,0.3704864600126866,False,1.7870998245756209,1.0205870185907207,2.0520474208751693e-11,
song,lognormal,0.0,11,1,2011,discovered,1.0,1.0,0.05,76,0.9739685919344253,2,1.9673154059933011,42,0.5526315789473685,0.72,0.0,-0.2373708082694359,-0.39447096756433925,0.6932333576561915,False,-9.964322448699344,3.363844401551383,1.4633721434620384e-07,
song,lognormal,0.0,11,1,2011,true,1.0,1.0,0.05,22,0.8816421540454114,6,2.0117098087472254,15,0.6818181818181818,0.22,0.0,-0.026589148382963,-0.1678320193058163,0.8667154320085285,False,-11.732488246362507,3.810626968595243,6.98850044500432e-09,
song,lognormal,0.0,11,2,2012,discovered,1.0,1.0,0.05,77,0.9155818499513493,3,1.8674038026930275,49,0.6363636363636364,0.0,0.0,-1.3542209914669807,-0.9363319227368273,0.34910231694746563,False,-0.11723483584713837,1.7874815977680683,1.1738165994756855e-11,
song,lognormal,0.0,11,2,2012,true,1.0,1.0,0.05,24,0.7878776039287304,24,2.947144223618046,14,0.5833333333333334,0.66,0.0,0.0042902235725037485,0.25266355379098143,0.8005282140656429,False,-207.34105445767835,10.352649053339093,3.794479101770776e-05,
song,lognormal,0.0,11,3,2013,discovered,1.0,1.0,0.05,74,0.92684060319109,7,2.261754771257318,29,0.3918918918918919,0.67,0.0,-0.11250709272094017,-0.30622587302273274,0.7594326742240908,False,-4.711942749247408,2.4796466163421207,8.028899856071803e-08,
song,lognormal,0.0,11,3,2013,true,1.0,1.0,0.05,23,0.9051521410580539,8,2.060933588631435,18,0.782608695652174,0.75,0.0,0.03437975398782811,0.5328657810443963,0.594126494125184,False,-9616.698447993942,93.74170556414987,3.772856871364638e-08,
song,lognormal,0.0,11,4,2014,discovered,1.0,1.0,0.05,126,0.9209836474375656,2,1.6516351184005578,88,0.6984126984126984,0.01,0.0,-7.650730906652431,-2.442581406703409,0.014582640351782824,False,1.1030005596893053,1.5232601599156455,5.6843418860808015e-11,
song,lognormal,0.0,11,4,2014,true,1.0,1.0,0.05,24,0.8761333079877089,26,2.2802501488700964,19,0.7916666666666666,0.44,0.0,-0.09128597567560792,-0.2879826659406661,0.7733600074278706,False,-1.3524704848093072,2.157644838477517,2.1409078954093275e-08,
song,lognormal,0.0,11,5,2015,discovered,1.0,1.0,0.05,102,0.8268842171487449,43,2.4016728631395208,33,0.3235294117647059,0.36,0.0,-0.8226985963883164,-0.8237792538762492,0.4100649976239251,False,3.0842421770448762,1.1471688486733358,1.0714984455262311e-10,
song,lognormal,0.0,11,5,2015,true,1.0,1.0,0.05,24,0.8704273601111171,130,2.822509520106152,10,0.4166666666666667,0.75,0.0,-0.305921968461103,-0.4801977761810006,0.6310867679769975,False,4.5408911243764525,0.8180996168115734,2.099440621350368e-10,
song,lognormal,0.0,11,6,2016,discovered,1.0,1.0,0.05,111,0.8731984253465167,9,1.9573020309278257,48,0.43243243243243246,0.31,0.0,-2.0931735200352106,-1.3940727727486444,0.1632956301716073,False,1.9730476874260545,1.3690330202053724,5.906031219637953e-11,
song,lognormal,0.0,11,6,2016,true,1.0,1.0,0.05,24,0.8481475228476788,79,2.9494054637917024,11,0.4583333333333333,0.87,0.0,-0.05849143528521328,-0.22222255581413722,0.8241406360656289,False,1.5646185430539934,1.381449705982675,1.1123724164008308e-08,
song,lognormal,0.0,11,7,2017,discovered,1.0,1.0,0.05,83,0.786010737177197,22,2.4409946361521695,35,0.42168674698795183,0.72,0.0,-0.25348098377124284,-0.4883597502743305,0.6252950461590501,False,-0.0008104604392204575,1.7209410607177036,4.769276529259514e-09,
song,lognormal,0.0,11,7,2017,true,1.0,1.0,0.05,24,0.9066783474731932,47,2.606683230438448,18,0.75,0.27,0.0,-0.3525544668086713,-0.4776212336446591,0.6329198150974051,False,2.9667661371267755,1.0929870169863185,8.915890248317737e-11,
song,lognormal,0.0,12,0,2010,discovered,1.0,1.0,0.05,67,0.9233856690177232,5,3.2272006387091055,17,0.2537313432835821,0.66,0.0,0.0376305473927232,0.5991426788189234,0.5490777434275301,False,-223136.36103375856,306.4300851294078,4.967357745044865e-05,
song,lognormal,0.0,12,0,2010,true,1.0,1.0,0.05,23,0.8395072835967528,5,2.098533853365266,16,0.6956521739130435,0.32,0.0,-0.8775687257005667,-1.029479355419839,0.3032544760082455,False,1.5919873151208939,1.087101253365401,1.0160761121369433e-12,
song,lognormal,0.0,12,1,2011,discovered,1.0,1.0,0.05,61,0.9575879053422846,2,1.7775763845229657,45,0.7377049180327869,0.12,0.0,-0.41702480570801015,-0.43327441464821154,0.6648154232287892,False,-4.348562738130822,2.860327959544861,2.577951363491593e-08,
song,lognormal,0.0,12,1,2011,true,1.0,1.0,0.05,23,0.8545149773104085,3,1.5898525233665852,19,0.8260869565217391,0.1,0.0,-2.861778483245984,-1.5316551338392248,0.12560755945274285,False,2.2424723979144723,1.3028004029928635,2.984279490192421e-13,
song,lognormal,0.0,12,2,2012,discovered,1.0,1.0,0.05,119,0.9036449456083809,8,3.0974989380327487,26,0.2184873949579832,0.94,0.0,-0.2997563950826132,-0.5342716528163121,0.5931536015520743,False,0.6749819156477841,1.0057494361761934,1.5080559023772366e-10,
song,lognormal,0.0,12,2,2012,true,1.0,1.0,0.05,24,0.7001450088158986,20,2.5940538481790334,16,0.6666666666666666,0.45,0.0,-0.050594954027158856,-0.2566224807720575,0.7974702188966761,False,-2.673734619290591,2.0528900007097572,3.3387408393537044e-09,
song,lognormal,0.0,12,3,2013,discovered,1.0,1.0,0.05,102,0.9329788299473456,1,1.7129957004074934,102,1.0,0.06,0.0,-1.7948299984226495,-0.9652951015210207,0.3343970246146115,False,-4.242553138623164,2.6775802666106086,2.476951976859709e-10,
song,lognormal,0.0,12,3,2013,true,1.0,1.0,0.05,24,0.8464886363675521,19,2.207073190977775,15,0.625,0.17,0.0,-1.468572052801449,-1.016973617490878,0.30916598014178587,False,3.400592491483348,0.774126022053301,1.4210854715202004e-13,
song,lognormal,0.0,12,4,2014,discovered,1.0,1.0,0.05,96,0.8157032322293557,11,2.3110905946311355,42,0.4375,0.07,0.0,-2.033997958825296,-1.391328510334742,0.1641258321510266,False,2.3470531967365718,0.9530418087449068,8.810729923425242e-13,
song,lognormal,0.0,12,4,2014,true,1.0,1.0,0.05,24,0.844021030329373,58,2.9127948275111737,10,0.4166666666666667,0.86,0.0,-0.07491476751873005,-0.2956765354625188,0.7674771183632464,False,1.9043876951252425,1.2672473737060077,3.254996272517019e-10,
song,lognormal,0.0,12,5,2015,discovered,1.0,1.0,0.05,130,0.8427003862750345,40,2.5749323211051474,30,0.23076923076923078,0.72,0.0,-0.4341802476945609,-0.6290182000622923,0.5293371411021921,False,2.3559352177983213,1.2357094673206677,1.0313101483916398e-09,
song,lognormal,0.0,12,5,2015,true,1.0,1.0,0.05,24,0.7033109574188566,104,2.6691929502844522,13,0.5416666666666666,0.08,0.0,-1.0520488878408836,-0.8280248549120697,0.40765642402795177,False,4.911633153545485,0.6094903411965444,1.7038814803527202e-11,
song,lognormal,0.0,12,6,2016,discovered,1.0,1.0,0.05,103,0.9065523048355482,8,1.9643230244451306,47,0.4563106796116505,0.69,0.0,-0.5183716233060904,-0.6780838858884011,0.4977185071943421,False,-1.2409011884053212,2.2641136659301058,2.2237998109631008e-08,
song,lognormal,0.0,12,6,2016,true,1.0,1.0,0.05,24,0.8131534433776542,20,1.7815472904442438,19,0.7916666666666666,0.04,0.0,-2.312324844533092,-1.2959211956978032,0.195002636037936,False,3.8519544097363143,1.0905673141512122,1.8189894035458565e-11,
song,lognormal,0.0,12,7,2017,discovered,1.0,1.0,0.05,156,0.9346502230259967,1,1.5847384292605178,156,1.0,0.15,0.0,-2.7381444091562415,-1.1904552507040476,0.23386750832081937,False,-5.545866432981491,3.377941242724176,1.2031478036078624e-08,
song,lognormal,0.0,12,7,2017,true,1.0,1.0,0.05,24,0.8462893153020984,32,2.014269991202297,17,0.7083333333333334,0.9,0.0,-0.21031502393359514,-0.42126923047275283,0.6735584960078793,False,0.9509145318325466,2.032942184131999,2.5565327632648405e-11,
song,lognormal,0.0,13,0,2010,discovered,1.0,1.0,0.05,84,0.9453269644837,1,1.9223675884648774,84,1.0,0.37,0.0,-1.40337967079549,-1.0375176223408213,0.299494687265634,False,-4.132940600036884,2.2267247414289852,2.475530891388189e-09,
song,lognormal,0.0,13,0,2010,true,1.0,1.0,0.05,24,0.9230584438202905,5,2.095671602015192,17,0.7083333333333334,0.18,0.0,-1.053282199915194,-0.9860210963987738,0.3241227606212339,False,1.7257581433716611,1.0276919956306956,3.197442310920451e-13,
song,lognormal,0.0,13,1,2011,discovered,1.0,1.0,0.05,89,0.890616293741963,8,3.0064580621021726,23,0.25842696629213485,0.67,0.0,-0.17787347956601263,-0.35986566577158485,0.7189475939781829,False,-0.10182880294396099,1.2066494533932213,1.3457679415296298e-11,
song,lognormal,0.0,13,1,2011,true,1.0,1.0,0.05,23,0.8892933032573509,6,1.8337188531125055,20,0.8695652173913043,0.23,0.0,-1.751262292663132,-1.1218544507777257,0.2619243301511598,False,2.3068674691700917,1.17474042471753,9.265477274311706e-12,
song,lognormal,0.0,13,2,2012,discovered,1.0,1.0,0.05,87,0.889768245472166,5,2.021066506398862,45,0.5172413793103449,0.21,0.0,-1.8968623956269335,-1.2557884944756637,0.20919266417020577,False,1.2978184781138078,1.2960897195841676,4.9254822442890145e-11,
song,lognormal,0.0,13,2,2012,true,1.0,1.0,0.05,24,0.8241466743976659,19,2.3758771505442327,16,0.6666666666666666,0.96,0.0,-0.7746109532516003,-0.8098207516968288,0.4180432039962053,False,2.917735714916186,0.9084274344165092,7.273115443240386e-11,
song,lognormal,0.0,13,3,2013,discovered,1.0,1.0,0.05,92,0.9287754949241395,3,2.0837526208667714,46,0.5,0.25,0.0,-1.7572714410924126,-1.1892759260146717,0.23433110542671243,False,0.5944181951100009,1.2624562125080239,1.2576606422953773e-11,
song,lognormal,0.0,13,3,2013,true,1.0,1.0,0.05,24,0.9323953279431453,11,2.0296225664333396,16,0.6666666666666666,0.71,0.0,-0.09831288057629761,-0.27091638650526123,0.7864553415686024,False,-2.5812544598893004,2.5220282168409285,2.3677870331084705e-08,
song,lognormal,0.0,13,4,2014,discovered,1.0,1.0,0.05,110,0.8727124596244863,6,2.1035914712278942,56,0.509090909090909,0.3,0.0,-1.5535401776963877,-0.9581611398500892,0.3379815092692726,False,0.8974691802865311,1.423695660140168,1.8189894035458565e-12,
song,lognormal,0.0,13,4,2014,true,1.0,1.0,0.05,24,0.7993168235582492,22,2.1651399719663176,19,0.7916666666666666,0.86,0.0,-0.3600184925577352,-0.5874763747987366,0.5568838128620004,False,1.7794287352765183,1.5281128187076563,5.049116680311272e-11,
song,lognormal,0.0,13,5,2015,discovered,1.0,1.0,0.05,236,0.9624286716819948,3,1.8994486594296314,123,0.5211864406779662,0.3,0.0,-0.21633843972213107,-0.22741019545036248,0.8201047931361596,False,-10.620477211849085,3.744243142842265,1.9168334119967767e-07,
song,lognormal,0.0,13,5,2015,true,1.0,1.0,0.05,24,0.8981491655004948,39,1.9539177506330583,17,0.7083333333333334,0.68,0.0,-0.14082156892933373,-0.3559273712939229,0.7218949570032663,False,-0.3054796740381044,2.464512901662019,2.6762226923437993e-07,
song,lognormal,0.0,13,6,2016,discovered,1.0,1.0,0.05,134,0.9155294923502035,7,2.0136801990834168,58,0.43283582089552236,0.34,0.0,-1.0720035092699955,-0.9537053307407694,0.34023282105805996,False,0.23062239922134653,1.7836730737914206,1.2545626759674633e-09,
song,lognormal,0.0,13,6,2016,true,1.0,1.0,0.05,24,0.9598531356889618,64,2.3781279722768067,11,0.4583333333333333,0.83,0.0,-0.17190371869149335,-0.40261597677477157,0.6872307544342438,False,2.77857741180805,1.3767042170619292,3.247961899432994e-10,
song,lognormal,0.0,13,7,2017,discovered,1.0,1.0,0.05,134,0.9071060155279375,12,2.0275724301256695,38,0.2835820895522388,0.14,0.0,-1.8722796106933206,-1.2872403694858288,0.19801052050324763,False,2.443788846875877,1.2110841909992405,3.652189661806915e-11,
song,lognormal,0.0,13,7,2017,true,1.0,1.0,0.05,24,0.8068679747069443,126,4.310057314416319,10,0.4166666666666667,0.77,0.0,-0.018265738300632606,-0.15240897816963386,0.8788643762477756,False,1.2054744297217659,1.1247384940670608,2.9428598224967573e-08,
song,lognormal,0.0,14,0,2010,discovered,1.0,1.0,0.05,55,0.9266651902565091,1,1.7949457170814727,55,1.0,0.06,0.0,-2.2239552769908935,-1.4373406801354045,0.15062121519044658,False,-1.2902001094381594,1.7469842608603094,1.730882104311604e-11,
song,lognormal,0.0,14,0,2010,true,1.0,1.0,0.05,22,0.9092713726260832,2,1.6312708305844663,19,0.8636363636363636,0.21,0.0,-1.8300635314777285,-1.2025869695963023,0.2291361925960692,False,1.2626436057082782,1.4934767216787141,2.1316282072803006e-13,
song,lognormal,0.0,14,1,2011,discovered,1.0,1.0,0.05,64,0.9001394947182986,2,1.6285619644900364,51,0.796875,0.0,0.0,-6.08673652111606,-2.332880578981369,0.019654413951682187,False,1.471988835301258,1.3681334229466113,3.126388037344441e-13,
song,lognormal,0.0,14,1,2011,true,1.0,1.0,0.05,23,0.8999741669008278,5,1.780344124395588,18,0.782608695652174,0.39,0.0,-1.3932438255458117,-1.0549916443318827,0.29142914623660243,False,2.0229642471415317,1.3245259908317604,4.04298816647497e-11,
song,lognormal,0.0,14,2,2012,discovered,1.0,1.0,0.05,94,0.9320516445494155,1,1.6027781877901524,94,1.0,0.0,0.0,-7.1859621356117644,-2.3300993323996733,0.019800901713394742,False,-0.10193013607657457,1.7514622182067316,2.2737367544323206e-13,
song,lognormal,0.0,14,2,2012,true,1.0,1.0,0.05,23,0.7112714565143434,21,2.6870967916631447,16,0.6956521739130435,0.86,0.0,-0.18735029425402905,-0.4163488086845365,0.6771547817488139,False,1.4302462066532606,1.2413841397155079,4.730509317596443e-10,
song,lognormal,0.0,14,3,2013,discovered,1.0,1.0,0.05,73,0.9375644024763153,5,2.179238584758038,33,0.4520547945205479,0.25,0.0,-0.036933861467989715,-0.10605877329275824,0.915535720743141,False,-9.104026425907652,3.135911902988731,6.004779606882948e-08,
song,lognormal,0.0,14,3,2013,true,1.0,1.0,0.05,24,0.9085921571084337,5,1.7430746828508612,22,0.9166666666666666,0.08,0.0,-0.23999145028245872,-0.37045998329951907,0.7110397875644439,False,-2.1941448891625486,2.797745002195586,5.6559201766503975e-11,
song,lognormal,0.0,14,4,2014,discovered,1.0,1.0,0.05,80,0.8453725388638669,2,1.495022703075691,70,0.875,0.0,0.0,-9.944787836539263,-2.5989615938070694,0.009350623435889332,False,1.924326228608302,1.5968596845767857,1.3534418030758388e-10,
song,lognormal,0.0,14,4,2014,true,1.0,1.0,0.05,24,0.7790899363957329,39,2.4555219262731045,18,0.75,0.47,0.0,-0.40788219348256316,-0.5685886008589829,0.5696353624711218,False,2.8903587470065553,1.1433404259589603,4.6289017063827487e-10,
song,lognormal,0.0,14,5,2015,discovered,1.0,1.0,0.05,185,0.9368439086044736,1,1.620278158123161,185,1.0,0.01,0.0,3.510028316604581,2.5177562299193053,0.011810503006553678,False,-67966.118991232,301.35282404561593,0.0010698628070713312,
song,lognormal,0.0,14,5,2015,true,1.0,1.0,0.05,24,0.956158816644895,53,2.102673736322723,16,0.6666666666666666,0.78,0.0,-0.06591112547631184,-0.2503534613653605,0.8023140162355643,False,-2.081469285268982,2.6382718878384317,3.286592686890799e-08,
song,lognormal,0.0,14,6,2016,discovered,1.0,1.0,0.05,140,0.9260506407941194,13,1.9400585292199117,39,0.2785714285714286,0.06,0.0,-2.4787870679907886,-1.4713099086615067,0.14120732484902837,False,2.792923269254926,1.1966493484422143,2.5011104298755527e-12,
song,lognormal,0.0,14,6,2016,true,1.0,1.0,0.05,24,0.8884729902510354,25,1.8925593259186924,18,0.75,0.26,0.0,-1.063326916389487,-0.9095245590692353,0.36307330019897643,False,3.415251612372864,1.2965130079663987,2.70986788564187e-10,
song,lognormal,0.0,14,7,2017,discovered,1.0,1.0,0.05,150,0.9312958894676899,2,1.5752763375349905,109,0.7266666666666667,0.02,0.0,-4.103782652523355,-1.638441802565477,0.1013295649549842,False,-0.4931984871684051,2.443233519954932,2.957904143841006e-09,
song,lognormal,0.0,14,7,2017,true,1.0,1.0,0.05,24,0.879377090187691,61,2.2602919049314436,18,0.75,0.45,0.0,-0.38881750651561564,-0.5489860399691051,0.5830150301393249,False,3.1589483827294194,1.342343569283299,2.4205348836403573e-09,
song,lognormal,0.0,15,0,2010,discovered,1.0,1.0,0.05,76,0.9097898190961402,1,2.213703140321838,76,1.0,0.31,0.0,-0.3657793247785224,-0.4892293117357643,0.6246793598508737,False,-10.945525819314048,2.8245775198081766,3.743707566172816e-10,
song,lognormal,0.0,15,0,2010,true,1.0,1.0,0.05,23,0.9658104070658274,2,1.7174958304276,21,0.9130434782608695,0.96,0.0,-0.7280804976167727,-0.789445257844321,0.4298518129233876,False,-0.6682124331272621,2.0754091735336457,5.2480686463241e-11,
song,lognormal,0.0,15,1,2011,discovered,1.0,1.0,0.05,87,0.9090426492112101,4,2.0362787942990517,39,0.4482758620689655,0.0,0.0,-1.6819245771584967,-1.1270355915179149,0.25972743319022407,False,1.0953061120945353,1.2557799898074042,3.424815986363683e-12,
song,lognormal,0.0,15,1,2011,true,1.0,1.0,0.05,24,0.8219766409883069,16,2.3941127081303604,13,0.5416666666666666,0.1,0.0,-2.374050973535781,-1.2967010351997148,0.19473407303283008,False,3.3602803782997306,0.5030365293146457,6.394884621840902e-14,
song,lognormal,0.0,15,2,2012,discovered,1.0,1.0,0.05,76,0.8993403427995685,15,2.376475367620467,14,0.18421052631578946,0.3,0.0,-0.6274313258403224,-0.647759248462916,0.5171406765957414,False,2.6152316474480264,0.9333906441255314,1.1652900866465643e-12,
song,lognormal,0.0,15,2,2012,true,1.0,1.0,0.05,24,0.760570266210058,8,1.8056007119678945,22,0.9166666666666666,0.0,0.0,-4.019877451129872,-1.6732389026350574,0.09428027475264693,False,3.0756837727343775,0.8706767379945501,4.106937012693379e-12,
song,lognormal,0.0,15,3,2013,discovered,1.0,1.0,0.05,89,0.8902744489130743,5,2.0923037909984323,37,0.4157303370786517,0.11,0.0,-2.734089773864281,-1.5161165008350932,0.1294898966079222,False,1.873972428489854,0.9548245377510131,6.835421118012164e-12,
song,lognormal,0.0,15,3,2013,true,1.0,1.0,0.05,24,0.7769551606662813,29,2.9602906788923646,10,0.4166666666666667,0.71,0.0,-0.4279520914529198,-0.6433541011970231,0.5199943587830276,False,3.2838234501159835,0.6683961683355758,6.039613253960852e-13,
song,lognormal,0.0,15,4,2014,discovered,1.0,1.0,0.05,172,0.9514151271732885,2,1.7883735557479625,103,0.5988372093023255,0.14,0.0,-1.06711843453941,-0.7243889073620288,0.46882700798345567,False,-3.9803876607224513,2.7573555445546325,1.1357087714713998e-08,
song,lognormal,0.0,15,4,2014,true,1.0,1.0,0.05,24,0.8428871891922796,32,2.368515761896933,17,0.7083333333333334,0.08,0.0,-0.48874744339971077,-0.5349104258489414,0.5927117985679976,False,2.9313644712866704,1.1184985582658653,1.3429257705865894e-11,
song,lognormal,0.0,15,5,2015,discovered,1.0,1.0,0.05,222,0.961306697732064,2,1.7008319541508434,148,0.6666666666666666,0.31,0.0,-2.528483205632492,-1.3843764901909645,0.1662432037689816,False,-3.49230987558629,2.87502146561995,4.599087333190255e-09,
song,lognormal,0.0,15,5,2015,true,1.0,1.0,0.05,24,0.8624399580469413,71,2.1794032220889012,15,0.625,0.85,0.0,-0.2887027563532225,-0.5058656575059792,0.6129509624828738,False,3.049062900649176,1.4953000461160981,7.018172709649662e-10,
song,lognormal,0.0,15,6,2016,discovered,1.0,1.0,0.05,119,0.8695637124549094,41,3.3148097518161124,19,0.15966386554621848,0.34,0.0,-0.12004993360376481,-0.36430290955202327,0.7156318274326555,False,1.644297819027174,1.103827774570247,2.765290219031158e-10,
song,lognormal,0.0,15,6,2016,true,1.0,1.0,0.05,24,0.9282722347542354,31,2.088363456844574,18,0.75,0.22,0.0,-0.6340843031554222,-0.7368431138895668,0.46121776114921464,False,3.0535741231908844,1.3002733576814927,8.406004781136289e-10,
song,lognormal,0.0,15,7,2017,discovered,1.0,1.0,0.05,109,0.8627725024415115,5,1.6916458052732457,70,0.6422018348623854,0.0,0.0,-5.805957907659632,-2.2172336110139703,0.026607131898135128,False,2.144413669275534,1.4601399040618595,2.9388047551037744e-11,
song,lognormal,0.0,15,7,2017,true,1.0,1.0,0.05,24,0.7994608649423954,29,1.8625851916906198,18,0.75,0.09,0.0,-1.8638933490463505,-1.2258883544247883,0.220240691784658,False,4.051962288217363,1.0615685962174466,2.0463630789890885e-10,
song,lognormal,0.0,16,0,2010,discovered,1.0,1.0,0.05,58,0.9481325872628169,1,1.7053106040488324,58,1.0,0.16,0.0,-2.2787026739517175,-1.3331796022678326,0.18247287150707514,False,-1.5608911547817197,2.0122988809501527,1.2136069926782511e-11,
song,lognormal,0.0,16,0,2010,true,1.0,1.0,0.05,24,0.89631030982476,5,2.0252530036257848,16,0.6666666666666666,0.81,0.0,-0.28933871768730146,-0.5214614201424299,0.6020453744351031,False,-0.26122087095701274,1.7920711021606652,1.9019807950826362e-10,
song,lognormal,0.0,16,1,2011,discovered,1.0,1.0,0.05,99,0.9036015475016385,13,4.1942811270879234,17,0.1717171717171717,0.68,0.0,0.011643436665680795,0.46585423144454,0.6413198436778065,False,-162320.46510904096,222.28780356588553,4.075454125995748e-05,
song,lognormal,0.0,16,1,2011,true,1.0,1.0,0.05,24,0.9038572521509617,20,3.2578449280722177,10,0.4166666666666667,0.93,0.0,0.005513567203605518,0.3969548520746917,0.6914007539487188,False,-101915.33168832926,210.6827937336427,2.1081716113258153e-05,
song,lognormal,0.0,16,2,2012,discovered,1.0,1.0,0.05,88,0.8337496569311343,5,2.128105414446268,49,0.5568181818181818,0.08,0.0,-3.1986626340248705,-1.6169337843197842,0.10589257483965063,False,1.7633547711848405,0.9769989162412412,1.2448708730516955e-11,
song,lognormal,0.0,16,2,2012,true,1.0,1.0,0.05,24,0.6805354186440008,33,3.545671878499972,12,0.5,0.27,0.0,-0.7351499875738368,-0.7224183991403379,0.47003727817986407,False,3.581588882957222,0.44577982761040574,1.4992451724538114e-12,
song,lognormal,0.0,16,3,2013,discovered,1.0,1.0,0.05,97,0.928615582598169,1,1.6641753600002838,97,1.0,0.02,0.0,-3.5845182907662103,-1.4876767201257586,0.13683616984863173,False,-1.7179737685319516,2.1629827749104527,3.339550858072471e-11,
song,lognormal,0.0,16,3,2013,true,1.0,1.0,0.05,24,0.9101442743675849,6,1.8687642503287014,19,0.7916666666666666,0.24,0.0,-0.7045845295658042,-0.8049863776682873,0.42082754077367934,False,1.196029543261468,1.627403671227931,6.639311322942376e-10,
song,lognormal,0.0,16,4,2014,discovered,1.0,1.0,0.05,134,0.9515017529827253,2,1.7033102183242705,88,0.6567164179104478,0.39,0.0,-1.481401928969173,-1.0396345567867626,0.29850971565383977,False,-3.0957562891166956,2.776491819275515,2.7563999083213275e-08,
song,lognormal,0.0,16,4,2014,true,1.0,1.0,0.05,24,0.77188774407565,57,3.258823130758254,12,0.5,0.37,0.0,-0.00017761527861281934,-0.029495629672929135,0.9764693044424196,False,-18021.384721199844,89.06270138245289,1.3432691048365086e-06,
song,lognormal,0.0,16,5,2015,discovered,1.0,1.0,0.05,155,0.8949726461291551,1,1.458259537592443,155,1.0,0.0,0.0,-7.355027756859009,-1.937257574565861,0.05271386552225138,False,-1.1721966280641272,2.7769438154748967,7.486278263968416e-10,
song,lognormal,0.0,16,5,2015,true,1.0,1.0,0.05,24,0.8288659278559088,32,1.7646239385226072,20,0.8333333333333334,0.11,0.0,-2.4853834538424797,-1.4272641709716296,0.15350376388517667,False,4.362415709489538,1.105843112946225,4.49745130026713e-10,
song,lognormal,0.0,16,6,2016,discovered,1.0,1.0,0.05,89,0.9391841772406005,6,1.794129979575125,49,0.550561797752809,0.52,0.0,-0.3497181587158278,-0.46745685184798635,0.6401730557729413,False,-4.131415177759969,3.1376665505014802,1.110251446334587e-08,
song,lognormal,0.0,16,6,2016,true,1.0,1.0,0.05,24,0.8182789882647762,16,1.7280842548106596,20,0.8333333333333334,0.3,0.0,-0.9948945675101246,-0.900733636530805,0.3677299598726682,False,2.748460508410901,1.7081762922023958,4.3594639009825187e-10,
song,lognormal,0.0,16,7,2017,discovered,1.0,1.0,0.05,101,0.8530400925079824,17,2.0928173640087864,40,0.39603960396039606,0.12,0.0,-1.5295150856779278,-1.0897764001737555,0.2758116521334648,False,2.5328152546014246,1.2558560208379028,3.226716671633767e-10,
song,lognormal,0.0,16,7,2017,true,1.0,1.0,0.05,24,0.8515600122479364,86,3.0125309613216427,10,0.4166666666666667,0.97,0.0,-0.1890224981976676,-0.44797526017528755,0.6541710514799393,False,3.72609814330377,0.8813135140445166,1.5792522845003987e-10,
song,lognormal,0.0,17,0,2010,discovered,1.0,1.0,0.05,59,0.9621734980325197,2,2.051016031611198,36,0.6101694915254238,0.8,0.0,-0.2621358242354783,-0.40465597656197366,0.6857304062486229,False,-9.519012523858306,3.1425534838173674,4.344690296420595e-08,
song,lognormal,0.0,17,0,2010,true,1.0,1.0,0.05,23,0.941087890180203,2,1.6353043247396883,21,0.9130434782608695,0.29,0.0,-2.3419407536732084,-1.3725475555095956,0.16989304527181937,False,1.384949727909753,1.4035707511069124,1.0444978215673473e-11,
song,lognormal,0.0,17,1,2011,discovered,1.0,1.0,0.05,86,0.9431832719441362,2,1.878718514386843,63,0.7325581395348837,0.1,0.0,-1.769397937508932,-1.1157808972221819,0.264515932633657,False,-0.748342157646809,1.7849085305634047,4.979483492206782e-11,
song,lognormal,0.0,17,1,2011,true,1.0,1.0,0.05,24,0.8644549537738268,9,2.108049530793096,20,0.8333333333333334,0.63,0.0,-1.6105757465941073,-1.2069396663613545,0.22745538014798494,False,2.5505873478500973,0.9151913896254237,7.531752999057062e-13,
song,lognormal,0.0,17,2,2012,discovered,1.0,1.0,0.05,99,0.941769027140144,7,2.3796461126659842,24,0.24242424242424243,0.78,0.0,-0.15147852959572727,-0.3671036591339907,0.7135416979712077,False,-2.058554233398597,1.9147891941329085,1.0486189694347559e-10,
song,lognormal,0.0,17,2,2012,true,1.0,1.0,0.05,24,0.8851496279136862,26,2.553429058013625,12,0.5,0.69,0.0,-0.6825928316626708,-0.7476285581772963,0.45468423410672987,False,3.3486818717559412,0.7541336503536236,2.6076918402395677e-12,
song,lognormal,0.0,17,3,2013,discovered,1.0,1.0,0.05,86,0.9365221753751712,9,2.262165449059227,24,0.27906976744186046,0.58,0.0,-0.28430175132884994,-0.5255107396272276,0.599228189456031,False,-0.04155807877098112,1.6603468595142201,1.440412233932875e-10,
song,lognormal,0.0,17,3,2013,true,1.0,1.0,0.05,24,0.9134011518813631,30,2.741150587285967,10,0.4166666666666667,0.71,0.0,-0.04908597035340545,-0.19690262810906195,0.8439037370088387,False,0.04420810174812746,1.5806702561384811,7.62813812116292e-09,
song,lognormal,0.0,17,4,2014,discovered,1.0,1.0,0.05,108,0.9216717305076129,1,1.5373722658114408,108,1.0,0.0,0.0,-3.000934754340689,-1.2471469762213718,0.21234361089087428,False,-3.0734445861900275,2.982118769319179,3.656623448478058e-09,
song,lognormal,0.0,17,4,2014,true,1.0,1.0,0.05,24,0.5814956791272836,59,3.183306777303305,13,0.5416666666666666,0.06,0.0,-2.30846470703906,-1.2591552552711285,0.2079742596194012,False,4.4560464907952495,0.3277845851187066,1.9682033780554775e-12,
song,lognormal,0.0,17,5,2015,discovered,1.0,1.0,0.05,117,0.7951828343136144,57,3.1717759729455413,27,0.23076923076923078,0.45,0.0,-0.23327664437029227,-0.46137868322952497,0.6445269424935554,False,2.3866530590468735,1.063691318915424,1.0976037856380572e-09,
song,lognormal,0.0,17,5,2015,true,1.0,1.0,0.05,24,0.9323111412077413,50,2.2297367878630117,23,0.9583333333333334,0.15,0.0,-0.7134211776120667,-0.7674076622575233,0.44283917428624586,False,3.4301132874935387,1.208297481178001,6.21611206952366e-10,
song,lognormal,0.0,17,6,2016,discovered,1.0,1.0,0.05,146,0.9420783944979838,2,1.692247583299943,104,0.7123287671232876,0.24,0.0,-3.528798884415967,-1.6754258409555567,0.09385071004910606,False,-0.7343697183875941,2.1600003279504203,4.3161207941011526e-10,
song,lognormal,0.0,17,6,2016,true,1.0,1.0,0.05,24,0.8621965870497791,11,1.6121015347071435,21,0.875,0.05,0.0,-2.536679545010353,-1.2879266909965528,0.19777148330547178,False,3.4537691701038735,1.4047445743744098,1.981618424906628e-09,
song,lognormal,0.0,17,7,2017,discovered,1.0,1.0,0.05,116,0.8942926430393848,2,1.570879926137498,96,0.8275862068965517,0.0,0.0,-4.047363729806297,-1.5626342393460055,0.11813865003951482,False,-0.07127421561299868,2.307370257148453,2.6767565941554494e-10,
song,lognormal,0.0,17,7,2017,true,1.0,1.0,0.05,24,0.9172326502023203,41,2.5737860863019226,21,0.875,0.37,0.0,-0.34746308936826065,-0.533308761884071,0.5938198634104881,False,2.5768620895184373,1.1829598141179527,1.2001066806988092e-09,
song,lognormal,0.0,18,0,2010,discovered,1.0,1.0,0.05,61,0.9045385271285026,1,2.0108369126651757,61,1.0,0.27,0.0,-1.9520388162679168,-1.2621457562044454,0.20689634320942873,False,-1.0452095546375255,1.3785277562181555,5.542233338928781e-13,
song,lognormal,0.0,18,0,2010,true,1.0,1.0,0.05,22,0.8729274203864359,5,2.1062850877452255,14,0.6363636363636364,0.31,0.0,-0.2309930982639048,-0.5795015516184583,0.5622507999705841,False,-0.6283537156381194,1.7880936492601947,3.3429614632041194e-10,
song,lognormal,0.0,18,1,2011,discovered,1.0,1.0,0.05,61,0.8001563635383238,26,6.949701616218813,11,0.18032786885245902,0.79,0.0,-0.0892828787659119,-0.31196174641436364,0.7550695954616238,False,2.623106258186932,0.3924939996054018,7.887024366937112e-13,
song,lognormal,0.0,18,1,2011,true,1.0,1.0,0.05,24,0.7333063554909618,11,2.2055602207546143,16,0.6666666666666666,0.1,0.0,-1.8803015076820238,-1.1073578399760542,0.26813924624316265,False,2.9259028184579208,0.7114891947779539,1.9682033780554775e-12,
song,lognormal,0.0,18,2,2012,discovered,1.0,1.0,0.05,98,0.8576860216648026,1,1.578940064597992,98,1.0,0.0,0.0,-11.119033949393728,-2.8022294081969195,0.005075077073023885,False,0.6079795347369954,1.4680688650299871,4.217781679471955e-11,
song,lognormal,0.0,18,2,2012,true,1.0,1.0,0.05,24,0.8738964491019892,10,1.9916191189387673,16,0.6666666666666666,0.42,0.0,-0.4236743079402352,-0.5347444403325735,0.5928265868021529,False,1.3583723342403624,1.592865141209317,4.554863153316546e-10,
song,lognormal,0.0,18,3,2013,discovered,1.0,1.0,0.05,72,0.9383884575109582,5,2.297744284927335,30,0.4166666666666667,0.1,0.0,0.028633144658543053,0.22336013695153079,0.8232552267142861,False,-63.96603862694977,6.988646905425042,0.000527710170686646,
song,lognormal,0.0,18,3,2013,true,1.0,1.0,0.05,24,0.8948952615146902,5,1.7536755219401463,22,0.9166666666666666,0.25,0.0,-1.7396309528640592,-1.2665320695083429,0.20532265543790618,False,2.051590519525515,1.364461098062632,2.2509993868879974e-11,
song,lognormal,0.0,18,4,2014,discovered,1.0,1.0,0.05,92,0.8477829766452686,1,1.4462592184533092,92,1.0,0.0,0.0,-11.164931887062606,-2.7635479186646896,0.005717669625718232,False,0.8748912976465272,1.903178809541148,6.707523425575346e-12,
song,lognormal,0.0,18,4,2014,true,1.0,1.0,0.05,24,0.8951475797063474,59,2.960861080375756,11,0.4583333333333333,0.96,0.0,-0.1106591778774364,-0.32031662110939374,0.7487283245847594,False,2.4942585644012887,1.1213908323650783,3.232379697237775e-09,
song,lognormal,0.0,18,5,2015,discovered,1.0,1.0,0.05,119,0.8614189124316525,1,1.4009768230671384,119,1.0,0.0,0.0,-10.205425901396055,-2.5041052460536157,0.012276151072920866,False,0.33246450756701795,2.5029564848981036,7.287326297955588e-11,
song,lognormal,0.0,18,5,2015,true,1.0,1.0,0.05,24,0.8098361677752252,85,2.4157763311026015,16,0.6666666666666666,0.29,0.0,-0.5593190831495765,-0.6041258915211031,0.545759946838483,False,4.156001049477517,1.0019771280768621,6.010196784700383e-10,
song,lognormal,0.0,18,6,2016,discovered,1.0,1.0,0.05,82,0.9079530831524161,23,2.0404336638352136,26,0.3170731707317073,0.33,0.0,-0.34773396307108184,-0.5378849085036324,0.59065650789966,False,0.8638745327736209,1.9318680406179776,3.324771569168661e-10,
song,lognormal,0.0,18,6,2016,true,1.0,1.0,0.05,24,0.8822426219455062,48,1.9829600248695176,14,0.5833333333333334,0.22,0.0,-1.5041924880817192,-1.0403299905553518,0.29818661533405544,False,4.497799704604203,0.9172132110778639,8.115819127851864e-11,
song,lognormal,0.0,18,7,2017,discovered,1.0,1.0,0.05,187,0.923923179651245,1,1.633668053278751,187,1.0,0.01,0.0,0.14825012073386112,0.08997438003851689,0.9283075740030878,False,-24.643064443634195,5.936187200418048,1.6574620076426072e-07,
song,lognormal,0.0,18,7,2017,true,1.0,1.0,0.05,24,0.8693044351186997,58,2.3268997817738266,11,0.4583333333333333,0.47,0.0,-0.23730146351802528,-0.46827411164435084,0.63958857925609,False,3.1510653691065205,1.2762234394940388,4.3017678308387985e-10,
song,lognormal,0.0,19,0,2010,discovered,1.0,1.0,0.05,72,0.9369683888453347,1,2.031765746455103,72,1.0,0.31,0.0,-1.9205073314624115,-1.1956414132463988,0.23183652313254388,False,-1.5975128730444328,1.5115537965239965,4.5915271584817674e-11,
song,lognormal,0.0,19,0,2010,true,1.0,1.0,0.05,23,0.8653246350912209,9,3.184993338268521,12,0.5217391304347826,0.49,0.0,0.01719173918944783,0.4815504280009447,0.6301253484238233,False,-172200.83355108494,275.65241895734664,3.8819571273052134e-05,
song,lognormal,0.0,19,1,2011,discovered,1.0,1.0,0.05,85,0.906142983505152,1,1.6975440492172647,85,1.0,0.0,0.0,-6.752310519144498,-2.2128337971636816,0.026909106270893872,False,0.09168378503551122,1.4199826477213842,1.3670842236024328e-11,
song,lognormal,0.0,19,1,2011,true,1.0,1.0,0.05,24,0.8804523576633464,15,2.5918014227877246,12,0.5,0.93,0.0,-0.005919024301013209,-0.05247157723111603,0.9581529422099951,False,-10.869559105665882,3.014907993987445,9.260280862122272e-07,
song,lognormal,0.0,19,2,2012,discovered,1.0,1.0,0.05,141,0.9376086921320786,1,1.7666394614565675,141,1.0,0.06,0.0,-1.2364263144760352,-0.7227533585457045,0.46983142713677284,False,-8.13730797320219,3.2660587140996755,5.5970303947106e-09,
song,lognormal,0.0,19,2,2012,true,1.0,1.0,0.05,24,0.8819692641414201,19,2.331945148835906,20,0.8333333333333334,0.09,0.0,-0.3110246562472545,-0.5087903803096049,0.610899162944899,False,1.4842007051564958,1.422237502579853,1.5788259588589426e-11,
song,lognormal,0.0,19,3,2013,discovered,1.0,1.0,0.05,71,0.7923546880893643,18,3.992657920582521,19,0.2676056338028169,0.1,0.0,-0.06950375830164557,-0.2342285719542669,0.8148075346829013,False,0.2710256343062848,1.0277847932789856,2.282973809997202e-10,
song,lognormal,0.0,19,3,2013,true,1.0,1.0,0.05,24,0.7837262291419236,16,2.3004540624902714,16,0.6666666666666666,0.11,0.0,-2.411019068145897,-1.3690267346246772,0.17099091816166523,False,3.3527220071035693,0.5910725059069503,4.831690603168681e-13,
song,lognormal,0.0,19,4,2014,discovered,1.0,1.0,0.05,121,0.8273675274596988,16,3.626883509764316,23,0.19008264462809918,0.45,0.0,-1.142597671983296,-1.0076833404931467,0.3136065052231529,False,2.7733461952193847,0.46609379990231375,5.5990767577895895e-12,
song,lognormal,0.0,19,4,2014,true,1.0,1.0,0.05,24,0.8806174939111729,16,2.214689109518683,19,0.7916666666666666,0.66,0.0,0.0044687838404122715,0.1380903749764578,0.8901689925558866,False,-63582.627058827034,226.85462169858994,9.994846550398506e-05,
song,lognormal,0.0,19,5,2015,discovered,1.0,1.0,0.05,113,0.8065566909245674,46,2.3823776760259756,31,0.2743362831858407,0.0,0.0,-1.8663659072392278,-1.2041600802122814,0.22852771201715438,False,3.974433772794509,0.8305319732044371,1.1377210284990724e-10,
song,lognormal,0.0,19,5,2015,true,1.0,1.0,0.05,24,0.8447510235283266,97,2.928676834912683,15,0.625,0.56,0.0,-0.24609558829550693,-0.43497710569599923,0.6635790454850268,False,3.6556522045089284,0.9659008435495204,8.475069535052171e-10,
song,lognormal,0.0,19,6,2016,discovered,1.0,1.0,0.05,111,0.8556365056292656,1,1.432812736476233,111,1.0,0.0,0.0,-7.758181100655802,-2.164685666500094,0.03041176549645858,False,-0.1348908925132619,2.510834960331922,1.227817847393453e-10,
song,lognormal,0.0,19,6,2016,true,1.0,1.0,0.05,24,0.6736210831232226,95,4.699408702265375,11,0.4583333333333333,0.6,0.0,-0.27126019942731094,-0.5429654920758821,0.5871535619343988,False,4.297929718113943,0.4354643390591985,1.694644424787839e-11,
song,lognormal,0.0,19,7,2017,discovered,1.0,1.0,0.05,89,0.811313168086138,19,1.9108901267982135,41,0.4606741573033708,0.0,0.0,-4.885158861764857,-1.8679022423464593,0.061775698287439264,False,3.664587937086025,0.9443181877296186,2.9842794901924208e-12,
song,lognormal,0.0,19,7,2017,true,1.0,1.0,0.05,24,0.8523630802628899,71,2.9208985259511584,13,0.5416666666666666,0.31,0.0,0.0006790974907300296,0.13813112328622482,0.8901367887152942,False,-11277.587214288033,76.46605325656688,7.287978587555699e-05,
song,lognormal,0.0,20,0,2010,discovered,1.0,1.0,0.05,67,0.8711311287038915,2,1.9415607491787594,45,0.6716417910447762,0.0,0.0,-4.886277395806076,-1.901342435509669,0.05725717416644074,False,1.1965285125944178,0.9052500933865558,2.2879476091475226e-12,
song,lognormal,0.0,20,0,2010,true,1.0,1.0,0.05,24,0.677921471405484,15,4.089561226752895,10,0.4166666666666667,0.11,0.0,-0.24856323826896332,-0.5075057970690587,0.6117999698966238,False,2.39094544453412,0.5163607110522406,6.227907078937278e-12,
song,lognormal,0.0,20,1,2011,discovered,1.0,1.0,0.05,63,0.768751732724928,1,1.4589205156533924,63,1.0,0.0,0.0,-13.447578556099419,-3.076010518979885,0.0020979044380471574,False,1.4578698797388627,1.370476675271823,9.691802915767767e-12,
song,lognormal,0.0,20,1,2011,true,1.0,1.0,0.05,24,0.7275321310846268,11,2.2909237377199183,19,0.7916666666666666,0.0,0.0,-3.494991876518681,-1.5775950306972963,0.11465867473411567,False,3.027203997835509,0.5391267949155657,1.8616219676914625e-12,
song,lognormal,0.0,20,2,2012,discovered,1.0,1.0,0.05,58,0.8640607565461765,10,2.037333155583012,28,0.4827586206896552,0.34,0.0,-1.0952384635552237,-0.9578216309425372,0.33815270971780453,False,1.9878232624310892,1.3097835768957513,1.4344436749524903e-10,
song,lognormal,0.0,20,2,2012,true,1.0,1.0,0.05,24,0.8585184343518885,15,2.121921247202498,17,0.7083333333333334,0.12,0.0,-1.3931853963278407,-1.0774843938274352,0.2812639191377093,False,3.089212270575744,0.8987746857673709,3.836930773104541e-13,
song,lognormal,0.0,20,3,2013,discovered,1.0,1.0,0.05,89,0.8919698991078598,1,1.594341408872129,89,1.0,0.01,0.0,-4.782650894157267,-1.8841233028285884,0.05954829884739541,False,-0.7891536414233495,2.0566729454328225,5.277911441226024e-11,
song,lognormal,0.0,20,3,2013,true,1.0,1.0,0.05,24,0.8163658712093345,22,2.500307240109241,15,0.625,0.81,0.0,-0.03720349379202759,-0.18103871487369397,0.8563371879926621,False,-4.194517677780284,2.3670993858272897,4.168930445302976e-08,
song,lognormal,0.0,20,4,2014,discovered,1.0,1.0,0.05,111,0.916569880240664,2,1.6078446817159247,85,0.7657657657657657,0.01,0.0,-3.816119707395919,-1.6766757209628005,0.09360591079922481,False,-0.03641365365149044,2.1629330084845506,4.155253918725066e-11,
song,lognormal,0.0,20,4,2014,true,1.0,1.0,0.05,24,0.8256838438341656,49,2.624981976570928,13,0.5416666666666666,0.35,0.0,-0.4675780657864177,-0.5719609034421398,0.567348461870576,False,3.65822057045,0.8643108978837081,3.113598268100759e-11,
song,lognormal,0.0,20,5,2015,discovered,1.0,1.0,0.05,159,0.8792620381337328,9,1.910724431277372,70,0.44025157232704404,0.02,0.0,-4.361310947377236,-1.9245430203937326,0.05428655371632348,False,2.3911744289910954,1.2448411496106155,2.0463630789890885e-12,
song,lognormal,0.0,20,5,2015,true,1.0,1.0,0.05,24,0.9124422852164498,55,2.241107451030271,18,0.75,0.64,0.0,-0.38871127038259967,-0.5508778763434712,0.5817173943981991,False,3.0340649717469295,1.3646200669889235,2.0907009457005188e-09,
song,lognormal,0.0,20,6,2016,discovered,1.0,1.0,0.05,90,0.8473656311080725,8,1.713458591226472,51,0.5666666666666667,0.0,0.0,-4.243029132255015,-1.7640852694170883,0.0777176241506999,False,2.6579427932901547,1.4092293663023585,4.496314431889914e-11,
song,lognormal,0.0,20,6,2016,true,1.0,1.0,0.05,24,0.7840731591846594,46,2.214195595863966,16,0.6666666666666666,0.71,0.0,-0.34087432933749007,-0.5291182245857985,0.5967234397381228,False,2.813245511091244,1.4002703522369668,1.5984369383659214e-09,
song,lognormal,0.0,20,7,2017,discovered,1.0,1.0,0.05,91,0.87202955093146,9,1.766735329833104,49,0.5384615384615384,0.06,0.0,-3.1587101797775703,-1.6461460979425124,0.09973368361224619,False,2.4662826068505086,1.4627884221610576,2.859223968698643e-11,
song,lognormal,0.0,20,7,2017,true,1.0,1.0,0.05,24,0.8037944205406792,100,3.344643551522057,11,0.4583333333333333,0.65,0.0,-0.00033111142729858045,-0.009740234515974012,0.9922285401438409,False,-23.301352090187905,3.4953617721075827,0.0003198026703046253,
song,lognormal,0.0,21,0,2010,discovered,1.0,1.0,0.05,73,0.8644833631741002,8,3.6589100261756107,15,0.2054794520547945,0.66,0.0,-0.4177342640207038,-0.7073298950559606,0.4793614917003355,False,1.7795677225958242,0.5683694168630331,3.943512183468556e-12,
song,lognormal,0.0,21,0,2010,true,1.0,1.0,0.05,23,0.6702427309130659,14,3.6457323655958906,10,0.43478260869565216,0.5,0.0,-0.6475124793717555,-0.668890050440711,0.5035656174990704,False,2.7355714055107425,0.4145734007210347,7.311484750971431e-12,
song,lognormal,0.0,21,1,2011,discovered,1.0,1.0,0.05,71,0.8924632993396935,1,1.5820767498954895,71,1.0,0.11,0.0,-4.483332477119833,-1.8089583197771115,0.07045747889829619,False,-0.4095102850715575,1.9497557654304942,1.1854695003421512e-10,
song,lognormal,0.0,21,1,2011,true,1.0,1.0,0.05,24,0.7777780035004892,11,2.278596193805591,16,0.6666666666666666,0.33,0.0,-0.920870697020391,-0.9031200475680428,0.3664621851608587,False,2.4874218136904505,0.9119966758004441,2.3447910280083306e-12,
song,lognormal,0.0,21,2,2012,discovered,1.0,1.0,0.05,109,0.94057859480075,2,1.8905003904898154,64,0.5871559633027523,0.07,0.0,-2.9474705826215013,-1.5774960813086347,0.11468142307355614,False,0.20012158983219946,1.4492877240916489,6.355094228638336e-11,
song,lognormal,0.0,21,2,2012,true,1.0,1.0,0.05,24,0.9549231576468485,13,1.8927776926789541,12,0.5,0.64,0.0,-0.27746711181287154,-0.5221763488662402,0.6015475517256671,False,1.248021600998824,1.8655679182434568,1.238326774455345e-09,
song,lognormal,0.0,21,3,2013,discovered,1.0,1.0,0.05,78,0.9299571313423926,5,2.018127523444978,35,0.44871794871794873,0.21,0.0,-0.8373670205430082,-0.8888574887270146,0.37407967486512284,False,0.3113613557543585,1.637501754945896,3.936406756110955e-11,
song,lognormal,0.0,21,3,2013,true,1.0,1.0,0.05,24,0.7907596655421061,6,1.757391917758788,22,0.9166666666666666,0.33,0.0,-1.6670552876626328,-1.1317880861581526,0.25772353771570067,False,2.221583792281035,1.376582499042536,3.566924533515703e-12,
song,lognormal,0.0,21,4,2014,discovered,1.0,1.0,0.05,97,0.8798288686176244,3,1.680976288378642,67,0.6907216494845361,0.0,0.0,-5.456867291120811,-1.9507349013870028,0.05108858931941511,False,1.5450562494376934,1.4869545094840775,9.350742402602918e-12,
song,lognormal,0.0,21,4,2014,true,1.0,1.0,0.05,24,0.8451041249453791,26,2.2415825456637637,17,0.7083333333333334,0.85,0.0,-0.14504235495632578,-0.3411012261715748,0.7330273781747078,False,0.30869329260673767,1.866315888652139,7.796884915478586e-09,
song,lognormal,0.0,21,5,2015,discovered,1.0,1.0,0.05,97,0.8286531529009249,38,2.5544180472014824,32,0.32989690721649484,0.61,0.0,-0.06288236163374528,-0.2562263999578639,0.7977760246664505,False,-3.7420785168610404,2.3405538776453265,1.7108033034674008e-07,
song,lognormal,0.0,21,5,2015,true,1.0,1.0,0.05,24,0.8207080417569685,110,2.764910742767474,11,0.4583333333333333,0.42,0.0,-0.18850860342463172,-0.36823398505543464,0.7126987715129038,False,3.753808017491547,1.0395894973314326,8.817551133688539e-10,
song,lognormal,0.0,21,6,2016,discovered,1.0,1.0,0.05,150,0.9086947055865636,5,2.049186633901692,68,0.4533333333333333,0.2,0.0,-2.2500782800635184,-1.3161634674215308,0.18811918254238946,False,0.9657233697902267,1.3880862471702178,3.495870259939693e-12,
song,lognormal,0.0,21,6,2016,true,1.0,1.0,0.05,24,0.9058198516403755,50,2.3886237726728567,13,0.5416666666666666,0.94,0.0,-0.04565934386910797,-0.24049105796620518,0.8099495945980201,False,-1.6447037024891908,2.22002201755945,1.0793347513526896e-06,
song,lognormal,0.0,21,7,2017,discovered,1.0,1.0,0.05,121,0.9389927244283487,1,1.5085787478787958,121,1.0,0.0,0.0,-6.153995697117694,-2.0506247356952563,0.04030350560610495,False,-1.3952585535226008,2.5955454936605453,1.1429222013248364e-08,
song,lognormal,0.0,21,7,2017,true,1.0,1.0,0.05,24,0.7742344367707539,70,2.917290719260954,13,0.5416666666666666,0.18,0.0,-1.8848570139271459,-1.1687713478045905,0.2424957671964636,False,4.643356735077967,0.4106693504755934,1.9042545318370685e-12,
song,lognormal,0.0,22,0,2010,discovered,1.0,1.0,0.05,65,0.9549017767795667,2,1.914068814651738,40,0.6153846153846154,0.07,0.0,-1.540441965905365,-1.0691305419861266,0.2850108510928584,False,-0.11424021756902,1.5278211864052558,4.339995030022692e-11,
song,lognormal,0.0,22,0,2010,true,1.0,1.0,0.05,24,0.7332613545300394,10,3.43390089984483,14,0.5833333333333334,0.9,0.0,-0.05946456249864518,-0.24375206575297154,0.8074228466255864,False,-0.8631383526495324,1.24421991061986,1.2754242106893798e-11,
song,lognormal,0.0,22,1,2011,discovered,1.0,1.0,0.05,98,0.9272769151432179,3,2.26522668502867,50,0.5102040816326531,0.5,0.0,-1.2490778717885636,-1.0339982784250545,0.3011369680596091,False,0.02826724696946277,1.2857278108406678,3.851141627819743e-12,
song,lognormal,0.0,22,1,2011,true,1.0,1.0,0.05,24,0.8900696463634589,12,2.374946984616377,14,0.5833333333333334,0.22,0.0,0.012465955066105927,0.3574756213863317,0.7207357734754541,False,-152576.70449232528,329.2156986884801,8.388288006244693e-05,
song,lognormal,0.0,22,2,2012,discovered,1.0,1.0,0.05,111,0.9296944314370801,10,2.2554901380239283,29,0.26126126126126126,0.4,0.0,-0.012028225819203264,-0.06541578145341947,0.9478429592096554,False,-13.316019667729657,3.6409190892691288,2.2182020700256544e-06,
song,lognormal,0.0,22,2,2012,true,1.0,1.0,0.05,24,0.6995491733787752,37,3.1543032019533372,13,0.5416666666666666,0.44,0.0,-0.2815252639437551,-0.4928211095352786,0.622138993717503,False,3.052495826150902,0.7828875175433447,2.0605739337042905e-11,
song,lognormal,0.0,22,3,2013,discovered,1.0,1.0,0.05,114,0.9216997607233106,1,1.6933023142892387,114,1.0,0.09,0.0,-3.633391469153901,-1.6465762163917832,0.0996451823544055,False,-2.2302477569018926,2.2352134321608457,1.9804247131105512e-10,
song,lognormal,0.0,22,3,2013,true,1.0,1.0,0.05,24,0.794025427663579,24,2.888250884664163,13,0.5416666666666666,0.95,0.0,-0.06132786704712334,-0.24018018358893878,0.8101905753196879,False,-0.11015569792321872,1.48947566646794,3.3453773085057037e-10,
song,lognormal,0.0,22,4,2014,discovered,1.0,1.0,0.05,118,0.8921823980699783,2,1.5985162470857919,88,0.7457627118644068,0.0,0.0,-8.483430451188939,-2.558190028608505,0.010521857740215228,False,1.298003877178976,1.578444567669726,1.354578671453055e-10,
song,lognormal,0.0,22,4,2014,true,1.0,1.0,0.05,24,0.9217421260335513,30,2.1912372848134334,20,0.8333333333333334,0.79,0.0,-0.4075865808335033,-0.5693262586919545,0.5691347499305832,False,2.2502662058061738,1.4590020727898945,9.161738034890732e-11,
song,lognormal,0.0,22,5,2015,discovered,1.0,1.0,0.05,125,0.8756510600548452,11,1.8120037353319838,55,0.44,0.12,0.0,-3.3336911477774818,-1.689366170030603,0.0911492798918913,False,2.5991323437976925,1.4142040105046154,5.877609510207549e-11,
song,lognormal,0.0,22,5,2015,true,1.0,1.0,0.05,24,0.8517211822969463,145,3.2879416956263783,11,0.4583333333333333,0.94,0.0,0.0012637422739629756,0.5184386207724447,0.6041522744995041,False,-62881.52168858221,165.6026339674682,3.570588341972325e-05,
song,lognormal,0.0,22,6,2016,discovered,1.0,1.0,0.05,114,0.899196914705721,3,1.6498581703895214,75,0.6578947368421053,0.0,0.0,-5.97735422816112,-2.145790594164568,0.031889689400266034,False,1.530146523081328,1.58097567676452,1.1880274541908875e-11,
song,lognormal,0.0,22,6,2016,true,1.0,1.0,0.05,24,0.8492894852404737,25,1.977484300880384,18,0.75,0.2,0.0,-0.6347506878961413,-0.6716452291075145,0.5018095772584305,False,2.787380460846924,1.4487768097648277,8.725180578039726e-10,
song,lognormal,0.0,22,7,2017,discovered,1.0,1.0,0.05,164,0.9596797417135919,1,1.6167371366322678,164,1.0,0.13,0.0,-3.6610207412595113,-1.4883311934860457,0.13666357245750008,False,-4.964333591763429,3.1269867378399483,9.95082132249081e-08,
song,lognormal,0.0,22,7,2017,true,1.0,1.0,0.05,24,0.6976437482488899,46,2.221778806551601,16,0.6666666666666666,0.82,0.0,-0.2290708610682426,-0.4983782039985126,0.6182174963596939,False,2.0898473835541136,1.6002716362120486,2.772537754935911e-11,
song,lognormal,0.0,23,0,2010,discovered,1.0,1.0,0.05,59,0.8838507156178893,5,2.802862106227982,19,0.3220338983050847,0.51,0.0,-0.9010474473214412,-0.9594010185866896,0.33735676217167443,False,1.5470331361092207,0.680642114049428,7.247535904753022e-13,
song,lognormal,0.0,23,0,2010,true,1.0,1.0,0.05,23,0.7783532949762527,5,2.124917059027836,17,0.7391304347826086,0.23,0.0,-1.854367902426807,-1.4330226801885302,0.15185135590252272,False,2.1000672575741666,0.7825690911583142,3.197442310920451e-13,
song,lognormal,0.0,23,1,2011,discovered,1.0,1.0,0.05,69,0.8709964426525281,17,4.2614956619211215,10,0.14492753623188406,0.46,0.0,0.004536471966961386,0.3768144928835239,0.7063114695562114,False,-101421.65629554854,174.43987144500434,1.2972632248420268e-05,
song,lognormal,0.0,23,1,2011,true,1.0,1.0,0.05,24,0.811511340742804,16,2.850824782690196,15,0.625,0.48,0.0,0.006241604449046534,0.2934684557594299,0.7691641072389693,False,-84553.94508260445,211.62595803404938,2.066243723675143e-05,
song,lognormal,0.0,23,2,2012,discovered,1.0,1.0,0.05,99,0.9576886885989189,1,1.6291853199064836,99,1.0,0.02,0.0,-4.839329254660581,-1.8483798977001666,0.0645474047052562,False,-1.2654609888491255,2.113857400436043,1.9741719370358624e-10,
song,lognormal,0.0,23,2,2012,true,1.0,1.0,0.05,24,0.7993764286712386,34,2.6139905689956513,11,0.4583333333333333,0.42,0.0,-0.17905781059454462,-0.38524176363950907,0.7000583037378534,False,2.4009245316575125,1.156912592818187,7.950049507599033e-10,
song,lognormal,0.0,23,3,2013,discovered,1.0,1.0,0.05,90,0.9400700143589855,14,2.7001730205490255,14,0.15555555555555556,0.78,0.0,-0.06255385406458469,-0.25223147782790556,0.8008621486702419,False,-1.2687169629001203,1.6900701436930288,1.2779608482560434e-09,
song,lognormal,0.0,23,3,2013,true,1.0,1.0,0.05,24,0.8917717406475071,12,2.042999464382854,18,0.75,0.28,0.0,-0.1234238311849869,-0.2638122263761803,0.7919246129492161,False,-1.4240243581034533,2.2917882199855377,5.501675559571595e-08,
song,lognormal,0.0,23,4,2014,discovered,1.0,1.0,0.05,73,0.8125165034514679,35,3.4921483818643075,17,0.2328767123287671,0.83,0.0,-0.009892336204238461,-0.09928616429116384,0.9209110634316666,False,-6.448474638795021,2.0686143326144846,8.543390777049353e-07,
song,lognormal,0.0,23,4,2014,true,1.0,1.0,0.05,24,0.6548012276021031,56,3.1923726923942986,13,0.5416666666666666,0.63,0.0,-0.8959222945902452,-0.8258654385589984,0.40888042799647706,False,4.172113043589951,0.49489733617278986,7.830180948076304e-12,
song,lognormal,0.0,23,5,2015,discovered,1.0,1.0,0.05,178,0.9622604287336981,1,1.5251283053156928,178,1.0,0.06,0.0,-4.6689835788952685,-1.705359773275791,0.08812734592836205,False,-5.022650479430862,3.5218262427456732,2.781916919047944e-10,
song,lognormal,0.0,23,5,2015,true,1.0,1.0,0.05,24,0.8743675521798069,19,1.6110639998106866,24,1.0,0.06,0.0,-3.307076383174836,-1.5759451888128555,0.11503843552662006,False,4.131278275521499,1.32083931965787,2.1242385628283955e-10,
song,lognormal,0.0,23,6,2016,discovered,1.0,1.0,0.05,112,0.9205324462293016,3,1.604598701443352,69,0.6160714285714286,0.07,0.0,-2.7899981337319515,-1.547788905366008,0.12167312853627034,False,0.3028216124059966,2.263976595413539,1.2300915841478854e-10,
song,lognormal,0.0,23,6,2016,true,1.0,1.0,0.05,24,0.7870194649091174,77,2.6434035899574604,13,0.5416666666666666,0.82,0.0,-0.036377581706828366,-0.19472144247972362,0.8456110245464031,False,-1.1102805536995501,1.9977568209399048,2.4448713276115086e-06,
song,lognormal,0.0,23,7,2017,discovered,1.0,1.0,0.05,117,0.8494226974681244,9,1.9157879431759761,57,0.48717948717948717,0.03,0.0,-3.7750301317121635,-1.8013003433129608,0.07165555376868554,False,2.4500837534097255,1.2071415048141256,6.369305083353538e-11,
song,lognormal,0.0,23,7,2017,true,1.0,1.0,0.05,24,0.7787231087680481,32,1.9305531066469581,19,0.7916666666666666,0.09,0.0,-1.8117784891283706,-1.0671998738042554,0.28588158954202836,False,4.050854022519453,1.019021950174026,5.923084245296195e-11,
song,lognormal,0.0,24,0,2010,discovered,1.0,1.0,0.05,67,0.9412194548982106,2,2.2942024941216563,32,0.47761194029850745,0.39,0.0,-0.3109607411217601,-0.4600607072388901,0.6454726466318661,False,-2.3898646678409845,1.706336590072641,3.154809746774845e-12,
song,lognormal,0.0,24,0,2010,true,1.0,1.0,0.05,22,0.9141976344649899,5,2.0162774304411974,13,0.5909090909090909,0.37,0.0,-0.6316877702143304,-0.6725981590521118,0.5012029732329637,False,1.475298055426299,1.2285338140834698,5.684341886080801e-13,
song,lognormal,0.0,24,1,2011,discovered,1.0,1.0,0.05,83,0.9206219859698189,1,1.642993850278421,83,1.0,0.0,0.0,-6.77302665801669,-2.326323100888541,0.02000132055320776,False,0.06126493001598207,1.5641236507305807,8.58335624798201e-12,
song,lognormal,0.0,24,1,2011,true,1.0,1.0,0.05,22,0.7936069620295724,8,1.9291801029663664,17,0.7727272727272727,0.16,0.0,-1.8348457686568196,-1.1754258704270981,0.23982437841660142,False,2.699604356870946,0.9619877378995703,2.2879476091475226e-12,
song,lognormal,0.0,24,2,2012,discovered,1.0,1.0,0.05,103,0.9564522747633373,1,1.716516530300771,103,1.0,0.07,0.0,-2.663903219942132,-1.4199431575610062,0.15562423016132865,False,-3.495144007032007,2.4960781640056595,5.3757958085043356e-09,
song,lognormal,0.0,24,2,2012,true,1.0,1.0,0.05,23,0.8554929608406052,4,1.5852000223938167,22,0.9565217391304348,0.04,0.0,-3.241450913411482,-1.6565691416289543,0.09760661548671273,False,2.5661278852532137,1.3315843052934915,7.432277016050648e-12,
song,lognormal,0.0,24,3,2013,discovered,1.0,1.0,0.05,70,0.9245102344615089,1,1.5196846247613442,70,1.0,0.0,0.0,-6.145634214515418,-2.037853934908231,0.041564542603262734,False,0.1304872098561899,1.939762022725929,4.6497916628140956e-11,
song,lognormal,0.0,24,3,2013,true,1.0,1.0,0.05,22,0.7907337537377865,16,2.6077857822902613,14,0.6363636363636364,0.7,0.0,0.013991273101074064,0.4575839863879334,0.6472513504737505,False,-190839.52671114507,341.3473819587652,0.0001171158510260284,
song,lognormal,0.0,24,4,2014,discovered,1.0,1.0,0.05,131,0.9037003017971171,30,4.0513746911237964,17,0.1297709923664122,0.71,0.0,-0.05216698334424308,-0.23479753525770655,0.8143658808519101,False,0.6305865633590234,1.044931151713033,1.4349929244872328e-08,
song,lognormal,0.0,24,4,2014,true,1.0,1.0,0.05,24,0.8287128529946327,19,2.040022001562298,21,0.875,0.14,0.0,-1.6336693372450952,-1.1856352836282305,0.23576636197563405,False,3.3226540204061266,0.9943400269757284,3.68771679859492e-11,
song,lognormal,0.0,24,5,2015,discovered,1.0,1.0,0.05,263,0.9482129967225247,1,1.6437338643510284,263,1.0,0.13,0.0,0.8021074162791795,0.4426055410386473,0.6580510761759998,False,-61.38777122149182,9.031445840516511,0.002510869841898966,
song,lognormal,0.0,24,5,2015,true,1.0,1.0,0.05,24,0.9129740865450683,46,2.080149341252156,21,0.875,0.48,0.0,-0.42926986514513654,-0.562338514330599,0.5738854021999646,False,2.5966147912910507,1.6022096404817892,1.3012879662710475e-10,
song,lognormal,0.0,24,6,2016,discovered,1.0,1.0,0.05,164,0.946603716724429,1,1.5821703714294826,164,1.0,0.03,0.0,-6.325708161172319,-2.031180075359053,0.042236730806635175,False,-2.187022144488847,2.5518831734528975,3.7124436857993715e-10,
song,lognormal,0.0,24,6,2016,true,1.0,1.0,0.05,24,0.8684608599332174,76,2.8898862508582983,11,0.4583333333333333,0.6,0.0,-0.3153434149024701,-0.4740372617915426,0.6354733359629847,False,3.960535449170757,0.8074893243268232,1.0157918950426392e-10,
song,lognormal,0.0,24,7,2017,discovered,1.0,1.0,0.05,161,0.9513764693326141,1,1.5200918330435396,161,1.0,0.01,0.0,-4.556512686039081,-1.6247512167559193,0.10421557941848866,False,-3.9703136768562417,3.2926816895823374,1.7587922229722608e-08,
song,lognormal,0.0,24,7,2017,true,1.0,1.0,0.05,24,0.7650233608572065,61,2.2076650849318344,15,0.625,0.02,0.0,-2.1001924189913366,-1.2292237258901075,0.21898793566037078,False,4.725732699861801,0.6630841703970984,1.4793499758525286e-11,
song,lognormal,0.0,25,0,2010,discovered,1.0,1.0,0.05,55,0.9271336453778791,3,2.1007844444768673,30,0.5454545454545454,0.24,0.0,-0.6932694818421803,-0.738506362728072,0.4602068021279385,False,-0.2025301406306166,1.5038498814969272,4.440892098500626e-11,
song,lognormal,0.0,25,0,2010,true,1.0,1.0,0.05,24,0.7929014264664805,3,1.7394766040212943,20,0.8333333333333334,0.15,0.0,-2.5289080538767412,-1.318548853692764,0.18731998228960356,False,1.9046365304139052,1.1115347100268411,4.689582056016661e-13,
song,lognormal,0.0,25,1,2011,discovered,1.0,1.0,0.05,85,0.8528379011654909,6,2.616312462533785,35,0.4117647058823529,0.19,0.0,-0.6069698061633781,-0.702397709666003,0.48243117323384477,False,0.6515976086964372,1.1249620190115033,3.9743497382005444e-10,
song,lognormal,0.0,25,1,2011,true,1.0,1.0,0.05,24,0.7137659112363705,21,3.3921153913504307,13,0.5416666666666666,0.4,0.0,0.0016438236900917502,0.14462312653112214,0.8850084368685351,False,-21104.108546560565,93.16113982349371,2.1591367840301245e-06,
song,lognormal,0.0,25,2,2012,discovered,1.0,1.0,0.05,103,0.9411002509488132,6,2.1316591752031724,35,0.33980582524271846,0.18,0.0,-0.7046134794688732,-0.7889135044147784,0.4301625622298936,False,0.40543470417625205,1.5455464708693325,5.574918304773746e-11,
song,lognormal,0.0,25,2,2012,true,1.0,1.0,0.05,24,0.8554414220806227,21,2.278820925033105,15,0.625,0.17,0.0,-1.7793409694643079,-1.1037014984755749,0.26972264540405333,False,3.5579637740571926,0.6716458266525785,6.536993168992922e-13,
song,lognormal,0.0,25,3,2013,discovered,1.0,1.0,0.05,82,0.8747598756071422,9,2.5252712330052893,26,0.3170731707317073,0.3,0.0,-1.32031543627749,-1.1285040360419247,0.2591071133179911,False,2.18242906981731,0.8001900150834587,4.860112312599085e-12,
song,lognormal,0.0,25,3,2013,true,1.0,1.0,0.05,24,0.8064982642855795,17,2.2848183377753135,15,0.625,0.54,0.0,-0.8776462227063475,-0.8993072795518532,0.3684890109907064,False,2.952779862226925,0.9018093965558611,2.5579538487363607e-12,
song,lognormal,0.0,25,4,2014,discovered,1.0,1.0,0.05,87,0.8854485786184354,2,1.5827587813060027,67,0.7701149425287356,0.0,0.0,-6.7558121145284264,-2.3312226847032855,0.019741620577992006,False,1.370503115202829,1.5903724832968744,2.2737367544323206e-13,
song,lognormal,0.0,25,4,2014,true,1.0,1.0,0.05,24,0.9112012533835748,11,1.859706195188942,18,0.75,0.51,0.0,-0.47454254143226127,-0.6099871217956706,0.5418703385001762,False,1.2971205143382956,1.8469257909309913,2.4134294562827563e-10,
song,lognormal,0.0,25,5,2015,discovered,1.0,1.0,0.05,123,0.8577361492654623,33,2.403584180879808,30,0.24390243902439024,0.27,0.0,-1.3238786623861145,-1.0026559353691842,0.3160268975095143,False,3.406499894247211,0.9244417453004921,3.979039320256561e-12,
song,lognormal,0.0,25,5,2015,true,1.0,1.0,0.05,24,0.7694596356868615,100,2.8425000692526274,14,0.5833333333333334,0.27,0.0,-1.4388244655937426,-1.0041196591810861,0.31532094064602556,False,4.928930484023175,0.49853570637585126,1.4580336937797256e-11,
song,lognormal,0.0,25,6,2016,discovered,1.0,1.0,0.05,133,0.9351403823542971,11,1.947075323597882,44,0.3308270676691729,0.54,0.0,-0.6687853506135681,-0.7577360605021416,0.448609006678097,False,0.16399794672115986,2.0376148764921633,3.5066705095232464e-10,
song,lognormal,0.0,25,6,2016,true,1.0,1.0,0.05,24,0.8897297289936872,50,2.3691166126389374,16,0.6666666666666666,0.61,0.0,-0.15411282514387636,-0.40233254845925887,0.6874393036613033,False,1.5354694889146856,1.6310509403483635,2.276010491186753e-10,
song,lognormal,0.0,25,7,2017,discovered,1.0,1.0,0.05,111,0.8838444643472877,1,1.4238079425313297,111,1.0,0.0,0.0,-8.15837863272491,-2.275220296851378,0.022892717884869417,False,-0.10393737893773171,2.5518448186752347,3.3867308957269415e-10,
song,lognormal,0.0,25,7,2017,true,1.0,1.0,0.05,24,0.7830075522865853,122,3.6848104812916036,10,0.4166666666666667,0.71,0.0,-0.10178217353791386,-0.3308679175330371,0.7407442564444386,False,3.6685380191808576,0.8155962873689053,6.374989425239619e-11,
song,lognormal,0.0,26,0,2010,discovered,1.0,1.0,0.05,51,0.94787122282766,4,2.8040612087601717,14,0.27450980392156865,0.42,0.0,0.025206469439643886,0.2814828410574534,0.7783400871271781,False,-228897.96938154032,342.81664630641245,3.795938755501993e-05,
song,lognormal,0.0,26,0,2010,true,1.0,1.0,0.05,22,0.9643193645363479,4,1.9582293295255415,13,0.5909090909090909,0.92,0.0,-0.06334480907708073,-0.22849479695505895,0.8192616005777276,False,-6.3942711322523,3.0681061962951683,1.039747843378791e-08,
song,lognormal,0.0,26,1,2011,discovered,1.0,1.0,0.05,79,0.8938433897436762,2,1.7809320159588273,53,0.6708860759493671,0.0,0.0,-6.7883263785949985,-2.2870349971276926,0.02219378044014189,False,1.3951311532829804,1.0340583707403768,4.263256414560601e-13,
song,lognormal,0.0,26,1,2011,true,1.0,1.0,0.05,23,0.8704252591842634,20,2.9389578513632957,10,0.43478260869565216,0.65,0.0,0.009805214038694388,0.6397707992667083,0.5223216193324923,False,-91856.81901081747,215.9508827026299,2.4501745429006405e-05,
song,lognormal,0.0,26,2,2012,discovered,1.0,1.0,0.05,107,0.9296877551335737,9,2.424667057392898,24,0.22429906542056074,0.51,0.0,-0.6000382357083733,-0.7572824632703823,0.44888065496109897,False,1.459549112178833,1.1281643318235277,2.1152857243578183e-10,
song,lognormal,0.0,26,2,2012,true,1.0,1.0,0.05,23,0.764157566819687,7,1.696525136782988,21,0.9130434782608695,0.02,0.0,-2.8494186967789044,-1.3499944219150408,0.177017772145193,False,2.935361130267393,1.1595756006018223,3.723243935382925e-12,
song,lognormal,0.0,26,3,2013,discovered,1.0,1.0,0.05,97,0.9654524241251754,2,1.954095857517594,61,0.6288659793814433,0.16,0.0,-1.1278168155037585,-0.9407314087937416,0.34684251893044726,False,-2.3105293388373185,2.073602578909251,6.482991921075154e-11,
song,lognormal,0.0,26,3,2013,true,1.0,1.0,0.05,23,0.8723406031773947,8,1.8228869993054333,18,0.782608695652174,0.65,0.0,-0.5595588589928253,-0.6848286739894418,0.4934520389548299,False,1.2511901727003316,1.8081331741274846,1.5193535318758222e-09,
song,lognormal,0.0,26,4,2014,discovered,1.0,1.0,0.05,87,0.8508889971266305,48,3.7223081873646886,16,0.1839080459770115,0.46,0.0,-0.004990752400903631,-0.06672159276182728,0.9468033440760932,False,-7.874075487288474,2.1309632109779497,9.076787804929154e-06,
song,lognormal,0.0,26,4,2014,true,1.0,1.0,0.05,24,0.7064311164044674,53,3.4132447947001605,14,0.5833333333333334,0.63,0.0,-0.0012606865111788323,-0.0324567099589511,0.9741078382736921,False,-19.589588604150286,3.1673187571754884,0.00016523964196579755,
song,lognormal,0.0,26,5,2015,discovered,1.0,1.0,0.05,95,0.8840858455163715,18,1.891885774658374,36,0.37894736842105264,0.12,0.0,-1.618503518982073,-1.160795127458958,0.2457252249855285,False,2.75388787749026,1.4463026324257438,1.1399663435440743e-09,
song,lognormal,0.0,26,5,2015,true,1.0,1.0,0.05,24,0.8528856573953292,54,2.0289919463178228,18,0.75,0.01,0.0,-2.3676440601442836,-1.2270417202192405,0.21980691062960966,False,4.684351829677423,0.800791518082252,2.05773176276125e-11,
song,lognormal,0.0,26,6,2016,discovered,1.0,1.0,0.05,87,0.8208710071609184,38,2.7662383266040615,20,0.22988505747126436,0.36,0.0,-0.503403879445997,-0.5839149694006003,0.559277521349411,False,3.103171197359235,0.908181948116039,2.7408475489210105e-10,
song,lognormal,0.0,26,6,2016,true,1.0,1.0,0.05,24,0.8920455451089553,24,1.8559273511783074,19,0.7916666666666666,0.08,0.0,-1.576948165567476,-1.0661248145454474,0.2863672236321114,False,3.70023869029756,1.1770371060028304,5.3518078857450746e-11,
song,lognormal,0.0,26,7,2017,discovered,1.0,1.0,0.05,123,0.8967218677789522,13,1.9793810520348571,41,0.3333333333333333,0.23,0.0,-1.788983579800096,-1.1641470845980977,0.2443644101398751,False,2.380352733452681,1.3347030634371861,4.200728653813712e-11,
song,lognormal,0.0,26,7,2017,true,1.0,1.0,0.05,24,0.8775327889191872,91,2.9435264510602615,11,0.4583333333333333,0.55,0.0,-0.09886881428528849,-0.2851933072565714,0.7754960475823638,False,2.7399902948818347,1.1726529946154636,1.6419932080680155e-10,
song,lognormal,0.0,27,0,2010,discovered,1.0,1.0,0.05,75,0.9624502641774847,3,2.243635443714874,27,0.36,0.94,0.0,-0.10619848190877601,-0.241038141937047,0.8095255548731619,False,-5.711628497065766,2.4507644042176273,5.117485102346109e-09,
song,lognormal,0.0,27,0,2010,true,1.0,1.0,0.05,22,0.9588432396397584,5,2.0835782674140115,16,0.7272727272727273,0.68,0.0,-0.6014462810439531,-0.7648213024246071,0.44437796098722204,False,1.1573280449825643,1.2807950738032834,5.613287612504791e-13,
song,lognormal,0.0,27,1,2011,discovered,1.0,1.0,0.05,82,0.8800859759364857,1,1.625045140391172,82,1.0,0.0,0.0,-4.846842442999463,-1.741817029870217,0.08154046580515335,False,-0.40363496186245473,1.8178658769282694,4.405364961712621e-12,
song,lognormal,0.0,27,1,2011,true,1.0,1.0,0.05,24,0.6833124719799604,17,3.1330569958298233,11,0.4583333333333333,0.77,0.0,-0.1927975586652826,-0.4625997804781304,0.6436512660281923,False,2.0352958561465977,0.8533545119276101,9.379164112033322e-13,
song,lognormal,0.0,27,2,2012,discovered,1.0,1.0,0.05,77,0.8324441962398494,19,3.3331807771785957,14,0.18181818181818182,0.86,0.0,-0.3008757877771018,-0.5670510514305783,0.5706794974506803,False,2.4098928829134687,0.7235879082180674,1.0081180334964301e-10,
song,lognormal,0.0,27,2,2012,true,1.0,1.0,0.05,24,0.8093991405073935,19,2.240158757947817,17,0.7083333333333334,0.04,0.0,-1.762283560108175,-1.07394649376915,0.2828466634051924,False,3.4148759701007436,0.7349215163760007,1.5631940186722204e-13,
song,lognormal,0.0,27,3,2013,discovered,1.0,1.0,0.05,86,0.9328309569359967,5,2.152261032387539,36,0.4186046511627907,0.93,0.0,-0.34151602439542317,-0.5362151593647918,0.5918098577185091,False,-1.663660650157694,1.9751508234605142,2.2228761054066126e-09,
song,lognormal,0.0,27,3,2013,true,1.0,1.0,0.05,24,0.850523660315105,4,1.6125332664355974,22,0.9166666666666666,0.17,0.0,-2.937710222066431,-1.53287006613114,0.1253078726255648,False,2.4397954281684138,1.33075426833074,1.0942358130705543e-12,
song,lognormal,0.0,27,4,2014,discovered,1.0,1.0,0.05,125,0.9338064769673484,1,1.5751577387471134,125,1.0,0.06,0.0,-3.9819886635656094,-1.585792001187063,0.11278650078365794,False,-2.768554377440958,2.7441838107328596,2.3068764676281717e-09,
song,lognormal,0.0,27,4,2014,true,1.0,1.0,0.05,24,0.7902131061234919,12,1.7129509398379477,19,0.7916666666666666,0.03,0.0,-1.8573685494670134,-1.1612044192560516,0.2455587780164078,False,3.2352422831801055,1.3187353264748585,1.0130918326467508e-10,
song,lognormal,0.0,27,5,2015,discovered,1.0,1.0,0.05,119,0.9577957805096486,9,1.7305079825309273,45,0.37815126050420167,0.42,0.0,-0.3621859520594919,-0.5881354281119058,0.5564413948436793,False,-3.4729089902856067,3.2845100719049563,5.019324476052134e-07,
song,lognormal,0.0,27,5,2015,true,1.0,1.0,0.05,24,0.8019126894885111,50,2.009270673598749,18,0.75,0.33,0.0,-0.4293667725137307,-0.6494324498372213,0.5160588952528404,False,2.9001536154754657,1.6191173279141424,6.940013008716051e-10,
song,lognormal,0.0,27,6,2016,discovered,1.0,1.0,0.05,134,0.9611479976163106,1,1.6206612466953105,134,1.0,0.08,0.0,0.43403088998775274,0.3162555379117096,0.7518085560680429,False,-58.12468768615189,8.980687448662467,0.0009921294443415718,
song,lognormal,0.0,27,6,2016,true,1.0,1.0,0.05,24,0.7697609973260309,20,1.7562701233842937,20,0.8333333333333334,0.02,0.0,-4.082737514465592,-1.7708109509077994,0.07659214427984033,False,4.128375233334767,0.8856851278758944,8.29913915367797e-12,
song,lognormal,0.0,27,7,2017,discovered,1.0,1.0,0.05,143,0.9212507068687658,1,1.5083875766921768,143,1.0,0.0,0.0,-3.0604715737488206,-1.1920362099507795,0.23324704744128832,False,-4.417678627681262,3.4665352783746166,2.1192363419686444e-09,
song,lognormal,0.0,27,7,2017,true,1.0,1.0,0.05,24,0.8196818722921597,79,2.936064979618052,15,0.625,0.16,0.0,0.003029898179804036,0.5926054456124588,0.5534452338442036,False,-21110.5242421698,104.22577340020625,3.123118403891567e-05,
song,lognormal,0.0,28,0,2010,discovered,1.0,1.0,0.05,58,0.9357888070364916,1,1.8682491927779339,58,1.0,0.1,0.0,-1.7835727255544276,-1.278306991601025,0.20114120359835386,False,-1.7919825873545596,1.7721951684531618,1.5631940186722204e-13,
song,lognormal,0.0,28,0,2010,true,1.0,1.0,0.05,23,0.8646783767418187,5,2.0133045116298023,16,0.6956521739130435,0.25,0.0,-1.6123255352026402,-1.132223341880308,0.25754054910639423,False,2.1100532474695477,0.9019567076248421,1.724686171655776e-09,
song,lognormal,0.0,28,1,2011,discovered,1.0,1.0,0.05,66,0.9482652642372541,2,1.7064636411107093,45,0.6818181818181818,0.1,0.0,-1.8334854431981256,-1.1016228093446514,0.27062568781757923,False,-0.1377582829413238,1.9230242525850527,3.8539837987627834e-10,
song,lognormal,0.0,28,1,2011,true,1.0,1.0,0.05,24,0.8643267736731277,15,2.296651834114815,12,0.5,0.57,0.0,-0.24379716942351903,-0.4307333928947918,0.6666622354097922,False,1.6530913622271242,1.329760747210766,3.6973091255276813e-10,
song,lognormal,0.0,28,2,2012,discovered,1.0,1.0,0.05,94,0.9427347825864314,3,1.8562153158454138,52,0.5531914893617021,0.12,0.0,-1.6664626593691159,-1.127959562507169,0.2593369972391243,False,0.07926034515008204,1.7414447434259461,3.115019353572279e-11,
song,lognormal,0.0,28,2,2012,true,1.0,1.0,0.05,24,0.9095220549366029,6,1.7606861217251228,21,0.875,0.12,0.0,-1.3418095605327625,-1.059513511553192,0.2893659790908719,False,2.017207476210916,1.4771612982693072,5.6417093219351955e-12,
song,lognormal,0.0,28,3,2013,discovered,1.0,1.0,0.05,76,0.8421312608254644,1,1.4994551564793837,76,1.0,0.0,0.0,-8.683831716007568,-2.3352057345099015,0.01953267571602138,False,0.7298839687240843,1.712948163943336,3.240074875066057e-12,
song,lognormal,0.0,28,3,2013,true,1.0,1.0,0.05,24,0.853102705344342,15,2.261265233275015,14,0.5833333333333334,0.25,0.0,-0.15724197645103555,-0.3769594829114011,0.7062037154634017,False,0.4297269899560434,1.6849136267561373,3.9268854834517697e-10,
song,lognormal,0.0,28,4,2014,discovered,1.0,1.0,0.05,103,0.8547079643277242,7,1.9006585237896578,55,0.5339805825242718,0.07,0.0,-4.22446290644562,-1.8460862590299723,0.06487968169505183,False,2.3239852341992275,1.1512981694859286,4.689582056016661e-12,
song,lognormal,0.0,28,4,2014,true,1.0,1.0,0.05,24,0.7556546764982245,52,2.7905278291519258,14,0.5833333333333334,0.24,0.0,-1.9129796055917696,-1.1164180341329701,0.26424323756509527,False,4.359709231858462,0.4513764088752529,1.354294454358751e-11,
song,lognormal,0.0,28,5,2015,discovered,1.0,1.0,0.05,105,0.8408679167681087,3,1.478542088038877,77,0.7333333333333333,0.0,0.0,-11.30144169032142,-2.9728035756847073,0.0029509323158916335,False,2.4987948095905197,1.6381619612337477,1.233502189279534e-11,
song,lognormal,0.0,28,5,2015,true,1.0,1.0,0.05,24,0.7562755380543903,44,2.0211544567185777,20,0.8333333333333334,0.04,0.0,-1.8130324528945905,-1.0718120852967141,0.28380444379764813,False,4.289740071187071,0.9493595109005081,2.786038066915353e-10,
song,lognormal,0.0,28,6,2016,discovered,1.0,1.0,0.05,81,0.8325108136600777,1,1.3778119068845993,81,1.0,0.0,0.0,-8.91791086927087,-2.4791302363289374,0.01317032070834581,False,0.8839362020701186,2.384933625933487,1.6558487914153375e-10,
song,lognormal,0.0,28,6,2016,true,1.0,1.0,0.05,24,0.7134541822212856,43,2.4195355866202264,17,0.7083333333333334,0.32,0.0,-0.3373608614151937,-0.5953048436461555,0.551639718804561,False,2.7855719822754987,1.2296111586887257,4.410765086504398e-10,
song,lognormal,0.0,28,7,2017,discovered,1.0,1.0,0.05,140,0.9376854097330769,5,1.953545351708362,68,0.4857142857142857,0.38,0.0,-0.40827691246805564,-0.5264380158824934,0.5985839080287203,False,-4.164100437387191,2.7533879698635206,1.6859587503859075e-08,
song,lognormal,0.0,28,7,2017,true,1.0,1.0,0.05,24,0.9815871198551789,19,1.8470744494203104,18,0.75,0.78,0.0,-0.13721728895480645,-0.33491841903160857,0.7376866273527148,False,-1.812936568088265,2.8263801524742926,1.6927171486713632e-07,
song,lognormal,0.0,29,0,2010,discovered,1.0,1.0,0.05,72,0.8940861060518975,3,2.285173131005571,32,0.4444444444444444,0.13,0.0,-2.995623912758442,-1.4726537701807958,0.14084441808716955,False,1.4365263688416565,0.7109194144282839,5.684341886080801e-13,
song,lognormal,0.0,29,0,2010,true,1.0,1.0,0.05,24,0.7971128844204067,12,2.8750006722032495,10,0.4166666666666667,0.39,0.0,-0.3234427789785359,-0.6150989138737321,0.5384893993171559,False,2.1755145737006893,0.7753172414725354,1.1681322575896047e-11,
song,lognormal,0.0,29,1,2011,discovered,1.0,1.0,0.05,95,0.9189840322440279,5,2.4796785121854623,33,0.3473684210526316,0.87,0.0,-0.15352063121002057,-0.35060943706910574,0.7258813756984022,False,-4.59007618269326,2.1691483167532692,3.7851449974368734e-08,
song,lognormal,0.0,29,1,2011,true,1.0,1.0,0.05,24,0.8569749486560966,7,1.9929813082546863,19,0.7916666666666666,0.73,0.0,-0.41560432315122586,-0.6488850009973528,0.5164127102355875,False,0.5457290651612412,1.719772097665955,2.4158453015843406e-13,
song,lognormal,0.0,29,2,2012,discovered,1.0,1.0,0.05,92,0.9327786202798745,5,2.1469391822641675,37,0.40217391304347827,0.74,0.0,-0.21009084717143334,-0.4378792174882035,0.6614738417065157,False,-3.9920748078405826,2.425458606543501,1.7792984863262973e-09,
song,lognormal,0.0,29,2,2012,true,1.0,1.0,0.05,24,0.7050430161330807,8,1.705311402822151,19,0.7916666666666666,0.05,0.0,-4.264532749048057,-1.9148453862740065,0.05551222441435268,False,3.297080736304986,0.9014683513153784,9.350742402602918e-12,
song,lognormal,0.0,29,3,2013,discovered,1.0,1.0,0.05,113,0.9184774308651944,1,1.764919502163877,113,1.0,0.07,0.0,-4.547005212716426,-1.8976212920702067,0.057745987532866666,False,-1.2165001107877331,1.7807747540888643,1.5347723092418164e-12,
song,lognormal,0.0,29,3,2013,true,1.0,1.0,0.05,24,0.8757963560139919,9,2.065637513587453,18,0.75,0.85,0.0,-0.01378194683720757,-0.07827072821926558,0.9376127015076049,False,-18.73098692173759,4.548185177879734,1.564244200835674e-08,
song,lognormal,0.0,29,4,2014,discovered,1.0,1.0,0.05,99,0.9235746003185318,5,1.7766684984259764,48,0.48484848484848486,0.01,0.0,-2.788396906266178,-1.5214546628193255,0.1281457803052542,False,1.6742038771419039,1.5093147781677263,2.680167199287098e-11,
song,lognormal,0.0,29,4,2014,true,1.0,1.0,0.05,24,0.7377730861379576,19,1.8422623840305776,18,0.75,0.0,0.0,-4.190387806092712,-1.7338673447632844,0.08294162312391075,False,3.996983945703115,0.7440769627290917,5.968558980384842e-13,
song,lognormal,0.0,29,5,2015,discovered,1.0,1.0,0.05,100,0.8438153871638149,21,2.04811192879215,43,0.43,0.7,0.0,-0.35836470166421375,-0.5604425214570529,0.5751776349460106,False,-0.5762593706830077,2.236097265607405,1.605584998287668e-07,
song,lognormal,0.0,29,5,2015,true,1.0,1.0,0.05,24,0.9565028007014955,32,1.902442606530417,23,0.9583333333333334,0.17,0.0,-1.6342591380415232,-1.1968635567868677,0.23135974070188703,False,3.837298783488233,1.191671438531336,1.2812506611226127e-10,
song,lognormal,0.0,29,6,2016,discovered,1.0,1.0,0.05,109,0.862736310991884,21,2.2648853398785187,33,0.30275229357798167,0.34,0.0,-0.7169734830203929,-0.7971152734163685,0.42538408674451667,False,2.062727454465332,1.3383964837852844,4.96243046654854e-11,
song,lognormal,0.0,29,6,2016,true,1.0,1.0,0.05,24,0.7516480219630975,62,2.4606641294162417,13,0.5416666666666666,0.23,0.0,-0.9775276058746245,-0.8706742411202244,0.38393204702081485,False,4.3938845810368345,0.7177401643816032,1.0483347523404518e-10,
song,lognormal,0.0,29,7,2017,discovered,1.0,1.0,0.05,145,0.8941194607484206,13,2.064451910844088,42,0.2896551724137931,0.02,0.0,-2.491174526526889,-1.516205730087047,0.12946733961091697,False,2.7070168740956557,1.0853017728592051,3.0411229090532288e-12,
song,lognormal,0.0,29,7,2017,true,1.0,1.0,0.05,24,0.8658275674661595,57,2.4076685582224053,14,0.5833333333333334,0.84,0.0,-0.2647445007122835,-0.45447688467349895,0.6494856255320589,False,2.998693689709765,1.259741844285532,5.196909569349373e-10,
song,lognormal,0.8,0,0,2010,discovered,1.0,1.0,0.05,59,0.8860569146607701,1,1.9642919946698412,59,1.0,0.03,0.0,-0.7060565282668487,-0.6414963772017488,0.5212002339089268,False,-3.9625389760718392,2.1319849643616497,2.418687472527381e-11,
song,lognormal,0.8,0,0,2010,true,1.0,1.0,0.05,22,0.913523313252159,4,2.0220172292753738,15,0.6818181818181818,0.4,0.0,-0.007178160995091387,-0.05205177089815864,0.9584874420802433,False,-72438.66210902765,257.86980145392084,6.622597993555246e-05,
song,lognormal,0.8,0,1,2011,discovered,1.0,1.0,0.05,84,0.9490392164318254,2,1.9312146044683354,50,0.5952380952380952,0.17,0.0,-1.8632213459918403,-1.1654504658314575,0.24383669971537547,False,-0.09883008663242504,1.499256938339713,2.5437429940211587e-11,
song,lognormal,0.8,0,1,2011,true,1.0,1.0,0.05,23,0.5949722219502301,14,2.7474832300778202,15,0.6521739130434783,0.01,0.0,-2.4539929788113786,-1.2571119491665514,0.20871310087103312,False,3.0863333461087326,0.4206350611935865,6.394884621840902e-14,
song,lognormal,0.8,0,2,2012,discovered,1.0,1.0,0.05,73,0.9199322488607717,3,1.71987521567043,46,0.6301369863013698,0.14,0.0,-3.221067200554579,-1.6397297895331404,0.10106136215012813,False,1.3208276668745875,1.5079503640891718,1.1084466677857563e-11,
song,lognormal,0.8,0,2,2012,true,1.0,1.0,0.05,22,0.898914163566062,32,2.535827457074943,11,0.5,0.95,0.0,-0.05886862432589712,-0.23069029128345,0.8175554165456734,False,-0.1420750255820743,1.756578469742026,6.229917914879479e-09,
song,lognormal,0.8,0,3,2013,discovered,1.0,1.0,0.05,91,0.9275709957008664,1,1.7460857930627425,91,1.0,0.15,0.0,-2.8156624942146635,-1.443533337430317,0.1488702883696276,False,-2.0822798164493426,2.073095524170338,7.673861546209082e-12,
song,lognormal,0.8,0,3,2013,true,1.0,1.0,0.05,23,0.8922941818086926,19,2.8325962055379854,15,0.6521739130434783,0.85,0.0,-0.0010288986333586436,-0.014402555783495877,0.9885088203817712,False,-17.981463802022162,3.433840717267077,1.8113498299499042e-05,
song,lognormal,0.8,0,4,2014,discovered,1.0,1.0,0.05,145,0.9256952034617145,1,1.6041293787865998,145,1.0,0.15,0.0,-2.678128642206122,-1.1781957612650698,0.23871857202718794,False,-4.897442700333183,3.161479906838511,6.527403684231103e-08,
song,lognormal,0.8,0,4,2014,true,1.0,1.0,0.05,24,0.7707411833267077,26,2.0670822967553275,19,0.7916666666666666,0.07,0.0,-1.0341887052262688,-0.8364380627465544,0.4029085071374904,False,3.347254942191766,1.1205531144888332,1.3646683783008484e-10,
song,lognormal,0.8,0,5,2015,discovered,1.0,1.0,0.05,103,0.8488604893147081,80,3.7733394833244276,16,0.1553398058252427,0.66,0.0,0.0003516350283518932,0.07926934386411225,0.9368183896026604,False,-20935.436273099738,86.69605754125286,1.9465096556814387e-06,
song,lognormal,0.8,0,5,2015,true,1.0,1.0,0.05,24,0.838861614206289,86,3.1548817863838456,14,0.5833333333333334,0.29,0.0,0.008418031091798284,1.641552150752111,0.10068285089928229,False,-167985.11304384505,278.7208378093732,0.0003151638666167855,
song,lognormal,0.8,0,6,2016,discovered,1.0,1.0,0.05,110,0.9236406969370979,10,1.9606301702331361,39,0.35454545454545455,0.54,0.0,-0.7669910630592227,-0.8490588157541595,0.39584856552445347,False,0.7185774551136981,1.8338813229434878,4.004220954811899e-09,
song,lognormal,0.8,0,6,2016,true,1.0,1.0,0.05,24,0.7049613365575464,28,2.0938597616056542,20,0.8333333333333334,0.02,0.0,-0.5415726649632662,-0.53740451501325,0.5909882252534067,False,2.6099828871546356,1.4180878271678876,3.9241854210558813e-10,
song,lognormal,0.8,0,7,2017,discovered,1.0,1.0,0.05,109,0.9295492987530097,3,1.6718978282621189,73,0.6697247706422018,0.05,0.0,-2.7420326487773723,-1.6768223072305557,0.09357723426589236,False,0.08035801562567403,2.1381901841150333,1.3710632629226893e-10,
song,lognormal,0.8,0,7,2017,true,1.0,1.0,0.05,24,0.8550728752454203,38,1.9337810217950244,15,0.625,0.17,0.0,-0.5903074105661412,-0.6180386991526229,0.5365498290789016,False,3.363671027085027,1.4512804218149489,1.0544454198679887e-11,
song,lognormal,0.8,1,0,2010,discovered,1.0,1.0,0.05,47,0.9201837094798831,1,1.8691745331750493,47,1.0,0.32,0.0,-0.07095242227314946,-0.10963337490695671,0.9127001408428209,False,-21.22027907683701,4.612855674990688,1.2600936685203123e-06,
song,lognormal,0.8,1,0,2010,true,1.0,1.0,0.05,17,0.7948297409431729,11,3.334856103732533,10,0.5882352941176471,0.64,0.0,0.031498971920406404,1.1172022288398398,0.2639078678471545,False,-342703.2109191861,377.5682614518188,0.0001243179249286186,
song,lognormal,0.8,1,1,2011,discovered,1.0,1.0,0.05,55,0.8807952951397764,4,1.9809826669591657,29,0.5272727272727272,0.0,0.0,-2.9095267566615943,-1.6200164088736577,0.10522875212991985,False,1.880797363549306,0.9310184957258465,1.5631940186722204e-13,
song,lognormal,0.8,1,1,2011,true,1.0,1.0,0.05,21,0.8612599960500766,16,2.6159272675812733,10,0.47619047619047616,0.92,0.0,0.001694003738348826,0.08310208644223584,0.9337703668459538,False,-12487.975392528648,87.08539539044226,3.221248334739357e-07,
song,lognormal,0.8,1,2,2012,discovered,1.0,1.0,0.05,118,0.9552878530155017,4,2.030085586079794,47,0.3983050847457627,0.3,0.0,-0.3655355594369878,-0.5347765564129318,0.5928043759478387,False,-3.298984192476276,2.4018466188990844,8.611777957412414e-11,
song,lognormal,0.8,1,2,2012,true,1.0,1.0,0.05,24,0.9052094472663871,30,2.4219310329005688,12,0.5,0.43,0.0,-0.16263325732948886,-0.34040103998486765,0.7335545356100088,False,1.7874168047382817,1.4025012672075525,6.693312570860144e-11,
song,lognormal,0.8,1,3,2013,discovered,1.0,1.0,0.05,77,0.9323687871307459,1,1.6242309086996851,77,1.0,0.03,0.0,-3.966243723790914,-1.7772655434330313,0.07552455999287455,False,-0.9875999246714501,2.0351147543826573,1.2050804798491299e-11,
song,lognormal,0.8,1,3,2013,true,1.0,1.0,0.05,23,0.8456139072317482,4,1.6215860652708025,23,1.0,0.02,0.0,-3.9945158962704688,-1.585678905588852,0.11281216669352426,False,2.60170616766042,1.1520931528321081,3.8252778722380754e-10,
song,lognormal,0.8,1,4,2014,discovered,1.0,1.0,0.05,104,0.9454204161166299,6,1.9260348738595212,42,0.40384615384615385,0.08,0.0,-0.1289365967165308,-0.2230042398608377,0.8235322066628484,False,-5.5877167162335315,3.105331640255149,1.34769749138286e-07,
song,lognormal,0.8,1,4,2014,true,1.0,1.0,0.05,24,0.7989019221891273,8,1.58708716593278,22,0.9166666666666666,0.0,0.0,-3.841462053062843,-1.4933379196698966,0.13534875435370639,False,3.431146188996869,1.225880759382332,9.86233317235019e-12,
song,lognormal,0.8,1,5,2015,discovered,1.0,1.0,0.05,178,0.926080318504991,4,1.6856528890207596,94,0.5280898876404494,0.02,0.0,-5.238979172182973,-2.1174413297197128,0.03422240967984497,False,1.3258684637542988,1.756545042277487,2.914362084993627e-10,
song,lognormal,0.8,1,5,2015,true,1.0,1.0,0.05,24,0.7705189523705533,88,2.409047256911773,17,0.7083333333333334,0.44,0.0,-0.8062636930862448,-0.7799315337874034,0.4354311761490104,False,4.455855448536365,0.8960626398657071,7.499778575947857e-10,
song,lognormal,0.8,1,6,2016,discovered,1.0,1.0,0.05,113,0.9264920320150986,1,1.4968768649968747,113,1.0,0.0,0.0,-8.028082406120099,-2.497687131988306,0.01250064673533557,False,-0.4029929276514289,2.276359126384338,1.085425083147129e-09,
song,lognormal,0.8,1,6,2016,true,1.0,1.0,0.05,24,0.6247166806759074,95,4.070605372261512,11,0.4583333333333333,0.08,0.0,-1.8931765898288226,-1.0888232019823494,0.2762318578841614,False,4.82061623446105,0.23678094962112883,1.2931877790833823e-12,
song,lognormal,0.8,1,7,2017,discovered,1.0,1.0,0.05,160,0.9693412061853011,2,1.6969383853070936,106,0.6625,0.37,0.0,0.25117880872967757,0.2966180379796169,0.7667581380133813,False,-31.64951585126482,6.711124233696803,5.56622239855642e-07,
song,lognormal,0.8,1,7,2017,true,1.0,1.0,0.05,24,0.7890098276285692,41,2.197111525080112,19,0.7916666666666666,0.19,0.0,-1.5681640961712278,-1.1808713795519803,0.2376538225581487,False,4.091319830487549,0.8424507899297582,2.015099198615644e-11,
song,lognormal,0.8,2,0,2010,discovered,1.0,1.0,0.05,65,0.9144187785345723,1,1.8434113070845708,65,1.0,0.0,0.0,-5.678126714761881,-2.1003910351455324,0.0356944569824101,False,0.26720266144824323,1.0719294658823473,1.0658141036401503e-11,
song,lognormal,0.8,2,0,2010,true,1.0,1.0,0.05,22,0.8129935216373706,8,2.56822852083956,12,0.5454545454545454,0.12,0.0,-1.1679092846341463,-0.9871838644840568,0.3235525104619311,False,2.4105152074344103,0.5893336722190063,6.963318810448982e-13,
song,lognormal,0.8,2,1,2011,discovered,1.0,1.0,0.05,60,0.9273526077649098,2,1.9048022780170344,46,0.7666666666666667,0.19,0.0,-2.5093230288528776,-1.4142770807124423,0.15728056364637877,False,0.48118322812480324,1.3175926439546444,2.8421709430404007e-11,
song,lognormal,0.8,2,1,2011,true,1.0,1.0,0.05,21,0.8460459170689651,13,2.364308579709939,11,0.5238095238095238,0.82,0.0,0.005683763721811452,0.21201695669616857,0.8320938055040685,False,-49375.855217575416,188.17511444180903,1.3908965229347814e-05,
song,lognormal,0.8,2,2,2012,discovered,1.0,1.0,0.05,110,0.9258857608262022,3,2.1164519275956435,47,0.42727272727272725,0.02,0.0,-1.796771152576171,-1.176911633478951,0.2392307782485371,False,0.6107938634075032,1.2239402931375978,2.5437429940211587e-11,
song,lognormal,0.8,2,2,2012,true,1.0,1.0,0.05,23,0.8326271289030819,10,2.0163687054354646,18,0.782608695652174,0.59,0.0,-0.008949768567146243,-0.08365580228382392,0.9333300985765433,False,-25.21796697372125,5.309127248459655,1.5061195796306492e-05,
song,lognormal,0.8,2,3,2013,discovered,1.0,1.0,0.05,100,0.9238956982057317,6,2.5509568706471573,25,0.25,0.68,0.0,-0.41678639970163545,-0.6521160411974566,0.514326316560549,False,0.5120755821327048,1.1974817836900242,2.5536905923218e-11,
song,lognormal,0.8,2,3,2013,true,1.0,1.0,0.05,22,0.9614186948851036,7,1.9106674454962496,21,0.9545454545454546,0.36,0.0,-1.2512723933664809,-1.127457823999756,0.25954896289992413,False,2.062866701419686,1.2717191365249065,5.7838178690872155e-12,
song,lognormal,0.8,2,4,2014,discovered,1.0,1.0,0.05,113,0.9238726990105681,1,1.5572405373721714,113,1.0,0.06,0.0,-2.934674486788689,-1.3240266843498978,0.1854941826447638,False,-3.593799236084455,3.034117415460951,1.2555801731650718e-08,
song,lognormal,0.8,2,4,2014,true,1.0,1.0,0.05,24,0.7446583503079162,10,1.6625760207276679,22,0.9166666666666666,0.03,0.0,-3.9750513168689574,-1.838691651236723,0.06596055208113004,False,3.5213051288510595,1.0711850783840229,2.6830093702301383e-11,
song,lognormal,0.8,2,5,2015,discovered,1.0,1.0,0.05,178,0.9438291100959092,5,1.6953652401047539,74,0.4157303370786517,0.14,0.0,-1.9084925948373441,-1.2977370041004368,0.19437772335524484,False,0.023008126371304692,2.3177048413588417,1.5955379240040202e-09,
song,lognormal,0.8,2,5,2015,true,1.0,1.0,0.05,24,0.833919744357758,95,2.496261307299639,15,0.625,0.29,0.0,-0.10529212054227521,-0.27212818743424516,0.7855234566607372,False,1.6365471921917243,1.6561291735881911,1.4920780699867464e-07,
song,lognormal,0.8,2,6,2016,discovered,1.0,1.0,0.05,161,0.9406677313542156,1,1.56140829071071,161,1.0,0.0,0.0,-5.090068233485015,-1.9651042924197233,0.04940216791522988,False,-3.4751934552460493,2.982916555171011,1.525381776446011e-08,
song,lognormal,0.8,2,6,2016,true,1.0,1.0,0.05,24,0.827931811299328,43,2.1899754671697202,17,0.7083333333333334,0.14,0.0,-1.3853194436703937,-1.0606746432551077,0.2888377873615847,False,4.134791621563197,0.8518447051980018,1.1795009413617663e-12,
song,lognormal,0.8,2,7,2017,discovered,1.0,1.0,0.05,130,0.9351912320009965,4,1.8559652839046314,75,0.5769230769230769,0.19,0.0,-0.720560796339142,-0.7061935982120109,0.4800677509707444,False,-2.9393749742869923,2.633338328212745,1.894022716442123e-10,
song,lognormal,0.8,2,7,2017,true,1.0,1.0,0.05,24,0.7820424475607389,100,3.2119096325559853,10,0.4166666666666667,0.78,0.0,-0.20100365562062983,-0.42532518366423,0.6705996375210033,False,3.9998597365553614,0.7849286308855024,1.1466738669696497e-10,
song,lognormal,0.8,3,0,2010,discovered,1.0,1.0,0.05,59,0.9092775072787914,1,2.0755470459278738,59,1.0,0.09,0.0,-0.5589009900687829,-0.6059259488213286,0.5445639274367495,False,-5.24024154339501,2.2143992446477534,1.4389058833330637e-09,
song,lognormal,0.8,3,0,2010,true,1.0,1.0,0.05,22,0.8718302663530433,5,2.199544343339019,18,0.8181818181818182,0.73,0.0,-0.3579006664586606,-0.6270376956258901,0.5306345259396561,False,0.11925347528000949,1.4976881788712766,6.302514066192089e-12,
song,lognormal,0.8,3,1,2011,discovered,1.0,1.0,0.05,89,0.9384485191499594,1,1.7307512525037536,89,1.0,0.02,0.0,-2.5675821348953467,-1.3217663385887348,0.18624597058455938,False,-2.394470939948848,2.190831146518908,1.298587903875159e-10,
song,lognormal,0.8,3,1,2011,true,1.0,1.0,0.05,23,0.6837649518530045,12,2.371994238725836,18,0.782608695652174,0.86,0.0,-0.16707223073084965,-0.34751573685947695,0.7282038980269967,False,-0.2662916550282459,1.691325348120585,7.999290119187208e-11,
song,lognormal,0.8,3,2,2012,discovered,1.0,1.0,0.05,101,0.9390045736473768,1,1.587701341030249,101,1.0,0.03,0.0,-5.2318865338554,-1.9302562851407075,0.05357509063492266,False,-1.0670250695139356,2.175981893734255,2.4488144845236093e-10,
song,lognormal,0.8,3,2,2012,true,1.0,1.0,0.05,24,0.7807548600654051,18,2.1822047906665856,15,0.625,0.08,0.0,-0.6118796210547068,-0.6625243225854699,0.507635252260854,False,2.692088689645616,1.129284984662057,1.0089706847793423e-12,
song,lognormal,0.8,3,3,2013,discovered,1.0,1.0,0.05,88,0.9480073824368818,1,1.7718327410458192,88,1.0,0.1,0.0,-1.098450428417665,-0.7579991849941312,0.44845147063879165,False,-6.495078942744742,2.970835596625372,2.3760321710142307e-08,
song,lognormal,0.8,3,3,2013,true,1.0,1.0,0.05,23,0.8380499053449086,16,2.6419716956138055,18,0.782608695652174,0.09,0.0,-1.4525075764127715,-0.9215685972193459,0.35675364481161265,False,3.029550960743319,0.6151184538388854,1.9326762412674725e-12,
song,lognormal,0.8,3,4,2014,discovered,1.0,1.0,0.05,108,0.9537790335528847,2,1.6840512687990263,70,0.6481481481481481,0.15,0.0,-2.464833700796282,-1.4283647962640251,0.15318688635950353,False,-0.6617807937376577,2.157782605818622,3.083755473198835e-11,
song,lognormal,0.8,3,4,2014,true,1.0,1.0,0.05,24,0.6892024501791899,13,1.806214044567041,23,0.9583333333333334,0.03,0.0,-2.7103837325403806,-1.4197473486847665,0.15568124818598206,False,3.3621980078340497,1.0710742613178332,3.439026841078885e-12,
song,lognormal,0.8,3,5,2015,discovered,1.0,1.0,0.05,188,0.9222810974560455,20,2.1512608479941964,33,0.17553191489361702,0.24,0.0,-0.6679754666462596,-0.7806383282899111,0.43501524226505806,False,1.7832544066683806,1.5111043424363113,1.2863665688200854e-10,
song,lognormal,0.8,3,5,2015,true,1.0,1.0,0.05,24,0.9545654989004795,70,2.282966477446409,15,0.625,0.43,0.0,-0.04059645805862644,-0.23073702962204024,0.8175191041546545,False,-2.9753482609591284,2.5951051433679653,1.961070680067678e-06,
song,lognormal,0.8,3,6,2016,discovered,1.0,1.0,0.05,126,0.9286568265315254,3,1.6269262395982433,71,0.5634920634920635,0.03,0.0,-4.307345860893414,-2.0236188759563025,0.043009381334180204,False,1.0951056840424016,1.864633795807455,3.240074875066057e-12,
song,lognormal,0.8,3,6,2016,true,1.0,1.0,0.05,24,0.7139319301806554,109,4.016057977640811,10,0.4166666666666667,0.14,0.0,-0.0712300742630827,-0.40721059994874875,0.6838533169843852,False,3.2712822541030313,0.8158497691396283,1.709068442323769e-10,
song,lognormal,0.8,3,7,2017,discovered,1.0,1.0,0.05,163,0.9454081832452519,2,1.6673395283841028,112,0.6871165644171779,0.0,0.0,-3.9723208446576512,-1.7936782211158615,0.07286454343279321,False,-0.6814599579160361,2.209421573337028,3.384457158972509e-10,
song,lognormal,0.8,3,7,2017,true,1.0,1.0,0.05,24,0.9183658497254387,34,2.120036089743283,20,0.8333333333333334,0.19,0.0,-0.25793016485330744,-0.4475638521666909,0.6544679959933217,False,1.3574543956639533,1.8138334337395319,9.51050083131122e-09,
song,lognormal,0.8,4,0,2010,discovered,1.0,1.0,0.05,63,0.9191674281887503,1,2.1262004519530993,63,1.0,0.14,0.0,-1.7433795917099197,-1.2245827415871875,0.22073247373396476,False,-1.2422615675464446,1.3248137635049073,2.4158453015843406e-11,
song,lognormal,0.8,4,0,2010,true,1.0,1.0,0.05,23,0.9098303035135233,3,1.7932801046958182,18,0.782608695652174,0.43,0.0,-1.225166192956264,-1.009847757496421,0.3125682353680066,False,1.2691914227587606,1.378621455830915,8.455458555545192e-13,
song,lognormal,0.8,4,1,2011,discovered,1.0,1.0,0.05,76,0.9522059368608438,1,1.7659569801055133,76,1.0,0.11,0.0,-0.8093455867774371,-0.6369215707492171,0.524175931416347,False,-8.117080376558597,3.263261206891169,3.5949483390140813e-09,
song,lognormal,0.8,4,1,2011,true,1.0,1.0,0.05,22,0.8882091073570451,6,1.8690058733644088,17,0.7727272727272727,0.28,0.0,-1.2366384654694542,-1.0039282745030615,0.31541318693074505,False,2.1256497987396994,1.2181421873458675,6.423306331271306e-12,
song,lognormal,0.8,4,2,2012,discovered,1.0,1.0,0.05,114,0.9439288642575026,1,1.9412819379287967,114,1.0,0.74,0.0,-0.5288432533503997,-0.47798415491398877,0.6326614827671919,False,-15.365713331169767,3.800471414273031,2.651688646437833e-08,
song,lognormal,0.8,4,2,2012,true,1.0,1.0,0.05,24,0.9216240083793321,7,1.796311692046258,22,0.9166666666666666,0.44,0.0,-1.2010083522324155,-1.0107726617518467,0.3121252505437213,False,1.9825847320575343,1.5044274988620803,6.075140390748857e-11,
song,lognormal,0.8,4,3,2013,discovered,1.0,1.0,0.05,73,0.9472184885884799,1,1.6171523352792847,73,1.0,0.06,0.0,-3.0602963194208437,-1.4913603729108629,0.1358669061306277,False,-1.6876334581529566,2.2860959577007445,4.376943252282217e-12,
song,lognormal,0.8,4,3,2013,true,1.0,1.0,0.05,22,0.7770602061482532,7,1.821865429252094,19,0.8636363636363636,0.02,0.0,-3.2151197482119325,-1.410727940407015,0.1583248491314081,False,2.886455258730656,0.8829613681934912,5.826450433232822e-13,
song,lognormal,0.8,4,4,2014,discovered,1.0,1.0,0.05,79,0.8966767050941123,8,1.9224190448390708,42,0.5316455696202531,0.18,0.0,-1.4245837600592868,-1.1018745389306397,0.2705162190788629,False,1.442432478948306,1.573473946020036,6.224354365258478e-12,
song,lognormal,0.8,4,4,2014,true,1.0,1.0,0.05,24,0.9272511409637784,28,2.074485065482246,15,0.625,0.46,0.0,-0.08658569107301117,-0.26701925795413783,0.7894543335578884,False,-1.3209679494471187,2.4153491641488483,1.1643332697985898e-07,
song,lognormal,0.8,4,5,2015,discovered,1.0,1.0,0.05,218,0.95653200713719,1,1.592949864096355,218,1.0,0.06,0.0,-3.005421522717187,-1.1908084560631498,0.2337287885049063,False,-8.338804974052223,3.891869768699685,7.934090717753861e-09,
song,lognormal,0.8,4,5,2015,true,1.0,1.0,0.05,24,0.8250456366320478,92,2.3114374367590798,13,0.5416666666666666,0.49,0.0,-0.40789255370727595,-0.5620399532238494,0.5740887982171313,False,4.09405626323055,1.126695413466714,2.3439383767254185e-10,
song,lognormal,0.8,4,6,2016,discovered,1.0,1.0,0.05,88,0.9384357505381472,5,1.7204208670326568,51,0.5795454545454546,0.83,0.0,-0.8637888905258579,-0.9037483096406231,0.3661288763636469,False,-1.4559252895594228,2.6720030701022677,4.0198841588789946e-08,
song,lognormal,0.8,4,6,2016,true,1.0,1.0,0.05,23,0.8431415806547955,22,1.8057519111295741,21,0.9130434782608695,0.0,0.0,-3.104003365665663,-1.4639490902160097,0.14320785897324814,False,4.027219526178572,0.968776281717209,1.5347723092418164e-12,
song,lognormal,0.8,4,7,2017,discovered,1.0,1.0,0.05,147,0.9632545115821398,3,1.684144163026312,85,0.5782312925170068,0.06,0.0,-1.9465392025115003,-1.325871763323233,0.18488217737623613,False,-1.4364460321634769,2.5746100799256117,1.5565433386655059e-09,
song,lognormal,0.8,4,7,2017,true,1.0,1.0,0.05,24,0.7731013522304946,112,3.118069834016778,11,0.4583333333333333,0.3,0.0,-0.5170384542278592,-0.721333837799246,0.47070414272796124,False,4.700604764505201,0.5979159934084659,1.425348727934761e-11,
song,lognormal,0.8,5,0,2010,discovered,1.0,1.0,0.05,56,0.9436281569658463,6,2.7212336837428843,15,0.26785714285714285,0.68,0.0,0.00603698256641394,0.09277998427875742,0.9260783526430432,False,-80907.08943000632,211.28052408906527,1.2492839232436381e-05,
song,lognormal,0.8,5,0,2010,true,1.0,1.0,0.05,23,0.8747407774016326,8,2.351198514505237,12,0.5217391304347826,0.87,0.0,-0.13350054065399242,-0.3644095969086047,0.7155521701421788,False,-0.16585282199399243,1.5821479073371914,1.0031442343461094e-10,
song,lognormal,0.8,5,1,2011,discovered,1.0,1.0,0.05,81,0.9487097615717602,1,1.9463504164522678,81,1.0,0.96,0.0,-0.09622916434812345,-0.12117801250884354,0.9035500392410363,False,-190316.20641385758,400.81849600085343,0.0001375820511384518,
song,lognormal,0.8,5,1,2011,true,1.0,1.0,0.05,22,0.8980464956878541,5,1.7902456629759516,21,0.9545454545454546,0.25,0.0,-0.8316012905093522,-0.7888542134145674,0.43019721914594833,False,1.1421536805324575,1.7101048098690101,1.2647660696529783e-12,
song,lognormal,0.8,5,2,2012,discovered,1.0,1.0,0.05,111,0.9106428156956968,1,1.782554117553661,111,1.0,0.19,0.0,-2.7572640072375396,-1.3882523869981207,0.16506020513156217,False,-2.5300736114094393,2.1169845815883654,1.6310650607920252e-09,
song,lognormal,0.8,5,2,2012,true,1.0,1.0,0.05,22,0.8107825889428861,15,2.2762697774564797,15,0.6818181818181818,0.52,0.0,0.0128479472854508,0.4677645967265092,0.6399529408311104,False,-100897.8267738207,278.62822080417277,6.624885918427026e-05,
song,lognormal,0.8,5,3,2013,discovered,1.0,1.0,0.05,77,0.9362859076925336,2,1.712177068561263,56,0.7272727272727273,0.05,0.0,-3.1620499164922578,-1.5250317659283734,0.12725117468750413,False,0.4595643915000017,1.6765180058982279,4.590106073010247e-11,
song,lognormal,0.8,5,3,2013,true,1.0,1.0,0.05,22,0.7344156941720934,13,2.128810113732225,16,0.7272727272727273,0.56,0.0,-0.5219355809228805,-0.639995516295071,0.522175514356457,False,2.071374181745744,1.2876497604682289,1.3443468560581096e-11,
song,lognormal,0.8,5,4,2014,discovered,1.0,1.0,0.05,128,0.9619221735953526,2,1.765204820357135,79,0.6171875,0.13,0.0,-0.7802423065651416,-0.6314169152684476,0.5277679587622958,False,-4.775152123323537,2.9771919346468865,2.568239665379224e-08,
song,lognormal,0.8,5,4,2014,true,1.0,1.0,0.05,24,0.9179406269288097,30,2.3056493558216724,16,0.6666666666666666,0.69,0.0,-0.4253419790203026,-0.5846362913533804,0.5587922999885215,False,2.741653930911524,1.2062076719375938,8.839151632855646e-12,
song,lognormal,0.8,5,5,2015,discovered,1.0,1.0,0.05,160,0.9378818965757485,3,1.804558788071917,90,0.5625,0.01,0.0,-0.9923023283615657,-0.79157584924256,0.4286080334558332,False,-2.8643780711440363,2.6309112489185305,6.455707080021966e-09,
song,lognormal,0.8,5,5,2015,true,1.0,1.0,0.05,24,0.8273179257595253,52,2.356608869697729,15,0.625,0.38,0.0,-0.0003381986724946273,-0.033071220729964886,0.9736177927217791,False,-48605.72441937508,188.776243980217,2.9746842301392462e-05,
song,lognormal,0.8,5,6,2016,discovered,1.0,1.0,0.05,121,0.9402610077627414,2,1.6258877864509913,88,0.7272727272727273,0.01,0.0,-4.25612557776115,-1.9010671239663166,0.05729322111407185,False,0.008904485617852662,2.08633820204233,4.793776042788522e-09,
song,lognormal,0.8,5,6,2016,true,1.0,1.0,0.05,24,0.8567780877577004,30,2.1637327399903112,20,0.8333333333333334,0.76,0.0,-0.2092672219122651,-0.4444925658000992,0.6566865025264332,False,0.7924268041757083,1.8713330068088123,1.1373586517038348e-08,
song,lognormal,0.8,5,7,2017,discovered,1.0,1.0,0.05,144,0.9515149243161546,1,1.5557268322285953,144,1.0,0.07,0.0,-4.224506985350899,-1.6550965016502979,0.09790492441184147,False,-3.677834358022051,3.0589370948701333,6.198092705744784e-09,
song,lognormal,0.8,5,7,2017,true,1.0,1.0,0.05,24,0.8545678993289646,23,1.888677499196435,20,0.8333333333333334,0.14,0.0,-1.667477589110296,-1.21622734034303,0.223898331465902,False,3.6402171913888886,1.1315521381299187,2.5124791136477143e-11,
song,lognormal,0.8,6,0,2010,discovered,1.0,1.0,0.05,59,0.9248077819156464,1,2.06325418264725,59,1.0,0.84,0.0,-0.027600951877740254,-0.05068571180205938,0.9595759623446921,False,-360.7401917914204,16.454493454203032,0.00010187676545569957,
song,lognormal,0.8,6,0,2010,true,1.0,1.0,0.05,20,0.8522923390258333,4,1.8442572019749814,18,0.9,0.02,0.0,-1.124095880661859,-0.8097443518439593,0.418087121612726,False,1.551597473496881,1.319436533156158,3.922195901395753e-11,
song,lognormal,0.8,6,1,2011,discovered,1.0,1.0,0.05,75,0.9287676700410511,1,1.7964583589521281,75,1.0,0.07,0.0,-0.8142653872911969,-0.6237021058178993,0.532823239873267,False,-6.040807496815253,2.8312815337363832,1.3108092389302328e-10,
song,lognormal,0.8,6,1,2011,true,1.0,1.0,0.05,20,0.760765150339795,12,2.1803351957969506,13,0.65,0.08,0.0,-0.9976173784950779,-0.7560590676747075,0.44961378188508727,False,2.803540568778015,0.874734657190994,5.8264504332328215e-12,
song,lognormal,0.8,6,2,2012,discovered,1.0,1.0,0.05,91,0.9347982558541117,2,1.7044037100635405,62,0.6813186813186813,0.06,0.0,-2.6142704240983647,-1.4183707030913002,0.1560825643508378,False,-0.09111498199054033,1.9107956893629812,1.5211298887152225e-10,
song,lognormal,0.8,6,2,2012,true,1.0,1.0,0.05,24,0.8294600136880936,5,1.6092203085180425,21,0.875,0.06,0.0,-2.2928075909372243,-1.2379352776176213,0.21574006034572057,False,2.532990952238894,1.4641458483308507,1.0757617019407917e-11,
song,lognormal,0.8,6,3,2013,discovered,1.0,1.0,0.05,84,0.8881334287139494,1,1.5613383802922267,84,1.0,0.0,0.0,-8.961770238569017,-2.702677507067333,0.006878344645952068,False,0.49081234797341133,1.5945728025673815,2.0463630789890885e-12,
song,lognormal,0.8,6,3,2013,true,1.0,1.0,0.05,23,0.8224712899517633,23,3.2982123799390073,16,0.6956521739130435,0.56,0.0,-0.1706006272445224,-0.3911477336959055,0.6956880391886648,False,1.8485768760754002,0.9357199229347188,3.1512570330960443e-11,
song,lognormal,0.8,6,4,2014,discovered,1.0,1.0,0.05,97,0.9787649523370939,3,1.7733333696675047,48,0.4948453608247423,0.92,0.0,-0.2758446884805761,-0.40610977167780593,0.6846619462106864,False,-7.349425742553578,3.576721709682821,1.2447571862139739e-08,
song,lognormal,0.8,6,4,2014,true,1.0,1.0,0.05,22,0.9308465404805538,13,1.74261001966029,18,0.8181818181818182,0.6,0.0,-0.4194825060516414,-0.5746629689364655,0.565519256528045,False,1.0636107383841975,2.2205038057326654,2.1081802970002173e-09,
song,lognormal,0.8,6,5,2015,discovered,1.0,1.0,0.05,155,0.8939857561809432,4,1.6394350335002918,91,0.5870967741935483,0.0,0.0,-6.1312104454285965,-2.308077813372781,0.020994808946548,False,1.652112799513346,1.7313348074062769,9.094947017729282e-12,
song,lognormal,0.8,6,5,2015,true,1.0,1.0,0.05,24,0.8275951953743711,84,2.498864934406323,15,0.625,0.61,0.0,-0.18887790731397747,-0.43003861895682466,0.6671675489445164,False,2.8029701424778466,1.3613274847318098,5.799876134915394e-10,
song,lognormal,0.8,6,6,2016,discovered,1.0,1.0,0.05,110,0.8887368977105763,1,1.444333710861632,110,1.0,0.0,0.0,-8.685509892847461,-2.5546700249567924,0.010628850543176803,False,-0.04685270743546677,2.3969543587357705,1.4879333321005106e-09,
song,lognormal,0.8,6,6,2016,true,1.0,1.0,0.05,24,0.8255633466317943,53,2.7766643826543653,19,0.7916666666666666,0.29,0.0,-0.10515636717480614,-0.32069610137776255,0.7484407020204888,False,0.9415352778330557,1.5047636874237273,2.1671553440683056e-11,
song,lognormal,0.8,6,7,2017,discovered,1.0,1.0,0.05,136,0.9544749160085663,3,1.6979515859110945,84,0.6176470588235294,0.3,0.0,-1.7674275122090912,-1.1831226721507035,0.23676053363990035,False,-1.579191432310418,2.5756770804427274,8.477400115225464e-09,
song,lognormal,0.8,6,7,2017,true,1.0,1.0,0.05,24,0.8148082046794537,64,2.177703188323782,14,0.5833333333333334,0.15,0.0,-1.2129762327223554,-0.8979993380295584,0.3691859023797145,False,4.575026023772821,0.8392458334912825,4.374101081339177e-11,
song,lognormal,0.8,7,0,2010,discovered,1.0,1.0,0.05,59,0.9163358284403609,6,2.983267164850035,13,0.22033898305084745,0.79,0.0,-0.2763994355763699,-0.4773563398937825,0.6331083983711475,False,1.105496940803519,0.8457690447550699,1.7145396213891217e-11,
song,lognormal,0.8,7,0,2010,true,1.0,1.0,0.05,22,0.8273990369265182,5,2.2590875597372286,18,0.8181818181818182,0.72,0.0,-0.23515530542102248,-0.48126523417402073,0.6303280025954854,False,-0.739171393745,1.6606858391656605,3.4282976457689074e-10,
song,lognormal,0.8,7,1,2011,discovered,1.0,1.0,0.05,78,0.911276783210783,1,1.7036276033048616,78,1.0,0.03,0.0,0.4814148967006877,0.5015494608646638,0.6159844775122265,False,-35.99952730577965,6.6658020412948185,2.1592055361452367e-06,
song,lognormal,0.8,7,1,2011,true,1.0,1.0,0.05,23,0.7120792547783152,9,2.0338217456181953,18,0.782608695652174,0.03,0.0,-1.8643343443958726,-1.0821029803389426,0.27920677166764885,False,2.7411901259934064,0.8773108218287149,8.995471034722868e-12,
song,lognormal,0.8,7,2,2012,discovered,1.0,1.0,0.05,86,0.8850322047694004,1,1.5560395144299155,86,1.0,0.0,0.0,-4.473490502621731,-1.6449884014300586,0.09997220297696925,False,-0.7857724400736791,2.18903678633756,4.0955683289212175e-11,
song,lognormal,0.8,7,2,2012,true,1.0,1.0,0.05,21,0.9164771456563954,37,3.057003165109136,11,0.5238095238095238,0.79,0.0,0.0031154179930847903,0.3332793435667525,0.7389234303949365,False,-83830.26721515795,200.9847855554056,4.278480446373578e-05,
song,lognormal,0.8,7,3,2013,discovered,1.0,1.0,0.05,99,0.9700843659374597,2,2.0817915301770094,53,0.5353535353535354,0.99,0.0,0.1387315889530334,0.3666127481656284,0.713907897722126,False,-215563.0035512032,419.06375463278624,7.810121587681351e-05,
song,lognormal,0.8,7,3,2013,true,1.0,1.0,0.05,23,0.8675148943767992,8,1.9033941309248825,19,0.8260869565217391,0.38,0.0,-0.8916327035646412,-0.8205798285774465,0.4118856413054014,False,1.9547338704558523,1.3998543514998083,3.942091097997036e-11,
song,lognormal,0.8,7,4,2014,discovered,1.0,1.0,0.05,130,0.952724728838331,2,1.7673584451266622,82,0.6307692307692307,0.1,0.0,-0.6272443959259193,-0.5261261713003934,0.5988005458976622,False,-5.117138292146561,3.0406477443473423,5.980132300464902e-08,
song,lognormal,0.8,7,4,2014,true,1.0,1.0,0.05,24,0.8196387383544155,31,2.4390287110238273,15,0.625,0.48,0.0,-0.17031287447851406,-0.3599813185936102,0.7188611039629391,False,1.5398785140787483,1.4613638946706504,3.22940252317494e-09,
song,lognormal,0.8,7,5,2015,discovered,1.0,1.0,0.05,147,0.9064659184735802,1,1.4757180496873605,147,1.0,0.0,0.0,-10.291493958980976,-2.6661912728856083,0.007671603167401609,False,-0.3365059044805432,2.3533614945100383,4.168327905063052e-09,
song,lognormal,0.8,7,5,2015,true,1.0,1.0,0.05,24,0.90521761820486,67,2.2666010167142203,12,0.5,0.74,0.0,-0.01066329416673284,-0.09826148268231305,0.9217246624903342,False,-9.82276090502235,3.4949494522466695,9.944319408816682e-05,
song,lognormal,0.8,7,6,2016,discovered,1.0,1.0,0.05,129,0.9570279236726656,3,1.8090306511066987,64,0.49612403100775193,0.05,0.0,-1.3152630195145907,-1.1381480712747898,0.25505865805710826,False,-1.3840135129328535,2.2587961782945696,2.1782398107461631e-10,
song,lognormal,0.8,7,6,2016,true,1.0,1.0,0.05,24,0.8070615789026371,24,1.9732072259324156,19,0.7916666666666666,0.56,0.0,-0.536573248711246,-0.7409467495824302,0.4587257282473385,False,2.3944080504589262,1.5824513658268817,7.294431725313189e-11,
song,lognormal,0.8,7,7,2017,discovered,1.0,1.0,0.05,104,0.9076084497834127,17,2.1082292858063436,31,0.2980769230769231,0.13,0.0,-0.5350992832528711,-0.6519815842054233,0.5144130525764568,False,1.291881225805596,1.64950057764467,2.489173311914783e-10,
song,lognormal,0.8,7,7,2017,true,1.0,1.0,0.05,24,0.7134545630985988,85,2.9376455512787,11,0.4583333333333333,0.45,0.0,-0.013813388606608967,-0.10772908281490562,0.9142105990112187,False,-3.2920361443054746,2.116661258679311,5.314313042958929e-07,
song,lognormal,0.8,8,0,2010,discovered,1.0,1.0,0.05,51,0.8999142210363679,1,2.2364067090007076,51,1.0,0.28,0.0,-0.6290362826872619,-0.7668592487415807,0.4431652049268222,False,-3.273772234164107,1.6941734168224645,1.0032863428932615e-11,
song,lognormal,0.8,8,0,2010,true,1.0,1.0,0.05,19,0.8948636404641104,7,2.044711472982692,10,0.5263157894736842,0.53,0.0,-0.17252381478522416,-0.4280378007642759,0.6686235997043258,False,-0.1385931399201801,1.8422621277467723,2.319353598068119e-10,
song,lognormal,0.8,8,1,2011,discovered,1.0,1.0,0.05,75,0.939081166037045,3,1.8209357770828722,39,0.52,0.29,0.0,-1.8700014035497117,-1.137038416626343,0.2555222262900111,False,0.7662680205289809,1.551205527305497,7.329958862101194e-11,
song,lognormal,0.8,8,1,2011,true,1.0,1.0,0.05,22,0.7156337842162855,22,2.9162567486600146,13,0.5909090909090909,0.84,0.0,-0.015805483638520634,-0.11783935402462825,0.9061949467639825,False,-4.979961299256714,2.1573973998266176,1.009794914352824e-09,
song,lognormal,0.8,8,2,2012,discovered,1.0,1.0,0.05,74,0.8882651026254825,1,1.5012082587456461,74,1.0,0.0,0.0,-5.0093731737111264,-1.7945603937365382,0.07272376821382685,False,-0.2719362813971202,2.2063100457312093,1.4782131074753124e-10,
song,lognormal,0.8,8,2,2012,true,1.0,1.0,0.05,23,0.8671750370107434,14,2.101432283210485,17,0.7391304347826086,0.32,0.0,-0.7186151832345105,-0.7074302766914833,0.4792991272983488,False,2.4559648185561382,1.1954386499154301,1.708144736767281e-11,
song,lognormal,0.8,8,3,2013,discovered,1.0,1.0,0.05,103,0.934882208566471,1,1.7025072141845077,103,1.0,0.0,0.0,-5.637518611883347,-2.082288810636968,0.03731609734272458,False,-0.6662166549887892,1.721105295170571,5.340154984878609e-10,
song,lognormal,0.8,8,3,2013,true,1.0,1.0,0.05,24,0.879780758195393,14,2.0300032832034995,18,0.75,0.13,0.0,-2.0549250847014275,-1.2663683152544112,0.2053812491539171,False,3.2473370795573544,0.8489828011319461,4.305888978706207e-12,
song,lognormal,0.8,8,4,2014,discovered,1.0,1.0,0.05,116,0.9340586142046782,1,1.6122918899094676,116,1.0,0.02,0.0,-4.511914668515717,-1.8318790114725885,0.06696944819750632,False,-2.0025821479219097,2.3965980700023413,5.005631464882754e-10,
song,lognormal,0.8,8,4,2014,true,1.0,1.0,0.05,24,0.8470244386386102,21,2.1130397152365092,18,0.75,0.1,0.0,-0.5559462014494123,-0.6853148824779792,0.4931452425067433,False,2.4726489424077007,1.340781998375761,2.1508128611458233e-10,
song,lognormal,0.8,8,5,2015,discovered,1.0,1.0,0.05,103,0.9059514985417289,6,1.6769700095866333,64,0.6213592233009708,0.06,0.0,-1.756050783729806,-1.2032557289373014,0.2288773751335298,False,0.40352426732304686,2.3172547942019004,8.148163033183664e-09,
song,lognormal,0.8,8,5,2015,true,1.0,1.0,0.05,23,0.766675895237615,34,1.7170758979181024,19,0.8260869565217391,0.03,0.0,-2.0976010027851193,-1.1494952942087155,0.2503518060584403,False,4.403443856631958,1.242080327218079,7.108269528544042e-11,
song,lognormal,0.8,8,6,2016,discovered,1.0,1.0,0.05,160,0.9719261874702404,1,1.665834873526484,160,1.0,0.06,0.0,-2.0551420360781822,-1.1391541121947402,0.2546388810934853,False,-16.47775181641496,4.80027526022742,9.454589644519729e-08,
song,lognormal,0.8,8,6,2016,true,1.0,1.0,0.05,24,0.9181226538414367,21,1.832544291012964,22,0.9166666666666666,0.28,0.0,-1.4915651393511746,-1.0281381999762502,0.3038848237851698,False,3.393341282963684,1.3158183155968521,2.566764578659786e-10,
song,lognormal,0.8,8,7,2017,discovered,1.0,1.0,0.05,106,0.9238245200371326,22,2.216524633188463,23,0.2169811320754717,0.88,0.0,-0.07887470260384699,-0.26465281789604067,0.7912769275772097,False,-3.369446779159029,2.5431379462724535,8.199162948585581e-08,
song,lognormal,0.8,8,7,2017,true,1.0,1.0,0.05,24,0.8746096027982834,40,2.543863025405476,19,0.7916666666666666,0.93,0.0,-0.08346628631836062,-0.2640028302854381,0.7917777378507254,False,-0.5220652280720953,1.8618601639301404,2.767434637007682e-08,
song,lognormal,0.8,9,0,2010,discovered,1.0,1.0,0.05,62,0.9347298018564653,1,1.9200600667949494,62,1.0,0.14,0.0,-1.0408278438796823,-0.8238509367458555,0.4100242611118412,False,-3.5550488161751628,2.1132135926253977,6.792788553866558e-12,
song,lognormal,0.8,9,0,2010,true,1.0,1.0,0.05,19,0.8267299260039581,7,2.063407521499126,12,0.631578947368421,0.73,0.0,-0.8091088508409943,-0.7487096373150984,0.4540322337236824,False,2.173260369912829,1.0227593468293272,1.9895196601282805e-12,
song,lognormal,0.8,9,1,2011,discovered,1.0,1.0,0.05,92,0.9558298928471028,2,1.9977394736669336,56,0.6086956521739131,0.75,0.0,-0.8334124357579697,-0.8258765132028417,0.40887414507315245,False,-2.3918055268731044,2.0302876380215955,2.6880968562181806e-09,
song,lognormal,0.8,9,1,2011,true,1.0,1.0,0.05,24,0.8673540195126584,20,2.1850588930292916,11,0.4583333333333333,0.7,0.0,-0.546528325021435,-0.6114256698424461,0.5409178128600715,False,2.99394932344736,1.0434250107098537,3.3018920930771856e-11,
song,lognormal,0.8,9,2,2012,discovered,1.0,1.0,0.05,92,0.9578612946109751,2,1.8366722840039922,61,0.6630434782608695,0.35,0.0,-1.9304764185632248,-1.2463739656204564,0.2126271345540619,False,-0.691982102216564,1.8374403604878955,9.094947017729282e-13,
song,lognormal,0.8,9,2,2012,true,1.0,1.0,0.05,24,0.9592559735456592,7,1.903096998085743,22,0.9166666666666666,0.31,0.0,-0.16611688565454852,-0.33605099407253175,0.7368324125204161,False,-2.6198343421384767,2.6350339737302093,5.4234462254498794e-08,
song,lognormal,0.8,9,3,2013,discovered,1.0,1.0,0.05,78,0.933938592839296,1,1.7247003158469179,78,1.0,0.32,0.0,-0.9457833736446741,-0.6618938059873379,0.5080392816804329,False,-5.949827023388499,2.9947229250230456,2.1415473838715116e-09,
song,lognormal,0.8,9,3,2013,true,1.0,1.0,0.05,20,0.8224159282990975,17,2.6231691427100348,11,0.55,0.9,0.0,0.01673989432183376,0.6638686354649181,0.5067743920698318,False,-167023.27998503984,318.0326884232822,9.205774222209584e-05,
song,lognormal,0.8,9,4,2014,discovered,1.0,1.0,0.05,95,0.9280532509980911,3,1.6178003195416242,61,0.6421052631578947,0.27,0.0,-2.641510209370426,-1.4955677324708954,0.13476633705820323,False,0.4623164108562914,2.1594678611958007,1.1567635738174431e-11,
song,lognormal,0.8,9,4,2014,true,1.0,1.0,0.05,24,0.7416765112915348,83,3.2486667720040003,11,0.4583333333333333,0.78,0.0,-0.5664498084912086,-0.7067328366229861,0.4797325194846239,False,4.444632715848744,0.5430130431893063,6.245670647331281e-12,
song,lognormal,0.8,9,5,2015,discovered,1.0,1.0,0.05,127,0.9499898294287593,2,1.5724112364938665,98,0.7716535433070866,0.04,0.0,-0.9200796307852936,-0.6662012073359337,0.5052825013370359,False,-6.25804765532725,3.946860594673627,2.4917596874729497e-08,
song,lognormal,0.8,9,5,2015,true,1.0,1.0,0.05,24,0.809791782885789,127,2.919484581521806,10,0.4166666666666667,0.73,0.0,6.610518445526736e-05,0.004334510075228102,0.9965415721618118,False,-68.22213877435104,6.20519002128304,0.00025321469193784196,
song,lognormal,0.8,9,6,2016,discovered,1.0,1.0,0.05,145,0.9509783778742628,3,1.7713692811861634,84,0.5793103448275863,0.1,0.0,-1.194025917608307,-1.0227102323290604,0.3064448719703067,False,-2.8107518595168317,2.6939743678234582,5.236245215201052e-09,
song,lognormal,0.8,9,6,2016,true,1.0,1.0,0.05,24,0.8113747230281438,86,2.586388937573646,11,0.4583333333333333,0.96,0.0,-0.045828224488161595,-0.2266283583426931,0.820712739197902,False,0.24127867677204334,1.8364623283896828,2.029914725198978e-08,
song,lognormal,0.8,9,7,2017,discovered,1.0,1.0,0.05,172,0.9669912815194147,2,1.8441934154180109,130,0.7558139534883721,0.5,0.0,-0.2361301974580896,-0.3159732046534248,0.7520228465820895,False,-48.61718588310351,7.360915980992538,0.00037509241212774214,
song,lognormal,0.8,9,7,2017,true,1.0,1.0,0.05,24,0.5573251659084302,71,2.7661289827408755,16,0.6666666666666666,0.25,0.0,-0.5835984524203752,-0.6272362078528557,0.5305044122032647,False,4.063551314610143,0.79043412949519,7.116796041373163e-11,
song,lognormal,0.8,10,0,2010,discovered,1.0,1.0,0.05,69,0.9058572591638436,1,1.7830647085771703,69,1.0,0.02,0.0,-6.494232393984333,-2.2012604897562404,0.027717588213470066,False,0.3318370095597717,1.1325151510338765,3.865352482534945e-12,
song,lognormal,0.8,10,0,2010,true,1.0,1.0,0.05,22,0.8980713329698532,11,2.492575882117487,11,0.5,0.78,0.0,-0.1672981996008529,-0.40843748595739104,0.6829525172991424,False,0.9448734132056644,1.2975476411495175,6.033928912074771e-11,
song,lognormal,0.8,10,1,2011,discovered,1.0,1.0,0.05,95,0.9345941887106568,1,1.990461645282197,95,1.0,0.35,0.0,-0.29359129329016653,-0.32576030192687516,0.7446057161816548,False,-20.126909637028433,4.180025717098663,3.711278395712725e-09,
song,lognormal,0.8,10,1,2011,true,1.0,1.0,0.05,24,0.8058777229759145,3,1.554288125305902,22,0.9166666666666666,0.01,0.0,-5.0398276210053945,-1.9905555777724997,0.04652976809535305,False,2.5694732308641015,1.1271452164662008,2.9274360713316128e-12,
song,lognormal,0.8,10,2,2012,discovered,1.0,1.0,0.05,108,0.8955860478605179,1,1.6799463588566976,108,1.0,0.0,0.0,-3.536391719363679,-1.5329722463146649,0.1252826933118686,False,-1.8874478808379975,2.173488054599954,3.1661784305470064e-10,
song,lognormal,0.8,10,2,2012,true,1.0,1.0,0.05,24,0.873834377157922,24,2.505752383553488,10,0.4166666666666667,0.98,0.0,0.0021018974516966438,0.14115474579258816,0.887747695664558,False,-43189.252831858954,168.3253430577719,1.546581097500166e-05,
song,lognormal,0.8,10,3,2013,discovered,1.0,1.0,0.05,79,0.9303283580188341,2,1.736571610984229,55,0.6962025316455697,0.01,0.0,-1.2045084665846284,-0.7521708378518519,0.4519483284702851,False,-1.2750953397199525,2.2193748316802866,4.8362096549681155e-09,
song,lognormal,0.8,10,3,2013,true,1.0,1.0,0.05,24,0.7912813907596443,17,2.343643085053428,17,0.7083333333333334,0.0,0.0,-2.2367633965034344,-1.2542110112550906,0.20976531861680736,False,3.354210629690477,0.6090827845061548,4.121147867408581e-13,
song,lognormal,0.8,10,4,2014,discovered,1.0,1.0,0.05,128,0.9613765552314137,2,1.7427350657053913,84,0.65625,0.05,0.0,-1.7498755913566044,-1.3128670063400598,0.18922776631087634,False,-2.6351074081753714,2.5594861419009067,1.5821797205717303e-09,
song,lognormal,0.8,10,4,2014,true,1.0,1.0,0.05,24,0.746376716740906,70,3.766684668694844,12,0.5,0.58,0.0,-0.11025751825319752,-0.3284440173956077,0.7425759661034887,False,3.0253160592197585,0.8181775333248796,4.050875190841907e-10,
song,lognormal,0.8,10,5,2015,discovered,1.0,1.0,0.05,109,0.8747629071919657,55,2.857795322348285,26,0.23853211009174313,0.43,0.0,-0.01938991719614158,-0.14943621291087228,0.8812094387520033,False,-7.25191116264409,2.564511252613526,2.216585322400988e-05,
song,lognormal,0.8,10,5,2015,true,1.0,1.0,0.05,24,0.6389460325765879,61,2.296655689450009,19,0.7916666666666666,0.76,0.0,-0.7677623161338234,-0.8129362753862083,0.4162545950016442,False,3.940204991083043,1.0358662004884898,5.564260163737345e-10,
song,lognormal,0.8,10,6,2016,discovered,1.0,1.0,0.05,136,0.9497907819671585,4,1.7787256237164748,68,0.5,0.16,0.0,-1.4810457778275499,-0.9872452766117868,0.3235224106272663,False,-0.5630471384122773,2.2077033245116655,3.2035245567385573e-09,
song,lognormal,0.8,10,6,2016,true,1.0,1.0,0.05,24,0.9254411518701892,31,2.002769037845611,17,0.7083333333333334,0.25,0.0,-0.08761265790518591,-0.24982284284577466,0.8027243537137472,False,-1.9632673370377862,2.6688335686081945,2.2727156903101786e-06,
song,lognormal,0.8,10,7,2017,discovered,1.0,1.0,0.05,147,0.9502691348349389,1,1.5500016768999803,147,1.0,0.04,0.0,-5.388221245342034,-1.9276645826214038,0.05389686015503766,False,-2.679886749672851,2.815239941379882,1.431828877684893e-09,
song,lognormal,0.8,10,7,2017,true,1.0,1.0,0.05,24,0.8219931087945547,29,1.858348746715172,18,0.75,0.02,0.0,-3.238378983209906,-1.3961753858687358,0.16266168693617566,False,4.3293035008551,0.8294979284453546,3.467448550509289e-12,
song,lognormal,0.8,11,0,2010,discovered,1.0,1.0,0.05,46,0.9172471627834049,1,1.9695326652096912,46,1.0,0.15,0.0,0.13179141001973882,0.2578315881626005,0.7965368846468645,False,-63793.93326825149,229.25245798794916,6.2896497183828615e-06,
song,lognormal,0.8,11,0,2010,true,1.0,1.0,0.05,19,0.8805455840089134,7,2.329935887647425,13,0.6842105263157895,0.25,0.0,0.05554177865543508,0.9045896224831235,0.36568283510233845,False,-192555.67061240732,373.2744327651657,6.249387570278486e-05,
song,lognormal,0.8,11,1,2011,discovered,1.0,1.0,0.05,89,0.9441617783092877,1,1.9061655352666136,89,1.0,0.39,0.0,0.3345684606361745,0.4392382826292246,0.6604888885899669,False,-185284.59463318076,405.003107535349,0.00017296357418672414,
song,lognormal,0.8,11,1,2011,true,1.0,1.0,0.05,24,0.794671483700422,13,2.273465537748813,14,0.5833333333333334,0.21,0.0,-1.0598989146730973,-0.8165871150172154,0.4141644209773724,False,2.85364884158612,0.8156322623567651,1.3073986337985843e-12,
song,lognormal,0.8,11,2,2012,discovered,1.0,1.0,0.05,84,0.8777608212735623,20,3.4310048791148584,15,0.17857142857142858,0.93,0.0,0.0074577318428925565,0.4465116147244051,0.6552277246328762,False,-25875.958701432523,102.29520888055696,2.1286788978613913e-05,
song,lognormal,0.8,11,2,2012,true,1.0,1.0,0.05,23,0.736294043791876,25,2.6851800475980845,14,0.6086956521739131,0.48,0.0,-0.36554210399608156,-0.6537884624075789,0.5132481007348676,False,2.6912251036892725,0.937806162228888,9.71311919784057e-12,
song,lognormal,0.8,11,3,2013,discovered,1.0,1.0,0.05,83,0.8933062030231423,9,2.6915326529872283,23,0.27710843373493976,0.39,0.0,-0.015480104612994872,-0.09861941407955867,0.9214404549573147,False,-12.342588062550988,2.9890372368750353,1.1334788041494903e-07,
song,lognormal,0.8,11,3,2013,true,1.0,1.0,0.05,24,0.8782816964128995,22,2.4356101424229837,11,0.4583333333333333,0.58,0.0,-0.18541575382443742,-0.37880069149244383,0.7048358738406688,False,1.8732752560735695,1.2832419259016294,2.233235818493995e-11,
song,lognormal,0.8,11,4,2014,discovered,1.0,1.0,0.05,112,0.8848994614523608,1,1.5780523321178654,112,1.0,0.0,0.0,-5.631560206862444,-1.8818691649682362,0.05985378200091702,False,-0.8701868578150693,2.141771852280569,1.4779288903810084e-12,
song,lognormal,0.8,11,4,2014,true,1.0,1.0,0.05,24,0.8464837153461238,28,2.518606452929328,14,0.5833333333333334,0.58,0.0,0.009964749227983738,0.6339055320319071,0.5261424750833519,False,-164194.2476685553,327.13425756611343,0.00011536793863342609,
song,lognormal,0.8,11,5,2015,discovered,1.0,1.0,0.05,162,0.9322770088537502,2,1.6047050835179384,119,0.7345679012345679,0.1,0.0,-1.8927107035709319,-1.1013371458001595,0.2707499500708541,False,-3.4347787852431395,3.1812733153474273,8.718075150682125e-10,
song,lognormal,0.8,11,5,2015,true,1.0,1.0,0.05,24,0.6961650633731153,100,2.9327730076879863,15,0.625,0.71,0.0,0.00040351665854387875,0.01860574355101867,0.9851556209389125,False,-57.12682960574462,5.68889434662217,0.00047462251744434525,
song,lognormal,0.8,11,6,2016,discovered,1.0,1.0,0.05,89,0.8712375938479799,30,2.4665762855799254,23,0.25842696629213485,0.73,0.0,-0.012229802019513514,-0.10437834885422101,0.9168691039297296,False,-17.856961785132544,3.9036364747205465,6.784996874387161e-05,
song,lognormal,0.8,11,6,2016,true,1.0,1.0,0.05,24,0.8472182926867686,47,2.241022917316752,11,0.4583333333333333,0.25,0.0,-0.11839929269707028,-0.2935634927463288,0.7690914757191396,False,1.5019323051222666,1.7353049315821438,5.3774513730786566e-08,
song,lognormal,0.8,11,7,2017,discovered,1.0,1.0,0.05,177,0.9651875518975511,1,1.632669014879332,177,1.0,0.0,0.0,-5.652394799849866,-1.9553261367476564,0.050544588135266875,False,-3.5270577972503934,2.7377570848995476,8.287770469905809e-11,
song,lognormal,0.8,11,7,2017,true,1.0,1.0,0.05,24,0.7774261884333331,85,2.9862118951259884,13,0.5416666666666666,0.22,0.0,-1.8113264185150948,-1.243939084547998,0.21352198319775972,False,4.816334937087146,0.40385809555608027,4.973799150320701e-13,
song,lognormal,0.8,12,0,2010,discovered,1.0,1.0,0.05,58,0.9230848503888974,1,1.7812377879803334,58,1.0,0.01,0.0,-2.4004990497751777,-1.2865020841626404,0.19826789192225003,False,-1.018991252814014,1.6875302697281678,5.002220859751105e-12,
song,lognormal,0.8,12,0,2010,true,1.0,1.0,0.05,21,0.8537374808486521,10,2.786468036214456,10,0.47619047619047616,0.99,0.0,-0.025786912922544758,-0.15145911737652398,0.8796135583442916,False,-3.387192240957487,1.9072102622925693,2.207499960604764e-09,
song,lognormal,0.8,12,1,2011,discovered,1.0,1.0,0.05,64,0.9492714451648164,1,1.7065177109375118,64,1.0,0.2,0.0,-1.1033248984090402,-0.939674552090554,0.34738452230474437,False,-6.818058758555214,3.20422228469801,1.1057210258513805e-08,
song,lognormal,0.8,12,1,2011,true,1.0,1.0,0.05,20,0.7463483231293814,23,3.040454699229011,11,0.55,0.06,0.0,-1.3928152604886157,-0.9741343517082863,0.3299898351342708,False,3.473419539357687,0.40743444686622804,4.347100457380293e-11,
song,lognormal,0.8,12,2,2012,discovered,1.0,1.0,0.05,98,0.9491403066832248,1,1.6084868872889908,98,1.0,0.02,0.0,-4.796119258307795,-1.862812399939698,0.06248866483669777,False,-1.2908462516562929,2.1845991320861113,3.086029209953267e-10,
song,lognormal,0.8,12,2,2012,true,1.0,1.0,0.05,24,0.7633432402876652,32,2.7628480783325258,13,0.5416666666666666,0.84,0.0,-0.3329953745750833,-0.5280317733794735,0.597477283200432,False,2.9525877509891343,0.9014161972086154,6.885159109515371e-12,
song,lognormal,0.8,12,3,2013,discovered,1.0,1.0,0.05,92,0.9412095897996374,1,1.8504299280993823,92,1.0,0.18,0.0,-0.5013142513315043,-0.4665268162049151,0.6408384574233766,False,-14.100001745917057,3.8782857260047043,3.460294806245656e-07,
song,lognormal,0.8,12,3,2013,true,1.0,1.0,0.05,22,0.898947690525336,8,1.7920746562560657,16,0.7272727272727273,0.18,0.0,-1.4386047131705246,-1.1533105870240765,0.24878292620656595,False,2.6634971507842344,1.2279072239527429,6.642153493885417e-11,
song,lognormal,0.8,12,4,2014,discovered,1.0,1.0,0.05,129,0.9642643706262274,3,1.8803194276995157,69,0.5348837209302325,0.63,0.0,-0.7726765834396678,-0.7760941064994216,0.43769342321431426,False,-3.8451136098463783,2.6765732765441976,8.462521350338648e-08,
song,lognormal,0.8,12,4,2014,true,1.0,1.0,0.05,24,0.9544017298302109,12,1.7770218513732066,21,0.875,0.51,0.0,-0.6635600293359145,-0.780398383969972,0.4351564187946837,False,1.677256735427743,1.906819207776901,1.09906466150278e-08,
song,lognormal,0.8,12,5,2015,discovered,1.0,1.0,0.05,168,0.945616629223649,1,1.5377306176475036,168,1.0,0.0,0.0,-4.958631491302608,-1.892065585450195,0.05848224291743517,False,-3.9930633136151785,3.215325011871697,1.5755290405650157e-08,
song,lognormal,0.8,12,5,2015,true,1.0,1.0,0.05,24,0.8759253199730371,63,2.2537400445978206,15,0.625,0.88,0.0,-0.49073700732572156,-0.6273535354987299,0.5304275180662377,False,3.7394907953756915,1.1608531780046156,1.8037127347270143e-09,
song,lognormal,0.8,12,6,2016,discovered,1.0,1.0,0.05,129,0.9698915693396367,2,1.6457759417599085,86,0.6666666666666666,0.5,0.0,-0.3822796459653841,-0.4175739153779226,0.6762586715252268,False,-13.044635209381536,4.782707034559128,9.701409453555243e-08,
song,lognormal,0.8,12,6,2016,true,1.0,1.0,0.05,24,0.6924544672914331,70,3.1527837504465817,14,0.5833333333333334,0.97,0.0,-0.10798012933015277,-0.298051260532346,0.7656640402483414,False,2.3862569701183087,1.1152657021179941,6.160405519040069e-11,
song,lognormal,0.8,12,7,2017,discovered,1.0,1.0,0.05,141,0.9581863752013418,1,1.5993129472201464,141,1.0,0.55,0.0,-1.0377218230239702,-0.6053136115765894,0.5449706389667354,False,-15.437899766852738,4.981813356635511,4.585587021210813e-07,
song,lognormal,0.8,12,7,2017,true,1.0,1.0,0.05,23,0.7327735673167863,24,1.858925528718729,22,0.9565217391304348,0.01,0.0,-2.587556380572553,-1.3011089507987834,0.1932211644109132,False,3.941630663503636,1.0070107451698351,7.247535904753022e-13,
song,lognormal,0.8,13,0,2010,discovered,1.0,1.0,0.05,71,0.9171867814680574,5,2.7893231536154253,22,0.30985915492957744,0.59,0.0,-0.10044137218173255,-0.25795201309542554,0.7964439421349022,False,-2.9399953077286196,1.7031035007215858,4.409628218127182e-11,
song,lognormal,0.8,13,0,2010,true,1.0,1.0,0.05,24,0.8628766163308447,5,1.97289118313231,18,0.75,0.31,0.0,-1.006684715098893,-0.906687255603612,0.36457220474141183,False,1.6270221756353798,1.2143514439470173,2.4797941478027496e-12,
song,lognormal,0.8,13,1,2011,discovered,1.0,1.0,0.05,73,0.9272876458771874,1,1.6477722284799452,73,1.0,0.02,0.0,-3.0351906998049647,-1.3776430757323137,0.16831351451487253,False,-1.3464439961820989,2.091572901404728,3.268496584496461e-12,
song,lognormal,0.8,13,1,2011,true,1.0,1.0,0.05,24,0.8084961304834204,7,1.8949875616493483,18,0.75,0.1,0.0,-1.9167552620875656,-1.1149246161173327,0.26488272703789795,False,2.5769882086903815,1.0023268759451927,1.9895196601282805e-12,
song,lognormal,0.8,13,2,2012,discovered,1.0,1.0,0.05,83,0.8830749697729146,14,3.020702448688033,19,0.2289156626506024,0.66,0.0,0.002053927960090185,0.055767031295364144,0.9555273992695436,False,-67764.57240248549,180.98008471109338,1.695795072009787e-05,
song,lognormal,0.8,13,2,2012,true,1.0,1.0,0.05,24,0.8129641991818689,23,2.505554297028579,12,0.5,0.73,0.0,-0.013851400649940615,-0.11717976378058137,0.9067176025952982,False,-7.199040985523368,2.7561091913619635,2.3007935112673294e-08,
song,lognormal,0.8,13,3,2013,discovered,1.0,1.0,0.05,100,0.9548003892167685,1,1.7862780986759588,100,1.0,0.02,0.0,-3.1053554588644996,-1.5812578712003011,0.11381908803576225,False,-2.2583522081075547,2.0370538073416,1.48929757415317e-11,
song,lognormal,0.8,13,3,2013,true,1.0,1.0,0.05,23,0.8510293846681892,16,2.1781076277539513,12,0.5217391304347826,0.39,0.0,-0.46343102151861126,-0.6060186691832282,0.5445023561566507,False,2.5066109633545786,1.1582824173532864,7.318590178329032e-13,
song,lognormal,0.8,13,4,2014,discovered,1.0,1.0,0.05,140,0.9231235589886773,1,1.6794739905736664,140,1.0,0.06,0.0,-0.49767496921050913,-0.3823119214623149,0.702230013067678,False,-24.055928637622735,5.631085646182206,1.2481336852943059e-08,
song,lognormal,0.8,13,4,2014,true,1.0,1.0,0.05,24,0.7953616490289767,52,3.1977544511769556,15,0.625,0.56,0.0,-0.021294501494116602,-0.13799837277102445,0.89024170358435,False,-2.434299394540913,1.8096959168023394,1.2662761150750157e-07,
song,lognormal,0.8,13,5,2015,discovered,1.0,1.0,0.05,125,0.9247700338449629,1,1.451932697356531,125,1.0,0.02,0.0,-5.061348993722148,-1.7237018900665968,0.08476167364757649,False,-2.1885661249900266,3.1535092694853484,4.304752110328991e-09,
song,lognormal,0.8,13,5,2015,true,1.0,1.0,0.05,24,0.7793190688439994,99,2.981343556761622,15,0.625,0.16,0.0,-0.6883862446984361,-0.7720210698580792,0.4401019484388333,False,4.562356763574291,0.6450311669947928,1.0899725566559937e-11,
song,lognormal,0.8,13,6,2016,discovered,1.0,1.0,0.05,97,0.8932615568150728,1,1.4214891473540587,97,1.0,0.0,0.0,-7.797306107467403,-2.2785921632883466,0.022691320227555985,False,0.060492135980820164,2.490083221671475,2.0474999473663047e-10,
song,lognormal,0.8,13,6,2016,true,1.0,1.0,0.05,24,0.8039776396299558,42,2.3483078973646294,17,0.7083333333333334,0.21,0.0,-0.572037965346686,-0.6260157913524407,0.5313045836484775,False,3.3896574578410643,1.0668133963326671,3.4347635846643243e-10,
song,lognormal,0.8,13,7,2017,discovered,1.0,1.0,0.05,148,0.9448848546541383,2,1.6376804138045646,105,0.7094594594594594,0.09,0.0,-4.167511835817322,-1.7202288059569988,0.08539085880150604,False,-0.38038593845953206,2.1936092625196744,1.2659029380301945e-10,
song,lognormal,0.8,13,7,2017,true,1.0,1.0,0.05,24,0.6909849198056585,75,2.7666640085296748,14,0.5833333333333334,0.82,0.0,-0.08300210321074886,-0.28506491282281554,0.775594410746084,False,1.4676862185093928,1.4773787521232569,4.90861395974207e-09,
song,lognormal,0.8,14,0,2010,discovered,1.0,1.0,0.05,52,0.9393212686782414,1,1.9283184698610492,52,1.0,0.77,0.0,-0.3853612526293564,-0.4840234153798805,0.6283692514270416,False,-10.792395414869851,3.273285825438722,2.9199640039223596e-08,
song,lognormal,0.8,14,0,2010,true,1.0,1.0,0.05,22,0.9506427811015825,2,1.7037840273522469,18,0.8181818181818182,0.19,0.0,-1.2969668268246437,-0.9723648094805475,0.33086909230878003,False,0.806090227923271,1.5393123472344996,1.0594192190183094e-11,
song,lognormal,0.8,14,1,2011,discovered,1.0,1.0,0.05,72,0.9278991367104832,1,1.7331107923121813,72,1.0,0.28,0.0,-0.13691360417130705,-0.13163304129429587,0.895274549744409,False,-14.553074663896865,4.298900730993414,1.0063047284347704e-08,
song,lognormal,0.8,14,1,2011,true,1.0,1.0,0.05,21,0.7735327421444687,16,2.5037552513758126,12,0.5714285714285714,0.79,0.0,-0.02693964598907339,-0.14475299222916904,0.8849058979772378,False,-3.8323347714182736,2.2606489312068967,1.1291433565929765e-08,
song,lognormal,0.8,14,2,2012,discovered,1.0,1.0,0.05,121,0.9501915976687155,1,1.8484002626859555,121,1.0,0.22,0.0,-1.3470908200121563,-0.9719783195162617,0.33106133445846586,False,-8.508861828894497,3.1209826670280605,3.543595994415227e-08,
song,lognormal,0.8,14,2,2012,true,1.0,1.0,0.05,24,0.7874755896695835,13,2.2079750508280114,21,0.875,0.73,0.0,-0.04116401758219457,-0.1760593651808819,0.8602473040905059,False,-6.924058949731863,2.988572379693997,1.1698233493007137e-09,
song,lognormal,0.8,14,3,2013,discovered,1.0,1.0,0.05,72,0.9102889223068981,2,1.74990877316266,50,0.6944444444444444,0.03,0.0,-2.0153146796972043,-1.116123478949244,0.26436928329966924,False,0.02109264044099792,1.768335419626535,3.484501576167531e-11,
song,lognormal,0.8,14,3,2013,true,1.0,1.0,0.05,23,0.7373623429489568,25,3.4810954369214713,12,0.5217391304347826,0.64,0.0,-0.00613153248390752,-0.0634809687693984,0.949383513396332,False,-6.053083392863973,1.9975458865799658,1.050516331702056e-07,
song,lognormal,0.8,14,4,2014,discovered,1.0,1.0,0.05,115,0.946535265216891,2,1.8583912237854383,82,0.7130434782608696,0.09,0.0,-1.781555837806906,-1.1644057417442157,0.2442596218225459,False,-1.6451950108453026,2.068721685189403,2.474678240105277e-10,
song,lognormal,0.8,14,4,2014,true,1.0,1.0,0.05,23,0.7708470374772031,23,2.0246447359566577,17,0.7391304347826086,0.18,0.0,-0.7249629506418374,-0.7324364492130623,0.4639022183957998,False,2.956442130670618,1.287098750661408,1.878674993349705e-11,
song,lognormal,0.8,14,5,2015,discovered,1.0,1.0,0.05,150,0.9346598912480976,6,2.0188875700852567,62,0.41333333333333333,0.08,0.0,0.05983306796494858,0.18417133216940354,0.8538790483853645,False,-22.787342207271802,4.985721835296597,1.77646114707386e-07,
song,lognormal,0.8,14,5,2015,true,1.0,1.0,0.05,24,0.8492686988922471,48,2.046060664620148,15,0.625,0.27,0.0,-0.05145052359304625,-0.18742433448760204,0.8513279444932917,False,-3.1099360235693814,2.8829688374513656,2.7350975528861454e-07,
song,lognormal,0.8,14,6,2016,discovered,1.0,1.0,0.05,154,0.9409257281270008,1,1.5298591406480648,154,1.0,0.01,0.0,-5.323513374472547,-1.8456355946020175,0.06494513456805331,False,-2.79737399746449,2.9351444430381703,5.050537765782792e-09,
song,lognormal,0.8,14,6,2016,true,1.0,1.0,0.05,24,0.8359071542970009,81,2.957336728695836,12,0.5,0.43,0.0,-0.7810984218204684,-0.7608343589189678,0.4467560093115449,False,4.535923006856057,0.5681001733123809,1.8189894035458565e-12,
song,lognormal,0.8,14,7,2017,discovered,1.0,1.0,0.05,162,0.9727847846163017,2,1.7203141578699488,111,0.6851851851851852,0.58,0.0,-0.27103473770194597,-0.2653174453123059,0.7907649265262946,False,-14.951505805702903,4.738064205687898,2.129058884747792e-07,
song,lognormal,0.8,14,7,2017,true,1.0,1.0,0.05,24,0.7095868228423898,88,2.629848756612222,14,0.5833333333333334,0.38,0.0,-0.4128116908553645,-0.5376897072867606,0.5907912863012292,False,4.075400948126254,0.9272157633128391,1.6882211184565676e-09,
song,lognormal,0.8,15,0,2010,discovered,1.0,1.0,0.05,68,0.9366383240286902,1,1.9034237669320646,68,1.0,0.79,0.0,-0.31501849021552486,-0.37145154195049407,0.7103012421296881,False,-15.840392394297426,3.9452595419308603,7.936054657875502e-08,
song,lognormal,0.8,15,0,2010,true,1.0,1.0,0.05,22,0.7253180822112274,6,2.0841224455756517,16,0.7272727272727273,0.05,0.0,-2.9049246128261466,-1.5693824205844553,0.11655885774255414,False,2.515175167506985,0.6417148986966745,2.984279490192421e-13,
song,lognormal,0.8,15,1,2011,discovered,1.0,1.0,0.05,67,0.9109691965491665,2,1.7553322384971317,52,0.7761194029850746,0.11,0.0,-2.6399648324867075,-1.4979194225937265,0.13415418677414703,False,0.31811946155157333,1.640526652471191,3.078071131312754e-11,
song,lognormal,0.8,15,1,2011,true,1.0,1.0,0.05,24,0.8126157633163512,20,2.9867313868242733,14,0.5833333333333334,0.16,0.0,-2.079225122233222,-1.2208908716314617,0.22212734115512522,False,3.3751686419742626,0.3885245187460511,2.1316282072803006e-14,
song,lognormal,0.8,15,2,2012,discovered,1.0,1.0,0.05,80,0.9004310931549174,1,1.5664293421048632,80,1.0,0.02,0.0,-3.998339453837288,-1.607329947699495,0.10798200814227803,False,-0.9627194918432547,2.2151295911851707,3.0041746867937036e-11,
song,lognormal,0.8,15,2,2012,true,1.0,1.0,0.05,24,0.7992060607893684,18,2.438761787516404,16,0.6666666666666666,0.87,0.0,-0.012715789531537958,-0.10134444289027743,0.9192770374540074,False,-10.996290031014214,3.224136830839163,2.004563981472529e-07,
song,lognormal,0.8,15,3,2013,discovered,1.0,1.0,0.05,85,0.9229549787689209,2,1.807196302200688,57,0.6705882352941176,0.03,0.0,-4.051677785892219,-1.8478181560900404,0.06462865347245994,False,0.8209171149681671,1.3200552191105694,1.9895196601282805e-13,
song,lognormal,0.8,15,3,2013,true,1.0,1.0,0.05,24,0.8297449226791747,7,1.8144123519934414,20,0.8333333333333334,0.31,0.0,-2.075977034016843,-1.2895259503945007,0.19721530058303616,False,2.6137532858412698,1.121133092810101,1.3741896509600338e-11,
song,lognormal,0.8,15,4,2014,discovered,1.0,1.0,0.05,101,0.9213185676002946,1,1.492709633532674,101,1.0,0.01,0.0,-6.007163808523592,-1.9485051696784463,0.05135454684912112,False,-0.7381450572995845,2.432793516557143,5.411493475548923e-11,
song,lognormal,0.8,15,4,2014,true,1.0,1.0,0.05,24,0.8862775151808685,29,2.1996841825008375,16,0.6666666666666666,0.73,0.0,-0.3426056143822569,-0.6110862705089979,0.5411424685813466,False,2.3218654257170845,1.418705468640933,2.432898327242583e-10,
song,lognormal,0.8,15,5,2015,discovered,1.0,1.0,0.05,129,0.9047120758842062,51,2.7756173680713556,21,0.16279069767441862,0.36,0.0,0.003783706620597016,0.43715526260856175,0.6619987518179069,False,-79248.79237836602,210.62173590407397,4.616879596142098e-05,
song,lognormal,0.8,15,5,2015,true,1.0,1.0,0.05,24,0.8615792627306506,81,2.486398503533677,14,0.5833333333333334,0.65,0.0,-0.0307814965567772,-0.15998151851109355,0.8728956327861686,False,-2.5025028241031437,2.3381671912955238,9.846507111888059e-07,
song,lognormal,0.8,15,6,2016,discovered,1.0,1.0,0.05,129,0.9338305183988391,3,1.7896742099086627,82,0.6356589147286822,0.04,0.0,-0.9252244476729072,-0.702538611238289,0.48234333125841755,False,-2.7074785424473133,2.62926692125662,3.228882405892364e-08,
song,lognormal,0.8,15,6,2016,true,1.0,1.0,0.05,24,0.5703979005700534,90,3.6241530323310513,11,0.4583333333333333,0.59,0.0,0.00025891533205424366,0.010847067831132911,0.9913454617617705,False,-37.89963134881941,4.047104989254723,0.0003989313532883898,
song,lognormal,0.8,15,7,2017,discovered,1.0,1.0,0.05,109,0.8560117119385616,1,1.3998506736087422,109,1.0,0.0,0.0,-11.665027109947205,-2.6648440999977026,0.0077024021100304645,False,0.792403053297071,2.2644059724628693,8.702727427589707e-11,
song,lognormal,0.8,15,7,2017,true,1.0,1.0,0.05,24,0.9084695848666442,26,1.9650351854247246,21,0.875,0.13,0.0,-0.8087676502671517,-0.852337164665084,0.3940269843461859,False,2.9451479605739532,1.4192886765718213,2.8830982046201825e-10,
song,lognormal,0.8,16,0,2010,discovered,1.0,1.0,0.05,60,0.8619170096046045,1,1.7229504634490818,60,1.0,0.0,0.0,-4.974098287283871,-1.853519199647597,0.06380797683217233,False,0.2096706190725618,1.3105485823301646,3.666400516522117e-12,
song,lognormal,0.8,16,0,2010,true,1.0,1.0,0.05,20,0.804363697622417,5,2.0487482593085145,16,0.8,0.47,0.0,-0.6560259936907358,-0.6821645948546571,0.4951348794264956,False,1.2356285368973896,1.2881879552352944,2.595399450910918e-10,
song,lognormal,0.8,16,1,2011,discovered,1.0,1.0,0.05,86,0.9162035342844191,1,1.6778940621620155,86,1.0,0.01,0.0,-3.828866535431402,-1.5868464047255948,0.11254743591538419,False,-1.0716154308846928,1.9229245189638517,1.3073986337985843e-12,
song,lognormal,0.8,16,1,2011,true,1.0,1.0,0.05,24,0.7806669458292954,10,2.2394536414238875,17,0.7083333333333334,0.55,0.0,-0.4216279147156481,-0.5761966684471354,0.5644822568266452,False,1.4229270313702358,1.3116904467295378,1.595878984517185e-11,
song,lognormal,0.8,16,2,2012,discovered,1.0,1.0,0.05,107,0.9580354972151361,1,1.7457536976213215,107,1.0,0.23,0.0,-0.9406071368046878,-0.6707498685292606,0.5023798883987446,False,-11.832250550956733,3.88414711543102,3.761431344173616e-08,
song,lognormal,0.8,16,2,2012,true,1.0,1.0,0.05,24,0.6893939179202454,10,1.844987495751909,19,0.7916666666666666,0.0,0.0,-2.983967581676226,-1.4537849259652682,0.14600594397677788,False,3.200136279764144,0.8940447528799816,5.201172825763933e-12,
song,lognormal,0.8,16,3,2013,discovered,1.0,1.0,0.05,83,0.8710165533617064,4,2.0911197688345444,39,0.46987951807228917,0.11,0.0,-3.5856927269298433,-1.718470445734105,0.08571084065732265,False,1.7804901956744406,0.8661483872139348,1.9139179130434059e-10,
song,lognormal,0.8,16,3,2013,true,1.0,1.0,0.05,22,0.9324684103362801,7,1.946771240015649,18,0.8181818181818182,0.2,0.0,-0.38305590735672546,-0.5514931425877054,0.5812956662132421,False,0.43223885225775527,1.8183814467761281,9.858354133029934e-10,
song,lognormal,0.8,16,4,2014,discovered,1.0,1.0,0.05,115,0.9320595070340281,1,1.5966495468914395,115,1.0,0.16,0.0,-2.0641256586052634,-1.0541694507820483,0.2918053437903433,False,-5.235572646128909,3.263935595412969,7.051841066640918e-08,
song,lognormal,0.8,16,4,2014,true,1.0,1.0,0.05,23,0.8932230973475797,28,2.451619708961223,16,0.6956521739130435,0.62,0.0,0.013879778623710592,0.7144717744991761,0.4749355035392653,False,-90359.00957662192,248.25798044628536,0.00014539323365170276,
song,lognormal,0.8,16,5,2015,discovered,1.0,1.0,0.05,130,0.9089387616283673,3,1.6970757173037072,76,0.5846153846153846,0.0,0.0,-3.863235818652454,-1.721529003483252,0.08515487382164627,False,0.8721454364419021,1.7700362018469935,3.5794300856650807e-10,
song,lognormal,0.8,16,5,2015,true,1.0,1.0,0.05,24,0.8802011874903061,25,1.968314052049763,18,0.75,0.49,0.0,-0.154131618996173,-0.31431358219300026,0.7532828834840465,False,-0.8688713382773078,2.4597978465375196,1.136469904849946e-07,
song,lognormal,0.8,16,6,2016,discovered,1.0,1.0,0.05,131,0.9335272222067899,2,1.669241091710222,96,0.732824427480916,0.28,0.0,-2.133494018304792,-1.2909657637660077,0.19671554942032288,False,-2.072596900815918,2.6159453482602837,1.8312107386009302e-09,
song,lognormal,0.8,16,6,2016,true,1.0,1.0,0.05,24,0.6184526088212621,53,2.5998663535393662,15,0.625,0.28,0.0,-0.19531649426285558,-0.45926900214899896,0.6460410047437142,False,2.4728915086654273,1.2662363335991473,2.4279245280922623e-10,
song,lognormal,0.8,16,7,2017,discovered,1.0,1.0,0.05,132,0.9116722193873602,1,1.4901557264295697,132,1.0,0.0,0.0,-2.127355591542381,-0.9104841218828081,0.36256725172193704,False,-5.523390354893294,3.830077086021461,1.824093942559557e-08,
song,lognormal,0.8,16,7,2017,true,1.0,1.0,0.05,24,0.6754825965435277,82,2.6141062446519276,11,0.4583333333333333,0.94,0.0,-0.08130649405747992,-0.28815595346747624,0.7732273634206491,False,1.8397608731805861,1.5061267612960059,3.6257475244383386e-08,
song,lognormal,0.8,17,0,2010,discovered,1.0,1.0,0.05,56,0.9384220461505106,1,1.9218647613090303,56,1.0,0.73,0.0,0.19659474106734076,0.3307260017083817,0.7408514600015483,False,-148714.80652430013,359.50872860418275,4.853310474572936e-05,
song,lognormal,0.8,17,0,2010,true,1.0,1.0,0.05,20,0.9115260695924889,6,2.050998012081813,12,0.6,0.49,0.0,-0.049872004102112566,-0.1659620678730603,0.86818680158671,False,-4.157645506737696,2.6365320105860905,9.079528240363288e-10,
song,lognormal,0.8,17,1,2011,discovered,1.0,1.0,0.05,74,0.9506834367235933,1,1.7129261459675724,74,1.0,0.29,0.0,-2.239459977033748,-1.2383224732955327,0.21559651409506564,False,-2.387953840150323,2.229946842466267,7.317453309951816e-10,
song,lognormal,0.8,17,1,2011,true,1.0,1.0,0.05,24,0.8615668608338632,22,2.737997527199642,12,0.5,0.68,0.0,-0.11543448049400773,-0.3261799633583957,0.7442882000428653,False,1.16733146135721,1.289100837588971,2.362412487855181e-10,
song,lognormal,0.8,17,2,2012,discovered,1.0,1.0,0.05,87,0.9374229092884169,1,1.6335740807229393,87,1.0,0.09,0.0,-3.2727426258647796,-1.617756152359917,0.10571515935515807,False,-2.062022482847253,2.3486978218549837,1.710134256427409e-10,
song,lognormal,0.8,17,2,2012,true,1.0,1.0,0.05,24,0.8522283771011588,15,2.169413105850211,19,0.7916666666666666,0.19,0.0,-1.5731640591074378,-1.165194788227669,0.24394015479719433,False,3.0790670247401675,0.8586125155102768,2.1714186004828662e-11,
song,lognormal,0.8,17,3,2013,discovered,1.0,1.0,0.05,81,0.9243874021232358,10,3.2419597971730316,15,0.18518518518518517,0.62,0.0,-0.007041643844194034,-0.08255565901103765,0.9342048598460947,False,-14.86860583084933,2.7867585568461917,1.7282096109738632e-06,
song,lognormal,0.8,17,3,2013,true,1.0,1.0,0.05,22,0.9469920198645166,10,2.0301874025048274,16,0.7272727272727273,0.44,0.0,-0.170389942216568,-0.3554008464993215,0.7222893147885882,False,-0.7476108373711864,2.114087661018449,5.094875632494222e-09,
song,lognormal,0.8,17,4,2014,discovered,1.0,1.0,0.05,124,0.9011453968310568,1,1.5489657850109078,124,1.0,0.0,0.0,-7.903532653857809,-2.552437323909692,0.01069721540477529,False,-0.5579137369258604,2.1233891083992136,3.900595402228646e-10,
song,lognormal,0.8,17,4,2014,true,1.0,1.0,0.05,24,0.6414277250565334,21,1.9889660565554061,20,0.8333333333333334,0.02,0.0,-2.3592073859652336,-1.2458335459804482,0.21282551116864568,False,3.7056483064445755,0.8727379117930527,2.5721647034515627e-12,
song,lognormal,0.8,17,5,2015,discovered,1.0,1.0,0.05,188,0.9464312321178656,2,1.660602219574411,133,0.7074468085106383,0.08,0.0,-1.1478343640200581,-0.6951322157419565,0.4869724471309739,False,-5.423365238437028,3.42270625602432,1.5587829693686217e-08,
song,lognormal,0.8,17,5,2015,true,1.0,1.0,0.05,24,0.8472223878242684,89,2.7249357135192156,16,0.6666666666666666,0.5,0.0,-0.37908562575607707,-0.5451694780332371,0.5856369614441248,False,3.8935942749368078,0.9494631927221107,1.8369519239058718e-09,
song,lognormal,0.8,17,6,2016,discovered,1.0,1.0,0.05,112,0.9358752946556951,2,1.6343767764655255,92,0.8214285714285714,0.0,0.0,-1.6301149058585875,-1.001842243446846,0.316419791114287,False,-2.9821294948857737,2.962419661433064,5.960487214906607e-09,
song,lognormal,0.8,17,6,2016,true,1.0,1.0,0.05,24,0.8444827544062369,86,3.0713230955867687,10,0.4166666666666667,0.82,0.0,0.003110198469419956,0.9016144957667103,0.3672616879642625,False,-95544.19522080675,214.38595073938657,6.068922266422305e-05,
song,lognormal,0.8,17,7,2017,discovered,1.0,1.0,0.05,191,0.9464304420911217,1,1.707638197457677,191,1.0,0.0,0.0,0.845014143692687,0.595278219320247,0.5516575125666123,False,-184.26671265999602,14.664463608510761,0.0032080655538493374,
song,lognormal,0.8,17,7,2017,true,1.0,1.0,0.05,24,0.8928174776904899,46,1.9886794462988695,16,0.6666666666666666,0.03,0.0,-0.7377261744297234,-0.8192636069665972,0.4126360314822637,False,3.7565140172124027,1.2926687122038676,4.0316194827028085e-11,
song,lognormal,0.8,18,0,2010,discovered,1.0,1.0,0.05,48,0.8716929339188755,12,3.506028376574579,11,0.22916666666666666,0.18,0.0,-0.7032274106049794,-0.6522807607861295,0.5142200690013639,False,2.58141289791424,0.4387169025339078,2.8492763703980017e-12,
song,lognormal,0.8,18,0,2010,true,1.0,1.0,0.05,20,0.8760666125778062,3,1.78329250589948,19,0.95,0.09,0.0,-2.9108445254138973,-1.5196346312953821,0.12860282899044592,False,1.9647958616488677,0.9584324222924172,2.6290081223123707e-12,
song,lognormal,0.8,18,1,2011,discovered,1.0,1.0,0.05,96,0.9353217913463888,1,1.898798282128837,96,1.0,0.24,0.0,-0.3152294991297533,-0.3400514702863684,0.7338177673160196,False,-23.1083956638704,4.706816047342293,1.9878086732205702e-08,
song,lognormal,0.8,18,1,2011,true,1.0,1.0,0.05,24,0.7642281224894965,12,2.238566061105961,16,0.6666666666666666,0.35,0.0,-0.6645331480033012,-0.7218790754174482,0.47036882705393523,False,2.2904315506298634,1.071580788333109,4.547473508864641e-12,
song,lognormal,0.8,18,2,2012,discovered,1.0,1.0,0.05,87,0.9127060588895932,4,1.9160390093113226,47,0.5402298850574713,0.05,0.0,-1.3528344476828986,-0.9715248144116903,0.33128700239657005,False,0.4192143959138923,1.6572088325825118,1.3926637620897964e-10,
song,lognormal,0.8,18,2,2012,true,1.0,1.0,0.05,23,0.8595435609450137,19,2.3084629565434627,18,0.782608695652174,0.4,0.0,-1.0064212735782476,-0.9228060919113685,0.35610826558404884,False,3.0309370948912724,0.9022452758727584,3.154809746774845e-12,
song,lognormal,0.8,18,3,2013,discovered,1.0,1.0,0.05,107,0.9503980816030277,6,2.8251857235916984,18,0.16822429906542055,0.8,0.0,-0.1422737557116056,-0.38761718176188176,0.6982993519576619,False,-0.6706754913293722,1.329502996466653,4.8345327741117217e-11,
song,lognormal,0.8,18,3,2013,true,1.0,1.0,0.05,22,0.7453799310459959,13,2.102187077548942,19,0.8636363636363636,0.43,0.0,-0.8397058127533676,-0.7858239874311128,0.43197061145504734,False,2.4272267783154184,1.1738605402260087,7.815970093361102e-13,
song,lognormal,0.8,18,4,2014,discovered,1.0,1.0,0.05,102,0.9372364107167922,1,1.56171860354359,102,1.0,0.01,0.0,-1.4789920805248875,-0.7953699499019048,0.42639833467855803,False,-6.390511041951887,3.6555749723455713,3.855558361465228e-08,
song,lognormal,0.8,18,4,2014,true,1.0,1.0,0.05,24,0.89339713729709,15,1.8974843740829073,22,0.9166666666666666,0.09,0.0,-0.7523856088785745,-0.6654499815385727,0.5057627255196591,False,2.198267660796795,1.5850039673782916,5.6132876125047915e-12,
song,lognormal,0.8,18,5,2015,discovered,1.0,1.0,0.05,179,0.9601983084751059,2,1.7006115987814139,124,0.6927374301675978,0.07,0.0,-2.1285010201912224,-1.2097157927995297,0.2263879677152274,False,-3.2201928277130967,2.812983658041861,4.204423476039665e-09,
song,lognormal,0.8,18,5,2015,true,1.0,1.0,0.05,24,0.7593132028203408,119,2.8973640122644695,11,0.4583333333333333,0.62,0.0,-0.1592437710149115,-0.4928156624970628,0.622142842841853,False,3.68485031864109,1.0261298858319665,1.4190462138685689e-09,
song,lognormal,0.8,18,6,2016,discovered,1.0,1.0,0.05,128,0.9209643839991625,2,1.55429312984027,93,0.7265625,0.01,0.0,-6.734290905842726,-2.3787066982079588,0.017373493511281122,False,0.8599575369489878,1.9700356714486458,9.379164112033322e-12,
song,lognormal,0.8,18,6,2016,true,1.0,1.0,0.05,24,0.8899775477178363,30,2.0642065978338446,22,0.9166666666666666,0.55,0.0,-1.3278213720949998,-1.0453835048471976,0.295845757300795,False,3.5862884093079437,1.0781277289831288,1.1581846592889633e-11,
song,lognormal,0.8,18,7,2017,discovered,1.0,1.0,0.05,113,0.8947995225456182,6,1.8660673457963384,57,0.504424778761062,0.03,0.0,-2.83953214046646,-1.3607495496870128,0.17359285008775105,False,1.6844007424889624,1.4362654095215042,6.17319528828375e-11,
song,lognormal,0.8,18,7,2017,true,1.0,1.0,0.05,24,0.9099617024309329,32,2.23265742208911,20,0.8333333333333334,0.85,0.0,-0.12789582068046368,-0.3947223915903264,0.6930477757670159,False,-0.4732094988514804,2.083036463038552,4.783959184351261e-08,
song,lognormal,0.8,19,0,2010,discovered,1.0,1.0,0.05,53,0.9430078336045041,1,1.6922898128131685,53,1.0,0.03,0.0,-1.7868422469956204,-1.0992570299595703,0.27165596946147963,False,-2.180766977919951,2.223076165008429,1.0246026249660645e-11,
song,lognormal,0.8,19,0,2010,true,1.0,1.0,0.05,22,0.8204396711433066,6,2.359966184535319,15,0.6818181818181818,0.97,0.0,-0.10746529041323694,-0.31684415771350705,0.7513618560768146,False,-1.7028494422256966,1.8272872814517322,2.2866686322231544e-10,
song,lognormal,0.8,19,1,2011,discovered,1.0,1.0,0.05,90,0.9614532751659118,1,1.7737612866643138,90,1.0,0.08,0.0,-2.6884853551375283,-1.3957244643579894,0.1627974843063107,False,-2.454812969473662,2.112843797694309,6.733671398251317e-10,
song,lognormal,0.8,19,1,2011,true,1.0,1.0,0.05,23,0.9437103569630912,15,2.2952857420511035,13,0.5652173913043478,0.39,0.0,-0.5812180316294477,-0.7108557129473755,0.4771736522100545,False,2.6010953346464403,0.9957617156324157,3.462474751358968e-11,
song,lognormal,0.8,19,2,2012,discovered,1.0,1.0,0.05,88,0.8844696635874647,1,1.548275589144074,88,1.0,0.0,0.0,-6.614472302670125,-2.0649826957325503,0.03892463762479407,False,-0.02160350095462282,1.9024711621855521,2.737010618147906e-11,
song,lognormal,0.8,19,2,2012,true,1.0,1.0,0.05,22,0.8665502681107732,18,2.4848201785950925,17,0.7727272727272727,0.63,0.0,-0.23452621036407573,-0.47456436835557303,0.6350975082817774,False,1.307418450884695,1.3460263594191242,2.667803755684872e-10,
song,lognormal,0.8,19,3,2013,discovered,1.0,1.0,0.05,73,0.8823233789867216,14,3.0966756731180967,18,0.2465753424657534,0.7,0.0,-0.21682149187418176,-0.4361321001781247,0.6627408883944717,False,1.373520798579329,0.9846255557887585,3.126388037344441e-12,
song,lognormal,0.8,19,3,2013,true,1.0,1.0,0.05,24,0.7408180450825911,8,1.8624465339812146,21,0.875,0.01,0.0,-5.48872449021092,-1.8772808113325674,0.06047961674851471,False,3.1098119189664892,0.6785092956158637,8.9343643594475e-11,
song,lognormal,0.8,19,4,2014,discovered,1.0,1.0,0.05,93,0.9629781972271978,4,1.899361730008204,50,0.5376344086021505,0.44,0.0,-0.13963250934509075,-0.273350492374578,0.7845838053442165,False,-10.936849993458692,3.8690438309685224,9.246724630429526e-08,
song,lognormal,0.8,19,4,2014,true,1.0,1.0,0.05,24,0.8899891573825663,31,2.011033110255149,13,0.5416666666666666,0.79,0.0,-0.25202788420165767,-0.43631557057053333,0.6626077863169308,False,2.026125951068567,1.7362170002266049,8.232547088482534e-09,
song,lognormal,0.8,19,5,2015,discovered,1.0,1.0,0.05,155,0.965584867473112,2,1.6184008391765319,114,0.7354838709677419,0.37,0.0,-2.0593844745135326,-1.2412378395967707,0.21451790008592608,False,-3.893882800534291,3.2362851340624212,2.9416469260468148e-09,
song,lognormal,0.8,19,5,2015,true,1.0,1.0,0.05,24,0.6923846584428837,85,2.350278912379277,15,0.625,0.05,0.0,-1.5638240260161123,-0.8735641804595792,0.38235564016211676,False,4.889955633918755,0.6761657252018354,2.9558577807620168e-12,
song,lognormal,0.8,19,6,2016,discovered,1.0,1.0,0.05,147,0.9401557838079416,4,1.9012416463003354,69,0.46938775510204084,0.59,0.0,-1.3772094537213337,-1.017236943515951,0.30904072535273586,False,-0.5389187794358055,1.969787489337758,9.219434105034452e-10,
song,lognormal,0.8,19,6,2016,true,1.0,1.0,0.05,24,0.895461974857886,35,2.0010160227305245,17,0.7083333333333334,0.3,0.0,-0.898946239012552,-0.8381704917239114,0.40193495720078365,False,3.6289076803627154,1.2084435556135142,9.99875737761613e-11,
song,lognormal,0.8,19,7,2017,discovered,1.0,1.0,0.05,139,0.9368683749369853,3,1.835358116861172,82,0.5899280575539568,0.07,0.0,-1.848152409939025,-1.3700421785470855,0.1706737355947624,False,-0.9835811666719395,2.0987752505522654,8.134293238981627e-11,
song,lognormal,0.8,19,7,2017,true,1.0,1.0,0.05,24,0.8223719181287589,68,2.8421308677192076,15,0.625,0.25,0.0,-0.9151321709822922,-0.8054399389239104,0.4205658522743222,False,4.338437943516178,0.619552594781039,1.6058265828178264e-12,
song,lognormal,0.8,20,0,2010,discovered,1.0,1.0,0.05,63,0.9349251907674859,6,2.549838219773591,14,0.2222222222222222,0.51,0.0,-0.21569204292441224,-0.4591483679346925,0.6461276251376331,False,0.3459039935814674,1.2415023810027905,1.4800605185882887e-11,
song,lognormal,0.8,20,0,2010,true,1.0,1.0,0.05,22,0.8774675266323976,4,1.8906168511985286,19,0.8636363636363636,0.48,0.0,-1.1897629249386843,-0.9977190362282528,0.3184156196989768,False,1.5054277036148729,1.2656280692646484,1.2519763004092965e-11,
song,lognormal,0.8,20,1,2011,discovered,1.0,1.0,0.05,55,0.8900996141708541,1,1.6026466878952523,55,1.0,0.14,0.0,-2.224899973311025,-1.1914696301452443,0.23346927215348612,False,-1.4090405147544947,2.2466762613187163,1.6683543435647152e-11,
song,lognormal,0.8,20,1,2011,true,1.0,1.0,0.05,21,0.7113442916542506,23,3.9861147245615958,11,0.5238095238095238,0.54,0.0,0.012045396011794551,0.8901564170745174,0.37338190302098806,False,-164898.44811567347,233.20584900663013,7.945082870719489e-05,
song,lognormal,0.8,20,2,2012,discovered,1.0,1.0,0.05,105,0.9345189897706482,1,1.6032746074814095,105,1.0,0.03,0.0,-4.327679900180737,-1.784296920970209,0.07437543030883033,False,-1.7372402783846883,2.345706729246702,2.495426087989472e-10,
song,lognormal,0.8,20,2,2012,true,1.0,1.0,0.05,23,0.9303809944896547,13,2.001780896504812,18,0.782608695652174,0.46,0.0,-0.9054797477798924,-0.8285105716838226,0.4073814104085127,False,2.5544039949031703,1.2305591647895493,1.581668129801983e-11,
song,lognormal,0.8,20,3,2013,discovered,1.0,1.0,0.05,109,0.9411243999319594,1,1.8105117680652385,109,1.0,0.13,0.0,-1.855906074347332,-1.1821196433913594,0.23715823116276258,False,-4.857394970739962,2.57425248014056,3.938396275771083e-09,
song,lognormal,0.8,20,3,2013,true,1.0,1.0,0.05,24,0.7743040529644463,17,2.296221424674263,15,0.625,0.49,0.0,-0.9979253286598357,-0.9242140199836518,0.355374897546219,False,3.0407948750709934,0.8481383207308024,5.044853423896711e-13,
song,lognormal,0.8,20,4,2014,discovered,1.0,1.0,0.05,145,0.9672171272501812,1,1.7065676643869827,145,1.0,0.36,0.0,-0.8288100894015873,-0.5387162346404782,0.5900826699405861,False,-20.086086360693045,5.0676668176374715,8.547220886612195e-08,
song,lognormal,0.8,20,4,2014,true,1.0,1.0,0.05,23,0.7769267200880525,18,1.8499463211739369,21,0.9130434782608695,0.2,0.0,-1.5724814988336213,-1.0791038940022757,0.28054141555314593,False,3.3210737526100074,1.2364148878412784,1.9682033780554775e-11,
song,lognormal,0.8,20,5,2015,discovered,1.0,1.0,0.05,165,0.9417565529579892,9,1.9673854699577116,53,0.3212121212121212,0.78,0.0,-0.5031392673946682,-0.5352674907133116,0.592464902861856,False,-1.7793039222832157,2.4092333290757857,9.169042414214346e-09,
song,lognormal,0.8,20,5,2015,true,1.0,1.0,0.05,24,0.8686904242708553,77,2.3854669061664984,17,0.7083333333333334,0.44,0.0,-0.2283357682886482,-0.40531883544927333,0.6852431630593486,False,2.699489526647655,1.442570802735027,9.608058348931081e-09,
song,lognormal,0.8,20,6,2016,discovered,1.0,1.0,0.05,107,0.9121878259731926,23,2.0970349676781637,26,0.24299065420560748,0.44,0.0,-0.6424696475577649,-0.7951827451390115,0.42650720739043313,False,2.2336679067973586,1.4722476581226094,3.2815421491250163e-09,
song,lognormal,0.8,20,6,2016,true,1.0,1.0,0.05,24,0.9136814776566995,30,2.084146735381596,19,0.7916666666666666,0.71,0.0,-0.33895438147605805,-0.5675934435325486,0.5703110601506227,False,1.907180471097274,1.6714337365088783,1.0315091003576526e-09,
song,lognormal,0.8,20,7,2017,discovered,1.0,1.0,0.05,163,0.9121851721098627,1,1.5220048521006533,163,1.0,0.0,0.0,-5.547743805864625,-1.8825570645367256,0.05976041962430688,False,-2.639702878351298,2.9268055229830683,3.479613042145502e-09,
song,lognormal,0.8,20,7,2017,true,1.0,1.0,0.05,24,0.9396196621461732,41,2.2026241672070377,19,0.7916666666666666,0.14,0.0,-0.33219920832228356,-0.49862155984159495,0.6180460136700694,False,2.333609875125183,1.5185685212491375,2.5637802991695935e-10,
song,lognormal,0.8,21,0,2010,discovered,1.0,1.0,0.05,59,0.9007397333297429,2,2.747331844357305,35,0.5932203389830508,0.39,0.0,-0.48665660231932484,-0.6752160895544845,0.49953848583582317,False,-0.7419607690567729,1.0751945042418711,1.2150280781497713e-12,
song,lognormal,0.8,21,0,2010,true,1.0,1.0,0.05,20,0.9283725319835571,6,2.1497405112365415,12,0.6,0.69,0.0,-0.1772065389939672,-0.39496460988109855,0.692869006261424,False,-0.4095111304112759,1.7427852928165368,2.1853736598131945e-09,
song,lognormal,0.8,21,1,2011,discovered,1.0,1.0,0.05,89,0.9107212952466145,1,1.7585354865955463,89,1.0,0.11,0.0,-2.781009365537261,-1.4241352278397228,0.15440733048560296,False,-1.856187969568646,1.9851097141720953,7.673861546209082e-13,
song,lognormal,0.8,21,1,2011,true,1.0,1.0,0.05,23,0.8521522827977013,8,2.0705134591668917,17,0.7391304347826086,0.9,0.0,-0.075033184360219,-0.2378001557012294,0.812036097901128,False,-3.816957235195064,2.614419826343315,3.457398634054698e-08,
song,lognormal,0.8,21,2,2012,discovered,1.0,1.0,0.05,114,0.942026468397607,6,2.6156366823670036,30,0.2631578947368421,0.67,0.0,-0.0903494644896794,-0.25143023270648335,0.8014814959519065,False,-5.449767524726008,2.2162484290373685,1.6015633264032658e-11,
song,lognormal,0.8,21,2,2012,true,1.0,1.0,0.05,23,0.8643635220263918,19,2.320538674865359,17,0.7391304347826086,0.55,0.0,-1.2208647217739275,-1.0243004308784514,0.3056933944980511,False,3.198536393993068,0.8067583908750167,7.958078640513122e-12,
song,lognormal,0.8,21,3,2013,discovered,1.0,1.0,0.05,98,0.9323879814258825,1,1.6949950052024028,98,1.0,0.06,0.0,-2.4749063308819745,-1.3080780741587172,0.19084682941858466,False,-3.1225770147752554,2.4634261348170003,1.5825207810848951e-09,
song,lognormal,0.8,21,3,2013,true,1.0,1.0,0.05,24,0.9269327191573504,22,2.3170048092100695,12,0.5,0.84,0.0,-0.03307288237645789,-0.162426385925218,0.8709700937607086,False,-3.7826894458787557,2.490331344911798,5.258372937078093e-08,
song,lognormal,0.8,21,4,2014,discovered,1.0,1.0,0.05,168,0.9439416706674063,1,1.729304651061106,168,1.0,0.04,0.0,-1.7994166192735541,-0.9316992947215756,0.351491951070245,False,-8.175166719371306,3.376357929710576,2.6835778044187464e-10,
song,lognormal,0.8,21,4,2014,true,1.0,1.0,0.05,24,0.5865808605329774,45,2.7565596342143235,16,0.6666666666666666,0.74,0.0,-0.5159321820119338,-0.6298563253349714,0.5287885899272174,False,3.505397019981113,0.8315122914733247,1.5916157281026244e-12,
song,lognormal,0.8,21,5,2015,discovered,1.0,1.0,0.05,140,0.9167432806884005,1,1.476735084796551,140,1.0,0.01,0.0,-3.079262618038724,-1.2997272437160656,0.19369446946659752,False,-5.2200256656418595,3.833172654289264,1.4399574865819886e-09,
song,lognormal,0.8,21,5,2015,true,1.0,1.0,0.05,24,0.7611784960435914,85,2.7107258970185697,16,0.6666666666666666,0.29,0.0,-1.519539716163444,-1.0340017971444486,0.30113532308043633,False,4.76405068572296,0.5554199404765857,1.5631940186722204e-13,
song,lognormal,0.8,21,6,2016,discovered,1.0,1.0,0.05,151,0.963535288514442,3,1.9012698435231365,78,0.5165562913907285,0.47,0.0,0.10948086459054318,0.2790193224072426,0.7802299962665823,False,-62.90324270504694,8.226058407105489,0.001111476852429405,
song,lognormal,0.8,21,6,2016,true,1.0,1.0,0.05,24,0.7483916913731145,72,2.545717782531095,11,0.4583333333333333,0.42,0.0,-0.5439558831244895,-0.6882371352912361,0.4913034622284901,False,4.2854206387877,0.8032223616287544,4.725109192804666e-12,
song,lognormal,0.8,21,7,2017,discovered,1.0,1.0,0.05,151,0.9528190018768485,3,1.7531579268939599,83,0.5496688741721855,0.17,0.0,-1.7978563153854752,-1.130594878711488,0.25822564402687365,False,-1.060948454227654,2.293897192396053,1.6675016922818031e-09,
song,lognormal,0.8,21,7,2017,true,1.0,1.0,0.05,24,0.8516314417649127,27,1.8290601381737428,20,0.8333333333333334,0.13,0.0,-2.1526086298471387,-1.303184152411281,0.19251189918446776,False,4.032859566996739,1.0860367467824483,2.3717916519672144e-11,
song,lognormal,0.8,22,0,2010,discovered,1.0,1.0,0.05,50,0.9454010431082487,4,2.2812727302683133,18,0.36,0.79,0.0,-0.3236920237992127,-0.579373240672996,0.562337355951111,False,-0.13611168228428586,1.422071845405166,1.0609824130369816e-10,
song,lognormal,0.8,22,0,2010,true,1.0,1.0,0.05,17,0.9156862191712043,6,1.9881675127220915,10,0.5882352941176471,0.53,0.0,-0.3809686187799133,-0.5553230514924259,0.5786737144698582,False,1.3548182069823653,1.395501459734405,1.0622613899613498e-11,
song,lognormal,0.8,22,1,2011,discovered,1.0,1.0,0.05,76,0.9361893578524287,1,1.7278308991498281,76,1.0,0.08,0.0,-0.9808753698551589,-0.7347908247379487,0.4624668958724273,False,-6.167637372502673,3.0265817093914893,2.17451656681078e-09,
song,lognormal,0.8,22,1,2011,true,1.0,1.0,0.05,23,0.8625583306099232,11,2.2616121291179043,13,0.5652173913043478,0.52,0.0,-0.032976278567451,-0.14640416694483843,0.8836023380098497,False,-4.53340822468178,2.5440482117018317,1.4830371952712085e-07,
song,lognormal,0.8,22,2,2012,discovered,1.0,1.0,0.05,103,0.9155708904546376,1,1.7239963635134659,103,1.0,0.02,0.0,-0.21501371546809622,-0.1594802909694545,0.8732904851091383,False,-11.983167372669783,3.9823175171542045,7.426308457070263e-10,
song,lognormal,0.8,22,2,2012,true,1.0,1.0,0.05,24,0.7104536887350611,24,2.4224370342645862,13,0.5416666666666666,0.28,0.0,-0.57139781661966,-0.7845261028621109,0.4327314716723656,False,3.0797851645467302,0.9131388486448853,1.7763568394002505e-13,
song,lognormal,0.8,22,3,2013,discovered,1.0,1.0,0.05,98,0.9309773196866965,1,1.8576871861387285,98,1.0,0.22,0.0,0.005347696500070276,0.0061349695308528535,0.9951050332363608,False,-59.29161524725193,7.5708648900400375,8.113376878782219e-05,
song,lognormal,0.8,22,3,2013,true,1.0,1.0,0.05,24,0.8608641488427696,18,2.54395368106385,15,0.625,0.39,0.0,-0.012456343972655048,-0.12596850975775203,0.8997568515456963,False,-12.963536981896027,3.298566362373936,7.69865948768711e-08,
song,lognormal,0.8,22,4,2014,discovered,1.0,1.0,0.05,113,0.9550226927936823,4,1.921602833333505,49,0.4336283185840708,0.35,0.0,-0.27313449338351603,-0.4021088684932852,0.6876039062809539,False,-4.95173617906288,2.895133934537427,7.032610938040307e-09,
song,lognormal,0.8,22,4,2014,true,1.0,1.0,0.05,24,0.6245931090274853,57,3.120583940826809,10,0.4166666666666667,0.72,0.0,-0.533723332929986,-0.6778122055452976,0.49789077116877134,False,4.086005024952247,0.5673271105599793,2.2097879082139116e-11,
song,lognormal,0.8,22,5,2015,discovered,1.0,1.0,0.05,123,0.9330893089310892,1,1.4685454757798058,123,1.0,0.0,0.0,-2.8451310621293033,-1.1234491995351534,0.2612467643993831,False,-4.676140305172127,3.7501605428094975,1.1732311122614192e-08,
song,lognormal,0.8,22,5,2015,true,1.0,1.0,0.05,24,0.8414261109151923,92,2.4224190754664003,15,0.625,0.2,0.0,-0.00990988505300816,-0.08131915904086505,0.9351881377374636,False,-9.787277478130285,3.3127161400585887,8.77915658747952e-05,
song,lognormal,0.8,22,6,2016,discovered,1.0,1.0,0.05,171,0.9438383449984764,1,1.594572996142348,171,1.0,0.12,0.0,-2.8824482079666893,-1.248571809601287,0.2118217284665589,False,-6.39891294376344,3.514336392889119,9.429595593246631e-08,
song,lognormal,0.8,22,6,2016,true,1.0,1.0,0.05,24,0.8409280588324862,73,2.6650137561767138,13,0.5416666666666666,0.54,0.0,-0.06998993512020446,-0.2633454520887218,0.7922843299282808,False,1.0425186788121534,1.61053399637169,4.778897277901706e-09,
song,lognormal,0.8,22,7,2017,discovered,1.0,1.0,0.05,108,0.9595223477166491,5,1.8518491411649247,63,0.5833333333333334,0.54,0.0,0.12536750823961373,0.5465642112204592,0.5846781622167408,False,-208.75905569866165,15.440198594219241,0.0008114235084235588,
song,lognormal,0.8,22,7,2017,true,1.0,1.0,0.05,24,0.9417876054265449,34,1.8370361651166247,14,0.5833333333333334,0.13,0.0,-0.6346006121904457,-0.7357376732711688,0.46189035801292166,False,3.413789924213313,1.536867325516571,3.274990945101308e-09,
song,lognormal,0.8,23,0,2010,discovered,1.0,1.0,0.05,72,0.9606062168013111,2,2.1503240456442354,38,0.5277777777777778,0.59,0.0,0.11708460428991119,0.39077993639968245,0.6959599065331825,False,-140611.4147082002,327.8264030324889,4.4665607674687635e-05,
song,lognormal,0.8,23,0,2010,true,1.0,1.0,0.05,23,0.9057709620205946,6,2.160051105327713,17,0.7391304347826086,0.54,0.0,-0.06318629391142672,-0.17280042806494517,0.8628083005584201,False,-4.1315659369085065,2.47748057892482,1.171807184618956e-08,
song,lognormal,0.8,23,1,2011,discovered,1.0,1.0,0.05,88,0.9369866352572541,1,1.9050907975750493,88,1.0,0.25,0.0,-1.744658441824635,-1.1019636368433532,0.2704774806648774,False,-3.025548870889114,2.020786488705898,1.7914203453983646e-10,
song,lognormal,0.8,23,1,2011,true,1.0,1.0,0.05,22,0.7471205659446797,19,3.273809168872677,12,0.5454545454545454,0.49,0.0,0.03390762811975989,1.407860104084355,0.15917249869050965,False,-369057.92413121276,399.6291588243901,0.00026652329142962117,
song,lognormal,0.8,23,2,2012,discovered,1.0,1.0,0.05,84,0.9047913206478301,12,2.6872732333263745,22,0.2619047619047619,0.84,0.0,-0.5599510130812284,-0.8136373409620712,0.41585273958932545,False,1.9022913597431554,0.9446050074558451,1.0014389317802852e-10,
song,lognormal,0.8,23,2,2012,true,1.0,1.0,0.05,22,0.8328680324438409,13,2.0717552084500777,18,0.8181818181818182,0.09,0.0,-0.20783348237618027,-0.3479193241172453,0.7279007723129128,False,0.13107094839459535,1.9215890207573496,1.2938414784002816e-09,
song,lognormal,0.8,23,3,2013,discovered,1.0,1.0,0.05,89,0.9184573429728868,1,1.7126250061320216,89,1.0,0.0,0.0,0.3198429268350689,0.2959730778856863,0.7672506415037974,False,-24.752526224914988,5.5560001288401875,1.273835152915126e-07,
song,lognormal,0.8,23,3,2013,true,1.0,1.0,0.05,23,0.8485091804321988,26,3.015861011413273,11,0.4782608695652174,0.85,0.0,-0.04271715700940781,-0.23262545118641922,0.8160522622329618,False,-0.35243407156111184,1.4871377315114154,1.3972183410260186e-09,
song,lognormal,0.8,23,4,2014,discovered,1.0,1.0,0.05,156,0.9608180179654041,1,1.6718549379194534,156,1.0,0.2,0.0,-2.3699620847873337,-1.1713365886732534,0.24146350986892584,False,-7.71951425917325,3.4768877036333783,2.048352598649217e-09,
song,lognormal,0.8,23,4,2014,true,1.0,1.0,0.05,24,0.8338138202480938,38,2.2146200937274654,15,0.625,0.32,0.0,-0.9041731488312612,-0.8067231576671476,0.41982599911310736,False,3.80328519171765,0.9443988782940569,1.800515292416094e-11,
song,lognormal,0.8,23,5,2015,discovered,1.0,1.0,0.05,175,0.9168664301399968,1,1.4968824382007357,175,1.0,0.0,0.0,-3.8411902987171054,-1.4248713629384153,0.15419438897898116,False,-4.847459698813901,3.6302995318687716,1.3316673630470177e-07,
song,lognormal,0.8,23,5,2015,true,1.0,1.0,0.05,24,0.8015331662119196,92,2.856211916380027,18,0.75,0.06,0.0,-2.3611863061343774,-1.214875739013635,0.22441348822930918,False,4.908130434307173,0.4442491067281427,9.579537163517671e-11,
song,lognormal,0.8,23,6,2016,discovered,1.0,1.0,0.05,141,0.945542654939695,3,1.8623740387936656,77,0.5460992907801419,0.1,0.0,-1.1020700406024062,-1.1013929275501546,0.27072568220869175,False,-2.5111752549908513,2.428467436467809,2.9035618354100734e-10,
song,lognormal,0.8,23,6,2016,true,1.0,1.0,0.05,24,0.7303477560793864,70,3.0520364810952163,12,0.5,0.64,0.0,-0.11425469585254433,-0.2935853686115587,0.7690747574905075,False,2.659058806968629,1.089856154596836,9.438778647563595e-09,
song,lognormal,0.8,23,7,2017,discovered,1.0,1.0,0.05,132,0.9589280381696633,1,1.5614491622101228,132,1.0,0.02,0.0,-4.999506659501451,-1.8194202983750754,0.06884733223280617,False,-2.6488320161266956,2.7598789760386744,7.268795343406964e-09,
song,lognormal,0.8,23,7,2017,true,1.0,1.0,0.05,23,0.8205861370272094,33,2.0456901954389815,16,0.6956521739130435,0.23,0.0,-0.11122496219328593,-0.3107007831084337,0.7560281018674821,False,-0.6152760293911911,2.3500376811586743,2.3295285700442037e-09,
song,lognormal,0.8,24,0,2010,discovered,1.0,1.0,0.05,60,0.9162100168984161,1,1.7712787899491202,60,1.0,0.05,0.0,-2.8047954125730494,-1.42615398344135,0.15382389912510072,False,-0.7532089865230807,1.615563652922729,2.5295321393059567e-12,
song,lognormal,0.8,24,0,2010,true,1.0,1.0,0.05,23,0.7371759691830451,5,2.0093118983862084,17,0.7391304347826086,0.06,0.0,-2.4572515774908017,-1.3388932832934441,0.18060541657333695,False,2.297324435957704,0.7657331969002067,2.0605739337042905e-13,
song,lognormal,0.8,24,1,2011,discovered,1.0,1.0,0.05,86,0.956443007400259,1,1.7238322981273895,86,1.0,0.02,0.0,-3.117232292776986,-1.5712378655690384,0.11612740770540858,False,-1.9341708196717018,2.0785053411881087,5.667288860422559e-11,
song,lognormal,0.8,24,1,2011,true,1.0,1.0,0.05,24,0.730363697125795,17,2.504309966666999,14,0.5833333333333334,0.9,0.0,-0.5109480189394562,-0.6376434183049102,0.5237058254543052,False,2.5768831681860522,0.9254832952457521,3.645084234449314e-12,
song,lognormal,0.8,24,2,2012,discovered,1.0,1.0,0.05,112,0.9361845422390452,1,1.6492644963340934,112,1.0,0.06,0.0,-3.1491150808977384,-1.4658816016705642,0.1426805450515424,False,-2.9664509063497517,2.550582206963556,5.862830221303739e-10,
song,lognormal,0.8,24,2,2012,true,1.0,1.0,0.05,24,0.6360130724754152,18,2.172930095039122,18,0.75,0.11,0.0,-1.3448777371239702,-0.9116806957080841,0.3619368289468533,False,3.2023537418235253,0.8936443985045338,2.998490344907623e-11,
song,lognormal,0.8,24,3,2013,discovered,1.0,1.0,0.05,95,0.9492201785933753,1,1.669899257482622,95,1.0,0.52,0.0,-2.006764103103325,-1.1339077910897861,0.2568332286661229,False,-4.546101050609124,2.8623888753911326,3.143441063002683e-11,
song,lognormal,0.8,24,3,2013,true,1.0,1.0,0.05,23,0.7674817953130318,10,1.9404560216073738,19,0.8260869565217391,0.08,0.0,-3.6972122290087652,-1.7401658020386936,0.08182990862191374,False,3.1817952023113985,0.7235331260156986,4.3996806198265404e-11,
song,lognormal,0.8,24,4,2014,discovered,1.0,1.0,0.05,80,0.9025638643468005,2,1.5199362911849261,65,0.8125,0.0,0.0,-5.206325969476161,-1.892028330588827,0.058487206214469976,False,1.122690660448273,1.9833393999358992,2.1543655748246238e-11,
song,lognormal,0.8,24,4,2014,true,1.0,1.0,0.05,24,0.7800140262723237,45,2.48425464605099,15,0.625,0.33,0.0,-0.2527573014194582,-0.41436260799735525,0.6786085688427752,False,2.642785132035268,1.243510186769922,1.8698642634262796e-10,
song,lognormal,0.8,24,5,2015,discovered,1.0,1.0,0.05,170,0.9356089311927374,9,1.8649091338900061,50,0.29411764705882354,0.4,0.0,-1.4766520242549168,-1.21252811087695,0.22531028867487168,False,1.3009543335400835,1.7616282536273606,2.7847590899909846e-10,
song,lognormal,0.8,24,5,2015,true,1.0,1.0,0.05,24,0.8792905967349718,107,2.7316686886910944,13,0.5416666666666666,0.73,0.0,-0.06946212514604433,-0.24483229095869496,0.8065862901020368,False,1.481350802850601,1.5626467711668885,5.8186643059343623e-08,
song,lognormal,0.8,24,6,2016,discovered,1.0,1.0,0.05,121,0.9488063338408871,1,1.537576501237207,121,1.0,0.05,0.0,-3.05044341898574,-1.459944366401328,0.14430536450595483,False,-5.157620451073374,3.4936080040259845,1.7395564100297634e-08,
song,lognormal,0.8,24,6,2016,true,1.0,1.0,0.05,24,0.8132977443906831,74,2.3900448660120595,10,0.4166666666666667,0.79,0.0,-0.37674970060439694,-0.5677691740219954,0.570191713877751,False,4.081324308111339,0.9927792362677638,7.28746840650274e-10,
song,lognormal,0.8,24,7,2017,discovered,1.0,1.0,0.05,150,0.9682514729204469,2,1.686452444264095,105,0.7,0.28,0.0,-1.2002509925855551,-0.9749730778189288,0.3295736145459176,False,-6.740282793615538,3.586147768659433,6.780567218811484e-09,
song,lognormal,0.8,24,7,2017,true,1.0,1.0,0.05,24,0.6999001120867574,12,1.5546128476445866,23,0.9583333333333334,0.01,0.0,-7.29252329711193,-2.2521455036297513,0.024313078542333638,False,4.1699972781721115,0.9632957001676611,2.2879476091475226e-12,
song,lognormal,0.8,25,0,2010,discovered,1.0,1.0,0.05,67,0.901512424908211,1,1.883770625908742,67,1.0,0.03,0.0,-0.257296326728256,-0.27643272868831403,0.7822157218114425,False,-10.407381114412571,3.320346083158327,4.867544589615136e-09,
song,lognormal,0.8,25,0,2010,true,1.0,1.0,0.05,20,0.8597028957132441,8,2.480331328095343,15,0.75,0.47,0.0,-1.211076347666174,-1.0139651633929747,0.31059937545624583,False,2.3463823341131604,0.6774079874352431,2.5579538487363607e-13,
song,lognormal,0.8,25,1,2011,discovered,1.0,1.0,0.05,66,0.921949927834073,1,1.7366267463824958,66,1.0,0.0,0.0,-1.3412023078203745,-0.8814437245921787,0.3780777004841499,False,-3.3630992971763236,2.4199343858552735,5.88329385209363e-11,
song,lognormal,0.8,25,1,2011,true,1.0,1.0,0.05,20,0.8655261806166953,15,2.259558282628308,10,0.5,0.73,0.0,-0.017069789719931006,-0.11008013986556872,0.9123458185175478,False,-6.701891216330008,2.9123402601620008,1.1820944223472907e-09,
song,lognormal,0.8,25,2,2012,discovered,1.0,1.0,0.05,92,0.9480789498218415,3,1.9434599372291779,52,0.5652173913043478,0.4,0.0,-1.0333125927237976,-0.9352062845589156,0.3496820003844163,False,-0.9300889405363266,1.9034524023884793,4.661160346586257e-11,
song,lognormal,0.8,25,2,2012,true,1.0,1.0,0.05,24,0.7672114366522186,23,2.283990592487141,13,0.5416666666666666,0.57,0.0,-0.6377134414634331,-0.7386598629543969,0.4601135638652716,False,3.1230995401967743,0.9691778241399758,5.937295100011397e-11,
song,lognormal,0.8,25,3,2013,discovered,1.0,1.0,0.05,91,0.9306573175492852,1,1.665747642778902,91,1.0,0.03,0.0,-2.838033723198806,-1.380493534241238,0.16743473907005268,False,-2.3434613554844703,2.338605629073064,2.12878603633726e-11,
song,lognormal,0.8,25,3,2013,true,1.0,1.0,0.05,23,0.7662538683887401,23,2.9365876166100517,16,0.6956521739130435,0.83,0.0,-0.33051281352343587,-0.5454976761897029,0.5854112783333572,False,2.4489287101467028,0.8874488795661818,1.3628209671878722e-11,
song,lognormal,0.8,25,4,2014,discovered,1.0,1.0,0.05,88,0.852793723139681,14,2.284896205630484,30,0.3409090909090909,0.08,0.0,-2.0429801188507732,-1.3444366888797483,0.17880721643236674,False,2.8582837130096146,0.8467858269281461,3.183231456205249e-12,
song,lognormal,0.8,25,4,2014,true,1.0,1.0,0.05,24,0.6691969411845562,25,2.309313524251681,19,0.7916666666666666,0.2,0.0,-0.37010945789635397,-0.5106027762643575,0.6096292314640701,False,2.1168298621655883,1.3416716553903076,1.7450076938985148e-09,
song,lognormal,0.8,25,5,2015,discovered,1.0,1.0,0.05,150,0.9407005979256217,5,1.781515315104945,72,0.48,0.1,0.0,-1.0434525381710524,-0.961853603900236,0.33612314713789837,False,-1.6409468476584876,2.567494322560356,6.11692030361155e-10,
song,lognormal,0.8,25,5,2015,true,1.0,1.0,0.05,24,0.7506809641335638,52,2.003152315940924,20,0.8333333333333334,0.1,0.0,-2.202988185363721,-1.2473934340148845,0.2122532729151907,False,4.579491395688927,0.8888067028999379,9.030998171510873e-11,
song,lognormal,0.8,25,6,2016,discovered,1.0,1.0,0.05,124,0.9117995779677786,4,1.7896511599878964,78,0.6290322580645161,0.08,0.0,-3.731072491062864,-1.7958246841087993,0.07252240366467523,False,1.088279453584823,1.6239093248170808,1.638227331568487e-10,
song,lognormal,0.8,25,6,2016,true,1.0,1.0,0.05,24,0.8840494876726449,41,2.0371093698840776,16,0.6666666666666666,0.92,0.0,-0.1961036653104431,-0.43810501283283493,0.6613101607520546,False,1.2747631576394318,1.9854620650972903,4.7999336061366193e-08,
song,lognormal,0.8,25,7,2017,discovered,1.0,1.0,0.05,146,0.9170969679161908,1,1.5745425896792815,146,1.0,0.0,0.0,-0.4223555501703746,-0.2115974680393025,0.8324210848184227,False,-10.351883424463129,4.336605578366896,5.287133717502002e-07,
song,lognormal,0.8,25,7,2017,true,1.0,1.0,0.05,24,0.746506710093411,27,2.024540376427172,20,0.8333333333333334,0.43,0.0,-1.1388741387283745,-0.983993480018696,0.32511871868143427,False,3.431819251759186,1.1468759076459256,5.717026851925766e-11,
song,lognormal,0.8,26,0,2010,discovered,1.0,1.0,0.05,64,0.8965679425830212,1,1.8450567735467864,64,1.0,0.06,0.0,-0.17072152252584794,-0.18158521932096783,0.855908249272219,False,-10.616466748394341,3.441124800186724,1.199396137963049e-10,
song,lognormal,0.8,26,0,2010,true,1.0,1.0,0.05,21,0.6563756401660942,11,3.220672139162589,13,0.6190476190476191,0.37,0.0,-0.6279899904972215,-0.7142787097530243,0.4750548544827863,False,2.3784241297804734,0.5557552596736385,1.7337242752546445e-12,
song,lognormal,0.8,26,1,2011,discovered,1.0,1.0,0.05,81,0.9538025977460173,1,1.8448107749271825,81,1.0,0.23,0.0,-1.6353344249733643,-1.1167719454050982,0.2640918470484849,False,-3.8956756385508324,2.3102126617977907,1.6218848486460047e-09,
song,lognormal,0.8,26,1,2011,true,1.0,1.0,0.05,23,0.6852775706629467,27,4.580468271128998,11,0.4782608695652174,0.8,0.0,-0.08879827481699909,-0.29317253347103134,0.7693902772705221,False,2.2125390083460617,0.6587716285249592,5.204725539442734e-11,
song,lognormal,0.8,26,2,2012,discovered,1.0,1.0,0.05,101,0.9355050817420163,3,1.8981630901274589,48,0.4752475247524752,0.24,0.0,-0.9308348438157281,-0.8263498860591739,0.40860564250121223,False,-0.8500886103699741,1.953582824763367,4.853291102335788e-10,
song,lognormal,0.8,26,2,2012,true,1.0,1.0,0.05,23,0.8621949313779649,8,1.7457819218743804,21,0.9130434782608695,0.1,0.0,-3.161440012196538,-1.5472529320548776,0.12180226665692168,False,3.0650260634773168,1.0338609647758734,1.7337242752546445e-12,
song,lognormal,0.8,26,3,2013,discovered,1.0,1.0,0.05,82,0.9187136305753256,3,1.8490632286722914,46,0.5609756097560976,0.02,0.0,-3.884565603345443,-1.7551729732759804,0.07922972530249248,False,1.481326582175106,1.1668269201521877,3.780087354243733e-12,
song,lognormal,0.8,26,3,2013,true,1.0,1.0,0.05,24,0.7449420709917477,17,2.33194387397318,15,0.625,0.28,0.0,-1.1348565878614663,-0.9424444425666403,0.34596514266586953,False,3.113600147149906,0.7819442412115996,4.263256414560601e-13,
song,lognormal,0.8,26,4,2014,discovered,1.0,1.0,0.05,104,0.9175265825516272,1,1.5066122204426513,104,1.0,0.01,0.0,-6.8677645265056535,-2.3710671174558455,0.01773680989088986,False,-0.5726370688171338,2.301554798357309,1.5006662579253316e-11,
song,lognormal,0.8,26,4,2014,true,1.0,1.0,0.05,24,0.8042730966769674,25,2.160746884881995,19,0.7916666666666666,0.03,0.0,-2.582444481216988,-1.2914854945864465,0.19653538175944363,False,3.8406611636632393,0.6971506641086415,1.4708234630234074e-11,
song,lognormal,0.8,26,5,2015,discovered,1.0,1.0,0.05,112,0.9222729563013528,14,2.020727107216533,41,0.36607142857142855,0.36,0.0,-0.11941599609449982,-0.3370099462675824,0.7361094022266765,False,-6.820218753896558,3.291324776164457,6.472231461884803e-08,
song,lognormal,0.8,26,5,2015,true,1.0,1.0,0.05,24,0.9345113799242099,84,2.428897570061569,10,0.4166666666666667,0.75,0.0,-0.01013700554414143,-0.09838203294279947,0.9216289410961502,False,-7.216562263054723,3.008942070534513,3.2785796193479655e-06,
song,lognormal,0.8,26,6,2016,discovered,1.0,1.0,0.05,126,0.9194656262717453,1,1.5141284201524061,126,1.0,0.0,0.0,-6.0041348038282285,-2.0349172599973624,0.04185919898359068,False,-1.4265863080645258,2.5832403773992647,7.023402304184856e-09,
song,lognormal,0.8,26,6,2016,true,1.0,1.0,0.05,24,0.7749624141339787,14,1.7960918352682351,23,0.9583333333333334,0.34,0.0,-1.0348645105181031,-0.8764423419421279,0.38078960832263087,False,2.468776130919346,1.6231648241237155,1.8402488421997987e-09,
song,lognormal,0.8,26,7,2017,discovered,1.0,1.0,0.05,120,0.9436112651108434,4,1.7519969427521207,57,0.475,0.23,0.0,-1.7841305431750174,-1.2628633876186093,0.20663827966533244,False,0.2594224121281131,2.009575193272637,4.742105375044048e-09,
song,lognormal,0.8,26,7,2017,true,1.0,1.0,0.05,24,0.8330976784689031,51,2.1559982033172194,10,0.4166666666666667,0.81,0.0,-0.13042224656107848,-0.3566044600652524,0.7213879380843966,False,1.854103017851517,1.7544659973518995,9.850964488578029e-11,
song,lognormal,0.8,27,0,2010,discovered,1.0,1.0,0.05,52,0.9202845201917174,1,1.8797997899220118,52,1.0,0.23,0.0,0.17595752726899616,0.3193124955048662,0.7494895582266639,False,-186.99875665205624,13.131527073379079,0.000522306744414891,
song,lognormal,0.8,27,0,2010,true,1.0,1.0,0.05,23,0.7107323069005713,11,3.09301918630485,11,0.4782608695652174,0.5,0.0,-0.8876912735579037,-0.9257491424289398,0.354576362708108,False,2.5956453421210472,0.47837415958127893,9.308109838457312e-13,
song,lognormal,0.8,27,1,2011,discovered,1.0,1.0,0.05,93,0.9581419605389463,1,1.7856695319987672,93,1.0,0.29,0.0,-0.3116082828420774,-0.2864260476919737,0.7745518268460377,False,-22.502333435561685,5.0192938155262095,2.3361275225397549e-07,
song,lognormal,0.8,27,1,2011,true,1.0,1.0,0.05,23,0.7304180471751516,16,2.324525669624637,14,0.6086956521739131,0.17,0.0,-1.2526499781034195,-0.9643764421933683,0.3348572286591719,False,3.1426505511307434,0.732016882853211,1.0672351891116705e-11,
song,lognormal,0.8,27,2,2012,discovered,1.0,1.0,0.05,101,0.9674055715375421,2,1.9932364605755175,56,0.5544554455445545,0.25,0.0,0.06789291084073956,0.151040499386379,0.8799437684625969,False,-46.53739778912362,6.60395857601682,2.8659034427391816e-05,
song,lognormal,0.8,27,2,2012,true,1.0,1.0,0.05,22,0.8683516079120973,6,1.6299386501974582,18,0.8181818181818182,0.05,0.0,-2.982461439062649,-1.5585104428201173,0.11911229444815434,False,2.99499385416449,1.173448850555549,4.419575816427823e-12,
song,lognormal,0.8,27,3,2013,discovered,1.0,1.0,0.05,80,0.930696749841377,1,1.6051456965678037,80,1.0,0.05,0.0,-3.6682853145848835,-1.5425228437889567,0.12294659116100037,False,-1.25771422522064,2.186459705350643,7.449045824614586e-10,
song,lognormal,0.8,27,3,2013,true,1.0,1.0,0.05,23,0.7756609476547285,23,3.3431434734916774,14,0.6086956521739131,0.73,0.0,-0.07327128066237698,-0.2494873367700161,0.8029838350756291,False,0.5957566995062364,1.1793069827453073,4.50903314686002e-10,
song,lognormal,0.8,27,4,2014,discovered,1.0,1.0,0.05,97,0.9043279496839219,7,1.91779196926301,38,0.3917525773195876,0.09,0.0,-3.0273076641174597,-1.6379862806011034,0.10142455574833337,False,2.344877721088531,1.1132559226001102,3.328182174300309e-11,
song,lognormal,0.8,27,4,2014,true,1.0,1.0,0.05,24,0.9191276356529069,10,1.8061495526415905,22,0.9166666666666666,0.33,0.0,-1.1140984779315315,-0.9100924377880067,0.3627737623552967,False,2.2526930451320926,1.539952849829442,2.5715962692629546e-10,
song,lognormal,0.8,27,5,2015,discovered,1.0,1.0,0.05,147,0.8819755167614038,33,2.8134686486480813,26,0.17687074829931973,0.92,0.0,-0.18753196500324254,-0.44035198821104315,0.6596821926480583,False,1.119554420183881,1.3544576316668802,9.74480940385547e-10,
song,lognormal,0.8,27,5,2015,true,1.0,1.0,0.05,24,0.9117413621862854,55,2.265336118410184,13,0.5416666666666666,0.98,0.0,-0.007514047436794513,-0.07977056447320298,0.9364197358441222,False,-15.439183980565508,4.060494316540663,0.00011453929064941804,
song,lognormal,0.8,27,6,2016,discovered,1.0,1.0,0.05,168,0.9471272258171702,1,1.6171706940950106,168,1.0,0.0,0.0,-5.896308361417756,-2.037505145859675,0.04159944679757085,False,-2.4986943034249682,2.5225597882809794,5.354650056688115e-10,
song,lognormal,0.8,27,6,2016,true,1.0,1.0,0.05,24,0.7848711253944021,75,2.7740497626028753,13,0.5416666666666666,0.66,0.0,-0.4383650319214851,-0.5904745239629424,0.5548725606567741,False,4.059301696970472,0.8103074417216086,1.8758328224066645e-11,
song,lognormal,0.8,27,7,2017,discovered,1.0,1.0,0.05,136,0.9339184160780534,4,1.8583310104196529,67,0.49264705882352944,0.45,0.0,-1.7347439116075827,-1.2072932074935077,0.22731924563826378,False,-0.035769060636535566,1.8947598104486636,2.127706011378905e-09,
song,lognormal,0.8,27,7,2017,true,1.0,1.0,0.05,24,0.8946561117213218,70,2.3848182584190796,10,0.4166666666666667,0.42,0.0,-0.4535076759526415,-0.6435742867572178,0.5198515286264707,False,4.188522717151528,0.9278515766306625,2.417195332782285e-10,
song,lognormal,0.8,28,0,2010,discovered,1.0,1.0,0.05,57,0.9352082136079999,1,1.7955941601159284,57,1.0,0.4,0.0,-1.1920947093046534,-0.9813190575566619,0.32643542765402167,False,-3.6800421674716386,2.360460144094546,1.1590657322813058e-09,
song,lognormal,0.8,28,0,2010,true,1.0,1.0,0.05,21,0.8339507268875138,2,1.5567215936554266,19,0.9047619047619048,0.02,0.0,-3.7666738746283133,-1.543942750153736,0.12260220236547176,False,2.0167812834980015,1.1938924480666802,5.189804141991772e-11,
song,lognormal,0.8,28,1,2011,discovered,1.0,1.0,0.05,83,0.9388182289507832,1,1.8170785244625733,83,1.0,0.04,0.0,0.7437128037723237,0.9473106264780444,0.343480517516626,False,-312872.42176109727,556.5559580090155,0.0003359985839779256,
song,lognormal,0.8,28,1,2011,true,1.0,1.0,0.05,24,0.8242113032597495,16,2.289264505644695,12,0.5,0.54,0.0,-0.23766201037077206,-0.4252247799713885,0.6706728216243364,False,1.681813364053629,1.347638372119579,1.8452794847689802e-11,
song,lognormal,0.8,28,2,2012,discovered,1.0,1.0,0.05,91,0.9200548706387061,9,2.166266457976983,31,0.34065934065934067,0.48,0.0,-0.1541248199815315,-0.35447475120559324,0.7229831228363015,False,-3.8348778787402713,2.50884044577834,2.9078861984999094e-08,
song,lognormal,0.8,28,2,2012,true,1.0,1.0,0.05,24,0.9529469515328534,20,2.3743469598351434,13,0.5416666666666666,0.81,0.0,-0.0030992038332646743,-0.03619749209502291,0.9711248856989247,False,-17.58017449341493,3.9695881001975244,8.923330717891531e-06,
song,lognormal,0.8,28,3,2013,discovered,1.0,1.0,0.05,99,0.9561876178466661,2,1.804512430969379,66,0.6666666666666666,0.24,0.0,-1.775316528997886,-1.1990269500290753,0.23051746657248362,False,-1.1953157838282553,2.0464089500624203,2.7782220968219917e-10,
song,lognormal,0.8,28,3,2013,true,1.0,1.0,0.05,23,0.8440515559358799,20,2.3669230848996334,14,0.6086956521739131,0.37,0.0,-0.9863243026844639,-0.9117899118537076,0.36187932193295125,False,3.230240958226479,0.7859533789170492,1.7692514120426495e-12,
song,lognormal,0.8,28,4,2014,discovered,1.0,1.0,0.05,111,0.9486615857735988,1,1.5585616108396738,111,1.0,0.01,0.0,-2.6862633633052075,-1.2498955187298249,0.21133771664294865,False,-4.466165720135479,3.2412734441952393,6.969202104301075e-08,
song,lognormal,0.8,28,4,2014,true,1.0,1.0,0.05,24,0.8371626240087807,19,1.907116540798572,20,0.8333333333333334,0.13,0.0,-2.4465857088820373,-1.3409019827030706,0.17995227841653227,False,3.6820255670180466,0.9369550873108985,9.407585821463726e-12,
song,lognormal,0.8,28,5,2015,discovered,1.0,1.0,0.05,192,0.9541459491292105,1,1.550063961561047,192,1.0,0.08,0.0,-2.7511225304244604,-1.147124871431152,0.25133001599315785,False,-9.023861920008116,4.217754846013035,5.563356353377458e-08,
song,lognormal,0.8,28,5,2015,true,1.0,1.0,0.05,24,0.8315698134141756,49,1.9478687475508718,19,0.7916666666666666,0.02,0.0,-1.3030836284426517,-0.9501549790720043,0.34203351074039723,False,4.22530690259893,1.1494679324506203,7.983658179000486e-11,
song,lognormal,0.8,28,6,2016,discovered,1.0,1.0,0.05,143,0.9361173343292604,1,1.540386123989857,143,1.0,0.0,0.0,-5.179382859190806,-1.923140427394963,0.0544624163718297,False,-2.611933525789245,2.8367846291024534,2.8279600883251987e-09,
song,lognormal,0.8,28,6,2016,true,1.0,1.0,0.05,24,0.9534886086843638,40,2.3648005629373148,17,0.7083333333333334,0.84,0.0,-0.24692510989377459,-0.49803859721710836,0.6184568378259949,False,2.145503637626492,1.4277364306555962,7.359091114267358e-10,
song,lognormal,0.8,28,7,2017,discovered,1.0,1.0,0.05,163,0.9514469247982843,3,1.786574547174232,87,0.5337423312883436,0.13,0.0,-1.3682819592694804,-0.9614989008415077,0.3363013778818147,False,-2.0088537872893824,2.4682090441844657,3.3450646697019693e-09,
song,lognormal,0.8,28,7,2017,true,1.0,1.0,0.05,24,0.7528502926320415,23,1.799709410300022,22,0.9166666666666666,0.08,0.0,-2.278390547973043,-1.2069870101577438,0.22743714658177971,False,3.8704873786769673,1.1445079779452023,2.1742607714259066e-12,
song,lognormal,0.8,29,0,2010,discovered,1.0,1.0,0.05,54,0.950930051610327,3,2.190280458779933,30,0.5555555555555556,0.58,0.0,-0.026769033973580658,-0.06661737785934951,0.946886310946292,False,-9.398418376096318,3.03137685897276,1.3658180364473083e-08,
song,lognormal,0.8,29,0,2010,true,1.0,1.0,0.05,20,0.8554738902117929,2,1.5965878518022238,17,0.85,0.01,0.0,-4.0086309352223735,-1.8826397265451675,0.05974920879296524,False,1.9988156449838923,1.0180397302478257,4.121147867408581e-13,
song,lognormal,0.8,29,1,2011,discovered,1.0,1.0,0.05,74,0.8507103984671698,1,1.6149641172064246,74,1.0,0.01,0.0,-2.965970382403972,-1.3304409646116881,0.18337302513239384,False,-1.243457830423657,2.155127031945651,4.0245140553452075e-11,
song,lognormal,0.8,29,1,2011,true,1.0,1.0,0.05,24,0.8599602775054236,11,2.4277622055165655,18,0.75,0.27,0.0,-0.08343800827778569,-0.33374814068070935,0.7385696193450921,False,-2.6878472344483892,2.0799190382697046,1.1468117122603871e-08,
song,lognormal,0.8,29,2,2012,discovered,1.0,1.0,0.05,123,0.9624374987717724,2,1.919845955325291,72,0.5853658536585366,0.27,0.0,-0.2771937111351219,-0.36346411698202286,0.7162582132215095,False,-9.830147398830974,3.4490377133971855,1.4410659332497744e-09,
song,lognormal,0.8,29,2,2012,true,1.0,1.0,0.05,24,0.8640373661697881,15,1.9153423082306065,16,0.6666666666666666,0.1,0.0,-0.9373505750104814,-0.7432536993569462,0.4573280976334757,False,2.866701383429172,1.2708654470375274,6.124878382252064e-12,
song,lognormal,0.8,29,3,2013,discovered,1.0,1.0,0.05,76,0.9314070661193284,2,1.76481234719231,56,0.7368421052631579,0.01,0.0,-2.4327883297779427,-1.2549539171031852,0.2094954893540143,False,-0.018044356084177152,1.7488242256474533,1.9596768652263563e-10,
song,lognormal,0.8,29,3,2013,true,1.0,1.0,0.05,24,0.8370669450850666,12,1.9953235077575708,16,0.6666666666666666,0.24,0.0,-1.4263430658081129,-1.1336007815021512,0.2569620450790113,False,2.9620557480509495,0.9791388615276396,3.3153924050566275e-11,
song,lognormal,0.8,29,4,2014,discovered,1.0,1.0,0.05,107,0.9286260725700107,2,1.6608118217713685,78,0.7289719626168224,0.01,0.0,-2.3687336272932185,-1.4542315651529492,0.14588211644188925,False,-1.1082705017154262,2.3635544894104012,1.1957581591559574e-09,
song,lognormal,0.8,29,4,2014,true,1.0,1.0,0.05,24,0.7774834186412451,45,2.705633241546205,13,0.5416666666666666,0.28,0.0,-0.3029983057324399,-0.4791658492692348,0.6318206471598635,False,3.1801692828952506,0.9654934600644889,3.432276685089164e-10,
song,lognormal,0.8,29,5,2015,discovered,1.0,1.0,0.05,145,0.9453456411259854,1,1.4865146303300074,145,1.0,0.02,0.0,-4.094199787848023,-1.5280583460026729,0.126498052242709,False,-4.147922322764481,3.5106477824014637,2.8673582619376248e-08,
song,lognormal,0.8,29,5,2015,true,1.0,1.0,0.05,24,0.8880176870541407,55,2.0124889682319993,16,0.6666666666666666,0.23,0.0,-0.8446353823851069,-0.8657226951630889,0.3866422511274653,False,4.081907867807802,1.1971508758660199,1.4001955150888534e-10,
song,lognormal,0.8,29,6,2016,discovered,1.0,1.0,0.05,112,0.9167368607925223,1,1.5581815065966926,112,1.0,0.04,0.0,1.11192318068295,0.9534570598215211,0.3403585427494368,False,-87.16599122523542,11.601470462277327,0.0016541044035420782,
song,lognormal,0.8,29,6,2016,true,1.0,1.0,0.05,24,0.8213655432544628,53,2.3924009823645123,10,0.4166666666666667,0.95,0.0,-0.03296760080599004,-0.17636937754800477,0.8600037607097364,False,-1.7394663340422842,2.2417276391749232,1.4902227007951296e-08,
song,lognormal,0.8,29,7,2017,discovered,1.0,1.0,0.05,86,0.8942742878093456,2,1.4898598512804577,74,0.8604651162790697,0.01,0.0,-5.192957840394096,-1.939569418053341,0.052432040510718037,False,0.91243876924207,2.2329454124494075,8.533902473573107e-10,
song,lognormal,0.8,29,7,2017,true,1.0,1.0,0.05,24,0.855773477693109,26,1.9019447725050642,22,0.9166666666666666,0.67,0.0,-1.4421588905421832,-1.191034239172542,0.23364014376762277,False,3.5522789779388373,1.231908173553798,3.596341002776171e-10,
song,geometric,0.0,0,0,2010,discovered,1.0,1.0,0.05,53,0.9075281977963912,8,3.078263326641345,14,0.2641509433962264,0.59,0.0,-0.33949350191203176,-0.5207150649320281,0.6025652782340444,False,1.5697728769865869,0.7698004041936188,4.89563944938709e-12,
song,geometric,0.0,0,0,2010,true,1.0,1.0,0.05,22,0.787635613609215,10,2.970462544000104,12,0.5454545454545454,0.65,0.0,-0.3842762976067391,-0.5514424182120662,0.5813304293267434,False,2.0031484423016543,0.7361010478608676,2.5934809855243657e-12,
song,geometric,0.0,0,1,2011,discovered,1.0,1.0,0.05,96,0.9372837517333931,1,1.7438586278079957,96,1.0,0.0,0.0,-4.040247349560111,-1.6673058374833232,0.09545360649602722,False,-1.180903828176112,1.8106211826045595,2.523847797419876e-11,
song,geometric,0.0,0,1,2011,true,1.0,1.0,0.05,24,0.8747447884388371,6,1.8752530035096557,21,0.875,0.35,0.0,-1.9223591585728441,-1.222292971714887,0.22159685613129787,False,2.318268139717608,1.0954907597305605,2.616218353068689e-11,
song,geometric,0.0,0,2,2012,discovered,1.0,1.0,0.05,111,0.9189287842885043,1,1.6670852212059482,111,1.0,0.0,0.0,-8.10595842312266,-2.457868056960081,0.013976451277592719,False,-0.09290175247414284,1.573907774496127,1.77351466845721e-11,
song,geometric,0.0,0,2,2012,true,1.0,1.0,0.05,24,0.791157255059819,25,2.7313000586777214,14,0.5833333333333334,0.47,0.0,-0.5078478905238737,-0.6038702065340166,0.5459299382629703,False,3.002282604692912,0.8055344605616888,3.154809746774845e-12,
song,geometric,0.0,0,3,2013,discovered,1.0,1.0,0.05,65,0.8499014770622773,2,1.5728807095801156,54,0.8307692307692308,0.0,0.0,-8.305652065850971,-2.4958380968914198,0.012565994081473427,False,1.8058848330671076,1.3203744189512248,3.296918293926865e-12,
song,geometric,0.0,0,3,2013,true,1.0,1.0,0.05,24,0.814017914292886,31,2.996120507555985,11,0.4583333333333333,0.21,0.0,-0.554902637632658,-0.7187763504928975,0.47227873143903565,False,3.44664622944937,0.6150805829506618,7.815970093361102e-13,
song,geometric,0.0,0,4,2014,discovered,1.0,1.0,0.05,83,0.8345873372845659,43,3.7948604162319293,11,0.13253012048192772,0.41,0.0,-0.1075722048024419,-0.33990791826743155,0.733925873401843,False,2.614421782764482,0.7935379514590396,4.362732397567015e-12,
song,geometric,0.0,0,4,2014,true,1.0,1.0,0.05,24,0.8137235231002828,37,2.4965183099335726,15,0.625,0.42,0.0,-0.5606785370833434,-0.599098735106368,0.549107045123328,False,3.393631096745504,0.9227202985177475,2.8904878490720876e-11,
song,geometric,0.0,0,5,2015,discovered,1.0,1.0,0.05,266,0.964459082929538,1,1.737047584528158,266,1.0,0.54,0.0,2.3235851920331854,1.4007733274390934,0.16128186708949266,False,-430007.5792924282,689.4703879937209,0.0019677569125633454,
song,geometric,0.0,0,5,2015,true,1.0,1.0,0.05,24,0.8581601682517295,49,1.9032067144720934,19,0.7916666666666666,0.01,0.0,-2.2936712984277854,-1.2467342230647667,0.21249496587291672,False,4.640276764914455,0.948111106722841,9.558220881444868e-11,
song,geometric,0.0,0,6,2016,discovered,1.0,1.0,0.05,120,0.9539544954691049,9,1.816753648088613,41,0.3416666666666667,0.44,0.0,-0.5012468038042392,-0.6059629315690734,0.5445393684992297,False,-0.9434963451483622,2.4989254073796046,3.4979450447281124e-09,
song,geometric,0.0,0,6,2016,true,1.0,1.0,0.05,24,0.8611674819452678,115,3.0848060298907356,10,0.4166666666666667,0.59,0.0,-0.500969915152087,-0.5823577577553922,0.5603257286648783,False,4.75995062303504,0.5924234204491469,4.021671884402167e-12,
song,geometric,0.0,0,7,2017,discovered,1.0,1.0,0.05,130,0.8899051455163177,2,1.5182225672669414,95,0.7307692307692307,0.0,0.0,-10.616733031270984,-2.9294430273987393,0.0033957005616051324,False,1.5840560372690762,1.7213455889249907,4.1308112486149184e-10,
song,geometric,0.0,0,7,2017,true,1.0,1.0,0.05,24,0.8617888372962345,45,2.113383373795875,16,0.6666666666666666,0.04,0.0,-2.0405052157982624,-1.1199371835040999,0.26274053154147825,False,4.435878399574227,0.7498261650552882,4.5503156798076816e-11,
song,geometric,0.0,1,0,2010,discovered,1.0,1.0,0.05,56,0.9045185353271726,1,1.6200813823942237,56,1.0,0.01,0.0,-4.700658459680431,-1.7705928962882895,0.07662842409680236,False,0.16505647420159747,1.579485842398924,5.411493475548923e-11,
song,geometric,0.0,1,0,2010,true,1.0,1.0,0.05,24,0.8980006309996624,2,1.7000817361032126,24,1.0,0.15,0.0,-2.842255742427554,-1.537743190536108,0.1241114187696841,False,1.4095869578162603,1.2094436780066613,4.973799150320701e-13,
song,geometric,0.0,1,1,2011,discovered,1.0,1.0,0.05,80,0.9702793813595005,2,1.9088544281187658,50,0.625,0.42,0.0,-0.5923633466624283,-0.6911573944740588,0.48946663513752,False,-4.710317556358566,2.6455633716250686,1.0603855571389431e-09,
song,geometric,0.0,1,1,2011,true,1.0,1.0,0.05,24,0.8372212621906572,4,1.6733355434555368,24,1.0,0.03,0.0,-2.9603272308309365,-1.425623500752511,0.15397704894124573,False,2.2926731983153923,1.2467156196142173,6.252776074688882e-13,
song,geometric,0.0,1,2,2012,discovered,1.0,1.0,0.05,71,0.8817563781286778,6,1.9645309114561091,39,0.5492957746478874,0.06,0.0,-1.7396686789823594,-1.3039800086264324,0.19224039865737497,False,1.5589522283483062,1.344900540657768,5.724132279283367e-11,
song,geometric,0.0,1,2,2012,true,1.0,1.0,0.05,24,0.8351664818775676,7,1.8524819807786836,22,0.9166666666666666,0.09,0.0,-1.7558085302499,-1.1158499456709519,0.2644863704775239,False,2.3874580321064376,1.1941168405731972,3.502975687297294e-11,
song,geometric,0.0,1,3,2013,discovered,1.0,1.0,0.05,82,0.9084229617063558,11,2.6032969439979925,25,0.3048780487804878,0.9,0.0,-0.31932947151364655,-0.5554005577737695,0.5786207111652435,False,0.7838355235913119,1.2738651567446797,9.48944034462329e-10,
song,geometric,0.0,1,3,2013,true,1.0,1.0,0.05,24,0.8323920826422978,9,1.942370165599619,18,0.75,0.07,0.0,-2.021501536671743,-1.251995651732336,0.21057144841246267,False,2.838977290590233,0.9316235001463811,1.0942358130705543e-12,
song,geometric,0.0,1,4,2014,discovered,1.0,1.0,0.05,83,0.8916386984246883,10,2.012726706962305,35,0.42168674698795183,0.6,0.0,-1.0128560118185366,-0.9820424997458755,0.32607891108720066,False,1.5194253801308635,1.5115462191519746,1.1496865681692725e-09,
song,geometric,0.0,1,4,2014,true,1.0,1.0,0.05,24,0.8343198216865166,17,1.9182022411051152,19,0.7916666666666666,0.03,0.0,-2.500834333842103,-1.4594084339791606,0.14445272606308948,False,3.5965070585464796,0.8947524860760867,8.952838470577262e-13,
song,geometric,0.0,1,5,2015,discovered,1.0,1.0,0.05,138,0.9412149154101074,1,1.481739929562744,138,1.0,0.02,0.0,-2.9015075766225245,-1.1580296881057477,0.24685192127377664,False,-5.223972068015646,3.8051562578509515,2.2275571609498e-08,
song,geometric,0.0,1,5,2015,true,1.0,1.0,0.05,24,0.8267838745715376,74,2.270289262210729,16,0.6666666666666666,0.25,0.0,-1.1013250154367809,-0.8549946998126562,0.39255408196592334,False,4.557817147891907,0.8562871482300033,1.2647660696529783e-11,
song,geometric,0.0,1,6,2016,discovered,1.0,1.0,0.05,137,0.9196555146838731,16,1.9851331457469026,39,0.2846715328467153,0.56,0.0,-1.1668375175354164,-1.100705009749928,0.27102506517878144,False,2.0598204143142516,1.5346095117440819,7.841549631848466e-11,
song,geometric,0.0,1,6,2016,true,1.0,1.0,0.05,24,0.8577345490484829,20,1.7660881947875997,23,0.9583333333333334,0.03,0.0,-2.2340977321007367,-1.2097762960251321,0.22636474426437392,False,3.7121190869862124,1.2277804554511769,9.890754881780595e-12,
song,geometric,0.0,1,7,2017,discovered,1.0,1.0,0.05,120,0.9580679225617093,1,1.518913282967741,120,1.0,0.0,0.0,-3.5724512971927243,-1.52843563983432,0.12640441169443214,False,-4.246111443786345,3.3654551185689323,2.935429961326008e-07,
song,geometric,0.0,1,7,2017,true,1.0,1.0,0.05,24,0.8388281899425278,30,1.9495003103783155,20,0.8333333333333334,0.1,0.0,-2.118128466585918,-1.208649264947489,0.22679762098897582,False,4.037029596977673,0.9543532583883065,4.447997525858227e-12,
song,geometric,0.0,2,0,2010,discovered,1.0,1.0,0.05,60,0.9390955532205326,1,1.8366328127434923,60,1.0,0.26,0.0,-1.0631963494532588,-0.9442854332888366,0.34502380767533036,False,-4.504975198612148,2.451290942057258,3.2734703836467816e-10,
song,geometric,0.0,2,0,2010,true,1.0,1.0,0.05,23,0.7847758566504534,14,3.8988577502639807,10,0.43478260869565216,0.25,0.0,0.005644799792863253,0.28875549638651743,0.7727684907138779,False,-40267.904446020824,116.36227473722742,3.625606041168794e-06,
song,geometric,0.0,2,1,2011,discovered,1.0,1.0,0.05,69,0.8879384513998416,1,1.5909717234884813,69,1.0,0.02,0.0,-3.5394456768659497,-1.4736401375242016,0.1405785084435529,False,-0.7744164742441539,2.063935812868092,1.375610736431554e-11,
song,geometric,0.0,2,1,2011,true,1.0,1.0,0.05,23,0.7212434712545174,23,4.024003251250736,10,0.43478260869565216,0.9,0.0,-0.10040398405561657,-0.34327514782761115,0.7313914753356214,False,2.0935500265196905,0.7255639542292431,2.213340621892712e-11,
song,geometric,0.0,2,2,2012,discovered,1.0,1.0,0.05,120,0.9117888854699574,1,1.6188814487170873,120,1.0,0.0,0.0,-5.431835594604012,-1.8684111176533342,0.06170478860467142,False,-1.1723740170227135,2.1165795811011985,4.774847184307873e-12,
song,geometric,0.0,2,2,2012,true,1.0,1.0,0.05,24,0.8367505784796064,23,2.3424624889675654,15,0.625,0.09,0.0,-1.7905070420727376,-1.0910456228141905,0.2752528080739435,False,3.6280228859326566,0.6381449898956453,4.504840944719035e-12,
song,geometric,0.0,2,3,2013,discovered,1.0,1.0,0.05,92,0.9265615674603543,25,3.384308340244989,10,0.10869565217391304,0.51,0.0,-0.05128949979677788,-0.2458403435722846,0.8058058255697939,False,0.7811428033258156,1.1492896557423902,1.4750014543096768e-09,
song,geometric,0.0,2,3,2013,true,1.0,1.0,0.05,24,0.8449963026718498,25,2.6184680415442196,12,0.5,0.19,0.0,-0.6932975475440228,-0.6921109124645042,0.48886767920970975,False,3.3152722246015625,0.7186847991786783,3.637978807091713e-12,
song,geometric,0.0,2,4,2014,discovered,1.0,1.0,0.05,84,0.9222992305850289,7,1.7725024056469205,35,0.4166666666666667,0.04,0.0,-2.165414267460331,-1.368516837429103,0.1711503552930298,False,2.144988641806417,1.4742953997993948,6.104983185650781e-11,
song,geometric,0.0,2,4,2014,true,1.0,1.0,0.05,24,0.8374461460673482,31,2.250748858995119,14,0.5833333333333334,0.12,0.0,-1.489262515146569,-0.995795133278887,0.31934969540551006,False,3.9187385620374897,0.7220869339664653,6.536993168992922e-12,
song,geometric,0.0,2,5,2015,discovered,1.0,1.0,0.05,172,0.9466100474673521,1,1.548932295587782,172,1.0,0.09,0.0,-2.65367732376275,-1.0768636651546917,0.28154117777289267,False,-6.775268304673963,3.7927240823307895,1.5218233784253243e-08,
song,geometric,0.0,2,5,2015,true,1.0,1.0,0.05,24,0.8556575642098303,122,2.744554811057801,11,0.4583333333333333,0.53,0.0,-0.7481920033334868,-0.685539136358084,0.4930037732598528,False,4.984900194907795,0.6265594461652803,1.3770318219030742e-11,
song,geometric,0.0,2,6,2016,discovered,1.0,1.0,0.05,108,0.889926470152022,17,2.1702028819570462,35,0.32407407407407407,0.2,0.0,-0.8772628144994461,-0.881289972646747,0.37816089200635283,False,1.9991984705083987,1.3713765430590494,2.2919266484677792e-10,
song,geometric,0.0,2,6,2016,true,1.0,1.0,0.05,24,0.8248128253993524,19,1.7986942029318782,23,0.9583333333333334,0.06,0.0,-2.12088526591591,-1.1171928593905518,0.26391187306427577,False,3.591128244704687,1.2031637536581197,1.1922907106054481e-11,
song,geometric,0.0,2,7,2017,discovered,1.0,1.0,0.05,93,0.8674460622974124,11,1.9000086526584208,40,0.43010752688172044,0.08,0.0,-3.918062822366497,-1.8633312678745475,0.062415673574656425,False,2.989480752107971,1.0400945486697464,2.802380549837835e-11,
song,geometric,0.0,2,7,2017,true,1.0,1.0,0.05,24,0.8373853359990772,43,2.1594963327797236,15,0.625,0.08,0.0,-1.904241225818594,-1.153770146842588,0.24859441639123392,False,4.363140161171335,0.7213429678834569,8.043343768804334e-12,
song,geometric,0.0,3,0,2010,discovered,1.0,1.0,0.05,58,0.9470078450439062,1,1.724473014167105,58,1.0,0.01,0.0,-3.318598914477403,-1.6618382917844448,0.09654520223422415,False,-0.5680392520174924,1.6369669801773297,7.958078640513122e-13,
song,geometric,0.0,3,0,2010,true,1.0,1.0,0.05,24,0.8375837881890471,10,2.4220595577262696,10,0.4166666666666667,0.55,0.0,-0.9622137922615264,-0.9590041037136122,0.33755667785661625,False,2.669028014033655,0.6568192602353818,1.4921397450962104e-12,
song,geometric,0.0,3,1,2011,discovered,1.0,1.0,0.05,95,0.9421956791755038,1,1.6808906443896647,95,1.0,0.12,0.0,-3.2536890812763293,-1.515909780494379,0.12954216686950243,False,-2.1131489737215268,2.233358859779002,5.2722270993399434e-11,
song,geometric,0.0,3,1,2011,true,1.0,1.0,0.05,24,0.7042734762573486,15,2.238323839136046,15,0.625,0.1,0.0,-2.6463201681120383,-1.3598965360791893,0.17386266731209854,False,3.360184961609985,0.5762403335006556,9.531220257485984e-11,
song,geometric,0.0,3,2,2012,discovered,1.0,1.0,0.05,84,0.8659331481262822,4,1.9068091429227672,50,0.5952380952380952,0.06,0.0,-3.343622768167309,-1.6449392009786987,0.09998234977804969,False,1.5720131598234566,1.2083917180674246,2.6261659513693303e-11,
song,geometric,0.0,3,2,2012,true,1.0,1.0,0.05,24,0.8752517438813482,8,1.8503643285230431,22,0.9166666666666666,0.13,0.0,-1.9524725380412615,-1.1093200412465494,0.2672921423904261,False,2.621045140152434,1.1442033640974554,1.304840679949848e-10,
song,geometric,0.0,3,3,2013,discovered,1.0,1.0,0.05,94,0.8958532460299494,2,1.7733873478429019,65,0.6914893617021277,0.0,0.0,-6.385461498962338,-2.202195498616499,0.027651501897006412,False,1.1899921267286888,1.1854803404322176,1.9610979506978765e-12,
song,geometric,0.0,3,3,2013,true,1.0,1.0,0.05,24,0.7901032521696306,10,1.9994299498142436,19,0.7916666666666666,0.05,0.0,-2.687906830824763,-1.3301717691053923,0.1834616833778595,False,3.020757337349326,0.790667424186663,4.718003765447065e-12,
song,geometric,0.0,3,4,2014,discovered,1.0,1.0,0.05,105,0.9132375569326239,1,1.5085714486583084,105,1.0,0.09,0.0,-4.041651907247488,-1.6588990363607983,0.09713613887238932,False,-2.3124118083918033,2.891275836813107,4.201410774840042e-09,
song,geometric,0.0,3,4,2014,true,1.0,1.0,0.05,24,0.8255064392162758,19,1.9258710964172665,21,0.875,0.07,0.0,-1.5785853648599004,-0.9823292239672899,0.3259376817651961,False,3.348559078088223,1.1304539162845162,1.190727516586776e-10,
song,geometric,0.0,3,5,2015,discovered,1.0,1.0,0.05,149,0.954095302247625,2,1.5583511264021135,103,0.6912751677852349,0.08,0.0,-4.026076921148235,-1.7385604698011357,0.0821121048917785,False,-0.6391224117274246,2.556764916405137,3.0648266147181857e-09,
song,geometric,0.0,3,5,2015,true,1.0,1.0,0.05,24,0.8394460711302325,45,2.012091877239647,18,0.75,0.03,0.0,-2.0846926945494904,-1.2501678538941075,0.21123823704572975,False,4.453603055309014,0.8614398636459767,2.8322233447397593e-11,
song,geometric,0.0,3,6,2016,discovered,1.0,1.0,0.05,118,0.8986143812621135,2,1.5299851691036053,91,0.7711864406779662,0.0,0.0,-6.833364912950256,-2.1515960161051417,0.03142918618217415,False,1.0230643456138835,1.9914022169166383,2.2737367544323206e-12,
song,geometric,0.0,3,6,2016,true,1.0,1.0,0.05,24,0.8617712604719419,39,2.0011654090466995,17,0.7083333333333334,0.27,0.0,-1.852766106551119,-1.163145713896675,0.2447703874342121,False,4.2848638154459335,0.8942647378196371,5.360334398574196e-11,
song,geometric,0.0,3,7,2017,discovered,1.0,1.0,0.05,150,0.9115441759292063,1,1.5789935091931249,150,1.0,0.01,0.0,2.6657066365634403,2.0804529399605736,0.037484007806905764,False,-47463.29235800223,261.3169572250947,2.0364885585877346e-05,
song,geometric,0.0,3,7,2017,true,1.0,1.0,0.05,24,0.8372249502339317,22,1.7539055328833515,21,0.875,0.06,0.0,-2.9659211404867714,-1.408238411694349,0.15906048568954234,False,4.068646565922416,1.0572833435269113,8.381562111026142e-11,
song,geometric,0.0,4,0,2010,discovered,1.0,1.0,0.05,72,0.9224801486180174,1,1.9638446043544286,72,1.0,0.53,0.0,-1.2130801196086765,-0.9661457967915564,0.3339712310524996,False,-3.2881847776965833,1.9930011583102696,1.1189627002750058e-10,
song,geometric,0.0,4,0,2010,true,1.0,1.0,0.05,24,0.785143196876075,14,2.8777630109984096,10,0.4166666666666667,0.69,0.0,-0.8302086523501475,-0.8060251861084027,0.4202283269789412,False,2.873014399484113,0.5297584832002807,1.7053025658242404e-13,
song,geometric,0.0,4,1,2011,discovered,1.0,1.0,0.05,94,0.9446007073549155,1,1.791140311795868,94,1.0,0.59,0.0,-1.9401685700460396,-1.1571293466693708,0.2472195183932564,False,-3.5736968476736815,2.346454608799494,5.602203145826934e-10,
song,geometric,0.0,4,1,2011,true,1.0,1.0,0.05,24,0.7572766062785945,9,2.1457099818520473,18,0.75,0.28,0.0,-1.4118144146962095,-1.1285535709464216,0.25908620603473,False,2.524033744262237,0.8934856533472753,4.121147867408581e-13,
song,geometric,0.0,4,2,2012,discovered,1.0,1.0,0.05,98,0.9141602346767509,4,1.928418867474714,53,0.5408163265306123,0.34,0.0,-1.8069955209147768,-1.188135931546462,0.23477986015040897,False,0.6463699764722202,1.5602827573481606,1.0936673788819462e-10,
song,geometric,0.0,4,2,2012,true,1.0,1.0,0.05,24,0.8315005513695918,19,2.272599740323372,16,0.6666666666666666,0.21,0.0,-1.1512442989093903,-0.9217978303901238,0.35663403936601257,False,3.210067614567393,0.8363394626433458,3.922195901395753e-12,
song,geometric,0.0,4,3,2013,discovered,1.0,1.0,0.05,66,0.8580651954665988,21,2.9911054607868843,14,0.21212121212121213,0.83,0.0,-0.04528073483163553,-0.22511096806862718,0.8218929486662016,False,-1.0987857567098018,1.5820625837733244,5.320259788277326e-10,
song,geometric,0.0,4,3,2013,true,1.0,1.0,0.05,24,0.8261275598377862,15,2.137805274260007,17,0.7083333333333334,0.18,0.0,-1.9359829107831943,-1.265825594794894,0.20557552951671076,False,3.260027759125665,0.7682652999696992,9.094947017729282e-13,
song,geometric,0.0,4,4,2014,discovered,1.0,1.0,0.05,75,0.8974720852854619,2,1.5068288666481444,61,0.8133333333333334,0.01,0.0,-5.9914431743871965,-2.20895805885728,0.027177558272479578,False,1.4292854343094263,1.8716255035553828,3.154809746774845e-11,
song,geometric,0.0,4,4,2014,true,1.0,1.0,0.05,24,0.819711553110507,23,2.060120306175004,19,0.7916666666666666,0.09,0.0,-1.4679291049203211,-0.9685245771265394,0.33278245073019397,False,3.5103629922519604,0.9764255515625904,4.149569576838985e-12,
song,geometric,0.0,4,5,2015,discovered,1.0,1.0,0.05,187,0.9387668280044542,1,1.5320891990235652,187,1.0,0.02,0.0,-4.289099267925968,-1.5356946109190874,0.12461329741985606,False,-4.763386483249359,3.430829591195209,8.819824870442972e-10,
song,geometric,0.0,4,5,2015,true,1.0,1.0,0.05,24,0.8381371865598377,22,1.6871072495160764,24,1.0,0.06,0.0,-3.0507264927082343,-1.38015940727668,0.16753756927402008,False,4.098934654259471,1.2169618728329272,2.0321522242738865e-11,
song,geometric,0.0,4,6,2016,discovered,1.0,1.0,0.05,240,0.9369952041163946,1,1.8264732469167195,240,1.0,0.0,0.0,5.229992626698759,3.5798784374877406,0.00034375408535419733,False,-586852.547960484,759.7054952074509,0.0036425587504709256,
song,geometric,0.0,4,6,2016,true,1.0,1.0,0.05,24,0.8554894547208514,19,1.7019596741874812,23,0.9583333333333334,0.03,0.0,-4.382481099332279,-1.8656791182267767,0.0620862729040926,False,4.137613157409646,0.9869888698232766,4.2234660213580355e-11,
song,geometric,0.0,4,7,2017,discovered,1.0,1.0,0.05,140,0.904732051342605,4,1.6496881239717638,81,0.5785714285714286,0.0,0.0,-4.95726665963177,-1.9454031872035153,0.051726471459641016,False,1.5229722614499765,1.7650953106070215,6.139089236967266e-12,
song,geometric,0.0,4,7,2017,true,1.0,1.0,0.05,24,0.7878741366316592,20,1.7029522924659208,22,0.9166666666666666,0.05,0.0,-4.307889853034526,-1.704508443808402,0.08828613992674966,False,4.19956232794179,0.9725035295439947,1.0302869668521453e-11,
song,geometric,0.0,5,0,2010,discovered,1.0,1.0,0.05,64,0.9381801322658796,3,2.3874670169420784,27,0.421875,0.61,0.0,-0.5074303598898502,-0.6303335967015847,0.5284763462050799,False,-0.24916333610844876,1.2757305968950652,5.855582685398986e-11,
song,geometric,0.0,5,0,2010,true,1.0,1.0,0.05,24,0.8432788176399024,6,2.0958830147019567,17,0.7083333333333334,0.02,0.0,-3.2344248778966356,-1.6244420797671095,0.10428149244067543,False,2.5209817891849564,0.6197013297997209,2.1387336346379016e-12,
song,geometric,0.0,5,1,2011,discovered,1.0,1.0,0.05,71,0.9225484516222241,3,1.8478345199604043,40,0.5633802816901409,0.24,0.0,-2.427753078089646,-1.4607222297767197,0.1440916859301114,False,1.1236811431686904,1.35099530738843,2.7853275241795927e-12,
song,geometric,0.0,5,1,2011,true,1.0,1.0,0.05,24,0.8470233836515907,4,1.7307857820507848,22,0.9166666666666666,0.0,0.0,-3.376888167487739,-1.6102653925345844,0.10733993095306182,False,2.350575080714696,1.036377253700714,2.2453150450019166e-12,
song,geometric,0.0,5,2,2012,discovered,1.0,1.0,0.05,87,0.8728188321466933,4,1.8843395328118628,50,0.5747126436781609,0.07,0.0,-4.366560826578827,-1.9215585317162036,0.054661330730001546,False,1.82539385602615,1.104578725483889,1.5575096767861396e-11,
song,geometric,0.0,5,2,2012,true,1.0,1.0,0.05,24,0.8898705340109287,5,1.6824704918735625,24,1.0,0.09,0.0,-2.647230066272204,-1.3459414280246969,0.17832140684150355,False,2.4389048072907626,1.2980084380563113,5.3717030823463574e-12,
song,geometric,0.0,5,3,2013,discovered,1.0,1.0,0.05,87,0.9531363888893613,4,2.084412239025216,40,0.45977011494252873,0.93,0.0,-0.06248380515473362,-0.16821625127910775,0.8664131564479274,False,-14.469135081954551,3.8891973159338313,1.9028745157356752e-07,
song,geometric,0.0,5,3,2013,true,1.0,1.0,0.05,24,0.7921439151522841,31,3.430030204257929,10,0.4166666666666667,0.49,0.0,-0.0663276874417349,-0.24317461578466024,0.8078701304015856,False,1.5484854373877153,1.0325222405420549,9.899068231788988e-10,
song,geometric,0.0,5,4,2014,discovered,1.0,1.0,0.05,90,0.8770870141929504,2,1.5180623414820247,72,0.8,0.0,0.0,-5.556774490452618,-1.9618101872481657,0.04978458719984349,False,1.0881203895407525,2.010797909325079,6.31530383543577e-11,
song,geometric,0.0,5,4,2014,true,1.0,1.0,0.05,24,0.8274661471607977,31,2.288996730174359,15,0.625,0.1,0.0,-1.4836562541335656,-0.9580157384292635,0.3380548224385569,False,3.8726122719148934,0.7229638393130355,1.1937117960769683e-12,
song,geometric,0.0,5,5,2015,discovered,1.0,1.0,0.05,140,0.9228355651676506,6,1.766340072228133,68,0.4857142857142857,0.15,0.0,-1.976886553108058,-1.294559826153295,0.1954721186200502,False,0.6899418851430983,2.0011786781874052,2.2043877834221348e-10,
song,geometric,0.0,5,5,2015,true,1.0,1.0,0.05,24,0.8470493223692133,38,1.9056287460440136,20,0.8333333333333334,0.06,0.0,-2.1569691600478738,-1.1784650568916775,0.23861125502069525,False,4.318502267796289,0.9932571070592422,4.949640697304858e-11,
song,geometric,0.0,5,6,2016,discovered,1.0,1.0,0.05,141,0.8744298311840655,33,2.9047996481093787,23,0.16312056737588654,0.29,0.0,-0.6766556561620094,-0.7647170618047783,0.4444400441347147,False,3.14033786908479,0.7933010829249327,7.247535904753022e-12,
song,geometric,0.0,5,6,2016,true,1.0,1.0,0.05,24,0.8493972138202891,29,1.848144450051528,20,0.8333333333333334,0.17,0.0,-3.2097301586429987,-1.580847165762936,0.11391298719054595,False,4.29661874488482,0.8862747282653091,7.389644451905042e-13,
song,geometric,0.0,5,7,2017,discovered,1.0,1.0,0.05,125,0.9294144241405443,3,1.6442211132386402,80,0.64,0.0,0.0,-3.9494125483985054,-1.8093337065325776,0.07039917547241215,False,0.7071992921724575,1.9800524366545316,1.9190338207408786e-10,
song,geometric,0.0,5,7,2017,true,1.0,1.0,0.05,24,0.8200518224044084,48,2.13178094177115,16,0.6666666666666666,0.23,0.0,-1.7776861069164038,-1.100066064292647,0.2713033384387017,False,4.431555104551848,0.7842727561548724,1.0700773600547109e-11,
song,geometric,0.0,6,0,2010,discovered,1.0,1.0,0.05,65,0.8872153316955119,7,3.3249995586970544,18,0.27692307692307694,0.12,0.0,-0.0009839559112956309,-0.007743808679518531,0.9938213963644769,False,-10.504132559386516,2.330298017921226,1.5535759700924245e-07,
song,geometric,0.0,6,0,2010,true,1.0,1.0,0.05,24,0.7006652367853914,11,3.1243457189883004,13,0.5416666666666666,0.3,0.0,-0.3455305443407486,-0.4973094018769671,0.6189708827066986,False,1.988262322343835,0.730303515738002,6.756977199984249e-10,
song,geometric,0.0,6,1,2011,discovered,1.0,1.0,0.05,78,0.9404591470739962,2,1.8681634749943257,51,0.6538461538461539,0.36,0.0,-2.4978298253157565,-1.4643701111413965,0.14309285007239078,False,0.29424562838305346,1.4471084529420164,1.0800249583553523e-12,
song,geometric,0.0,6,1,2011,true,1.0,1.0,0.05,24,0.8539416392814053,5,1.7672116622856782,21,0.875,0.05,0.0,-3.860756397319049,-1.7460351880903773,0.08080483755594244,False,2.628771415363956,0.9073028940620705,5.684341886080802e-14,
song,geometric,0.0,6,2,2012,discovered,1.0,1.0,0.05,79,0.878641977084637,15,2.720881927145046,17,0.21518987341772153,0.44,0.0,-0.530146431485897,-0.6638945669429323,0.5067577938266852,False,2.3484770451346075,0.8573188146180005,6.657785434072139e-12,
song,geometric,0.0,6,2,2012,true,1.0,1.0,0.05,24,0.7241028704153847,16,2.054580382832405,16,0.6666666666666666,0.1,0.0,-2.2017911209895535,-1.2653010188307576,0.20576344149664505,False,3.4542187779014437,0.7617213658309777,1.2647660696529783e-12,
song,geometric,0.0,6,3,2013,discovered,1.0,1.0,0.05,78,0.9186590674332089,10,2.4693258331800956,21,0.2692307692307692,0.86,0.0,-0.28011033159309306,-0.5331603799981635,0.5939225650780011,False,0.5942212647634098,1.3750823652282325,2.6290081223123707e-11,
song,geometric,0.0,6,3,2013,true,1.0,1.0,0.05,23,0.8652511922023333,10,1.956213623389141,20,0.8695652173913043,0.09,0.0,-2.260789879296672,-1.2223658719024058,0.22156929916810775,False,2.943931122327029,0.9155126985906391,2.8421709430404007e-13,
song,geometric,0.0,6,4,2014,discovered,1.0,1.0,0.05,136,0.9198896718167995,8,2.0257076533431433,42,0.3088235294117647,0.22,0.0,-1.2806694380333883,-1.0742446956908953,0.28271302484797245,False,1.367744500348791,1.4628712216727533,8.859046829456929e-11,
song,geometric,0.0,6,4,2014,true,1.0,1.0,0.05,24,0.8780773769154071,14,1.8093192025898381,22,0.9166666666666666,0.15,0.0,-2.500021698010809,-1.2924485290312475,0.19620185987864436,False,3.4140136474523706,1.0839411184230339,9.57811607804615e-12,
song,geometric,0.0,6,5,2015,discovered,1.0,1.0,0.05,205,0.9567032282636574,1,1.5873370832054379,205,1.0,0.33,0.0,-1.645218346388468,-0.7668217961524552,0.443187475412664,False,-13.566565657648953,4.774306035251975,1.4672640418211813e-06,
song,geometric,0.0,6,5,2015,true,1.0,1.0,0.05,24,0.8565770812311354,61,2.1130865185992014,17,0.7083333333333334,0.24,0.0,-1.3205544087016987,-0.9201481562992988,0.35749534208237077,False,4.4828481081557054,0.9296200763156195,3.069544618483633e-12,
song,geometric,0.0,6,6,2016,discovered,1.0,1.0,0.05,135,0.9194411774030026,3,1.6886268977650947,90,0.6666666666666666,0.04,0.0,-4.605303079352139,-1.94568336337598,0.05169278628122023,False,0.8047474940448176,1.8182022224119034,3.13548298436217e-10,
song,geometric,0.0,6,6,2016,true,1.0,1.0,0.05,24,0.8155391758848687,47,2.1301000663012473,16,0.6666666666666666,0.35,0.0,-2.1497675131999934,-1.312142266850603,0.18947213710455513,False,4.490420702494571,0.7217209134439515,3.296918293926865e-12,
song,geometric,0.0,6,7,2017,discovered,1.0,1.0,0.05,111,0.9151333847919406,2,1.5021220718686485,80,0.7207207207207207,0.0,0.0,-6.662867125774865,-2.346434436486689,0.01895400054717375,False,1.16062419655236,2.044433727914916,3.339550858072471e-10,
song,geometric,0.0,6,7,2017,true,1.0,1.0,0.05,24,0.8219231585296036,78,2.6447994097452416,11,0.4583333333333333,0.19,0.0,-1.6122376173132746,-1.0623065804891956,0.28809652800187824,False,4.81992708693884,0.47664354674861853,4.177991286269389e-12,
song,geometric,0.0,7,0,2010,discovered,1.0,1.0,0.05,66,0.9400180282747949,1,1.8463996282777169,66,1.0,0.17,0.0,-0.6653900810456982,-0.6181527376942261,0.5364746612025173,False,-7.082138674466593,2.9000010246029335,4.594255642587086e-09,
song,geometric,0.0,7,0,2010,true,1.0,1.0,0.05,24,0.8142020513191892,5,2.122359876799193,17,0.7083333333333334,0.16,0.0,-0.5768635081292166,-0.627324407921644,0.5304466071558285,False,1.1031730687472208,1.2625146766769164,2.8563817977556027e-12,
song,geometric,0.0,7,1,2011,discovered,1.0,1.0,0.05,52,0.8447399957058808,19,3.541087000570331,14,0.2692307692307692,0.13,0.0,-0.6868280312172503,-0.7337050303542068,0.46312853201030424,False,2.940991458403224,0.4854677625601528,1.9468870959826745e-12,
song,geometric,0.0,7,1,2011,true,1.0,1.0,0.05,24,0.756777551595247,17,2.5341185256368886,13,0.5416666666666666,0.28,0.0,-1.1479510709152514,-1.019588243072322,0.3079237832020566,False,3.1482709458980525,0.6349421757060604,9.343636975245317e-12,
song,geometric,0.0,7,2,2012,discovered,1.0,1.0,0.05,122,0.950006391003112,4,2.131084773131701,46,0.3770491803278688,0.56,0.0,-0.4962683998836206,-0.6422776165647571,0.5206929449603093,False,-1.8158791347491352,1.966922078977473,2.4487576411047485e-09,
song,geometric,0.0,7,2,2012,true,1.0,1.0,0.05,24,0.831301334034856,4,1.5390030913016277,24,1.0,0.01,0.0,-6.541272100069403,-2.3315327630987546,0.01972528455329083,False,3.0048864497000407,1.06497382125993,6.394884621840902e-13,
song,geometric,0.0,7,3,2013,discovered,1.0,1.0,0.05,86,0.943024460464802,2,1.7113951747877263,58,0.6744186046511628,0.04,0.0,-2.669049368303981,-1.434984217634945,0.1512915950031571,False,0.06537107460424782,1.8354896373211154,4.149569576838985e-12,
song,geometric,0.0,7,3,2013,true,1.0,1.0,0.05,24,0.7968074240635581,7,1.7699423680881754,21,0.875,0.01,0.0,-3.962409395747379,-1.6656943766511552,0.09577430259161933,False,2.994764104473976,0.8961750773597973,1.1937117960769683e-12,
song,geometric,0.0,7,4,2014,discovered,1.0,1.0,0.05,77,0.8445123146191432,3,1.5828997683727761,56,0.7272727272727273,0.0,0.0,-6.468163005186178,-2.0515066653040805,0.04021763120799284,False,2.0454666475592194,1.4857325026692927,7.73070496506989e-11,
song,geometric,0.0,7,4,2014,true,1.0,1.0,0.05,24,0.8236956713370902,26,2.0593741550027582,16,0.6666666666666666,0.02,0.0,-1.9864422921819598,-1.2293629289527994,0.21893576285678062,False,3.9018393223463246,0.7965184361776714,2.6716406864579767e-12,
song,geometric,0.0,7,5,2015,discovered,1.0,1.0,0.05,269,0.9324413865404995,2,1.5732666710904657,114,0.42379182156133827,0.19,0.0,-3.9854511166992763,-1.8157463099838935,0.06940929663983124,False,-0.9015072605073371,2.5876672595792543,1.0272742656525224e-09,
song,geometric,0.0,7,5,2015,true,1.0,1.0,0.05,24,0.8561912559853412,26,1.7173215864825446,24,1.0,0.01,0.0,-2.9609692632192246,-1.415296559882125,0.15698156322723802,False,4.206771817772562,1.1819316328842036,1.6146373127412517e-10,
song,geometric,0.0,7,6,2016,discovered,1.0,1.0,0.05,179,0.9541569236868724,1,1.5688542417575988,179,1.0,0.0,0.0,-4.832886211850283,-1.7570788560639092,0.07890436915049072,False,-4.124656917572011,3.115670769640859,1.4858869690215215e-10,
song,geometric,0.0,7,6,2016,true,1.0,1.0,0.05,24,0.8491933300096777,25,1.7694105199852967,22,0.9166666666666666,0.03,0.0,-2.9673647875066127,-1.3422992917932657,0.1794989729736547,False,4.154436876466383,1.0579511020398054,2.5721647034515627e-11,
song,geometric,0.0,7,7,2017,discovered,1.0,1.0,0.05,107,0.9004747398570913,10,1.8017466092806342,43,0.40186915887850466,0.07,0.0,-2.3596564377458464,-1.4377032118117743,0.1505182814140151,False,2.3828138608623783,1.4892434160882582,2.3166535356722306e-10,
song,geometric,0.0,7,7,2017,true,1.0,1.0,0.05,24,0.842486301924438,26,1.8248193917113467,22,0.9166666666666666,0.06,0.0,-2.1566493633644175,-1.1766954652566681,0.23931707847848804,False,3.9351958421407565,1.1361292468332953,6.821210263296962e-12,
song,geometric,0.0,8,0,2010,discovered,1.0,1.0,0.05,55,0.9459000482560375,2,2.1686591990942663,38,0.6909090909090909,0.18,0.0,-0.8693514812502778,-0.8379955583029118,0.40203319809027926,False,-0.9886073764871484,1.4962405439230184,8.175504717655713e-11,
song,geometric,0.0,8,0,2010,true,1.0,1.0,0.05,23,0.8166857693112152,4,2.030362711845978,19,0.8260869565217391,0.04,0.0,-1.1025160974913881,-0.8163434032732719,0.4143037568037655,False,1.4472021225039633,1.110644253915451,9.379164112033322e-13,
song,geometric,0.0,8,1,2011,discovered,1.0,1.0,0.05,80,0.8983667610750927,5,2.164209309398831,38,0.475,0.46,0.0,-0.8825342917171799,-0.8976925637849659,0.36934947500585025,False,0.48073723071173696,1.427231173984482,4.68105554318754e-11,
song,geometric,0.0,8,1,2011,true,1.0,1.0,0.05,24,0.7879411254807396,9,2.0156394034381067,19,0.7916666666666666,0.05,0.0,-2.687117852885143,-1.3745825345197284,0.1692609063915299,False,2.899806861360857,0.7771021089357675,1.5063505998114124e-12,
song,geometric,0.0,8,2,2012,discovered,1.0,1.0,0.05,66,0.8396761350581607,2,1.5786036199662963,61,0.9242424242424242,0.0,0.0,-8.308392015479935,-2.349763410978851,0.018785347095308883,False,1.7065153804239854,1.3790556042049302,1.693933882052079e-11,
song,geometric,0.0,8,2,2012,true,1.0,1.0,0.05,24,0.7884911570462065,31,2.667790213885573,12,0.5,0.16,0.0,-1.1390559121426467,-0.9029312829986579,0.36656236646090457,False,3.7582598761531214,0.5679903528283418,1.5631940186722204e-13,
song,geometric,0.0,8,3,2013,discovered,1.0,1.0,0.05,94,0.9310435700476835,5,2.0904367325911317,39,0.4148936170212766,0.4,0.0,-0.8836948781421152,-0.8785285236225397,0.37965696546822825,False,0.3187897325636575,1.5508094351708002,5.4285465012071654e-12,
song,geometric,0.0,8,3,2013,true,1.0,1.0,0.05,24,0.7456274449769572,14,2.003414714455298,16,0.6666666666666666,0.15,0.0,-2.3121620495499178,-1.2333236463332744,0.21745503908340802,False,3.37262760578786,0.7823236486318422,6.963318810448982e-13,
song,geometric,0.0,8,4,2014,discovered,1.0,1.0,0.05,108,0.903584553215908,18,2.43087209084056,26,0.24074074074074073,0.53,0.0,-0.06628627001283771,-0.23445223946023253,0.8146339072986337,False,-3.5945763051642965,2.3115605430876123,4.5623295363839134e-08,
song,geometric,0.0,8,4,2014,true,1.0,1.0,0.05,24,0.8298586443959577,52,2.6015045202175013,12,0.5,0.37,0.0,-1.191509089666778,-0.8763511182933434,0.38083918334885103,False,4.309019779234875,0.5814616388741137,2.4158453015843406e-13,
song,geometric,0.0,8,5,2015,discovered,1.0,1.0,0.05,103,0.8419111052376764,66,2.8097146063016494,20,0.1941747572815534,0.6,0.0,-0.43630159911474564,-0.583596105393532,0.5594920810625585,False,3.5359765890789143,0.9316673412426824,1.3533707488022628e-09,
song,geometric,0.0,8,5,2015,true,1.0,1.0,0.05,24,0.8598878538844873,29,1.71758425900167,23,0.9583333333333334,0.05,0.0,-2.990281219652309,-1.3660637316750557,0.17191896065908951,False,4.351136645304674,1.1541048801508629,2.546869382058503e-10,
song,geometric,0.0,8,6,2016,discovered,1.0,1.0,0.05,123,0.9109518212443202,17,2.266351399392135,32,0.2601626016260163,0.59,0.0,-0.6445886685124083,-0.7387689793737926,0.46004729139845,False,1.7071874326526548,1.3775578003402653,2.2282620193436742e-10,
song,geometric,0.0,8,6,2016,true,1.0,1.0,0.05,24,0.8073209445630448,17,1.6816767959613426,22,0.9166666666666666,0.02,0.0,-4.475480778923158,-1.7281617955812654,0.0839592210505927,False,4.08619534481549,0.9839497068056892,3.026912054338027e-11,
song,geometric,0.0,8,7,2017,discovered,1.0,1.0,0.05,152,0.9469694646956263,1,1.6288391853635258,152,1.0,0.03,0.0,1.3556126296932733,1.0370819085515135,0.29969768581387823,False,-107400.81189156149,375.306951812917,0.00013373330921240267,
song,geometric,0.0,8,7,2017,true,1.0,1.0,0.05,24,0.8215982002700754,99,3.133749383928294,11,0.4583333333333333,0.52,0.0,-0.22200200290083139,-0.3587265718234789,0.7197996482233145,False,3.9750082575559156,0.8114707772789345,4.8324011459044414e-11,
song,geometric,0.0,9,0,2010,discovered,1.0,1.0,0.05,71,0.9328919407411156,3,2.5999325542447136,27,0.38028169014084506,0.37,0.0,-0.5664172341600433,-0.6752494733638575,0.4995172792873145,False,0.050556519515224524,1.07072878439725,1.1382894626876805e-11,
song,geometric,0.0,9,0,2010,true,1.0,1.0,0.05,24,0.8154305165304799,9,2.7087423828560855,12,0.5,0.07,0.0,-0.19002715805706583,-0.33953848814835486,0.7342041079105222,False,1.0775934544579133,1.0880559902554487,5.8264504332328215e-12,
song,geometric,0.0,9,1,2011,discovered,1.0,1.0,0.05,80,0.9174313259120144,10,2.920893440639701,14,0.175,0.34,0.0,-0.10355755117720111,-0.35021680925898246,0.7261759926602949,False,-0.02973436500960062,1.2780369670133414,5.749711817770731e-11,
song,geometric,0.0,9,1,2011,true,1.0,1.0,0.05,24,0.8683077685631628,4,1.7004807445835468,23,0.9583333333333334,0.05,0.0,-3.8008097082777295,-1.7776012582989094,0.07546936699492673,False,2.431822555214271,1.0463218711583542,3.183231456205249e-12,
song,geometric,0.0,9,2,2012,discovered,1.0,1.0,0.05,86,0.8942044750814878,9,2.177440990813179,30,0.3488372093023256,0.36,0.0,-0.7984289383829442,-0.8530782951213383,0.3936158869874863,False,1.407767873790389,1.3340707073424485,1.2808243354811566e-10,
song,geometric,0.0,9,2,2012,true,1.0,1.0,0.05,24,0.8460057402256476,7,1.689257792444825,22,0.9166666666666666,0.0,0.0,-4.495460924072855,-1.7590434890236122,0.07857012217800682,False,3.152057307756461,0.96502745604961,1.1979750524915289e-11,
song,geometric,0.0,9,3,2013,discovered,1.0,1.0,0.05,91,0.9563997820360074,5,2.2667354830288238,29,0.31868131868131866,0.49,0.0,-0.005567727936399258,-0.022469472380311988,0.9820734633609587,False,-14.36825504895426,3.6067883451804867,2.9700235870677716e-07,
song,geometric,0.0,9,3,2013,true,1.0,1.0,0.05,24,0.7692728361761759,26,2.883663686969451,11,0.4583333333333333,0.5,0.0,-0.5163795573838934,-0.5881544824479276,0.5564286063467241,False,3.228973713220273,0.6698398721247477,1.9895196601282805e-13,
song,geometric,0.0,9,4,2014,discovered,1.0,1.0,0.05,109,0.9352128637403792,1,1.5239315289107296,109,1.0,0.11,0.0,-4.318956909618718,-1.7321282735186863,0.08325072616227024,False,-2.2248672389958015,2.7942324272217407,8.561755748814903e-10,
song,geometric,0.0,9,4,2014,true,1.0,1.0,0.05,24,0.8080503942814309,32,2.3424864762821915,15,0.625,0.12,0.0,-1.1302399724797834,-0.9057230662176208,0.36508245049396637,False,3.7518422037958077,0.7791015546898866,9.379164112033322e-13,
song,geometric,0.0,9,5,2015,discovered,1.0,1.0,0.05,120,0.8741538284027852,17,1.9473294747374914,43,0.35833333333333334,0.31,0.0,-1.0631591845272403,-1.046780652598294,0.2952007556255257,False,1.7610289118481532,1.7097290088408197,1.0658141036401503e-11,
song,geometric,0.0,9,5,2015,true,1.0,1.0,0.05,24,0.8445957555049625,165,3.1275363737124717,10,0.4166666666666667,0.64,0.0,-0.7733065895731785,-0.7081504904828796,0.4788518077898236,False,5.301349664603025,0.4873656785111477,5.8051341511600185e-12,
song,geometric,0.0,9,6,2016,discovered,1.0,1.0,0.05,66,0.7948567534198859,33,2.3152042803798696,25,0.3787878787878788,0.16,0.0,-0.7544110853571842,-0.9039380124145867,0.36602827146840444,False,3.008124854247648,1.1403725188367364,4.3370107505324995e-10,
song,geometric,0.0,9,6,2016,true,1.0,1.0,0.05,24,0.8471029873729097,39,2.0432735189478652,18,0.75,0.15,0.0,-1.5167514747589461,-1.0039768578991708,0.31538976834198507,False,4.111225815420501,0.9581170419546075,5.4285465012071654e-12,
song,geometric,0.0,9,7,2017,discovered,1.0,1.0,0.05,157,0.9485620124958858,1,1.6237384963272599,157,1.0,0.03,0.0,-2.768451859315814,-1.2286556970270577,0.21920092337359998,False,-5.8131886205508305,3.283318349164209,5.161950866749976e-10,
song,geometric,0.0,9,7,2017,true,1.0,1.0,0.05,24,0.8333091045558328,57,2.406261779864452,14,0.5833333333333334,0.1,0.0,-1.1409467587913724,-0.8055327600916385,0.420512309586878,False,4.36153682712357,0.7206197857532053,2.9842794901924208e-12,
song,geometric,0.0,10,0,2010,discovered,1.0,1.0,0.05,64,0.9129600962077212,4,2.6210428189715222,24,0.375,0.37,0.0,-0.5003321241923224,-0.7260693176301307,0.4677962773232627,False,0.42424229386296025,1.0536269015062316,1.2647660696529783e-12,
song,geometric,0.0,10,0,2010,true,1.0,1.0,0.05,22,0.8177144324632581,3,1.8275651382926115,20,0.9090909090909091,0.02,0.0,-3.072535005402453,-1.6425621302054758,0.10047356146235975,False,1.9163646892755541,0.9052159654105049,1.6342482922482304e-13,
song,geometric,0.0,10,1,2011,discovered,1.0,1.0,0.05,76,0.8913349827348742,10,2.964224581020256,17,0.2236842105263158,0.26,0.0,-0.2770550046496889,-0.5384459323432592,0.5902692228332157,False,1.329640301469034,0.9474474999719752,3.055333763768431e-11,
song,geometric,0.0,10,1,2011,true,1.0,1.0,0.05,24,0.8313608452871359,24,3.1790250367056796,11,0.4583333333333333,0.68,0.0,-0.161039020953329,-0.3460794676966381,0.7292829935112356,False,2.227454139979125,0.8855575128326899,1.0814460438268725e-11,
song,geometric,0.0,10,2,2012,discovered,1.0,1.0,0.05,74,0.818409630761801,12,2.571173170162538,31,0.4189189189189189,0.83,0.0,-0.2963925332429467,-0.5436734527895765,0.5866662038149278,False,0.2653196129254559,1.4359618695512104,1.2515499747678405e-10,
song,geometric,0.0,10,2,2012,true,1.0,1.0,0.05,24,0.7718881398129412,12,1.982994120496549,21,0.875,0.08,0.0,-1.6972501636441497,-1.0649099016207961,0.2869167038218391,False,2.9049513055267893,1.030686787199389,5.059064278611913e-12,
song,geometric,0.0,10,3,2013,discovered,1.0,1.0,0.05,73,0.8501886220251225,13,2.4783147641758076,23,0.3150684931506849,0.11,0.0,-2.507826995396964,-1.4442011824175347,0.14868239240558243,False,2.972062509060944,0.5997688306981581,5.400124791776761e-13,
song,geometric,0.0,10,3,2013,true,1.0,1.0,0.05,24,0.8483767712536132,4,1.6058040885637563,24,1.0,0.03,0.0,-4.880741368433181,-2.0221519309895775,0.04316065847285757,False,2.710500005252147,1.0980371248877867,7.673861546209082e-13,
song,geometric,0.0,10,4,2014,discovered,1.0,1.0,0.05,139,0.9513868430960184,1,1.6086684784055152,139,1.0,0.03,0.0,-4.933250555420214,-1.8615497882915955,0.06266657650631349,False,-2.451412577983298,2.53717228232438,1.7674892660579644e-09,
song,geometric,0.0,10,4,2014,true,1.0,1.0,0.05,24,0.8150838092057591,20,1.8982070485858156,19,0.7916666666666666,0.08,0.0,-2.274700290778903,-1.2688273403898187,0.2045026516086228,False,3.7313129794710096,0.9549553732974344,5.000799774279585e-11,
song,geometric,0.0,10,5,2015,discovered,1.0,1.0,0.05,133,0.9182332358027829,1,1.4522544266218962,133,1.0,0.09,0.0,-3.893709945614818,-1.4778964962338512,0.13943548430210861,False,-3.8031394864555264,3.622661108601782,1.8930222722701728e-08,
song,geometric,0.0,10,5,2015,true,1.0,1.0,0.05,24,0.828871222115952,20,1.6793762878722664,24,1.0,0.02,0.0,-2.9520311893102757,-1.3067232358547616,0.19130672426038497,False,3.991181794048637,1.2484072676717495,6.87805368215777e-11,
song,geometric,0.0,10,6,2016,discovered,1.0,1.0,0.05,139,0.8945358480333366,31,2.7724515144777326,25,0.17985611510791366,0.58,0.0,-0.5152396753070292,-0.6797728012235672,0.49664833106175754,False,2.684807257802402,0.9723298885342351,3.7427128063427517e-10,
song,geometric,0.0,10,6,2016,true,1.0,1.0,0.05,24,0.8304497457085626,36,1.9721208761489826,17,0.7083333333333334,0.06,0.0,-2.3715363070100137,-1.2380096493098092,0.21571248295871726,False,4.34193132796698,0.8246434631628915,4.926903329760535e-11,
song,geometric,0.0,10,7,2017,discovered,1.0,1.0,0.05,84,0.7829671372239132,47,3.3379032638251207,20,0.23809523809523808,0.85,0.0,-0.20419673275035777,-0.43735095136612523,0.6618568494981683,False,2.5366913857642728,0.9359889367312678,1.0035705599875655e-10,
song,geometric,0.0,10,7,2017,true,1.0,1.0,0.05,24,0.8374218313036579,62,2.3696361340781404,13,0.5416666666666666,0.22,0.0,-1.3553423015366803,-0.9754579308202764,0.32933315983444333,False,4.566580214263459,0.6663204033754612,7.105427357601002e-13,
song,geometric,0.0,11,0,2010,discovered,1.0,1.0,0.05,57,0.9205977859312396,1,1.6896651983266673,57,1.0,0.01,0.0,-3.297641670421193,-1.4202334487186283,0.15553972879805186,False,-0.46451677847194445,1.675445511116274,1.8559376258053817e-11,
song,geometric,0.0,11,0,2010,true,1.0,1.0,0.05,23,0.8987929360374466,4,1.916827555216986,21,0.9130434782608695,0.15,0.0,-2.126460965059181,-1.256756119896384,0.20884195978355702,False,1.924145717914672,0.9931413663737546,6.821210263296962e-12,
song,geometric,0.0,11,1,2011,discovered,1.0,1.0,0.05,74,0.8759613364683747,3,1.8669105014801297,44,0.5945945945945946,0.01,0.0,-4.115264312789693,-1.7783376173440841,0.07534842163555523,False,1.5730050457913993,1.0841287148620915,2.4243718144134618e-11,
song,geometric,0.0,11,1,2011,true,1.0,1.0,0.05,24,0.6930379119640029,6,1.8434411047584007,20,0.8333333333333334,0.01,0.0,-3.1384469813957825,-1.330683259687612,0.18329325356142334,False,2.6689697318801167,0.8881652285844511,3.268496584496461e-13,
song,geometric,0.0,11,2,2012,discovered,1.0,1.0,0.05,91,0.9050716943773405,3,1.7072103353181574,52,0.5714285714285714,0.02,0.0,-4.479154369291175,-1.9783026252074882,0.047894577147234614,False,1.577964487404064,1.4008059031804538,7.543121682829224e-11,
song,geometric,0.0,11,2,2012,true,1.0,1.0,0.05,24,0.794293797836294,37,3.588848321226642,10,0.4166666666666667,0.67,0.0,-0.24361611275614603,-0.49522169933104504,0.6204436350067253,False,3.2311490730898274,0.6240416738329073,9.201528428093297e-12,
song,geometric,0.0,11,3,2013,discovered,1.0,1.0,0.05,110,0.9654938168714259,1,1.7220057992284343,110,1.0,0.63,0.0,-0.8148585699975244,-0.5982699778090237,0.5496598054469299,False,-15.38265708796487,4.440388045170634,3.51483464555713e-07,
song,geometric,0.0,11,3,2013,true,1.0,1.0,0.05,24,0.851508834593564,16,2.1124860523096602,16,0.6666666666666666,0.1,0.0,-1.6898182657194671,-1.1193253454599283,0.26300136684336595,False,3.302783000259839,0.8126432933414114,6.252776074688882e-13,
song,geometric,0.0,11,4,2014,discovered,1.0,1.0,0.05,99,0.9110327080556202,4,1.729186537655648,55,0.5555555555555556,0.27,0.0,-3.002198965990709,-1.6137746603641177,0.10657631278521677,False,1.3298747641678617,1.649271740915896,2.5579538487363607e-13,
song,geometric,0.0,11,4,2014,true,1.0,1.0,0.05,24,0.8411974625343315,30,2.2343784628384444,15,0.625,0.09,0.0,-1.3963885741022581,-0.9246380185327399,0.3551542300675592,False,3.8292629256662996,0.775003043602693,1.2647660696529783e-12,
song,geometric,0.0,11,5,2015,discovered,1.0,1.0,0.05,122,0.908597755588208,8,1.725340387466863,53,0.4344262295081967,0.08,0.0,-3.514280482681855,-1.7159071948136286,0.08617902966702054,False,2.3909758075748666,1.5283495102812115,1.206217348226346e-10,
song,geometric,0.0,11,5,2015,true,1.0,1.0,0.05,24,0.8641883486407383,21,1.6678826319715316,24,1.0,0.06,0.0,-3.8603681394648497,-1.690421821329558,0.09094728324946372,False,4.221127725353803,1.124790152198095,2.5124791136477143e-11,
song,geometric,0.0,11,6,2016,discovered,1.0,1.0,0.05,159,0.9449779584611981,2,1.6223020031247173,110,0.6918238993710691,0.02,0.0,-3.6938857249384753,-1.5941595562673851,0.11090030242424437,False,-0.813008704395168,2.388046338325059,3.126388037344441e-10,
song,geometric,0.0,11,6,2016,true,1.0,1.0,0.05,24,0.8354607957366497,112,3.229741225282015,10,0.4166666666666667,0.4,0.0,-0.45445027415059336,-0.49575157433417244,0.6200696946650464,False,4.685071207238233,0.5752493280418879,3.1654678878112463e-11,
song,geometric,0.0,11,7,2017,discovered,1.0,1.0,0.05,118,0.8925988799112209,2,1.5529431751116034,86,0.7288135593220338,0.0,0.0,-8.452944843302088,-2.626096263508907,0.008637038722276261,False,1.369936103678409,1.7042721456138838,8.310507837450132e-11,
song,geometric,0.0,11,7,2017,true,1.0,1.0,0.05,24,0.8418511333763059,39,2.1787796891827633,18,0.75,0.1,0.0,-1.0232847320642406,-0.769194307513708,0.44177796924473145,False,3.7898284877172554,0.9957378630695084,2.1117330106790178e-11,
song,geometric,0.0,12,0,2010,discovered,1.0,1.0,0.05,54,0.924791467570946,2,1.8884205051262832,38,0.7037037037037037,0.22,0.0,-0.9290229252517528,-0.8406314109100866,0.4005544561309523,False,-0.941259871879243,1.826959647846601,1.928412984852912e-10,
song,geometric,0.0,12,0,2010,true,1.0,1.0,0.05,23,0.739107451019255,6,2.1520316134629804,17,0.7391304347826086,0.05,0.0,-2.500312817311038,-1.4572684616939007,0.14504228901637037,False,2.40926090545286,0.665563737820237,2.3376856006507296e-12,
song,geometric,0.0,12,1,2011,discovered,1.0,1.0,0.05,73,0.926927516152545,2,1.7620866253792002,51,0.6986301369863014,0.0,0.0,-3.323973562183789,-1.7875449688676865,0.07384945080441194,False,0.6750537794426386,1.473358878228207,3.126388037344441e-12,
song,geometric,0.0,12,1,2011,true,1.0,1.0,0.05,24,0.7964580602800831,3,1.5551007512035464,23,0.9583333333333334,0.01,0.0,-5.084739830854515,-2.073240712842122,0.038149883185476,False,2.5511223879284453,1.146307037537611,2.984279490192421e-13,
song,geometric,0.0,12,2,2012,discovered,1.0,1.0,0.05,103,0.8941972609505143,11,2.5738230958296304,18,0.17475728155339806,0.31,0.0,-0.15272086345188018,-0.35113312053606444,0.7254884813503326,False,-0.03696443640706872,1.479205709735663,1.3284306987770833e-10,
song,geometric,0.0,12,2,2012,true,1.0,1.0,0.05,24,0.8396098214997784,21,2.3417264136402753,14,0.5833333333333334,0.17,0.0,-0.7558672999140379,-0.6788354515745412,0.4972421283230689,False,3.109397566766275,0.8906331038919131,1.524824710941175e-11,
song,geometric,0.0,12,3,2013,discovered,1.0,1.0,0.05,83,0.8917149393464505,2,1.7066214425366455,62,0.7469879518072289,0.03,0.0,-5.481826706593669,-2.131848719724694,0.033019285003908695,False,1.1127759752502044,1.3760358550221516,2.7853275241795927e-12,
song,geometric,0.0,12,3,2013,true,1.0,1.0,0.05,24,0.8361808500280641,16,2.252398847412266,15,0.625,0.51,0.0,-0.8694359526094337,-0.9447611713102789,0.3447808192427536,False,2.885542038339295,0.9290258150633267,2.4868995751603507e-13,
song,geometric,0.0,12,4,2014,discovered,1.0,1.0,0.05,107,0.8957113621314633,27,3.038891279059781,19,0.17757009345794392,0.72,0.0,-0.38964722838369514,-0.6396858717580546,0.5223768423874737,False,2.643402671693236,0.844301862564512,4.590106073010247e-11,
song,geometric,0.0,12,4,2014,true,1.0,1.0,0.05,24,0.8318974085944766,32,2.338151806942114,15,0.625,0.05,0.0,-0.9768656752118554,-0.7382223022016295,0.4603793724881906,False,3.6662647960473027,0.8295493712808669,6.494360604847316e-12,
song,geometric,0.0,12,5,2015,discovered,1.0,1.0,0.05,134,0.8498808865005298,1,1.392014499838567,134,1.0,0.0,0.0,-13.410119776670914,-2.8828806005941225,0.003940567741306028,False,0.6861738743589014,2.3843144167117325,4.3087311496492475e-11,
song,geometric,0.0,12,5,2015,true,1.0,1.0,0.05,24,0.8392532993151941,26,1.7194992515729952,23,0.9583333333333334,0.05,0.0,-3.2802216756471925,-1.4957565152330226,0.13471711691265373,False,4.291366259892692,1.1036979379033307,1.1499423635541461e-10,
song,geometric,0.0,12,6,2016,discovered,1.0,1.0,0.05,107,0.8751463390208796,39,2.7710675110287313,21,0.19626168224299065,0.91,0.0,-0.11992784831296799,-0.3805328541114959,0.7035499134720063,False,0.6996727270203309,1.4933620575773983,3.7546499243035214e-10,
song,geometric,0.0,12,6,2016,true,1.0,1.0,0.05,24,0.8410251813643036,61,2.4682374260258215,13,0.5416666666666666,0.19,0.0,-1.0188255166263742,-0.8344994072566745,0.40399962123585476,False,4.397200697421335,0.7016835935103929,7.844818128432962e-10,
song,geometric,0.0,12,7,2017,discovered,1.0,1.0,0.05,123,0.9156083178061818,20,2.275359414829089,29,0.23577235772357724,0.54,0.0,-0.2677852762061015,-0.47729836389564767,0.63314967585006,False,0.29440453701321023,1.7751846249815257,3.672445814117964e-08,
song,geometric,0.0,12,7,2017,true,1.0,1.0,0.05,24,0.8194092658880406,103,2.9800916717291233,10,0.4166666666666667,0.67,0.0,-0.8286878348479929,-0.7336705052052753,0.4631495787947396,False,4.868544364189615,0.5084493149594654,6.940581442904659e-11,
song,geometric,0.0,13,0,2010,discovered,1.0,1.0,0.05,57,0.9171796005660664,1,1.741982510490528,57,1.0,0.04,0.0,-4.222242879587409,-1.7940512408094613,0.07280499055979246,False,0.00540422457176681,1.3683583696967068,2.2026824808563106e-12,
song,geometric,0.0,13,0,2010,true,1.0,1.0,0.05,23,0.8587976353762742,4,1.8829830736027349,17,0.7391304347826086,0.12,0.0,-1.7786930383262631,-1.1684365925891271,0.24263070184740065,False,1.9694114174673296,1.0164211094641231,7.673861546209082e-13,
song,geometric,0.0,13,1,2011,discovered,1.0,1.0,0.05,72,0.8640185973472813,12,2.799070391996546,21,0.2916666666666667,0.4,0.0,-0.6568661176368922,-0.8018234100375063,0.42265511494564867,False,2.1368489596095803,0.8176084642358293,2.8848035071860068e-12,
song,geometric,0.0,13,1,2011,true,1.0,1.0,0.05,24,0.8590460084031605,4,1.6935588684804037,23,0.9583333333333334,0.01,0.0,-5.2689955108411946,-2.1666986410410387,0.030257840292448025,False,2.582577393968622,0.8986066779153552,2.4300561562995426e-12,
song,geometric,0.0,13,2,2012,discovered,1.0,1.0,0.05,84,0.8817306999345857,3,1.6961633300777805,56,0.6666666666666666,0.07,0.0,-4.327340293123731,-1.9597140230184418,0.050029225195208825,False,1.461998683271006,1.4925316186887745,1.376179170620162e-10,
song,geometric,0.0,13,2,2012,true,1.0,1.0,0.05,24,0.7978039879179106,22,2.4496673576012116,14,0.5833333333333334,0.09,0.0,-1.0907054204263211,-0.8398504909003117,0.40099221968620535,False,3.368902122615191,0.709856860407559,2.0321522242738865e-12,
song,geometric,0.0,13,3,2013,discovered,1.0,1.0,0.05,108,0.9549375167428581,3,2.0641954278661068,44,0.4074074074074074,0.23,0.0,-0.6142051157821222,-0.7087325028833463,0.4784904907797052,False,-1.6361104955599317,1.9153250172452854,1.120241677199374e-10,
song,geometric,0.0,13,3,2013,true,1.0,1.0,0.05,24,0.8952821837488957,6,1.7696580307011558,23,0.9583333333333334,0.06,0.0,-2.5678329280775647,-1.3191420345534353,0.18712163264590154,False,2.549264972484572,1.1435509924170364,7.560174708487466e-12,
song,geometric,0.0,13,4,2014,discovered,1.0,1.0,0.05,87,0.8565023414250484,10,1.999832764247818,38,0.4367816091954023,0.04,0.0,-1.978467901675685,-1.2860259062168053,0.19843402061425375,False,2.308453052186254,1.2178333476069556,1.0729195309977513e-10,
song,geometric,0.0,13,4,2014,true,1.0,1.0,0.05,24,0.8563801337245298,28,2.165470932930936,16,0.6666666666666666,0.08,0.0,-1.2602022294758912,-0.9166966442833872,0.3593016250370349,False,3.6883583661219905,0.8810936145014411,1.935518412210513e-11,
song,geometric,0.0,13,5,2015,discovered,1.0,1.0,0.05,191,0.94971767904305,1,1.5761172671065107,191,1.0,0.03,0.0,-1.4856993393957847,-0.6814329081312801,0.4955976059952897,False,-11.709989299397352,4.546451212413736,8.28219981485745e-09,
song,geometric,0.0,13,5,2015,true,1.0,1.0,0.05,24,0.8298496299963419,71,2.2471427308858183,15,0.625,0.23,0.0,-1.5741164388770885,-0.9870722284929169,0.32360723111765344,False,4.748932142914501,0.7300225642363009,4.277467269275803e-12,
song,geometric,0.0,13,6,2016,discovered,1.0,1.0,0.05,81,0.854418663767026,57,2.969837010866654,16,0.19753086419753085,0.92,0.0,-0.09322724961575357,-0.31275047642946674,0.7544702431869394,False,1.444049111030484,1.3320495334695348,9.022187441587448e-09,
song,geometric,0.0,13,6,2016,true,1.0,1.0,0.05,24,0.797325941938814,37,1.9072429435093838,18,0.75,0.03,0.0,-2.7571624802112207,-1.3471313727892922,0.17793792559249444,False,4.464094707225913,0.8467895634959958,1.0970779840135947e-11,
song,geometric,0.0,13,7,2017,discovered,1.0,1.0,0.05,104,0.8645257652458463,1,1.4108975772687393,104,1.0,0.0,0.0,-14.477743991591574,-3.1716336294604734,0.0015158411012115756,False,1.1453601630115444,1.9579859780365052,1.176658770418726e-10,
song,geometric,0.0,13,7,2017,true,1.0,1.0,0.05,24,0.8771158684824322,18,1.7948240317875828,24,1.0,0.12,0.0,-2.25310280695687,-1.2076685587060927,0.2271747765210398,False,3.551526804859483,1.2003795239441089,2.5579538487363607e-12,
song,geometric,0.0,14,0,2010,discovered,1.0,1.0,0.05,62,0.911893035624554,3,2.340530414842482,37,0.5967741935483871,0.77,0.0,-0.2272227812221903,-0.43801692952846677,0.6613740111584372,False,-3.717052789138217,2.030532060946829,1.2915535307911341e-09,
song,geometric,0.0,14,0,2010,true,1.0,1.0,0.05,24,0.8738826910774471,2,1.6692699888203701,23,0.9583333333333334,0.07,0.0,-3.13693690333709,-1.561363765407096,0.11843794620182548,False,1.559848871804378,1.1842335837451692,4.334310688136611e-12,
song,geometric,0.0,14,1,2011,discovered,1.0,1.0,0.05,75,0.9123043409849927,1,1.5626387461849705,75,1.0,0.01,0.0,-4.790578911675398,-1.7650681814531435,0.07755230747958687,False,-0.3968367005152236,2.0112226566880755,1.1529266430443386e-09,
song,geometric,0.0,14,1,2011,true,1.0,1.0,0.05,24,0.7330707527296457,31,3.242010586112263,10,0.4166666666666667,0.3,0.0,-0.5632520193053212,-0.5575543619441817,0.5771487279869185,False,3.4958679523528966,0.5234093054096853,1.4338752407638822e-11,
song,geometric,0.0,14,2,2012,discovered,1.0,1.0,0.05,94,0.9195116477986197,8,2.237610933662221,30,0.3191489361702128,0.88,0.0,-0.49403645168745225,-0.6918169051639936,0.4890523188838771,False,0.45385927581375907,1.523005008367196,8.412825991399586e-12,
song,geometric,0.0,14,2,2012,true,1.0,1.0,0.05,24,0.8370672427092763,15,2.078300178410956,17,0.7083333333333334,0.12,0.0,-1.4412986677287911,-1.0081880969570574,0.31336417108638825,False,3.127677102427722,0.9215736169604499,4.391154106997419e-12,
song,geometric,0.0,14,3,2013,discovered,1.0,1.0,0.05,82,0.87999879889669,13,2.5858150663434696,24,0.2926829268292683,0.4,0.0,-0.6383276640186244,-0.740819374697381,0.45880296607867754,False,2.0087762945827374,0.986079523176076,1.3557155398302712e-11,
song,geometric,0.0,14,3,2013,true,1.0,1.0,0.05,24,0.8234019820742489,30,2.758430222278501,12,0.5,0.31,0.0,-0.24266939328104797,-0.3970233119996465,0.6913502699202418,False,2.6387898575735296,0.9821787996622442,7.055689366097795e-11,
song,geometric,0.0,14,4,2014,discovered,1.0,1.0,0.05,130,0.9504464146144408,15,2.2447536709282763,24,0.18461538461538463,0.74,0.0,-0.13025420111751274,-0.3580216978383987,0.7203270758531549,False,-1.8113800875793609,2.167745016309744,1.2310079000599217e-07,
song,geometric,0.0,14,4,2014,true,1.0,1.0,0.05,24,0.8369140639701156,15,1.7436756941660005,23,0.9583333333333334,0.02,0.0,-3.0431012561826147,-1.4352956578780562,0.15120286458042648,False,3.6524165400965645,1.1028799616602936,1.057287590811029e-11,
song,geometric,0.0,14,5,2015,discovered,1.0,1.0,0.05,124,0.8669818632276329,57,3.034602193382129,24,0.1935483870967742,0.31,0.0,-0.7231272568855545,-0.7807302963110804,0.4349611378619901,False,3.7343589345809214,0.7364487759083919,5.087485988042317e-12,
song,geometric,0.0,14,5,2015,true,1.0,1.0,0.05,24,0.8381792015969493,49,1.9917607263557848,19,0.7916666666666666,0.11,0.0,-1.9012126117331642,-1.1159403453220909,0.2644476705368184,False,4.473784084925416,0.937144521146398,6.743050562363351e-11,
song,geometric,0.0,14,6,2016,discovered,1.0,1.0,0.05,108,0.8603199553411663,4,1.6378786254330788,71,0.6574074074074074,0.0,0.0,-7.743858155535352,-2.481618180288077,0.013078733300005155,False,2.2270624368619742,1.4020874412345774,2.745537130977027e-11,
song,geometric,0.0,14,6,2016,true,1.0,1.0,0.05,24,0.8133409544481687,27,1.9446146412278538,21,0.875,0.05,0.0,-1.7715905428916519,-1.0612850293957283,0.28856038713711574,False,3.786324861389306,1.05703972684457,3.1036506698001176e-11,
song,geometric,0.0,14,7,2017,discovered,1.0,1.0,0.05,83,0.8730398229461943,19,1.9093405032219377,32,0.3855421686746988,0.36,0.0,-1.3099501161899827,-1.085239795930383,0.27781546267883006,False,2.6830621202873424,1.4729444607198576,2.83648660115432e-10,
song,geometric,0.0,14,7,2017,true,1.0,1.0,0.05,24,0.82031707575615,40,1.9142743289465383,18,0.75,0.07,0.0,-3.3322249682632417,-1.511498132378898,0.13066158408058517,False,4.604378762123752,0.7687963935717296,4.007461029686965e-12,
song,geometric,0.0,15,0,2010,discovered,1.0,1.0,0.05,64,0.8732828582574308,1,1.6750189654109198,64,1.0,0.01,0.0,-5.689291180210214,-2.0530497255407485,0.04006775510682391,False,0.2590686944317353,1.3895698228706121,4.575895218295045e-12,
song,geometric,0.0,15,0,2010,true,1.0,1.0,0.05,24,0.8585080027041714,3,1.8117762645239845,21,0.875,0.14,0.0,-1.951585941110567,-1.2363853011064325,0.21631537721464733,False,1.6011771606553264,1.1637670921340542,5.300648808770347e-12,
song,geometric,0.0,15,1,2011,discovered,1.0,1.0,0.05,92,0.9592748397817179,1,1.8127064256657468,92,1.0,0.45,0.0,-1.3392047419265838,-0.9187946301676486,0.35820300171247743,False,-6.070136612179749,2.7972468051986263,2.3340192001342075e-09,
song,geometric,0.0,15,1,2011,true,1.0,1.0,0.05,24,0.8429401618234321,8,1.9323587209977493,18,0.75,0.11,0.0,-2.278736884329058,-1.236974775717683,0.21609644732344024,False,2.788209983227522,0.890518688620404,2.4442670110147446e-12,
song,geometric,0.0,15,2,2012,discovered,1.0,1.0,0.05,88,0.8846788826227742,14,2.478815668173409,26,0.29545454545454547,0.56,0.0,-0.14561445113200655,-0.4119054949077192,0.6804086930859492,False,-1.163566249289588,1.8211570132773707,1.980836827897292e-09,
song,geometric,0.0,15,2,2012,true,1.0,1.0,0.05,24,0.8317476671537183,17,2.2393446780899255,18,0.75,0.26,0.0,-0.8081469747000884,-0.7632190482235686,0.445332770617913,False,2.7352846159625983,1.0375174628391994,1.4352963262354024e-12,
song,geometric,0.0,15,3,2013,discovered,1.0,1.0,0.05,95,0.8711182460765924,18,3.7489283980956873,16,0.16842105263157894,0.56,0.0,0.00017597126145041386,0.007986973297143611,0.9936273850721048,False,-81.13684140749083,5.496599059758295,0.0001355755505869638,
song,geometric,0.0,15,3,2013,true,1.0,1.0,0.05,24,0.8398412394280914,11,1.9465066079005062,20,0.8333333333333334,0.09,0.0,-2.5086485788893054,-1.3884177976757934,0.1650098599547548,False,3.1031539051797834,0.8840862732863766,1.0800249583553523e-12,
song,geometric,0.0,15,4,2014,discovered,1.0,1.0,0.05,93,0.8837705478443183,51,3.6875856500139417,13,0.13978494623655913,0.64,0.0,-0.18230438601951127,-0.40972533182252,0.6820074453891426,False,3.124727175832027,0.7312920402344913,1.1326761750751757e-10,
song,geometric,0.0,15,4,2014,true,1.0,1.0,0.05,24,0.8088238814413863,40,2.477473511040177,14,0.5833333333333334,0.07,0.0,-0.9240436308808686,-0.7693987504896939,0.44165663013779954,False,3.879854487615679,0.7476602162105186,4.3925751924689393e-11,
song,geometric,0.0,15,5,2015,discovered,1.0,1.0,0.05,154,0.9048233435698805,10,2.0233497591314173,63,0.4090909090909091,0.6,0.0,-0.4248266976026107,-0.6573467278379101,0.5109579970401095,False,-2.5364689649863648,2.5007890818988563,8.16311967355432e-07,
song,geometric,0.0,15,5,2015,true,1.0,1.0,0.05,24,0.8501642113993044,90,2.334635407057971,13,0.5416666666666666,0.32,0.0,-1.6004279841958464,-1.057653474703575,0.29021345357952,False,5.015704052412628,0.6360459349079578,9.227107966580661e-11,
song,geometric,0.0,15,6,2016,discovered,1.0,1.0,0.05,87,0.8710559483623875,11,1.8091296472486387,39,0.4482758620689655,0.02,0.0,-2.473071216903766,-1.349062190090873,0.17731699148274693,False,2.659939682746429,1.3892255104739977,6.988898348936345e-11,
song,geometric,0.0,15,6,2016,true,1.0,1.0,0.05,24,0.876181508468366,24,1.8680544452995351,21,0.875,0.11,0.0,-2.684351310385848,-1.3915498393227623,0.16405875741982878,False,3.978261987905135,0.96041462924592,2.6986413104168605e-11,
song,geometric,0.0,15,7,2017,discovered,1.0,1.0,0.05,135,0.8913290496918589,20,2.5492263828608084,25,0.18518518518518517,0.27,0.0,-0.8655600161405568,-0.8482699074362415,0.3962876725399874,False,2.703690041908481,0.9173116510872569,2.0733637029479723e-11,
song,geometric,0.0,15,7,2017,true,1.0,1.0,0.05,24,0.8312025497820643,27,1.9173240819484456,20,0.8333333333333334,0.17,0.0,-1.8166660219582784,-1.133244857685205,0.25711144126081165,False,3.853208530434311,1.0554865181313804,1.1425527191022411e-11,
song,geometric,0.0,16,0,2010,discovered,1.0,1.0,0.05,59,0.9577968447792089,2,2.243030805875195,34,0.576271186440678,0.64,0.0,-0.05119587100462164,-0.1727404767745984,0.8628554261518117,False,-69.71828048440202,7.109232823139108,0.00039181305874080863,
song,geometric,0.0,16,0,2010,true,1.0,1.0,0.05,23,0.8264055289534936,3,1.754211257760984,20,0.8695652173913043,0.0,0.0,-3.7790278425744974,-1.7396192168657743,0.08192590263707707,False,2.0991597766347443,0.8993303760078599,1.1368683772161603e-13,
song,geometric,0.0,16,1,2011,discovered,1.0,1.0,0.05,70,0.8482313838825919,17,4.8271728965138845,12,0.17142857142857143,0.62,0.0,-0.02902126925389048,-0.2153049560803045,0.8295295658456606,False,0.1519957491779984,0.8986404289612038,2.1532287064474076e-10,
song,geometric,0.0,16,1,2011,true,1.0,1.0,0.05,24,0.7639101935290006,7,1.900244480064167,18,0.75,0.06,0.0,-2.7174252441967153,-1.4014745081372562,0.16107222532799437,False,2.756761612992686,0.8497260826198691,7.688072400924284e-12,
song,geometric,0.0,16,2,2012,discovered,1.0,1.0,0.05,95,0.9410220137936715,5,1.9184027397693937,38,0.4,0.46,0.0,-0.9502267437953513,-0.9338380732363569,0.350387426717528,False,0.31649921521237834,1.774252348655913,4.0611780605104286e-10,
song,geometric,0.0,16,2,2012,true,1.0,1.0,0.05,24,0.8506631917944789,7,1.7376743281340699,22,0.9166666666666666,0.02,0.0,-3.451128212205407,-1.6114106293551416,0.10709025199857546,False,2.957128987447245,1.0234764859875163,2.2083668227423914e-11,
song,geometric,0.0,16,3,2013,discovered,1.0,1.0,0.05,89,0.9465240887134453,3,1.9905870349361627,47,0.5280898876404494,0.24,0.0,-0.17228204185571805,-0.30529400319664285,0.7601422428228829,False,-6.430887279861322,2.9320403362418874,4.219060656396323e-09,
song,geometric,0.0,16,3,2013,true,1.0,1.0,0.05,24,0.7966206531740089,25,2.858388328632991,13,0.5416666666666666,0.42,0.0,-0.3582361207733342,-0.4656987098993036,0.6414311759377289,False,2.7993690827413906,0.8301448959224277,1.680433570072637e-10,
song,geometric,0.0,16,4,2014,discovered,1.0,1.0,0.05,99,0.8739865972140084,12,2.3567995357029927,30,0.30303030303030304,0.07,0.0,-1.0737990402174415,-1.059213529473953,0.28950254479537996,False,2.1606632971156676,1.03543661798142,1.6711965145077556e-11,
song,geometric,0.0,16,4,2014,true,1.0,1.0,0.05,24,0.8270126051607379,18,1.9376950843796177,18,0.75,0.03,0.0,-2.063462834622834,-1.134700654228184,0.2565007631181221,False,3.5700276137445703,0.9315174408011526,2.4584778657299466e-12,
song,geometric,0.0,16,5,2015,discovered,1.0,1.0,0.05,160,0.9089363729902962,42,2.6177825294746384,22,0.1375,0.33,0.0,-0.14828309394558747,-0.3996205010735683,0.6894360542347021,False,0.9236468794169868,1.5511702098790758,1.0334417765989201e-09,
song,geometric,0.0,16,5,2015,true,1.0,1.0,0.05,24,0.8558621335486879,25,1.766122061112137,23,0.9583333333333334,0.09,0.0,-2.5088108998960323,-1.2703059044255274,0.2039756858099192,False,4.02576048309496,1.1680078572413881,9.302425496571232e-11,
song,geometric,0.0,16,6,2016,discovered,1.0,1.0,0.05,162,0.9494722515047771,1,1.5775701211434923,162,1.0,0.05,0.0,-4.069251748292514,-1.582351034227477,0.11356945632079714,False,-4.315725105274467,3.127098197050179,6.708660293952562e-09,
song,geometric,0.0,16,6,2016,true,1.0,1.0,0.05,24,0.8419012426345533,101,3.094417117492427,10,0.4166666666666667,0.75,0.0,-0.4431342871097499,-0.5538477409795606,0.5796830523872161,False,4.565266968618741,0.6184782400102748,1.3940848475613166e-11,
song,geometric,0.0,16,7,2017,discovered,1.0,1.0,0.05,110,0.9093323407741992,5,1.7233330879039446,62,0.5636363636363636,0.18,0.0,-3.421996231349792,-1.6895653249199316,0.09111114444345277,False,1.6000049630740736,1.659924130661111,9.822542779147625e-11,
song,geometric,0.0,16,7,2017,true,1.0,1.0,0.05,24,0.8417339730694259,85,2.542300444896638,12,0.5,0.16,0.0,-1.2593372110104175,-0.9161921207326608,0.35956613740567955,False,4.836451796070724,0.5902184748440574,6.0964566728216596e-12,
song,geometric,0.0,17,0,2010,discovered,1.0,1.0,0.05,67,0.9365999065355114,2,2.1185887303118687,48,0.7164179104477612,0.32,0.0,-1.3270132883094743,-0.9857878510813164,0.3242372286541991,False,-0.4176800387226064,1.3857698965935388,1.4068746168049984e-12,
song,geometric,0.0,17,0,2010,true,1.0,1.0,0.05,24,0.7361463098908041,5,1.9268702415485939,17,0.7083333333333334,0.0,0.0,-4.375471477667208,-1.8256795602881122,0.0678985437715472,False,2.5419181420160313,0.6283423982676736,5.897504706808832e-13,
song,geometric,0.0,17,1,2011,discovered,1.0,1.0,0.05,97,0.9408401730828507,3,2.0396233170023126,42,0.4329896907216495,0.18,0.0,-1.6170822719561109,-1.1564978215879114,0.24747759009938597,False,0.5774070666022667,1.3158190942757975,1.7905676941154525e-12,
song,geometric,0.0,17,1,2011,true,1.0,1.0,0.05,24,0.7179412144872319,6,1.8627115816236257,21,0.875,0.11,0.0,-3.4481931228819036,-1.6009186619130915,0.109394935638812,False,2.665584118610586,0.8511117494199562,3.268496584496461e-12,
song,geometric,0.0,17,2,2012,discovered,1.0,1.0,0.05,107,0.9355870217348562,6,2.1062400923935027,40,0.37383177570093457,0.84,0.0,-0.4710961349273113,-0.616002729363165,0.5378927184233986,False,-0.8671209630040386,1.9023710275179915,2.915356844823691e-09,
song,geometric,0.0,17,2,2012,true,1.0,1.0,0.05,24,0.8908731164939934,15,2.120266669215165,17,0.7083333333333334,0.26,0.0,-1.0656582863725297,-0.9129001894744868,0.3612950378751877,False,2.898310488185858,1.006196086008867,6.0822458181064576e-12,
song,geometric,0.0,17,3,2013,discovered,1.0,1.0,0.05,72,0.8615102435689426,22,3.152195948611526,13,0.18055555555555555,0.76,0.0,-0.42138770051664576,-0.6296610946610527,0.5289163421249854,False,2.8408007545655654,0.6752632540252904,5.681499715137761e-11,
song,geometric,0.0,17,3,2013,true,1.0,1.0,0.05,24,0.7940836224531067,20,2.6221240335808456,14,0.5833333333333334,0.18,0.0,-0.8295533456973718,-0.6830652906058913,0.49456558680746565,False,3.10442866477692,0.7084207108499766,7.958078640513122e-13,
song,geometric,0.0,17,4,2014,discovered,1.0,1.0,0.05,83,0.8067666785540004,4,1.633875492633008,63,0.7590361445783133,0.0,0.0,-7.220450139630394,-2.6070126155479856,0.009133599511324886,False,2.27472233133372,1.3813558502780408,2.8813929020543583e-10,
song,geometric,0.0,17,4,2014,true,1.0,1.0,0.05,24,0.7845389898154208,35,2.261446975914774,14,0.5833333333333334,0.14,0.0,-1.9707961858340788,-1.1835373827292976,0.23659624012564362,False,4.142154131396168,0.6320447543472246,1.3884005056752358e-11,
song,geometric,0.0,17,5,2015,discovered,1.0,1.0,0.05,179,0.9368720732872499,21,2.1313419573123635,37,0.20670391061452514,0.27,0.0,-0.6646136497255779,-0.7757201752868851,0.4379142248133068,False,1.5906582446349185,1.603116658030524,2.735674797804677e-09,
song,geometric,0.0,17,5,2015,true,1.0,1.0,0.05,24,0.8571003319821117,32,1.8138568938617894,23,0.9583333333333334,0.08,0.0,-2.0373706511238643,-1.0816600033605437,0.27940363163862014,False,4.079148942627417,1.2025472172521898,1.1434053703851532e-10,
song,geometric,0.0,17,6,2016,discovered,1.0,1.0,0.05,99,0.8877786380210179,4,1.6879881887474761,67,0.6767676767676768,0.1,0.0,-2.651290469920837,-1.4384933004057028,0.15029413701975472,False,0.7773771497078396,1.978725098797271,5.213678377913311e-10,
song,geometric,0.0,17,6,2016,true,1.0,1.0,0.05,24,0.8063137228008601,56,2.419300230972709,14,0.5833333333333334,0.13,0.0,-1.3787786058717924,-0.9462719667275569,0.34400988783550135,False,4.426120782322593,0.658802847615376,1.240607616637135e-11,
song,geometric,0.0,17,7,2017,discovered,1.0,1.0,0.05,144,0.9189311251305069,1,1.4987802799748347,144,1.0,0.0,0.0,-10.644842078320206,-2.751782089106153,0.005927194699495479,False,-0.23044016149495977,2.195932109316528,1.41824330057716e-10,
song,geometric,0.0,17,7,2017,true,1.0,1.0,0.05,24,0.845083128659636,96,3.194964810116989,11,0.4583333333333333,0.44,0.0,-0.37232903547444707,-0.4926106033879481,0.6222877544279024,False,4.359868882202107,0.6537475936075244,2.013678113144124e-11,
song,geometric,0.0,18,0,2010,discovered,1.0,1.0,0.05,77,0.9238765235648632,5,3.1646047337916787,15,0.19480519480519481,0.72,0.0,0.0028142917011777513,0.0342317416406313,0.972692355197938,False,-30.836068863842897,3.7959550080653774,1.594488104217362e-05,
song,geometric,0.0,18,0,2010,true,1.0,1.0,0.05,24,0.8218147318779114,11,3.025666696733038,12,0.5,0.53,0.0,-0.447969257589266,-0.6243903750093751,0.5323712445611729,False,2.21699485603955,0.676073009867551,9.477929552303976e-11,
song,geometric,0.0,18,1,2011,discovered,1.0,1.0,0.05,68,0.8917517635130322,3,1.8186456102873765,46,0.6764705882352942,0.01,0.0,-2.9210588809509614,-1.4295214776000746,0.15285440635289105,False,1.205297440731516,1.3636905085743791,7.673861546209082e-13,
song,geometric,0.0,18,1,2011,true,1.0,1.0,0.05,24,0.837079527080236,20,2.7502092241699456,12,0.5,0.45,0.0,-0.724642053802786,-0.7769705541573435,0.4371761431749587,False,3.105248529699167,0.6517971836191236,3.6266101233195513e-11,
song,geometric,0.0,18,2,2012,discovered,1.0,1.0,0.05,135,0.9483064236673099,1,1.7330957872725394,135,1.0,0.0,0.0,-5.084412386239443,-1.8813377312077375,0.05992599149049539,False,-1.6303766294664772,1.970974538434674,2.8421709430404007e-13,
song,geometric,0.0,18,2,2012,true,1.0,1.0,0.05,24,0.8045448163498444,32,2.6323188926339696,12,0.5,0.2,0.0,-1.3134525151439775,-0.898373129492787,0.36898665693645893,False,3.846978540506768,0.5455833705356745,8.455458555545192e-13,
song,geometric,0.0,18,3,2013,discovered,1.0,1.0,0.05,92,0.9602442054229872,2,1.857240145027964,67,0.7282608695652174,0.18,0.0,-1.6378838177854687,-1.1817144981323422,0.23731900366498349,False,-1.4949104497852579,2.030054525819027,5.332196906238096e-10,
song,geometric,0.0,18,3,2013,true,1.0,1.0,0.05,24,0.8302768427936692,6,1.7277699060987284,20,0.8333333333333334,0.03,0.0,-2.59069491831226,-1.2956249872136223,0.19510471618317704,False,2.699307595599244,1.130508262038175,3.566924533515703e-12,
song,geometric,0.0,18,4,2014,discovered,1.0,1.0,0.05,85,0.8902084236071655,18,2.2160267365774122,24,0.2823529411764706,0.12,0.0,-0.9808834637052883,-0.8939058937551488,0.3713722441032775,False,2.6893448924977283,1.1008425129074493,1.0615508472255897e-11,
song,geometric,0.0,18,4,2014,true,1.0,1.0,0.05,24,0.817078893908141,19,2.045684767278665,19,0.7916666666666666,0.07,0.0,-1.1290611851776204,-0.835704135007784,0.403321368467808,False,3.1134903965067724,1.1010014268145711,3.12070369545836e-11,
song,geometric,0.0,18,5,2015,discovered,1.0,1.0,0.05,135,0.8714003572646323,15,2.1577781239491074,44,0.32592592592592595,0.24,0.0,-0.8303488234259637,-0.8507575521469566,0.39490404576364213,False,1.3818007188321226,1.5331411043973764,2.617071004351601e-10,
song,geometric,0.0,18,5,2015,true,1.0,1.0,0.05,24,0.864067747065653,51,2.089297117779194,16,0.6666666666666666,0.07,0.0,-2.220711966189734,-1.2421945586036809,0.21416478683200624,False,4.6092300028022795,0.7380029785032055,3.205968823749572e-11,
song,geometric,0.0,18,6,2016,discovered,1.0,1.0,0.05,97,0.9001658424467938,28,2.2711769517991205,25,0.25773195876288657,0.54,0.0,-0.8731838292444984,-0.8915344051255547,0.37264254251011586,False,2.9910013757119804,1.1175383522487352,1.6727597085264279e-10,
song,geometric,0.0,18,6,2016,true,1.0,1.0,0.05,24,0.8498743900459806,49,2.2623853009178108,15,0.625,0.19,0.0,-1.2263880848309086,-0.894615935463111,0.37099243032958484,False,4.247048832576482,0.8018232314973632,1.057287590811029e-11,
song,geometric,0.0,18,7,2017,discovered,1.0,1.0,0.05,98,0.8957232251695505,10,1.8216875950109814,45,0.45918367346938777,0.23,0.0,-1.5850760514903923,-1.1866441711018079,0.23536800503879185,False,1.723245765708603,1.7282972460890964,1.182428377433098e-09,
song,geometric,0.0,18,7,2017,true,1.0,1.0,0.05,24,0.8142628026474488,88,2.9277695188917585,10,0.4166666666666667,0.29,0.0,-1.246610184239099,-0.9281275373996126,0.3533414168256024,False,4.837442460065059,0.43754301455126543,7.290168468898628e-11,
song,geometric,0.0,19,0,2010,discovered,1.0,1.0,0.05,62,0.9158864571497645,4,2.5608672585178036,22,0.3548387096774194,0.34,0.0,-1.1459103243262447,-0.943531138030878,0.34540929607429105,False,1.3592127262404625,0.757291488222083,9.521272659185342e-13,
song,geometric,0.0,19,0,2010,true,1.0,1.0,0.05,24,0.8039111375038911,10,2.6842660675428878,12,0.5,0.45,0.0,-1.0361949314484074,-0.8155035157583588,0.41478415294784243,False,2.573504322681231,0.5782750768446004,5.258016244624741e-13,
song,geometric,0.0,19,1,2011,discovered,1.0,1.0,0.05,77,0.9287148799664106,2,1.805553145525443,53,0.6883116883116883,0.12,0.0,-1.6914475109565559,-1.084794494751655,0.2780126843647607,False,-0.4735751406268048,1.8273354303880498,2.62332378042629e-11,
song,geometric,0.0,19,1,2011,true,1.0,1.0,0.05,24,0.8236232245107046,22,3.1106452295803404,11,0.4583333333333333,0.84,0.0,-0.3597843548896842,-0.5356340063552482,0.592211521404213,False,2.8438643836757924,0.6856765816660859,8.171241461241152e-13,
song,geometric,0.0,19,2,2012,discovered,1.0,1.0,0.05,71,0.872741636002883,6,2.019771644327252,39,0.5492957746478874,0.77,0.0,-0.74132286920314,-0.7827411379329868,0.43377913945894264,False,0.1548761309024448,1.7459507194926525,2.6716406864579767e-11,
song,geometric,0.0,19,2,2012,true,1.0,1.0,0.05,24,0.8607048935664033,7,1.7128503423451766,24,1.0,0.02,0.0,-2.9149010014122907,-1.3958980246993775,0.1627452055833638,False,2.8396121134931285,1.191301923273207,3.609557097661309e-12,
song,geometric,0.0,19,3,2013,discovered,1.0,1.0,0.05,95,0.8980639756690232,1,1.65955025299617,95,1.0,0.02,0.0,-1.5456314850948618,-0.8653005762735726,0.38687383461661373,False,-4.355942375596823,2.8557209869029205,8.575113952247193e-10,
song,geometric,0.0,19,3,2013,true,1.0,1.0,0.05,24,0.8232832148880979,18,2.4175962143631415,15,0.625,0.36,0.0,-0.37792760269334824,-0.5258741790860585,0.5989756304029671,False,2.220357168036681,1.125715679947894,9.942198175849626e-10,
song,geometric,0.0,19,4,2014,discovered,1.0,1.0,0.05,99,0.8648448609616195,1,1.4651672375258427,99,1.0,0.0,0.0,-6.855253182431315,-2.0088389372543722,0.044554217421163674,False,-0.15757546307575,2.3351641328425954,1.340367816737853e-10,
song,geometric,0.0,19,4,2014,true,1.0,1.0,0.05,24,0.8126391918198036,36,2.2930628481463935,16,0.6666666666666666,0.26,0.0,-1.172632286086004,-0.8713602230578907,0.3835574973484043,False,3.8658253761832864,0.8185155120759623,3.524291969370097e-12,
song,geometric,0.0,19,5,2015,discovered,1.0,1.0,0.05,120,0.909706665192118,1,1.4379589298599014,120,1.0,0.0,0.0,-2.93445810550495,-1.11462031647163,0.26501316043312706,False,-3.691672692530658,3.6895490311571586,8.004371920833364e-08,
song,geometric,0.0,19,5,2015,true,1.0,1.0,0.05,24,0.8468975286531485,85,2.281658480548009,14,0.5833333333333334,0.26,0.0,-1.578824419789255,-1.0690141400245683,0.2850632979388449,False,4.946219494901993,0.6885636908640592,9.023892744153272e-12,
song,geometric,0.0,19,6,2016,discovered,1.0,1.0,0.05,82,0.7912854541110094,11,1.867094793966396,54,0.6585365853658537,0.11,0.0,-3.065846249927505,-1.7392387128658624,0.08199278255805101,False,2.5106949582609177,1.3601827503666912,5.059064278611913e-12,
song,geometric,0.0,19,6,2016,true,1.0,1.0,0.05,24,0.853621625221058,66,2.4938687279707072,13,0.5416666666666666,0.28,0.0,-1.1997667515198165,-0.8437135475061641,0.3988294952950203,False,4.544967358672611,0.6437480143691366,9.350742402602918e-12,
song,geometric,0.0,19,7,2017,discovered,1.0,1.0,0.05,98,0.8622544449775006,34,2.2403137393958605,26,0.2653061224489796,0.13,0.0,-1.3392688752709754,-1.104277451747818,0.26947280088449355,False,3.5623761598005785,0.9851718436975129,6.693312570860144e-11,
song,geometric,0.0,19,7,2017,true,1.0,1.0,0.05,24,0.8125340339574127,54,2.381746328431681,15,0.625,0.06,0.0,-0.8557547536254564,-0.7009338896512167,0.48334427368806265,False,4.101519995047969,0.8485819786762145,1.6200374375330284e-12,
song,geometric,0.0,20,0,2010,discovered,1.0,1.0,0.05,68,0.9346024283130656,1,1.7627691563223629,68,1.0,0.02,0.0,-4.763093754818689,-1.8710770721443606,0.06133439904092139,False,-0.08525059323729692,1.3694066398488496,6.258460416574962e-11,
song,geometric,0.0,20,0,2010,true,1.0,1.0,0.05,23,0.8722796311447427,4,1.9470547242539382,18,0.782608695652174,0.14,0.0,-2.5180001084097405,-1.4739624374355005,0.14049170502123215,False,2.086756507413186,0.827251039282918,1.8545165403338615e-12,
song,geometric,0.0,20,1,2011,discovered,1.0,1.0,0.05,86,0.9109377003901211,1,1.6859974641759012,86,1.0,0.01,0.0,-5.013150233354983,-1.8964140870104638,0.05790531057405564,False,-0.47724699810332416,1.6884621423067105,3.6493474908638746e-11,
song,geometric,0.0,20,1,2011,true,1.0,1.0,0.05,24,0.8088208721307018,18,3.110706860351395,13,0.5416666666666666,0.62,0.0,-0.14045576806465032,-0.31552265236116506,0.7523648546779613,False,1.4911740858432856,1.015794885453869,2.0889956431346945e-12,
song,geometric,0.0,20,2,2012,discovered,1.0,1.0,0.05,89,0.9294050108268368,1,1.556617328834207,89,1.0,0.05,0.0,-4.953432160851739,-1.8974097608876974,0.05777387837757276,False,-0.9037265750629576,2.2264069206588677,3.6052938412467483e-10,
song,geometric,0.0,20,2,2012,true,1.0,1.0,0.05,24,0.8241765256586019,32,2.811248216904819,10,0.4166666666666667,0.41,0.0,-0.6752655076880507,-0.6886745537358728,0.4910280929041091,False,3.6305902364537834,0.6031331809843324,2.8208546609675977e-12,
song,geometric,0.0,20,3,2013,discovered,1.0,1.0,0.05,89,0.9321265880048254,5,2.0269910233318846,41,0.4606741573033708,0.1,0.0,-0.8070255010493517,-0.8010193415038082,0.4231204487623508,False,-0.016478686038753514,1.7225104846027934,6.777156613679836e-10,
song,geometric,0.0,20,3,2013,true,1.0,1.0,0.05,24,0.7759720857924873,12,2.0357879899526914,16,0.6666666666666666,0.19,0.0,-1.7815296530040503,-1.10289482915521,0.27007284002307574,False,3.0749934791635782,0.8512634991519337,4.874323167314287e-12,
song,geometric,0.0,20,4,2014,discovered,1.0,1.0,0.05,67,0.8337902444359654,15,2.035104794643547,29,0.43283582089552236,0.32,0.0,-0.8610556114624588,-0.9215873189074457,0.3567438755750285,False,2.0288819679274384,1.4591539373327775,2.589501946204109e-10,
song,geometric,0.0,20,4,2014,true,1.0,1.0,0.05,24,0.839481563842769,50,2.7322728894571418,12,0.5,0.44,0.0,-0.5233990957520991,-0.5654172230910809,0.5717900125467771,False,3.837788177817777,0.7515661456892818,6.249933903745841e-11,
song,geometric,0.0,20,5,2015,discovered,1.0,1.0,0.05,136,0.883105260304903,4,1.7053718192482983,96,0.7058823529411765,0.03,0.0,-5.357706465249296,-2.1521347630194767,0.031386741897042825,False,1.3402202889798107,1.700562535416023,2.802380549837835e-11,
song,geometric,0.0,20,5,2015,true,1.0,1.0,0.05,24,0.8617355040877546,23,1.7459787446066117,24,1.0,0.12,0.0,-2.604961696337739,-1.3431082926230316,0.17923691077496384,False,3.958620473595654,1.2023557312474082,6.934897101018578e-12,
song,geometric,0.0,20,6,2016,discovered,1.0,1.0,0.05,86,0.799620658240433,3,1.4829251157677348,69,0.8023255813953488,0.0,0.0,-12.856386040966882,-3.15335499391499,0.0016140539467075555,False,2.674430960039319,1.4444938685808597,1.0231815394945443e-11,
song,geometric,0.0,20,6,2016,true,1.0,1.0,0.05,24,0.8548028752027103,65,2.530783693349959,13,0.5416666666666666,0.33,0.0,-0.7980800948358215,-0.7024176741762939,0.48241872627185367,False,4.320943674991385,0.7438868965727329,1.1297629498585593e-11,
song,geometric,0.0,20,7,2017,discovered,1.0,1.0,0.05,106,0.8150564066947139,31,2.610320016080508,30,0.2830188679245283,0.05,0.0,-2.0689090256724287,-1.3103186070597046,0.1900880753777897,False,3.628864762732528,0.6732500997695818,2.8705926524708048e-12,
song,geometric,0.0,20,7,2017,true,1.0,1.0,0.05,24,0.8679322910899719,15,1.7323817305527915,24,1.0,0.1,0.0,-2.9642186733166955,-1.4395621406726433,0.14999131725732134,False,3.623901255014851,1.155528697288502,2.667377430043416e-11,
song,geometric,0.0,21,0,2010,discovered,1.0,1.0,0.05,67,0.9316744562298177,1,1.8363698896943628,67,1.0,0.09,0.0,-2.8391547368201753,-1.5247055894460686,0.1273325469942197,False,-0.9305821966502209,1.5649452114893434,3.097966327914037e-12,
song,geometric,0.0,21,0,2010,true,1.0,1.0,0.05,22,0.7496146112047235,7,2.347389656554733,15,0.6818181818181818,0.33,0.0,-2.03290456098975,-1.3449336139391308,0.17864667391611821,False,2.454158743478195,0.590878465957002,1.5631940186722204e-13,
song,geometric,0.0,21,1,2011,discovered,1.0,1.0,0.05,74,0.9344330623696468,11,2.9647903422666104,16,0.21621621621621623,0.5,0.0,-0.15290134676038303,-0.3400966204655775,0.7337837667314341,False,0.641037248583957,1.1410466409910163,1.6795098645161488e-10,
song,geometric,0.0,21,1,2011,true,1.0,1.0,0.05,24,0.8271286259853184,6,1.7781773129270633,19,0.7916666666666666,0.0,0.0,-2.998542648883635,-1.3591211753043104,0.17410819382606302,False,2.745165123800648,0.9629217172725814,1.956834694283316e-11,
song,geometric,0.0,21,2,2012,discovered,1.0,1.0,0.05,92,0.8771913905516446,1,1.5069374145642418,92,1.0,0.0,0.0,-10.620555338839383,-2.751251809486703,0.005936798802605946,False,0.6820221776555853,1.7042020007306051,7.958078640513122e-12,
song,geometric,0.0,21,2,2012,true,1.0,1.0,0.05,24,0.8277546799667209,8,1.7418495700304069,23,0.9583333333333334,0.11,0.0,-3.3210741757897893,-1.496014626139043,0.134649843763045,False,3.0500804769999696,1.0582886758185464,2.950173438875936e-11,
song,geometric,0.0,21,3,2013,discovered,1.0,1.0,0.05,85,0.9235118097800525,13,2.72170084458557,18,0.21176470588235294,0.14,0.0,-0.14397725870389166,-0.4044247789962428,0.6859003818311877,False,0.19718282301405132,1.38525611977762,3.007016857736744e-11,
song,geometric,0.0,21,3,2013,true,1.0,1.0,0.05,24,0.7689827938005969,6,1.7635391336028439,21,0.875,0.06,0.0,-3.463154418980684,-1.514354529263764,0.1299359453146672,False,2.7833162927008988,0.9624438935966468,4.604316927725449e-12,
song,geometric,0.0,21,4,2014,discovered,1.0,1.0,0.05,83,0.8975145266307367,5,1.7174861842526359,45,0.5421686746987951,0.14,0.0,-3.406858927587291,-1.7348305887041893,0.0827708164681068,False,2.022903570513428,1.4635453758433756,1.5120349416974932e-11,
song,geometric,0.0,21,4,2014,true,1.0,1.0,0.05,24,0.8113769845065415,72,3.3648436141535525,10,0.4166666666666667,0.75,0.0,-0.27843588373925954,-0.450849498711406,0.65209802333261,False,3.961098862681276,0.6519285042521556,4.728661906483467e-11,
song,geometric,0.0,21,5,2015,discovered,1.0,1.0,0.05,149,0.9051940184181817,1,1.457881927261477,149,1.0,0.01,0.0,-4.721027744523937,-1.5639974927066886,0.1178181572400029,False,-2.8090765441686343,3.310656206066779,7.668177204323001e-10,
song,geometric,0.0,21,5,2015,true,1.0,1.0,0.05,24,0.8103641709871512,136,3.1109060999297293,11,0.4583333333333333,0.57,0.0,-0.5835111519981115,-0.61172784800317,0.5407178338605686,False,4.955614355147807,0.5721664371066756,1.2356338174868142e-11,
song,geometric,0.0,21,6,2016,discovered,1.0,1.0,0.05,148,0.923394701671164,4,1.6859862486346806,77,0.5202702702702703,0.01,0.0,-5.03079239462689,-1.9838430685498953,0.047273337211062076,False,1.5864715886013756,1.6337299668307497,1.0044232112704776e-10,
song,geometric,0.0,21,6,2016,true,1.0,1.0,0.05,24,0.8374257518247723,26,1.8534426322105428,20,0.8333333333333334,0.09,0.0,-2.4950214975030534,-1.2740469464099005,0.20264677886638593,False,4.0608081354570675,0.9876191983105737,1.2860823517257813e-11,
song,geometric,0.0,21,7,2017,discovered,1.0,1.0,0.05,92,0.8717052399994117,13,1.910082455631366,42,0.45652173913043476,0.12,0.0,-1.0214114670624355,-0.9697703326217657,0.3321609838017141,False,1.4037253160417644,1.7884815885151022,6.409095476556104e-11,
song,geometric,0.0,21,7,2017,true,1.0,1.0,0.05,24,0.8505372895864776,68,2.437145619256245,14,0.5833333333333334,0.25,0.0,-0.7025767822394906,-0.6228742375406842,0.5333671688134475,False,4.240454643555145,0.8585203198028881,1.9326762412674725e-12,
song,geometric,0.0,22,0,2010,discovered,1.0,1.0,0.05,58,0.8946963409720637,2,1.8954777519063364,42,0.7241379310344828,0.01,0.0,-0.594576632878987,-0.5470201399108372,0.5843648957323362,False,-1.9209029705816512,2.0782943416008863,1.6285639503621496e-11,
song,geometric,0.0,22,0,2010,true,1.0,1.0,0.05,22,0.7549008951056152,6,2.239364552991583,17,0.7727272727272727,0.32,0.0,-3.209632473147065,-1.6001730476139506,0.10956019954178337,False,2.434704656673537,0.5476517845134456,4.827782618122001e-10,
song,geometric,0.0,22,1,2011,discovered,1.0,1.0,0.05,73,0.8810482692383415,13,2.811460062948572,18,0.2465753424657534,0.22,0.0,-0.3394661496593634,-0.5565139802663708,0.5778595400057831,False,1.7064239245145036,0.9781048481773418,6.477307579189073e-11,
song,geometric,0.0,22,1,2011,true,1.0,1.0,0.05,24,0.8134593605015528,3,1.5793544285798267,23,0.9583333333333334,0.0,0.0,-5.600119703390193,-2.032338294528753,0.04211942021635113,False,2.52947733623167,1.0412611712222468,1.5631940186722204e-13,
song,geometric,0.0,22,2,2012,discovered,1.0,1.0,0.05,85,0.8810055145404605,2,1.6655630216509747,65,0.7647058823529411,0.0,0.0,-5.255727234738017,-1.9482006016825368,0.051390964863046756,False,1.0499639510856493,1.515647392867582,5.115907697472721e-13,
song,geometric,0.0,22,2,2012,true,1.0,1.0,0.05,24,0.741196563912622,14,2.0722934964598085,18,0.75,0.01,0.0,-2.1321998583189647,-1.1621096534911688,0.24519092668796139,False,3.24276020821972,0.8005306632280837,6.821210263296962e-13,
song,geometric,0.0,22,3,2013,discovered,1.0,1.0,0.05,73,0.9287517468752513,2,1.7019903316449345,56,0.7671232876712328,0.13,0.0,-3.6696212734233367,-1.744375991341793,0.08109354864165826,False,0.687061405067826,1.600159827857986,1.0231815394945443e-11,
song,geometric,0.0,22,3,2013,true,1.0,1.0,0.05,24,0.7546372691872866,10,1.9704007835039812,18,0.75,0.02,0.0,-1.9126387381298127,-1.0691513709149614,0.28500146695985407,False,2.9009416916419783,0.926433622096964,4.973799150320701e-13,
song,geometric,0.0,22,4,2014,discovered,1.0,1.0,0.05,60,0.8622898002225402,2,1.4602064041350291,49,0.8166666666666667,0.01,0.0,-7.915232761693467,-2.607861101623646,0.009110991620213645,False,2.1302862429938396,1.632552943215296,4.177991286269389e-12,
song,geometric,0.0,22,4,2014,true,1.0,1.0,0.05,24,0.8683607964378706,12,1.7392967221154287,23,0.9583333333333334,0.05,0.0,-2.995783610332176,-1.4320686885651421,0.1521241643821696,False,3.417503656355957,1.1165159172380794,5.7838178690872155e-12,
song,geometric,0.0,22,5,2015,discovered,1.0,1.0,0.05,102,0.802069165482499,18,1.9852174283783939,49,0.4803921568627451,0.02,0.0,-2.0381836026569555,-1.3206144635950985,0.18662994770687202,False,2.668182693901631,1.350004574333356,1.8096102394338232e-10,
song,geometric,0.0,22,5,2015,true,1.0,1.0,0.05,24,0.8604587320327847,37,1.8631562566108075,20,0.8333333333333334,0.13,0.0,-2.227769376784366,-1.1910851997899836,0.23362013940967685,False,4.345008891431192,1.0275564747321893,3.50411255567451e-10,
song,geometric,0.0,22,6,2016,discovered,1.0,1.0,0.05,160,0.925981224652415,3,1.7873951920093372,95,0.59375,0.04,0.0,-3.9603504557117466,-1.799300404588138,0.07197117413663137,False,0.5195218840310303,1.7107481602648054,1.9633716874523088e-10,
song,geometric,0.0,22,6,2016,true,1.0,1.0,0.05,24,0.8432387745533173,25,1.8943877423831619,19,0.7916666666666666,0.01,0.0,-2.3245021983474308,-1.2531089785889602,0.21016604891049862,False,3.9736704631015876,0.9503952618230868,1.7053025658242404e-13,
song,geometric,0.0,22,7,2017,discovered,1.0,1.0,0.05,128,0.9255332887491404,3,1.7132469496523175,85,0.6640625,0.04,0.0,-4.2359247720644255,-1.7679042933630231,0.07707690494238843,False,0.7627084149183676,1.7746988650501299,5.780975698144175e-11,
song,geometric,0.0,22,7,2017,true,1.0,1.0,0.05,24,0.8262381776513863,41,2.120305381151148,18,0.75,0.11,0.0,-1.603810330476965,-1.0289054057438065,0.3035241279142247,False,4.163858804176213,0.8712758660067881,3.913669388566632e-11,
song,geometric,0.0,23,0,2010,discovered,1.0,1.0,0.05,64,0.9346139469736178,3,2.2590071963295424,34,0.53125,0.53,0.0,-0.7418183403714416,-0.8002632300981828,0.4235583021538768,False,-0.2349925074623957,1.3661608845304607,6.785683126508957e-11,
song,geometric,0.0,23,0,2010,true,1.0,1.0,0.05,24,0.8537090474093549,11,2.6964447253981483,10,0.4166666666666667,0.66,0.0,-0.8316081980756715,-0.8167480522618267,0.4140724245098434,False,2.652239719205004,0.5850392885697407,8.526512829121202e-14,
song,geometric,0.0,23,1,2011,discovered,1.0,1.0,0.05,66,0.8856953806554877,2,1.6629585361538617,50,0.7575757575757576,0.02,0.0,-5.1500565188904375,-2.0344331542529366,0.04190794192726586,False,1.3145361017691353,1.3702181329585317,9.663381206337363e-13,
song,geometric,0.0,23,1,2011,true,1.0,1.0,0.05,24,0.7919735242721508,16,2.3589527577573057,14,0.5833333333333334,0.22,0.0,-1.6904362312690897,-1.0469161849274427,0.2951382364670828,False,3.2581401123077174,0.6252277015962946,1.1155520951433573e-12,
song,geometric,0.0,23,2,2012,discovered,1.0,1.0,0.05,99,0.9543601536798496,2,1.7297855533732276,73,0.7373737373737373,0.2,0.0,-2.2369738613653447,-1.3599195713562409,0.17385537689677666,False,-1.0605138348644352,2.16762925792738,2.9953639568702783e-10,
song,geometric,0.0,23,2,2012,true,1.0,1.0,0.05,24,0.8386716284960226,23,2.3981690390680748,15,0.625,0.19,0.0,-0.6553042005476648,-0.7106277941148171,0.47731491491241507,False,3.032834922751768,0.9298163849649339,6.888001280458411e-11,
song,geometric,0.0,23,3,2013,discovered,1.0,1.0,0.05,89,0.8902572485384599,5,2.363235245868309,43,0.48314606741573035,0.81,0.0,-0.23975716504768263,-0.4580276039846905,0.6469326095917473,False,-2.942274590597001,2.008364286538593,1.3244516594568267e-11,
song,geometric,0.0,23,3,2013,true,1.0,1.0,0.05,24,0.8019021713024035,6,1.6977858598641138,22,0.9166666666666666,0.02,0.0,-5.135520026605812,-1.9491509734819283,0.05127739781821535,False,3.01990500661997,0.8897705728844137,1.0231815394945443e-12,
song,geometric,0.0,23,4,2014,discovered,1.0,1.0,0.05,92,0.87674148391569,10,1.9664433086880646,38,0.41304347826086957,0.13,0.0,-1.9353449345964484,-1.2746710218523853,0.20242570773532365,False,2.2825700039592047,1.272276167543117,1.2931877790833823e-11,
song,geometric,0.0,23,4,2014,true,1.0,1.0,0.05,24,0.7969557515085385,22,1.9573823715925918,19,0.7916666666666666,0.22,0.0,-2.259916250275385,-1.3014021536057971,0.19312083687553794,False,3.779278120656844,0.898534484224985,2.8208546609675977e-11,
song,geometric,0.0,23,5,2015,discovered,1.0,1.0,0.05,156,0.8938658623431156,14,2.0016507320566546,51,0.3269230769230769,0.19,0.0,-1.4877653666534445,-1.1044075829106461,0.26941637289311815,False,1.892578697544765,1.5221794014233083,4.4019543565809727e-10,
song,geometric,0.0,23,5,2015,true,1.0,1.0,0.05,24,0.8409808548713835,31,1.710226105136894,22,0.9166666666666666,0.04,0.0,-3.8610185055756263,-1.6279712184020534,0.10353098874494569,False,4.587634574720996,1.0156036221829416,4.629896466212813e-11,
song,geometric,0.0,23,6,2016,discovered,1.0,1.0,0.05,93,0.9075935108330382,8,1.7648259075468327,45,0.4838709677419355,0.01,0.0,-1.9059610600395231,-1.2781649041518168,0.20119128790839502,False,1.739191228929598,1.7380647831564409,4.3590375753410626e-10,
song,geometric,0.0,23,6,2016,true,1.0,1.0,0.05,24,0.8048149511600972,81,2.6421610580206947,12,0.5,0.49,0.0,-1.0598820426891855,-0.9022641766736954,0.3669165505323819,False,4.701400221162626,0.5968067558610196,6.66489086142974e-12,
song,geometric,0.0,23,7,2017,discovered,1.0,1.0,0.05,144,0.9395045505590249,3,1.622250026959428,91,0.6319444444444444,0.01,0.0,-3.582029682527187,-1.6640541601932088,0.09610160651868495,False,0.19098387283724788,2.246519947042,3.421178007556591e-09,
song,geometric,0.0,23,7,2017,true,1.0,1.0,0.05,24,0.8553350823498196,27,1.7959218737998335,21,0.875,0.15,0.0,-3.0608586594266227,-1.5724300870526682,0.11585084119149275,False,4.240354264471453,0.9877443269752274,6.843947630841285e-11,
song,geometric,0.0,24,0,2010,discovered,1.0,1.0,0.05,64,0.9104005989167401,1,1.7005618068560127,64,1.0,0.03,0.0,-4.79195820351188,-1.8949893306925145,0.05809381518265474,False,0.004043000800855818,1.4541642842041012,1.2789769243681803e-11,
song,geometric,0.0,24,0,2010,true,1.0,1.0,0.05,24,0.7854315561252827,2,1.642829392231908,23,0.9583333333333334,0.0,0.0,-4.555986495204829,-1.731423646742747,0.0833762320871267,False,1.8381787589543295,1.019670958446196,2.7284841053187847e-12,
song,geometric,0.0,24,1,2011,discovered,1.0,1.0,0.05,82,0.8667779798663595,8,2.610158918076416,26,0.3170731707317073,0.24,0.0,-1.4776069180279294,-1.122868392210691,0.2614933933258655,False,2.1399025664690816,0.7199375473479349,6.963318810448982e-13,
song,geometric,0.0,24,1,2011,true,1.0,1.0,0.05,24,0.8434477441981043,11,2.150858812807187,17,0.7083333333333334,0.05,0.0,-1.215944628545739,-0.888396937621956,0.3743272720844797,False,2.673446805704451,0.9239734052160768,6.252776074688882e-13,
song,geometric,0.0,24,2,2012,discovered,1.0,1.0,0.05,90,0.933663880019643,6,1.995131388460364,33,0.36666666666666664,0.59,0.0,-1.0634453009246485,-0.9921964985588447,0.32110168022703034,False,1.0958085384962528,1.4815962307692299,1.8474111129762605e-13,
song,geometric,0.0,24,2,2012,true,1.0,1.0,0.05,24,0.8234639414114032,29,2.826283735148867,13,0.5416666666666666,0.48,0.0,-0.5144638123189145,-0.6061908798606811,0.5443880082351212,False,3.226849456484345,0.7388205207275138,2.4371615836571436e-12,
song,geometric,0.0,24,3,2013,discovered,1.0,1.0,0.05,97,0.9017458688640277,1,1.615803749843496,97,1.0,0.0,0.0,-10.2187383859484,-2.768895596067746,0.00562466559962683,False,0.45957441787903675,1.4363232549685423,4.263256414560601e-13,
song,geometric,0.0,24,3,2013,true,1.0,1.0,0.05,24,0.8461139204589341,7,1.8637605436288753,22,0.9166666666666666,0.04,0.0,-2.126548487089302,-1.2312196184420579,0.21824073581872916,False,2.5332397092157364,1.0847323216930165,1.2178702490928117e-11,
song,geometric,0.0,24,4,2014,discovered,1.0,1.0,0.05,161,0.9556376225596381,1,1.8115414871452484,161,1.0,0.9,0.0,1.220262997058926,0.9559972426614103,0.3390736275550904,False,-335320.17283601133,578.2269770908837,0.0014158134526951471,
song,geometric,0.0,24,4,2014,true,1.0,1.0,0.05,24,0.8099699414831052,55,2.744000440036099,11,0.4583333333333333,0.24,0.0,-1.18440516997065,-0.9223130871765155,0.35636528954809876,False,4.362042942127518,0.5154393963416664,2.2737367544323206e-12,
song,geometric,0.0,24,5,2015,discovered,1.0,1.0,0.05,112,0.8499160856685518,14,1.913439251924909,49,0.4375,0.06,0.0,-2.7159217108109535,-1.5190223062440344,0.12875688133447502,False,2.739747693688863,1.3003318916284183,5.999822860758286e-11,
song,geometric,0.0,24,5,2015,true,1.0,1.0,0.05,24,0.84364592441968,70,2.290234223155204,15,0.625,0.46,0.0,-1.4373531290180699,-1.0301815208107303,0.3029248026770205,False,4.677849603736288,0.7338795656248124,4.661160346586257e-12,
song,geometric,0.0,24,6,2016,discovered,1.0,1.0,0.05,85,0.8450659120520126,40,2.515548750989018,23,0.27058823529411763,0.02,0.0,-0.6532206494971362,-0.7439178382767733,0.4569261828496777,False,3.207577191378216,1.011002533041584,7.256062417582143e-11,
song,geometric,0.0,24,6,2016,true,1.0,1.0,0.05,24,0.8247776381265101,43,2.02832202613883,18,0.75,0.18,0.0,-2.4538766147319424,-1.3940052565377985,0.16331601730508705,False,4.470204156484579,0.7880698343873733,5.272227099339943e-12,
song,geometric,0.0,24,7,2017,discovered,1.0,1.0,0.05,90,0.8463563299573758,15,1.9280206719345852,41,0.45555555555555555,0.42,0.0,-1.5166674432227412,-1.242698072326427,0.21397911454977947,False,2.2933327788518363,1.501747669919387,1.9770141079789028e-10,
song,geometric,0.0,24,7,2017,true,1.0,1.0,0.05,24,0.8176503677157793,50,2.3149580734585937,16,0.6666666666666666,0.21,0.0,-0.8681111847299476,-0.7424858804154425,0.4577930034435488,False,3.9925468945610287,0.9097602629567624,1.0476526313141221e-09,
song,geometric,0.0,25,0,2010,discovered,1.0,1.0,0.05,62,0.9326172999216753,2,2.12245559244059,44,0.7096774193548387,0.28,0.0,-0.5960698961038942,-0.644506793207105,0.5192468539516437,False,-1.9390179302665032,1.7754532067989692,1.2363443602225743e-11,
song,geometric,0.0,25,0,2010,true,1.0,1.0,0.05,23,0.849675652600431,5,2.1140740852709174,16,0.6956521739130435,0.13,0.0,-1.5472343256641403,-1.1829997222715996,0.23680925748461534,False,2.0408948774595723,0.8336460851908923,2.1316282072803006e-14,
song,geometric,0.0,25,1,2011,discovered,1.0,1.0,0.05,57,0.8376908201579782,5,2.067302767840541,31,0.543859649122807,0.09,0.0,-3.1309092768447826,-1.508212691562726,0.1315001000722987,False,2.0891972234052334,0.852338483359871,4.035882739117369e-12,
song,geometric,0.0,25,1,2011,true,1.0,1.0,0.05,24,0.7145373876171779,28,4.077021558378236,10,0.4166666666666667,0.29,0.0,-0.13282731685473825,-0.37887253381353736,0.7047825211831026,False,2.572681979631083,0.6500657624222135,9.308109838457312e-13,
song,geometric,0.0,25,2,2012,discovered,1.0,1.0,0.05,84,0.9340949952516654,4,1.8741819347425983,43,0.5119047619047619,0.21,0.0,-1.8656299249285602,-1.2651988289945648,0.20580006214284896,False,1.0018786079559372,1.509868164077644,3.47597506333841e-11,
song,geometric,0.0,25,2,2012,true,1.0,1.0,0.05,24,0.8374106901755921,33,2.584199151140061,12,0.5,0.37,0.0,-0.6652555344250666,-0.6729829530296267,0.5009581361197164,False,3.5730057384558,0.7475065473613409,1.6051160400820663e-11,
song,geometric,0.0,25,3,2013,discovered,1.0,1.0,0.05,79,0.9176644270475163,2,1.6944770152920834,61,0.7721518987341772,0.09,0.0,-3.172677212281598,-1.4658906541952386,0.14267807845010802,False,0.36770311923701016,1.7584616744160788,1.304556462855544e-11,
song,geometric,0.0,25,3,2013,true,1.0,1.0,0.05,24,0.7928238501123845,28,3.1011031058611036,11,0.4583333333333333,0.13,0.0,-0.6753600640913233,-0.6834497530060605,0.4943226906008591,False,3.4348719258719473,0.5395287369000629,1.8282264591107378e-11,
song,geometric,0.0,25,4,2014,discovered,1.0,1.0,0.05,103,0.8856354386383486,10,2.0291137109093214,40,0.3883495145631068,0.34,0.0,-1.2921233988577798,-1.111044988212352,0.266548985149055,False,1.7029558936657558,1.4269675175097776,3.044249297090573e-10,
song,geometric,0.0,25,4,2014,true,1.0,1.0,0.05,24,0.8176066443575354,49,2.4368805287905535,14,0.5833333333333334,0.18,0.0,-1.1650557360062006,-0.8794268322223837,0.37916988885752245,False,4.212393624613095,0.698952111519746,3.0411229090532288e-12,
song,geometric,0.0,25,5,2015,discovered,1.0,1.0,0.05,166,0.9248854328100133,1,1.5063109329712405,166,1.0,0.0,0.0,-0.6325823793789915,-0.285002395641173,0.7756423065538682,False,-11.169559629138906,4.854334219016689,1.3199837667343672e-08,
song,geometric,0.0,25,5,2015,true,1.0,1.0,0.05,24,0.8477736414086406,21,1.639798412073059,24,1.0,0.06,0.0,-3.970135462279921,-1.6233251068325993,0.10451992519985481,False,4.288704346644293,1.1587792886115382,1.511182290414581e-10,
song,geometric,0.0,25,6,2016,discovered,1.0,1.0,0.05,152,0.9142275840172294,8,2.178296033005617,49,0.3223684210526316,0.45,0.0,-0.48511070965117664,-0.6401064659034792,0.5221033856486642,False,-0.9476285179556833,1.9185759907950302,7.415223990392406e-11,
song,geometric,0.0,25,6,2016,true,1.0,1.0,0.05,24,0.8630601727224044,19,1.7866473871039028,23,0.9583333333333334,0.1,0.0,-2.490430539100489,-1.2841896688748635,0.19907559912329975,False,3.718854162724137,1.1404052770391027,3.1960212254489306e-11,
song,geometric,0.0,25,7,2017,discovered,1.0,1.0,0.05,106,0.8864648838882622,15,1.9233629868042126,40,0.37735849056603776,0.38,0.0,-1.800409541261892,-1.2275645069118288,0.2196104924974729,False,2.565924848799542,1.3972379490577622,2.0463630789890885e-10,
song,geometric,0.0,25,7,2017,true,1.0,1.0,0.05,24,0.8670615757822733,48,2.2392791656324302,16,0.6666666666666666,0.26,0.0,-1.2048720995487843,-0.8622552197638294,0.38854708888738776,False,4.185017772819515,0.8452337247306368,5.189804141991772e-11,
song,geometric,0.0,26,0,2010,discovered,1.0,1.0,0.05,51,0.8597187581532075,8,3.6151941521182676,15,0.29411764705882354,0.3,0.0,0.023764985753818912,0.6592747151578465,0.5097193760253177,False,-178336.7634406089,255.61181284896077,3.592845314415172e-05,
song,geometric,0.0,26,0,2010,true,1.0,1.0,0.05,24,0.8042913084078746,8,2.4776400147461315,13,0.5416666666666666,0.14,0.0,-0.8193903301250107,-0.8395303162076034,0.40117178435605083,False,2.2108812191147353,0.7529591356653054,5.684341886080801e-13,
song,geometric,0.0,26,1,2011,discovered,1.0,1.0,0.05,65,0.829727711023914,8,2.5589759306741415,28,0.4307692307692308,0.45,0.0,-0.3837885287960736,-0.590005506334259,0.5551869579210775,False,0.5380969128684339,1.2716796386362468,7.102585186657961e-11,
song,geometric,0.0,26,1,2011,true,1.0,1.0,0.05,24,0.8113135456637465,15,2.327042548625323,13,0.5416666666666666,0.12,0.0,-1.5499309924418063,-0.9681074627306063,0.3329907032132948,False,3.1997649278294964,0.6435090228888793,5.4711790653527714e-12,
song,geometric,0.0,26,2,2012,discovered,1.0,1.0,0.05,68,0.8567313579731182,1,1.4628352778406049,68,1.0,0.0,0.0,-6.472129780047352,-2.0750359070407,0.03798320703515437,False,0.45945726020915306,2.0488064519837517,1.574562702444382e-11,
song,geometric,0.0,26,2,2012,true,1.0,1.0,0.05,24,0.8100482458219763,29,2.9031148366144413,12,0.5,0.27,0.0,-0.7454271819418796,-0.751284266565662,0.45248159588370995,False,3.4853665001614664,0.5936840955467448,4.11404244005098e-12,
song,geometric,0.0,26,3,2013,discovered,1.0,1.0,0.05,85,0.8953536973693974,1,1.5660420402084207,85,1.0,0.02,0.0,-4.521905178235248,-1.7323317819643516,0.08321450636981356,False,-0.8159200520615828,2.1626108835628526,3.4049207897624e-11,
song,geometric,0.0,26,3,2013,true,1.0,1.0,0.05,24,0.8397250508837435,15,2.2419602530400664,17,0.7083333333333334,0.05,0.0,-1.5257687439578729,-1.041699125516949,0.2975511945678657,False,3.102990938666531,0.7797417131425749,7.389644451905042e-13,
song,geometric,0.0,26,4,2014,discovered,1.0,1.0,0.05,79,0.8122205539100644,8,1.9560638714189977,45,0.569620253164557,0.13,0.0,-2.3493886641941026,-1.3591371564176058,0.17410313061839688,False,2.0756821594041126,1.2706785677385093,3.609557097661309e-12,
song,geometric,0.0,26,4,2014,true,1.0,1.0,0.05,24,0.8450818637238751,9,1.6664288682250374,24,1.0,0.01,0.0,-4.6298297650333735,-1.805555930811397,0.07098773159694066,False,3.4348239511325493,1.0297426252323845,7.474909580196254e-12,
song,geometric,0.0,26,5,2015,discovered,1.0,1.0,0.05,127,0.8740054337994341,3,1.5227796867895858,94,0.7401574803149606,0.0,0.0,-8.834113841842848,-2.5079174132349533,0.012144504800288409,False,1.8985533375285875,1.8337916090761568,7.51469997339882e-11,
song,geometric,0.0,26,5,2015,true,1.0,1.0,0.05,24,0.8521676773144563,59,2.0304814606373545,18,0.75,0.14,0.0,-1.9274105265147705,-1.1440688016454266,0.25259510492260306,False,4.6755765205126085,0.8759924325376861,1.2296652585064294e-10,
song,geometric,0.0,26,6,2016,discovered,1.0,1.0,0.05,76,0.8050172295954569,12,1.8384435650602384,44,0.5789473684210527,0.03,0.0,-2.675238084278736,-1.3182950827685054,0.18740488639036856,False,2.699982985565669,1.3621047519786906,7.912603905424476e-11,
song,geometric,0.0,26,6,2016,true,1.0,1.0,0.05,24,0.8008631715925195,98,3.2815698177104435,10,0.4166666666666667,0.44,0.0,-0.5089419226253691,-0.557190745631351,0.5773971119501631,False,4.605701675654304,0.5377364649917248,9.841016890277388e-12,
song,geometric,0.0,26,7,2017,discovered,1.0,1.0,0.05,178,0.9318019777201983,2,1.7014561204815686,121,0.6797752808988764,0.0,0.0,-2.0027558714256215,-1.0922738151956808,0.27471276605615813,False,-2.5863504137115627,2.65916880367894,1.6045021311583696e-08,
song,geometric,0.0,26,7,2017,true,1.0,1.0,0.05,24,0.8227039777252055,74,2.5724341517626854,13,0.5416666666666666,0.45,0.0,-0.790850977567251,-0.7192733835535878,0.4719724921437518,False,4.442144720867139,0.7269843649428108,2.3931079340400174e-11,
song,geometric,0.0,27,0,2010,discovered,1.0,1.0,0.05,66,0.9140715176359803,3,2.191177816583485,30,0.45454545454545453,0.15,0.0,-1.7646185856112917,-1.1533245927527658,0.2487771796296776,False,1.1292902727599283,0.946387387599254,2.920330643974012e-11,
song,geometric,0.0,27,0,2010,true,1.0,1.0,0.05,23,0.8447852231145487,11,2.647239952155016,11,0.4782608695652174,0.36,0.0,-0.46876595984112335,-0.5590601840581817,0.5761206468601696,False,2.279533740938786,0.7906918578765779,2.1032064978498966e-12,
song,geometric,0.0,27,1,2011,discovered,1.0,1.0,0.05,76,0.9306767444541459,1,1.6322270671562507,76,1.0,0.01,0.0,-2.1759130475561226,-1.1291242267942347,0.25884543261338755,False,-2.647816615350787,2.519360223227911,3.1673152989242226e-10,
song,geometric,0.0,27,1,2011,true,1.0,1.0,0.05,24,0.7100977707180672,7,1.8452577085214066,19,0.7916666666666666,0.0,0.0,-3.876861135150663,-1.6584361691504872,0.0972294612350749,False,2.9257341310966054,0.784029243994457,1.9895196601282805e-13,
song,geometric,0.0,27,2,2012,discovered,1.0,1.0,0.05,88,0.8801296492497562,4,1.821649540268292,49,0.5568181818181818,0.01,0.0,-3.249531514952283,-1.6562126724880235,0.0976787578123651,False,1.5846376554702029,1.3411777599030583,6.16751094639767e-12,
song,geometric,0.0,27,2,2012,true,1.0,1.0,0.05,24,0.788261640977302,9,1.772632542035791,20,0.8333333333333334,0.0,0.0,-4.553251923725949,-1.9840731052430947,0.04724769082569315,False,3.3167596858688455,0.8165998795616347,1.0373923942097463e-12,
song,geometric,0.0,27,3,2013,discovered,1.0,1.0,0.05,120,0.9242245414325855,2,1.937232755613241,79,0.6583333333333333,0.02,0.0,-4.350892630402738,-1.7724943564153177,0.07631253129621318,False,0.5294741856965685,1.2537218345850358,4.291678123991005e-12,
song,geometric,0.0,27,3,2013,true,1.0,1.0,0.05,24,0.8729348880818727,8,1.8571847811750621,22,0.9166666666666666,0.11,0.0,-2.725802239681103,-1.5343733154232542,0.12493783848674625,False,2.836090861552666,0.9816023012646422,3.055333763768431e-12,
song,geometric,0.0,27,4,2014,discovered,1.0,1.0,0.05,92,0.9021865672145234,7,1.807652565904342,44,0.4782608695652174,0.29,0.0,-1.3287720959938696,-1.1766111270176622,0.23935075454950194,False,0.987175293607854,1.87597293966728,2.1314008336048573e-09,
song,geometric,0.0,27,4,2014,true,1.0,1.0,0.05,24,0.8566858560858401,49,2.5953446806255447,13,0.5416666666666666,0.39,0.0,-0.6844428532753057,-0.6612601798264806,0.508445473580443,False,3.939350782999518,0.758385551136471,1.0373923942097463e-12,
song,geometric,0.0,27,5,2015,discovered,1.0,1.0,0.05,200,0.9042671058526903,29,2.5037753680156487,34,0.17,0.37,0.0,-0.21347829568378796,-0.4520883854617143,0.6512053104876707,False,0.11265110705484518,1.7107434367010208,9.013234603116871e-09,
song,geometric,0.0,27,5,2015,true,1.0,1.0,0.05,24,0.8477072520300476,35,1.769174907275088,22,0.9166666666666666,0.01,0.0,-2.806400368553804,-1.316361586065683,0.18805270918723327,False,4.464427372518381,1.0860434976285052,6.796199158998206e-10,
song,geometric,0.0,27,6,2016,discovered,1.0,1.0,0.05,97,0.8324927104481639,23,2.5037853601866034,31,0.31958762886597936,0.86,0.0,-0.2320531410593918,-0.536452393986822,0.591645929063376,False,0.2909115926144251,1.6253139166004458,3.879563337250147e-11,
song,geometric,0.0,27,6,2016,true,1.0,1.0,0.05,24,0.8267015783127697,33,1.9098459241602812,17,0.7083333333333334,0.09,0.0,-2.77720568119532,-1.3485187299943693,0.17749160011620568,False,4.371156835963623,0.8191471450522846,2.0193624550302047e-11,
song,geometric,0.0,27,7,2017,discovered,1.0,1.0,0.05,95,0.7841171365343759,70,4.245752078872493,12,0.12631578947368421,0.21,0.0,-0.8118837383560509,-0.8416800958848838,0.39996704240458447,False,4.343885563654252,0.3366505751457314,9.094947017729282e-13,
song,geometric,0.0,27,7,2017,true,1.0,1.0,0.05,24,0.8328829189645185,74,2.7504760216728066,12,0.5,0.22,0.0,-0.5785300041008146,-0.6326977291389844,0.5269310530887585,False,4.296731580018243,0.7160840665905942,1.1233680652367184e-11,
song,geometric,0.0,28,0,2010,discovered,1.0,1.0,0.05,56,0.8334996830329459,5,2.5225110506308126,29,0.5178571428571429,0.33,0.0,-1.1220308357870068,-0.9467561220794095,0.3437630651865399,False,1.3525617892750241,0.882182302138173,4.5787373892380856e-11,
song,geometric,0.0,28,0,2010,true,1.0,1.0,0.05,24,0.7773200683036398,8,2.4118602092703934,15,0.625,0.21,0.0,-1.2751936278749905,-0.9680380874536013,0.3330253483292953,False,2.3856974296157336,0.6950207369550082,2.8421709430404007e-13,
song,geometric,0.0,28,1,2011,discovered,1.0,1.0,0.05,73,0.9011275350428728,2,1.8042935361265084,51,0.6986301369863014,0.04,0.0,-4.28722496533497,-1.7171024359166405,0.08596045720872282,False,1.0290537743006227,1.2190752893009136,1.5347723092418164e-12,
song,geometric,0.0,28,1,2011,true,1.0,1.0,0.05,23,0.7954058418339478,12,2.2867990285871493,15,0.6521739130434783,0.23,0.0,-1.144895592508898,-0.8261997530239783,0.4086907883292693,False,2.7733919472709543,0.8036727903323437,2.7924329515371937e-12,
song,geometric,0.0,28,2,2012,discovered,1.0,1.0,0.05,79,0.8024458720992216,22,4.185530729556316,16,0.20253164556962025,0.63,0.0,-0.038755349340952705,-0.21485474466438495,0.8298805693663515,False,-0.15933117732315227,1.087224824888082,6.110312256168982e-10,
song,geometric,0.0,28,2,2012,true,1.0,1.0,0.05,24,0.7593988507334528,19,2.185435291255974,16,0.6666666666666666,0.03,0.0,-2.434142215716323,-1.2591734373733945,0.2079676936580025,False,3.5871477581610756,0.6470197131724981,3.0411229090532288e-12,
song,geometric,0.0,28,3,2013,discovered,1.0,1.0,0.05,99,0.9245271733652255,1,1.6941737941514803,99,1.0,0.04,0.0,-1.8009025664865033,-0.9604212700562893,0.3368432373552639,False,-4.064008944447751,2.68872376649552,2.7321789275447372e-09,
song,geometric,0.0,28,3,2013,true,1.0,1.0,0.05,24,0.8516474651040873,7,1.738228731851011,22,0.9166666666666666,0.07,0.0,-3.835695681416334,-1.7443980707261988,0.08108970119419738,False,3.0060544805913603,0.972849121059205,1.5489831639570184e-12,
song,geometric,0.0,28,4,2014,discovered,1.0,1.0,0.05,121,0.8897113370511176,11,2.1181373607591953,39,0.32231404958677684,0.13,0.0,-1.7618412725572807,-1.2325980792067488,0.21772575392091675,False,2.2657528783968908,1.1509051904468024,1.4820216165389866e-09,
song,geometric,0.0,28,4,2014,true,1.0,1.0,0.05,24,0.8719389367325026,23,2.014099846002616,18,0.75,0.12,0.0,-1.4897131233916152,-0.9864415126641467,0.32391650260673854,False,3.5758447441041157,0.9920823499129393,3.367972567502875e-12,
song,geometric,0.0,28,5,2015,discovered,1.0,1.0,0.05,82,0.85918683308509,14,1.7065673778763808,40,0.4878048780487805,0.03,0.0,-2.927379551729346,-1.415704095299171,0.1568621588443969,False,3.127916410626249,1.50020954087912,8.714096111361869e-11,
song,geometric,0.0,28,5,2015,true,1.0,1.0,0.05,24,0.8314005785966795,175,3.194987356151801,10,0.4166666666666667,0.59,0.0,-0.5014154087492368,-0.562223650309408,0.573963649759707,False,5.180281923592473,0.5626999418762053,6.750155989720952e-13,
song,geometric,0.0,28,6,2016,discovered,1.0,1.0,0.05,141,0.8816668653032582,13,2.4067916401619995,43,0.3049645390070922,0.47,0.0,-0.3597992521929081,-0.5659497331982507,0.5714279519404513,False,-0.21150529411793834,1.6716020851736073,4.267803888069466e-10,
song,geometric,0.0,28,6,2016,true,1.0,1.0,0.05,24,0.8128953151375887,37,1.9762716161983145,18,0.75,0.11,0.0,-2.4773027438333166,-1.325446153224959,0.18502321779132458,False,4.3605320644918955,0.8263355767507997,1.2505552149377763e-12,
song,geometric,0.0,28,7,2017,discovered,1.0,1.0,0.05,157,0.9072766931400553,1,1.5064468305543397,157,1.0,0.05,0.0,-2.01992092228425,-0.8449699198621271,0.3981276339209443,False,-6.486039422077424,3.9536125713074153,1.1272504707449116e-08,
song,geometric,0.0,28,7,2017,true,1.0,1.0,0.05,24,0.8209701274716211,113,3.5000113472743006,10,0.4166666666666667,0.71,0.0,-0.5381304176011454,-0.6084822350870723,0.5428676847875116,False,4.769194799956023,0.48012508054731146,3.836930773104541e-12,
song,geometric,0.0,29,0,2010,discovered,1.0,1.0,0.05,67,0.9510590882722155,2,2.075037263966376,48,0.7164179104477612,0.44,0.0,-0.6009791430686978,-0.6653112389563041,0.5058514435603607,False,-2.6027627457920968,1.975259695915257,2.780012664516107e-09,
song,geometric,0.0,29,0,2010,true,1.0,1.0,0.05,22,0.8603599601526623,3,1.743480739843927,20,0.9090909090909091,0.03,0.0,-4.970029176622706,-2.123954675538979,0.03367393376150182,False,2.2087816606003683,0.7939777815809796,9.947598300641403e-14,
song,geometric,0.0,29,1,2011,discovered,1.0,1.0,0.05,89,0.9391859000339783,2,1.7902790958049355,58,0.651685393258427,0.04,0.0,-2.947346517044531,-1.5947057960957822,0.11077804131314735,False,0.306358789698731,1.5755400249993892,3.61808361049043e-11,
song,geometric,0.0,29,1,2011,true,1.0,1.0,0.05,24,0.7748191542564434,26,3.200023578404524,10,0.4166666666666667,0.35,0.0,-0.4988250681099262,-0.5471026822350293,0.5843081896353419,False,3.264229960800924,0.5591893073443851,2.7498003873915877e-12,
song,geometric,0.0,29,2,2012,discovered,1.0,1.0,0.05,64,0.8215645434317411,15,2.2813747242951257,24,0.375,0.05,0.0,-3.223747751450712,-1.5184373783107343,0.12890417482753871,False,3.2594608847266064,0.6321420268693951,5.17559328727657e-11,
song,geometric,0.0,29,2,2012,true,1.0,1.0,0.05,24,0.8250773575100576,20,2.331530591738165,15,0.625,0.23,0.0,-1.2387420474020168,-0.9511984533772013,0.34150364342009953,False,3.327569071244516,0.7543919060939785,6.352252057695296e-12,
song,geometric,0.0,29,3,2013,discovered,1.0,1.0,0.05,105,0.9466855974986889,4,2.2412605575540097,33,0.3142857142857143,0.66,0.0,-0.11355809428288399,-0.2739025487032683,0.7841595128827608,False,-6.4462390950658035,2.636262795960034,4.033260836422414e-08,
song,geometric,0.0,29,3,2013,true,1.0,1.0,0.05,24,0.7704829889996118,26,2.886911592068367,11,0.4583333333333333,0.61,0.0,-0.6071519876064153,-0.6407794446392575,0.5216659897289397,False,3.3184039994369887,0.6272966144858481,1.7692514120426495e-12,
song,geometric,0.0,29,4,2014,discovered,1.0,1.0,0.05,68,0.7970457908521006,18,2.2638548560570664,28,0.4117647058823529,0.11,0.0,-1.953601184883078,-1.271170408622096,0.20366803140386835,False,3.1347617827358176,0.8539284257313726,1.0174971976084635e-11,
song,geometric,0.0,29,4,2014,true,1.0,1.0,0.05,24,0.8929263161269698,10,1.6985922345550746,24,1.0,0.06,0.0,-3.3737620635130003,-1.597198065435569,0.11022156382299553,False,3.3283459131410034,1.141711281606474,6.608047442568932e-12,
song,geometric,0.0,29,5,2015,discovered,1.0,1.0,0.05,178,0.9160555349630638,1,1.563068758874356,178,1.0,0.0,0.0,5.195348530017352,3.7181546188777657,0.0002006834308944627,False,-394049.9246559946,765.9884806243404,0.001658842207689304,
song,geometric,0.0,29,5,2015,true,1.0,1.0,0.05,24,0.8432485248619986,59,2.0426067651314392,17,0.7083333333333334,0.13,0.0,-1.8835554625528106,-1.098681314878713,0.2719070954893742,False,4.686039443313478,0.8529030344744095,3.922195901395753e-12,
song,geometric,0.0,29,6,2016,discovered,1.0,1.0,0.05,141,0.9577535121833547,1,1.5589632201327495,141,1.0,0.21,0.0,-1.5455726273968313,-0.7938668612868273,0.4272729435253918,False,-10.8799752191392,4.496559138053929,3.677659492495877e-07,
song,geometric,0.0,29,6,2016,true,1.0,1.0,0.05,24,0.815183132713312,76,2.5801389488484023,13,0.5416666666666666,0.29,0.0,-0.7466119689970707,-0.6984905598131128,0.4848704595440926,False,4.4348254797977225,0.7403411479709177,3.04964942188235e-11,
song,geometric,0.0,29,7,2017,discovered,1.0,1.0,0.05,99,0.9134130520085426,4,1.6066386821276477,56,0.5656565656565656,0.04,0.0,-3.7212283003003104,-1.7169607859312142,0.08598633717058318,False,1.6556731333284191,1.833832247323616,5.1443294069031253e-11,
song,geometric,0.0,29,7,2017,true,1.0,1.0,0.05,24,0.8414910988293475,25,1.8627603803612554,21,0.875,0.18,0.0,-1.9358755920793298,-1.131939879916561,0.25765971090346873,False,3.8215710773269214,1.1150461209633422,8.339071655427688e-10,
song,geometric,0.8,0,0,2010,discovered,1.0,1.0,0.05,53,0.9042168375325367,1,1.960259641328453,53,1.0,0.17,0.0,0.7003986141470644,1.3445859160550844,0.1787589940567198,False,-483536.7732468738,635.7824660110426,0.00031520810262009036,
song,geometric,0.8,0,0,2010,true,1.0,1.0,0.05,20,0.6781512830315047,2,1.5284220061886795,19,0.95,0.0,0.0,-8.839468414999306,-2.683556999106904,0.007284355696791617,False,2.364440719672184,0.7810009288794598,3.0411229090532288e-12,
song,geometric,0.8,0,1,2011,discovered,1.0,1.0,0.05,67,0.9427752920824253,1,1.8101531014228915,67,1.0,0.3,0.0,-0.15702382481183763,-0.1760981282743688,0.8602168513685874,False,-19.229236309818454,4.589881587492803,3.3300381119261147e-08,
song,geometric,0.8,0,1,2011,true,1.0,1.0,0.05,24,0.730201323756918,7,1.9780902338433026,20,0.8333333333333334,0.07,0.0,-2.7268739218533367,-1.4110691476750947,0.15822422607520803,False,2.648783459052793,0.8185224727240875,2.4158453015843406e-13,
song,geometric,0.8,0,2,2012,discovered,1.0,1.0,0.05,78,0.9354078514173385,9,2.0882382407801083,24,0.3076923076923077,0.69,0.0,-0.5561356572967586,-0.7717429884563162,0.44026666424392835,False,1.079733738461246,1.5288224267401391,3.8909320210223086e-11,
song,geometric,0.8,0,2,2012,true,1.0,1.0,0.05,24,0.7536715845363103,5,1.555486685761784,23,0.9583333333333334,0.01,0.0,-6.678645667693123,-2.4697053564738582,0.013522437937169412,False,3.2186583171696164,1.0016645396103558,7.544542768300744e-11,
song,geometric,0.8,0,3,2013,discovered,1.0,1.0,0.05,90,0.8851605283071641,1,1.6399362409314615,90,1.0,0.0,0.0,-4.101600996149449,-1.6089570001420073,0.10762574435024994,False,-0.9952529261825681,1.9966514857136697,6.991740519879386e-12,
song,geometric,0.8,0,3,2013,true,1.0,1.0,0.05,23,0.7250895852536693,17,2.3817662952347245,15,0.6521739130434783,0.49,0.0,-0.880757905183954,-0.9050603146822527,0.36543343488388735,False,2.947573782033065,0.8365277319044071,2.4868995751603507e-13,
song,geometric,0.8,0,4,2014,discovered,1.0,1.0,0.05,133,0.9468546228246365,3,1.864083301769868,69,0.518796992481203,0.53,0.0,-0.7704862110666513,-0.7090916501148349,0.47826760422949377,False,-2.6688065507463206,2.462523878773222,8.279158691948396e-09,
song,geometric,0.8,0,4,2014,true,1.0,1.0,0.05,24,0.7407843728685015,75,4.129742954017788,11,0.4583333333333333,0.85,0.0,-0.1170234965528909,-0.3262048981704693,0.744269335713593,False,3.3862522304229077,0.6885505975710977,2.113509367518418e-10,
song,geometric,0.8,0,5,2015,discovered,1.0,1.0,0.05,236,0.9661215740701949,1,1.6730716330683033,236,1.0,0.28,0.0,-2.1799464769681745,-1.0019680807690186,0.31635900923847504,False,-13.59910962405796,4.390123444364092,5.369622613216052e-08,
song,geometric,0.8,0,5,2015,true,1.0,1.0,0.05,24,0.8035313962811154,155,3.244024202869753,11,0.4583333333333333,0.35,0.0,-0.5526323329519709,-0.6295561726170261,0.5289850059686692,False,5.059249472791166,0.5499356497182666,6.160405519040069e-12,
song,geometric,0.8,0,6,2016,discovered,1.0,1.0,0.05,137,0.9490622536892933,1,1.5670625580334197,137,1.0,0.11,0.0,-0.4809174447020954,-0.2802886418010805,0.7792560642178399,False,-16.738570918743385,5.341755180892128,1.0597370589948696e-05,
song,geometric,0.8,0,6,2016,true,1.0,1.0,0.05,24,0.7333918187678353,38,1.9937148742639312,19,0.7916666666666666,0.16,0.0,-2.7186588395149878,-1.2820368300735565,0.19982972672716792,False,4.390456864955932,0.7973738606100687,1.9895196601282805e-13,
song,geometric,0.8,0,7,2017,discovered,1.0,1.0,0.05,134,0.9204635293539752,1,1.565954934114617,134,1.0,0.01,0.0,3.1150799345199705,2.5757708825785097,0.01000168963156428,False,-202004.86725862318,546.359298132354,0.0007674806656723376,
song,geometric,0.8,0,7,2017,true,1.0,1.0,0.05,24,0.8527396431307317,15,1.6637433755957491,24,1.0,0.01,0.0,-3.8694668462444017,-1.6971392406008647,0.08967033894546264,False,3.884427001282682,1.1295332432510672,1.1513634490256663e-10,
song,geometric,0.8,1,0,2010,discovered,1.0,1.0,0.05,62,0.913324011082913,1,1.9023890440267097,62,1.0,0.31,0.0,-1.8537370732981793,-1.2177833313429536,0.2233063202249701,False,-1.5270556499966212,1.6502259035123956,7.690914571867324e-11,
song,geometric,0.8,1,0,2010,true,1.0,1.0,0.05,19,0.6376539250161013,6,2.0804578093403667,17,0.8947368421052632,0.1,0.0,-2.803656795817485,-1.4580503512896834,0.14482666488657311,False,2.489123705879878,0.6739685836358117,9.379164112033322e-13,
song,geometric,0.8,1,1,2011,discovered,1.0,1.0,0.05,80,0.9520137085360296,2,1.9850895353195714,49,0.6125,0.12,0.0,-0.774219705440875,-0.8399606890938824,0.4009304280232667,False,-2.486343257403673,2.0686544158386173,3.655429736681981e-09,
song,geometric,0.8,1,1,2011,true,1.0,1.0,0.05,22,0.8782051882866354,18,2.5955635250821945,12,0.5454545454545454,0.25,0.0,-0.6631129547379055,-0.6193992650156998,0.5356533652203046,False,2.95739010509981,0.7402894278840971,4.234834705130197e-12,
song,geometric,0.8,1,2,2012,discovered,1.0,1.0,0.05,123,0.9708352949896648,2,1.9770254860131713,72,0.5853658536585366,0.77,0.0,-0.3846338632767061,-0.46681606143959353,0.6406314835810083,False,-8.540359944039775,3.144827990367549,2.156352252313809e-08,
song,geometric,0.8,1,2,2012,true,1.0,1.0,0.05,24,0.7551562890404996,18,2.0397664889816847,17,0.7083333333333334,0.14,0.0,-2.962177547134104,-1.574122243493459,0.11545919107853105,False,3.667180422117986,0.6929905056402705,3.069544618483633e-11,
song,geometric,0.8,1,3,2013,discovered,1.0,1.0,0.05,97,0.9527711269088142,1,1.8111617777104378,97,1.0,0.18,0.0,-0.12140270914695805,-0.13225031538902668,0.89478630466505,False,-66.82255778044467,8.269847296769933,0.00029405261932424764,
song,geometric,0.8,1,3,2013,true,1.0,1.0,0.05,24,0.8079604921977298,12,2.0266965057320134,19,0.7916666666666666,0.43,0.0,-1.7371169798390733,-1.1581378661982769,0.2468077794153043,False,2.966987467693648,0.9366824318058649,6.622258297284134e-12,
song,geometric,0.8,1,4,2014,discovered,1.0,1.0,0.05,114,0.9608449672210932,1,1.5750492972821113,114,1.0,0.02,0.0,-5.506568970992325,-1.985784236551553,0.047057286830291485,False,-1.5530978210773831,2.3802496423491064,8.230927051045e-11,
song,geometric,0.8,1,4,2014,true,1.0,1.0,0.05,24,0.762236200586775,34,2.2258993642961977,15,0.625,0.54,0.0,-1.375419792236877,-1.0726786106986372,0.2834153404306845,False,3.950434271034479,0.7861392234962487,1.000444171950221e-11,
song,geometric,0.8,1,5,2015,discovered,1.0,1.0,0.05,162,0.8947962172883821,8,2.0948961239731063,63,0.3888888888888889,0.29,0.0,-0.9098092813494194,-0.9247065389696629,0.3551185771391858,False,-0.1357188276861505,1.8215309165806524,6.489443649115856e-09,
song,geometric,0.8,1,5,2015,true,1.0,1.0,0.05,24,0.853544873382615,93,2.464962379216906,15,0.625,0.19,0.0,-0.6044047784810891,-0.601772450144702,0.5473256160152755,False,4.383360259094676,0.9174237518699225,1.7373338323523058e-09,
song,geometric,0.8,1,6,2016,discovered,1.0,1.0,0.05,141,0.9588280256148694,3,1.8055391887890078,66,0.46808510638297873,0.56,0.0,-1.2438579369436988,-1.0187062405515286,0.3083424490121518,False,-1.4723814825435317,2.290144671340747,1.0908820513577666e-09,
song,geometric,0.8,1,6,2016,true,1.0,1.0,0.05,24,0.7799664625837583,25,1.8029318518816169,18,0.75,0.05,0.0,-3.3614404103337217,-1.5315259141940623,0.12563946683857544,False,4.259021697367396,0.8711086900213733,1.3869794202037156e-11,
song,geometric,0.8,1,7,2017,discovered,1.0,1.0,0.05,127,0.9458264198406005,6,1.8961670729427214,57,0.44881889763779526,0.45,0.0,-0.01922884289979354,-0.04915632443707124,0.9607947172111221,False,-15.090193917442644,4.506290199541879,4.902813088847324e-08,
song,geometric,0.8,1,7,2017,true,1.0,1.0,0.05,24,0.6983615336453065,49,2.212042285280651,15,0.625,0.2,0.0,-1.890074529823515,-1.1321235586448515,0.25758249164170477,False,4.465775888505576,0.692481537354573,2.4726887204451486e-12,
song,geometric,0.8,2,0,2010,discovered,1.0,1.0,0.05,49,0.9356736061852569,1,1.691917291514378,49,1.0,0.0,0.0,-3.8191627572979265,-1.7705701943026526,0.07663220204681104,False,-0.015775897029169407,1.4799118420272566,1.6768808563938364e-12,
song,geometric,0.8,2,0,2010,true,1.0,1.0,0.05,20,0.7444096327850674,9,2.424869727980827,12,0.6,0.37,0.0,-1.2675594606202987,-0.9725006516079051,0.3308015408727605,False,2.599559610047156,0.6274930736205593,4.902744876744691e-13,
song,geometric,0.8,2,1,2011,discovered,1.0,1.0,0.05,86,0.9409460746834636,1,1.8250867457956126,86,1.0,0.37,0.0,-0.22282479485474838,-0.21873715677121192,0.8268548028773063,False,-17.497420745548954,4.350893449546404,9.765784625415108e-09,
song,geometric,0.8,2,1,2011,true,1.0,1.0,0.05,23,0.7650544231230759,6,1.809012211817701,18,0.782608695652174,0.25,0.0,-2.4059337190905112,-1.3536588785294605,0.17584523309591238,False,2.620533514958541,1.0024931781808237,4.902744876744691e-11,
song,geometric,0.8,2,2,2012,discovered,1.0,1.0,0.05,85,0.9111390471379024,7,2.3757465174117423,31,0.36470588235294116,0.3,0.0,-0.12602176035301849,-0.32443566691759773,0.745608220501266,False,-3.3050683446387974,2.136012825129815,9.448349658214283e-08,
song,geometric,0.8,2,2,2012,true,1.0,1.0,0.05,24,0.7520820113439494,7,1.7471507662783448,23,0.9583333333333334,0.01,0.0,-2.465850385681583,-1.2038617378354026,0.22864302260563163,False,2.714374752734955,1.1980048358073176,2.8421709430404007e-13,
song,geometric,0.8,2,3,2013,discovered,1.0,1.0,0.05,94,0.9590881952512051,2,1.838130297563916,58,0.6170212765957447,0.11,0.0,-2.20769930527924,-1.2374016947472068,0.21593798994434876,False,-0.3920832075011933,1.7383415296895564,1.0544454198679887e-11,
song,geometric,0.8,2,3,2013,true,1.0,1.0,0.05,24,0.8274588902609197,8,1.8971695799566544,21,0.875,0.6,0.0,-1.3720834217106646,-1.046384802660618,0.29538340642663496,False,2.324068211888928,1.2351256974877338,1.3358203432289883e-12,
song,geometric,0.8,2,4,2014,discovered,1.0,1.0,0.05,115,0.9315130539051488,1,1.5544761665730928,115,1.0,0.0,0.0,-2.9956032305691536,-1.311858030264093,0.18956804069276323,False,-3.6060167997377626,3.0486209207419552,1.949729266925715e-10,
song,geometric,0.8,2,4,2014,true,1.0,1.0,0.05,24,0.8238012020443132,19,1.8908289728605785,19,0.7916666666666666,0.09,0.0,-1.9708122575458376,-1.2368918044610582,0.216127253059475,False,3.6003497647473046,1.0257062306836078,5.67439428778016e-11,
song,geometric,0.8,2,5,2015,discovered,1.0,1.0,0.05,153,0.9736453604643865,3,1.7447276695071063,81,0.5294117647058824,0.3,0.0,-0.8909628383669634,-0.8107369099958787,0.4175167721328943,False,-4.587846104236226,3.145197028470493,1.8657829059520736e-08,
song,geometric,0.8,2,5,2015,true,1.0,1.0,0.05,24,0.8218442051081777,139,3.135327395491631,10,0.4166666666666667,0.41,0.0,-0.776940231319073,-0.7124389911398076,0.47619297790553694,False,5.130529150179378,0.4845336397177163,1.673399196988612e-10,
song,geometric,0.8,2,6,2016,discovered,1.0,1.0,0.05,169,0.9715405273241843,1,1.6790950850334831,169,1.0,0.19,0.0,-2.261152191586003,-1.1668965311697965,0.24325215694549263,False,-11.321619245302745,4.035501644635938,1.0374526482337387e-07,
song,geometric,0.8,2,6,2016,true,1.0,1.0,0.05,24,0.7549205071701979,92,3.2687579483102005,12,0.5,0.33,0.0,-0.26332667314378444,-0.4253636704368007,0.6705715853978972,False,4.009335978142779,0.7410193204791322,4.062883363076253e-11,
song,geometric,0.8,2,7,2017,discovered,1.0,1.0,0.05,161,0.9601344137049082,1,1.588014694541081,161,1.0,0.02,0.0,-4.413323744620051,-1.6849669732808952,0.09199494367611911,False,-4.034307767975549,3.018543094242008,5.94525317865191e-10,
song,geometric,0.8,2,7,2017,true,1.0,1.0,0.05,24,0.827544549862522,35,1.9443042184188013,18,0.75,0.18,0.0,-1.9789635237524714,-1.157142221980925,0.2472142588789763,False,4.218039629017381,0.9443649806614062,7.716494110354688e-12,
song,geometric,0.8,3,0,2010,discovered,1.0,1.0,0.05,56,0.9204285714875725,1,1.8380650456715657,56,1.0,0.17,0.0,-0.14205466336629402,-0.1751024506920272,0.860999132648738,False,-16.10746624761969,4.153709096092818,9.008715551317437e-09,
song,geometric,0.8,3,0,2010,true,1.0,1.0,0.05,23,0.774742103558822,6,2.20909908779614,15,0.6521739130434783,0.25,0.0,-1.7719406948001422,-1.1711499098536835,0.24153852522732322,False,2.2985635752406934,0.7005106969047371,2.7000623958883807e-13,
song,geometric,0.8,3,1,2011,discovered,1.0,1.0,0.05,73,0.87669033942942,1,1.5675638429695329,73,1.0,0.0,0.0,-5.577383453049898,-1.8522456978486093,0.06399054941980349,False,0.04991067951064068,1.801210716345213,1.821831574488897e-11,
song,geometric,0.8,3,1,2011,true,1.0,1.0,0.05,24,0.7761907192106934,10,2.0832455028063825,18,0.75,0.05,0.0,-1.990747821936568,-1.2553717821916766,0.20934382795656337,False,2.8562843357589474,0.8152515947496958,5.684341886080802e-14,
song,geometric,0.8,3,2,2012,discovered,1.0,1.0,0.05,116,0.9542758910759439,3,2.282032753045504,46,0.39655172413793105,0.81,0.0,-0.36432414305912975,-0.5147329806483718,0.6067396235010301,False,-2.9997425327379412,1.9590641896982042,5.220499588176608e-10,
song,geometric,0.8,3,2,2012,true,1.0,1.0,0.05,23,0.9130473153562797,11,1.9438768935713762,20,0.8695652173913043,0.31,0.0,-1.1835846538154087,-0.9299655944640175,0.352388898623443,False,2.553625999001488,1.2232145142426845,2.3950974537001457e-10,
song,geometric,0.8,3,3,2013,discovered,1.0,1.0,0.05,96,0.9524362628523341,3,2.007345632989462,45,0.46875,0.13,0.0,-1.423725987863756,-1.0211614989556617,0.3071779300192756,False,0.1447528501720341,1.5014664566487195,9.322320693172514e-12,
song,geometric,0.8,3,3,2013,true,1.0,1.0,0.05,23,0.8589349065289902,9,1.9136951711393038,19,0.8260869565217391,0.09,0.0,-1.8534580575154647,-1.1962025113040764,0.23161754110417854,False,2.7707081660236303,1.0232977305307969,1.6655121726216748e-11,
song,geometric,0.8,3,4,2014,discovered,1.0,1.0,0.05,140,0.973740791917996,2,1.7409896552746127,89,0.6357142857142857,0.56,0.0,-0.88691889696207,-0.798846006950784,0.4243797098156794,False,-7.021342659758824,3.464322777666629,3.528384695528075e-08,
song,geometric,0.8,3,4,2014,true,1.0,1.0,0.05,24,0.8114927335192786,86,3.1772007303519105,10,0.4166666666666667,0.38,0.0,-0.6785368977225712,-0.6200177813330203,0.5352460803432331,False,4.597821876535127,0.5020243776957348,9.528378086542943e-12,
song,geometric,0.8,3,5,2015,discovered,1.0,1.0,0.05,125,0.9330902890003144,5,1.7385688996663937,65,0.52,0.14,0.0,-0.9635423756393444,-0.9225590329021445,0.3562370531541167,False,-1.6272019100501587,2.669089950938299,1.340231392532587e-08,
song,geometric,0.8,3,5,2015,true,1.0,1.0,0.05,24,0.7710157099342434,26,1.7882709776091728,22,0.9166666666666666,0.11,0.0,-1.3712079382829065,-0.8859849208191544,0.37562565290889016,False,3.5498937422435963,1.4345405943135732,1.0552980711509008e-10,
song,geometric,0.8,3,6,2016,discovered,1.0,1.0,0.05,173,0.9402981265613171,1,1.6755829513609692,173,1.0,0.38,0.0,0.800232253036155,0.625295028452014,0.5317774423063101,False,-26433.338352550465,178.9927178520478,3.189482231391594e-05,
song,geometric,0.8,3,6,2016,true,1.0,1.0,0.05,24,0.8418574115520975,24,1.8165977486848053,21,0.875,0.09,0.0,-2.372452868396174,-1.2878662839448127,0.1977925138485852,False,3.95607341305782,1.0788577211675288,1.5546675058430992e-11,
song,geometric,0.8,3,7,2017,discovered,1.0,1.0,0.05,149,0.9287719652143932,1,1.5591749889316553,149,1.0,0.04,0.0,-4.210186499813188,-1.6512573500727945,0.0986860370913298,False,-3.569461600325305,3.0182796971997568,2.2562858248420525e-08,
song,geometric,0.8,3,7,2017,true,1.0,1.0,0.05,24,0.8172591277266963,28,1.8909695530970778,20,0.8333333333333334,0.12,0.0,-2.2298623476706307,-1.250718338349924,0.21103725744672186,False,4.039496079811671,0.9947076236856933,3.5001335163542535e-11,
song,geometric,0.8,4,0,2010,discovered,1.0,1.0,0.05,64,0.8747396273722275,5,2.8477615479990606,24,0.375,0.06,0.0,0.09634401342655563,1.4274040323338917,0.15346346922365453,False,-294537.8526995292,387.29356397469104,0.00013080760436423589,
song,geometric,0.8,4,0,2010,true,1.0,1.0,0.05,23,0.7884656265162524,4,1.7934667048273676,17,0.7391304347826086,0.03,0.0,-2.7568352580435405,-1.4484051624065302,0.14750377187693886,False,2.3004820409103814,0.9260719276091671,1.2789769243681803e-13,
song,geometric,0.8,4,1,2011,discovered,1.0,1.0,0.05,65,0.8783177456650904,6,2.1115843268312577,28,0.4307692307692308,0.46,0.0,-1.66828670012758,-1.216811891139934,0.22367579469505716,False,1.8910674880091443,1.0299366120129179,1.3173462320992257e-11,
song,geometric,0.8,4,1,2011,true,1.0,1.0,0.05,22,0.795318535167804,12,2.1488162402760635,13,0.5909090909090909,0.07,0.0,-2.2590667995488958,-1.2602156658678103,0.2075915730059762,False,3.178854417632545,0.624837351186519,6.394884621840902e-14,
song,geometric,0.8,4,2,2012,discovered,1.0,1.0,0.05,81,0.9257774244441757,6,2.051833094837288,31,0.38271604938271603,0.18,0.0,-1.048275980417754,-0.9249179353411516,0.3550085964586164,False,1.2323371183105778,1.3653811790637045,2.9828584047209006e-11,
song,geometric,0.8,4,2,2012,true,1.0,1.0,0.05,24,0.7172524717052152,37,3.0787768813796488,10,0.4166666666666667,0.83,0.0,-0.5727128607905607,-0.6714168138574208,0.5019550366474733,False,3.685605304340366,0.5617873331536813,4.668265773943858e-12,
song,geometric,0.8,4,3,2013,discovered,1.0,1.0,0.05,99,0.9552417757056658,2,2.0366406604379317,51,0.5151515151515151,0.22,0.0,-0.637865855011192,-0.6522669016865296,0.5142290079689468,False,-2.7089955951273446,2.0469920535130774,1.523972059658263e-10,
song,geometric,0.8,4,3,2013,true,1.0,1.0,0.05,23,0.7522187605506703,17,2.352973889335939,16,0.6956521739130435,0.06,0.0,-1.0535939589335,-0.8428771646707398,0.39929714595096033,False,3.027493077726853,0.8148243955072619,2.1032064978498966e-12,
song,geometric,0.8,4,4,2014,discovered,1.0,1.0,0.05,99,0.9313526864446611,1,1.505662909318016,99,1.0,0.03,0.0,-3.3928845656642497,-1.4524485908432239,0.14637691380575216,False,-2.7485748256645377,3.0341961414867527,9.913492249324918e-11,
song,geometric,0.8,4,4,2014,true,1.0,1.0,0.05,24,0.9147195055761758,15,1.9763783479914383,23,0.9583333333333334,0.37,0.0,-0.7922039861355064,-0.7522829574900498,0.4518809144849659,False,2.2329072070740246,1.4582658990251665,3.200426590410643e-10,
song,geometric,0.8,4,5,2015,discovered,1.0,1.0,0.05,104,0.8354524357940546,35,2.229867587794313,34,0.3269230769230769,0.3,0.0,-0.7916129335869262,-0.8899732432910794,0.373480253388794,False,2.67227504688897,1.3425286594889254,7.605649443576112e-11,
song,geometric,0.8,4,5,2015,true,1.0,1.0,0.05,24,0.8375126192449002,110,2.7178874261411976,12,0.5,0.39,0.0,-0.24659391279318577,-0.4189884058344521,0.675224605757964,False,3.9507755839415397,1.002061494703171,2.0078658735656063e-09,
song,geometric,0.8,4,6,2016,discovered,1.0,1.0,0.05,87,0.8942144148790839,23,2.205276888348368,25,0.28735632183908044,0.37,0.0,-0.588338384593893,-0.706787377928746,0.47969861958541704,False,2.2483193301790996,1.361087633377218,6.913580818945775e-11,
song,geometric,0.8,4,6,2016,true,1.0,1.0,0.05,24,0.6576547239855598,17,1.700007027931434,20,0.8333333333333334,0.0,0.0,-2.976648738909022,-1.260972926212263,0.2073186016730183,False,3.911582571618116,1.1101613277967506,1.332551846644492e-10,
song,geometric,0.8,4,7,2017,discovered,1.0,1.0,0.05,126,0.9302834796379718,4,1.6560035658927872,67,0.5317460317460317,0.02,0.0,-3.24891617173994,-1.6375368376039277,0.10151834837362526,False,1.1040748433864542,1.9340431068109147,5.6843418860808015e-11,
song,geometric,0.8,4,7,2017,true,1.0,1.0,0.05,24,0.784970321974832,20,1.7296516144196648,22,0.9166666666666666,0.03,0.0,-2.978987254371506,-1.3421658847223703,0.17954221529276393,False,3.9806377496562986,1.1130279088493324,2.7213786779611837e-11,
song,geometric,0.8,5,0,2010,discovered,1.0,1.0,0.05,53,0.9213132490532069,1,2.052150937112429,53,1.0,0.05,0.0,-1.0044572869511537,-0.853101990838001,0.39360274750599966,False,-2.480916118732601,1.7065728254003685,1.693933882052079e-11,
song,geometric,0.8,5,0,2010,true,1.0,1.0,0.05,22,0.8462999193410115,11,3.0422601382628827,10,0.45454545454545453,0.91,0.0,-0.020388500784268793,-0.1523865067822318,0.8788820988172756,False,-3.380103094481954,1.780961540488704,6.17384898760065e-09,
song,geometric,0.8,5,1,2011,discovered,1.0,1.0,0.05,107,0.9429708541088456,1,1.9564853689474972,107,1.0,0.4,0.0,-1.593263166939919,-1.0664891246144241,0.28620259228499745,False,-4.3325305539348244,2.2135229839682062,1.3645262697536964e-10,
song,geometric,0.8,5,1,2011,true,1.0,1.0,0.05,23,0.8436973358426116,6,1.848638038015741,22,0.9565217391304348,0.06,0.0,-2.106019795087128,-1.253376667672586,0.2100686586672642,False,2.3691747402128076,1.1088099137752112,2.2853896552987862e-10,
song,geometric,0.8,5,2,2012,discovered,1.0,1.0,0.05,104,0.9640295874260791,1,1.777414370868319,104,1.0,0.27,0.0,-1.2242786319244012,-0.8999392155804958,0.3681525992532282,False,-10.793159942342875,3.6388152515034617,1.0625456070556538e-09,
song,geometric,0.8,5,2,2012,true,1.0,1.0,0.05,24,0.7559357451810682,35,3.13168068158748,10,0.4166666666666667,0.33,0.0,-1.010939646542858,-0.9196650573695474,0.3577478180381115,False,3.827417627610184,0.43213415208884026,5.9756644077424426e-12,
song,geometric,0.8,5,3,2013,discovered,1.0,1.0,0.05,76,0.9435464080531331,2,1.7743882446356896,51,0.6710526315789473,0.28,0.0,-1.9317539087490798,-1.249863275185172,0.21134949692653293,False,-0.2757483734279871,1.820746629605573,1.3858425518264994e-10,
song,geometric,0.8,5,3,2013,true,1.0,1.0,0.05,23,0.8167385914623244,6,1.8072643275436806,22,0.9565217391304348,0.15,0.0,-2.3494721530258214,-1.2486339723445021,0.21179898086089355,False,2.4845753031796036,1.1098160062769118,2.0889956431346945e-12,
song,geometric,0.8,5,4,2014,discovered,1.0,1.0,0.05,129,0.9519315816830771,1,1.6480411602097602,129,1.0,0.46,0.0,-1.2132926359518272,-0.7713305613680198,0.4405110220529309,False,-12.992295421154608,4.407316725713325,6.271085339903948e-08,
song,geometric,0.8,5,4,2014,true,1.0,1.0,0.05,24,0.76620948162393,32,2.2900000169263244,18,0.75,0.7,0.0,-0.8896349333615499,-0.8158611008395121,0.4145795823465296,False,3.4672700643756498,0.9618698375369533,1.0304290753992973e-10,
song,geometric,0.8,5,5,2015,discovered,1.0,1.0,0.05,191,0.9544749426871603,1,1.6040669738952433,191,1.0,0.34,0.0,0.846673703122538,0.5749163439273737,0.5653478757865433,False,-890.4597011471037,34.95405781807491,0.0001780535994839738,
song,geometric,0.8,5,5,2015,true,1.0,1.0,0.05,24,0.7444531178406428,110,2.9916180934158425,13,0.5416666666666666,0.37,0.0,-0.4783184737349968,-0.5552954918761547,0.5786925618887626,False,4.532807627742421,0.6984126736858862,4.834816991206026e-10,
song,geometric,0.8,5,6,2016,discovered,1.0,1.0,0.05,150,0.9645532944001753,1,1.698597884871585,150,1.0,0.36,0.0,0.5217740042560752,0.4274942785464374,0.6690193515370918,False,-177442.82623729168,455.3571449563967,0.0002821782663886552,
song,geometric,0.8,5,6,2016,true,1.0,1.0,0.05,24,0.8686096288866038,13,1.7439800324989103,24,1.0,0.32,0.0,-1.4518868180821713,-0.9983100534165887,0.31812903410985816,False,2.810150615951044,1.5383267102397835,3.410605131648481e-13,
song,geometric,0.8,5,7,2017,discovered,1.0,1.0,0.05,120,0.9426763833436862,15,2.09622120362196,29,0.24166666666666667,0.52,0.0,-0.24116920925312213,-0.4835502026321144,0.6287051230032228,False,-0.7963910922375699,2.1397274186010224,2.1555592866207007e-09,
song,geometric,0.8,5,7,2017,true,1.0,1.0,0.05,24,0.7918668275016553,102,3.160720918152106,10,0.4166666666666667,0.29,0.0,-1.1709193446075101,-0.7980311942069441,0.42485238803641645,False,4.932810166694281,0.40141364313095523,5.186961971048731e-12,
song,geometric,0.8,6,0,2010,discovered,1.0,1.0,0.05,56,0.9643239930824873,1,1.7252451834898173,56,1.0,0.57,0.0,-1.3138178599506458,-0.9645540684913883,0.3347682146354779,False,-3.941909561186332,2.5765597155271935,6.499334403997636e-10,
song,geometric,0.8,6,0,2010,true,1.0,1.0,0.05,23,0.7739611264466766,4,1.699881508757612,19,0.8260869565217391,0.04,0.0,-4.419041887924113,-1.942909542154202,0.05202708880456761,False,2.577507282852636,0.8824649225293077,2.984279490192421e-13,
song,geometric,0.8,6,1,2011,discovered,1.0,1.0,0.05,72,0.9580141291166359,1,1.7459246328116993,72,1.0,0.53,0.0,-0.2849594376086739,-0.2981140869703177,0.7656160902877864,False,-25.640608984652577,5.492061007058373,4.893281015938555e-07,
song,geometric,0.8,6,1,2011,true,1.0,1.0,0.05,22,0.7925923124961461,10,2.1089413142415108,18,0.8181818181818182,0.21,0.0,-1.7444425373954004,-1.2369364746901843,0.21611066741355456,False,2.774857635959784,0.8438158872402476,3.836930773104541e-13,
song,geometric,0.8,6,2,2012,discovered,1.0,1.0,0.05,117,0.9395121760672543,1,1.6751839109349362,117,1.0,0.01,0.0,-5.526188825354558,-2.052411218341884,0.040129715196123135,False,-1.1189093246442194,1.9433606164478667,4.1154635255225e-11,
song,geometric,0.8,6,2,2012,true,1.0,1.0,0.05,24,0.7249574743316441,19,2.186972875952754,17,0.7083333333333334,0.24,0.0,-1.2504578976423404,-0.8566255235018954,0.3916518752750874,False,3.2450095250141375,0.8883522202379873,4.092726157978177e-11,
song,geometric,0.8,6,3,2013,discovered,1.0,1.0,0.05,90,0.9437597381224676,1,1.5980142480435267,90,1.0,0.13,0.0,-3.5820161522626863,-1.576081444182141,0.11500703481668736,False,-1.8970973061640826,2.4117588144306557,1.153807716036681e-09,
song,geometric,0.8,6,3,2013,true,1.0,1.0,0.05,24,0.7648926621522468,45,3.2645655021830287,10,0.4166666666666667,0.36,0.0,-0.5201516903328747,-0.561591480349413,0.5743943864008929,False,3.8347632369093825,0.5360281107483517,1.7834622667578515e-12,
song,geometric,0.8,6,4,2014,discovered,1.0,1.0,0.05,78,0.8518834393029514,8,1.7914900800157707,43,0.5512820512820513,0.0,0.0,-4.286503100236997,-1.9913793334277607,0.046439199549424756,False,2.7476498977036554,1.1745974746245145,4.973799150320701e-12,
song,geometric,0.8,6,4,2014,true,1.0,1.0,0.05,24,0.7548628298168053,21,2.1128977365054458,19,0.7916666666666666,0.07,0.0,-1.3753012671629135,-0.9751989693846411,0.3294615732679208,False,3.3550053799213426,0.9551833200824997,3.177547114319168e-11,
song,geometric,0.8,6,5,2015,discovered,1.0,1.0,0.05,158,0.9433303006366545,1,1.521511589861075,158,1.0,0.0,0.0,-5.737581464304892,-1.791152384927424,0.07326884472667217,False,-2.497183498172964,2.88660060664499,2.510205376893282e-10,
song,geometric,0.8,6,5,2015,true,1.0,1.0,0.05,24,0.8548551477222217,26,1.7483920681440293,24,1.0,0.01,0.0,-3.0402194955366237,-1.4270246779277471,0.153572781545448,False,4.183493775686889,1.1193284534329262,1.6504486666235607e-10,
song,geometric,0.8,6,6,2016,discovered,1.0,1.0,0.05,155,0.978956812263585,3,1.8264837869717292,74,0.4774193548387097,0.59,0.0,0.23932473244914432,0.6830590263487302,0.4945695449770918,False,-58622.82719003292,256.47599559769225,4.225810516800266e-05,
song,geometric,0.8,6,6,2016,true,1.0,1.0,0.05,24,0.7372258973670132,57,2.323735577777479,16,0.6666666666666666,0.5,0.0,-0.8147891254984767,-0.7676154698705989,0.44271566895055103,False,4.075269839032915,0.9269906281612937,9.579537163517671e-11,
song,geometric,0.8,6,7,2017,discovered,1.0,1.0,0.05,99,0.9184139407156467,4,1.6890805264296502,64,0.6464646464646465,0.01,0.0,-2.674187115120384,-1.4578742596984704,0.1448752047735083,False,0.8045863416320114,1.9641840363503178,4.6782133722444996e-11,
song,geometric,0.8,6,7,2017,true,1.0,1.0,0.05,24,0.8004858377203375,29,1.875273494480824,18,0.75,0.04,0.0,-2.0729526341698854,-1.1073804744055915,0.268129464207576,False,4.10780860307411,0.9977504419703789,5.5067062021407764e-11,
song,geometric,0.8,7,0,2010,discovered,1.0,1.0,0.05,49,0.9043458098540641,1,1.681114368141362,49,1.0,0.06,0.0,-1.6077577765830942,-0.9800501613655989,0.3270613586617984,False,-1.7667644824253859,2.135704767557309,1.4944134818506427e-10,
song,geometric,0.8,7,0,2010,true,1.0,1.0,0.05,23,0.774703509363218,5,2.032812889131538,18,0.782608695652174,0.22,0.0,-1.7534692309881106,-1.1193961556980039,0.2629711702837385,False,2.0847176731969057,0.8953296555956225,3.788613867072854e-11,
song,geometric,0.8,7,1,2011,discovered,1.0,1.0,0.05,76,0.9238294158292887,1,1.7177390856216421,76,1.0,0.04,0.0,-0.36271321154537306,-0.2947607406093005,0.7681766590609563,False,-9.927423308773385,3.696956377594447,6.889209203109203e-08,
song,geometric,0.8,7,1,2011,true,1.0,1.0,0.05,23,0.7430703515048913,4,1.647314557964393,20,0.8695652173913043,0.02,0.0,-4.848768595193487,-1.9814962816617445,0.04753564594650449,False,2.691195942395445,0.9367067558850332,1.7053025658242404e-13,
song,geometric,0.8,7,2,2012,discovered,1.0,1.0,0.05,123,0.9625659128924079,1,1.8059259004345718,123,1.0,0.41,0.0,-0.7974917171802585,-0.6378860037114099,0.5235478893461121,False,-20.1324750782321,4.697413813416007,1.1051394039895968e-06,
song,geometric,0.8,7,2,2012,true,1.0,1.0,0.05,24,0.8152213023484347,15,2.1020784095291205,20,0.8333333333333334,0.6,0.0,-1.2525805750015482,-0.9558473184896897,0.3391493780205034,False,2.8994505145657463,1.023924711149951,1.8772539078781847e-11,
song,geometric,0.8,7,3,2013,discovered,1.0,1.0,0.05,97,0.9261299294532612,1,1.9121332569097984,97,1.0,0.47,0.0,0.6769922820266188,0.769613300428438,0.44152931296319253,False,-590872.6116789198,721.3818409311975,0.0006891837301736814,
song,geometric,0.8,7,3,2013,true,1.0,1.0,0.05,24,0.7893566176181973,33,3.138648791512972,10,0.4166666666666667,0.21,0.0,-1.0955123554031556,-0.9844336952596218,0.3249023174483173,False,3.7879302076647177,0.41575146314634015,5.258016244624741e-13,
song,geometric,0.8,7,4,2014,discovered,1.0,1.0,0.05,89,0.8796794464687684,12,2.1288278854203506,32,0.3595505617977528,0.3,0.0,-1.5962692974882096,-1.1812198718667406,0.2375153890060906,False,2.4592833988953666,1.0960781201942584,1.2445866559573915e-10,
song,geometric,0.8,7,4,2014,true,1.0,1.0,0.05,24,0.7923367918112753,16,1.88463522233394,20,0.8333333333333334,0.12,0.0,-2.71679686786593,-1.417202962155024,0.15642359600179123,False,3.579515888946416,0.9152046809987427,2.0321522242738865e-12,
song,geometric,0.8,7,5,2015,discovered,1.0,1.0,0.05,140,0.9207762275489042,5,1.8775658175597083,83,0.5928571428571429,0.69,0.0,-0.6720824977218229,-0.7806456865832323,0.43501091326883656,False,-4.041182919036755,2.8770474793126617,3.7483857795450604e-08,
song,geometric,0.8,7,5,2015,true,1.0,1.0,0.05,24,0.7976706663835159,160,3.8403065820428255,10,0.4166666666666667,0.28,0.0,-0.497937112990984,-0.552613376875489,0.5805281801365754,False,5.0846121838365494,0.4358742281341846,6.52278231427772e-12,
song,geometric,0.8,7,6,2016,discovered,1.0,1.0,0.05,134,0.9293972512464802,1,1.596626680622417,134,1.0,0.03,0.0,0.6755899971622235,0.5363407015392236,0.591723105725658,False,-60.271654153838725,9.34827595163431,7.137276156754524e-07,
song,geometric,0.8,7,6,2016,true,1.0,1.0,0.05,24,0.7286250966714141,44,2.195049103558122,16,0.6666666666666666,0.35,0.0,-1.6010878618223883,-1.054411205281385,0.29169469431272876,False,4.266164094927789,0.77709490931154,1.6299850358336698e-11,
song,geometric,0.8,7,7,2017,discovered,1.0,1.0,0.05,109,0.8492830490209794,35,2.479245680685638,24,0.22018348623853212,0.06,0.0,-1.2380440667696382,-1.0146372622379911,0.31027877021340977,False,3.5877079413969035,0.8247386508855434,5.115907697472721e-13,
song,geometric,0.8,7,7,2017,true,1.0,1.0,0.05,24,0.8128661666017071,90,2.8623573610730393,11,0.4583333333333333,0.37,0.0,-0.47104787534771475,-0.6001886372223915,0.5483805254880592,False,4.421684717103169,0.7048500329937514,1.3771028761766502e-10,
song,geometric,0.8,8,0,2010,discovered,1.0,1.0,0.05,56,0.9041193655462515,1,1.8956821496035876,56,1.0,0.06,0.0,0.5253186511768546,0.9941339077810101,0.32015767944753215,False,-416946.14041583065,612.0258372643834,0.00022283190810412634,
song,geometric,0.8,8,0,2010,true,1.0,1.0,0.05,22,0.7377674265402967,1,1.407822688742242,22,1.0,0.01,0.0,-6.568127860615396,-2.1119869940400395,0.03468756485823192,False,1.8684281694001417,1.294191642038342,1.8332002582610585e-12,
song,geometric,0.8,8,1,2011,discovered,1.0,1.0,0.05,82,0.9131473577591445,1,1.644306563970125,82,1.0,0.04,0.0,-3.426007069977409,-1.5726378376017875,0.11580270110661128,False,-1.4138702869734872,2.1222298084898776,2.5579538487363607e-13,
song,geometric,0.8,8,1,2011,true,1.0,1.0,0.05,24,0.827890364252311,19,2.7760208747958344,13,0.5416666666666666,0.72,0.0,-0.4339034959097874,-0.6076824413076668,0.5433981108018123,False,2.659619677968114,0.8103825025041587,2.8670399387920042e-11,
song,geometric,0.8,8,2,2012,discovered,1.0,1.0,0.05,101,0.9420930533489027,1,1.6720151893557578,101,1.0,0.01,0.0,-3.52699970801115,-1.6726199032828626,0.09440214616704695,False,-2.2007080281151152,2.2804374549604876,1.0317080523236655e-11,
song,geometric,0.8,8,2,2012,true,1.0,1.0,0.05,24,0.8233690294782403,13,1.979444577915279,18,0.75,0.06,0.0,-1.7994996147663258,-1.22362726583539,0.22109286904749148,False,3.1289618762311298,0.9458295206157927,3.1097613373276545e-10,
song,geometric,0.8,8,3,2013,discovered,1.0,1.0,0.05,88,0.9381033207139281,1,1.6404015190002135,88,1.0,0.0,0.0,-4.517411036853856,-1.9155608824133898,0.05542101269553294,False,-1.0150496585520656,1.9983057922106318,6.895106707816012e-11,
song,geometric,0.8,8,3,2013,true,1.0,1.0,0.05,24,0.7033407184517767,9,1.9963538903530074,20,0.8333333333333334,0.34,0.0,-1.7677818962304115,-1.2819064135822626,0.19987547784096416,False,2.6567933052363095,0.979386462698399,1.2065015653206501e-11,
song,geometric,0.8,8,4,2014,discovered,1.0,1.0,0.05,118,0.9399695902037837,1,1.554147525455332,118,1.0,0.0,0.0,-7.054539504768757,-2.2529184161000035,0.024264293466548778,False,-0.7643917127143527,2.1829728397605628,1.1692691259668209e-10,
song,geometric,0.8,8,4,2014,true,1.0,1.0,0.05,24,0.8293278375517974,23,2.0018691783581075,21,0.875,0.09,0.0,-1.6541365262122483,-1.0337517276679444,0.301252243888665,False,3.5465990885222407,1.025118726833132,2.5863755581667647e-12,
song,geometric,0.8,8,5,2015,discovered,1.0,1.0,0.05,123,0.9209471797925364,3,1.5816878448616485,85,0.6910569105691057,0.16,0.0,-3.914373099491635,-1.6939159334418785,0.09028125877536147,False,0.5951390107312986,2.2307498488577147,1.3247358765511308e-09,
song,geometric,0.8,8,5,2015,true,1.0,1.0,0.05,24,0.8358685136954361,51,1.9986882400128785,16,0.6666666666666666,0.13,0.0,-2.484950557715317,-1.2995681692633774,0.1937490151684359,False,4.714290456390721,0.764658696590017,1.5774048733874224e-12,
song,geometric,0.8,8,6,2016,discovered,1.0,1.0,0.05,129,0.976110762277756,2,1.7974653652397563,92,0.7131782945736435,0.49,0.0,-0.7217226860349977,-0.7480803505522481,0.45441169333389353,False,-11.739873419895655,4.031752741058026,2.3627455902897054e-07,
song,geometric,0.8,8,6,2016,true,1.0,1.0,0.05,24,0.8593961025407432,25,1.876888580972734,19,0.7916666666666666,0.06,0.0,-2.545513381283521,-1.4475443786582605,0.1477445164533634,False,4.035171035736628,0.9309517384447312,5.917399903410114e-11,
song,geometric,0.8,8,7,2017,discovered,1.0,1.0,0.05,132,0.9474194051425106,3,1.6972357488120449,72,0.5454545454545454,0.07,0.0,-2.70281774911168,-1.542716133146675,0.12289966574088589,False,0.17495112156951054,2.038273365038288,1.5302248357329518e-10,
song,geometric,0.8,8,7,2017,true,1.0,1.0,0.05,24,0.7717392007191759,116,3.853276677324616,10,0.4166666666666667,0.39,0.0,-0.29871987396141986,-0.4830916740869811,0.6290306455161263,False,4.532303994626659,0.5268218901728904,6.430411758628907e-11,
song,geometric,0.8,9,0,2010,discovered,1.0,1.0,0.05,57,0.950615254832077,2,1.918272560884881,34,0.5964912280701754,0.17,0.0,-1.2625704886455726,-1.026321801406969,0.30473992421971285,False,-0.11019350818901347,1.5212914380825073,1.8474111129762605e-12,
song,geometric,0.8,9,0,2010,true,1.0,1.0,0.05,22,0.8544286848812145,6,2.127167216843585,15,0.6818181818181818,0.68,0.0,-0.4834725663431412,-0.6205945505487865,0.5348664260883813,False,1.2135146795487017,1.293043272241435,1.4033219031261979e-11,
song,geometric,0.8,9,1,2011,discovered,1.0,1.0,0.05,66,0.9509871743616267,2,1.7506000269402915,44,0.6666666666666666,0.31,0.0,-0.9224347021786312,-0.8021690791372678,0.42245516009070305,False,-1.8254627322444956,2.3370921757507217,7.752305464236997e-10,
song,geometric,0.8,9,1,2011,true,1.0,1.0,0.05,22,0.7027636893584415,6,1.877183479642541,20,0.9090909090909091,0.02,0.0,-1.7625904701337918,-1.1698697555270283,0.24205338673932097,False,2.289537514013343,1.1102889431338372,3.1889157980913296e-11,
song,geometric,0.8,9,2,2012,discovered,1.0,1.0,0.05,106,0.9379890892585137,1,1.687496209915824,106,1.0,0.07,0.0,-1.1229179031136556,-0.6927420503990683,0.4884714448482569,False,-7.352172521566352,3.3637596864338666,4.7137916681094794e-08,
song,geometric,0.8,9,2,2012,true,1.0,1.0,0.05,24,0.8284355298365926,19,2.2725079376290744,17,0.7083333333333334,0.28,0.0,-0.47334711131661855,-0.5897232388840797,0.5553762126126836,False,2.3337679673218927,1.2097586009101633,1.0231815394945443e-12,
song,geometric,0.8,9,3,2013,discovered,1.0,1.0,0.05,89,0.9582540299534605,1,1.6352239847211376,89,1.0,0.2,0.0,-2.1017669292443966,-1.2146732115509624,0.22449075358156656,False,-4.470618063790096,2.9539148811585942,1.4466934317169944e-09,
song,geometric,0.8,9,3,2013,true,1.0,1.0,0.05,23,0.7587876174978521,10,1.9320808780016772,19,0.8260869565217391,0.28,0.0,-1.6425454496896945,-1.112040428639978,0.2661207680358505,False,2.7849326492832907,1.057774625631931,2.3803181647963356e-11,
song,geometric,0.8,9,4,2014,discovered,1.0,1.0,0.05,111,0.9298151556469912,1,1.5776582352743196,111,1.0,0.06,0.0,0.005026992706465672,0.003363082030532674,0.9973166538293764,False,-16.681065882208674,5.276929224422055,5.237990308160079e-08,
song,geometric,0.8,9,4,2014,true,1.0,1.0,0.05,24,0.7649869183514235,13,1.7565145862106304,22,0.9166666666666666,0.11,0.0,-2.7794159308113286,-1.421438540047479,0.1551893089917971,False,3.459836313154942,1.1068862199734,2.6844304557016585e-11,
song,geometric,0.8,9,5,2015,discovered,1.0,1.0,0.05,158,0.9408353226651599,1,1.5262154663362455,158,1.0,0.0,0.0,-0.35421460042421415,-0.17709482804134025,0.8594339043434888,False,-14.338579444958475,5.243298368181904,5.70968268220895e-07,
song,geometric,0.8,9,5,2015,true,1.0,1.0,0.05,24,0.8292179962294894,157,3.2583086476475103,11,0.4583333333333333,0.25,0.0,-0.3566500611183123,-0.49659891071184387,0.6194719214487383,False,4.831418318889163,0.6460630673150191,9.08073616301408e-12,
song,geometric,0.8,9,6,2016,discovered,1.0,1.0,0.05,133,0.9520361634184427,2,1.624807165196329,93,0.6992481203007519,0.22,0.0,-3.3840042555791907,-1.6533608454260524,0.0982574465632816,False,-0.7259626082108058,2.3501280165327474,2.2794210963184014e-10,
song,geometric,0.8,9,6,2016,true,1.0,1.0,0.05,24,0.8236527143444945,18,1.762384442600837,23,0.9583333333333334,0.03,0.0,-2.3684726030970924,-1.2973539412774053,0.1945094324323836,False,3.651193389102743,1.2031914497092486,2.489741746103391e-11,
song,geometric,0.8,9,7,2017,discovered,1.0,1.0,0.05,162,0.9609366488750444,3,1.7946923587560095,83,0.5123456790123457,0.46,0.0,-1.3405163095908323,-1.0714162958621267,0.2839822888183092,False,-2.24315625258315,2.5061871172228427,5.567017069552094e-08,
song,geometric,0.8,9,7,2017,true,1.0,1.0,0.05,24,0.8154457293764462,43,2.1742159307609925,18,0.75,0.03,0.0,-0.9498737032816278,-0.726491976110502,0.4675372246707059,False,3.827240099584133,1.0296854119272938,4.008740006611333e-10,
song,geometric,0.8,10,0,2010,discovered,1.0,1.0,0.05,65,0.9124118319062171,1,1.932724087128169,65,1.0,0.28,0.0,-0.11055255507125195,-0.16098512828928535,0.8721051137674305,False,-24.239158417565857,4.715410489103227,4.855610598042404e-07,
song,geometric,0.8,10,0,2010,true,1.0,1.0,0.05,22,0.8140854214285757,12,2.796318733220169,11,0.5,0.7,0.0,-0.5987677146628467,-0.7454901828663921,0.4559754437104675,False,2.5271843043584106,0.6590948824949344,4.746425474877469e-12,
song,geometric,0.8,10,1,2011,discovered,1.0,1.0,0.05,72,0.956043889243239,1,1.7543925596328938,72,1.0,0.51,0.0,-0.892122834582098,-0.7307219827765726,0.4649489854645972,False,-7.778973988081944,3.2378097591020563,1.6436985106338398e-08,
song,geometric,0.8,10,1,2011,true,1.0,1.0,0.05,23,0.7978542284624571,5,1.6832007933228188,17,0.7391304347826086,0.06,0.0,-3.645857656722407,-1.7048641995933118,0.08821975464126934,False,2.8210972646698256,0.9470071578244403,2.7000623958883807e-13,
song,geometric,0.8,10,2,2012,discovered,1.0,1.0,0.05,106,0.9363968133550128,1,1.7349225869304072,106,1.0,0.12,0.0,-1.9040794706800408,-1.1260150127176753,0.26015916484573043,False,-4.61670674371326,2.7001445273250106,4.6429704525507987e-10,
song,geometric,0.8,10,2,2012,true,1.0,1.0,0.05,24,0.7525331160794848,13,1.9563447945773471,18,0.75,0.0,0.0,-3.2888352190895054,-1.5080601990631004,0.1315391205388484,False,3.4183172981196384,0.7350895135232631,1.8189894035458565e-12,
song,geometric,0.8,10,3,2013,discovered,1.0,1.0,0.05,74,0.938122920332678,8,2.3936316051902367,22,0.2972972972972973,0.37,0.0,-0.17842086478569863,-0.3998131285022494,0.6892941603082076,False,-0.8455338977294677,1.698064846490854,5.475015996125876e-10,
song,geometric,0.8,10,3,2013,true,1.0,1.0,0.05,24,0.7075631963533067,12,2.065313579371972,17,0.7083333333333334,0.07,0.0,-2.5949553812351756,-1.4404378057132639,0.1497435741468705,False,3.1913040428965394,0.7170711904301746,1.0658141036401503e-12,
song,geometric,0.8,10,4,2014,discovered,1.0,1.0,0.05,152,0.9546143317547723,1,1.7290208923690367,152,1.0,0.31,0.0,-0.06839564785112007,-0.05559658506805276,0.9556631850199533,False,-72.12066621198505,9.102825219850258,0.0008242310075274872,
song,geometric,0.8,10,4,2014,true,1.0,1.0,0.05,24,0.7885316544015442,41,2.5134480052448036,14,0.5833333333333334,0.28,0.0,-0.6235720981377808,-0.6202961067181028,0.5350628576699689,False,3.642847826677385,0.8532107615981636,5.1514348342607263e-11,
song,geometric,0.8,10,5,2015,discovered,1.0,1.0,0.05,120,0.9114979610344981,3,1.5582593746301505,78,0.65,0.0,0.0,-5.4756378440578075,-1.99714230841745,0.0458097260418102,False,1.4202185882166092,1.9485573420000808,2.887645678129047e-11,
song,geometric,0.8,10,5,2015,true,1.0,1.0,0.05,24,0.8466108272742534,44,1.9841985525888286,19,0.7916666666666666,0.07,0.0,-2.235302513452838,-1.2937403678101698,0.19575511666641288,False,4.457197731492676,0.879773431233124,1.2491341294662561e-11,
song,geometric,0.8,10,6,2016,discovered,1.0,1.0,0.05,178,0.962030796790107,2,1.7222404113101808,116,0.651685393258427,0.17,0.0,-3.372493947461791,-1.5950517206170867,0.11070067046019236,False,-1.2382346136927755,2.238490298324219,2.688409495021915e-09,
song,geometric,0.8,10,6,2016,true,1.0,1.0,0.05,24,0.8252175235416483,39,2.0210128695928637,17,0.7083333333333334,0.05,0.0,-1.8782785263197357,-1.059793096814614,0.2892387380329652,False,4.2803019898590104,0.871283090283836,2.050626335403649e-11,
song,geometric,0.8,10,7,2017,discovered,1.0,1.0,0.05,129,0.9239692530449911,5,1.7368714002875694,60,0.46511627906976744,0.01,0.0,-2.653508123446759,-1.5164436788348485,0.12940720150690344,False,1.2506311994560062,1.7790922126923767,3.40207861881936e-11,
song,geometric,0.8,10,7,2017,true,1.0,1.0,0.05,24,0.8080690171036358,119,3.190841736145683,10,0.4166666666666667,0.48,0.0,-0.5894229201434964,-0.6171525708190985,0.5371340961717368,False,4.866519346616261,0.5285024584884723,8.597567102697212e-12,
song,geometric,0.8,11,0,2010,discovered,1.0,1.0,0.05,63,0.9345990951783858,1,1.9620207678002466,63,1.0,0.25,0.0,-1.3310503791616743,-1.0786887398652376,0.2807265069764455,False,-2.6421627320244396,1.8519081791057572,5.944400527368998e-11,
song,geometric,0.8,11,0,2010,true,1.0,1.0,0.05,21,0.8631041911494521,5,1.9505019646479858,14,0.6666666666666666,0.19,0.0,-1.677791050377088,-1.075332041090842,0.28222609589346426,False,2.2487978505024535,0.8890532861666909,1.9042545318370685e-12,
song,geometric,0.8,11,1,2011,discovered,1.0,1.0,0.05,63,0.8599338057621052,7,2.690980543780699,27,0.42857142857142855,0.57,0.0,-0.02480929955649014,-0.11496058010423145,0.9084763673477061,False,-8.317830142995877,2.5339873089164673,2.901629159168806e-09,
song,geometric,0.8,11,1,2011,true,1.0,1.0,0.05,22,0.6985308041923657,19,2.8272416765866817,12,0.5454545454545454,0.1,0.0,-0.7793674376913593,-0.6977969397044541,0.4853041932245227,False,3.0854093358865624,0.6050155554774541,8.455458555545192e-13,
song,geometric,0.8,11,2,2012,discovered,1.0,1.0,0.05,98,0.9239347636444167,1,1.5580832394307942,98,1.0,0.0,0.0,-5.945188116683626,-2.0078709538211768,0.044657006482982174,False,-0.6047011557402,2.1091501398075723,1.3363887774175964e-10,
song,geometric,0.8,11,2,2012,true,1.0,1.0,0.05,23,0.811694914156651,38,2.9749400376838526,11,0.4782608695652174,0.55,0.0,-0.7223090448798049,-0.7026966172970549,0.48224483621071335,False,3.7782805309855036,0.5596916887096614,2.6219026949547697e-12,
song,geometric,0.8,11,3,2013,discovered,1.0,1.0,0.05,107,0.9609879822528861,2,2.069959079452977,62,0.5794392523364486,0.18,0.0,-0.34902396387064316,-0.43204023942761227,0.66571216738776,False,-6.030446697302937,2.606693779522414,1.8451089545123978e-09,
song,geometric,0.8,11,3,2013,true,1.0,1.0,0.05,23,0.7999730049657392,23,2.64989470565587,12,0.5217391304347826,0.54,0.0,-0.3166265395192158,-0.5373443076515949,0.5910298051855192,False,2.6081390195754914,0.9532122758353565,7.915446076367516e-12,
song,geometric,0.8,11,4,2014,discovered,1.0,1.0,0.05,111,0.9418906024166286,13,2.362043789779323,22,0.1981981981981982,0.39,0.0,-0.31671434552728606,-0.5422181509944635,0.5876682326819629,False,0.9286686411584932,1.4386621646671023,1.7621459846850485e-11,
song,geometric,0.8,11,4,2014,true,1.0,1.0,0.05,24,0.829545433019049,22,1.9883467798931875,18,0.75,0.14,0.0,-1.972210032667438,-1.135727923808631,0.2560704502313801,False,3.715677748763353,0.9020938603697073,4.561684363579843e-12,
song,geometric,0.8,11,5,2015,discovered,1.0,1.0,0.05,146,0.9491486826846289,5,1.7718761422766252,71,0.4863013698630137,0.45,0.0,-1.3185978791405555,-1.075141761102628,0.2823112649396783,False,-0.9070561718221735,2.399991296505086,7.95512278273236e-09,
song,geometric,0.8,11,5,2015,true,1.0,1.0,0.05,24,0.8474194590552966,40,1.8888111207420089,21,0.875,0.22,0.0,-1.5407236007303657,-1.087394386573491,0.2768625509274416,False,4.101583985057781,1.192547065660902,3.00886426884972e-10,
song,geometric,0.8,11,6,2016,discovered,1.0,1.0,0.05,140,0.9256839165451538,1,1.508196529799594,140,1.0,0.0,0.0,-10.761955433225893,-2.79970182768893,0.005114982968780977,False,-0.17610116242506618,2.129028189179744,5.616129783447832e-11,
song,geometric,0.8,11,6,2016,true,1.0,1.0,0.05,24,0.8315608211524985,40,2.0591531633168474,17,0.7083333333333334,0.28,0.0,-1.5195013413351681,-1.025549026075374,0.30510420511983294,False,4.166847130668529,0.9205057035087307,5.229594535194337e-12,
song,geometric,0.8,11,7,2017,discovered,1.0,1.0,0.05,108,0.8928958196860917,37,2.4948031584661843,22,0.2037037037037037,0.69,0.0,-0.14153719633897133,-0.3991235705451496,0.6898021554580493,False,0.4479869936049706,1.7015365588971387,1.2856276043748949e-09,
song,geometric,0.8,11,7,2017,true,1.0,1.0,0.05,24,0.8514795448886235,26,1.8246697052311138,21,0.875,0.0,0.0,-3.018221953837645,-1.4110798175252628,0.15822108028514026,False,4.1627260570079585,0.9588396355500923,5.1585402616183273e-11,
song,geometric,0.8,12,0,2010,discovered,1.0,1.0,0.05,54,0.8970169747278396,4,2.3839505662423126,20,0.37037037037037035,0.43,0.0,-0.8961026337709912,-0.8152240700759433,0.41494406236692183,False,1.2289259714221277,0.910399175225646,3.964828465541359e-12,
song,geometric,0.8,12,0,2010,true,1.0,1.0,0.05,21,0.7543512793461923,9,2.5543589701284053,13,0.6190476190476191,0.28,0.0,-1.1101769154071608,-0.9189306115787327,0.3581318672031433,False,2.479577427816372,0.6310629630344183,4.007461029686965e-12,
song,geometric,0.8,12,1,2011,discovered,1.0,1.0,0.05,83,0.9214081083261858,1,1.6529344382495939,83,1.0,0.0,0.0,-4.7755740672178835,-1.7969080594865814,0.07235021694257972,False,-0.5506172232821988,1.7978852238263827,1.006213778964593e-09,
song,geometric,0.8,12,1,2011,true,1.0,1.0,0.05,23,0.7274102191210744,8,1.8259341331103185,20,0.8695652173913043,0.02,0.0,-4.7692699005603085,-1.816866522835471,0.06923755379657388,False,3.1336685085034524,0.7438125158930953,2.4158453015843406e-13,
song,geometric,0.8,12,2,2012,discovered,1.0,1.0,0.05,112,0.933513720909224,1,1.6419788854249227,112,1.0,0.06,0.0,-4.930629664679657,-1.873874840336374,0.060947677978028976,False,-1.3509082981726905,2.1075777914603475,3.097966327914037e-11,
song,geometric,0.8,12,2,2012,true,1.0,1.0,0.05,24,0.8255691652353458,9,1.8543481956891035,21,0.875,0.17,0.0,-2.0571796937316624,-1.2324270233853725,0.21778961148216125,False,2.813533796540732,1.0937741845036764,7.688072400924284e-12,
song,geometric,0.8,12,3,2013,discovered,1.0,1.0,0.05,85,0.9057624953614538,1,1.5724492942191683,85,1.0,0.0,0.0,-4.974263036474375,-1.8622284345440034,0.06257089804852103,False,-0.6410181903727699,2.0729718764602945,1.0658141036401503e-11,
song,geometric,0.8,12,3,2013,true,1.0,1.0,0.05,24,0.8355884699356949,26,2.736302953450708,10,0.4166666666666667,0.58,0.0,-0.3363801426225601,-0.5266640403093374,0.5984269114945062,False,2.9813550258080053,0.8268844960783749,1.5276668818842154e-12,
song,geometric,0.8,12,4,2014,discovered,1.0,1.0,0.05,121,0.9607693898758592,1,1.6084777154296985,121,1.0,0.09,0.0,-0.7090490445734423,-0.5529996218587697,0.5802636691017419,False,-34.192135724186144,7.058821196499118,4.4475751792560914e-07,
song,geometric,0.8,12,4,2014,true,1.0,1.0,0.05,24,0.8323272188909615,20,1.8225572225418323,20,0.8333333333333334,0.17,0.0,-2.3673493003122763,-1.2747253030184356,0.20240648760351032,False,3.792802975592145,1.0486064170922487,1.1378631370462244e-10,
song,geometric,0.8,12,5,2015,discovered,1.0,1.0,0.05,101,0.8378514818425984,54,2.484376209853159,25,0.24752475247524752,0.26,0.0,-0.5661961865388454,-0.7986640461310496,0.4244852398120572,False,3.235376349902075,1.1215390226409614,1.7561774257046636e-09,
song,geometric,0.8,12,5,2015,true,1.0,1.0,0.05,24,0.8349201736756512,30,1.7980638077457811,23,0.9583333333333334,0.07,0.0,-2.025115323156081,-1.1348187407661172,0.2564512723282051,False,4.020144398109446,1.2298289877128887,1.1505107977427542e-10,
song,geometric,0.8,12,6,2016,discovered,1.0,1.0,0.05,109,0.8852167558795612,30,2.7444183124215735,25,0.22935779816513763,0.73,0.0,-0.27139285328009244,-0.5358823164783852,0.5920398866489184,False,1.7296251056709655,1.2307955536090651,1.6126477930811234e-10,
song,geometric,0.8,12,6,2016,true,1.0,1.0,0.05,24,0.6821883116299687,54,2.5470512531502982,14,0.5833333333333334,0.33,0.0,-0.35478847011811876,-0.4846477094191694,0.6279262647741786,False,3.4027658719244083,1.0314011969937649,3.814193405560218e-11,
song,geometric,0.8,12,7,2017,discovered,1.0,1.0,0.05,177,0.966050420858355,3,1.7911816387032649,88,0.4971751412429379,0.29,0.0,-1.2845481523312516,-0.9602209270168376,0.3369440366577279,False,-2.6476835388439,2.6096436641360223,1.0667235983419232e-09,
song,geometric,0.8,12,7,2017,true,1.0,1.0,0.05,24,0.8339487484468991,66,2.283629080457995,14,0.5833333333333334,0.27,0.0,-1.4108535259966075,-0.9167912017769364,0.35925206390075104,False,4.644072889263862,0.7216778515624003,3.795719294430455e-11,
song,geometric,0.8,13,0,2010,discovered,1.0,1.0,0.05,69,0.954756473720423,2,2.1713592096536236,33,0.4782608695652174,0.72,0.0,-0.5478906293503699,-0.6936660215861786,0.48789167941316014,False,-1.5592895131745226,1.6363459533628986,1.2030909601890016e-10,
song,geometric,0.8,13,0,2010,true,1.0,1.0,0.05,22,0.8365698956722997,9,2.4209688163678926,11,0.5,0.45,0.0,-0.6862998826182354,-0.8010936716118354,0.42307741956144695,False,2.32665381201152,0.7903654168471594,3.40349970429088e-12,
song,geometric,0.8,13,1,2011,discovered,1.0,1.0,0.05,70,0.8848937523969798,1,1.6646032102320452,70,1.0,0.0,0.0,-0.5885860206550122,-0.38611280703034856,0.6994131252982316,False,-5.419753986865646,3.0709545834248972,2.675051291589625e-10,
song,geometric,0.8,13,1,2011,true,1.0,1.0,0.05,22,0.6032255403846275,16,2.544230877284439,15,0.6818181818181818,0.23,0.0,-1.1589311400471587,-0.8809770975510063,0.37833021609263673,False,3.0252256110003106,0.6665531991681966,1.9895196601282805e-13,
song,geometric,0.8,13,2,2012,discovered,1.0,1.0,0.05,130,0.9447807250747311,1,2.0066597228096223,130,1.0,0.68,0.0,-0.23822309470953407,-0.246561182939343,0.8052478486831758,False,-237303.83742586873,433.252830366475,0.00017781572660169331,
song,geometric,0.8,13,2,2012,true,1.0,1.0,0.05,24,0.7499379000997155,7,1.7142304007828177,22,0.9166666666666666,0.0,0.0,-1.9481075652231281,-1.0470596841338597,0.29507205196785413,False,2.588991202380525,1.3616864459888518,8.967049325292464e-12,
song,geometric,0.8,13,3,2013,discovered,1.0,1.0,0.05,85,0.9201083532236712,9,2.476037068544061,23,0.27058823529411763,0.9,0.0,-0.09539008255942516,-0.30175566306798063,0.7628383319150605,False,-2.788896558398326,2.0156733369062683,5.7282392162960605e-09,
song,geometric,0.8,13,3,2013,true,1.0,1.0,0.05,23,0.7284605262065431,9,1.940960034221019,19,0.8260869565217391,0.39,0.0,-2.615036247682676,-1.4947135955529425,0.1349892045502382,False,2.9424977109864088,0.8514574772555376,5.8975047068088315e-12,
song,geometric,0.8,13,4,2014,discovered,1.0,1.0,0.05,121,0.9618904411189788,2,1.7659021250448546,75,0.6198347107438017,0.06,0.0,-1.7829696748753832,-1.158554502620462,0.24663782340160978,False,-1.6580599557381754,2.2558502842552888,2.9189095585024916e-11,
song,geometric,0.8,13,4,2014,true,1.0,1.0,0.05,24,0.855145919394503,9,1.649433722156078,23,0.9583333333333334,0.03,0.0,-2.9971952190813256,-1.4817917075018092,0.13839572625884997,False,3.2460408278245163,1.2714576754140487,6.534150998049881e-11,
song,geometric,0.8,13,5,2015,discovered,1.0,1.0,0.05,132,0.9317267614034799,4,1.6766352607671913,77,0.5833333333333334,0.07,0.0,-2.563581969331298,-1.4270259747942278,0.15357240774793554,False,0.3410408219790523,2.1684373725604567,1.8254127098771278e-09,
song,geometric,0.8,13,5,2015,true,1.0,1.0,0.05,24,0.8328665385882797,15,1.5879100607445937,24,1.0,0.0,0.0,-4.142159012606381,-1.6905339552413274,0.090925847829317,False,4.077441618453578,1.2356972747262753,1.1112888387287967e-11,
song,geometric,0.8,13,6,2016,discovered,1.0,1.0,0.05,140,0.9592221748295866,3,1.7710814057065745,77,0.55,0.18,0.0,-0.9608032232789059,-0.7384146813344825,0.46026249577752,False,-2.673963327736223,2.6646154697081776,3.936975190299563e-09,
song,geometric,0.8,13,6,2016,true,1.0,1.0,0.05,24,0.8414560186951043,66,2.554833694442503,14,0.5833333333333334,0.73,0.0,-0.37289287006559313,-0.556178894456744,0.5780885657945937,False,3.660434618603306,1.008779575156874,1.7210766145581147e-10,
song,geometric,0.8,13,7,2017,discovered,1.0,1.0,0.05,139,0.9516189612080737,2,1.6235610330857553,96,0.6906474820143885,0.03,0.0,-2.1833934343119865,-1.250589936393625,0.21108412409925748,False,-2.195939076227652,2.7937209491708677,8.413394425588194e-10,
song,geometric,0.8,13,7,2017,true,1.0,1.0,0.05,24,0.8622591124354209,63,2.6063159449406683,14,0.5833333333333334,0.63,0.0,-0.480824089215373,-0.6205875821453154,0.5348710121799574,False,3.873017554756176,0.8886701332950169,2.0321522242738865e-10,
song,geometric,0.8,14,0,2010,discovered,1.0,1.0,0.05,68,0.9356239062594471,1,1.9708537296819428,68,1.0,0.23,0.0,-0.7148407964323651,-0.7681489427063877,0.44239870271568593,False,-8.201075505246106,2.8314486607385825,3.553850547177717e-10,
song,geometric,0.8,14,0,2010,true,1.0,1.0,0.05,22,0.8032390443235333,15,3.1355140714568956,11,0.5,0.62,0.0,-0.9744113035559372,-0.9971321497546541,0.31870036956750136,False,2.9356278304795826,0.4527304671809096,1.4210854715202004e-14,
song,geometric,0.8,14,1,2011,discovered,1.0,1.0,0.05,93,0.9409443425238875,1,1.7567724392830562,93,1.0,0.03,0.0,-0.7995173479450328,-0.5877224560470843,0.556718600139896,False,-8.61882020651994,3.3710343187579044,1.104203306567797e-08,
song,geometric,0.8,14,1,2011,true,1.0,1.0,0.05,24,0.805503393247425,19,2.5975184771388293,12,0.5,0.33,0.0,-0.7655013872869665,-0.7001506864381414,0.4838332045434127,False,3.094790279884789,0.6982657528884175,9.976020010071807e-12,
song,geometric,0.8,14,2,2012,discovered,1.0,1.0,0.05,84,0.9039696464647605,1,1.5582390611812729,84,1.0,0.0,0.0,-2.084703461239572,-1.1196463139111066,0.26286451112471076,False,-3.563890940820168,3.023374882539577,1.806228056011605e-09,
song,geometric,0.8,14,2,2012,true,1.0,1.0,0.05,23,0.6538293733258284,10,1.758007427577455,19,0.8260869565217391,0.04,0.0,-4.084262054817972,-1.6281837276185143,0.1034859341092266,False,3.431176118007526,0.8571105354641774,1.3642420526593924e-12,
song,geometric,0.8,14,3,2013,discovered,1.0,1.0,0.05,121,0.9376368324857395,1,1.8801327725219332,121,1.0,0.22,0.0,-1.853195629449095,-1.118434407587967,0.2633815059528205,False,-4.618062194224224,2.3932021789546116,4.518767582339933e-10,
song,geometric,0.8,14,3,2013,true,1.0,1.0,0.05,24,0.8803320449859687,10,1.871633559068013,19,0.7916666666666666,0.07,0.0,-1.8817323935162804,-1.2614952042761365,0.20713048674301093,False,2.919329599738203,1.0673370615607787,1.4580336937797256e-11,
song,geometric,0.8,14,4,2014,discovered,1.0,1.0,0.05,107,0.9526643837384261,2,1.669759710780242,73,0.6822429906542056,0.02,0.0,-3.734649936783664,-1.742811297632489,0.08136658223163862,False,0.16474106886781398,1.9003687634135384,4.158096089668106e-11,
song,geometric,0.8,14,4,2014,true,1.0,1.0,0.05,24,0.8104132473485713,43,2.4777208999765428,14,0.5833333333333334,0.49,0.0,-1.010559610173166,-0.834304459755995,0.4041094393674738,False,4.0016118575869655,0.7208076623568458,1.2803980098397005e-11,
song,geometric,0.8,14,5,2015,discovered,1.0,1.0,0.05,107,0.9113827391656822,9,1.6860054827215627,47,0.4392523364485981,0.04,0.0,-2.0421199848105593,-1.2193029620488869,0.22272922480723634,False,1.922154645522256,1.9038725095255742,4.07464995078044e-09,
song,geometric,0.8,14,5,2015,true,1.0,1.0,0.05,24,0.8570100738140991,20,1.6980462472596605,24,1.0,0.01,0.0,-3.7044525859272195,-1.6052159657344705,0.10844628505599842,False,4.099043969969393,1.0964848310979127,8.72546479513403e-12,
song,geometric,0.8,14,6,2016,discovered,1.0,1.0,0.05,147,0.962805847235785,2,1.6977621720385847,96,0.6530612244897959,0.25,0.0,-1.383883384923025,-0.9131054440803126,0.36118708737791083,False,-3.681734357768447,2.9287636230400986,8.616609648015583e-09,
song,geometric,0.8,14,6,2016,true,1.0,1.0,0.05,24,0.860312659798035,58,2.4894650133787786,14,0.5833333333333334,0.28,0.0,-0.669105835404495,-0.6918685470252549,0.48901988453289014,False,4.043921310726826,0.8443791030558919,6.181721801112872e-12,
song,geometric,0.8,14,7,2017,discovered,1.0,1.0,0.05,233,0.9607214059289595,1,1.696133431431653,233,1.0,0.01,0.0,-3.542917573513458,-1.3811035899881783,0.16724711193518516,False,-6.976907984056413,3.2656896854360427,3.997683961642906e-09,
song,geometric,0.8,14,7,2017,true,1.0,1.0,0.05,24,0.860295451254384,76,2.345839784206194,15,0.625,0.28,0.0,-0.8119941289158872,-0.7309777129688854,0.46479276615536047,False,4.410445673891266,0.8902472787113305,1.7138290786533616e-11,
song,geometric,0.8,15,0,2010,discovered,1.0,1.0,0.05,51,0.9038764316862223,5,2.44188621954996,22,0.43137254901960786,0.23,0.0,-0.2366113982308362,-0.3988181944267977,0.6900271697575111,False,-0.5038358770820989,1.4630353447478295,3.078071131312754e-11,
song,geometric,0.8,15,0,2010,true,1.0,1.0,0.05,19,0.8546786029183543,9,2.6427855272235385,11,0.5789473684210527,0.82,0.0,-0.4390802234461697,-0.6494971664153701,0.5160170773820729,False,2.0149965885802854,0.8140624991253901,5.4427573559223674e-12,
song,geometric,0.8,15,1,2011,discovered,1.0,1.0,0.05,74,0.9355636075006254,2,1.8133878411224917,53,0.7162162162162162,0.09,0.0,-2.6023909879027807,-1.354718832205068,0.17550715550018847,False,0.3005662916147188,1.5362650980471975,4.8686388254282065e-11,
song,geometric,0.8,15,1,2011,true,1.0,1.0,0.05,24,0.8263992657041545,14,2.2858518967499433,13,0.5416666666666666,0.33,0.0,-0.786018962258515,-0.7516257318248393,0.4522761644584762,False,2.7789015987073977,0.8874252851336505,1.2526868431450566e-11,
song,geometric,0.8,15,2,2012,discovered,1.0,1.0,0.05,110,0.9445744276483369,3,2.025047889282199,52,0.4727272727272727,0.01,0.0,-1.0483557207483103,-0.8361069320329519,0.4030947489699258,False,-0.6053675600075399,1.704691246683077,3.979039320256561e-12,
song,geometric,0.8,15,2,2012,true,1.0,1.0,0.05,24,0.7160909003181785,13,1.95755049163877,19,0.7916666666666666,0.08,0.0,-2.139979293877052,-1.1672926502825764,0.24309220575428458,False,3.2126969754410664,0.9173850082258425,2.5863755581667647e-12,
song,geometric,0.8,15,3,2013,discovered,1.0,1.0,0.05,76,0.8855878590051108,1,1.522485984335576,76,1.0,0.01,0.0,-6.6602220310525855,-2.1894838841079176,0.0285616886351016,False,0.2230123085438192,1.8862049978268196,3.063860276597552e-11,
song,geometric,0.8,15,3,2013,true,1.0,1.0,0.05,24,0.8059533118144311,7,1.7950966322820654,23,0.9583333333333334,0.05,0.0,-3.897993191918502,-1.7459197463629612,0.0808248981193563,False,2.9173835353150417,0.9140372677754282,6.124878382252064e-12,
song,geometric,0.8,15,4,2014,discovered,1.0,1.0,0.05,85,0.9186400912991465,4,1.7821911437153626,59,0.6941176470588235,0.61,0.0,-1.5582053706014722,-1.232020895631825,0.2179412786571332,False,-0.18903396629121574,2.087692031526875,3.743707566172816e-10,
song,geometric,0.8,15,4,2014,true,1.0,1.0,0.05,24,0.8527398270576977,41,2.380313959331436,14,0.5833333333333334,0.23,0.0,-0.9604992366772969,-0.9712186252354534,0.3314394209339224,False,3.940506608289895,0.7884064220197194,3.298339379398385e-11,
song,geometric,0.8,15,5,2015,discovered,1.0,1.0,0.05,115,0.8999220797628796,5,1.7757383519570729,74,0.6434782608695652,0.12,0.0,-2.0684886233647513,-1.3111324054240383,0.18981303425704588,False,0.3071020023674473,2.0342779026077715,1.078035438695224e-09,
song,geometric,0.8,15,5,2015,true,1.0,1.0,0.05,24,0.8489122903575276,39,1.8603381232703817,20,0.8333333333333334,0.08,0.0,-2.0735466091731167,-1.1232857646220356,0.26131614770072753,False,4.3559438664088255,1.063735331371817,2.3430857254425064e-10,
song,geometric,0.8,15,6,2016,discovered,1.0,1.0,0.05,169,0.972740581438387,3,1.869834285764326,79,0.46745562130177515,0.45,0.0,-0.03667003663112256,-0.058581240455333874,0.9532856529662662,False,-16.874273436224886,4.611757412126159,2.6210713599539304e-07,
song,geometric,0.8,15,6,2016,true,1.0,1.0,0.05,24,0.6487511164192549,43,2.105008550771551,17,0.7083333333333334,0.09,0.0,-1.53645738992408,-1.2157275324821912,0.22408873236331517,False,4.225726731062865,0.8785277979078222,1.1853273917949991e-10,
song,geometric,0.8,15,7,2017,discovered,1.0,1.0,0.05,133,0.9217677543060441,5,1.848241350420448,69,0.518796992481203,0.21,0.0,-1.345748263658224,-1.0432316772465198,0.296841005646148,False,-0.41838585664798994,2.1088906342113063,2.887077243940439e-10,
song,geometric,0.8,15,7,2017,true,1.0,1.0,0.05,24,0.8295436996752702,82,2.7023430208850296,12,0.5,0.39,0.0,-0.8685942466982954,-0.7530632623370545,0.45141189941315507,False,4.619972404085686,0.6255840633045354,9.706013770482969e-12,
song,geometric,0.8,16,0,2010,discovered,1.0,1.0,0.05,57,0.9231577401579307,3,2.1770453581334896,27,0.47368421052631576,0.12,0.0,-1.3168513737920635,-1.1545746312625045,0.24826466028652794,False,0.9279894774065878,1.04594194263521,1.0942358130705543e-12,
song,geometric,0.8,16,0,2010,true,1.0,1.0,0.05,22,0.7682039642391895,13,3.3573606807219285,10,0.45454545454545453,0.55,0.0,-1.1494711021809643,-0.9745801754095891,0.32976855130038274,False,2.8341794455573517,0.3642676675928686,7.887024366937112e-13,
song,geometric,0.8,16,1,2011,discovered,1.0,1.0,0.05,70,0.9136735813422805,7,2.581435064244388,22,0.3142857142857143,0.23,0.0,-0.02890295390529518,-0.13063884213770202,0.8960610144408754,False,-7.113969622863985,2.486967339782088,7.42040668910704e-08,
song,geometric,0.8,16,1,2011,true,1.0,1.0,0.05,23,0.8408920442566603,10,2.1377893150288663,17,0.7391304347826086,0.02,0.0,-1.0011691053075227,-0.838057019597156,0.40199868039042896,False,2.425557202534477,1.0128822514649711,6.707523425575346e-12,
song,geometric,0.8,16,2,2012,discovered,1.0,1.0,0.05,93,0.92598779862294,1,1.5697567603800346,93,1.0,0.0,0.0,-2.5025602053973772,-1.1221596267656528,0.2617945752402129,False,-3.0140697421619307,2.8337500002699127,5.77642822463531e-10,
song,geometric,0.8,16,2,2012,true,1.0,1.0,0.05,24,0.7984481347303864,10,1.8265527287979335,21,0.875,0.05,0.0,-2.508790450498729,-1.251697048617004,0.21068027594136485,False,3.080445163519512,1.0350057302614546,1.5020873433968518e-11,
song,geometric,0.8,16,3,2013,discovered,1.0,1.0,0.05,84,0.9348135231061899,1,1.6693842366126541,84,1.0,0.0,0.0,-5.496393545192418,-2.121465979944348,0.03388260791871602,False,-0.35013205754159726,1.6758030459416393,8.29913915367797e-12,
song,geometric,0.8,16,3,2013,true,1.0,1.0,0.05,23,0.7237015804054282,20,2.4900277263215114,13,0.5652173913043478,0.2,0.0,-1.9684681776309971,-1.2290922680250296,0.21903721378877028,False,3.5059725512963253,0.5151710388976758,2.4442670110147446e-12,
song,geometric,0.8,16,4,2014,discovered,1.0,1.0,0.05,111,0.9432676182502382,2,1.6987849540078066,77,0.6936936936936937,0.05,0.0,-2.0530083071203338,-1.208851389762915,0.22671994428627062,False,-1.2756794172400991,2.310478428393711,3.751665644813329e-11,
song,geometric,0.8,16,4,2014,true,1.0,1.0,0.05,24,0.785178410376291,33,2.3230228535282813,17,0.7083333333333334,0.09,0.0,-0.5432519733769041,-0.5580329742043935,0.5768218677907984,False,3.086883444719261,1.1060980203097812,4.431939260030049e-10,
song,geometric,0.8,16,5,2015,discovered,1.0,1.0,0.05,141,0.9409310905240609,5,1.7230757362793065,69,0.48936170212765956,0.15,0.0,-1.80836066858372,-1.2506831777632599,0.21105009029573285,False,0.08081372485575168,2.2278510341004205,1.6575540939811617e-10,
song,geometric,0.8,16,5,2015,true,1.0,1.0,0.05,24,0.8313663476589064,91,2.4043510542097355,14,0.5833333333333334,0.24,0.0,-0.9692498117035235,-0.787470853944652,0.4310062837298937,False,4.744724805828429,0.7727132195301433,1.3926637620897964e-12,
song,geometric,0.8,16,6,2016,discovered,1.0,1.0,0.05,121,0.9380951359996315,1,1.567209302750988,121,1.0,0.03,0.0,-0.1986838000806853,-0.1314321823752749,0.8954334316188252,False,-19.947794713563404,5.767450256722908,1.460417706766748e-07,
song,geometric,0.8,16,6,2016,true,1.0,1.0,0.05,24,0.7984586718990709,85,3.023078655575095,10,0.4166666666666667,0.31,0.0,-0.8741336052737827,-0.7335912984405446,0.46319786583493017,False,4.688743572853397,0.48635445317485365,1.8830093040378415e-10,
song,geometric,0.8,16,7,2017,discovered,1.0,1.0,0.05,105,0.9260219786084697,1,1.4451453669650651,105,1.0,0.0,0.0,-6.873419674942589,-2.273581420696676,0.022991165590072492,False,-0.6859816042063583,2.661069575289333,1.4563454442395596e-08,
song,geometric,0.8,16,7,2017,true,1.0,1.0,0.05,24,0.7319006614766315,18,1.707501057745912,22,0.9166666666666666,0.02,0.0,-3.749299400462742,-1.6288999422020296,0.1033342023456872,False,4.025008672934,1.0323575168527455,2.1671553440683056e-11,
song,geometric,0.8,17,0,2010,discovered,1.0,1.0,0.05,56,0.8970778523580715,1,1.9316964614202008,56,1.0,0.0,0.0,-1.7963073270944867,-1.132752517268446,0.2573181965711757,False,-1.2274486417759316,1.5248313698105007,1.993782916542841e-11,
song,geometric,0.8,17,0,2010,true,1.0,1.0,0.05,21,0.7836160472533312,3,1.8129631480542863,20,0.9523809523809523,0.1,0.0,-3.333769822968393,-1.7329127180328743,0.08311118342613154,False,1.9727600517432333,0.8845850620302388,2.1316282072803006e-13,
song,geometric,0.8,17,1,2011,discovered,1.0,1.0,0.05,78,0.9528045682598405,1,1.767241958990859,78,1.0,0.56,0.0,-1.074692482372416,-0.8490828064463454,0.3958352168918118,False,-6.939814924382274,3.059912072817137,6.477591796283377e-10,
song,geometric,0.8,17,1,2011,true,1.0,1.0,0.05,21,0.8705793632999245,12,2.193463849548218,14,0.6666666666666666,0.15,0.0,-1.5283139255539306,-1.0522199595766735,0.292698644100877,False,2.9878118683508514,0.7439446150668865,2.9416469260468148e-12,
song,geometric,0.8,17,2,2012,discovered,1.0,1.0,0.05,81,0.9442719138615949,2,1.7719049166800633,58,0.7160493827160493,0.12,0.0,-2.2222349137951323,-1.3058567819231086,0.19160126602769667,False,-0.281596968789406,1.8274587389430443,2.7625901566352695e-11,
song,geometric,0.8,17,2,2012,true,1.0,1.0,0.05,24,0.7098778885943804,10,1.9434763329382687,20,0.8333333333333334,0.14,0.0,-1.5735702031494503,-1.0573470154859475,0.2903532433915529,False,2.7112605474930436,1.0856907603987103,4.5289993977348786e-11,
song,geometric,0.8,17,3,2013,discovered,1.0,1.0,0.05,95,0.933792884338634,1,1.8609109061884628,95,1.0,0.77,0.0,0.66416726807906,0.810651585583365,0.41756578371673314,False,-366090.87004349264,585.3337710494094,0.00035443348406261066,
song,geometric,0.8,17,3,2013,true,1.0,1.0,0.05,23,0.6779808093767449,27,3.1662391892161037,13,0.5652173913043478,0.06,0.0,-0.9901141768260149,-0.7768822942285558,0.4372282183063321,False,3.476043693982379,0.47899129503140714,1.2433076790330233e-10,
song,geometric,0.8,17,4,2014,discovered,1.0,1.0,0.05,104,0.9623531639218081,2,1.7074629076748877,73,0.7019230769230769,0.37,0.0,-1.1986301153608778,-0.8969837499566737,0.36972758822333596,False,-3.2110470261126984,2.7920265203872936,3.4361846701358445e-11,
song,geometric,0.8,17,4,2014,true,1.0,1.0,0.05,24,0.6479836037334041,60,3.4958510101364517,10,0.4166666666666667,0.49,0.0,-0.3923889660993334,-0.5170442277134984,0.6051252851354934,False,3.9924631372526562,0.542959195774262,7.226219622680219e-12,
song,geometric,0.8,17,5,2015,discovered,1.0,1.0,0.05,148,0.9097275903364233,35,2.4155805126821033,30,0.20270270270270271,0.75,0.0,-0.45436992516330044,-0.6449013727767858,0.5189911020644804,False,2.1435051663932008,1.35498659404562,1.3727685654885136e-10,
song,geometric,0.8,17,5,2015,true,1.0,1.0,0.05,24,0.8370466336158491,59,2.0763045392412334,18,0.75,0.05,0.0,-1.8827468421222466,-1.1520746625120037,0.24929039391817998,False,4.638148875204265,0.8472357889048125,5.097433586342959e-11,
song,geometric,0.8,17,6,2016,discovered,1.0,1.0,0.05,159,0.9574610455696251,1,1.5896302988736561,159,1.0,0.0,0.0,-5.142725821232917,-1.8927544430207421,0.058390532553035286,False,-3.37979528290996,2.849118418383796,1.2078089639544487e-09,
song,geometric,0.8,17,6,2016,true,1.0,1.0,0.05,24,0.8392524589572863,18,1.6846886600582323,23,0.9583333333333334,0.01,0.0,-5.276629289760404,-1.9728793270100538,0.04850931245751392,False,4.180976309197748,0.9235003522970524,1.1937117960769683e-12,
song,geometric,0.8,17,7,2017,discovered,1.0,1.0,0.05,126,0.9083448998569861,38,2.4885591045485573,21,0.16666666666666666,0.45,0.0,-0.5922355936205825,-0.7223270630329832,0.4700934179039199,False,3.1391522249911734,1.031973804968895,1.0203393685515039e-11,
song,geometric,0.8,17,7,2017,true,1.0,1.0,0.05,24,0.7653574888235598,31,1.8938890139782045,19,0.7916666666666666,0.02,0.0,-3.1290234007417865,-1.492938253350548,0.13545335063299924,False,4.326470954274509,0.8306662399029672,1.8047785488306545e-12,
song,geometric,0.8,18,0,2010,discovered,1.0,1.0,0.05,55,0.9373375333706768,1,2.007578188486942,55,1.0,0.94,0.0,-0.047329542988991946,-0.08445710194725524,0.932693008619165,False,-61514.55833229817,220.50510834991582,7.357949471042957e-06,
song,geometric,0.8,18,0,2010,true,1.0,1.0,0.05,19,0.8176226132854084,13,2.8666973755728846,10,0.5263157894736842,0.73,0.0,-0.5872966455318567,-0.724901652401663,0.46851236708796884,False,2.6476193761605904,0.6150915930511833,2.9700686354772188e-12,
song,geometric,0.8,18,1,2011,discovered,1.0,1.0,0.05,74,0.8886799121908167,1,1.6057979535460187,74,1.0,0.0,0.0,-1.5499202496299371,-0.8370824824671321,0.40254620626028814,False,-3.2287023007073046,2.761472507293465,7.932499102025758e-11,
song,geometric,0.8,18,1,2011,true,1.0,1.0,0.05,24,0.8248351974066928,8,2.0024669606692034,23,0.9583333333333334,0.08,0.0,-3.482279542294228,-1.766829503488735,0.07725678608760124,False,2.8127840074894683,0.7623824914417973,6.536993168992922e-13,
song,geometric,0.8,18,2,2012,discovered,1.0,1.0,0.05,102,0.9418547474394471,1,1.7604557760577653,102,1.0,0.16,0.0,-0.3861099638419947,-0.35520665804802165,0.7224347771478348,False,-24.952239849501243,5.363862623003469,1.1011182436959643e-06,
song,geometric,0.8,18,2,2012,true,1.0,1.0,0.05,24,0.7668638900863268,25,2.757111048466997,14,0.5833333333333334,0.15,0.0,-1.0057876537264678,-0.8751763545860097,0.3814779568154364,False,3.4148367818974426,0.605363576594561,2.7213786779611837e-12,
song,geometric,0.8,18,3,2013,discovered,1.0,1.0,0.05,87,0.9396233873714515,1,1.6370975667798457,87,1.0,0.05,0.0,-3.7656468385430912,-1.5900492256319954,0.1118237096015676,False,-1.4100167929970033,2.1404380480189977,7.503331289626658e-12,
song,geometric,0.8,18,3,2013,true,1.0,1.0,0.05,23,0.7716541178528561,20,2.527713879310254,12,0.5217391304347826,0.29,0.0,-0.6282175909960293,-0.8309636701719846,0.40599415309955655,False,3.0285103596948693,0.7923137301358567,1.1013412404281553e-12,
song,geometric,0.8,18,4,2014,discovered,1.0,1.0,0.05,130,0.9434748423425857,3,1.70622793864056,71,0.5461538461538461,0.11,0.0,-1.9494896766888024,-1.1831130301079031,0.2367643544318484,False,-0.4934442135501358,2.239265447433366,1.197975052491529e-09,
song,geometric,0.8,18,4,2014,true,1.0,1.0,0.05,24,0.8199618403160588,13,1.682615573378451,22,0.9166666666666666,0.01,0.0,-4.191261137450039,-1.6271000709411285,0.10371584598011865,False,3.782540744425221,1.0129956843342918,1.561204499012092e-10,
song,geometric,0.8,18,5,2015,discovered,1.0,1.0,0.05,115,0.8604164725464165,31,2.4599147030522412,35,0.30434782608695654,0.92,0.0,-0.10742313398448022,-0.32893227533198527,0.7422068783190034,False,-2.41479282630213,2.196668084463776,3.1794797905604355e-09,
song,geometric,0.8,18,5,2015,true,1.0,1.0,0.05,24,0.862003875199271,26,1.7584088287858528,23,0.9583333333333334,0.0,0.0,-2.141953071562519,-1.1573756518990403,0.24711891726101498,False,3.954334021888104,1.2633583292330537,1.9824142327706795e-09,
song,geometric,0.8,18,6,2016,discovered,1.0,1.0,0.05,168,0.9466485825152751,1,1.6341794712495878,168,1.0,0.05,0.0,-3.039738322107322,-1.4173324083957355,0.15638576418481576,False,-6.797847936927994,3.4385547425492544,1.5314753909478895e-09,
song,geometric,0.8,18,6,2016,true,1.0,1.0,0.05,24,0.8283614091564777,59,2.332296860848177,15,0.625,0.38,0.0,-0.8022209902376085,-0.7876750724296763,0.4308867900494959,False,4.147104036715292,0.9034809089504594,8.58619841892505e-11,
song,geometric,0.8,18,7,2017,discovered,1.0,1.0,0.05,109,0.8807398560341785,25,2.321060449318911,19,0.1743119266055046,0.52,0.0,-0.12347796703919922,-0.3792669915107589,0.7044896087789214,False,-0.4416267940083558,1.9372976007121931,6.929781193321105e-10,
song,geometric,0.8,18,7,2017,true,1.0,1.0,0.05,24,0.8283375055087937,29,1.9132238807228183,21,0.875,0.27,0.0,-2.1058426293262604,-1.2875974404730806,0.19788613078349404,False,3.993643503388431,1.0165827292260476,1.3798739928461146e-11,
song,geometric,0.8,19,0,2010,discovered,1.0,1.0,0.05,58,0.9245070593437368,1,1.8488207383064599,58,1.0,0.09,0.0,-2.5827381937669864,-1.3903440113108687,0.16442443930388462,False,-0.7330847035552106,1.4801997748044944,2.7569058147491887e-12,
song,geometric,0.8,19,0,2010,true,1.0,1.0,0.05,22,0.6869503870999756,8,2.505783128783573,15,0.6818181818181818,0.11,0.0,-2.277220441298773,-1.2741446134612509,0.20261216989702824,False,2.5697382003057365,0.5010112801486627,2.5579538487363607e-13,
song,geometric,0.8,19,1,2011,discovered,1.0,1.0,0.05,77,0.9330101869593359,9,2.5628040142664807,18,0.23376623376623376,0.45,0.0,-0.3432419533982545,-0.5765445280277501,0.5642471814992012,False,1.1663956760004868,1.1360863761265299,2.298605750183924e-11,
song,geometric,0.8,19,1,2011,true,1.0,1.0,0.05,23,0.7732736012924664,12,2.155552214252899,16,0.6956521739130435,0.31,0.0,-1.697607705755014,-1.1502399050282803,0.250045074611677,False,2.989741273593875,0.7790687415954926,2.9132252166164108e-12,
song,geometric,0.8,19,2,2012,discovered,1.0,1.0,0.05,109,0.955540374814308,1,1.6964475738784348,109,1.0,0.11,0.0,-2.3305817481707174,-1.1869107615306556,0.23526282202960902,False,-4.250831788686048,2.7214699702781058,9.248424248653464e-11,
song,geometric,0.8,19,2,2012,true,1.0,1.0,0.05,23,0.7743799551282357,22,2.26595245030834,14,0.6086956521739131,0.1,0.0,-2.6881496862967715,-1.4290504134991946,0.15298974412645314,False,3.754289947316019,0.5429998775496975,4.902744876744691e-13,
song,geometric,0.8,19,3,2013,discovered,1.0,1.0,0.05,72,0.9118787896201667,1,1.575055079839174,72,1.0,0.02,0.0,-2.6863491173815253,-1.2200398605616498,0.22244976466960364,False,-1.7156364322966577,2.4382743535450073,1.8070522855850868e-10,
song,geometric,0.8,19,3,2013,true,1.0,1.0,0.05,23,0.6980319249588255,11,1.9436599923655795,17,0.7391304347826086,0.0,0.0,-3.09036620845119,-1.4635731703191106,0.14331060769484025,False,3.2565670718115216,0.7456461860217516,4.689582056016661e-13,
song,geometric,0.8,19,4,2014,discovered,1.0,1.0,0.05,123,0.9591473888323415,2,1.8483875765688995,84,0.6829268292682927,0.01,0.0,-0.788139872088371,-0.8248044299219,0.40948263125957984,False,-6.369102354913025,3.0700784843421474,2.2030826585250907e-07,
song,geometric,0.8,19,4,2014,true,1.0,1.0,0.05,24,0.6442417382176785,65,3.3702796367085592,11,0.4583333333333333,0.48,0.0,-0.9289540942877506,-0.7448909578152256,0.4563376418419576,False,4.374260009907507,0.42070093528069974,7.105427357601002e-14,
song,geometric,0.8,19,5,2015,discovered,1.0,1.0,0.05,145,0.9240720723904957,5,1.6734899797395646,70,0.4827586206896552,0.14,0.0,-2.8056616982102343,-1.5197050340851113,0.12858512582722537,False,1.0514948873856755,2.0167839760226913,1.1891074791492429e-09,
song,geometric,0.8,19,5,2015,true,1.0,1.0,0.05,24,0.8250732932728614,98,2.614564734605588,13,0.5416666666666666,0.48,0.0,-0.49129599602802454,-0.5569701406188796,0.5775478303455501,False,4.399137624869079,0.8530191943435007,1.1952749900956405e-10,
song,geometric,0.8,19,6,2016,discovered,1.0,1.0,0.05,100,0.8254331592483095,24,2.488077409600483,31,0.31,0.3,0.0,-0.37834296030973835,-0.6811374155067318,0.49578454414031214,False,1.4102683023150195,1.3944352331225331,7.111111699487083e-11,
song,geometric,0.8,19,6,2016,true,1.0,1.0,0.05,24,0.8612029570196531,79,2.756983468336688,12,0.5,0.45,0.0,-1.1226611561297606,-0.9540120461224411,0.3400775448264378,False,4.676909732682461,0.5442029941523241,4.618527782440651e-13,
song,geometric,0.8,19,7,2017,discovered,1.0,1.0,0.05,154,0.9452085595962318,6,1.9753491331875253,54,0.35064935064935066,0.5,0.0,-1.1633915618502142,-1.0335008214735733,0.3013695862880542,False,0.2474448397436254,1.777946561047827,1.3841372492606752e-11,
song,geometric,0.8,19,7,2017,true,1.0,1.0,0.05,24,0.8230283849073856,88,2.804369716245833,11,0.4583333333333333,0.34,0.0,-0.8682189827850646,-0.7644969853205917,0.44457113252590863,False,4.71448788559303,0.5694242992520967,6.124878382252064e-12,
song,geometric,0.8,20,0,2010,discovered,1.0,1.0,0.05,69,0.9402582066828078,1,2.012622059919497,69,1.0,0.68,0.0,-0.3585372163481195,-0.4545687520435803,0.649419519562208,False,-23.9242045580747,4.47426206586831,1.3102093987527041e-07,
song,geometric,0.8,20,0,2010,true,1.0,1.0,0.05,22,0.8428553662840365,4,1.8798849769639812,18,0.8181818181818182,0.55,0.0,-1.4618132999263063,-1.1001880764220855,0.27125018465329565,False,1.7697441667176599,1.1442321605700996,2.4229507289419416e-12,
song,geometric,0.8,20,1,2011,discovered,1.0,1.0,0.05,79,0.8973864320311168,1,1.8385021923617333,79,1.0,0.08,0.0,0.1402387417747284,0.1681728122120447,0.866447329013502,False,-26.91370598595223,5.260602576260819,3.388053073649644e-07,
song,geometric,0.8,20,1,2011,true,1.0,1.0,0.05,22,0.650627826930844,10,2.3782606792528163,18,0.8181818181818182,0.38,0.0,-1.3321221320900833,-1.0786240180336397,0.2807553698878391,False,2.547035066787438,0.7592120340674408,9.521272659185342e-13,
song,geometric,0.8,20,2,2012,discovered,1.0,1.0,0.05,89,0.9510399816562347,1,1.6109562036373393,89,1.0,0.09,0.0,-3.424400524627902,-1.581319788750497,0.11380493717957539,False,-2.0878761991718724,2.4257594794741846,1.4255192581913434e-09,
song,geometric,0.8,20,2,2012,true,1.0,1.0,0.05,23,0.8594043239617396,24,2.4169245204660683,15,0.6521739130434783,0.57,0.0,-0.5492116564001082,-0.6778733613619785,0.49785199141862835,False,2.91683765541943,0.9832084762974631,1.3713474800169934e-11,
song,geometric,0.8,20,3,2013,discovered,1.0,1.0,0.05,85,0.926431943535181,1,1.6352661783098035,85,1.0,0.12,0.0,-2.8148250986976997,-1.4219869396966194,0.15503004241042226,False,-2.3100642775075353,2.4159885673641672,7.347665587076335e-09,
song,geometric,0.8,20,3,2013,true,1.0,1.0,0.05,23,0.832748997625959,29,3.2362985266865967,10,0.43478260869565216,0.87,0.0,-0.23825205629852864,-0.44816977128722946,0.6540306770364419,False,2.905285829235461,0.7284233100789541,5.151434834260726e-12,
song,geometric,0.8,20,4,2014,discovered,1.0,1.0,0.05,117,0.9301444738744271,1,1.522561278733084,117,1.0,0.0,0.0,-7.877620697595793,-2.4363694199197057,0.014835524764747865,False,-0.5048398109202483,2.2055673555852917,7.406697477563284e-11,
song,geometric,0.8,20,4,2014,true,1.0,1.0,0.05,24,0.7892915946115746,18,1.8925415816875668,21,0.875,0.24,0.0,-1.923669645702378,-1.29448203762916,0.19549896981545567,False,3.458689506377305,1.080877282314812,7.815970093361102e-12,
song,geometric,0.8,20,5,2015,discovered,1.0,1.0,0.05,153,0.9428527598199997,1,1.5020933414480455,153,1.0,0.04,0.0,-3.9264176544145375,-1.5208878472754366,0.12828798415684511,False,-4.651151075190631,3.5524006576817584,7.729215667495737e-08,
song,geometric,0.8,20,5,2015,true,1.0,1.0,0.05,24,0.7879275439166036,113,2.7551648636429427,13,0.5416666666666666,0.15,0.0,-0.8225123362128723,-0.7645428694854884,0.4445437998377654,False,4.87222952658505,0.6413285249671545,9.64917035162216e-12,
song,geometric,0.8,20,6,2016,discovered,1.0,1.0,0.05,149,0.9660633852581086,1,1.5958167474949698,149,1.0,0.03,0.0,-3.3964761702888797,-1.4939129119443095,0.13519838316513083,False,-5.80173157153523,3.383028508488618,1.9019978481082944e-08,
song,geometric,0.8,20,6,2016,true,1.0,1.0,0.05,24,0.7789204571721041,19,1.829479393705583,23,0.9583333333333334,0.09,0.0,-1.8704672100261015,-1.0738912819665296,0.28287141115342884,False,3.465793199366746,1.2216620990606761,1.0359713087382261e-10,
song,geometric,0.8,20,7,2017,discovered,1.0,1.0,0.05,129,0.9634546687283727,2,1.6472539506223018,92,0.7131782945736435,0.54,0.0,-1.8123753521903798,-1.1672568522841686,0.24310665779248208,False,-2.9919244198985053,2.920120845694722,3.5255993680038955e-09,
song,geometric,0.8,20,7,2017,true,1.0,1.0,0.05,23,0.787313247361856,76,2.778621679988375,12,0.5217391304347826,0.18,0.0,-0.558387411446625,-0.5673631798579388,0.5704674603170741,False,4.302110384896352,0.7144362495979708,5.864109198228107e-11,
song,geometric,0.8,21,0,2010,discovered,1.0,1.0,0.05,68,0.9304822803334816,2,2.5892362987087605,34,0.5,0.25,0.0,-0.8860772794857281,-0.9140389028565492,0.36069640433534533,False,-0.02556124899957436,0.9522190565351613,1.1120704357381328e-10,
song,geometric,0.8,21,0,2010,true,1.0,1.0,0.05,24,0.8272989703763892,7,2.202305535527541,15,0.625,0.35,0.0,-2.4048979617367823,-1.4415531467198188,0.149428474100941,False,2.570667222985011,0.6138582059237151,7.176481631177012e-13,
song,geometric,0.8,21,1,2011,discovered,1.0,1.0,0.05,72,0.9687457693005685,3,1.9608630770224549,31,0.4305555555555556,0.41,0.0,-0.1272961201034044,-0.2713633300536363,0.7861116026110713,False,-6.920507003498493,3.064950692089064,7.119496103769052e-10,
song,geometric,0.8,21,1,2011,true,1.0,1.0,0.05,22,0.8041707722993038,3,1.5362082847527483,21,0.9545454545454546,0.0,0.0,-4.2649878516109005,-1.7877574421870495,0.07381514973061509,False,2.5633407783667277,1.239055064517064,1.3216094885137863e-12,
song,geometric,0.8,21,2,2012,discovered,1.0,1.0,0.05,116,0.9072846467188348,1,2.0395411498134206,116,1.0,0.49,0.0,0.5351963766890961,0.5033430712642579,0.6147230891444884,False,-381876.462421471,541.3396489305612,0.0009977333056667703,
song,geometric,0.8,21,2,2012,true,1.0,1.0,0.05,24,0.7842633936886784,30,2.992313234030762,13,0.5416666666666666,0.16,0.0,-0.6385089913510846,-0.6085448435164288,0.5428261735486384,False,3.4005492569107276,0.622188736585449,3.268496584496461e-12,
song,geometric,0.8,21,3,2013,discovered,1.0,1.0,0.05,104,0.9616498164639988,1,1.7637048461345266,104,1.0,0.0,0.0,-3.7299451818323694,-1.66060096046074,0.09679361596305411,False,-1.8739394179936402,1.9766654515455937,1.7075763025786728e-10,
song,geometric,0.8,21,3,2013,true,1.0,1.0,0.05,24,0.8149005227644619,5,1.6927296711761486,23,0.9583333333333334,0.04,0.0,-3.7328808664797193,-1.6695957567247814,0.09499937051904768,False,2.681081549275599,1.0695189131623024,1.3926637620897964e-12,
song,geometric,0.8,21,4,2014,discovered,1.0,1.0,0.05,83,0.8975060462256856,1,1.4265656921932484,83,1.0,0.0,0.0,-8.613292447734215,-2.5405901335713104,0.011066556521796804,False,0.5700534154651549,2.199222680728232,4.382627594168298e-11,
song,geometric,0.8,21,4,2014,true,1.0,1.0,0.05,24,0.7681799247244767,22,1.939774069073778,18,0.75,0.05,0.0,-2.5336403175223,-1.3534981619063444,0.17589653685121942,False,3.8727186154132367,0.8483697103179805,8.01492205937393e-12,
song,geometric,0.8,21,5,2015,discovered,1.0,1.0,0.05,197,0.9706865650334697,3,1.763434119304246,103,0.5228426395939086,0.53,0.0,-1.2274654794909274,-0.9198447097390146,0.3576539154613806,False,-3.8695103511311313,2.9466988070507383,4.116714080737438e-09,
song,geometric,0.8,21,5,2015,true,1.0,1.0,0.05,24,0.8784836712297228,20,1.6436266598656752,24,1.0,0.07,0.0,-3.8500522581808134,-1.74420098348991,0.08112404991181156,False,4.214008911345244,1.1690647720011624,5.505285116669256e-11,
song,geometric,0.8,21,6,2016,discovered,1.0,1.0,0.05,169,0.944624525541007,3,1.8125526316666407,87,0.514792899408284,0.04,0.0,-2.8056385871172385,-1.5648664590625685,0.11761422467042405,False,-0.041607556956570486,1.8590023268097218,3.4992808650713414e-10,
song,geometric,0.8,21,6,2016,true,1.0,1.0,0.05,24,0.8426992936926857,38,2.105946703560666,19,0.7916666666666666,0.25,0.0,-1.1391980981731784,-0.9118241346100313,0.36186130335316435,False,3.815181115820544,1.0397837070267795,2.688693712116219e-11,
song,geometric,0.8,21,7,2017,discovered,1.0,1.0,0.05,140,0.9542168403964251,1,1.5646178740406707,140,1.0,0.27,0.0,-1.607747935084764,-0.9157424458798437,0.35980199669281676,False,-13.062893555387014,4.814724152114502,1.442973598386743e-07,
song,geometric,0.8,21,7,2017,true,1.0,1.0,0.05,24,0.8686942200139267,30,1.8858514641464432,19,0.7916666666666666,0.03,0.0,-2.578553692815,-1.4239057566338447,0.15447375518894005,False,4.2182054613646285,0.9165227032615538,1.1176837233506376e-10,
song,geometric,0.8,22,0,2010,discovered,1.0,1.0,0.05,66,0.9255138521354274,1,1.8611893291175376,66,1.0,0.17,0.0,-0.5204310707565382,-0.48725751451923965,0.6260758515024196,False,-7.272634108198866,2.900949121682849,2.1665869098796975e-10,
song,geometric,0.8,22,0,2010,true,1.0,1.0,0.05,22,0.705620968006742,10,2.7348684711141398,12,0.5454545454545454,0.38,0.0,-1.7778895686449916,-1.18468281366164,0.23614288012543538,False,2.7271267965828376,0.4410800633920903,6.16751094639767e-12,
song,geometric,0.8,22,1,2011,discovered,1.0,1.0,0.05,65,0.9425910657573856,1,1.6928386659190546,65,1.0,0.35,0.0,-0.6599364410376157,-0.5854537133004936,0.5582426810371968,False,-9.375460555520641,3.6883597595018025,3.922465907635342e-08,
song,geometric,0.8,22,1,2011,true,1.0,1.0,0.05,21,0.7413024518046423,18,2.518972218713515,12,0.5714285714285714,0.67,0.0,-0.5603565775534651,-0.6856833748994037,0.49291279271271526,False,2.839858989616506,0.8333328552072833,5.123013124830322e-12,
song,geometric,0.8,22,2,2012,discovered,1.0,1.0,0.05,104,0.9716258787527702,2,1.908548808468394,60,0.5769230769230769,0.83,0.0,-0.24947499751772928,-0.3840269961639298,0.7009584387370655,False,-12.81874987624979,3.873122372626118,1.9683565710693074e-07,
song,geometric,0.8,22,2,2012,true,1.0,1.0,0.05,24,0.764264771875612,15,2.1081089890830746,20,0.8333333333333334,0.31,0.0,-2.104566099173465,-1.3566847795939534,0.17488139067062225,False,3.2366476316647494,0.8170621615513873,2.5906388145813253e-11,
song,geometric,0.8,22,3,2013,discovered,1.0,1.0,0.05,75,0.8980286913897806,10,2.557655606141585,22,0.29333333333333333,0.44,0.0,-0.6140354830739811,-0.7676972290587342,0.4426670827909557,False,1.7567393700882983,0.9911851880575507,1.1338840977259679e-10,
song,geometric,0.8,22,3,2013,true,1.0,1.0,0.05,24,0.7199297985603416,13,2.205843255035167,17,0.7083333333333334,0.12,0.0,-1.629755065322839,-1.0247094655406244,0.3055002954317153,False,3.0036954441138466,0.7793952262140588,5.8690829973784275e-12,
song,geometric,0.8,22,4,2014,discovered,1.0,1.0,0.05,101,0.924123058488423,1,1.5261942732243121,101,1.0,0.06,0.0,-4.431107426749345,-1.692641921689495,0.09052364636893163,False,-1.6164818948504167,2.594617872705869,5.087997578812065e-09,
song,geometric,0.8,22,4,2014,true,1.0,1.0,0.05,23,0.7558101666528624,21,2.074380784248486,19,0.8260869565217391,0.05,0.0,-1.2971545991407587,-0.9026661591426821,0.36670310206463996,False,3.3233529496692027,1.0133521494982616,5.3574922276311554e-11,
song,geometric,0.8,22,5,2015,discovered,1.0,1.0,0.05,145,0.938597629742869,47,2.5133552111691313,21,0.14482758620689656,0.8,0.0,-0.14409060259196682,-0.3855978219373929,0.699794546557089,False,0.9079055639539809,1.6458579695817956,1.5091643490450224e-09,
song,geometric,0.8,22,5,2015,true,1.0,1.0,0.05,24,0.8315086033654684,36,1.8413188239352698,22,0.9166666666666666,0.04,0.0,-2.3376601404917587,-1.3184033118053866,0.1873686727433166,False,4.306012400418794,1.0765883229857742,2.177955593651859e-10,
song,geometric,0.8,22,6,2016,discovered,1.0,1.0,0.05,88,0.8290877333276001,22,2.279179344453297,33,0.375,0.18,0.0,-0.43885963530324634,-0.705724669394341,0.4803593764797338,False,1.2261379357057032,1.5738388701046853,2.1525750071305083e-09,
song,geometric,0.8,22,6,2016,true,1.0,1.0,0.05,24,0.8514748657145828,17,1.751082014779952,23,0.9583333333333334,0.08,0.0,-2.8712564251481183,-1.32184501009752,0.18621976678048235,False,3.737422925055398,1.1209516334103726,1.736566446197685e-11,
song,geometric,0.8,22,7,2017,discovered,1.0,1.0,0.05,134,0.9460519568043183,1,1.5178365934357618,134,1.0,0.03,0.0,-3.681589047382282,-1.4726486659334546,0.14084579511970552,False,-4.035672137544147,3.3205902620181798,8.032202458707616e-09,
song,geometric,0.8,22,7,2017,true,1.0,1.0,0.05,24,0.7633544027643999,105,3.7065265393092517,10,0.4166666666666667,0.47,0.0,-0.15035493480370832,-0.34170079716459845,0.7325760721318723,False,3.9244229745639814,0.7088681760795299,3.4771119317156263e-10,
song,geometric,0.8,23,0,2010,discovered,1.0,1.0,0.05,47,0.9227886031221965,1,1.7104209487275701,47,1.0,0.06,0.0,-1.1014221931162211,-0.7883839437692628,0.4304721596875466,False,-2.8611958734486516,2.360993778105344,5.285016868583625e-10,
song,geometric,0.8,23,0,2010,true,1.0,1.0,0.05,20,0.6466107806691187,12,2.941563557982747,11,0.55,0.9,0.0,-0.4608399816749915,-0.7321862324579128,0.4640549063401187,False,2.372364146936675,0.676397187397131,3.950617610826157e-12,
song,geometric,0.8,23,1,2011,discovered,1.0,1.0,0.05,81,0.9026904747837139,8,2.8467658782575436,22,0.2716049382716049,0.61,0.0,-0.11226808176345848,-0.3287821937042149,0.742320322899191,False,-1.1982400717827941,1.483818832604336,1.3959322586742928e-10,
song,geometric,0.8,23,1,2011,true,1.0,1.0,0.05,23,0.7226727844047001,8,1.9325557701885259,18,0.782608695652174,0.04,0.0,-2.7052301103259873,-1.406268126620254,0.15964452099939563,False,2.865978176701243,0.8230858899045024,9.094947017729282e-13,
song,geometric,0.8,23,2,2012,discovered,1.0,1.0,0.05,100,0.9444241420905017,1,1.6866942405702232,100,1.0,0.26,0.0,-0.12284546013029907,-0.1028327863717909,0.9180956834312725,False,-21.870488486217397,5.36080078535003,1.2789200809493195e-09,
song,geometric,0.8,23,2,2012,true,1.0,1.0,0.05,24,0.8046347285733415,25,2.662258480990681,12,0.5,0.67,0.0,-0.48101564308251277,-0.6282955304174118,0.5298103590699426,False,3.0703746859491967,0.8082541963025468,5.5990767577895895e-12,
song,geometric,0.8,23,3,2013,discovered,1.0,1.0,0.05,95,0.9444872883005819,1,1.641372029563389,95,1.0,0.04,0.0,-3.626686036561914,-1.5338864470606877,0.12505759075746484,False,-1.8511596102466767,2.2645709381655004,1.1803535926446784e-10,
song,geometric,0.8,23,3,2013,true,1.0,1.0,0.05,23,0.7559513904392383,25,3.366368693658223,11,0.4782608695652174,0.86,0.0,-3.0477532231287796e-06,-9.94334693432684e-05,0.9999206635701147,False,-25.59333212070482,3.514311139828897,3.824711748023901e-05,
song,geometric,0.8,23,4,2014,discovered,1.0,1.0,0.05,126,0.9086139938314876,2,1.6830087505684772,91,0.7222222222222222,0.0,0.0,-7.754161026179073,-2.4940342627076197,0.012630035232761464,False,1.0701182354943448,1.457313750632221,1.787725523172412e-10,
song,geometric,0.8,23,4,2014,true,1.0,1.0,0.05,24,0.8343519028321082,32,2.3436822283673715,15,0.625,0.25,0.0,-1.0063317943212566,-0.8826614588254731,0.37741921171122805,False,3.6827757475542393,0.816772703204389,7.005951374594588e-12,
song,geometric,0.8,23,5,2015,discovered,1.0,1.0,0.05,155,0.9572004035650845,4,1.7425650812947564,75,0.4838709677419355,0.27,0.0,-1.5561663892363775,-1.1753040997424342,0.23987307490231802,False,-1.1000223684601214,2.440670036766733,7.869005003158236e-09,
song,geometric,0.8,23,5,2015,true,1.0,1.0,0.05,24,0.8644519799398067,31,1.812908942034015,22,0.9166666666666666,0.25,0.0,-2.334001321935548,-1.3687024191949904,0.1710923138051771,False,4.178219501458571,1.1150971715829816,5.4001247917767614e-11,
song,geometric,0.8,23,6,2016,discovered,1.0,1.0,0.05,110,0.9059921768411524,1,1.45355857129929,110,1.0,0.0,0.0,-5.214267240375938,-1.7393601665599667,0.08197143023696449,False,-1.381692451631748,2.876433894996714,4.210050974506885e-09,
song,geometric,0.8,23,6,2016,true,1.0,1.0,0.05,24,0.8102527451480442,26,1.8527208673264177,20,0.8333333333333334,0.13,0.0,-2.495393803511801,-1.3122467445368315,0.18943689452644596,False,4.061426390322587,0.9884886878115074,1.716671249596402e-11,
song,geometric,0.8,23,7,2017,discovered,1.0,1.0,0.05,146,0.9328661565243068,1,1.5312879606354781,146,1.0,0.04,0.0,-2.67140138385853,-1.105926466336364,0.26875834827246337,False,-5.372444102496722,3.5773387758017248,4.414005161379464e-09,
song,geometric,0.8,23,7,2017,true,1.0,1.0,0.05,24,0.8101110723633119,96,3.058582094630054,10,0.4166666666666667,0.58,0.0,-0.28454204870622846,-0.4168389186822076,0.6767962334891825,False,4.220152619805779,0.7433662588394395,1.4232170997274807e-11,
song,geometric,0.8,24,0,2010,discovered,1.0,1.0,0.05,51,0.9111079731256391,6,2.8072590619640123,15,0.29411764705882354,0.59,0.0,-0.44549287605167565,-0.6063559726103833,0.5442783978254959,False,1.3679481251783068,0.8234862141863727,2.7995383788947947e-12,
song,geometric,0.8,24,0,2010,true,1.0,1.0,0.05,22,0.9156895637185882,6,2.3206125775439226,17,0.7727272727272727,0.71,0.0,-0.6405998412594065,-0.7728022583967239,0.4396394166556077,False,1.4680786815507907,1.0382048138822724,1.1013412404281553e-12,
song,geometric,0.8,24,1,2011,discovered,1.0,1.0,0.05,71,0.8876100654300065,5,2.013540894912451,32,0.4507042253521127,0.05,0.0,-1.8196875178958893,-1.1641427910342514,0.24436614983355331,False,1.6602322608705264,1.1493103552236243,8.455458555545192e-12,
song,geometric,0.8,24,1,2011,true,1.0,1.0,0.05,23,0.7942508246900746,5,1.735423048654778,21,0.9130434782608695,0.02,0.0,-3.7064304858767407,-1.5514505401293257,0.12079375147581677,False,2.658718919699464,0.9646806895342107,5.4996007747831754e-11,
song,geometric,0.8,24,2,2012,discovered,1.0,1.0,0.05,85,0.8875609111779197,1,1.5220988383632141,85,1.0,0.0,0.0,-5.434315160839965,-1.8929097869168212,0.05836986751505481,False,-0.41027216131509436,2.173146404378726,5.115907697472721e-13,
song,geometric,0.8,24,2,2012,true,1.0,1.0,0.05,24,0.774791581507684,14,1.9831765337700678,17,0.7083333333333334,0.05,0.0,-2.483678020117219,-1.2539337277616507,0.2098660946256765,False,3.392260628443614,0.7945734746657035,9.237055564881302e-13,
song,geometric,0.8,24,3,2013,discovered,1.0,1.0,0.05,71,0.9324594797411927,3,1.8641316672593393,42,0.5915492957746479,0.3,0.0,-1.5280435976919433,-1.0789896128620777,0.28059235814016836,False,0.337713075004853,1.6395171865123788,8.023448572203051e-11,
song,geometric,0.8,24,3,2013,true,1.0,1.0,0.05,24,0.8200380936757555,9,1.9271962515306194,20,0.8333333333333334,0.06,0.0,-2.1963207605131183,-1.3131858556849674,0.18912032893107478,False,2.8354021957627404,0.9573278808922787,3.367972567502875e-12,
song,geometric,0.8,24,4,2014,discovered,1.0,1.0,0.05,91,0.9205640359543916,3,1.8017128214640088,63,0.6923076923076923,0.09,0.0,-1.6792307101837745,-1.2868620450399808,0.19814237650034816,False,-0.5103021441092741,2.027796179424868,2.0452262106118724e-10,
song,geometric,0.8,24,4,2014,true,1.0,1.0,0.05,24,0.7779363996047693,34,2.219353644772484,14,0.5833333333333334,0.36,0.0,-1.2397113291475867,-0.9884194206096363,0.322947280156867,False,3.9344649263355906,0.8021885763910297,2.5210056264768355e-11,
song,geometric,0.8,24,5,2015,discovered,1.0,1.0,0.05,111,0.9222992532594421,6,1.658721696851087,55,0.4954954954954955,0.03,0.0,-2.3801690421653205,-1.3465588763002032,0.17812234625666945,False,1.4225802590110543,1.9958052447862882,4.3851855480170343e-10,
song,geometric,0.8,24,5,2015,true,1.0,1.0,0.05,24,0.7753866466163861,98,2.4406801862280094,14,0.5833333333333334,0.25,0.0,-1.398397560341797,-0.969922366219371,0.3320851905538893,False,4.9877060759917065,0.6457565959188587,4.830269517697161e-11,
song,geometric,0.8,24,6,2016,discovered,1.0,1.0,0.05,122,0.9281816937522557,1,1.494412329996993,122,1.0,0.05,0.0,-6.539535254264341,-2.115808247827563,0.03436111934736756,False,-1.1641507473226305,2.581592930316272,5.125968982611084e-09,
song,geometric,0.8,24,6,2016,true,1.0,1.0,0.05,24,0.8494665280394602,61,2.489052663674676,13,0.5416666666666666,0.13,0.0,-0.8622385973631301,-0.6902902319004155,0.49001168943056883,False,4.306047381636341,0.7410790937258604,3.268496584496461e-13,
song,geometric,0.8,24,7,2017,discovered,1.0,1.0,0.05,142,0.9754980259624046,2,1.695220269459296,96,0.676056338028169,0.32,0.0,-0.42251652345672897,-0.47504359658244105,0.634755899496956,False,-16.215556957192955,5.003861232708021,2.4706214958314376e-06,
song,geometric,0.8,24,7,2017,true,1.0,1.0,0.05,24,0.8246873306117855,12,1.560852844854361,24,1.0,0.01,0.0,-5.36774859201617,-1.9875115006292061,0.04686574272164728,False,4.040187604694173,1.1417927948073427,6.0538241086760536e-12,
song,geometric,0.8,25,0,2010,discovered,1.0,1.0,0.05,45,0.9115682704205884,1,1.7933146601984502,45,1.0,0.03,0.0,-0.4489438731870655,-0.4524607082660718,0.6509371210087669,False,-5.708505182821142,2.778406611351374,7.040910077193985e-10,
song,geometric,0.8,25,0,2010,true,1.0,1.0,0.05,21,0.7231995955169577,5,2.0320012999876247,17,0.8095238095238095,0.29,0.0,-2.2934943287815757,-1.303069942151332,0.19255088429266753,False,2.251429632466487,0.7741710422207934,5.826450433232822e-13,
song,geometric,0.8,25,1,2011,discovered,1.0,1.0,0.05,74,0.8978116848771319,1,1.6302012801021626,74,1.0,0.01,0.0,-2.7623622160581633,-1.2630819856926034,0.20655971724989441,False,-1.5030273553575202,2.193276722666985,2.5781332624319475e-10,
song,geometric,0.8,25,1,2011,true,1.0,1.0,0.05,24,0.7985116182388388,15,2.7026851342790876,12,0.5,0.86,0.0,-0.21056748366030487,-0.49736431379490725,0.6189321661596233,False,1.690288650601669,1.0732105185718634,9.819700608204585e-12,
song,geometric,0.8,25,2,2012,discovered,1.0,1.0,0.05,99,0.9330320010622859,1,1.6349114067468185,99,1.0,0.57,0.0,0.7247013813751817,0.713578246155627,0.47548801315064004,False,-600.9666543362748,27.981697173068536,0.00019298045037885458,
song,geometric,0.8,25,2,2012,true,1.0,1.0,0.05,24,0.7464274332604794,4,1.5278372218455003,22,0.9166666666666666,0.0,0.0,-4.745300997615443,-1.7735816163265217,0.07613238074991216,False,2.9473081364513436,1.2249767453918392,6.252776074688882e-12,
song,geometric,0.8,25,3,2013,discovered,1.0,1.0,0.05,67,0.9143338392100216,3,1.8199540420904514,43,0.6417910447761194,0.34,0.0,-1.3529937525952844,-1.0255000840124282,0.30512728579167614,False,0.06216164119806526,1.8121081068376865,4.831690603168681e-13,
song,geometric,0.8,25,3,2013,true,1.0,1.0,0.05,22,0.7081176210851265,26,3.0121100019940306,10,0.45454545454545453,0.23,0.0,-1.7147823654641208,-1.1646826079895374,0.24414749152101622,False,3.6595988882022783,0.3597374951466459,2.5210056264768355e-10,
song,geometric,0.8,25,4,2014,discovered,1.0,1.0,0.05,105,0.9554359840934049,2,1.6796804369899034,70,0.6666666666666666,0.03,0.0,-2.3562355595400355,-1.450310126105044,0.14697205654553916,False,-0.8891269865345097,2.2416553053794126,1.247713043994736e-11,
song,geometric,0.8,25,4,2014,true,1.0,1.0,0.05,24,0.8373691299800563,16,1.866070195158083,22,0.9166666666666666,0.18,0.0,-2.200727389870085,-1.2864262748315816,0.19829433342874014,False,3.4187659413511207,1.0713723413960023,1.4949819160392508e-11,
song,geometric,0.8,25,5,2015,discovered,1.0,1.0,0.05,129,0.9195274861468848,6,1.917046663926189,69,0.5348837209302325,0.11,0.0,-0.07410410200588569,-0.18236838852092477,0.8552936320884318,False,-14.247388420756423,4.346710267546904,1.718807141060097e-06,
song,geometric,0.8,25,5,2015,true,1.0,1.0,0.05,24,0.8379539891249387,76,2.1551023159363334,15,0.625,0.11,0.0,-2.00795517521967,-1.1155217426743764,0.2646269064525433,False,4.958562571408155,0.7078268054554985,3.413447302591521e-11,
song,geometric,0.8,25,6,2016,discovered,1.0,1.0,0.05,104,0.8789383757903891,1,1.4440583389284285,104,1.0,0.0,0.0,-6.620362116679999,-1.9886356437836392,0.04674143415410094,False,-0.4294063906935787,2.5687332984686853,9.77365743892733e-10,
song,geometric,0.8,25,6,2016,true,1.0,1.0,0.05,23,0.762075665077384,17,1.7377711193870335,22,0.9565217391304348,0.0,0.0,-4.320541989268464,-1.7143692029089084,0.08646094088871073,False,3.977524490345615,0.9242380742453999,2.9842794901924208e-12,
song,geometric,0.8,25,7,2017,discovered,1.0,1.0,0.05,129,0.8913151760524857,4,1.6622490072605354,73,0.5658914728682171,0.0,0.0,-5.144793307373185,-1.9869023325664787,0.046933221099804925,False,1.7154678086715371,1.6330908162449924,8.202505341614597e-11,
song,geometric,0.8,25,7,2017,true,1.0,1.0,0.05,24,0.7449023093315504,108,3.4031219685453777,10,0.4166666666666667,0.75,0.0,-0.46356124462834813,-0.5866749710620639,0.5574220205742058,False,4.660253915800046,0.5296022951951279,5.314149120749789e-11,
song,geometric,0.8,26,0,2010,discovered,1.0,1.0,0.05,45,0.9044939636413959,1,1.6733391842381626,45,1.0,0.02,0.0,-3.8671037592964908,-1.6064809693297692,0.10816827303727503,False,0.2191294929795945,1.4141194711536487,6.923528417246416e-11,
song,geometric,0.8,26,0,2010,true,1.0,1.0,0.05,22,0.7797519315596456,7,2.339730932217037,15,0.6818181818181818,0.14,0.0,-0.8599788973637654,-0.7493229864432049,0.45366255650731324,False,2.0216960361413303,0.8613787983873686,1.5631940186722204e-13,
song,geometric,0.8,26,1,2011,discovered,1.0,1.0,0.05,79,0.9392256141705914,1,1.6860872406013303,79,1.0,0.26,0.0,-3.591438819391442,-1.5854483845461245,0.11286449538235878,False,-1.1297929677575222,1.9211262640949751,3.3716673897288274e-10,
song,geometric,0.8,26,1,2011,true,1.0,1.0,0.05,24,0.8608439512033448,5,1.7804881199470934,23,0.9583333333333334,0.2,0.0,-1.6706795746828504,-1.0681967508327679,0.285431770114115,False,1.9692494721719362,1.354376957037933,2.5153212845907547e-12,
song,geometric,0.8,26,2,2012,discovered,1.0,1.0,0.05,100,0.927613675333634,1,1.8918843268990997,100,1.0,0.28,0.0,-0.014413581627512162,-0.017587022519717794,0.9859683096062536,False,-129282.97072372741,340.9562534177907,0.00017296172791247955,
song,geometric,0.8,26,2,2012,true,1.0,1.0,0.05,23,0.7136367693080318,30,3.1135857050882008,12,0.5217391304347826,0.46,0.0,-0.14407154090263408,-0.3513292191145926,0.7253413766672586,False,2.159119859704362,0.9820134368135135,3.196731768184691e-11,
song,geometric,0.8,26,3,2013,discovered,1.0,1.0,0.05,102,0.9140030777206022,1,1.6942699363173628,102,1.0,0.03,0.0,-1.9706652614022824,-1.0042619325347106,0.31525237721598787,False,-3.5868247007426923,2.579398685851235,8.162714948412031e-11,
song,geometric,0.8,26,3,2013,true,1.0,1.0,0.05,24,0.8458860307301395,14,2.20430735951033,17,0.7083333333333334,0.08,0.0,-2.27261741482954,-1.3255656048087947,0.18498362540389157,False,3.2221459281770235,0.6744756420150032,6.821210263296962e-13,
song,geometric,0.8,26,4,2014,discovered,1.0,1.0,0.05,115,0.8760275272845021,1,1.4811627314676337,115,1.0,0.0,0.0,-10.498915251534449,-2.8416042468851175,0.004488717401443793,False,0.27668092288342466,2.045120421694564,2.4101609596982598e-11,
song,geometric,0.8,26,4,2014,true,1.0,1.0,0.05,24,0.7804128556871535,19,1.8952472312726338,19,0.7916666666666666,0.08,0.0,-2.7186676872918194,-1.385804113238152,0.16580672606761837,False,3.7698552271416754,0.883613860525219,2.7000623958883807e-13,
song,geometric,0.8,26,5,2015,discovered,1.0,1.0,0.05,138,0.9013278598539872,11,1.9891070629342846,53,0.38405797101449274,0.16,0.0,-0.6768382013597654,-0.8511388169697444,0.39469224491374544,False,-0.2792281012642951,2.087007899225349,3.2650859793648124e-10,
song,geometric,0.8,26,5,2015,true,1.0,1.0,0.05,24,0.8492221715744643,66,2.1864083692197545,17,0.7083333333333334,0.26,0.0,-0.9856943249509094,-0.795628692211104,0.4262478845462233,False,4.334902608361084,0.9826416819334269,2.795275122480234e-10,
song,geometric,0.8,26,6,2016,discovered,1.0,1.0,0.05,142,0.9570263006152095,4,2.007281295351418,59,0.4154929577464789,0.44,0.0,-0.15991279619567678,-0.3182570660260077,0.7502899487714042,False,-9.064742641065237,3.3726011523948136,8.55732196214376e-09,
song,geometric,0.8,26,6,2016,true,1.0,1.0,0.05,24,0.7364470992683888,58,2.5973332855423927,15,0.625,0.33,0.0,-0.5376265033088066,-0.585219520219744,0.5584001211382137,False,3.825380487171369,0.8791777852525535,5.540812253457261e-11,
song,geometric,0.8,26,7,2017,discovered,1.0,1.0,0.05,160,0.9540869937688354,1,1.5847204376718498,160,1.0,0.0,0.0,-5.017908132784374,-1.9110184431921613,0.05600221081035884,False,-3.389860633877271,2.8706552720152585,4.865796654485166e-11,
song,geometric,0.8,26,7,2017,true,1.0,1.0,0.05,24,0.8730328844812083,87,2.930130015593559,11,0.4583333333333333,0.59,0.0,-0.22038078463666722,-0.3977887993105875,0.6907858742892055,False,3.7711894728696977,0.8996228454297506,4.057199021190172e-12,
song,geometric,0.8,27,0,2010,discovered,1.0,1.0,0.05,55,0.943125131548575,1,1.8217213221781612,55,1.0,0.07,0.0,-2.9916101098143963,-1.5548561610973168,0.11998033012986022,False,-0.4549850403753234,1.4202422709632094,1.4495071809506044e-11,
song,geometric,0.8,27,0,2010,true,1.0,1.0,0.05,21,0.8512745698425279,7,2.297866204646531,13,0.6190476190476191,0.09,0.0,-0.977051072544544,-0.8211046336806117,0.4115866708906991,False,2.1968964274369758,0.7996746349473509,1.3287149158713873e-12,
song,geometric,0.8,27,1,2011,discovered,1.0,1.0,0.05,60,0.8545800330879559,7,2.126946623869671,28,0.4666666666666667,0.28,0.0,-1.3458004384996962,-1.0593944521950553,0.28942017521818975,False,1.8492786601633133,1.1115384589117514,2.7000623958883807e-13,
song,geometric,0.8,27,1,2011,true,1.0,1.0,0.05,21,0.7730171514366637,13,2.2167661198025175,14,0.6666666666666666,0.61,0.0,-0.9752858092652206,-0.9218538930122995,0.35660479179561866,False,2.810609823405618,0.8854549544403189,4.426681243785424e-12,
song,geometric,0.8,27,2,2012,discovered,1.0,1.0,0.05,105,0.9462421127686491,1,1.7171796519375568,105,1.0,0.26,0.0,-2.7348243304155817,-1.3838529050402226,0.16640349968520318,False,-3.100121537016388,2.401085049533292,6.342872893583262e-10,
song,geometric,0.8,27,2,2012,true,1.0,1.0,0.05,24,0.6356930476250754,21,2.366276910900333,16,0.6666666666666666,0.19,0.0,-1.134069434057062,-0.8915058536965251,0.37265785259210926,False,3.285115243151794,0.7837886931990211,9.961809155356605e-12,
song,geometric,0.8,27,3,2013,discovered,1.0,1.0,0.05,65,0.890440658684214,22,3.7542148462372045,12,0.18461538461538463,0.95,0.0,-0.1558302935225151,-0.3902535513360735,0.6963490663031301,False,2.2151047368152463,0.7316192764237287,9.732303851706092e-11,
song,geometric,0.8,27,3,2013,true,1.0,1.0,0.05,23,0.7494954955828659,30,3.884102142889594,11,0.4782608695652174,0.99,0.0,0.0006489083232370518,0.02148300341319223,0.9828603616464484,False,-25.708820498614298,3.1942346352577715,0.00011758972026854053,
song,geometric,0.8,27,4,2014,discovered,1.0,1.0,0.05,98,0.8738083792048401,12,2.2930129195867597,36,0.3673469387755102,0.12,0.0,-0.7421720676855652,-0.8562593800175169,0.39185432409221543,False,1.408020728076477,1.3341542399222388,3.5925040720030665e-11,
song,geometric,0.8,27,4,2014,true,1.0,1.0,0.05,24,0.7297414887440635,44,2.534827191629056,13,0.5416666666666666,0.44,0.0,-1.523593283747787,-1.1057800203906658,0.2688217448158128,False,4.214297238053002,0.5641377678944528,5.6914473134384025e-12,
song,geometric,0.8,27,5,2015,discovered,1.0,1.0,0.05,136,0.9213017936626873,3,1.620853881964106,93,0.6838235294117647,0.07,0.0,-1.8817384896558913,-1.1035606872894235,0.26978375248439146,False,-1.4536374855235352,2.780138404699443,3.3144260669359937e-09,
song,geometric,0.8,27,5,2015,true,1.0,1.0,0.05,24,0.7721344798288972,82,2.492230160997753,14,0.5833333333333334,0.24,0.0,-0.6659796933925675,-0.637061561924329,0.5240847447298725,False,4.389144263334582,0.8446345661139534,1.0047074283647817e-11,
song,geometric,0.8,27,6,2016,discovered,1.0,1.0,0.05,119,0.9398551344134625,3,1.6688331535321095,76,0.6386554621848739,0.02,0.0,-2.1369271391854303,-1.2739312211764915,0.202687792447508,False,-0.5679147723007391,2.3633625471611017,2.3193820197775494e-09,
song,geometric,0.8,27,6,2016,true,1.0,1.0,0.05,24,0.7830929218340187,77,2.797125909250874,11,0.4583333333333333,0.48,0.0,-0.4565434851227277,-0.5900941200610094,0.5551275506854306,False,4.241176441222738,0.7392004835242166,5.447020612336928e-11,
song,geometric,0.8,27,7,2017,discovered,1.0,1.0,0.05,122,0.9463888048936014,5,1.8390935495522138,57,0.4672131147540984,0.42,0.0,-0.5650126724178675,-0.6981192603521458,0.4851026139470124,False,-2.798808716732738,2.706452377385248,2.5415999971301062e-08,
song,geometric,0.8,27,7,2017,true,1.0,1.0,0.05,24,0.7877200063505101,96,3.281214336863349,10,0.4166666666666667,0.32,0.0,-0.3166508223647275,-0.445924938133165,0.6556514675640109,False,4.325794860731037,0.6447233266216895,2.6894042548519792e-11,
song,geometric,0.8,28,0,2010,discovered,1.0,1.0,0.05,51,0.952875054699051,1,1.7912386990320077,51,1.0,0.18,0.0,-2.1176197235509653,-1.259838536492836,0.20772761488893476,False,-1.2049316043209113,1.7271907458793638,5.5280224842135794e-12,
song,geometric,0.8,28,0,2010,true,1.0,1.0,0.05,22,0.8075158778900792,7,2.1926793836131115,13,0.5909090909090909,0.33,0.0,-0.9171374256020224,-0.7717220118491904,0.44027909074023563,False,2.183367701847833,0.8916099531683859,4.312994406063808e-12,
song,geometric,0.8,28,1,2011,discovered,1.0,1.0,0.05,89,0.9533455378826865,2,1.929138104754779,55,0.6179775280898876,0.05,0.0,-1.9371852095547895,-1.2492745585610594,0.2115646699297694,False,-0.3144141306987828,1.5728320465742516,6.281197784119286e-12,
song,geometric,0.8,28,1,2011,true,1.0,1.0,0.05,24,0.81882582752487,3,1.5838882449967981,22,0.9166666666666666,0.05,0.0,-3.636163534133308,-1.554407810488589,0.12008717135857647,False,2.3258288588478284,1.2533651211117522,5.4996007747831754e-12,
song,geometric,0.8,28,2,2012,discovered,1.0,1.0,0.05,100,0.9572945210102421,1,1.6155222078053832,100,1.0,0.05,0.0,-3.328547569666373,-1.5633578949168654,0.11796843784286917,False,-2.839868454833658,2.6201353990825442,2.583590230642585e-09,
song,geometric,0.8,28,2,2012,true,1.0,1.0,0.05,24,0.7338119928845269,20,2.210050915629224,15,0.625,0.17,0.0,-1.3462339191274926,-1.0516512808521647,0.2929595709292929,False,3.406072312016346,0.80243122333756,2.5579538487363607e-12,
song,geometric,0.8,28,3,2013,discovered,1.0,1.0,0.05,88,0.9358056792395573,1,1.6550690763889815,88,1.0,0.21,0.0,-2.434084246518763,-1.2400962770429687,0.21493978584570206,False,-2.8459067274154384,2.5030636969619806,1.716387032502098e-10,
song,geometric,0.8,28,3,2013,true,1.0,1.0,0.05,24,0.7581723384536382,19,2.4353465434832438,14,0.5833333333333334,0.27,0.0,-1.280330555742375,-0.8610059414150112,0.38923477076550195,False,3.2996687437585672,0.6689821769684103,1.4210854715202004e-14,
song,geometric,0.8,28,4,2014,discovered,1.0,1.0,0.05,120,0.9548913451498144,1,1.6576871145375427,120,1.0,0.48,0.0,-1.303655840535978,-0.8312358934935123,0.40584038156067226,False,-10.555328466947499,4.001635548106817,5.02254806633573e-08,
song,geometric,0.8,28,4,2014,true,1.0,1.0,0.05,24,0.8383545917108814,31,2.317412458155069,16,0.6666666666666666,0.34,0.0,-1.3202675060664983,-0.9694584080665312,0.3323165224094321,False,3.774963308858001,0.764340796351116,1.5205614545266144e-12,
song,geometric,0.8,28,5,2015,discovered,1.0,1.0,0.05,102,0.899527440301933,4,1.594724983619507,74,0.7254901960784313,0.03,0.0,-3.427175887185822,-1.6258835940389744,0.10397442079805161,False,1.0159328006847752,2.1644948420595544,1.5211298887152225e-10,
song,geometric,0.8,28,5,2015,true,1.0,1.0,0.05,24,0.7607688389675874,85,2.462507407130998,15,0.625,0.44,0.0,-0.7522119725491327,-0.7162797877310568,0.47381860474925974,False,4.46323015124937,0.8443678988250405,4.4211390104464954e-10,
song,geometric,0.8,28,6,2016,discovered,1.0,1.0,0.05,121,0.9519144501773196,2,1.6193105021560246,87,0.71900826446281,0.04,0.0,-1.6661343112253277,-1.0168931649198296,0.30920425524803774,False,-2.671401043071402,2.9355671614477203,5.521826551557751e-09,
song,geometric,0.8,28,6,2016,true,1.0,1.0,0.05,24,0.8188373043264192,76,2.8425786687340513,11,0.4583333333333333,0.37,0.0,-0.4761010731062738,-0.5431587730230827,0.587020489284124,False,4.258211252231768,0.7092088343760223,4.050093593832571e-12,
song,geometric,0.8,28,7,2017,discovered,1.0,1.0,0.05,157,0.9594764218190449,4,1.905126007072737,64,0.40764331210191085,0.36,0.0,-0.05612110099764722,-0.09511151709929237,0.9242262502269016,False,-10.433556744123672,3.7876845419042637,3.962927053180465e-08,
song,geometric,0.8,28,7,2017,true,1.0,1.0,0.05,24,0.8282888818510818,86,2.994755328958314,10,0.4166666666666667,0.63,0.0,-0.6831569082246878,-0.7492112109737435,0.45372991305902466,False,4.613436533563857,0.546628642240941,6.0893512454640586e-12,
song,geometric,0.8,29,0,2010,discovered,1.0,1.0,0.05,56,0.9141378697500425,1,1.8316007962671288,56,1.0,0.24,0.0,0.24619568015219828,0.4256475330795422,0.6703646986349077,False,-482.5343245219207,21.67634514235036,9.342263740563794e-05,
song,geometric,0.8,29,0,2010,true,1.0,1.0,0.05,22,0.6961482491148915,12,3.1492752501363297,13,0.5909090909090909,0.03,0.0,-0.2551564120393701,-0.40461549536511787,0.6857601667244613,False,1.814895581740224,0.806731882212064,2.566480361565482e-11,
song,geometric,0.8,29,1,2011,discovered,1.0,1.0,0.05,80,0.9439247942847985,1,1.7258623454406763,80,1.0,0.25,0.0,0.12566253760437873,0.13218513003445553,0.8948378624236087,False,-39.65424439180625,6.849557918201423,3.1845972273458756e-05,
song,geometric,0.8,29,1,2011,true,1.0,1.0,0.05,24,0.804934849668793,24,2.6175183705475256,11,0.4583333333333333,0.61,0.0,-0.8425545383740412,-0.7864452117173756,0.4316067049344454,False,3.4205669849574214,0.6405272616601262,5.03774799653911e-12,
song,geometric,0.8,29,2,2012,discovered,1.0,1.0,0.05,92,0.901302385671061,11,2.5117361902934565,27,0.29347826086956524,0.38,0.0,-0.5632808189607368,-0.7997372745272758,0.4238630318631418,False,1.468474230561044,1.1401824382947765,5.623235210805433e-11,
song,geometric,0.8,29,2,2012,true,1.0,1.0,0.05,24,0.7966240504257958,8,1.7196414671186386,20,0.8333333333333334,0.0,0.0,-4.220082585058037,-1.874033816124927,0.06092576436254529,False,3.2517842966378234,0.9107393794193362,1.3343992577574681e-11,
song,geometric,0.8,29,3,2013,discovered,1.0,1.0,0.05,109,0.9010133171181058,1,1.7500006969649804,109,1.0,0.05,0.0,-0.756464759407976,-0.5070664191316455,0.6121082161512792,False,-7.6219176180698724,3.227392966095061,4.995825975129264e-09,
song,geometric,0.8,29,3,2013,true,1.0,1.0,0.05,24,0.8233598506398697,20,2.564248325733137,14,0.5833333333333334,0.19,0.0,-1.0844882814927144,-0.9202112509628622,0.3574623759910086,False,3.2489228780887807,0.6588633903420366,7.460698725481052e-12,
song,geometric,0.8,29,4,2014,discovered,1.0,1.0,0.05,153,0.9713818656373024,4,1.9969714218361112,48,0.3137254901960784,0.41,0.0,-0.2814449335308433,-0.41975766162239053,0.6746624970315052,False,-4.815550018773504,2.732767409064322,2.4325657932422473e-08,
song,geometric,0.8,29,4,2014,true,1.0,1.0,0.05,24,0.7594504740244017,10,1.5883299143305563,23,0.9583333333333334,0.0,0.0,-5.812334274703291,-1.928417579860797,0.0538032069110546,False,3.8216596652722776,1.021145677539611,1.0331291377951857e-11,
song,geometric,0.8,29,5,2015,discovered,1.0,1.0,0.05,127,0.8985017900989214,40,2.1878574846731875,29,0.2283464566929134,0.48,0.0,-0.21278200828959282,-0.44599314378510135,0.6556021985015157,False,0.18270980174019197,2.046388693477275,9.177654192171758e-10,
song,geometric,0.8,29,5,2015,true,1.0,1.0,0.05,24,0.792524227464529,40,1.7975779178789393,22,0.9166666666666666,0.08,0.0,-2.56713142320716,-1.2741939038128047,0.20259470516821587,False,4.514152729616605,1.0898943033806694,2.1941559680271894e-11,
song,geometric,0.8,29,6,2016,discovered,1.0,1.0,0.05,157,0.9433945513074703,5,1.9959139110397146,68,0.43312101910828027,0.45,0.0,-0.3525717870441887,-0.4648765864564989,0.6420198383616138,False,-5.181656506548878,2.8569692344704167,4.6320565161295235e-09,
song,geometric,0.8,29,6,2016,true,1.0,1.0,0.05,24,0.8418918288031265,28,1.811327817486696,21,0.875,0.05,0.0,-3.2618767134792326,-1.4918433412871197,0.13574021883802545,False,4.289248154533245,0.9406521829832681,5.5138116294983774e-12,
song,geometric,0.8,29,7,2017,discovered,1.0,1.0,0.05,211,0.9695679122737725,1,1.770060199889839,211,1.0,0.13,0.0,-2.345604896308606,-1.2027075070671203,0.22908952784318737,False,-15.54101790029119,4.288840849701066,6.746665803802898e-08,
song,geometric,0.8,29,7,2017,true,1.0,1.0,0.05,24,0.8559834390017507,12,1.6059581756325731,24,1.0,0.01,0.0,-4.671989191246675,-1.8223947920634427,0.06839510423542802,False,3.8647433386371004,1.13076520818842,7.759126674500294e-12,
