law,mean_repeats,dataset,year,source,n_types,loglog_r2,csn_xmin,csn_alpha,csn_tail,tail_fraction,gof_p,gof_failed,lr_R,lr_normalized_R,lr_p,lr_at_bound,lr_mu,lr_sigma,lr_gap,error
zipf,1.0,0,2010,discovered,142,0.8653171071609238,1,2.491453518908756,142,1.0,0.9,0,0.41184694874946337,0.6119352878625477,0.5405805732788143,False,-557453.1263275389,543.6454605211342,0.00040750948028289713,
zipf,1.0,0,2010,true,67,0.9581202624907729,3,2.311235626304702,27,0.40298507462686567,0.61,0,-0.22919872904964644,-0.4178101636211896,0.6760859192806203,False,-3.4859076612713626,2.01723674589588,6.954934406167013e-10,
zipf,1.0,0,2011,discovered,213,0.9475147486197543,1,2.026402929481172,213,1.0,0.35,0,-1.8562450353623392,-1.0496769241625,0.2938666766766814,False,-9.16577150779989,2.873316324177476,8.601847412137431e-08,
zipf,1.0,0,2011,true,89,0.9558469438547341,4,2.2310418712802784,37,0.4157303370786517,0.94,0,-0.06674636360419806,-0.21796132262935147,0.8274592469762149,False,-16.252873110985686,3.8054616455832466,4.181818269444193e-08,
zipf,1.0,0,2012,discovered,270,0.9471950288577204,1,1.983184652264368,270,1.0,0.59,0,0.8285826789443815,0.6082302123519759,0.5430347993032327,False,-431615.54412888706,592.1406737734205,0.0009052874938788591,
zipf,1.0,0,2012,true,93,0.9450942158525075,3,1.9912692013887552,70,0.7526881720430108,0.57,0,-0.5262217334520654,-0.6107682468774747,0.5413530175549985,False,-5.412727616524896,2.7604729292007386,1.0660383509275562e-07,
zipf,1.0,0,2013,discovered,222,0.9585292876656161,1,1.916113145779259,222,1.0,0.25,0,-1.4829209206727114,-0.8849216855010417,0.37619887118894724,False,-17.33707122382833,4.075652014794377,2.443306357235997e-07,
zipf,1.0,0,2013,true,91,0.9657449013498293,3,1.9695649374359143,53,0.5824175824175825,0.54,0,-0.4591173927594139,-0.5878083481737245,0.5566609399646958,False,-4.654701630992438,2.6650695282633756,3.5657024000101956e-09,
zipf,1.0,0,2014,discovered,371,0.9475242285827765,1,1.9346806236616176,371,1.0,0.03,0,0.4784830767965822,0.29941799287154225,0.7646211352104055,False,-175959.4734436271,388.0655654975888,0.00033531571170897223,
zipf,1.0,0,2014,true,97,0.9427542488377426,5,2.041194904012472,59,0.6082474226804123,0.84,0,-0.22580620151543984,-0.41939969871780003,0.6749240442594254,False,-8.309137129902714,3.25682505440205,5.6450772945026984e-08,
zipf,1.0,0,2015,discovered,519,0.9635984482652344,1,1.7732470356998007,519,1.0,0.13,0,1.373248092308586,0.6231380521801309,0.5331938059194694,False,-187860.93252555968,443.5882248252896,0.0009611796049284749,
zipf,1.0,0,2015,true,100,0.9465609918617741,13,2.102817848730764,51,0.51,0.93,0,-0.03675105587531036,-0.13674315145408378,0.8912338199494976,False,-16.134029911501944,4.258844992690624,9.416986046062448e-06,
zipf,1.0,0,2016,discovered,445,0.950575263509022,8,2.3841478042362785,69,0.1550561797752809,0.93,0,-0.012589071456684309,-0.06774505352411453,0.9459885841410621,False,-59.40791549615203,6.618099431423859,0.0007658054809382975,
zipf,1.0,0,2016,true,100,0.9542863899545254,10,2.19614227347678,48,0.48,1.0,0,-0.01395971186592515,-0.07986947711969924,0.9363410659823648,False,-35.47116347435994,5.659116996051124,0.00024740392896660524,
zipf,1.0,0,2017,discovered,486,0.9587894538817945,1,1.867256990264719,486,1.0,0.01,0,1.2347898256807017,0.5938832036034347,0.552590233868516,False,-389967.5977282409,601.2070124947182,0.0014337477150547784,
zipf,1.0,0,2017,true,100,0.9786706604151353,8,2.1022463608300623,63,0.63,0.99,0,0.013466835452822679,0.05306144948310556,0.9576829470147188,False,-32.624942502236124,5.655142952356526,0.0004948432608671283,
zipf,1.0,1,2010,discovered,123,0.9110179160218943,1,2.1711835399841686,123,1.0,0.13,0,0.1028097614776512,0.15434343535990985,0.8773389511406144,False,-143233.87382530395,311.30779498103914,5.182680797588546e-05,
zipf,1.0,1,2010,true,60,0.9588579439536344,3,2.327299502977394,26,0.43333333333333335,0.95,0,-0.10146092793230821,-0.28311988814239086,0.7770849365147557,False,-9.084826401907364,2.8071807180652635,6.582467904081568e-11,
zipf,1.0,1,2011,discovered,189,0.9329789462148006,1,2.0858314636370987,189,1.0,0.15,0,0.13459597551461355,0.11720866741037037,0.9066946986634854,False,-367744.46158167685,518.7878070929396,0.0005932342128289747,
zipf,1.0,1,2011,true,78,0.9657107217153295,3,2.0529775931214034,43,0.5512820512820513,0.21,0,-0.10269972778888858,-0.20381257717405404,0.8384999639735329,False,-11.052853739253113,3.469206953737107,1.337092214725999e-08,
zipf,1.0,1,2012,discovered,311,0.9505844089787956,1,2.0290673019845396,311,1.0,0.13,0,-2.2274362027980246,-1.1390338579488346,0.2546890326379817,False,-14.010881783960091,3.462462836208424,1.7598722479306161e-10,
zipf,1.0,1,2012,true,93,0.9353824061197468,5,2.172557940209976,49,0.5268817204301075,0.36,0,-0.027226599566049225,-0.08735333218420634,0.9303906630399114,False,-26.963394985829545,4.935256876082614,4.8917670454784457e-05,
zipf,1.0,1,2013,discovered,275,0.9441882568698375,1,2.0735675736060046,275,1.0,0.34,0,-1.4245722016803208,-0.891326887074527,0.37275382842255256,False,-31.5088742800923,4.937546689273983,3.1816952173358004e-05,
zipf,1.0,1,2013,true,90,0.9649026439875283,3,2.030086570368761,57,0.6333333333333333,0.82,0,-0.19938232766150277,-0.33744838328581594,0.7357789166369398,False,-10.778049645563833,3.4774152801411873,1.5204020087367098e-07,
zipf,1.0,1,2014,discovered,370,0.9569699737887102,4,2.1166161951512854,93,0.25135135135135134,0.99,0,-0.11108196209812471,-0.23295255211294047,0.8157982500956507,False,-27.543113425289707,5.060801770811079,4.662445218173161e-05,
zipf,1.0,1,2014,true,100,0.9435363405433924,10,2.025714789271458,31,0.31,0.79,0,-0.2282253012589055,-0.4330856056850671,0.6649525796331618,False,-2.115447445984665,2.414117587217832,1.4680296089863987e-08,
zipf,1.0,1,2015,discovered,554,0.9579657116138875,1,1.7629813341021174,554,1.0,0.01,0,0.9170122948376651,0.4087083782130495,0.6827536845756799,False,-68022.9669162901,268.77918635524355,7.781435306242201e-05,
zipf,1.0,1,2015,true,100,0.9854306680888417,17,2.0968016853461475,48,0.48,0.5,0,-0.12715337166040896,-0.33034035661498007,0.741142802646904,False,-6.452229643022089,3.1381692237664733,7.263544432589697e-06,
zipf,1.0,1,2016,discovered,398,0.9613586941358384,1,1.7982051343290586,398,1.0,0.05,0,-0.02657375058128686,-0.014031814495089823,0.9888045992359918,False,-382.40054158511816,19.71773342230641,0.0011744431067199912,
zipf,1.0,1,2016,true,99,0.9503962054923956,8,2.089008149913173,56,0.5656565656565656,0.87,0,-0.24323139286340467,-0.44145871147422105,0.6588809460552807,False,-5.333226441439827,2.837454024807532,3.263491521465767e-08,
zipf,1.0,1,2017,discovered,452,0.9610884490801931,1,1.8439439611994433,452,1.0,0.04,0,-1.0944699427560671,-0.5163550053506206,0.6056064853056454,False,-74.47219437620691,8.528436025426316,0.0023606692199109602,
zipf,1.0,1,2017,true,100,0.9507228993183241,6,2.037966577056747,78,0.78,0.86,0,-0.2449048700335721,-0.44285456116374206,0.6578709356199571,False,-10.064088121087407,3.542495368097793,5.450940534501569e-07,
zipf,1.0,2,2010,discovered,118,0.9141265549082418,1,2.106140531824526,118,1.0,0.22,0,0.6472245375222727,0.8962851346866127,0.37010049638427756,False,-496459.28701720224,597.5096498655292,0.00037687427811761154,
zipf,1.0,2,2010,true,67,0.9680038636891207,2,2.1222612226243855,36,0.5373134328358209,0.75,0,-0.07738065700817465,-0.17017289034528732,0.8648741711062904,False,-15.021775239323228,3.67262176483328,3.248374014219735e-09,
zipf,1.0,2,2011,discovered,192,0.9343352694756611,1,2.11406431535607,192,1.0,0.95,0,0.22343153393425386,0.21386831639029152,0.8306497484270413,False,-383708.7478218825,522.919040843509,0.0003904498307747417,
zipf,1.0,2,2011,true,88,0.9682747632709314,2,1.9689617824484418,62,0.7045454545454546,0.42,0,-0.2805776418815936,-0.3372661950223133,0.7359162407943047,False,-8.462929649350155,3.149883841997055,4.187569402347435e-09,
zipf,1.0,2,2012,discovered,285,0.9427020323783547,1,2.040009869492823,285,1.0,0.5,0,0.13649969477538093,0.10413704163154748,0.9170605956776646,False,-213297.66649210546,403.9768676280911,0.0003598393896027119,
zipf,1.0,2,2012,true,94,0.9577255001017256,4,2.1331561883969106,50,0.5319148936170213,0.97,0,0.09180959325988569,0.4444878400064478,0.6566899184858397,False,-47385.5608893145,197.8996902651807,6.71272209729068e-05,
zipf,1.0,2,2013,discovered,231,0.9559309628849947,1,1.91703688271671,231,1.0,0.4,0,-1.9892539621290997,-1.07292870615948,0.2833031051384324,False,-10.93137847258538,3.314477550413219,6.204635383255663e-08,
zipf,1.0,2,2013,true,87,0.9426956516179928,5,2.2235635251183945,37,0.42528735632183906,0.88,0,-0.04618209791069994,-0.16366609326462161,0.869994011212391,False,-18.279958716442277,4.066835607059737,2.0516210952337133e-10,
zipf,1.0,2,2014,discovered,401,0.9533298715961857,1,1.9299140465754618,401,1.0,0.23,0,0.7684113120021898,0.44345574907789376,0.6574361196237826,False,-285056.19701294525,495.35540992322217,0.000903956730326172,
zipf,1.0,2,2014,true,99,0.96649612877528,10,2.072010516090567,29,0.29292929292929293,0.57,0,-0.14804058311586754,-0.36748567576931596,0.713256774645532,False,-3.6723943725169166,2.6356340280541617,4.5021286609880917e-07,
zipf,1.0,2,2015,discovered,513,0.9573776529758202,6,1.9423148734212086,105,0.2046783625730994,0.74,0,-0.32758206717183813,-0.46433066167075393,0.6424108594859967,False,-9.319600982834189,3.6423610162334166,1.36046139687096e-07,
zipf,1.0,2,2015,true,100,0.9665689090310778,8,2.0694235651174115,77,0.77,0.93,0,0.06676221281435524,0.46568530211598097,0.6414407744633777,False,-22016.642576246377,141.21382027557465,9.653033885115292e-06,
zipf,1.0,2,2016,discovered,414,0.9631624176317849,1,1.78360638664058,414,1.0,0.4,0,0.22158140143430494,0.11545895195355031,0.9080813544266808,False,-94610.91813500314,312.4351536486678,0.00016557224807911552,
zipf,1.0,2,2016,true,100,0.9593752006138316,6,1.9960701889395116,80,0.8,0.88,0,-0.2521412766686737,-0.4142426816039131,0.6786963865777144,False,-9.324581267829608,3.527465298855279,1.7174613731185673e-08,
zipf,1.0,2,2017,discovered,421,0.9620551930959804,1,1.7930412584973223,421,1.0,0.07,0,-1.7640276718901156,-0.7553826331174923,0.45001943051565807,False,-29.740739430963217,5.682165023685582,2.3267809865501476e-06,
zipf,1.0,2,2017,true,100,0.929882449648038,11,2.1287544255681308,47,0.47,0.65,0,-0.10459605022458929,-0.27539110672224104,0.7830157758490813,False,-8.456262713122905,3.286162371834286,9.064225992005959e-08,
zipf,1.0,3,2010,discovered,129,0.8882791324299911,1,2.3937922067787816,129,1.0,0.94,0,0.13368411663129232,0.21571968701858607,0.8292062544834392,False,-317765.69648228143,424.45090987591914,0.00017451798885304015,
zipf,1.0,3,2010,true,72,0.962787354396548,1,1.8764491510780903,72,1.0,0.41,0,-0.7404044455260332,-0.7014204293264703,0.48304067631630176,False,-10.753537746281129,3.3797894259481764,3.9564156395499595e-09,
zipf,1.0,3,2011,discovered,218,0.9328631944112363,2,2.3473140346500885,80,0.3669724770642202,0.61,0,0.16987329964385434,0.4016971488981334,0.687906923050975,False,-351019.5629340563,477.1125415468293,0.00022188358980201883,
zipf,1.0,3,2011,true,91,0.973872978151108,2,2.002868346634344,66,0.7252747252747253,0.86,0,-0.2691384903313362,-0.37302897172913196,0.7091268813835083,False,-14.011573867879036,3.797768797557624,1.294718572353304e-07,
zipf,1.0,3,2012,discovered,289,0.9426341442921784,1,2.0565809547888403,289,1.0,0.33,0,-0.014286547509714254,-0.010137358387811208,0.9919116967890859,False,-166135.76713047357,353.5736292667938,0.0005130376493980293,
zipf,1.0,3,2012,true,99,0.9387190998366969,3,2.07311800261932,77,0.7777777777777778,0.56,0,-0.11395195901295407,-0.288401062529838,0.7730397544862881,False,-70.8636986439167,7.932226570363085,0.0007578240706891393,
zipf,1.0,3,2013,discovered,250,0.9343818371471848,1,2.076662158380693,250,1.0,0.2,0,0.4892929330805247,0.411120339497518,0.6809842964724787,False,-291295.35789123306,463.795002517597,0.00047425731372641167,
zipf,1.0,3,2013,true,92,0.9640001470543973,3,2.0450248233629087,54,0.5869565217391305,0.71,0,-0.041203396754900146,-0.07998016892268052,0.9362530283425665,False,-16.502892206668903,4.117518697814955,5.707217667350051e-07,
zipf,1.0,3,2014,discovered,355,0.9464312549345189,1,1.9376951400845606,355,1.0,0.2,0,1.5892836793047298,1.0168233674142881,0.30923746377079486,False,-372577.20437808835,564.1362438779315,0.0011262121488471166,
zipf,1.0,3,2014,true,95,0.9572773314308621,6,2.0482580457566013,50,0.5263157894736842,0.63,0,-0.39398351633177375,-0.585348752613087,0.5583132398946969,False,-3.1172602105094223,2.4491898038759055,9.577888704370707e-09,
zipf,1.0,3,2015,discovered,480,0.963703931453321,1,1.7511164734220173,480,1.0,0.13,0,0.43468530974075037,0.2034377663192108,0.8387928836846867,False,-24333.860225575398,162.09631197862305,2.6471545425010845e-05,
zipf,1.0,3,2015,true,100,0.9604758013425727,13,2.0980546016865698,48,0.48,0.93,0,-0.05466780521654613,-0.19033276207480046,0.8490483824424007,False,-13.661133596672967,4.001001019341863,4.253253194974604e-06,
zipf,1.0,3,2016,discovered,414,0.9590829460190624,6,2.178962323421872,83,0.20048309178743962,0.82,0,-0.23806794299157463,-0.4132947204566065,0.6793906974929937,False,-7.7573359669222315,2.996403751564183,3.4608888199727517e-07,
zipf,1.0,3,2016,true,99,0.9704269160583874,5,1.9387716795291172,77,0.7777777777777778,0.83,0,-0.8031385907641897,-0.7875101055556325,0.43098331507382315,False,-2.692297506316304,2.4904139640587606,1.3360988759814063e-08,
zipf,1.0,3,2017,discovered,431,0.9577269227175258,6,2.1670842760505864,86,0.19953596287703015,0.47,0,-0.8622822079161971,-0.7681771192369068,0.44238196506344796,False,-1.623509738780121,1.9991260147984757,2.425565526209539e-09,
zipf,1.0,3,2017,true,100,0.9503921887252439,7,2.0433318058519716,61,0.61,0.64,0,-0.36521100479190505,-0.5312291708536264,0.5952599808224284,False,-4.234873407789518,2.69712566152205,3.60715546321444e-08,
zipf,1.0,4,2010,discovered,124,0.8934951844026209,1,2.2854668704202115,124,1.0,0.67,0,0.5717714336655855,0.794891338991298,0.42667671277397556,False,-243528.1913734563,387.41512551117165,0.000478617705994111,
zipf,1.0,4,2010,true,63,0.966112774776021,1,1.7959195283031728,63,1.0,0.04,0,-2.28521703246538,-1.2874571183684405,0.19793500675657238,False,-1.807165834330065,1.8956969438795852,1.5525927210546797e-09,
zipf,1.0,4,2011,discovered,214,0.9281059266750301,1,2.1836731908661178,214,1.0,0.48,0,-0.8545672144982532,-0.672313188213554,0.5013843356227576,False,-18.29952598177334,3.6237971403082323,2.8551880859595258e-09,
zipf,1.0,4,2011,true,91,0.9602140240926498,3,2.1718664526001823,43,0.4725274725274725,0.5,0,-0.2133162093952874,-0.34469469617515947,0.7303239058926617,False,-6.295088291762224,2.6277957378606787,1.6663221913404413e-09,
zipf,1.0,4,2012,discovered,280,0.9507422309282476,1,2.005545131002697,280,1.0,0.34,0,-0.376430558255219,-0.26587589910206516,0.790334786966235,False,-208800.45039930695,406.66828852439926,0.00041687089651532006,
zipf,1.0,4,2012,true,98,0.9656852713164854,3,2.0353687671376766,67,0.6836734693877551,0.92,0,-0.23973896964269548,-0.41984561345757426,0.6745982406349029,False,-15.915220373305264,4.0725826184184575,4.276301012851036e-06,
zipf,1.0,4,2013,discovered,276,0.9155194513745516,1,2.189278490540642,276,1.0,0.54,0,-0.032024035883490676,-0.031199225552087807,0.9751106575349318,False,-127693.11633984555,291.58459527703195,8.72435684868833e-05,
zipf,1.0,4,2013,true,91,0.9496559682961679,7,2.2246705738139587,22,0.24175824175824176,0.49,0,-0.03348649125137726,-0.14069724152570678,0.8881091243623006,False,-9.69692742105626,3.2114005781716615,9.196469363814685e-09,
zipf,1.0,4,2014,discovered,354,0.9655190204465465,1,1.888937503052822,354,1.0,0.14,0,-1.490969106670212,-0.82964232654052,0.40674103829864783,False,-141.37750136106558,11.356253794596896,0.006035127790937622,
zipf,1.0,4,2014,true,100,0.9706884060149926,4,1.9678909288436612,78,0.78,0.62,0,-0.13575764195429407,-0.21766600155788876,0.8276893553505071,False,-12.752279173442556,3.9397077659794273,1.9058205680266838e-07,
zipf,1.0,4,2015,discovered,499,0.9603591067913628,12,2.219397208912003,69,0.13827655310621242,0.72,0,-0.06760967827602027,-0.2056344670011158,0.8370764520790859,False,-12.486135276946621,3.63757016105566,1.1704230473696953e-08,
zipf,1.0,4,2015,true,100,0.9480508837223544,21,2.138284879774044,26,0.26,0.74,0,-0.03026839703298201,-0.14870038195932858,0.8817900598293271,False,-10.496462822129965,3.6307500600503158,1.0943684429776113e-06,
zipf,1.0,4,2016,discovered,424,0.9593402492842568,1,1.851863538515244,424,1.0,0.02,0,0.7831025037157335,0.4122688133495405,0.6801424045529605,False,-277973.4969974072,512.3534052486715,0.0007743005426164018,
zipf,1.0,4,2016,true,99,0.9327862298766749,10,2.1424891965257733,46,0.46464646464646464,0.97,0,-0.002532728144887919,-0.014036853344711069,0.9888005792115914,False,-34.32162716301069,5.712768806375208,0.0010333274528875336,
zipf,1.0,4,2017,discovered,450,0.9623374507484672,1,1.8103024856904446,450,1.0,0.03,0,0.278093857829413,0.1386844761703592,0.889699485767121,False,-142880.4912739558,377.1363005869272,0.0002721016744544613,
zipf,1.0,4,2017,true,100,0.9832581747644716,10,1.9847925631845118,43,0.43,0.25,0,-0.1738902004239411,-0.34329035505142624,0.7313800360025126,False,-4.940166796718808,2.9975249732277516,2.182179059673217e-08,
zipf,1.0,5,2010,discovered,138,0.8968262710497281,1,2.311781166908591,138,1.0,0.63,0,0.1642397175250372,0.22986533741304888,0.8181964118649787,False,-273445.7444870403,406.0247219938374,0.00023978356148290914,
zipf,1.0,5,2010,true,64,0.9622583562279805,2,2.1374707005111246,47,0.734375,0.78,0,-0.19129554366209378,-0.3393079437088605,0.7343777590299387,False,-13.08806428316703,3.431841820625163,9.870598205452552e-08,
zipf,1.0,5,2011,discovered,213,0.9367752212277108,1,2.0684273795595525,213,1.0,0.04,0,-0.5335520024933258,-0.4299850125677931,0.6672065434919021,False,-45.53322537487523,5.912282497516853,8.597774427698823e-05,
zipf,1.0,5,2011,true,89,0.9643905103997533,3,2.049599221172797,40,0.449438202247191,0.79,0,-0.49082326450463043,-0.6459452325667836,0.5183148245881923,False,-2.5079133414909682,2.1257286802743613,1.032233853948128e-09,
zipf,1.0,5,2012,discovered,261,0.9533666116658739,1,1.9331661670178755,261,1.0,0.0,0,-5.005163284875559,-1.7808785120940303,0.07493229968818237,False,-3.73142345918882,2.128070392248476,4.799858288606629e-10,
zipf,1.0,5,2012,true,94,0.9571546163380172,4,2.1492515739535776,47,0.5,0.91,0,-0.017118576557227483,-0.05531833331036234,0.955884856659622,False,-30.608954950055058,5.22821601590064,3.436738609252643e-07,
zipf,1.0,5,2013,discovered,200,0.9583721343768273,1,1.8916392620423792,200,1.0,0.27,0,-2.177945032760908,-1.1551323472727346,0.2480362336138694,False,-8.48997178733974,3.0244262558707744,2.305000634805765e-10,
zipf,1.0,5,2013,true,89,0.9698342925965968,3,2.011634681006675,48,0.5393258426966292,0.78,0,-0.26615567340267265,-0.42819704649962254,0.6685076664192774,False,-7.161922961246624,3.0063830928526456,3.3609211413931916e-08,
zipf,1.0,5,2014,discovered,358,0.9638818300986907,1,1.8236087596356736,358,1.0,0.04,0,-3.4915383545819694,-1.3553923440989637,0.17529258754508736,False,-11.76781063203087,3.64780394642507,3.5185621527489275e-08,
zipf,1.0,5,2014,true,98,0.9456748548196187,8,2.1378849029720364,43,0.4387755102040816,0.99,0,-0.008294457837385583,-0.040077606501398536,0.9680312548781633,False,-29.835842322372173,5.342263576620401,0.0005124226098587314,
zipf,1.0,5,2015,discovered,603,0.95148183001887,1,1.8355181616842289,603,1.0,0.0,0,2.3369901153482218,1.0564401962936731,0.2907671497196238,False,-207880.03935560543,447.8285951035837,0.0011402844902477227,
zipf,1.0,5,2015,true,100,0.9751241120058238,11,2.0876829286709544,61,0.61,0.99,0,-0.01645545390632197,-0.06572747582862021,0.9475947971584281,False,-25.522780544649258,5.161121954124765,0.0001876682048305156,
zipf,1.0,5,2016,discovered,422,0.9568214056933771,1,1.8017342177806568,422,1.0,0.01,0,0.045814719388879155,0.023038434038911773,0.9816196151474302,False,-158.670751594685,12.718502011476815,0.0057080514883409705,
zipf,1.0,5,2016,true,100,0.9370904039540683,7,2.0538923136052625,66,0.66,0.32,0,-0.2800453522960984,-0.45573341542733276,0.6485816899682577,False,-5.7708231432664405,2.933972816582366,4.380302698336891e-08,
zipf,1.0,5,2017,discovered,480,0.9602345685209202,1,1.8166415549041748,480,1.0,0.07,0,-0.2243376856011352,-0.10788213589796096,0.914089187896254,False,-353.56024115059654,18.731185842400535,0.0015800930747218445,
zipf,1.0,5,2017,true,100,0.9594392989537543,10,2.1108557790663673,50,0.5,0.86,0,-0.1127581928634962,-0.30394850637788395,0.7611671221246825,False,-8.994699665650694,3.370101805769121,2.542711285968835e-07,
zipf,1.0,6,2010,discovered,132,0.8809922334787144,1,2.461159396018876,132,1.0,0.94,0,-0.01940949318074514,-0.03151958935417681,0.9748551698602654,False,-171522.63354803296,304.4535603897987,8.362686094187666e-05,
zipf,1.0,6,2010,true,63,0.9655947634363274,2,2.112739148381412,36,0.5714285714285714,0.65,0,-0.3149492044754526,-0.5071667641245674,0.6120378129168191,False,-5.284568132545001,2.4234770523518807,2.0273205336707179e-10,
zipf,1.0,6,2011,discovered,174,0.949009180346993,2,2.1770040649931257,71,0.40804597701149425,0.7,0,0.22368157268633282,0.5126918260228333,0.6081669083658794,False,-307053.5752558527,478.71923346795484,0.00020174473502265755,
zipf,1.0,6,2011,true,78,0.9716005922653996,2,1.9570301071917653,57,0.7307692307692307,0.67,0,-0.6217134833228553,-0.6648083652176747,0.5061730715266091,False,-5.245366931770769,2.6550757872976414,4.05847799811454e-09,
zipf,1.0,6,2012,discovered,268,0.9341207419747196,1,2.0364722358155314,268,1.0,0.18,0,0.6371636330130999,0.5083320771550849,0.6112204780423829,False,-267191.1069300346,453.08762718386095,0.0004498073376453249,
zipf,1.0,6,2012,true,91,0.9679572013701313,3,1.9577078560356072,53,0.5824175824175825,0.42,0,-0.34435124305129694,-0.5586741845107179,0.5763841008063342,False,-7.220448941758425,3.116017172597216,1.0413998552394332e-09,
zipf,1.0,6,2013,discovered,279,0.9052317581667216,1,2.264037478755149,279,1.0,0.63,0,0.9026695743053441,0.651234895987453,0.5148948673263362,False,-618528.8245508679,622.6358716044347,0.001439521345673711,
zipf,1.0,6,2013,true,88,0.9461184753606738,3,2.148909195234704,53,0.6022727272727273,0.33,0,-0.3057970009739708,-0.5412757712988483,0.5883175178417362,False,-9.080757604902502,3.0486765974464625,2.0277354906284017e-08,
zipf,1.0,6,2014,discovered,333,0.9588796912204274,1,1.861666167530135,333,1.0,0.32,0,-0.41680441660563616,-0.24840339172271214,0.8038223095934361,False,-168.13035327680862,12.586579296569417,0.004324857855181108,
zipf,1.0,6,2014,true,100,0.9514275563891795,8,2.0790005025450182,40,0.4,0.88,0,-0.2103668804075829,-0.4234340674327528,0.671978593595698,False,-4.292342493481877,2.6824796392256887,4.063537062393152e-09,
zipf,1.0,6,2015,discovered,549,0.9595349262982668,1,1.7816822490932238,549,1.0,0.01,0,2.4904720885842515,1.1198344579161774,0.2627843124463184,False,-287112.0263246199,545.4265036332627,0.0016267507935481262,
zipf,1.0,6,2015,true,100,0.9793072873200342,8,1.9775332790850615,83,0.83,0.78,0,-0.33819614818949395,-0.4886847061470763,0.6250649330291278,False,-6.186101621449061,3.16549770618893,1.5509442619077163e-08,
zipf,1.0,6,2016,discovered,439,0.9589485760680099,1,1.8475221904106909,439,1.0,0.06,0,0.6150756069961751,0.3170625450891282,0.7511961444035145,False,-234182.96284757945,471.49534326352705,0.0005847733891641838,
zipf,1.0,6,2016,true,100,0.9167162137556414,7,2.154063854688887,70,0.7,0.61,0,-0.011312829372753797,-0.0774291191359625,0.9382821765908889,False,-10040.090884183526,91.50978558113924,4.1562088881619275e-07,
zipf,1.0,6,2017,discovered,440,0.9527254403488721,1,1.8077235704615435,440,1.0,0.01,0,0.9536647901261439,0.49261192870071124,0.6222868178061927,False,-75901.68923017659,275.41731047079236,0.00012551215877465438,
zipf,1.0,6,2017,true,100,0.9517685608530397,9,2.087758024364606,53,0.53,0.92,0,-0.11637027988103288,-0.2920079933772082,0.7702805123689395,False,-9.23103075143248,3.422349938776537,2.0664675446369074e-06,
zipf,1.0,7,2010,discovered,136,0.9132380371482319,1,2.198609406139554,136,1.0,0.2,0,-0.2535934512123097,-0.30674167017047815,0.7590400095308418,False,-140.45363362744618,9.674953354923272,0.0011870948876548937,
zipf,1.0,7,2010,true,63,0.9573730913315637,3,2.305482329663302,31,0.49206349206349204,0.57,0,0.07283274847431587,0.3406814241974238,0.7333434243423493,False,-155279.75405058882,329.44524477684064,6.0534721342264675e-05,
zipf,1.0,7,2011,discovered,197,0.9145040159238665,1,2.169292147685817,197,1.0,0.34,0,1.1710274655529935,1.2040938619274275,0.2285533020874525,False,-339513.5810789046,480.2975393040304,0.0009473690179220284,
zipf,1.0,7,2011,true,87,0.9543027996953498,3,2.1037916610939162,47,0.5402298850574713,0.38,0,-0.4353467003463103,-0.5916595603711929,0.5540785814583262,False,-3.6595411909465647,2.2806013448896305,2.930337927864457e-08,
zipf,1.0,7,2012,discovered,305,0.9553940426414702,1,1.9893975266410857,305,1.0,0.11,0,-1.4616015110729936,-0.9062962253793393,0.36477908286922567,False,-94.15947409352728,8.778293458736549,0.0010891109448607494,
zipf,1.0,7,2012,true,97,0.9615382328664737,3,2.1009226230319427,77,0.7938144329896907,0.63,0,-0.13782038104720984,-0.31632494276335044,0.7517558808203193,False,-39.308789682219206,5.914031739307125,3.112134817229162e-05,
zipf,1.0,7,2013,discovered,209,0.9384503548215326,1,1.9954823281187708,209,1.0,0.35,0,1.4809610779977707,1.221438796996307,0.221919925254494,False,-261249.94882227737,458.0723817724511,0.0011625138540694024,
zipf,1.0,7,2013,true,90,0.9566186462333064,3,2.0324753854020208,53,0.5888888888888889,0.75,0,-0.19557902291861184,-0.33861464592274276,0.7349000479192658,False,-10.220245359817074,3.4001388436379614,2.1893328039368498e-08,
zipf,1.0,7,2014,discovered,368,0.9611747095428821,1,1.8500834420788719,368,1.0,0.01,0,-2.121046271291073,-0.9476427753439154,0.3433113421486734,False,-22.00178517781513,4.745714092564925,9.772179510036949e-08,
zipf,1.0,7,2014,true,99,0.9479639144692305,4,1.9918635302995007,75,0.7575757575757576,0.29,0,-0.4168520729351777,-0.546838355940915,0.5844897892916279,False,-7.311927462934669,3.1459925511765126,6.488673420790292e-08,
zipf,1.0,7,2015,discovered,535,0.9633327131027781,1,1.782889343736584,535,1.0,0.01,0,-0.7255359054583899,-0.3056400038478809,0.7598787583987039,False,-105.55431151185687,10.53883874113882,0.009617665745736304,
zipf,1.0,7,2015,true,100,0.9734369932376677,10,2.0599356596816047,65,0.65,0.39,0,-0.10291040492725223,-0.2572672638253816,0.7969724617970615,False,-11.913620751731452,3.831437880713406,1.9772310224652756e-06,
zipf,1.0,7,2016,discovered,506,0.955766412480452,1,1.8556552254490601,506,1.0,0.02,0,3.7414092430641226,1.7766993278701402,0.07561772295556958,False,-440678.66315960075,644.3477030736899,0.0029516423910536105,
zipf,1.0,7,2016,true,100,0.9779574752112117,9,2.028412241328413,62,0.62,0.88,0,-0.21364693413122549,-0.39758522908960237,0.6909359503408986,False,-6.744237153856506,3.1809379705088636,5.688489750355075e-07,
zipf,1.0,7,2017,discovered,423,0.9575487697552815,1,1.8205216053573012,423,1.0,0.02,0,0.6274054457010507,0.3335429902265099,0.7387244439038683,False,-142580.4502067932,374.2971200349679,0.0002900395847973414,
zipf,1.0,7,2017,true,100,0.977213267925531,10,2.1109613357241885,46,0.46,0.79,0,-0.038966256538089716,-0.1439726104662621,0.8855220979567257,False,-15.194980471165586,4.100935340956001,4.949661388309323e-06,
zipf,1.0,8,2010,discovered,143,0.8838221770139593,1,2.3659979697261697,143,1.0,0.77,0,0.6404876642808202,0.8240183346977666,0.40992914023902505,False,-520271.2993805405,549.1121932320012,0.000612188483501086,
zipf,1.0,8,2010,true,71,0.9687047589139635,2,2.1853725982932937,43,0.6056338028169014,0.89,0,0.07102061696530138,0.2087561537036519,0.8346386014144348,False,-200631.31266999792,385.3971178701435,6.058928101992933e-05,
zipf,1.0,8,2011,discovered,190,0.9278164260874007,1,2.072105731442729,190,1.0,0.48,0,0.9721355198014741,0.9499592840083511,0.34213294154992435,False,-511484.4322206916,616.3705191965123,0.0007142716940506944,
zipf,1.0,8,2011,true,86,0.961790333579649,3,2.126892747927681,45,0.5232558139534884,0.92,0,-0.2215673721078888,-0.39286698550647414,0.6944177267810552,False,-7.502647970239662,2.867688262884011,2.165208456972323e-09,
zipf,1.0,8,2012,discovered,287,0.9406481690912317,1,2.030248885720196,287,1.0,0.67,0,0.9952361017141556,0.7498743058314497,0.4533304107602155,False,-416180.7975068934,567.4482268561378,0.0008988613908513798,
zipf,1.0,8,2012,true,91,0.9514452999882851,4,2.0791065944229774,51,0.5604395604395604,0.81,0,-0.14812887741487213,-0.306534759871113,0.7591975182019227,False,-10.648073199224415,3.445855310767595,5.167277095097234e-07,
zipf,1.0,8,2013,discovered,225,0.9566970985951916,2,2.137253292535308,97,0.4311111111111111,0.9,0,-0.201282919536242,-0.29982021302023504,0.7643142964466645,False,-23.19613693410123,4.42796568497732,5.560249292102526e-07,
zipf,1.0,8,2013,true,87,0.9597792457419417,3,2.109154424739681,52,0.5977011494252874,0.56,0,-0.11116146399954951,-0.2859515786926569,0.7749152082211497,False,-25.038944305368265,4.785949437433353,6.315490338693053e-06,
zipf,1.0,8,2014,discovered,313,0.9597197500685235,1,1.838173272060913,313,1.0,0.39,0,0.9897493462123865,0.6045089738053231,0.5455053048298235,False,-277916.6457960645,516.8712372354254,0.0007535450968134683,
zipf,1.0,8,2014,true,99,0.9485621111472459,4,1.9793982860713832,70,0.7070707070707071,0.87,0,-0.23571243833284594,-0.36392453367645156,0.7159143638130402,False,-9.460642024771602,3.4831492917692426,2.714824915983627e-07,
zipf,1.0,8,2015,discovered,481,0.9615301353421533,1,1.7406210572500027,481,1.0,0.0,0,-0.8013951771169161,-0.3310299313118329,0.7406218769977211,False,-48.478085064358034,7.4481161146801576,0.0006383173681570042,
zipf,1.0,8,2015,true,100,0.9652170529419454,10,2.014141616069403,64,0.64,0.63,0,-0.4781347478160116,-0.6023829276839445,0.5469192714966445,False,-2.4133026372261623,2.490658480014975,2.4578355350968195e-07,
zipf,1.0,8,2016,discovered,450,0.9544735905895902,1,1.835221319212531,450,1.0,0.01,0,0.3739605423822141,0.196948563117329,0.8438677899835172,False,-51283.8761789416,222.33761946249484,3.533433664415497e-05,
zipf,1.0,8,2016,true,100,0.949222172688442,8,2.1480072454691115,62,0.62,0.97,0,0.0492379640195848,0.40071507422751984,0.6886299111680516,False,-21812.94201343054,135.5899803768525,2.8987550649617333e-05,
zipf,1.0,8,2017,discovered,414,0.9521859642730056,12,2.2053854199244007,50,0.12077294685990338,0.75,0,-0.3601752513205989,-0.5377574301739578,0.5907445248337313,False,-1.4555206291781375,2.093581921286948,4.797783503818209e-09,
zipf,1.0,8,2017,true,99,0.9782939371599666,10,2.0759339444744622,55,0.5555555555555556,0.99,0,-0.12738917830615026,-0.2967965696726259,0.7666218245418186,False,-8.41314852391242,3.3540369921594864,6.754277706022549e-07,
zipf,1.0,9,2010,discovered,124,0.9190500389222511,1,2.2088866683813757,124,1.0,0.72,0,-0.09816426626191749,-0.13232237040997075,0.8947293139240615,False,-144783.88088671953,307.8487603392469,4.8541031901550014e-05,
zipf,1.0,9,2010,true,72,0.9684069703813536,2,1.982253149196803,37,0.5138888888888888,0.64,0,-0.47364823878500184,-0.5963207614572269,0.5509609640324031,False,-3.2942586880466727,2.2454381143593696,3.6240095369066694e-09,
zipf,1.0,9,2011,discovered,202,0.9263724125709397,1,2.1308761248977626,202,1.0,0.74,0,0.1443130236914869,0.1443366298214081,0.8852346547196759,False,-351152.55961427337,496.340893607384,0.0002783473264571512,
zipf,1.0,9,2011,true,85,0.9660512807066102,2,2.042614461174319,67,0.788235294117647,0.61,0,-0.3532810407704501,-0.45122898333569755,0.6518245225387598,False,-9.77594358066656,3.193435918685875,6.70645192712982e-08,
zipf,1.0,9,2012,discovered,267,0.9555832995403721,1,1.8936422418966559,267,1.0,0.67,0,0.5634038740341074,0.3971545911795998,0.6912534652703475,False,-288103.05436459393,508.5853726449233,0.0005186608132135007,
zipf,1.0,9,2012,true,99,0.9572985982524367,4,1.997377135594928,55,0.5555555555555556,0.91,0,-0.3214242184967162,-0.48543112067039024,0.6273705613212666,False,-5.875610357023851,2.9103676877217284,3.9977123833523365e-09,
zipf,1.0,9,2013,discovered,240,0.938481564632732,1,2.0989093065290825,240,1.0,0.99,0,0.2939610161921786,0.23593247632014042,0.8134850670501321,False,-104297.44845910661,274.5943106214417,0.0006480787196778692,
zipf,1.0,9,2013,true,94,0.959025858320574,3,2.1379323207987455,56,0.5957446808510638,0.72,0,-0.1215384360604852,-0.2839154338587473,0.7764751884849814,False,-22.820277804114312,4.526317635071254,7.87622354891937e-07,
zipf,1.0,9,2014,discovered,377,0.9555806302866524,1,1.9030875829367615,377,1.0,0.01,0,-1.1845310926355168,-0.6118671474740206,0.540625659072962,False,-42.736363762651884,6.280024987882905,8.67018877670489e-05,
zipf,1.0,9,2014,true,100,0.9417031227915086,7,2.167411251135859,46,0.46,0.62,0,-0.02473938495654071,-0.12033714044450293,0.9042160840488849,False,-30.94948316377983,5.332544387015233,0.00023153526913688438,
zipf,1.0,9,2015,discovered,589,0.9598946920381712,1,1.8424515498512457,589,1.0,0.13,0,1.9079168961197404,0.8382992813745912,0.40186263940454814,False,-344558.18756308034,573.9885962931371,0.0018549620845078607,
zipf,1.0,9,2015,true,100,0.9763898751993356,15,2.0659406927961625,41,0.41,0.83,0,-0.1860624292835107,-0.3988001928328437,0.6900404349641851,False,-3.6635720789878032,2.727701824500447,8.141586249621469e-08,
zipf,1.0,9,2016,discovered,426,0.9601135431118842,1,1.805705973796785,426,1.0,0.0,0,-0.9049895002973081,-0.41371489974911446,0.679082913863525,False,-51.498319992420264,7.315962492006554,7.245921665344213e-05,
zipf,1.0,9,2016,true,99,0.9558530680174058,10,2.12590122748349,51,0.5151515151515151,0.96,0,-0.03230118645382429,-0.11887962763560743,0.90537072208338,False,-18.345218377371122,4.39365320956908,4.445761049964858e-06,
zipf,1.0,9,2017,discovered,487,0.9599683735729865,1,1.8568110966158777,487,1.0,0.18,0,0.8561972131858315,0.41971295677434456,0.6746951586857106,False,-257576.51401855727,491.6774513107875,0.0009475410524828476,
zipf,1.0,9,2017,true,100,0.981041290209997,19,2.0748139485803074,23,0.23,0.79,0,-0.23805033000046638,-0.47884546065295464,0.632048572955938,False,0.0002581790170220877,2.0473464133611667,5.622027288154641e-08,
zipf,1.0,10,2010,discovered,145,0.8757672025780638,1,2.4596638279901653,145,1.0,0.58,0,-0.022734789332116367,-0.031026406637960732,0.9752484803552615,False,-299218.3362761986,402.3567282644914,0.00017420064068573993,
zipf,1.0,10,2010,true,77,0.9563539870336728,2,2.2608548923010536,47,0.6103896103896104,0.61,0,-0.10761906834328694,-0.30894197085462144,0.7573656692974702,False,-26590.474204709797,135.76381063431694,1.6898893591132946e-06,
zipf,1.0,10,2011,discovered,192,0.9199648439901459,1,2.0798658269029597,192,1.0,0.16,0,1.5987956079506578,1.5966127185754964,0.11035206207716998,False,-669784.8791035085,703.1939990010218,0.0010759211418189807,
zipf,1.0,10,2011,true,81,0.960930659410843,4,2.2532649958594795,33,0.4074074074074074,0.31,0,0.04680715082981801,0.28896123870831436,0.77261103982575,False,-104349.25736607172,278.84068109895264,3.090736390731763e-05,
zipf,1.0,10,2012,discovered,265,0.9515534612313236,1,2.024145111194832,265,1.0,0.53,0,-0.9168557466327867,-0.6520442448315446,0.5143726302808278,False,-114.4479093491542,9.49056820444525,0.002156830969568091,
zipf,1.0,10,2012,true,97,0.9639945257494601,3,2.043167667048224,63,0.6494845360824743,0.12,0,-0.2936718918902521,-0.40796303596183264,0.6833008127589775,False,-8.123796635227547,3.0927924960240105,1.8094908682542155e-08,
zipf,1.0,10,2013,discovered,229,0.9391360782699345,1,2.046899454235495,229,1.0,0.92,0,0.7928434356140972,0.6007622761662609,0.5479983333611101,False,-592463.3199875066,671.5197022003052,0.001227794655278558,
zipf,1.0,10,2013,true,92,0.9679434168355743,2,1.926203052453937,73,0.7934782608695652,0.33,0,-0.4732035982400309,-0.49606186905459426,0.6198507608514982,False,-7.945805495310885,3.1576253000670342,1.684799144641147e-08,
zipf,1.0,10,2014,discovered,349,0.9666247794999453,1,1.826412101458568,349,1.0,0.13,0,-1.6610588206695738,-0.8040463873164,0.42137018556203343,False,-42.20329718809735,6.553258455917808,4.0715675822866615e-05,
zipf,1.0,10,2014,true,98,0.9596332809389749,6,2.008835191784214,63,0.6428571428571429,0.97,0,-0.30601717215672064,-0.470910130062135,0.6377049136944801,False,-5.621395688708551,2.951754375023795,4.4690665390589857e-08,
zipf,1.0,10,2015,discovered,546,0.9619130494502137,1,1.7505462906735958,546,1.0,0.01,0,-0.38276751711875434,-0.15457713985878802,0.8771546931042179,False,-101.89870906331274,10.600902529957722,0.004919549762007591,
zipf,1.0,10,2015,true,100,0.974188263321,8,1.9902160925662344,90,0.9,0.84,0,-0.20418174036440195,-0.3883054549062712,0.6977900009355844,False,-11.239952685813114,3.8535026683098104,6.380758463819802e-07,
zipf,1.0,10,2016,discovered,458,0.9591408610954113,1,1.8259489841045797,458,1.0,0.05,0,-2.4341521134047177,-0.9684641598593291,0.3328126100177736,False,-21.902848621432327,4.81490046137667,3.4160984796471894e-06,
zipf,1.0,10,2016,true,100,0.9779817062945189,7,2.0345835723367274,68,0.68,0.66,0,-0.10398065699865566,-0.2332756138815626,0.8155473935876315,False,-12.76964048144393,3.9202632516083877,1.4798200140830886e-06,
zipf,1.0,10,2017,discovered,393,0.9646126398944816,1,1.788972844810739,393,1.0,0.14,0,-0.3830669952329906,-0.20202810134663632,0.8398947554238176,False,-22694.592637898822,152.42334674603987,1.659643658058485e-05,
zipf,1.0,10,2017,true,100,0.9508696598881898,10,2.1147318082924187,43,0.43,0.86,0,-0.04518108500224116,-0.1576026429936161,0.8747699207964126,False,-13.48997216623011,3.9064633437427374,4.3646900849125814e-07,
zipf,1.0,11,2010,discovered,134,0.8894512619128808,1,2.2855250612245896,134,1.0,0.38,0,1.0507958507332182,1.3742991353115457,0.16934883466247896,False,-663867.9855593882,640.1071640046387,0.0008199942349165212,
zipf,1.0,11,2010,true,69,0.9673880175721948,3,2.1813358462404753,24,0.34782608695652173,0.61,0,-0.05228607020331055,-0.16770599808087922,0.8668145772411397,False,-12.270432967074466,3.3900335683544474,1.4199476083831541e-07,
zipf,1.0,11,2011,discovered,184,0.9374285054215428,1,2.0536884203835313,184,1.0,0.18,0,-0.4296374079492784,-0.38284490454118014,0.701834764365358,False,-162.6309547712984,11.124693550702336,0.0014804157315211341,
zipf,1.0,11,2011,true,83,0.9666886673064856,3,2.167894807492862,44,0.5301204819277109,0.92,0,0.11952435307466192,0.4599840575436585,0.6455276637282469,False,-157683.80751690618,351.65371739070815,0.00010965142973873299,
zipf,1.0,11,2012,discovered,280,0.9491747005262385,1,1.9733201686028667,280,1.0,0.95,0,0.8357862910437959,0.5862019117243904,0.557739837162087,False,-426327.05773434124,591.6139532351276,0.001011057875075494,
zipf,1.0,11,2012,true,95,0.9464195023252212,3,1.9907125889007438,71,0.7473684210526316,0.76,0,-0.6168109840762979,-0.6651375976068281,0.5059624889291241,False,-4.60925603436462,2.620808178563738,3.5420015365161817e-08,
zipf,1.0,11,2013,discovered,214,0.9504128467678682,1,1.9875423951131708,214,1.0,0.24,0,-0.3993550195361104,-0.3248710824380291,0.7452786436614615,False,-203.81436789410014,12.874923480272997,0.0013917695641225691,
zipf,1.0,11,2013,true,94,0.9598413162733137,7,2.2020622723022036,24,0.2553191489361702,0.96,0,-0.1926009468216323,-0.40589224946677366,0.6848217730860466,False,-1.892217339376859,2.0553750817698506,7.216272024379577e-11,
zipf,1.0,11,2014,discovered,392,0.944513258773286,1,1.969167841472849,392,1.0,0.17,0,2.1019276638087074,1.2656553743056531,0.20563649170166598,False,-437123.75700173015,600.668934402721,0.0016918328155952622,
zipf,1.0,11,2014,true,99,0.9523816241287459,5,2.024329492495258,54,0.5454545454545454,0.73,0,-0.12769189430505312,-0.25354427883797714,0.7998476490856331,False,-9.844881600127872,3.5002252664149145,5.870262498319789e-08,
zipf,1.0,11,2015,discovered,545,0.9672337185839663,1,1.8300602074434196,545,1.0,0.67,0,1.0895679729480818,0.4794945023984567,0.6315868783087802,False,-333178.4909572479,568.7800985711095,0.0019639225902210455,
zipf,1.0,11,2015,true,100,0.9891876735340056,11,2.0913300343625405,60,0.6,0.93,0,0.009372074210383552,0.053225507293490695,0.9575522325350991,False,-48.72132752548977,6.879038975049506,0.0011864949977393735,
zipf,1.0,11,2016,discovered,465,0.9571415854775868,1,1.827693926270027,465,1.0,0.03,0,0.4044269907781892,0.20434629427032633,0.8380828955288532,False,-128852.9884868082,354.1299242843194,0.000200332863641961,
zipf,1.0,11,2016,true,99,0.9690752715335154,12,2.129739994236397,40,0.40404040404040403,0.81,0,-0.08372083051997503,-0.25626296590225384,0.7977477915592189,False,-8.357800318940107,3.286883017979364,9.990276339522097e-08,
zipf,1.0,11,2017,discovered,435,0.9595607899688299,6,2.1042344567516595,90,0.20689655172413793,0.74,0,0.025093001478182053,0.09492486059924408,0.9243745097759151,False,-76.10509358958649,8.307066116927036,0.001958603010734805,
zipf,1.0,11,2017,true,100,0.9208646691598953,9,2.1437753666606123,60,0.6,0.89,0,-0.021460419216244198,-0.09270681910055235,0.9261364794864573,False,-31.899652183971853,5.508584542511169,1.0956344397072826e-05,
zipf,1.0,12,2010,discovered,137,0.9178962564627292,1,2.1839031512442957,137,1.0,0.8,0,0.33701080582011533,0.42244757864998067,0.6726983559534333,False,-354659.8854082422,487.372278556803,0.0003405822644708678,
zipf,1.0,12,2010,true,72,0.9690348910127262,2,2.0601327342614697,47,0.6527777777777778,0.76,0,-0.34781034957897394,-0.5024601675238402,0.6153438648190649,False,-6.446222092225421,2.685764897165084,2.673061771929497e-11,
zipf,1.0,12,2011,discovered,217,0.9486326194054595,3,2.4519033896920743,61,0.28110599078341014,0.58,0,0.11449481503419201,0.41296489681360293,0.6796323325648936,False,-224358.966716574,374.8901052270139,0.00017819599088397808,
zipf,1.0,12,2011,true,88,0.954452517449161,3,2.124061264936815,54,0.6136363636363636,0.96,0,-0.1123177417623622,-0.24373641215433178,0.807434970830444,False,-17.741222076720106,4.077345169075182,1.5939598938530253e-06,
zipf,1.0,12,2012,discovered,228,0.9373362962024335,1,1.962238849755336,228,1.0,0.21,0,2.07907669981565,1.6724817077815164,0.09442937196313025,False,-622025.6618876965,719.8140330436822,0.001440934573111008,
zipf,1.0,12,2012,true,93,0.9570586071199865,3,2.065284413007325,65,0.6989247311827957,0.77,0,-0.00012315155888553697,-0.00030142146683752443,0.9997595004689576,False,-42.8524916709423,6.270528248735741,7.96670888121298e-05,
zipf,1.0,12,2013,discovered,238,0.9504720229397753,1,1.9744846504128448,238,1.0,0.09,0,-0.7646181924472639,-0.5400100173329878,0.5891901241365998,False,-52.492427340397626,6.654257478164745,0.0002352946781911669,
zipf,1.0,12,2013,true,95,0.95825408539072,3,2.107358814604951,54,0.5684210526315789,0.39,0,-0.05923738371753484,-0.19379915056683555,0.8463331521529407,False,-97.36846307948338,9.099457124704761,0.0014299038186322832,
zipf,1.0,12,2014,discovered,376,0.9571319383408073,1,1.9027420071341226,376,1.0,0.61,0,0.0724492446524998,0.04240982463296938,0.9661719964724921,False,-246647.85310565695,467.87490191770263,0.0004521363634921727,
zipf,1.0,12,2014,true,99,0.9504320109595487,7,2.102858083804965,49,0.494949494949495,0.52,0,0.015601765294774417,0.0919669096718728,0.9267243303965638,False,-64.31268460072798,7.705646813788295,0.0008300273526913315,
zipf,1.0,12,2015,discovered,634,0.9660599352865991,1,1.8230214462635015,634,1.0,0.38,0,0.6149182958140003,0.25477316339436545,0.7988983039339146,False,-155888.80169423285,390.7360586607761,0.0014595980628655525,
zipf,1.0,12,2015,true,100,0.9520658644483575,11,2.066928812382317,77,0.77,0.62,0,-0.10938453488714206,-0.3126023837215978,0.7545827668855463,False,-15.397891976435847,4.230419905710046,9.425539531093818e-06,
zipf,1.0,12,2016,discovered,411,0.9609856981531926,1,1.8143419189520016,411,1.0,0.19,0,1.2804551502231014,0.674158099447689,0.5002108052496046,False,-103592.93313892088,320.45385230059975,0.0009264627642551204,
zipf,1.0,12,2016,true,100,0.9322518930501423,7,2.067994898607603,64,0.64,0.85,0,-0.1525457636801324,-0.34939392281506815,0.726793595093491,False,-10.958081672708525,3.6310139588093038,1.2953978512086906e-07,
zipf,1.0,12,2017,discovered,457,0.9601636030420088,1,1.8395480758574656,457,1.0,0.02,0,1.2929821275647324,0.6480755393461701,0.5169360938584338,False,-299468.4082220576,536.0357402195377,0.0010962202113660169,
zipf,1.0,12,2017,true,100,0.9499120783479232,8,2.0924392526057267,72,0.72,0.79,0,-0.07591373975045057,-0.21844773591486788,0.8270802756014441,False,-18.45436636368787,4.438688524196458,1.5667989032408514e-05,
zipf,1.0,13,2010,discovered,128,0.8876365225492795,1,2.350657476734785,128,1.0,0.94,0,0.4538484151158859,0.6012575717692585,0.5476684441287585,False,-285527.79378664924,409.03960132108455,0.0004803974661626853,
zipf,1.0,13,2010,true,67,0.9526945733080748,2,2.3373767864550974,39,0.582089552238806,0.13,0,0.3011956199772624,0.9812844196257311,0.32645250378172774,False,-510483.2586864168,578.4314353327002,0.0003453629078649101,
zipf,1.0,13,2011,discovered,198,0.9160413525954969,1,2.1902899896035577,198,1.0,0.71,0,0.9364069889988698,0.8884971354137482,0.3742733960510989,False,-115215.04919642885,277.1722834498016,0.00086099936379469,
zipf,1.0,13,2011,true,81,0.9732061955574485,2,1.9676691377772155,57,0.7037037037037037,0.64,0,-0.46540040085307277,-0.5585346760110788,0.576479332682627,False,-7.26019662972217,2.969091301591322,1.3160388334654272e-09,
zipf,1.0,13,2012,discovered,265,0.939923259065072,1,1.9587971839408997,265,1.0,0.2,0,-0.524689728200249,-0.3629495005495478,0.7166426083010563,False,-42.08374133461965,6.034826674510633,6.290683813858777e-07,
zipf,1.0,13,2012,true,93,0.9463278052187315,4,2.0023572751338317,49,0.5268817204301075,0.29,0,-0.7968589123865419,-0.7981277979414393,0.42479633150864893,False,-1.1662991985294378,1.9799486991681419,2.3556765427201753e-09,
zipf,1.0,13,2013,discovered,245,0.9530391161713435,1,1.9960282573176187,245,1.0,0.15,0,-1.8088088689890824,-1.0152144172528472,0.3100036295955352,False,-15.6876845565322,3.712526949854566,1.8110512201019446e-07,
zipf,1.0,13,2013,true,89,0.967600958263099,4,2.048069818202562,40,0.449438202247191,0.97,0,-0.2085730905072043,-0.399323783284507,0.6896546449562542,False,-6.350891277853405,2.899163855658784,7.770381671434734e-09,
zipf,1.0,13,2014,discovered,326,0.9512255053587924,1,1.838195378811418,326,1.0,0.03,0,1.0877529398609251,0.6747174737394499,0.4998552807015125,False,-225708.01184555664,465.79144871406436,0.0004574258255161112,
zipf,1.0,13,2014,true,100,0.9168098767176881,10,2.226991716885458,42,0.42,0.29,0,0.01845940900674048,0.24340227836181944,0.8076937789974026,False,-42554.375258796936,183.70682585789905,1.6163623513421044e-05,
zipf,1.0,13,2015,discovered,507,0.9602456973456781,1,1.751630377865517,507,1.0,0.03,0,3.0053507638828485,1.3685676632839836,0.17113445782455095,False,-324280.1583835074,592.0999292260702,0.001673348438089306,
zipf,1.0,13,2015,true,100,0.9587518831047958,9,1.9995177996436668,76,0.76,0.74,0,-0.025748386747360463,-0.08287785716754163,0.9339486608781431,False,-24.41178533842735,5.265640583286632,0.0002162549860145191,
zipf,1.0,13,2016,discovered,464,0.9543033990127943,1,1.8667808040607174,464,1.0,0.0,0,0.4192500462452955,0.2176066318461868,0.8277356168493348,False,-151526.62983680327,374.7223026999194,0.000251104989729356,
zipf,1.0,13,2016,true,100,0.9792091339431724,11,2.1194937675540246,36,0.36,0.87,0,-0.10844574221735392,-0.31338381046466135,0.7539890825885255,False,-6.561973441592615,3.039239799554745,3.627167188824387e-08,
zipf,1.0,13,2017,discovered,424,0.961789586378481,1,1.7554253252871173,424,1.0,0.03,0,-2.835232338647561,-1.063445873276877,0.28757979892663943,False,-16.79012002474414,4.493846093273453,6.798916274419753e-08,
zipf,1.0,13,2017,true,100,0.9763004056557266,7,2.0505394482549097,68,0.68,0.83,0,-0.008470041549403451,-0.02727187488016137,0.9782428891163095,False,-27.896679743335206,5.387341811136949,0.0005704605848109168,
zipf,1.0,14,2010,discovered,148,0.8917150424752219,1,2.338750663212813,148,1.0,0.44,0,0.31012447934565257,0.41840338449756725,0.675652212449958,False,-357871.88518008287,459.79558930701995,0.00032777389969851356,
zipf,1.0,14,2010,true,75,0.9599650163711667,3,2.2568610649986627,30,0.4,0.49,0,-0.2108085534787847,-0.4615020248758401,0.6444384689854346,False,-4.056301900854236,2.170681001688649,3.302193363197148e-08,
zipf,1.0,14,2011,discovered,196,0.937761790587677,1,2.1134316173256087,196,1.0,0.53,0,-0.6377894095205985,-0.538131634546904,0.5904861739738326,False,-49.44247355552006,6.018751696373318,6.30627482678392e-06,
zipf,1.0,14,2011,true,82,0.9611003962018171,3,2.1221739899626355,45,0.5487804878048781,0.61,0,-0.13216007514460504,-0.262774683480354,0.7927242496340308,False,-11.719228793420882,3.4244544700612054,3.6318638763077615e-08,
zipf,1.0,14,2012,discovered,278,0.9394621824888902,1,1.9355701364012254,278,1.0,0.24,0,1.3570627494677536,1.0203544620380516,0.30756038258525764,False,-455846.38387933304,624.7827377121341,0.0007519422833865974,
zipf,1.0,14,2012,true,94,0.9475223429288107,4,2.113956430679967,53,0.5638297872340425,0.69,0,-0.15493957326817154,-0.3397558175558283,0.7340404230886816,False,-11.595223163405041,3.499571423242449,2.2542258193425369e-07,
zipf,1.0,14,2013,discovered,217,0.9447347396276555,1,2.0421573257898813,217,1.0,0.37,0,-0.3241615826356883,-0.2632569753336857,0.7923525190294405,False,-237907.04917055188,426.0291978443415,0.0002685347353690304,
zipf,1.0,14,2013,true,87,0.9533302345877352,3,2.0890504837930055,55,0.632183908045977,0.12,0,-0.06985446378821458,-0.1627209929893345,0.870738117272177,False,-25.11098983922991,4.841316624367858,1.0068142728414387e-06,
zipf,1.0,14,2014,discovered,345,0.9651434615862587,4,2.1884617614966393,78,0.22608695652173913,0.51,0,0.001945129442218585,0.0051370261455006136,0.9959012641770213,False,-32.80477460318518,5.300943995477428,5.577619970154046e-05,
zipf,1.0,14,2014,true,99,0.9517775226180267,4,2.0129521216766317,74,0.7474747474747475,0.85,0,-0.2541032008272621,-0.4074003144232339,0.6837139960775642,False,-10.059868954399818,3.495840991034231,2.511157788376295e-07,
zipf,1.0,14,2015,discovered,484,0.9629061684223689,1,1.7222246917099902,484,1.0,0.0,0,-0.8543012864192434,-0.33978039855682,0.7340219103089324,False,-49.48244627219158,7.627894558079881,2.3770851157678408e-05,
zipf,1.0,14,2015,true,100,0.9721176192607331,11,2.0518141689556706,56,0.56,1.0,0,-0.10258534664169572,-0.25405814727639464,0.7994506363398204,False,-9.685469412237453,3.5855355488046636,2.9599902973131975e-08,
zipf,1.0,14,2016,discovered,487,0.9609200969854603,3,1.9736466753506174,164,0.33675564681724846,0.48,0,-0.9704659828288964,-0.786785977766357,0.43140716332823403,False,-7.718154453091749,3.161144837468352,1.5960495147737674e-08,
zipf,1.0,14,2016,true,100,0.9482187182546535,8,2.071500841962489,66,0.66,0.58,0,-0.12730385087651142,-0.319754049004933,0.7491547837588561,False,-12.853591962941865,3.8787986951050737,6.780761623303988e-07,
zipf,1.0,14,2017,discovered,477,0.956994208939931,1,1.8508769605014201,477,1.0,0.06,0,-0.10516537476090804,-0.05310438250405095,0.9576487396488159,False,-685.7886669367554,25.488239223092798,0.0003597673904778276,
zipf,1.0,14,2017,true,100,0.9508601889401236,7,2.077944517257946,69,0.69,0.95,0,-0.13565184816380782,-0.30839385457009116,0.7577826575951745,False,-12.732921367011645,3.8262445731416452,3.360014488862362e-10,
zipf,1.0,15,2010,discovered,136,0.8412648131121669,1,2.44606678090382,136,1.0,0.45,0,1.4157535911063148,1.6506891977139038,0.09880205469266541,False,-997141.3583643642,739.855517989833,0.0012837528447562363,
zipf,1.0,15,2010,true,68,0.9546146043919786,2,2.118725710630147,41,0.6029411764705882,0.14,0,-1.1673928341297266,-0.8947681510640518,0.37091103892569666,False,-0.5097088399673348,1.4117698109766788,1.7067236512957606e-11,
zipf,1.0,15,2011,discovered,234,0.9320290426517392,1,2.15771224597037,234,1.0,0.96,0,-0.13125653808603754,-0.11831767784180869,0.90581595089133,False,-246971.85785308736,411.1403069261232,0.00023880165554146515,
zipf,1.0,15,2011,true,86,0.9574655515131648,3,2.214612776075609,54,0.627906976744186,0.75,0,0.35030881479354115,1.2785247347966575,0.20106446909497688,False,-331718.0441477867,500.3155574302817,0.00043189852385694394,
zipf,1.0,15,2012,discovered,260,0.9586919943756791,1,1.946645096496806,260,1.0,0.18,0,-2.6114741895096323,-1.2538645971195714,0.20989122494782098,False,-10.42194149484821,3.1849403455149634,4.439766598807182e-08,
zipf,1.0,15,2012,true,90,0.9563314301741924,3,2.1615262438746665,65,0.7222222222222222,0.3,0,0.3352500565812613,1.0439724429412234,0.2964981394085383,False,-312784.56091831485,496.9700317761119,0.0003389598223293433,
zipf,1.0,15,2013,discovered,240,0.9477575803043796,1,2.0149161625425758,240,1.0,0.8,0,-0.076901991129664,-0.054824056236158124,0.9562786351160688,False,-405863.29896098486,564.37071436559,0.0007475810152755002,
zipf,1.0,15,2013,true,94,0.967470781966423,3,2.040405548224551,51,0.5425531914893617,0.59,0,-0.24530269254166726,-0.4240271676033951,0.6715460002532495,False,-8.117602856407808,3.096702726015128,4.64709444258915e-08,
zipf,1.0,15,2014,discovered,333,0.9629533313494731,1,1.8572860379393914,333,1.0,0.04,0,-3.573751278986375,-1.4235947412482073,0.15456381901957958,False,-10.642918009447493,3.409125500850173,1.8997752704308368e-08,
zipf,1.0,15,2014,true,97,0.9272872993738833,11,2.2466797620476555,29,0.29896907216494845,0.88,0,0.017998438848734644,0.283192605413975,0.7770291964687842,False,-538.6573519947241,20.603989924222446,5.0815788597446954e-05,
zipf,1.0,15,2015,discovered,511,0.9623434584541021,1,1.759096477775495,511,1.0,0.01,0,1.0047268899425603,0.4606811966099469,0.645027347437612,False,-105986.61791520192,336.45117980635575,0.0005254253283055732,
zipf,1.0,15,2015,true,100,0.9857078406206712,10,2.0975876315687945,69,0.69,0.91,0,0.049708360936077334,0.45782656143405054,0.6470770513862025,False,-11871.297929636836,102.67712516699737,7.149719749577343e-07,
zipf,1.0,15,2016,discovered,368,0.9690758753077853,1,1.7719151811306422,368,1.0,0.13,0,-1.8642116444139916,-0.8854452240265401,0.3759165502824189,False,-43.12192127199906,6.877409602811259,0.0002575481547637537,
zipf,1.0,15,2016,true,98,0.9522476445336405,5,1.9563757727022204,72,0.7346938775510204,0.1,0,-0.6383451068195245,-0.737747242448319,0.4606680581652378,False,-3.382058324928596,2.5988038708421537,4.8858737500268035e-08,
zipf,1.0,15,2017,discovered,448,0.9639648689611314,1,1.809322114095797,448,1.0,0.04,0,-0.3367444643369666,-0.16813426133992546,0.8664776563519323,False,-1808.4577437594996,42.46878774625948,4.268124109785276e-05,
zipf,1.0,15,2017,true,99,0.9257700765876019,7,2.0446030572425733,74,0.7474747474747475,0.88,0,-0.35583692705769066,-0.538856558942356,0.5899858338809453,False,-5.744588296528937,2.9449191565271327,4.692998345490196e-08,
zipf,1.0,16,2010,discovered,129,0.9044081527466821,1,2.293880589093954,129,1.0,0.99,0,0.22954750155011894,0.30745196100121963,0.7584993828924834,False,-336927.5576704355,453.9058212368547,0.00030442191928159446,
zipf,1.0,16,2010,true,71,0.9634144684886041,2,2.2120951790844625,44,0.6197183098591549,0.62,0,0.05899066390921437,0.1811700493001212,0.8562341027554553,False,-156611.90209435252,336.5627612667056,4.709356198873138e-05,
zipf,1.0,16,2011,discovered,189,0.9194405446725675,1,2.0811780850030264,189,1.0,0.35,0,1.3921741925859603,1.396161873213469,0.16266575510061398,False,-499783.3760586617,606.94418051002,0.0009770089118319447,
zipf,1.0,16,2011,true,81,0.9703730542979332,2,1.9989082255802426,59,0.7283950617283951,0.69,0,-0.3521342633714373,-0.5186142753949715,0.604029752144546,False,-10.305749073249228,3.3457224765536067,4.263304731466633e-08,
zipf,1.0,16,2012,discovered,252,0.9509337976015029,1,1.9935977620450813,252,1.0,0.87,0,-0.333753007504737,-0.2464827620160851,0.8053085468122869,False,-233553.2311684388,432.7801334862871,0.0003066966355618206,
zipf,1.0,16,2012,true,90,0.9625288508873466,3,2.111817507830307,63,0.7,0.83,0,-0.15936120262823117,-0.3424329792474662,0.7320250731398755,False,-21.610688379759484,4.473829510113218,1.7349407244182657e-08,
zipf,1.0,16,2013,discovered,269,0.9365563191778195,2,2.3383778111750724,101,0.3754646840148699,0.32,0,0.26605213414705364,0.5358553424074393,0.5920585303252035,False,-340166.2672879452,471.36589846921834,0.0003780070383072598,
zipf,1.0,16,2013,true,95,0.9500397960717086,3,2.1565530380414195,64,0.6736842105263158,0.45,0,0.06877458415354876,0.23551054605298619,0.8138124944601159,False,-136829.29508220698,329.1042468740917,8.120148777379654e-05,
zipf,1.0,16,2014,discovered,353,0.9566654806475562,1,1.8234710835721613,353,1.0,0.02,0,-0.8715752504122456,-0.43368665872560835,0.6645159959592195,False,-39.33349716202463,6.3519149301791895,2.4422148499070317e-05,
zipf,1.0,16,2014,true,99,0.9341276708841205,9,2.158927708825621,41,0.41414141414141414,0.74,0,-0.1505150808188045,-0.3423314037334903,0.7321015049036801,False,-5.374284293117697,2.7651687189072978,4.375174285087269e-07,
zipf,1.0,16,2015,discovered,535,0.9597217264561464,1,1.8140844853614253,535,1.0,0.25,0,3.010701561949073,1.3811911041006675,0.16722020928729153,False,-319788.83173261245,563.4317983573109,0.0024430641960861976,
zipf,1.0,16,2015,true,100,0.9792041633604737,8,1.9974442714747096,81,0.81,0.7,0,-0.3809857909964558,-0.5227033042500512,0.6011807384851838,False,-5.289955348014894,2.983627688020389,2.092974682454951e-09,
zipf,1.0,16,2016,discovered,472,0.9606059080610205,1,1.8259336232122507,472,1.0,0.04,0,0.5195765089005295,0.2595613212643285,0.795202175069231,False,-171306.45191767765,408.81671203727154,0.00044394611359166447,
zipf,1.0,16,2016,true,100,0.9283844362207286,10,2.0061846487537176,48,0.48,0.58,0,-0.19865863398465233,-0.3705761068789598,0.7109532808702866,False,-4.757275941865885,2.9284370688768857,6.137602497346961e-07,
zipf,1.0,16,2017,discovered,432,0.9630157935858622,1,1.8284268798325234,432,1.0,0.08,0,-0.5679629561386008,-0.28614939973122244,0.7747636971072973,False,-429.5474373476128,20.474893447829416,0.0009219195029572802,
zipf,1.0,16,2017,true,100,0.9569432945350566,7,2.0265660409346924,64,0.64,0.89,0,-0.28511172463490553,-0.47705247000369166,0.6333247589232986,False,-6.413263428283136,3.080460865785472,2.4785833829810144e-08,
zipf,1.0,17,2010,discovered,130,0.8622414420617358,1,2.429770434100975,130,1.0,0.22,0,0.47637460156607525,0.855037278588873,0.392530510464991,False,-383676.3060517667,460.6631754645072,0.0003200713672413258,
zipf,1.0,17,2010,true,69,0.9602031221306381,1,1.8771254089110927,69,1.0,0.08,0,-1.5041596805727675,-1.0537548130587187,0.2919951864730692,False,-3.597121562905226,2.1890017388210947,1.535170213173842e-09,
zipf,1.0,17,2011,discovered,179,0.9398250309797964,1,2.0311380475840477,179,1.0,0.47,0,-1.2391527784446934,-0.8285055778779558,0.4073842373465215,False,-10.315350618528768,3.017798365931724,1.460250587115297e-09,
zipf,1.0,17,2011,true,82,0.9659057316236817,5,2.3929037248434173,24,0.2926829268292683,0.83,0,0.06787588903372788,0.6320052542326068,0.5273834438995814,False,-197728.77443894628,366.3163847664688,7.671738057979383e-05,
zipf,1.0,17,2012,discovered,262,0.9513137821499353,1,1.9814200634517096,262,1.0,0.61,0,-0.27278419301874646,-0.18924639338906893,0.8498997078946575,False,-317215.03093534557,507.67474459990916,0.000495302893796179,
zipf,1.0,17,2012,true,90,0.9512929331566213,3,1.9630467000505418,59,0.6555555555555556,0.22,0,-0.7782829403716112,-0.7702419772495371,0.4411563676920005,False,-2.791137720334799,2.312007073926487,1.10588871393702e-09,
zipf,1.0,17,2013,discovered,229,0.9389699540724139,1,2.067147906297568,229,1.0,0.03,0,-0.3229162694719605,-0.26752846850359274,0.7890622979929678,False,-98898.7114229996,271.2980056474256,9.555004908179399e-05,
zipf,1.0,17,2013,true,87,0.9623805233180766,3,2.1192416588218164,52,0.5977011494252874,0.8,0,-0.005572615168602413,-0.0170880889805062,0.9863663411431167,False,-80.93481624405929,8.27421369799649,0.00043496694448208473,
zipf,1.0,17,2014,discovered,382,0.9481097760690292,6,2.2948874558140027,65,0.17015706806282724,0.67,0,0.054695202524505326,0.32697178630979523,0.7436892246340052,False,-78508.6090358191,240.57369417284434,0.00010037669744633604,
zipf,1.0,17,2014,true,98,0.93366295563803,6,2.049492277037134,63,0.6428571428571429,0.79,0,-0.3025559687276256,-0.47785899999810905,0.6327505646899485,False,-5.845130777607918,2.9177414925876684,3.9781920690984407e-07,
zipf,1.0,17,2015,discovered,559,0.9521321277545224,1,1.7748065586320572,559,1.0,0.0,0,2.2282991831593613,1.0108373056007682,0.3120943047140421,False,-134701.86483263288,375.29453990300186,0.0006056626807549037,
zipf,1.0,17,2015,true,100,0.9747312128458255,12,2.1166819927716536,60,0.6,0.82,0,-0.004729362735040432,-0.02927622073281688,0.9766442918778958,False,-48.96421015103206,6.8249321327367936,0.0015040996292725595,
zipf,1.0,17,2016,discovered,414,0.9590806323449312,1,1.796359149336188,414,1.0,0.01,0,0.04492761253446176,0.022658501909910696,0.9819226780078051,False,-302.9332082070009,17.583824685043894,0.0019736418182674242,
zipf,1.0,17,2016,true,100,0.9786612362025582,6,2.006428645539765,74,0.74,0.86,0,-0.33750091592072406,-0.5019000392886502,0.6157378376533382,False,-6.296508037969346,3.063833721529386,1.1308486591588007e-08,
zipf,1.0,17,2017,discovered,442,0.9698179649061055,1,1.8121984429139388,442,1.0,0.07,0,-3.45352748233676,-1.3308288560957258,0.1832453307667753,False,-20.55600301876281,4.7195894476196045,7.943824584799586e-07,
zipf,1.0,17,2017,true,100,0.943434602725614,8,2.0306519751306182,63,0.63,0.93,0,-0.22298516052964823,-0.408677074218049,0.6827766603300086,False,-6.787651564062273,3.159152589562756,4.448696415693121e-07,
zipf,1.0,18,2010,discovered,132,0.9064883751595028,1,2.2776030061808927,132,1.0,0.95,0,0.22181560544937073,0.2788438224645709,0.780364682240726,False,-479305.27082029736,544.8862188793755,0.00035240506167610874,
zipf,1.0,18,2010,true,67,0.9618727961427928,2,2.2305356376012924,43,0.6417910447761194,0.6,0,-0.11766882692234393,-0.29825572145831036,0.765507996285627,False,-36.18888472404608,5.217067028302898,7.453650866295902e-06,
zipf,1.0,18,2011,discovered,164,0.9391355621595753,1,1.9437803328158345,164,1.0,0.09,0,-0.1746899157007702,-0.16181845570068665,0.871448819041233,False,-84.7688830434394,8.555944681379005,0.0011998666562362814,
zipf,1.0,18,2011,true,77,0.9470695774416498,3,2.235943544415592,44,0.5714285714285714,0.45,0,0.028219551591842862,0.11109485675295255,0.9115411272128341,False,-89716.07830469336,257.47583195683154,2.464184490236221e-05,
zipf,1.0,18,2012,discovered,252,0.9552086725846295,1,1.9571346763204018,252,1.0,0.3,0,-0.46743300551537725,-0.346414006036309,0.7290316006919842,False,-115492.90564690223,310.3147651347044,9.238509119313676e-05,
zipf,1.0,18,2012,true,99,0.9676952805751989,3,1.9950198269722563,65,0.6565656565656566,0.59,0,-0.14468842333508403,-0.2391533674497169,0.8109866608985167,False,-14.032437779925406,3.951563119254736,3.804196069268073e-07,
zipf,1.0,18,2013,discovered,261,0.9331226066950085,1,2.1656559266368776,261,1.0,0.49,0,-1.0251640145539591,-0.7466811174550151,0.45525607044455774,False,-27.31359520527708,4.413538632057436,1.3865692949366348e-06,
zipf,1.0,18,2013,true,89,0.953020176761337,4,2.2804563750222386,42,0.47191011235955055,0.96,0,0.06752707818875692,0.3587150280708012,0.7198082848557128,False,-102676.91791593592,273.587410683759,0.00010954664230666822,
zipf,1.0,18,2014,discovered,378,0.9548344411346301,1,1.8491635591019187,378,1.0,0.03,0,-0.6248809783236648,-0.3218735210469673,0.747548513699325,False,-53.23364146195384,7.22260737265591,0.00046488385873999505,
zipf,1.0,18,2014,true,99,0.9542277044122551,5,2.0136432296930415,66,0.6666666666666666,0.43,0,-0.32920326403689426,-0.46287201400535605,0.6434561085830918,False,-5.677892171646022,2.9081699368852556,8.226132308664091e-08,
zipf,1.0,18,2015,discovered,531,0.9565836355167172,1,1.7832022364944904,531,1.0,0.01,0,3.1308328408473614,1.404806721018199,0.16007875996822407,False,-137975.34142677148,377.79067509707255,0.0016310332393913995,
zipf,1.0,18,2015,true,100,0.9709911047850854,10,2.1188394536029724,73,0.73,0.98,0,0.01682124311657951,0.11061638148168189,0.9119205566653423,False,-105.13467921737227,9.748249886529239,0.002161041860063051,
zipf,1.0,18,2016,discovered,436,0.9559962370320583,1,1.8217610716635146,436,1.0,0.07,0,0.08639456533155077,0.04404541424915092,0.9648682036356696,False,-229.26597981224148,15.057647405043356,0.003396156156213692,
zipf,1.0,18,2016,true,100,0.9467665692646025,6,1.9973014654810946,75,0.75,0.78,0,-0.3051184736500838,-0.4600419274520394,0.6454861260799857,False,-6.861168552482105,3.1684555538226498,2.9558577807620168e-12,
zipf,1.0,18,2017,discovered,434,0.9594531513163674,1,1.8152036826522342,434,1.0,0.02,0,-0.6595706459976274,-0.3145738689403918,0.7530852221534999,False,-69.42274364653292,8.400606022520197,0.000516306696454194,
zipf,1.0,18,2017,true,99,0.9435117439420769,10,2.0928442616688154,42,0.42424242424242425,0.71,0,-0.09995260260051753,-0.27195266581739375,0.7856584152327779,False,-7.971677642795635,3.2641397848350553,1.149018459045692e-06,
zipf,1.0,19,2010,discovered,129,0.8986015750224444,1,2.213487832464911,129,1.0,0.06,0,-0.09662112497454434,-0.12560849119876927,0.9000418411921753,False,-38.22640591709322,5.078947140021836,6.028393130463883e-06,
zipf,1.0,19,2010,true,72,0.9562343484566911,3,2.3431297596751315,27,0.375,0.56,0,0.02086589600333877,0.09906300034748192,0.9210882489874527,False,-53.46338015719982,6.158008671657413,0.00011630649468941101,
zipf,1.0,19,2011,discovered,216,0.9403699016038893,1,2.05839461038539,216,1.0,0.19,0,-0.734241228263464,-0.5568434010092452,0.5776344278272134,False,-30.542492308972918,4.9039809111862676,1.931615940975462e-06,
zipf,1.0,19,2011,true,89,0.9513012557589261,7,2.4888775999122554,23,0.25842696629213485,0.46,0,0.04457046168943268,0.5999480144135052,0.5485408817932927,False,-177850.0026474982,338.5434002174552,7.590670429635793e-05,
zipf,1.0,19,2012,discovered,271,0.9400860179872718,3,2.149722734649848,81,0.2988929889298893,0.54,0,-0.233916765276454,-0.3722880720030846,0.7096783785684788,False,-13.09373055764694,3.535994104908512,4.1551965068720165e-07,
zipf,1.0,19,2012,true,93,0.934333586269562,4,2.0419618560244532,52,0.5591397849462365,0.19,0,-0.7305643755922511,-0.76259782803936,0.44570328030159256,False,-1.679601943618453,2.04637662164653,2.044706093329296e-08,
zipf,1.0,19,2013,discovered,213,0.9454962916675598,1,1.9677254491165395,213,1.0,0.11,0,0.07351135940160614,0.06212520356176729,0.9504631262208725,False,-194250.57449973375,400.2892631085525,0.00016118087660288438,
zipf,1.0,19,2013,true,89,0.9597331800628068,4,2.1461282283415968,39,0.43820224719101125,0.92,0,-0.19191276500392274,-0.36792674155385,0.7129278598464069,False,-5.847447855253444,2.6720355022000453,7.635208021383733e-09,
zipf,1.0,19,2014,discovered,364,0.9556523495123062,1,1.8932137437128027,364,1.0,0.18,0,-0.28592684856787365,-0.16891378289873663,0.865864457794123,False,-70486.71021814339,251.45970282087225,4.82361028844025e-05,
zipf,1.0,19,2014,true,96,0.9601331447875286,7,2.1274543898038045,58,0.6041666666666666,0.96,0,-0.06977789917268051,-0.211780676616161,0.8322781444152436,False,-17.525895911027185,4.246109842492719,3.4342449737323477e-06,
zipf,1.0,19,2015,discovered,535,0.9655872351879908,1,1.7436765632093467,535,1.0,0.08,0,-0.3998559953789922,-0.16801538627891455,0.8665711746489972,False,-138.27721253960777,12.37752605123937,0.009683445832934012,
zipf,1.0,19,2015,true,100,0.9705749983094143,48,2.199296102467863,16,0.16,0.68,0,-0.19468981342244573,-0.421556558812984,0.6733487201043045,False,1.7312535213274785,1.7252681358864785,8.372182946914108e-10,
zipf,1.0,19,2016,discovered,391,0.9610089470285545,6,2.063580714017173,94,0.24040920716112532,0.94,0,-0.31007474062282947,-0.47083419049909353,0.6377591465086259,False,-7.593483495217635,3.1573977864767464,8.949029961513588e-08,
zipf,1.0,19,2016,true,100,0.9401007295473305,6,1.9523884933326436,75,0.75,0.36,0,-0.42972175667850765,-0.5563242298591963,0.5779892261295174,False,-5.033293324467281,2.956551833242106,6.46934950054856e-08,
zipf,1.0,19,2017,discovered,448,0.958122520647178,1,1.8121964240707582,448,1.0,0.01,0,-0.8686423310144775,-0.38719565891355073,0.6986113636794593,False,-48.18193785368392,7.054260924805272,7.456921139237238e-06,
zipf,1.0,19,2017,true,100,0.9587618539587699,6,2.000378216303622,70,0.7,0.93,0,-0.1313171167582392,-0.2534726537465266,0.7999029904610365,False,-11.846940977385886,3.8492670197953673,1.3693746154785913e-06,
zipf,1.0,20,2010,discovered,124,0.8947907942342039,1,2.148736866577117,124,1.0,0.09,0,1.2193252273263695,1.7389731046514545,0.08203949386794473,False,-599488.7286860477,644.5194634647427,0.000722858875633392,
zipf,1.0,20,2010,true,64,0.962975112517977,1,1.813667314022201,64,1.0,0.02,0,-2.3653239276400155,-1.2924170802422184,0.19621274479323236,False,-1.6116797220912462,1.8090773081447464,2.4158453015843406e-13,
zipf,1.0,20,2011,discovered,209,0.9180696562418079,1,2.195355025500831,209,1.0,0.77,0,0.4091280285699961,0.363183723804909,0.7164676452690059,False,-650203.8906135367,656.7016395225006,0.0008140061027006595,
zipf,1.0,20,2011,true,90,0.9766681223508964,2,1.9862249497252917,62,0.6888888888888889,0.99,0,-0.1863058476005317,-0.29090070165438575,0.7711272646671437,False,-16.542530884126514,4.121170269089933,1.8112012867277372e-07,
zipf,1.0,20,2012,discovered,277,0.9484036495684275,1,1.9884990122685335,277,1.0,0.18,0,-0.658673802317761,-0.45666287795769706,0.647913376893137,False,-87.44425007295561,8.472735968377064,0.00037197617518813786,
zipf,1.0,20,2012,true,97,0.9559879282914663,3,1.9685517478658796,65,0.6701030927835051,0.75,0,-0.5715918510728439,-0.6270930495291422,0.5305982429026237,False,-4.584794509264969,2.6541286634017314,2.7997373308608076e-09,
zipf,1.0,20,2013,discovered,215,0.9537282657208099,1,1.9756844619863523,215,1.0,0.31,0,-1.4783201485812896,-0.8939504588622854,0.3713483983520286,False,-16.388807463632027,3.8322466233852066,1.6667326008246164e-07,
zipf,1.0,20,2013,true,87,0.947603392743235,4,2.007607409874287,43,0.4942528735632184,0.44,0,-1.048920016730454,-0.8677949530355237,0.38550659343738514,False,-0.08024963943695221,1.6838418969839277,7.105427357601002e-13,
zipf,1.0,20,2014,discovered,382,0.95336684958455,1,1.9387148463983948,382,1.0,0.18,0,0.07995339573195892,0.04638864022438017,0.9630004905546903,False,-234102.4199835083,446.5071106374977,0.0005111847567604855,
zipf,1.0,20,2014,true,99,0.9229025215845894,8,2.189934781898872,47,0.47474747474747475,0.18,0,0.03856162710955946,0.38090141105392045,0.7032764054097307,False,-28155.187853875992,151.26703939853678,3.888293849740876e-05,
zipf,1.0,20,2015,discovered,550,0.952984391099008,14,2.2464390138106087,63,0.11454545454545455,0.96,0,-0.03373582830502375,-0.13243879839201506,0.894637228263288,False,-17.594664916582637,4.136781144790846,2.0765935801136948e-05,
zipf,1.0,20,2015,true,100,0.9773136607258806,23,2.092054654855055,32,0.32,0.99,0,-0.08896472321176763,-0.27007951362888033,0.7870990824124309,False,-5.2591350878246566,3.0218697985169283,2.311896537321445e-06,
zipf,1.0,20,2016,discovered,438,0.9497888623832282,1,1.8383943754731136,438,1.0,0.0,0,3.523420403642488,1.8150560308089017,0.06951529929106029,False,-240033.91346192165,480.7519829424586,0.002084821061544062,
zipf,1.0,20,2016,true,100,0.9561511115070417,6,2.039890859061169,73,0.73,0.75,0,-0.29252520089478784,-0.4665193083781353,0.6408438301353852,False,-7.152006959787599,3.134151763204681,4.644198270398192e-08,
zipf,1.0,20,2017,discovered,408,0.950430212440548,1,1.7475442187789048,408,1.0,0.0,0,-0.8727488481039423,-0.361939178718901,0.7173974815583543,False,-24.739693108312444,5.396850365615867,4.222805500830873e-07,
zipf,1.0,20,2017,true,100,0.9570578483198877,12,2.0908466142009905,40,0.4,0.35,0,-0.05038271241523962,-0.1776878383553752,0.8589681368435548,False,-11.339239633697398,3.7328217511718647,3.5026325235776312e-06,
zipf,1.0,21,2010,discovered,132,0.8895318336039582,1,2.2885546652032125,132,1.0,0.03,0,0.42221981432995426,0.6109063521573053,0.5412615793091895,False,-369738.4498062198,476.563928269212,0.00030546934794983827,
zipf,1.0,21,2010,true,69,0.9567264070648027,3,2.353445209011566,29,0.42028985507246375,0.88,0,-0.1041819439154601,-0.2893336280613693,0.7723260807779939,False,-8.955786540732477,2.760615022308316,1.4331362763186917e-09,
zipf,1.0,21,2011,discovered,194,0.9417075833517633,1,2.0692408631660637,194,1.0,0.66,0,-0.24007662933030627,-0.21963435275329696,0.8261559349758218,False,-200169.9685887719,385.61262101470885,0.00014418146292882739,
zipf,1.0,21,2011,true,89,0.9703812902223495,2,2.022634838474509,68,0.7640449438202247,0.63,0,-0.21660020388992973,-0.32968155077635475,0.741640595422538,False,-21.164907785419096,4.504214698035559,1.2937397002588114e-06,
zipf,1.0,21,2012,discovered,246,0.9501910453600505,1,1.9181339986715464,246,1.0,0.35,0,0.3181831537939388,0.2434454650818081,0.807660326913056,False,-203012.57550921137,420.77751950084195,0.0002058525833490421,
zipf,1.0,21,2012,true,95,0.9475951214046954,5,2.089045246589713,43,0.45263157894736844,0.97,0,-0.3554292429635133,-0.5294406665902225,0.5964997939343349,False,-2.942041602150835,2.310599849505553,2.268620846734848e-10,
zipf,1.0,21,2013,discovered,234,0.9424820769795546,1,2.0247645585797107,234,1.0,0.7,0,0.2825152631951786,0.23610842017513187,0.8133485402738596,False,-422923.6610479269,573.3899053035599,0.0005433766154965269,
zipf,1.0,21,2013,true,90,0.9586197356909764,3,2.01137861090974,57,0.6333333333333333,0.58,0,-0.5355568519352936,-0.6219054563965011,0.5340040370547117,False,-3.792006484199166,2.4371372776504185,1.0104230341312359e-08,
zipf,1.0,21,2014,discovered,325,0.9637310391670341,1,1.8480102170569488,325,1.0,0.31,0,-2.197912830732273,-1.0336312349365149,0.30130859145432287,False,-21.29016370235394,4.679930829137377,2.5385020308021922e-08,
zipf,1.0,21,2014,true,98,0.9529177575647729,6,2.074460962763296,52,0.5306122448979592,0.99,0,-0.16976358995041796,-0.3491492724708247,0.7269772472189324,False,-7.862322846668098,3.176797676837743,1.1890341511389124e-07,
zipf,1.0,21,2015,discovered,503,0.9510148426369215,1,1.7462558980134144,503,1.0,0.0,0,2.5307708540458655,1.1808584277457148,0.2376589685747782,False,-145538.86068024623,398.09827412896675,0.0005304552041707211,
zipf,1.0,21,2015,true,100,0.9624727809334357,10,2.1291418433471963,70,0.7,0.91,0,0.03491002781425401,0.30510138289645694,0.7602889379876501,False,-538.3200191630424,21.628917095452177,8.330197243822113e-05,
zipf,1.0,21,2016,discovered,423,0.9590685849726768,1,1.8058326860381395,423,1.0,0.01,0,1.0673254133774748,0.5539198588328873,0.5796336935585986,False,-201132.76266465258,448.9543392325395,0.0006021832850819919,
zipf,1.0,21,2016,true,100,0.971739781770314,8,2.0566769112893217,64,0.64,0.96,0,-0.16364296088033115,-0.35367259662289957,0.7235842616484027,False,-9.53632174575988,3.4968201130187313,1.6853161071139766e-06,
zipf,1.0,21,2017,discovered,426,0.9555597654495824,1,1.760373981697276,426,1.0,0.0,0,-1.0264156845384562,-0.4417264982521984,0.658687132296844,False,-31.677593805822397,5.996303364663642,6.775628878585849e-05,
zipf,1.0,21,2017,true,100,0.9446892758198218,5,1.9358908252219558,89,0.89,0.1,0,-1.2008394105086326,-0.9502033627362632,0.34200893030886115,False,-1.8224580575003209,2.30593889798742,1.419721229467541e-09,
zipf,1.0,22,2010,discovered,145,0.918681624088531,1,2.189679232743667,145,1.0,0.28,0,-1.490265686132922,-0.9213045646514098,0.3568914386191474,False,-5.43846026430473,2.113849190953476,2.15352997656737e-08,
zipf,1.0,22,2010,true,70,0.9684074741205786,2,2.02464550893507,42,0.6,0.55,0,-0.6603343336687362,-0.7302043362643152,0.4652652923912226,False,-2.4358645243044403,2.0024966439636334,6.201901214808458e-10,
zipf,1.0,22,2011,discovered,204,0.9434150708949712,1,2.0436080470193234,204,1.0,0.03,0,-0.8782593183255045,-0.7597438974495516,0.4474076837432218,False,-13690.120655755096,102.07947035386832,6.114069037721492e-07,
zipf,1.0,22,2011,true,91,0.9724528159624467,2,1.9553427907235963,72,0.7912087912087912,0.78,0,-0.3217204472276216,-0.44003679024049275,0.6599104614780319,False,-13.300531012957968,3.819866200145111,3.441346052568406e-08,
zipf,1.0,22,2012,discovered,257,0.9496832700216352,1,1.9830796842460126,257,1.0,0.69,0,0.5950817006572624,0.4407180792489935,0.6594171064298173,False,-429967.8580974523,590.925065902376,0.0007299662756850012,
zipf,1.0,22,2012,true,93,0.9433981403037784,4,2.067079792837097,50,0.5376344086021505,0.61,0,-0.3075569355169423,-0.4677849351122618,0.6399383948890897,False,-4.896851606096131,2.633600800572094,3.5410607779340353e-10,
zipf,1.0,22,2013,discovered,231,0.9479097694693425,1,2.0532220919344275,231,1.0,0.23,0,-1.473649404272174,-0.9217486407768747,0.35665970256928925,False,-17.165368066399804,3.7500463220013294,3.325328634673497e-08,
zipf,1.0,22,2013,true,90,0.9468644430669254,6,2.1779021664034435,23,0.25555555555555554,0.51,0,-0.015732511095546187,-0.07123364901938814,0.9432118013835392,False,-14.203976150327808,3.7746665392449734,2.99024733863007e-07,
zipf,1.0,22,2014,discovered,369,0.9480629295032404,5,2.3527646831418623,74,0.2005420054200542,0.88,0,-0.13883869971692775,-0.31735861485596367,0.7509715058923044,False,-13.251527285643416,3.362822765712289,9.349601555186382e-07,
zipf,1.0,22,2014,true,98,0.9257531428243146,5,2.101988396652503,64,0.6530612244897959,0.38,0,-0.13949948499348275,-0.3549556413260557,0.7226228232001433,False,-16.35844136037671,4.109065526801301,3.742175636034517e-07,
zipf,1.0,22,2015,discovered,507,0.9593882475881169,1,1.7889036094623856,507,1.0,0.01,0,3.02000597499746,1.3870812928228582,0.16541697568020564,False,-339604.1897387819,590.4398607066578,0.0019681408020915114,
zipf,1.0,22,2015,true,100,0.9747697214043617,7,1.9301891354499254,87,0.87,0.76,0,-0.9589655788509575,-0.861065512718024,0.38920196214337033,False,-1.8845914126625323,2.427326936331418,5.664338686983683e-08,
zipf,1.0,22,2016,discovered,420,0.9649539024624595,1,1.7945908969065325,420,1.0,0.01,0,-4.230092956046555,-1.4705902207536974,0.14140197021809603,False,-12.250767037962074,3.792619515956987,3.427214778639609e-08,
zipf,1.0,22,2016,true,100,0.9617040097002638,10,2.168526627213988,44,0.44,0.81,0,0.05809042719825008,0.7055443518918646,0.4804715411223309,False,-128424.15327400324,327.1817597321372,0.0001326010806224076,
zipf,1.0,22,2017,discovered,480,0.9642798304103536,1,1.830797194492486,480,1.0,0.16,0,-0.9646311855778009,-0.4536062933165699,0.6501122230650456,False,-173.32871461830234,13.028336581882565,0.006365287684275245,
zipf,1.0,22,2017,true,100,0.9357387604265837,14,2.0286059876045917,34,0.34,0.82,0,-0.24180810957625898,-0.4609225941141535,0.6448541409553579,False,-1.8384327026245586,2.4329729574317436,2.6990761625711457e-08,
zipf,1.0,23,2010,discovered,122,0.9269337295511233,1,2.1895133284201194,122,1.0,0.78,0,-0.5461843653860081,-0.5570233635897184,0.5775114664630809,False,-22.90280585447657,4.015321415146912,1.2633279311557999e-08,
zipf,1.0,23,2010,true,64,0.967502178553347,3,2.300803460999115,24,0.375,0.86,0,0.04947111123685022,0.2946060191649951,0.7682948635243797,False,-107036.2603920085,274.0151414624748,3.1840649171499535e-05,
zipf,1.0,23,2011,discovered,208,0.9356940973326093,1,2.129394340636725,208,1.0,0.19,0,-1.0505812068621667,-0.7617770369280235,0.4461930877931628,False,-22.392141095775983,4.085359782117637,4.20562378167233e-06,
zipf,1.0,23,2011,true,86,0.9610064831767025,3,2.244220398861454,45,0.5232558139534884,0.89,0,0.13178417775220463,0.5280140441835746,0.5974895883435878,False,-261548.80811387536,438.3777791183488,0.00018310281757294433,
zipf,1.0,23,2012,discovered,233,0.9411808846362995,1,2.0010231515651684,233,1.0,0.19,0,0.19507244618946196,0.16384610731602742,0.869852293728315,False,-138272.17786728774,331.810288232319,0.00015476042608497664,
zipf,1.0,23,2012,true,94,0.9548363017841084,4,2.111218108982005,46,0.48936170212765956,0.75,0,-0.10689365861195554,-0.2358581169841737,0.8135427692087852,False,-10.362703154042784,3.3531888516378627,2.9314094263099832e-08,
zipf,1.0,23,2013,discovered,258,0.9450578082694903,1,2.0361439696965893,258,1.0,0.22,0,-1.1286992094924706,-0.7584288034834674,0.44819432001594905,False,-60.22416840206225,6.882112876301677,0.00015144290352964163,
zipf,1.0,23,2013,true,92,0.9523334565582295,4,2.1050240532762343,49,0.532608695652174,0.75,0,-0.022015238399375914,-0.06762280469226016,0.946085901430214,False,-25.45794266171282,4.913688638804536,1.9224734955969325e-05,
zipf,1.0,23,2014,discovered,309,0.9656460704772523,1,1.8291084970735723,309,1.0,0.06,0,-2.0623922215069026,-0.9835806161400169,0.3253217597194249,False,-20.234298006629878,4.6314133418500045,1.1641260471151327e-06,
zipf,1.0,23,2014,true,99,0.9384853778152751,4,2.012743139724397,71,0.7171717171717171,0.53,0,-0.09825583627605994,-0.1919695592684394,0.8477660501051039,False,-16.369771634694075,4.254756792626462,2.0887729590413073e-06,
zipf,1.0,23,2015,discovered,500,0.9538027467541702,1,1.7451454863031959,500,1.0,0.0,0,0.0678763158955924,0.028210404772376105,0.9774943387196223,False,-54.0289608702566,7.8218364781042204,0.00022820575986770564,
zipf,1.0,23,2015,true,100,0.9639719960924378,9,2.1269696681890475,76,0.76,0.63,0,0.05349487267282971,0.41382903763117274,0.6789993164789045,False,-13650.664892013596,108.47685041595523,3.0853389034746215e-06,
zipf,1.0,23,2016,discovered,457,0.9594534956052119,1,1.8341399267481213,457,1.0,0.0,0,-1.3331484686838806,-0.5915590019689212,0.5541459343981698,False,-43.93302539554456,6.6485663317721055,8.290026562463026e-05,
zipf,1.0,23,2016,true,100,0.9754781175478218,7,2.0901362838780364,66,0.66,0.82,0,0.02146527316803226,0.09020695335637725,0.9281227588779284,False,-46.24315556334274,6.642705398150586,0.002008358193990034,
zipf,1.0,23,2017,discovered,393,0.9530000297391826,7,2.180735547544845,64,0.1628498727735369,0.9,0,-0.06909048853901822,-0.18419353193092983,0.853861633442727,False,-14.180550118498243,3.7965051605623357,2.0197006733724265e-08,
zipf,1.0,23,2017,true,99,0.95691605879669,8,2.163370563550942,54,0.5454545454545454,0.85,0,0.05076205500322306,0.43083205312645256,0.6665904914466523,False,-78772.41187896334,255.92682452901775,6.18755884715938e-05,
zipf,1.0,24,2010,discovered,138,0.8755976177772236,1,2.361615723599827,138,1.0,0.32,0,0.925814250280889,1.233203068132649,0.2175000109858155,False,-619594.1132516706,600.4776866376235,0.0007558917513961205,
zipf,1.0,24,2010,true,74,0.9686255767879628,2,1.9961547714993035,40,0.5405405405405406,0.51,0,-0.7753030415488091,-0.768298973701679,0.44230958425265055,False,-1.900075454840255,1.9174131987645533,2.3423751827067463e-10,
zipf,1.0,24,2011,discovered,223,0.9429887681838787,1,2.07802729134398,223,1.0,0.44,0,-0.977342505050653,-0.7049543860888727,0.48083862298345814,False,-30.917025727811296,4.882827116208067,1.7572522267528257e-05,
zipf,1.0,24,2011,true,83,0.9302462331169512,7,2.5476380737955626,26,0.3132530120481928,0.32,0,0.07453187087179503,0.9259781867196863,0.3544573164336423,False,-302911.4283967103,433.3417749729274,0.00019478913873172132,
zipf,1.0,24,2012,discovered,247,0.9574869467028583,2,2.085384174436204,106,0.4291497975708502,0.6,0,-0.0507911162980228,-0.0844163231937331,0.9327254295772075,False,-71.70431117920936,7.7462776822301445,0.000671233636865054,
zipf,1.0,24,2012,true,92,0.9612986562030122,3,2.0584794538028417,67,0.7282608695652174,1.0,0,-0.016620793360150543,-0.04639184513729537,0.9629979361542406,False,-96.9148942691238,9.29873510120102,0.0023185053607619466,
zipf,1.0,24,2013,discovered,223,0.941331646675266,1,2.0397644898424723,223,1.0,0.47,0,0.6232157072742517,0.5146208441087389,0.6068179965196259,False,-375599.37498574425,536.4409168016548,0.0007544744157712557,
zipf,1.0,24,2013,true,92,0.9715685518904779,2,1.9955221679949102,77,0.8369565217391305,0.66,0,-0.04948258276961459,-0.0863765102165199,0.931167119262096,False,-55.39429692332769,7.164291909311148,0.00030930332613365863,
zipf,1.0,24,2014,discovered,404,0.9580664464729894,3,2.0971380248590066,132,0.32673267326732675,0.36,0,-1.1040838039282495,-0.8411705972657252,0.400252369857904,False,-3.9010341531105768,2.334047303829738,6.38635810901178e-10,
zipf,1.0,24,2014,true,99,0.9598638273859679,4,1.997324747180665,81,0.8181818181818182,0.44,0,-0.6867472830618209,-0.6917128785360821,0.4891176576954924,False,-4.036241964007725,2.5910132395019096,1.7564616427989677e-09,
zipf,1.0,24,2015,discovered,509,0.9543172143941017,1,1.8014029707934804,509,1.0,0.0,0,3.89446820185025,1.8587699663711217,0.06305975126912397,False,-433017.0568519571,661.3973680962137,0.0024748031191847986,
zipf,1.0,24,2015,true,100,0.9552689756348755,19,2.117294128198653,33,0.33,0.92,0,-0.1710185007772438,-0.3945326604744679,0.693187818987694,False,-2.360653493784748,2.471308116518677,4.1507917103444925e-09,
zipf,1.0,24,2016,discovered,474,0.9618307208502341,4,2.1471384614170526,118,0.2489451476793249,0.41,0,-0.0007472256007221567,-0.0015076538822213778,0.9987970667000564,False,-33.654761117332725,5.466115597845852,0.00012434214306722424,
zipf,1.0,24,2016,true,100,0.9546890287744744,10,2.074196669724354,44,0.44,0.65,0,-0.2475570353126324,-0.44637529756236954,0.6553261734717979,False,-3.3399564298544,2.5734612677897957,2.2206165795068955e-09,
zipf,1.0,24,2017,discovered,421,0.9561659160753048,1,1.8149344957584619,421,1.0,0.07,0,3.535611466308662,1.8210027744400827,0.06860643512610183,False,-417487.08302971616,643.7540208988988,0.0024315557502632146,
zipf,1.0,24,2017,true,100,0.9637894034196846,8,2.050776549612824,59,0.59,0.63,0,-0.07656031122089457,-0.21130682461588288,0.8326478578838458,False,-14.247213741144982,4.082923184899912,1.540029188618064e-07,
zipf,1.0,25,2010,discovered,131,0.9139311294801962,1,2.2323128873837583,131,1.0,0.97,0,-0.011723158654912469,-0.014868300109800402,0.9881372499744215,False,-171651.53089650004,331.9989946911565,0.00017182428746309597,
zipf,1.0,25,2010,true,72,0.9680485766859802,2,2.1570137886227845,46,0.6388888888888888,0.28,0,0.028095935271671202,0.08294228492916185,0.9338974313427677,False,-28112.39689363826,146.06095057384297,2.390923327766359e-06,
zipf,1.0,25,2011,discovered,184,0.945991255330509,1,2.0551193155455834,184,1.0,0.43,0,-1.6852265468396155,-1.0059471196453214,0.31444100819050647,False,-8.367361197370185,2.7182447802584178,3.818627192231361e-09,
zipf,1.0,25,2011,true,77,0.9583836445920073,4,2.193480355584279,31,0.4025974025974026,0.34,0,-0.12321729434336426,-0.26498868846078727,0.7910181757285573,False,-6.498669935864927,2.7052430417368587,2.381007391250023e-08,
zipf,1.0,25,2012,discovered,251,0.9594150375606559,1,1.9207672087179732,251,1.0,0.3,0,-1.98910165067619,-1.067050879368865,0.28594886122041197,False,-14.48711946873788,3.745656171042236,3.871133458233089e-08,
zipf,1.0,25,2012,true,90,0.9543801356987618,4,2.1382663674678324,47,0.5222222222222223,1.0,0,-0.01710284153020747,-0.06056565288226391,0.9517051283147825,False,-40.58338170520438,5.984962084665721,1.5418887443274798e-05,
zipf,1.0,25,2013,discovered,273,0.944194768132582,1,1.992040728801842,273,1.0,0.04,0,-1.549032668328092,-0.8763406230650159,0.38084488718133047,False,-13.973666091827196,3.5323176150903524,4.938669917464722e-09,
zipf,1.0,25,2013,true,93,0.9385410151409279,4,2.1729121442572112,53,0.5698924731182796,0.72,0,-0.038725477455574975,-0.09527954371448016,0.9240927904758307,False,-17.43281761616493,4.028305417049832,9.490493653174781e-07,
zipf,1.0,25,2014,discovered,368,0.9628131685932302,3,2.0185048608254657,132,0.358695652173913,0.29,0,-1.7647906404748408,-1.0814425240526246,0.27950031446498913,False,-2.3239028648582236,2.1290243384418077,4.5565684558823705e-09,
zipf,1.0,25,2014,true,100,0.9541763199938889,7,2.0394121820592575,47,0.47,0.83,0,-0.1848071331007466,-0.378653189005663,0.7049454189732591,False,-6.45716434483062,3.064960672164438,1.9419661612118944e-07,
zipf,1.0,25,2015,discovered,590,0.9527082354231077,1,1.8061198477688662,590,1.0,0.01,0,5.9386076714807,2.5809418151158336,0.009853118694498696,False,-567069.8577180777,754.8777883270348,0.0038397854896174977,
zipf,1.0,25,2015,true,100,0.9744451299259687,10,2.0046500552093973,69,0.69,0.92,0,-0.24344917662847276,-0.4299514072071364,0.6672309892794869,False,-6.418831349658516,3.196767966936215,1.169870586181787e-06,
zipf,1.0,25,2016,discovered,441,0.9472574535457475,1,1.8273382126162347,441,1.0,0.0,0,2.187238445816112,1.1692376931863415,0.24230787856746228,False,-324096.2093803104,562.226149771114,0.000925300239941862,
zipf,1.0,25,2016,true,100,0.9357508573101027,6,2.1304002781339966,70,0.7,0.99,0,0.034920005301930956,0.18064886014295167,0.8566432019116931,False,-180.3874792913603,12.474999841572625,0.0006911140355327916,
zipf,1.0,25,2017,discovered,405,0.9731894533275979,1,1.762162448350174,405,1.0,0.55,0,-1.3203961738805639,-0.6321111905862471,0.5273142233121066,False,-157.94788246486715,13.034711506400221,0.0078118646044913476,
zipf,1.0,25,2017,true,100,0.9655325309416553,11,2.1222555228676616,46,0.46,0.5,0,-0.13410604597918674,-0.3595935852905416,0.7191510813303923,False,-6.805489486585336,3.0698495222425737,2.8460371481742186e-07,
zipf,1.0,26,2010,discovered,113,0.9175997534317142,1,2.2298616384775145,113,1.0,0.3,0,-0.4991510829878759,-0.5294613929653492,0.5964854194243111,False,-19.49464163429934,3.6556914509683196,1.1839691183013201e-07,
zipf,1.0,26,2010,true,63,0.9678351731925184,2,2.085156512857297,34,0.5396825396825397,0.65,0,-0.2904573700735904,-0.5025894394459643,0.6152529556226245,False,-5.342953884122588,2.4713069435678725,2.2402559807233047e-09,
zipf,1.0,26,2011,discovered,218,0.9315596872394434,1,2.14280111797774,218,1.0,0.92,0,0.004988575788022587,0.004585144039669942,0.9963415971804611,False,-290484.89779157436,448.9432373143466,0.0003205176726623904,
zipf,1.0,26,2011,true,84,0.9650019481596956,3,2.060373472322765,46,0.5476190476190477,0.87,0,-0.17266561593121077,-0.288536889037268,0.7729357972253295,False,-8.002893730456385,3.0464831640270575,3.081746058342105e-08,
zipf,1.0,26,2012,discovered,270,0.9574718434557701,1,1.9179779418953107,270,1.0,0.21,0,-2.805644039033645,-1.2687603062987665,0.2045265662546576,False,-9.16512404632403,3.069317739772918,1.315811459789984e-09,
zipf,1.0,26,2012,true,96,0.9318253391467346,5,2.171947697262721,46,0.4791666666666667,0.96,0,-0.038135756350337946,-0.13516841568619237,0.892478718511361,False,-23.76598680174104,4.666998522061728,4.5429094683413496e-05,
zipf,1.0,26,2013,discovered,225,0.9275800754711888,1,2.08491691712905,225,1.0,0.22,0,1.784325995451197,1.4882162461064152,0.13669387415611128,False,-679064.3792375026,706.3045759578986,0.0014438540611081407,
zipf,1.0,26,2013,true,92,0.943747930666429,5,2.270789132191761,37,0.40217391304347827,0.74,0,-0.015548273209189833,-0.08034247335832313,0.9359648785194412,False,-54.03783313803793,6.518993866120527,0.0005594366954539964,
zipf,1.0,26,2014,discovered,417,0.9565515247792882,1,1.8884961912198495,417,1.0,0.09,0,0.03677337187478358,0.020339925384542688,0.9837722065158491,False,-124510.90517244452,335.2092375213454,0.0002245835412395536,
zipf,1.0,26,2014,true,99,0.9462226109754709,5,1.975847788505121,70,0.7070707070707071,0.67,0,-0.9830665638594538,-0.8498753670864152,0.39539438204825117,False,-1.3518943841628934,2.1342531832575276,4.457120894585387e-09,
zipf,1.0,26,2015,discovered,566,0.9553381517380845,7,2.1544757553280833,101,0.1784452296819788,0.87,0,-0.17859369266000957,-0.3332052695012775,0.7389793407109481,False,-10.807868211087197,3.457324771618201,6.292015086728497e-08,
zipf,1.0,26,2015,true,100,0.9459604047074265,8,1.9484998279001606,76,0.76,0.58,0,-1.0270784898766987,-0.8713656497298621,0.38355453524977545,False,-0.8407606564808223,2.194812557058047,1.0731525890150806e-08,
zipf,1.0,26,2016,discovered,454,0.9479909101300439,1,1.817907870814678,454,1.0,0.11,0,0.6128049506117197,0.3201097178905166,0.7488851591540561,False,-472.4237677375671,21.626582025925405,0.000819436694655451,
zipf,1.0,26,2016,true,100,0.9615027143412825,7,2.091190538167549,65,0.65,0.37,0,-0.053561814755181736,-0.1416946403575612,0.8873212086013608,False,-17.711988508772784,4.342269279504922,5.908164780521474e-06,
zipf,1.0,26,2017,discovered,545,0.9496317604347432,1,1.9240959708131185,545,1.0,0.09,0,2.8984433955970417,1.4171903020225833,0.15642729641088096,False,-316469.99402934744,524.0337931968695,0.002266408075229265,
zipf,1.0,26,2017,true,100,0.9467183751884476,14,2.160502831680112,40,0.4,0.93,0,-0.04013292772888821,-0.16685139185877015,0.8674869805623036,False,-13.517420344337165,3.8766692709476667,0.00015252897316031522,
zipf,1.0,27,2010,discovered,117,0.937346366277794,2,2.5168037007604385,50,0.42735042735042733,0.38,0,-0.48643247022322234,-0.546715465477265,0.5845742274633585,False,-2.8259853058851925,1.6199764777949137,2.62332378042629e-11,
zipf,1.0,27,2010,true,62,0.9558997634786863,3,2.398954879974861,24,0.3870967741935484,0.47,0,0.11243724232073249,0.6630767042863843,0.5072814296549054,False,-162319.3178010621,325.27235907822757,0.00014381153414433356,
zipf,1.0,27,2011,discovered,182,0.9374046446500818,1,2.0373841992021053,182,1.0,0.35,0,-0.3253751363004298,-0.31159411748916616,0.7553490053888869,False,-216.74472090666103,12.935225274028316,0.0009361710568214221,
zipf,1.0,27,2011,true,87,0.9656739598363454,2,2.1676708719103197,58,0.6666666666666666,0.29,0,0.5706243177525333,1.374982590882522,0.16913684202074997,False,-460772.7296421771,589.8348708245393,0.000537372759936261,
zipf,1.0,27,2012,discovered,278,0.9389623961876632,1,2.0814211710856987,278,1.0,0.96,0,0.7598275905766787,0.5646422036476598,0.57231715322744,False,-447312.0542884475,573.5806708947381,0.0010015281941377907,
zipf,1.0,27,2012,true,96,0.9637461860717711,3,2.0022956433879098,64,0.6666666666666666,0.48,0,-0.5589280969907895,-0.6339446184630851,0.526116965517204,False,-4.477504143367406,2.5780625279129734,8.210378155126818e-09,
zipf,1.0,27,2013,discovered,213,0.9461197882723539,1,2.019087417510995,213,1.0,0.06,0,-2.4582955694832043,-1.1906596754596954,0.2337872143065267,False,-8.063819785469683,2.7299371787680746,1.0149392437597271e-09,
zipf,1.0,27,2013,true,92,0.9519798391170621,4,2.3031830470658257,45,0.4891304347826087,0.33,0,0.1955713456911905,0.9957908114884622,0.3193517956979498,False,-248996.37595371384,422.52952421702867,0.00034644402603589697,
zipf,1.0,27,2014,discovered,344,0.9547762538662372,1,1.9226839495288346,344,1.0,0.73,0,1.2856242296082812,0.7856549961488422,0.4320696354804787,False,-401461.86310256977,590.5452995153163,0.001388416652844171,
zipf,1.0,27,2014,true,99,0.9529669567125167,5,2.1291120561120476,64,0.6464646464646465,0.4,0,0.11618086711915954,0.5890850149233242,0.5558042451786043,False,-118138.8269220367,315.1141312076838,8.98195939953439e-05,
zipf,1.0,27,2015,discovered,469,0.9622606688004415,1,1.7247941454016424,469,1.0,0.0,0,-1.8978361319134578,-0.7043844137256925,0.48119340977894454,False,-25.919977780935604,5.611321695183884,1.0084568202728406e-06,
zipf,1.0,27,2015,true,100,0.9605270489106372,8,1.9607854679303651,70,0.7,0.49,0,-0.5057740327734437,-0.6258014797917831,0.5314451611126574,False,-3.206036392462148,2.6793803043523603,1.1525452237037825e-07,
zipf,1.0,27,2016,discovered,462,0.9596658277656135,1,1.8665273545122785,462,1.0,0.33,0,-0.476279183773638,-0.2479971225280097,0.8041366331650301,False,-63327.137111061544,242.20722888020435,6.901344113430241e-05,
zipf,1.0,27,2016,true,100,0.9700705699416383,8,2.1068803607516675,57,0.57,0.93,0,-0.061425018905681306,-0.18942062285921826,0.8497631623414863,False,-16.313369760195982,4.188916355339073,1.4738034650463305e-05,
zipf,1.0,27,2017,discovered,419,0.9619907829805525,1,1.840607617805111,419,1.0,0.19,0,0.8860454019854913,0.46432876587250216,0.6424122175329403,False,-247623.60309335447,487.0462150878698,0.0009586605119693559,
zipf,1.0,27,2017,true,99,0.9418688800698166,10,2.196059612823148,47,0.47474747474747475,0.83,0,0.00894272193703749,0.06186024884753826,0.9506741236643266,False,-61.34555415711286,7.286726383368996,0.0010955158924446096,
zipf,1.0,28,2010,discovered,124,0.9145230343107815,1,2.137742955908753,124,1.0,0.59,0,0.7409717743264392,0.9477315832602174,0.34326611810224583,False,-577196.028936747,635.111192958026,0.0005786052870462299,
zipf,1.0,28,2010,true,64,0.9641983118531244,3,2.3276286973064875,28,0.4375,0.86,0,0.06801111005990235,0.3919350332737071,0.6951062168553396,False,-154098.37910155472,325.3641365160326,2.6711149075708818e-05,
zipf,1.0,28,2011,discovered,196,0.9423965829112314,3,2.3338404685020104,59,0.3010204081632653,0.35,0,-0.8358642461083623,-0.8380199611523931,0.4020194928254631,False,-1.0978601924048421,1.5244259081931781,5.2864379540551454e-11,
zipf,1.0,28,2011,true,83,0.9415888093753724,3,2.2994235448816047,51,0.6144578313253012,0.55,0,0.15331762955507355,0.6111402206116499,0.5411067547322921,False,-261055.9316343061,428.28095311404746,0.00018053735857392894,
zipf,1.0,28,2012,discovered,283,0.9551506611205547,1,1.9629966022489023,283,1.0,0.71,0,-1.1154309786852323,-0.6956145916124207,0.48667022563422957,False,-43.534419318077816,6.117168248252337,2.2384484964277362e-05,
zipf,1.0,28,2012,true,94,0.9536366290186241,10,2.118810713633129,18,0.19148936170212766,0.63,0,-0.07353528154686906,-0.24280908270573134,0.8081532991208196,False,-3.946763651741733,2.6149766223616675,4.936018171974865e-08,
zipf,1.0,28,2013,discovered,215,0.9380800081516769,1,2.0534516974241064,215,1.0,0.87,0,1.0092292913110779,0.8155793214555418,0.4147407803352745,False,-419434.5582009473,563.2934892350223,0.0011314720823065727,
zipf,1.0,28,2013,true,90,0.9472915649943572,3,2.085735160666906,55,0.6111111111111112,0.74,0,-0.4876800834880197,-0.6178925784788224,0.5366461514592935,False,-4.353051711658301,2.429755492404424,7.027131232462125e-08,
zipf,1.0,28,2014,discovered,355,0.9613668988307338,1,1.8569907713455762,355,1.0,0.11,0,-1.2135215028786153,-0.6194875406559578,0.5355952273201586,False,-53.300210314515084,7.188169419755491,8.509165297709842e-05,
zipf,1.0,28,2014,true,99,0.934362877438993,7,2.195650419110554,54,0.5454545454545454,0.9,0,-0.01702857441081118,-0.08228374463830548,0.9344210804825195,False,-41.41869509383079,6.012540796166337,1.168879217061658e-05,
zipf,1.0,28,2015,discovered,513,0.9582595633904124,8,2.144772410147468,89,0.17348927875243664,0.53,0,-0.013012908131610157,-0.04522727318118002,0.9639261556328549,False,-31.147773962027753,5.42835131364112,0.0001810457109741037,
zipf,1.0,28,2015,true,100,0.9731254244686408,8,2.054378519839418,84,0.84,0.65,0,-0.10964263605324742,-0.30431095021211296,0.7608910034597283,False,-20.204357580810377,4.699658574849263,7.521564799617408e-05,
zipf,1.0,28,2016,discovered,449,0.9606625957906088,1,1.8247114119658419,449,1.0,0.0,0,1.4400144846603418,0.710318687701688,0.4775065337406257,False,-321884.33439721947,561.075350010151,0.0012902443686471088,
zipf,1.0,28,2016,true,100,0.9377107326299019,7,2.0736066853330835,67,0.67,0.87,0,-0.1287166119184011,-0.28868642133505446,0.7728213547027273,False,-11.54904175266244,3.6934432060423896,1.7668514828983461e-07,
zipf,1.0,28,2017,discovered,485,0.9612961312769288,1,1.823597713189361,485,1.0,0.07,0,-1.320716936836984,-0.5829038777897906,0.5599580100180688,False,-52.066070283094746,7.265500902259406,1.5918204098852584e-05,
zipf,1.0,28,2017,true,100,0.935286075201141,6,1.9984098738216498,74,0.74,0.77,0,-0.4390471126203046,-0.5825723675223916,0.5601812116554068,False,-4.962925194989801,2.860159387513445,4.56918769486947e-09,
zipf,1.0,29,2010,discovered,139,0.8705565444553316,1,2.4238936290981705,139,1.0,0.62,0,0.7041054440719703,0.9537408171147586,0.3402148535757107,False,-580609.6293645902,568.1330529385091,0.0006285102299443679,
zipf,1.0,29,2010,true,73,0.9681679145910275,2,2.1797126974695993,45,0.6164383561643836,0.49,0,-0.13582849324163027,-0.25958748020528677,0.795181994701141,False,-14.314620337574304,3.495454228887679,5.0822251296267495e-08,
zipf,1.0,29,2011,discovered,212,0.9456398880339719,1,2.022107531900338,212,1.0,0.19,0,-0.1937747167916788,-0.16386224116974554,0.86983959242855,False,-213132.2969761595,407.3700229138268,0.00016551027965761023,
zipf,1.0,29,2011,true,86,0.9684587105544441,2,1.9603917205636523,66,0.7674418604651163,0.4,0,-0.4270555406909664,-0.48751255834815327,0.6258951454002037,False,-7.854119747066743,3.074942573218587,6.7506960022001294e-09,
zipf,1.0,29,2012,discovered,253,0.9440012403874122,1,2.0125840053599826,253,1.0,0.18,0,0.370609483300707,0.29139973236349975,0.7707456192124343,False,-294496.38548262685,481.43517696013396,0.0004497387626543059,
zipf,1.0,29,2012,true,93,0.9484401422097455,4,2.160263444420181,54,0.5806451612903226,0.99,0,-0.009091315930385147,-0.03347375052651531,0.9732967981430551,False,-52.869766972573075,6.708627825052884,0.0005314761203294438,
zipf,1.0,29,2013,discovered,245,0.9250493429237467,1,2.119801141614831,245,1.0,0.24,0,1.5072917619797659,1.2940105402819848,0.19566178006363244,False,-614608.1341363591,660.787175414795,0.0012481511439546011,
zipf,1.0,29,2013,true,89,0.9655079048370169,3,2.068187150807013,51,0.5730337078651685,0.98,0,-0.06845122390977632,-0.1627759296745743,0.8706948608175982,False,-21.624166817509575,4.576250324372078,5.651286869579053e-06,
zipf,1.0,29,2014,discovered,346,0.9592616759122864,1,1.8643803003770818,346,1.0,0.02,0,-2.5130506476802843,-1.0892039173229298,0.2760639718568665,False,-16.31209988083197,4.098743252771812,1.3819715150020784e-07,
zipf,1.0,29,2014,true,99,0.9479169079573903,4,1.96161379711955,71,0.7171717171717171,0.3,0,-0.2693141112755728,-0.38974863360807277,0.6967224302651709,False,-8.69018452376406,3.4112006862515347,1.740138486638898e-07,
zipf,1.0,29,2015,discovered,514,0.9632386848249306,1,1.7552555907875556,514,1.0,0.08,0,-0.17476297262123808,-0.07719744089589294,0.9384664774426529,False,-165.2792322550411,13.403177464078485,0.009257730293029454,
zipf,1.0,29,2015,true,100,0.9763014982840054,9,2.0121598665465372,72,0.72,0.87,0,-0.19761832344021535,-0.3974960850689378,0.6910016729262723,False,-8.870169962128873,3.516651908970891,1.2729384479825967e-07,
zipf,1.0,29,2016,discovered,441,0.9568943672199942,1,1.8322842947352758,441,1.0,0.05,0,1.14034379284052,0.5965462342394816,0.5508103769346455,False,-273974.73525658355,515.063028675786,0.0007799213935868465,
zipf,1.0,29,2016,true,100,0.9541456629537248,8,2.079589734094895,62,0.62,0.84,0,-0.11167750171330582,-0.2700274433687009,0.7871391408036646,False,-11.608598889970713,3.7149767344383475,1.4873987197461247e-07,
zipf,1.0,29,2017,discovered,407,0.9616960792730775,1,1.7728960440101718,407,1.0,0.0,0,0.07501405218014234,0.037542815059031294,0.9700522027123692,False,-287.1165156350157,17.4001519293587,0.0023133113941185,
zipf,1.0,29,2017,true,100,0.9672712359607141,9,2.160816508340549,61,0.61,0.86,0,0.039112342446459,0.3682347676307598,0.7126981880385204,False,-77675.42896067593,254.88063454048222,7.415473646688042e-05,
zipf,5.0,0,2010,discovered,59,0.940581724645796,1,1.8936070516228563,59,1.0,0.07,0,-1.8909551229785408,-1.1648622730380607,0.24407474686077701,False,-1.4789493289263755,1.648133855361352,2.816591404553037e-11,
zipf,5.0,0,2010,true,33,0.8880555673284355,5,2.234731538208565,18,0.5454545454545454,0.75,0,-0.4458131299130448,-0.6041783940741894,0.5457250439168508,False,0.597749210222102,1.3280029592072167,3.127809122815961e-11,
zipf,5.0,0,2011,discovered,98,0.9344921402975914,1,1.750538412821963,98,1.0,0.21,0,-3.084277876411938,-1.4350105257687515,0.1512840981895299,False,-1.9793619261546456,2.035390489487958,2.0747847884194925e-11,
zipf,5.0,0,2011,true,43,0.8695523984552436,9,2.4465500726514846,18,0.4186046511627907,0.73,0,-0.07207882169493152,-0.2846454150709024,0.7759158136779166,False,-3.0760723856421714,2.0873272633781457,1.474592181693879e-07,
zipf,5.0,0,2012,discovered,133,0.9430406987709068,1,1.6926025633053743,133,1.0,0.0,0,-3.930318432813152,-1.525061036829271,0.12724387435961604,False,-2.5699944545795335,2.328176430343505,7.098606147337705e-10,
zipf,5.0,0,2012,true,54,0.8424040539435411,10,2.257942551346517,24,0.4444444444444444,0.08,0,-0.4357918112083716,-0.7191138340278646,0.472070784208938,False,0.8464617609599838,1.4663472337170589,1.127773430198431e-10,
zipf,5.0,0,2013,discovered,138,0.9068202559484008,1,1.8426769635884663,138,1.0,0.09,0,-0.8601286469206517,-0.5760235465470499,0.5645992660998336,False,-8.888868054513383,3.194859512229951,9.972609404940158e-10,
zipf,5.0,0,2013,true,49,0.8849371570516742,8,2.177704654349278,24,0.4897959183673469,0.89,0,-0.44348039086037616,-0.7014834370616166,0.48300136750346545,False,0.6087449265868345,1.5362444810753109,1.7392665085935732e-10,
zipf,5.0,0,2014,discovered,192,0.936229478647532,1,1.9235958424965054,192,1.0,0.5,0,0.7417071454107846,0.6851603542362781,0.49324273839679866,False,-290194.50185238634,501.8174146119432,0.0004383412906463491,
zipf,5.0,0,2014,true,58,0.8655265694932933,20,2.3814086734965945,18,0.3103448275862069,0.79,0,0.0077206182612421514,0.1946655981435091,0.8456547453469327,False,-132.27045776664158,9.876533345417224,0.00023062853060196176,
zipf,5.0,0,2015,discovered,351,0.9035716453221426,17,3.1876832840403195,47,0.1339031339031339,0.25,0,-0.49655116872377736,-0.6885213474343531,0.49112453188318594,False,1.4257012254498385,0.9926032954745894,4.2166448110947385e-10,
zipf,5.0,0,2015,true,91,0.8445949315709574,15,2.206252661734103,48,0.5274725274725275,0.11,0,-0.01034827761086099,-0.19226253549922517,0.8475365632301302,False,-4253.734209629287,58.870387203551516,6.099766324041411e-06,
zipf,5.0,0,2016,discovered,250,0.9506456869880014,1,1.7578713360336893,250,1.0,0.12,0,-1.1990255833520926,-0.6001248849476365,0.5484230091443516,False,-16.3118852886852,4.429539759807835,3.3146374107673182e-06,
zipf,5.0,0,2016,true,78,0.871764449342178,19,2.2109187641931385,26,0.3333333333333333,0.94,0,-0.01389903950206861,-0.09881582706686642,0.9212845018166124,False,-18.009253842478778,4.282511157285674,2.5963225709801918e-05,
zipf,5.0,0,2017,discovered,306,0.9457524726859622,1,1.8652431763915005,306,1.0,0.04,0,-1.1203943863265362,-0.5914320040108563,0.5542310019943811,False,-20.407436463080376,4.540044279314166,2.5984297735703876e-07,
zipf,5.0,0,2017,true,88,0.8535577889906288,15,2.2586153211568227,40,0.45454545454545453,0.89,0,-0.05273720752252942,-0.21272583417334565,0.8315408151693806,False,-12.298740136034992,3.587343863489715,8.592987228439597e-06,
zipf,5.0,1,2010,discovered,61,0.9346533873269386,1,1.8045411330906422,61,1.0,0.19,0,-2.0165385818306847,-1.2075505794288772,0.22722017856858745,False,-1.6154631032696738,1.8285641579669403,2.5195845410053153e-11,
zipf,5.0,1,2010,true,27,0.8366199984880279,6,2.4475757208799447,15,0.5555555555555556,0.98,0,-0.31674687803838264,-0.5543719762926544,0.5793243007158188,False,0.7884542970487087,1.1809600150976973,2.119975306413835e-10,
zipf,5.0,1,2011,discovered,103,0.9360628267972966,1,1.8774678098457107,103,1.0,0.1,0,-0.863344668493776,-0.6514595396529087,0.5147498870823467,False,-7.826201946308558,2.954350593468466,7.492502618333674e-09,
zipf,5.0,1,2011,true,43,0.8916257009395813,9,2.2378390338526932,17,0.3953488372093023,0.14,0,-0.8445087513520595,-0.7985919645898257,0.424527048463775,False,2.1604853845665137,0.9968814152903744,6.679101716144942e-13,
zipf,5.0,1,2012,discovered,155,0.9299852218855491,1,1.8290482359777884,155,1.0,0.17,0,-0.21870084964171177,-0.17335545537932887,0.8623720363791602,False,-27.247899306598665,5.321698568342781,1.0063255331260734e-06,
zipf,5.0,1,2012,true,55,0.9297798606304888,3,1.7340467439202902,41,0.7454545454545455,0.2,0,-2.5064175158181796,-1.376646443305176,0.1686215844635266,False,1.0857731168008438,1.5866682619985188,1.461728516005678e-10,
zipf,5.0,1,2013,discovered,91,0.9356048946622029,1,1.6540916427537478,91,1.0,0.09,0,-1.2524641682937427,-0.7180560463691735,0.47272272996241227,False,-5.659223555135913,3.1496460889686118,9.745662055138382e-09,
zipf,5.0,1,2013,true,40,0.8746154725407075,14,2.564418504187578,14,0.35,0.94,0,-0.14641452297883806,-0.38155401413600804,0.7027921994006796,False,0.6373308692643412,1.3941676737193192,6.750653369635984e-10,
zipf,5.0,1,2014,discovered,234,0.9440288415848576,1,1.8186308901553234,234,1.0,0.14,0,-1.6238103153597638,-0.8488386264198863,0.3959710935112881,False,-11.8370745146543,3.6727644228741503,4.370684791865642e-08,
zipf,5.0,1,2014,true,75,0.8969382583637953,14,2.2341712828823286,29,0.38666666666666666,0.71,0,0.016169029935585222,0.351544202279487,0.7251801172287904,False,-17761.083201327543,118.81570481156557,5.591969056695234e-06,
zipf,5.0,1,2015,discovered,375,0.9418655721881715,1,1.686619097345929,375,1.0,0.0,0,-4.646392416679827,-1.4205889480590774,0.15543629331559594,False,-7.140322228522429,3.327116950029176,1.4404463399841916e-08,
zipf,5.0,1,2015,true,88,0.8918009911981484,16,2.1507762882220924,45,0.5113636363636364,1.0,0,-0.06260848136147867,-0.22088469079739512,0.8251822179963527,False,-10.885755093473245,3.614520339688484,3.0510329622757126e-06,
zipf,5.0,1,2016,discovered,281,0.9406801032555067,1,1.8117062721265984,281,1.0,0.15,0,-2.4475514207322657,-1.1161946183174276,0.26433883762242494,False,-9.399042831524135,3.3448150043116494,2.1576397557510063e-08,
zipf,5.0,1,2016,true,88,0.884294875179702,9,1.917012230656366,51,0.5795454545454546,0.05,0,-1.3887786974034904,-0.9515327129660948,0.3413340204223926,False,1.1835808026358152,1.717207900436835,2.458278913763934e-09,
zipf,5.0,1,2017,discovered,304,0.9434905077592499,1,1.795334434280138,304,1.0,0.02,0,2.1178003999465833,1.3456002431808247,0.17843147320351171,False,-288980.47574627947,542.3842476001753,0.0007605874307046179,
zipf,5.0,1,2017,true,76,0.8569653407704709,18,2.1041793486513454,35,0.4605263157894737,0.49,0,-0.28484700196962187,-0.4762137880650701,0.6339220774959798,False,-0.6942726323058844,2.150748266349792,1.1084466677857563e-12,
zipf,5.0,2,2010,discovered,59,0.9348105912694319,1,1.9362798080891979,59,1.0,0.23,0,-0.6559270850219074,-0.6295802483486143,0.5289692497531018,False,-5.593027683419553,2.476613737325258,1.7292478560193558e-09,
zipf,5.0,2,2010,true,27,0.8929735729849245,8,2.5321932493009016,10,0.37037037037037035,0.71,0,0.007108205823954883,0.20258248508398827,0.8394613810180169,False,-51653.711978575215,180.2287129122676,7.534321412094869e-06,
zipf,5.0,2,2011,discovered,102,0.9270259462041747,1,1.9135405579252034,102,1.0,0.26,0,-0.7712191236115705,-0.6409870133246618,0.5215311205466451,False,-8.106257897834034,2.925142767300496,4.839648681809194e-10,
zipf,5.0,2,2011,true,44,0.876317698697414,6,2.173493376895458,25,0.5681818181818182,0.74,0,-0.3535912398928307,-0.5238524272638498,0.6003811852795133,False,-0.4156343646914026,1.719739269880738,2.552127398303128e-10,
zipf,5.0,2,2012,discovered,151,0.9499930040874691,1,1.9280055291093787,151,1.0,0.78,0,-0.8726589897835701,-0.6626654301670633,0.5075448548838746,False,-15.633548072293888,3.860775206382291,7.568144155811751e-08,
zipf,5.0,2,2012,true,47,0.8659077562595227,10,2.2299373516681102,25,0.5319148936170213,0.95,0,-0.06069227184423642,-0.20109529055103864,0.8406240643744254,False,-5.527442795721963,2.7139683561047607,1.530929836235373e-07,
zipf,5.0,2,2013,discovered,128,0.9452517339833219,1,1.9514847227633356,128,1.0,0.26,0,-1.3482940605627354,-0.9365472312416362,0.34899150650541977,False,-6.879457649813841,2.664357039412439,2.0503136965999147e-09,
zipf,5.0,2,2013,true,57,0.8991044144448515,4,1.9720587139986832,42,0.7368421052631579,0.12,0,-1.7420247733404395,-1.1144320960982415,0.2650938603698103,False,0.9737072454265298,1.3801966919169926,3.427658157306723e-11,
zipf,5.0,2,2014,discovered,241,0.9471867890358996,1,1.8263853112943638,241,1.0,0.18,0,0.3143816531512913,0.22698205913981884,0.8204376928308431,False,-170.51156956827447,12.968735086035286,0.0028845878637184796,
zipf,5.0,2,2014,true,76,0.8591936751452348,11,2.102998731955505,36,0.47368421052631576,0.36,0,-0.7135775891586622,-0.8051796331555835,0.4207160276365356,False,1.020931271272096,1.597161797828731,1.2398118087730836e-09,
zipf,5.0,2,2015,discovered,377,0.9481336844661581,1,1.771227402033793,377,1.0,0.0,0,2.062090190231288,1.137699182897097,0.25524611474374215,False,-274398.38595238735,537.1171304312809,0.0005994266739435261,
zipf,5.0,2,2015,true,93,0.850743989256714,21,2.1379749006976567,41,0.44086021505376344,0.48,0,-0.15744135031263617,-0.3748394967004106,0.7077798381854852,False,-3.4979879444189397,2.658831336258211,3.993665131929447e-08,
zipf,5.0,2,2016,discovered,305,0.9226039143859978,1,1.7946936785062706,305,1.0,0.0,0,-4.136603576580704,-1.5590471800789376,0.11898521383023408,False,-5.480538855481137,2.7303907192845704,4.711523615696933e-09,
zipf,5.0,2,2016,true,86,0.8686811011909334,15,2.2288494670786525,42,0.4883720930232558,0.21,0,-0.18595750954870205,-0.4028116708573203,0.6870867747697722,False,-3.274150147436771,2.4408190917378096,4.037212875118712e-08,
zipf,5.0,2,2017,discovered,264,0.9372034462932056,1,1.7458471300334815,264,1.0,0.0,0,-6.425368440991868,-2.049028827092428,0.04045929617220359,False,-3.1387157337917273,2.3434059529766986,5.218225851422176e-11,
zipf,5.0,2,2017,true,71,0.9299456433568654,8,1.8953745687891852,44,0.6197183098591549,0.01,0,-0.7249617899863203,-0.7729624509896045,0.4395446031487332,False,-0.2811301549259002,2.142244001431366,4.0428744796372484e-09,
zipf,5.0,3,2010,discovered,58,0.9283467497676003,1,1.8903434594369457,58,1.0,0.47,0,0.28867241866850246,0.47655144151805573,0.6336815682512729,False,-74900.65936678232,259.9450234096575,5.438771313492907e-05,
zipf,5.0,3,2010,true,28,0.860261141036865,3,1.726064080249272,19,0.6785714285714286,0.0,0,-3.0812036767990585,-1.6514570209577872,0.09864528982273002,False,2.0636736547963603,1.0109600191973012,3.552713678800501e-13,
zipf,5.0,3,2011,discovered,109,0.9125660992651073,1,1.9537174092615361,109,1.0,0.19,0,-0.3219788685946152,-0.2974660132702092,0.766110751742669,False,-14.393692059755224,3.663467844959996,1.32467903313227e-08,
zipf,5.0,3,2011,true,43,0.8617960904031202,5,2.134926738906987,29,0.6744186046511628,0.93,0,-0.5433485039292174,-0.685061895530028,0.49330486394166195,False,-0.16352170693479787,1.6376882683303624,8.246558991231723e-10,
zipf,5.0,3,2012,discovered,145,0.9292416773760481,1,1.8019541326781106,145,1.0,0.0,0,-0.776995790785695,-0.5137196285132424,0.6074480266348403,False,-10.966166462835314,3.5996023220481863,1.757268819346791e-08,
zipf,5.0,3,2012,true,54,0.8092346657834123,10,2.280954377032885,29,0.5370370370370371,0.28,0,-0.5587195318783564,-0.600044578510769,0.5484765265843755,False,1.0223245640232108,1.3979851604063303,2.9970692594361026e-11,
zipf,5.0,3,2013,discovered,148,0.9395416744958144,1,1.7949660898064526,148,1.0,0.03,0,-5.24656545091184,-1.9783230935116196,0.04789226950733825,False,-1.5879813264422982,1.8367479386300702,5.343281372915953e-12,
zipf,5.0,3,2013,true,55,0.8833830008409012,4,1.9368580901489703,44,0.8,0.46,0,-1.0361516952812213,-0.8973056012330921,0.36955586844948196,False,-0.1862478712145439,1.8130086626270578,1.1269207789155189e-10,
zipf,5.0,3,2014,discovered,211,0.9420089428090543,1,1.8092011269893788,211,1.0,0.06,0,0.7445895240675338,0.5967450635997152,0.5506776010536263,False,-71405.7952754869,266.955430023964,3.827057389571564e-05,
zipf,5.0,3,2014,true,70,0.882982725725568,18,2.3492134944570036,20,0.2857142857142857,0.46,0,-0.00544056754261657,-0.05315309299038743,0.957609929117015,False,-17.462992458062477,3.985168191250095,6.2941598002908e-05,
zipf,5.0,3,2015,discovered,380,0.931060557491868,1,1.8153284765220659,380,1.0,0.01,0,5.333411665917389,3.1521127088236365,0.0016209369262534497,False,-684892.2819535678,825.2783318425019,0.0029197212897997815,
zipf,5.0,3,2015,true,92,0.8312471797281704,18,2.1050625097747666,49,0.532608695652174,0.43,0,-0.4522379053009167,-0.5668275354819798,0.5708313608358012,False,-0.29525340439383396,2.0629744053691605,2.8273063890082994e-09,
zipf,5.0,3,2016,discovered,269,0.9391824573849986,1,1.7283116314286613,269,1.0,0.0,0,-4.135516933435486,-1.5147802636700338,0.12982806017384543,False,-5.59706817395206,2.9151712390886297,7.710582394793164e-09,
zipf,5.0,3,2016,true,86,0.8623563184999441,12,2.13195600387486,43,0.5,0.86,0,-0.01620384043023071,-0.08477761799380615,0.932438187721408,False,-22.98979696745959,4.843872552614825,4.88220092620395e-06,
zipf,5.0,3,2017,discovered,238,0.9490280790481687,1,1.739075178472661,238,1.0,0.01,0,1.8225254545051932,1.237467600381755,0.2159135355400822,False,-109679.7935871482,347.57176854129284,0.0005535479640457197,
zipf,5.0,3,2017,true,82,0.8890771665931242,32,2.3889108383876514,18,0.21951219512195122,0.45,0,-0.015050681011035572,-0.12644699082618757,0.899378107329642,False,-11.39205512739022,3.4030681696377263,1.8913044641521992e-07,
zipf,5.0,4,2010,discovered,59,0.9353536632118721,1,1.8107047786241113,59,1.0,0.14,0,-3.46739038708112,-1.587835098244351,0.11232363256366928,False,-0.31161367965888515,1.3824755672288171,2.7000623958883807e-13,
zipf,5.0,4,2010,true,26,0.8793790462163493,4,2.1821226971553904,19,0.7307692307692307,0.4,0,-0.66516312624879,-0.7276301606665682,0.4668400126878093,False,0.8861251158384225,1.1905850951318715,4.412470389070222e-12,
zipf,5.0,4,2011,discovered,97,0.9467116832117218,1,1.7803729272088709,97,1.0,0.16,0,-3.0835229174743377,-1.5244088367459445,0.12740661401997064,False,-2.0354759141448118,1.9896994133027537,3.581135388230905e-11,
zipf,5.0,4,2011,true,43,0.8766344053161107,5,2.1447203914686583,27,0.627906976744186,0.47,0,-0.4739640361795949,-0.5603980819515657,0.5752079396221025,False,-0.08649214536132388,1.607922500359748,1.5347723092418164e-12,
zipf,5.0,4,2012,discovered,165,0.9243359765436878,1,1.9716859536707365,165,1.0,0.21,0,-1.428609948769191,-0.9221700249946537,0.3564398957230017,False,-7.435922502288633,2.717205606578757,1.6503918232047e-09,
zipf,5.0,4,2012,true,59,0.8679397063496901,8,2.236898275024818,32,0.5423728813559322,0.95,0,-0.283930219940812,-0.5145810023080833,0.6068458433241533,False,-1.0970831868045896,1.8899866892824746,1.674882810220879e-08,
zipf,5.0,4,2013,discovered,138,0.9254701757406653,5,2.516727226529727,32,0.2318840579710145,0.51,0,-0.6585869169960663,-0.7228477537088407,0.46977342509812203,False,0.5852330006121076,1.1376693190843497,2.8421709430404007e-13,
zipf,5.0,4,2013,true,52,0.8747460571215808,8,2.1888908648982652,28,0.5384615384615384,0.27,0,-0.5028716152964252,-0.6655732690585152,0.5056838969907501,False,0.5627190523493331,1.5382972356804803,5.421298965302412e-10,
zipf,5.0,4,2014,discovered,181,0.9425368148051727,1,1.7032322632052066,181,1.0,0.0,0,-1.5110113225363815,-0.712449453417108,0.4761865013008012,False,-9.510286236143076,3.6761315784171567,8.945903573476244e-09,
zipf,5.0,4,2014,true,67,0.8857254219413064,9,2.1833766844837696,36,0.5373134328358209,0.79,0,-0.09653422366333153,-0.27157604495204113,0.7859480207549747,False,-7.4879570796439285,3.0342007560660424,1.7094475879275706e-07,
zipf,5.0,4,2015,discovered,359,0.9399773059399821,1,1.7305858938080056,359,1.0,0.01,0,2.044232259390059,1.1382685287554006,0.255008371066226,False,-136308.10854436245,389.72850950916495,0.000239477139984956,
zipf,5.0,4,2015,true,87,0.9010052925237654,13,1.9044623013743776,53,0.6091954022988506,0.26,0,-1.6916700342301505,-1.1242358495108564,0.2609129847523025,False,1.8705168592024268,1.6380368154557614,1.6505055100424215e-09,
zipf,5.0,4,2016,discovered,277,0.9381980328698861,1,1.7829260898486603,277,1.0,0.0,0,0.7338290504189704,0.46036453403363176,0.6452545869923529,False,-88.14584236115395,9.655985890771277,0.0026176563400213126,
zipf,5.0,4,2016,true,81,0.855437249831108,42,2.6110277080735087,14,0.1728395061728395,0.53,0,0.005826854444317853,0.5808169773552398,0.5613638116101196,False,-83188.98483012547,226.44373514649797,4.38160277553834e-05,
zipf,5.0,4,2017,discovered,247,0.9361152519197677,1,1.641218872998794,247,1.0,0.0,0,-5.725961599436005,-1.7181722652617735,0.08576519874605716,False,-3.789800107758083,2.7791022557191685,4.10420852858806e-09,
zipf,5.0,4,2017,true,77,0.8637484039281971,15,2.0989668312671497,30,0.38961038961038963,0.4,0,-0.136717617406779,-0.3192586459250157,0.7495303888189251,False,-3.241556519341728,2.6057070203248114,1.87343744073587e-07,
zipf,5.0,5,2010,discovered,68,0.9164878238209615,1,1.9461538152095046,68,1.0,0.02,0,-0.30693517208798804,-0.35019438964108596,0.7261928169396179,False,-11.900969371778272,3.3804434826594982,2.425224465696374e-10,
zipf,5.0,5,2010,true,31,0.836615142823953,9,2.9187982775910437,15,0.4838709677419355,0.86,0,0.010053582541527106,0.2860601029749864,0.7748320884224802,False,-51686.70622820821,161.2288960610292,5.670068276231177e-06,
zipf,5.0,5,2011,discovered,94,0.9507772006293849,3,2.363254790336602,34,0.3617021276595745,0.44,0,-0.3955559910771309,-0.5564846556458701,0.5778795812098019,False,-1.4303646620948367,1.5763251012701012,2.5863755581667647e-11,
zipf,5.0,5,2011,true,39,0.9249253711362331,4,1.8725735809733968,28,0.717948717948718,0.36,0,-1.096054862076929,-0.9680145336902233,0.33303711130315583,False,0.8134946012502546,1.584465572123856,3.6479264053923544e-11,
zipf,5.0,5,2012,discovered,174,0.918865012552639,4,2.3338398375555176,57,0.3275862068965517,0.27,0,-0.7880737810300467,-0.8062867898061304,0.4200775056834446,False,-0.7544228051808429,1.5341751368745848,1.0834355634870008e-10,
zipf,5.0,5,2012,true,62,0.864462717430996,5,2.1003202789586037,41,0.6612903225806451,0.55,0,-0.44969105276425014,-0.6098840127468163,0.5419386436459079,False,-1.7314952441990181,2.0503325000316117,2.1290702534315642e-10,
zipf,5.0,5,2013,discovered,131,0.9392413022231231,1,1.924733432992883,131,1.0,0.49,0,-0.01356128606133744,-0.013833014675032645,0.9889632031486223,False,-62.74633872385725,7.469480665113666,3.060483493300126e-05,
zipf,5.0,5,2013,true,55,0.8665229217332269,13,2.5252371473760835,18,0.32727272727272727,0.69,0,-0.3743376454615497,-0.5178823146604354,0.604540381938797,False,1.6505065777902017,1.1316453931530428,5.859135399077786e-11,
zipf,5.0,5,2014,discovered,189,0.9563245301254985,1,1.7114509492945622,189,1.0,0.04,0,-3.240917086323071,-1.389352566168841,0.16472556662553384,False,-5.754006944725932,2.9907244964919273,1.0953726814477704e-09,
zipf,5.0,5,2014,true,70,0.8992728773747101,6,1.8652179997674563,43,0.6142857142857143,0.57,0,-1.1495669734324245,-0.9604466011995781,0.3368304937885378,False,0.6125194036307612,1.835896298702912,7.548806024715304e-11,
zipf,5.0,5,2015,discovered,251,0.9256871136438966,26,2.441008081278083,28,0.11155378486055777,0.67,0,-0.5519296517439827,-0.7247856881608039,0.46858351716086244,False,2.263827871577698,1.216865760082843,4.2020076307380805e-10,
zipf,5.0,5,2015,true,81,0.865175249185269,21,2.2605554405121957,36,0.4444444444444444,0.96,0,-0.05339033108129865,-0.21539707363322652,0.8294577513656058,False,-9.137955058960355,3.2717909136503636,3.742267352890849e-06,
zipf,5.0,5,2016,discovered,233,0.9507425176477301,1,1.7396076593589207,233,1.0,0.02,0,-2.7033978516980444,-1.1569427728096098,0.24729574187828274,False,-7.991916549507909,3.3151544572049065,3.738580289791571e-08,
zipf,5.0,5,2016,true,76,0.8870148204100601,11,2.096352929900344,35,0.4605263157894737,0.77,0,-0.11275391125644507,-0.31317433390180693,0.7541482169074102,False,-6.178865803684789,3.0199458248234614,3.474355025900877e-09,
zipf,5.0,5,2017,discovered,281,0.9608153799463789,1,1.773549564105901,281,1.0,0.02,0,-0.3074681257162659,-0.17192341245526657,0.8634977401570123,False,-73.43550733425373,8.885623226168118,0.004751373939939185,
zipf,5.0,5,2017,true,86,0.9072100200097136,14,2.059825299281321,36,0.4186046511627907,0.48,0,-0.20224701077908724,-0.4193719299903861,0.6749443352483271,False,-2.7579285728636127,2.562261281047901,4.3795776605293213e-07,
zipf,5.0,6,2010,discovered,64,0.9095443600539911,1,1.8739712919894296,64,1.0,0.03,0,-2.192811109266196,-1.177698849590549,0.23891668570913904,False,-1.2521232396327566,1.6104342106067118,3.097966327914037e-11,
zipf,5.0,6,2010,true,27,0.8753604058222322,5,2.356792914802974,18,0.6666666666666666,0.77,0,-0.03405711303745562,-0.1898887258533568,0.8493963272021717,False,-11.803748058497193,3.203513964043957,1.9072103896178305e-09,
zipf,5.0,6,2011,discovered,96,0.9329378262425472,1,1.7860915046493895,96,1.0,0.04,0,-2.297960000702298,-1.2350844297580896,0.21679908353313715,False,-2.750332304220623,2.164502886542206,4.480710913412622e-09,
zipf,5.0,6,2011,true,38,0.854732015650871,11,2.5825913820378723,15,0.39473684210526316,0.84,0,0.009055444389036715,0.2130209575407478,0.8313106160741165,False,-49127.32052188974,173.79834170726073,4.020784035674296e-05,
zipf,5.0,6,2012,discovered,147,0.9490198088746322,1,1.6964443441236825,147,1.0,0.09,0,-0.3605967094371936,-0.23713522572554693,0.8125518854291545,False,-19.953095709080568,5.099054053007439,3.415880200918764e-07,
zipf,5.0,6,2012,true,59,0.8919597731111838,6,1.9064941081050901,32,0.5423728813559322,0.01,0,-3.0172752767742788,-1.5360922254272582,0.12451576280649904,False,2.310483334683548,1.0492803837433293,1.1297629498585593e-11,
zipf,5.0,6,2013,discovered,113,0.9449947607308278,1,1.7976373563803616,113,1.0,0.27,0,-2.5369070539542955,-1.3478724476784822,0.1776994112005229,False,-3.25470965606302,2.260555224565626,1.9608137336035725e-10,
zipf,5.0,6,2013,true,46,0.8882907077841049,7,2.247621861386848,25,0.5434782608695652,0.8,0,-0.07458848245402194,-0.22945993746089102,0.8185114552291408,False,-8.220505276028852,2.9916941112040973,4.526170016561082e-08,
zipf,5.0,6,2014,discovered,184,0.947177215375426,1,1.7052107127420018,184,1.0,0.08,0,-1.793306191618072,-0.8951915089441025,0.3706847229667638,False,-9.028466163502348,3.591606099169576,4.4616058403335046e-08,
zipf,5.0,6,2014,true,68,0.8892109550479192,7,1.8755168389694015,40,0.5882352941176471,0.39,0,-1.3407093865681476,-1.0598484772714345,0.2892135385024601,False,1.216996526645945,1.673385123478756,1.038785057971836e-09,
zipf,5.0,6,2015,discovered,321,0.9466533185601117,1,1.6675970837247764,321,1.0,0.03,0,-0.5713554251975843,-0.24321561917283963,0.8078383677406168,False,-20.949022496076456,5.344882522846679,9.197383405989967e-07,
zipf,5.0,6,2015,true,89,0.8574769525285839,17,2.2523703126376713,51,0.5730337078651685,0.59,0,-0.05143598704219521,-0.19550337395644135,0.8449988966094621,False,-14.670895382353846,3.864965124957056,9.229940957311555e-06,
zipf,5.0,6,2016,discovered,263,0.9440507972210996,1,1.6959235441672604,263,1.0,0.0,0,-4.230368642986495,-1.4560751284982298,0.1453718521796764,False,-5.6197744729841554,3.009899705879929,7.79891706770286e-09,
zipf,5.0,6,2016,true,82,0.9009206746721752,6,1.793772030856917,56,0.6829268292682927,0.67,0,-1.4830892626817649,-1.0712050177793486,0.2840772559243605,False,0.43310461599097033,2.0271066772412203,8.249685379269067e-10,
zipf,5.0,6,2017,discovered,259,0.9275780963457599,1,1.7722682490655697,259,1.0,0.02,0,-1.3132590930771908,-0.6255974499325857,0.5315790118244625,False,-11.32565138475089,3.7345405923563866,1.4915497104084352e-07,
zipf,5.0,6,2017,true,77,0.910514612949958,15,2.1407022114185494,32,0.4155844155844156,0.85,0,-0.13414535136878802,-0.3377403876354216,0.735558836363796,False,-3.4506728601562227,2.5830022529033667,8.57065174386662e-09,
zipf,5.0,7,2010,discovered,71,0.9289326851942464,4,2.5995666829390442,20,0.28169014084507044,0.5,0,-0.00372561239795699,-0.02463352915762095,0.9803472750079726,False,-34.63022835004818,4.642331987630605,8.291380986236163e-06,
zipf,5.0,7,2010,true,28,0.8137369586542482,5,2.2517641816621,21,0.75,0.25,0,-0.6195376303132232,-0.7142714281371063,0.47505935623640827,False,0.9363830187315141,1.2060146494791195,1.0459189070388675e-11,
zipf,5.0,7,2011,discovered,82,0.9419444538240076,1,1.7993548935643526,82,1.0,0.08,0,0.5922276452538169,0.7498228065913101,0.4533614309808901,False,-96109.15494234802,311.9641462733388,0.00014999227914813673,
zipf,5.0,7,2011,true,42,0.8618760981532503,6,2.088173908105966,26,0.6190476190476191,0.42,0,-0.9054195312232967,-0.8059656147795293,0.42026267583630816,False,1.2478294104724954,1.3195597420153835,6.214406766957836e-11,
zipf,5.0,7,2012,discovered,161,0.9211696618563014,1,1.8358053016918365,161,1.0,0.21,0,-2.6855005027897647,-1.3744966369584344,0.16928755360406356,False,-4.240570183764358,2.400394344717424,2.299998413946014e-09,
zipf,5.0,7,2012,true,55,0.891393571920294,13,2.498767905082098,21,0.38181818181818183,0.71,0,0.000370751104219913,0.00487261647068337,0.9961122299314937,False,-41.26613332752274,5.423976005749357,0.0004238052639493617,
zipf,5.0,7,2013,discovered,132,0.9427303809369422,1,1.8621073650367215,132,1.0,0.03,0,-1.043321803933562,-0.6593747402102642,0.5096551585883523,False,-11.225331937455795,3.478647761433768,1.5334933323174482e-09,
zipf,5.0,7,2013,true,53,0.9120499682557058,13,2.1657527257622182,12,0.22641509433962265,0.56,0,-0.1956075282828813,-0.42431338920595335,0.6713372758416768,False,0.9225101180894728,1.6109022675357132,9.199823125527473e-10,
zipf,5.0,7,2014,discovered,187,0.949290276270811,1,1.753418122634377,187,1.0,0.06,0,0.015140908385152585,0.010302196834799283,0.991780181605512,False,-45.708314934649856,7.174721935505289,6.86139194954194e-05,
zipf,5.0,7,2014,true,65,0.8577081282117102,13,2.3187918578828066,32,0.49230769230769234,0.81,0,-0.2213031167884143,-0.4618542928412818,0.64418581335082,False,-1.1767585410493324,1.9421284317431025,9.464940831094282e-09,
zipf,5.0,7,2015,discovered,329,0.9421879612808186,1,1.7717251100757474,329,1.0,0.01,0,2.6892624454021377,1.6207123713819032,0.10507933915837601,False,-350647.40666980325,607.2964766185955,0.0009307203872594982,
zipf,5.0,7,2015,true,87,0.8642536701873995,23,2.126612373145252,36,0.41379310344827586,0.58,0,-0.43623056291941564,-0.6112211522376987,0.5410531818824579,False,0.770261820347824,1.8504389398247487,1.001211558104842e-09,
zipf,5.0,7,2016,discovered,273,0.9226822182168266,1,1.663730243753553,273,1.0,0.0,0,-7.352023332338785,-2.098130432901937,0.035893624863832935,False,-2.8432023370469244,2.4779680787162204,4.4395846998668276e-09,
zipf,5.0,7,2016,true,83,0.8267453811803583,15,2.29119168745232,42,0.5060240963855421,0.21,0,-0.05996327315285788,-0.23355879389015494,0.8153275206953865,False,-10.279500786780396,3.3128188675185624,6.690162308586878e-07,
zipf,5.0,7,2017,discovered,302,0.9257622477312413,27,3.5490919424747758,12,0.039735099337748346,0.26,0,-0.017519080390918873,-0.13496863456648117,0.8926366733654041,False,-2.383805245052857,1.5761235532440159,9.976786685683692e-08,
zipf,5.0,7,2017,true,81,0.8676880414643627,20,2.285481397638117,33,0.4074074074074074,0.09,0,0.008090752728852735,0.2700173963705013,0.7871468701670049,False,-28665.661617517613,148.306505975273,9.707574463391211e-06,
zipf,5.0,8,2010,discovered,56,0.870391694890762,1,2.149958515409388,56,1.0,0.21,0,-0.15155347353089477,-0.2435841226137733,0.8075529262867738,False,-10.676022547894124,2.8804422898860613,2.1180255771469092e-08,
zipf,5.0,8,2010,true,28,0.9254808684332849,8,2.6911599499841126,12,0.42857142857142855,0.22,0,-0.18402363616923623,-0.34624234230878786,0.7291605958069001,False,0.8825075051642245,1.1136931032751263,8.387246452912223e-11,
zipf,5.0,8,2011,discovered,89,0.907333880003164,1,1.8764752856006677,89,1.0,0.05,0,0.8165864329157222,1.122956626024562,0.2614559161290674,False,-256572.40959122244,485.52274064053864,0.00020860967742919456,
zipf,5.0,8,2011,true,41,0.8434746704898666,3,1.7220785888332708,33,0.8048780487804879,0.0,0,-3.363803937150474,-1.4664995649661292,0.14251223962974618,False,1.7470279066427308,1.2630199802014466,2.9132252166164108e-12,
zipf,5.0,8,2012,discovered,156,0.9389567271665985,3,2.1340396954731764,61,0.391025641025641,0.48,0,-1.8422484987259335,-1.2452587525756562,0.21303665228972068,False,0.24134781642300746,1.333601780211712,1.716955466690706e-10,
zipf,5.0,8,2012,true,59,0.8564996761552901,6,2.1718461313829662,39,0.6610169491525424,0.93,0,-0.07087419584415855,-0.22355338778076667,0.8231048368282714,False,-14.423233481491362,3.807852183881546,1.1143072242703056e-08,
zipf,5.0,8,2013,discovered,141,0.925140539858614,1,2.0973481505397107,141,1.0,0.62,0,-0.2696574537451615,-0.3004481505637304,0.7638353402827651,False,-34.94642565407787,5.131077150732774,4.0101824936300545e-06,
zipf,5.0,8,2013,true,51,0.907362744182906,11,2.201501371809481,19,0.37254901960784315,0.7,0,-0.30744985083827103,-0.5332236116896336,0.5938787986334426,False,0.7825297927297545,1.5642383902712858,3.510081114654895e-12,
zipf,5.0,8,2014,discovered,200,0.9389638492899846,1,1.6955977325849754,200,1.0,0.04,0,-3.4019818668807886,-1.4162430559394414,0.15670435376121294,False,-5.330330351290097,2.9527796590062,3.236493739677826e-09,
zipf,5.0,8,2014,true,68,0.8794287412928208,8,1.957217846116238,37,0.5441176470588235,0.29,0,-1.304085343736375,-0.9326803653852681,0.3509850254983846,False,1.5147524568643354,1.4973160313513656,3.266677595092915e-09,
zipf,5.0,8,2015,discovered,349,0.93057194493359,9,2.266248283167885,67,0.19197707736389685,0.46,0,-0.41003032753110924,-0.6308416581292784,0.5281440620060622,False,-2.064691283011201,2.0807613309147373,7.46334194445808e-09,
zipf,5.0,8,2015,true,89,0.9311273562020291,22,2.1424462171310066,38,0.42696629213483145,0.5,0,-0.39490841664330034,-0.559066569038488,0.5761162894358827,False,0.3657001351689302,1.9178681335963448,7.836035820218967e-09,
zipf,5.0,8,2016,discovered,279,0.934138676979839,1,1.7574866476372972,279,1.0,0.02,0,0.4378097928194986,0.24977425788679095,0.8027619281144613,False,-36.84667707560562,6.458028107106758,7.371861556748627e-07,
zipf,5.0,8,2016,true,78,0.8452820749526505,19,2.278274631198072,31,0.3974358974358974,0.69,0,0.002624232927353365,0.038353581024688936,0.9694057707035426,False,-86.07217452954916,8.354582182841034,0.0010605418427189761,
zipf,5.0,8,2017,discovered,275,0.932468284149445,1,1.718920500966182,275,1.0,0.01,0,-2.249556894879012,-0.9700170501520274,0.3320379934586095,False,-9.979202611768343,3.698494036587022,5.93315689911833e-08,
zipf,5.0,8,2017,true,80,0.8563412948787064,16,2.1736275784737225,37,0.4625,0.17,0,-0.4811029252073409,-0.5784514488383139,0.5629593672727675,False,0.562168293543396,1.7545891287605349,4.169464773440268e-11,
zipf,5.0,9,2010,discovered,62,0.9391083283084523,1,1.887422249659967,62,1.0,0.42,0,0.3744596731793267,0.5846386360264066,0.5587907230991991,False,-275713.72848389135,499.73442048274217,0.00014381213441083673,
zipf,5.0,9,2010,true,30,0.8790986866735498,8,2.479947132754918,13,0.43333333333333335,0.21,0,-0.2589566781434305,-0.4736572924452583,0.6357443128700501,False,1.052320585754247,1.1789317026835149,2.9039881610515295e-11,
zipf,5.0,9,2011,discovered,123,0.9408355782065411,1,1.9488937411230656,123,1.0,0.03,0,-2.632801961408868,-1.3867150205826362,0.1655286785375899,False,-2.6696150016268994,1.8757906527201351,1.9412027540965937e-11,
zipf,5.0,9,2011,true,46,0.9184991364208084,3,1.803547873404135,35,0.7608695652173914,0.04,0,-2.275479924817778,-1.2511497042137156,0.210879864221879,False,1.1950424506561623,1.3947618737724419,3.608136012189789e-11,
zipf,5.0,9,2012,discovered,134,0.9661889162797721,2,1.9089026291640743,70,0.5223880597014925,0.65,0,-0.8753664690513676,-0.8026671438336829,0.4221671483597099,False,-3.7339554757821087,2.4561249368851796,1.5011778486950789e-09,
zipf,5.0,9,2012,true,57,0.8946180946403239,9,2.235736143197451,25,0.43859649122807015,0.61,0,-0.01052382141269037,-0.0478990615799223,0.9617966872847489,False,-11.137445849579944,3.4128143800606594,4.5843890461583214e-08,
zipf,5.0,9,2013,discovered,112,0.9456996197857054,4,2.0393655667542,45,0.4017857142857143,0.43,0,-0.49438053133921667,-0.624534222299342,0.5322768027097612,False,-1.8641749193074886,2.0928236053822094,8.276970220322255e-10,
zipf,5.0,9,2013,true,45,0.8978206549145783,15,2.493089780243691,13,0.28888888888888886,0.4,0,-0.2024851657484943,-0.43967206351058896,0.6601746389375441,False,1.3593589058263695,1.2764573413631255,3.8600234120167443e-10,
zipf,5.0,9,2014,discovered,214,0.9398311973415439,1,1.8783203659737115,214,1.0,0.03,0,-0.09182152793520881,-0.06951763738720496,0.9445775940107639,False,-58.18111419743374,7.404154394456894,0.00018975591103753686,
zipf,5.0,9,2014,true,67,0.8854245019988777,10,2.1894267626644126,33,0.4925373134328358,0.88,0,-0.02066548777641941,-0.13509422514236674,0.8925373759917952,False,-23.78413416582187,4.758519995860853,4.529471624437065e-06,
zipf,5.0,9,2015,discovered,290,0.9603064341647309,1,1.6440700979365839,290,1.0,0.11,0,-1.6022693857465153,-0.6651815780644005,0.5059343617764298,False,-17.147963130475688,4.991582516269918,5.766764843428973e-08,
zipf,5.0,9,2015,true,84,0.8960870588635191,20,2.1214444912298904,34,0.40476190476190477,0.79,0,-0.12779455502531212,-0.33175229357142144,0.7400763101449626,False,-3.8967218283641882,2.7385704096442405,1.1572257108127815e-07,
zipf,5.0,9,2016,discovered,271,0.9167903628904147,10,2.521403766360069,38,0.14022140221402213,0.51,0,-0.580512697872912,-0.6629191654431765,0.5073823263898343,False,0.8716579557956693,1.2717218053600903,2.759747985692229e-11,
zipf,5.0,9,2016,true,83,0.8498971324837493,9,2.0675762961800705,50,0.6024096385542169,0.18,0,-0.3164696213599294,-0.47982414090079734,0.6313524455701174,False,-3.067106906899273,2.5098907640266277,5.783365963907272e-08,
zipf,5.0,9,2017,discovered,260,0.9287385351823534,1,1.7013873444189924,260,1.0,0.04,0,-0.662712542553038,-0.3201817986343742,0.748830520098677,False,-15.504463760244022,4.538602150123309,5.172285000298871e-08,
zipf,5.0,9,2017,true,78,0.870822623441098,28,2.3729489683773135,20,0.2564102564102564,0.61,0,-0.059599647099150665,-0.24915587231552289,0.8032402119658979,False,-3.408463376764735,2.4144607185321134,1.804756664114393e-07,
zipf,5.0,10,2010,discovered,64,0.9232714296923792,1,2.078750562342641,64,1.0,0.71,0,-0.36295254209597605,-0.46323135228341644,0.6431985455610274,False,-10.21528567940716,2.9282946763474254,3.922693281310785e-09,
zipf,5.0,10,2010,true,33,0.9189523139895561,5,2.1818289805725666,16,0.48484848484848486,0.55,0,-0.2307930122330064,-0.41685267100671647,0.6767861737996358,False,-0.364583444350301,1.6435339056838631,1.1233680652367184e-11,
zipf,5.0,10,2011,discovered,121,0.8502869291379583,8,3.5036527744409764,24,0.19834710743801653,0.09,0,-2.2477529595547274,-1.3999638125398115,0.16152415525545016,False,2.285271699008845,0.36905000303453184,4.973799150320701e-14,
zipf,5.0,10,2011,true,46,0.8583650923937398,7,2.3212728594435807,26,0.5652173913043478,0.29,0,-0.07584988060666831,-0.3253906848591247,0.7448854046746949,False,-10.188804983014506,3.1335039258019397,3.394984560145531e-08,
zipf,5.0,10,2012,discovered,138,0.899858134035664,1,1.7442220373029365,138,1.0,0.0,0,-3.9021820909246543,-1.5996722148343054,0.10967131887778409,False,-2.1217828396510026,2.0893328803108986,1.9042545318370685e-11,
zipf,5.0,10,2012,true,53,0.8226417217232269,12,2.47178183310404,22,0.41509433962264153,0.86,0,-0.11468227410545362,-0.29506896531426147,0.7679411968736696,False,-1.541940891843086,1.8635833477475319,8.829346143102157e-10,
zipf,5.0,10,2013,discovered,118,0.9426941444124964,1,1.769299405190156,118,1.0,0.14,0,-3.388435338086677,-1.5769282843093282,0.11481202754994106,False,-2.4229013730769697,2.1146185630549397,1.4352963262354024e-11,
zipf,5.0,10,2013,true,47,0.8814360986180805,6,2.1173601020697497,34,0.723404255319149,0.39,0,-0.9332927964071107,-0.7306867584485914,0.4649705054313086,False,0.8647225286663374,1.41981480461924,3.410605131648481e-12,
zipf,5.0,10,2014,discovered,205,0.9367006797347063,1,1.8828520547967547,205,1.0,0.01,0,0.5369950361922777,0.46284964298169584,0.6434721448864018,False,-10097.45704977898,95.83300445693979,4.9318259698338807e-08,
zipf,5.0,10,2014,true,65,0.8588035808431288,16,2.3281549206823824,26,0.4,0.89,0,-0.10739370218947375,-0.3108304266003836,0.7559295375475015,False,-2.557224530399398,2.2252079656431545,3.6944037162811583e-07,
zipf,5.0,10,2015,discovered,328,0.9457766665444585,1,1.647536597984645,328,1.0,0.0,0,-4.440949185662291,-1.454423590773095,0.14582890342214505,False,-7.394327554281087,3.504640997314476,2.673914423212409e-09,
zipf,5.0,10,2015,true,88,0.8496211098616321,29,2.2947453442007273,30,0.3409090909090909,1.0,0,-0.00453181013286752,-0.04977064337885481,0.9603051608693582,False,-34.29632666470555,5.473313316787232,0.0003365672141910636,
zipf,5.0,10,2016,discovered,303,0.9417061212697748,1,1.8249605397316948,303,1.0,0.11,0,-0.7622621461557006,-0.41061702364068986,0.6813533789077242,False,-23.218820981378588,4.952688076382436,4.3264662963338196e-08,
zipf,5.0,10,2016,true,87,0.870222873883808,10,2.0002721327598803,52,0.5977011494252874,0.44,0,-0.5767006728345629,-0.6693871364578303,0.5032485551317557,False,-0.8705655043311364,2.184749298609025,3.493818212518818e-08,
zipf,5.0,10,2017,discovered,278,0.9411219010205701,1,1.7525644201043011,278,1.0,0.0,0,2.956698044058445,1.8927268129077637,0.058394208759369376,False,-338041.1213390396,604.6409204003389,0.0010408228499727556,
zipf,5.0,10,2017,true,83,0.8639967671924232,10,2.0287994979006134,54,0.6506024096385542,0.78,0,-0.29347652877953667,-0.49027144257211214,0.6239418321307316,False,-3.665627659663528,2.7016534720380996,2.0405875034157361e-07,
zipf,5.0,11,2010,discovered,52,0.8992205909763707,1,1.7695534292517678,52,1.0,0.21,0,-1.7948543312228544,-1.1487733952152401,0.2506494324600437,False,-1.459566207539357,1.848186657079461,1.2050804798491299e-11,
zipf,5.0,11,2010,true,25,0.867583291845967,10,2.810777135304746,10,0.4,0.81,0,-0.06580695813674886,-0.23597775582950356,0.8134499310644956,False,-0.3084222393035774,1.3837198355489233,1.4663044112239731e-09,
zipf,5.0,11,2011,discovered,116,0.9311270357976807,1,1.9089976152151031,116,1.0,0.19,0,-0.3201018456703868,-0.28435336142945117,0.7761395965324163,False,-16.302966053740974,3.9841434929182853,8.130825790431118e-09,
zipf,5.0,11,2011,true,46,0.8798615844174524,7,2.1959110504628683,23,0.5,0.7,0,-0.47506203750475295,-0.6623550106487166,0.5077437292733245,False,0.6700040554055536,1.4578594739224215,5.4086513046058826e-11,
zipf,5.0,11,2012,discovered,118,0.9584859859169034,1,1.735202898000755,118,1.0,0.06,0,-2.1186937478668817,-1.126180497868049,0.2600891265597314,False,-5.119779150784192,2.80150981196626,2.8992189982091077e-08,
zipf,5.0,11,2012,true,47,0.884711961606714,6,1.8758333170412862,29,0.6170212765957447,0.01,0,-1.498048001836564,-1.058198076775251,0.28996514790155625,False,1.7247200384230124,1.4024846660912904,1.050182163453428e-11,
zipf,5.0,11,2013,discovered,109,0.9377539870824785,1,1.835444586573058,109,1.0,0.12,0,-1.3445808444497418,-0.891056993886032,0.37289859510963597,False,-5.957253708278802,2.729282252461561,1.4726424524269532e-08,
zipf,5.0,11,2013,true,43,0.8195415788146883,5,1.905309008812607,32,0.7441860465116279,0.0,0,-2.9626513244073545,-1.444029190684869,0.14873076438567817,False,2.108287679113742,1.052651106395893,1.7053025658242404e-13,
zipf,5.0,11,2014,discovered,224,0.9559233717575306,1,1.7227214644962197,224,1.0,0.01,0,-3.230144275746051,-1.3179705239321156,0.1875135153940417,False,-6.826315281808787,3.160075865753273,1.986393272090936e-09,
zipf,5.0,11,2014,true,78,0.8845562655319594,8,2.0778288220692405,44,0.5641025641025641,0.8,0,-0.12677331136874415,-0.3353859254158537,0.7373339836682253,False,-7.646232030526812,3.201199113761316,2.4856944946805015e-08,
zipf,5.0,11,2015,discovered,335,0.9447544912692356,12,2.249384828280022,52,0.15522388059701492,0.6,0,-0.23691913213549753,-0.46684837966411113,0.6406083595175399,False,-2.9284721201728514,2.3150506201872623,1.1076167538703885e-08,
zipf,5.0,11,2015,true,91,0.8948225697758251,11,2.0018770209040317,61,0.6703296703296703,0.95,0,-0.016590694865552535,-0.06685784899338766,0.9466948695479352,False,-26.291447898867425,5.462646667163657,0.0001877077264680338,
zipf,5.0,11,2016,discovered,233,0.9342701703922044,1,1.6786322953173505,233,1.0,0.0,0,-4.265184940012379,-1.4517371482878665,0.1465747059092431,False,-4.541900682565296,2.837340524711078,3.0665887607028708e-09,
zipf,5.0,11,2016,true,78,0.9184356817790001,18,2.2612854682215238,27,0.34615384615384615,0.49,0,-0.04680303099008798,-0.19722082732439442,0.84365473284191,False,-7.114533238368896,2.994074274463352,1.5041280221339548e-07,
zipf,5.0,11,2017,discovered,274,0.9273185973236652,1,1.752277736409931,274,1.0,0.0,0,0.9488658083899892,0.5840329619591398,0.5591981357162019,False,-60.58421407437744,8.227578209246053,0.0003592717655465094,
zipf,5.0,11,2017,true,78,0.8798441858917602,16,2.2305428743208475,36,0.46153846153846156,0.83,0,-0.07792597593563055,-0.26027669896961286,0.7946503448948053,False,-7.122267785210633,3.0179984773964623,1.1393524346203776e-08,
zipf,5.0,12,2010,discovered,69,0.9094553492636852,1,2.172996996602643,69,1.0,0.62,0,-0.05287678505525023,-0.10272084654012378,0.9181845280173557,False,-149.31722031194138,10.087545059558273,0.000561737265726947,
zipf,5.0,12,2010,true,36,0.875203852817359,8,2.698025713065569,13,0.3611111111111111,0.66,0,-0.1043893101733353,-0.32708913257294947,0.7436004710984914,False,-0.38673699603682654,1.4048666980230318,1.1865353144457913e-10,
zipf,5.0,12,2011,discovered,100,0.9166344821098995,1,1.8413148211203199,100,1.0,0.0,0,-0.6304571097127694,-0.5025222464707624,0.6153002076786117,False,-8.638206225760007,3.1601362041095817,5.5309783419943415e-09,
zipf,5.0,12,2011,true,47,0.8615184276058595,11,2.592398738028389,16,0.3404255319148936,0.47,0,-0.4943420272177512,-0.6842569711700253,0.4938129128267569,False,1.9841024100233664,0.930016934132886,1.3983481039758772e-11,
zipf,5.0,12,2012,discovered,184,0.9381763601006464,1,1.8889563208171118,184,1.0,0.15,0,-1.6592207982476381,-0.957867775518665,0.3381294376266847,False,-7.912864051426948,2.943756196090971,2.423462319711689e-09,
zipf,5.0,12,2012,true,64,0.8759855186359446,8,2.199538038398647,36,0.5625,0.9,0,-0.31304631989326603,-0.5153559761905188,0.6063042899194568,False,-1.2887012995459906,1.9688639640761683,6.398011009878246e-10,
zipf,5.0,12,2013,discovered,115,0.9216671652076346,1,1.8787664564556275,115,1.0,0.0,0,-1.9799605712569779,-1.0142299001926443,0.31047306436160205,False,-3.9758826858066803,2.2672889673285175,1.6686385606590193e-10,
zipf,5.0,12,2013,true,49,0.8365043610155428,5,2.045819092386891,35,0.7142857142857143,0.11,0,-1.4596562533850452,-1.0081476744535944,0.31338357343363354,False,1.249634455504926,1.285874614356979,7.815970093361102e-12,
zipf,5.0,12,2014,discovered,213,0.9250482885199907,1,1.8719895600660776,213,1.0,0.01,0,-0.6198110482675325,-0.39879573132861046,0.6900437226197655,False,-15.789366826783617,4.022339078073934,1.9392700778553262e-09,
zipf,5.0,12,2014,true,69,0.8921651251022847,9,2.142547957598696,40,0.5797101449275363,0.62,0,-0.015565731007509687,-0.06341654081505275,0.9494348160965981,False,-17.198953748787993,4.227980131185705,3.226144542622933e-07,
zipf,5.0,12,2015,discovered,246,0.9470639121552352,1,1.689175454824723,246,1.0,0.0,0,4.694640501856691,2.9936217663841522,0.00275687475747656,False,-347779.09185876074,644.0789587526947,0.0026078322380271857,
zipf,5.0,12,2015,true,86,0.8970276926927031,10,1.9184449103865535,52,0.6046511627906976,0.58,0,-0.9535110504169659,-0.876461846618323,0.38077900912023877,False,0.40253041668687756,1.9881624796528354,7.727493311904254e-09,
zipf,5.0,12,2016,discovered,257,0.954149853084598,1,1.8113448151443188,257,1.0,0.06,0,0.36118638030468553,0.2529439720200669,0.8003115092920084,False,-68391.63718158034,260.7912714906151,3.898919021594338e-05,
zipf,5.0,12,2016,true,81,0.870189441027972,5,1.7683091942523632,65,0.8024691358024691,0.21,0,-3.2343096522074477,-1.5624030091062895,0.11819307867200324,False,1.4364788359535692,1.6327740479356345,1.6223111742874607e-10,
zipf,5.0,12,2017,discovered,277,0.9611455084728382,1,1.7918091630344901,277,1.0,0.03,0,-0.5144285571550498,-0.29558340407088274,0.7675482492330385,False,-62.1580610608382,8.08957541954214,0.0001119381386160967,
zipf,5.0,12,2017,true,85,0.9040953044652539,9,1.919230107374569,46,0.5411764705882353,0.41,0,-0.7003197144607269,-0.8191211028077059,0.41271732300781894,False,-0.25616342595510266,2.131592722451901,4.459934643818997e-10,
zipf,5.0,13,2010,discovered,66,0.8400638954224343,1,2.154381908169499,66,1.0,0.0,0,1.2870740630731141,2.9625093936136446,0.0030514249849149114,False,-630039.058323658,660.3939548401173,0.0006890387739986181,
zipf,5.0,13,2010,true,30,0.8819400696542778,5,2.1651164210318874,19,0.6333333333333333,0.51,0,-0.20153052729933174,-0.4056011486177957,0.68503568476608,False,-1.545782665274077,1.9349524870535446,2.220446049250313e-11,
zipf,5.0,13,2011,discovered,107,0.9295919204849123,1,2.040312130440658,107,1.0,0.87,0,-0.2323444750103973,-0.28435735480843355,0.7761365365248218,False,-41.09936463732049,5.708744658555638,1.4550459468409827e-06,
zipf,5.0,13,2011,true,44,0.8189195890631268,15,2.9425151972603825,14,0.3181818181818182,0.82,0,-0.20647164036554955,-0.4895602758348904,0.6244450920475924,False,1.6091590963312683,0.996390421364321,6.777867156415596e-11,
zipf,5.0,13,2012,discovered,140,0.9484022695709555,1,1.7559478847331782,140,1.0,0.68,0,-1.01616711580043,-0.668731351930284,0.5036668642900202,False,-11.956472075463015,3.870714581381248,2.845359858838492e-08,
zipf,5.0,13,2012,true,52,0.9366373545412857,13,2.136420346036139,17,0.3269230769230769,0.58,0,-0.32349143748640197,-0.5670911198378439,0.5706522758169668,False,1.1791111421778933,1.568691762799083,7.700293735979358e-09,
zipf,5.0,13,2013,discovered,128,0.9409340523227542,1,1.858464220459869,128,1.0,0.08,0,-2.0082531823229957,-1.15584316247934,0.24774531452939597,False,-4.584014811570891,2.426092224121907,4.970672762283357e-10,
zipf,5.0,13,2013,true,49,0.8766074650611986,11,2.416430013057593,24,0.4897959183673469,0.6,0,-0.13261853289769387,-0.38375720677140746,0.7011584080058989,False,-1.6059583595212272,1.9013846747478405,6.629548465753032e-09,
zipf,5.0,13,2014,discovered,212,0.9208253760774192,1,1.750560603495319,212,1.0,0.02,0,-4.438891248110016,-1.6681633689530009,0.09528330042666881,False,-3.4384201154381975,2.4044352464631804,7.913172339613084e-10,
zipf,5.0,13,2014,true,69,0.7986290874389719,8,2.1303818869428035,45,0.6521739130434783,0.1,0,-0.8520560174418064,-0.7398607262225916,0.45938450702743017,False,0.5181643226471717,1.6089374014664233,2.8677504815277644e-11,
zipf,5.0,13,2015,discovered,410,0.9244492147955571,1,1.8682885100916355,410,1.0,0.0,0,4.456286206445563,2.6643108370436774,0.007714624100496517,False,-452800.371970049,648.4885813694451,0.002046419499492913,
zipf,5.0,13,2015,true,94,0.8308332940926194,19,2.106284889430482,49,0.5212765957446809,0.25,0,-0.30421728265694625,-0.5585925108206473,0.5764398523421176,False,-1.855667686017514,2.392371709243543,2.9376792554103304e-08,
zipf,5.0,13,2016,discovered,231,0.9261864382639339,10,2.1698277447392003,49,0.21212121212121213,0.39,0,-0.9042666862947262,-0.8868648740232137,0.3751516550427305,False,0.8712167961832441,1.540738994588235,7.561311576864682e-10,
zipf,5.0,13,2016,true,77,0.9129018324880884,10,2.0900901348401844,43,0.5584415584415584,0.85,0,-0.09226769640341459,-0.2592022272443806,0.7954792127249415,False,-9.249214566121609,3.439976007483912,4.280216757024391e-06,
zipf,5.0,13,2017,discovered,289,0.9457902832181064,1,1.7693739779288449,289,1.0,0.0,0,-1.2704624920054393,-0.6066647435851323,0.5440734242526979,False,-15.973395508160541,4.3497932667391686,2.6183045065408805e-07,
zipf,5.0,13,2017,true,88,0.8732342029609602,15,2.058715036921688,37,0.42045454545454547,0.56,0,-0.7792317555601782,-0.7647897328349861,0.4443967625352979,False,1.4269446186254853,1.6269588241985227,2.3587745090480894e-09,
zipf,5.0,14,2010,discovered,49,0.8882864274307918,1,1.6998923938277746,49,1.0,0.03,0,-0.7103024237202601,-0.545878110432079,0.5851497260112453,False,-4.0297358561505465,2.6680016887863998,8.881784197001252e-11,
zipf,5.0,14,2010,true,24,0.7356273297000351,12,3.398250657806246,11,0.4583333333333333,0.74,0,-0.6143504363208048,-0.7426545013247725,0.45769088264031854,False,2.532111460065774,0.4853997827903926,4.618527782440651e-12,
zipf,5.0,14,2011,discovered,103,0.8939297492539433,1,1.9886939685154095,103,1.0,0.09,0,-0.1797247078499984,-0.18563197290156602,0.8527333785808948,False,-14.028974428159461,3.548199376137556,8.555019803679897e-09,
zipf,5.0,14,2011,true,45,0.8849453872810219,7,2.3838056425669345,21,0.4666666666666667,0.33,0,-0.0033473210377739093,-0.03205461157452013,0.9744284995085899,False,-62.38901710565906,6.749542681302926,0.0005576405326621625,
zipf,5.0,14,2012,discovered,141,0.9201482348938533,1,1.7862669737572774,141,1.0,0.0,0,-2.6772081934299674,-1.2595142132920496,0.20784465970644272,False,-3.552755934991078,2.352983378440735,8.730580702831503e-10,
zipf,5.0,14,2012,true,53,0.8901477250375518,6,2.009722859489963,32,0.6037735849056604,0.43,0,-0.38198474201945665,-0.6041662516741361,0.5457331159066034,False,-1.5934190126758658,2.1932375570290708,5.708983508156962e-09,
zipf,5.0,14,2013,discovered,128,0.9341282105208207,1,1.7695630257830381,128,1.0,0.05,0,-0.8531968737349303,-0.5482063529136758,0.5835502204285563,False,-9.448496607963627,3.4660820086422204,1.9501783299347153e-08,
zipf,5.0,14,2013,true,52,0.9295486812789248,7,2.157500939946099,24,0.46153846153846156,0.98,0,-0.02291644833813944,-0.10925535025917506,0.9129999598569853,False,-14.256014386589204,3.8467620706658727,8.397651356517599e-07,
zipf,5.0,14,2014,discovered,223,0.9179914357946278,1,1.7273429678943892,223,1.0,0.03,0,-2.661181117722178,-1.120231600787059,0.26261508092131025,False,-5.993183392597887,2.9958330701850664,7.773792276566382e-09,
zipf,5.0,14,2014,true,72,0.8897854280313929,29,2.4715932657681385,12,0.16666666666666666,0.63,0,-0.02754495869662854,-0.15974146855568558,0.8730847331397875,False,-3.6940873886544643,2.366327414935285,6.039301325699853e-08,
zipf,5.0,14,2015,discovered,367,0.9324645840841977,1,1.7148385199945257,367,1.0,0.0,0,-2.8865129011684587,-1.0174935800248968,0.30891868480705265,False,-9.573311138457775,3.6487387447921873,1.1121187526441645e-08,
zipf,5.0,14,2015,true,91,0.8621032914650836,22,2.086551924598969,30,0.32967032967032966,0.64,0,-0.045013097051846085,-0.1989729403573966,0.8422839118236327,False,-9.193713971210666,3.569805665057236,1.2533157303096232e-06,
zipf,5.0,14,2016,discovered,269,0.9594015967064103,1,1.7593217822314327,269,1.0,0.35,0,-2.1952049972997045,-1.0127039075235318,0.31120161087751086,False,-12.908783717501832,3.9892027911726653,4.3921875203523086e-07,
zipf,5.0,14,2016,true,79,0.8618312291520848,11,1.9794373700100953,43,0.5443037974683544,0.31,0,-1.1671498988236646,-0.9374830142139378,0.3485101570354041,False,1.4577817578735623,1.6102848611019784,2.5146675852738554e-09,
zipf,5.0,14,2017,discovered,259,0.9596811389620135,1,1.7838797322164348,259,1.0,0.57,0,-0.28606949040252516,-0.17700257603696826,0.8595063661441705,False,-72.12225366536556,8.744609063168154,0.0010419793717346693,
zipf,5.0,14,2017,true,79,0.8941496099657714,23,2.1298899644560185,23,0.2911392405063291,0.38,0,-0.22790808285554576,-0.46854894590886914,0.639392077335303,False,0.22885024077803653,1.9746747501794928,1.574483121657977e-08,
zipf,5.0,15,2010,discovered,63,0.9610376087876795,1,1.8829168427917162,63,1.0,0.78,0,-0.3827739314671541,-0.4382576411756149,0.6611995283466043,False,-25.93121581456476,5.013838596255923,1.5875615702043433e-06,
zipf,5.0,15,2010,true,30,0.9327037622566127,3,2.0426443626994475,22,0.7333333333333333,0.38,0,-0.12861429243413625,-0.3751272200536339,0.7075658540617193,False,-7.735908986089369,3.0368644089807098,5.627214250125689e-10,
zipf,5.0,15,2011,discovered,119,0.9456200722117731,1,1.971481106923519,119,1.0,0.59,0,-0.17351967619820718,-0.19161422847927773,0.8480443963247064,False,-86365.63259828923,266.273062994152,2.5020764041983057e-05,
zipf,5.0,15,2011,true,44,0.9098621618232097,7,2.0251517953295246,21,0.4772727272727273,0.05,0,-0.40600107307553235,-0.5601003300073032,0.5754110053676875,False,0.4274147243285414,1.7133908599593846,1.521868853160413e-09,
zipf,5.0,15,2012,discovered,155,0.9477709608227272,1,1.9428631943600514,155,1.0,0.11,0,-0.3855991497561355,-0.3394085965752934,0.7343019434159965,False,-62.653722238770804,7.382886313943979,1.2937562132719904e-10,
zipf,5.0,15,2012,true,59,0.9209726768034853,7,2.1251419659915345,30,0.5084745762711864,0.95,0,-0.12912500105138758,-0.3116586590990778,0.7552999493510019,False,-4.770130736982404,2.6648296130787053,3.513764568197075e-08,
zipf,5.0,15,2013,discovered,137,0.9369222620563792,1,1.9890952519920582,137,1.0,0.67,0,-0.8658667951720478,-0.7277867346134098,0.4667441461247286,False,-12.31198826202753,3.3432016738177603,5.376335820983513e-09,
zipf,5.0,15,2013,true,48,0.8781528078682099,7,2.044836645106999,26,0.5416666666666666,0.27,0,-0.8107778031873902,-0.8330323282387452,0.40482649703325146,False,1.2310958372795233,1.435328550101517,5.147171577846166e-11,
zipf,5.0,15,2014,discovered,228,0.9454736034227256,1,1.7563193844902556,228,1.0,0.15,0,-3.507109403575612,-1.4625351432433722,0.1435946212918002,False,-5.700914768837135,2.8622748175377466,1.6016315385058988e-08,
zipf,5.0,15,2014,true,76,0.9043003910016224,15,2.269953427039794,27,0.35526315789473684,0.89,0,-0.03869866787904197,-0.19441256785430044,0.8458528499360578,False,-9.341253227318127,3.2328310470935415,2.542716970310721e-07,
zipf,5.0,15,2015,discovered,398,0.94478585483544,1,1.8274017962744489,398,1.0,0.03,0,1.7065330202673827,0.9775966444749198,0.3282738576030524,False,-192235.40543954066,432.9249185480515,0.0005531227552637574,
zipf,5.0,15,2015,true,95,0.8199741339023461,21,2.085865224858779,42,0.4421052631578947,0.26,0,-0.7192303842997454,-0.7237312729550885,0.469230729892125,False,1.4021678631246366,1.7065193202603341,1.5484147297684103e-10,
zipf,5.0,15,2016,discovered,256,0.9456696054502152,1,1.7306462751802154,256,1.0,0.0,0,-0.3728947118832977,-0.1943836035676638,0.8458755275193237,False,-22.730087247143537,5.260804291006889,2.613343212942709e-07,
zipf,5.0,15,2016,true,79,0.9058116524613034,16,2.125752047221491,31,0.3924050632911392,0.62,0,-0.14219596053334893,-0.331821777948535,0.7400238386921271,False,-2.8237325361700982,2.508136750843299,1.4591134345209866e-07,
zipf,5.0,15,2017,discovered,247,0.9362979832824313,1,1.7014795028416814,247,1.0,0.01,0,-2.051626344660189,-0.86813163134913,0.3853222765623521,False,-9.177875527786192,3.6289571378376237,5.595893526333384e-09,
zipf,5.0,15,2017,true,73,0.8922941273440169,15,2.1311994999875803,33,0.4520547945205479,0.67,0,-0.03935194932730157,-0.18096524235054037,0.8563948581185593,False,-13.26208308260466,3.9134173567364465,4.83604128476145e-06,
zipf,5.0,16,2010,discovered,67,0.8563454495770904,1,2.0894724325677014,67,1.0,0.02,0,0.5388652680391117,1.1697524708853586,0.24210059568691567,False,-383946.58150306495,529.7605669254863,0.00015381904904643307,
zipf,5.0,16,2010,true,28,0.9439135327756976,8,2.206884681058728,10,0.35714285714285715,0.72,0,-0.22842274794991235,-0.4763475297322131,0.6338268091984263,False,1.0186672741546017,1.3891582296468252,1.694218099146383e-10,
zipf,5.0,16,2011,discovered,90,0.9030625466276117,1,1.8625784959416514,90,1.0,0.02,0,1.0253765330694957,1.3666406262595197,0.17173797657850864,False,-294280.8520403962,524.5941132544067,0.0002368189771004836,
zipf,5.0,16,2011,true,42,0.8607765019743883,11,2.612217297211354,18,0.42857142857142855,0.99,0,-0.01617065069373602,-0.1026959156544719,0.9182043153420155,False,-9.676268859155277,2.825378970481449,8.094121994872694e-08,
zipf,5.0,16,2012,discovered,176,0.9326501720802766,1,1.939775130276778,176,1.0,0.0,0,-0.044938102877874364,-0.03760936965369656,0.9699991373052606,False,-41.896250344314126,6.089666765230021,4.245261789037613e-05,
zipf,5.0,16,2012,true,64,0.9169836277049003,7,2.1521035714046013,31,0.484375,0.65,0,-0.23597425166718544,-0.463029844122662,0.643342975357382,False,-2.2373547168682775,2.1806715800063903,7.664425538678188e-09,
zipf,5.0,16,2013,discovered,139,0.9288205779702069,1,1.938088969335084,139,1.0,0.01,0,-1.1828853834160844,-0.8174997084309058,0.41364291584347057,False,-7.974870699082228,2.858107772382982,3.5296920941618737e-10,
zipf,5.0,16,2013,true,55,0.8952550062546362,6,2.1241342132569336,32,0.5818181818181818,0.71,0,-0.27256166534861404,-0.5474360622400597,0.584079185569808,False,-2.2129027522502462,2.1707061185161955,6.935806595720351e-09,
zipf,5.0,16,2014,discovered,250,0.9514608437938701,1,1.7981081789869877,250,1.0,0.03,0,-4.860047413980208,-1.7627547846433422,0.07794185640257484,False,-4.29470657089335,2.4861369373149373,2.952015165647026e-08,
zipf,5.0,16,2014,true,76,0.9109019859487743,18,2.3243337374679025,25,0.32894736842105265,0.33,0,0.016058086094584034,0.4954229434664448,0.6203016025897585,False,-98944.11733213099,271.2405812369162,6.483899232989643e-05,
zipf,5.0,16,2015,discovered,364,0.933869893967837,1,1.7251152461284949,364,1.0,0.0,0,-1.9163945399439797,-0.7788974179731539,0.43604014506302724,False,-13.747159460012872,4.218269010353533,1.0809503692144062e-07,
zipf,5.0,16,2015,true,91,0.8653494249368713,16,2.1747035750948607,51,0.5604395604395604,0.95,0,-0.011855946707138632,-0.0755291341926196,0.9397937180001479,False,-32.528337621951316,5.5604742742802715,0.0004642811259714108,
zipf,5.0,16,2016,discovered,271,0.9511151652210535,1,1.7996921322087855,271,1.0,0.17,0,1.0720820366890855,0.7262760925297602,0.46766953247359233,False,-184942.0675017102,432.3878189797741,0.0003286631263108575,
zipf,5.0,16,2016,true,79,0.838190207109054,12,2.051506939587726,44,0.5569620253164557,0.6,0,-0.7073117903389878,-0.7172782501777513,0.4732024247739448,False,0.5128794818777487,1.8252368664083451,1.0491817192814779e-08,
zipf,5.0,16,2017,discovered,322,0.9308373944663655,1,1.7851227265512464,322,1.0,0.02,0,-0.6296753896980114,-0.30683979039937875,0.7589653198513524,False,-19.6812348042531,4.7241332236842535,1.7577269773028092e-07,
zipf,5.0,16,2017,true,91,0.8877793842164917,23,2.2929524777910952,32,0.3516483516483517,0.34,0,0.021804858488192025,0.7506531480352037,0.4528614264711416,False,-105183.0973767933,283.54019366973193,0.0001030701305353432,
zipf,5.0,17,2010,discovered,70,0.8911339188587283,4,3.1860841444868244,23,0.32857142857142857,0.55,0,0.028811083077407318,0.25200207631552046,0.8010394589175988,False,-268225.6324539072,336.51319485117847,7.679873669985682e-05,
zipf,5.0,17,2010,true,32,0.8664828955963846,5,2.473796732523927,22,0.6875,0.89,0,0.04860755702616304,0.484608585038027,0.6279540227234124,False,-140370.9707445355,299.8376524773202,7.839747013349552e-05,
zipf,5.0,17,2011,discovered,93,0.9186200714617917,1,1.7991376056595036,93,1.0,0.0,0,-3.4143633424364506,-1.5535707449007823,0.12028684211238588,False,-1.2733848763696167,1.7365621848310946,1.8104628907167353e-11,
zipf,5.0,17,2011,true,39,0.892444944985435,4,2.012584981057539,31,0.7948717948717948,0.25,0,-0.6424971985510455,-0.7189848623746535,0.47215024671607764,False,-0.3599683982735745,1.7574130146432454,3.136477744192234e-10,
zipf,5.0,17,2012,discovered,176,0.9377400591401434,1,1.8590709424266512,176,1.0,0.18,0,-2.8561744753618967,-1.4165477147144816,0.15661520440816287,False,-4.470324355580329,2.4024003880540947,3.308684881631052e-09,
zipf,5.0,17,2012,true,65,0.8764313612314586,8,2.1849864040530242,35,0.5384615384615384,0.39,0,-0.4164364150307489,-0.5573808247089226,0.5772672638760383,False,-0.5781854048358421,1.8280834568841844,4.62335947304382e-10,
zipf,5.0,17,2013,discovered,126,0.9249176911533881,1,1.7972453667154262,126,1.0,0.03,0,-1.0370739391444865,-0.6550795480309202,0.5124165391289643,False,-7.5955083258690355,3.098950741247638,4.4594230530492496e-09,
zipf,5.0,17,2013,true,51,0.9021760475734167,12,2.462535293072732,20,0.39215686274509803,0.67,0,0.018422784734320352,0.4708223438324748,0.6377676070701785,False,-97580.03794922828,255.20386122692716,3.281894987594569e-05,
zipf,5.0,17,2014,discovered,176,0.9125984318357178,5,2.1527428447421073,66,0.375,0.2,0,-1.9020964931350084,-1.2265954965741466,0.21997466267608412,False,0.8061761981216472,1.3352295713881424,1.233502189279534e-11,
zipf,5.0,17,2014,true,63,0.8788344534530982,7,2.050000858767002,42,0.6666666666666666,0.28,0,-0.6874331602567167,-0.6727739857779976,0.5010910901561789,False,-0.04975972420548172,1.8132331317808876,3.650654889497673e-09,
zipf,5.0,17,2015,discovered,355,0.9520547684776286,1,1.7390727348976278,355,1.0,0.07,0,0.7177737267639905,0.38477022076267386,0.7004076640726433,False,-148.81044791074862,12.883357472055346,0.004394789794105236,
zipf,5.0,17,2015,true,91,0.8828702019948537,14,1.9903358754273985,52,0.5714285714285714,0.47,0,-1.061559618950215,-0.9464522368218166,0.34391797283124237,False,1.1696901508843585,1.7681021538099944,4.1737280298548285e-10,
zipf,5.0,17,2016,discovered,253,0.9440176210439382,1,1.7014517195243415,253,1.0,0.0,0,-1.1442884077389337,-0.5318770660385796,0.5948111422897742,False,-15.072031493315748,4.4805209368374515,1.0235226000077091e-09,
zipf,5.0,17,2016,true,76,0.8703861319649993,21,2.2581787634279173,25,0.32894736842105265,0.49,0,-0.07404377550555363,-0.2537804873766792,0.799665148862386,False,-3.9420087166613147,2.574283762683292,3.846871265977825e-08,
zipf,5.0,17,2017,discovered,297,0.9486698518301989,1,1.749112858343412,297,1.0,0.03,0,0.3287506488717469,0.18303031413816925,0.8547742331308883,False,-55.8032821008168,7.922574720289006,8.2928415281458e-05,
zipf,5.0,17,2017,true,90,0.8759952282309715,11,2.0885524733992122,54,0.6,0.99,0,-0.22595590114169406,-0.45072886176501503,0.6521849781633171,False,-4.396996889883223,2.7536920531931575,1.357253154310456e-08,
zipf,5.0,18,2010,discovered,69,0.9284320419317458,1,1.9427667853634951,69,1.0,0.3,0,0.24025412940564073,0.40189903269036487,0.6877583346551948,False,-187512.1217374969,398.980120715816,6.808339730923763e-05,
zipf,5.0,18,2010,true,34,0.8561588251631246,7,2.253215593630896,15,0.4411764705882353,0.34,0,-1.4015936665465132,-1.13161983345001,0.25779429806358733,False,2.332838346859126,0.7529775045557338,1.2079226507921703e-13,
zipf,5.0,18,2011,discovered,106,0.9312342110308078,1,1.920164660680537,106,1.0,0.15,0,1.0257180689179053,1.2163413254252795,0.22385492525927253,False,-406600.29133595596,595.8289187492072,0.0005529498812393285,
zipf,5.0,18,2011,true,45,0.9128058999743421,6,2.0393518623240587,23,0.5111111111111111,0.35,0,-0.5884584165286171,-0.7392017515460433,0.45978449741637817,False,0.7245525490806964,1.5511825831886685,9.826806035562186e-11,
zipf,5.0,18,2012,discovered,166,0.924678515679702,1,1.8244507385393578,166,1.0,0.0,0,-0.93423635491075,-0.552761014905228,0.580427066943632,False,-9.81550901578011,3.3761332482796975,1.1936094779230189e-08,
zipf,5.0,18,2012,true,65,0.8909370508318281,8,2.2039810689776225,29,0.4461538461538462,0.93,0,-0.12195197141257541,-0.31989324359970206,0.7490492598047032,False,-4.396697599836672,2.5280846025256625,3.2923281878538546e-09,
zipf,5.0,18,2013,discovered,128,0.9480855704616825,3,2.1356128561000736,56,0.4375,0.25,0,-0.9296074299897201,-0.7973126504360578,0.4252694751123458,False,-1.0677619797517912,1.6974629633310347,3.192326403222978e-10,
zipf,5.0,18,2013,true,47,0.9546073439287582,4,1.9737821468261068,35,0.7446808510638298,0.44,0,-0.054668386550012826,-0.11775588275604239,0.906261086716621,False,-9.168646594829681,3.455830417381927,2.027713179586499e-07,
zipf,5.0,18,2014,discovered,182,0.9333822227568794,1,1.7644355276501038,182,1.0,0.0,0,1.0838811552981484,0.8835301069006827,0.3769499232543293,False,-754.0073800208297,28.330321507163642,0.0001430092466989663,
zipf,5.0,18,2014,true,67,0.8554168017706615,9,2.055169277230857,37,0.5522388059701493,0.34,0,-1.3893934067852154,-1.0309923497257838,0.3025444073638508,False,1.7895577621542886,1.3216031725493569,4.402522790769581e-11,
zipf,5.0,18,2015,discovered,386,0.948155143197171,1,1.7570134008195646,386,1.0,0.06,0,-2.3810237202007407,-0.9475287524743783,0.3433694120973504,False,-14.341867325276624,4.1861497988062295,2.2788526621297933e-09,
zipf,5.0,18,2015,true,96,0.8917088821942722,39,2.3246073981050506,21,0.21875,0.98,0,-0.007952106873955422,-0.08670744057688438,0.930904061970383,False,-19.794097698571335,4.321325967693593,5.7439569147277325e-05,
zipf,5.0,18,2016,discovered,292,0.9440015095045311,1,1.811478297563666,292,1.0,0.31,0,1.98776347137858,1.3263143307956078,0.18473560194255934,False,-400130.9546595417,631.4656200871486,0.0010424610754853347,
zipf,5.0,18,2016,true,81,0.8586467618028362,19,2.2649682709396983,34,0.41975308641975306,0.78,0,-0.11632978819171758,-0.31754611168980235,0.7508292563858212,False,-3.606902530389075,2.496266283369179,2.129893630353763e-07,
zipf,5.0,18,2017,discovered,302,0.913292581884987,1,1.729425897027159,302,1.0,0.0,0,-0.9024585390399551,-0.3950498280962223,0.6928061149199325,False,-12.276122524189976,4.004548409795356,5.063384378445335e-09,
zipf,5.0,18,2017,true,83,0.81956200510446,14,2.2267143282598445,47,0.5662650602409639,0.9,0,-0.1462220034798225,-0.34935632552175117,0.7268218173024624,False,-4.755257777180557,2.66502298921055,3.2647739089952665e-07,
zipf,5.0,19,2010,discovered,63,0.9115268614556478,1,1.9670030090644073,63,1.0,0.07,0,-3.5628269910334223,-1.7054212183193052,0.0881158938245748,False,-0.15630126192872534,1.1148228756526195,3.552713678800501e-13,
zipf,5.0,19,2010,true,32,0.9056945586362377,7,2.4223266238417276,14,0.4375,0.39,0,0.0013741364481822949,0.019725731805497058,0.9842621637589452,False,-167.46177980031644,10.730385163984133,0.00010602975390838765,
zipf,5.0,19,2011,discovered,101,0.9479782651847017,1,1.8531650590505226,101,1.0,0.33,0,-1.425091754823448,-1.0290817388830649,0.30344126647514724,False,-6.188095412651606,2.7320309904164506,1.0166445463255513e-10,
zipf,5.0,19,2011,true,37,0.8934163570513212,2,1.6438414281462863,32,0.8648648648648649,0.12,0,-2.3704010057382003,-1.293384195266223,0.19587821361567048,False,0.948345286244088,1.6290780659624202,4.1154635255225e-11,
zipf,5.0,19,2012,discovered,143,0.9595434497641738,1,1.751548573436085,143,1.0,0.6,0,-0.5447862845619582,-0.38086610184246367,0.7033026069004551,False,-22.424085578819344,5.140975875454659,2.660340214788448e-08,
zipf,5.0,19,2012,true,51,0.9005831820917187,5,1.9322111921630785,39,0.7647058823529411,0.85,0,-0.3932364594011384,-0.5272663728305407,0.5980086226850791,False,-2.3275854898966886,2.42542394012325,1.0032294994744007e-09,
zipf,5.0,19,2013,discovered,136,0.905031620918646,1,1.8662434185427896,136,1.0,0.02,0,1.0524319739356645,1.1956221917493608,0.23184402738785082,False,-254413.91776470444,486.3735239601083,0.00022521450318890857,
zipf,5.0,19,2013,true,60,0.9071241551691056,16,2.758708899420763,13,0.21666666666666667,0.56,0,0.014136906859653742,0.6712000309561292,0.5020931089590921,False,-149178.84729149478,288.4725315037616,5.27985848748358e-05,
zipf,5.0,19,2014,discovered,245,0.9411129930383815,1,1.7890984995136523,245,1.0,0.05,0,0.8301837170448092,0.5877707236784834,0.5566861972763812,False,-313.43804208211736,17.98399190676364,0.0011140478929974051,
zipf,5.0,19,2014,true,79,0.8504135936664777,9,1.9771783483601804,45,0.569620253164557,0.25,0,-1.3092361681327427,-1.004950100152438,0.31492087832566495,False,1.3793351445439708,1.5655207667900357,9.941913958755322e-11,
zipf,5.0,19,2015,discovered,357,0.9165911660067162,8,2.1503702798429756,95,0.2661064425770308,0.14,0,-2.9924460919758626,-1.6443288471581319,0.10010829372720273,False,1.4879871606706447,1.2872776842567264,8.731149137020111e-11,
zipf,5.0,19,2015,true,89,0.898390098960287,10,1.9138828503809893,64,0.7191011235955056,0.28,0,-0.8090279326515484,-0.8000073456019667,0.423706541261619,False,-0.7214838250597421,2.287298996152716,8.098538728518179e-09,
zipf,5.0,19,2016,discovered,272,0.9344695573504936,1,1.7608453303000793,272,1.0,0.03,0,-5.55979965451435,-1.8764842754238893,0.060588811924311134,False,-3.735523354136581,2.448044347305516,1.3363887774175964e-09,
zipf,5.0,19,2016,true,79,0.8955548709926533,18,2.1689858879222097,26,0.3291139240506329,0.95,0,-0.06451281720175306,-0.24028993894962017,0.8101054941192467,False,-5.791012307430482,2.940837556617287,7.692955250604427e-08,
zipf,5.0,19,2017,discovered,268,0.9192508012169591,21,3.3408257337033316,26,0.09701492537313433,0.88,0,-0.062740201893142,-0.23426451063976778,0.8147796357837219,False,-1.3341760925194035,1.4735825469658363,1.2915535307911341e-09,
zipf,5.0,19,2017,true,79,0.8646733774377391,16,2.2346379690885603,36,0.45569620253164556,0.29,0,-0.07894605723753934,-0.30493834184612356,0.7604131130172996,False,-8.222968388230747,3.154857365412409,5.343414954950276e-08,
zipf,5.0,20,2010,discovered,55,0.8997816550049628,1,1.9708760202337587,55,1.0,0.15,0,-0.6677398003974235,-0.6574694128930292,0.5108791321208912,False,-4.247083462870458,2.177429115811904,3.7491076909645926e-10,
zipf,5.0,20,2010,true,29,0.8388197757157231,10,3.041975661956011,11,0.3793103448275862,0.26,0,0.013578819810650344,0.5520750720705703,0.5808969200373082,False,-177097.0252952366,289.7779350120069,4.671894566854462e-05,
zipf,5.0,20,2011,discovered,100,0.909843216166508,1,1.9107587347675943,100,1.0,0.06,0,-0.3132817689652685,-0.30402476592374095,0.7611090231910973,False,-13.025047321495556,3.598429412613407,5.124826429891982e-08,
zipf,5.0,20,2011,true,42,0.8174782045861366,8,2.4890201994943615,23,0.5476190476190477,0.94,0,-0.16027986020534346,-0.3444608359796413,0.730499744260525,False,-1.4684486650570836,1.748050566981264,8.15987277746899e-11,
zipf,5.0,20,2012,discovered,148,0.9439862107721606,1,1.812059337925809,148,1.0,0.22,0,-0.9928987556615052,-0.6465342172139097,0.5179334447362327,False,-11.221552230724276,3.6067513727803515,4.446206958164112e-08,
zipf,5.0,20,2012,true,58,0.8903507510928652,8,2.0246452919450397,29,0.5,0.75,0,-0.5946165148692377,-0.6797384508084523,0.496670084871336,False,0.6142143540701057,1.703902788063191,4.1228531699744053e-10,
zipf,5.0,20,2013,discovered,135,0.9403467893440184,1,1.9336403345012942,135,1.0,0.35,0,0.7563742319335005,0.767973560518613,0.4425028928168595,False,-452465.19164733926,623.2127040581208,0.00047764945702510886,
zipf,5.0,20,2013,true,49,0.8995200209919874,4,1.8487396438344919,35,0.7142857142857143,0.08,0,-0.8398397794749557,-0.7380121968317225,0.46050703744098564,False,-0.08770334257497646,1.9286845328199231,3.7776715089421486e-10,
zipf,5.0,20,2014,discovered,217,0.9480525832187374,1,1.8881472193281226,217,1.0,0.21,0,-0.3829968492068412,-0.2752897439319388,0.7830936433391169,False,-41.820034213834326,6.274121405299075,1.4994159528214368e-05,
zipf,5.0,20,2014,true,71,0.9202628000051642,9,2.144301493534631,45,0.6338028169014085,0.53,0,-0.15291169117169634,-0.33009813301086016,0.7413258138836367,False,-6.136298430730382,2.900551141082053,6.214170866769564e-08,
zipf,5.0,20,2015,discovered,346,0.9291181818819532,1,1.7445584006948078,346,1.0,0.0,0,-1.1555758588615284,-0.4950105879450927,0.6205926466637284,False,-14.519253210867607,4.253373383852803,1.2671353033510968e-07,
zipf,5.0,20,2015,true,93,0.868157167638969,17,2.1594796263818923,42,0.45161290322580644,0.64,0,-0.12989331020092454,-0.3526119884300874,0.7243793487387916,False,-5.249438515550777,2.8648926346506784,1.455856875054451e-07,
zipf,5.0,20,2016,discovered,253,0.9482081234722141,14,2.3979284386026105,33,0.13043478260869565,0.83,0,-0.0259242437475935,-0.1286503974604695,0.8976342862181943,False,-13.922274517976925,3.542716105017991,1.243368615178042e-06,
zipf,5.0,20,2016,true,80,0.9112797076971274,16,2.0588992315457495,27,0.3375,0.21,0,-0.40352449946794433,-0.634558149475242,0.5257166303791753,False,0.7154378442529926,1.8458806747716567,3.396252168386127e-10,
zipf,5.0,20,2017,discovered,289,0.9497053577874297,1,1.753022294967779,289,1.0,0.02,0,-2.166431479809578,-0.9321943382407354,0.3512361009288658,False,-12.105143799393616,3.9001611989509257,6.764832960470812e-08,
zipf,5.0,20,2017,true,82,0.8925638005604666,10,2.0882246186927453,51,0.6219512195121951,0.28,0,-0.09317817489566238,-0.2977096808760607,0.7659247540242272,False,-12.489488923043064,3.8429674990001677,1.3695617155917716e-06,
zipf,5.0,21,2010,discovered,74,0.9097562371796767,1,2.019391129060255,74,1.0,0.01,0,0.2913943169246876,0.51044229971636,0.60974162875433,False,-219509.54877546884,414.3681538511523,7.683286094106734e-05,
zipf,5.0,21,2010,true,30,0.791325971729169,9,3.0579826064602087,14,0.4666666666666667,0.69,0,0.0033228370397075935,0.043589535394795514,0.9652315933156723,False,-21.563081294196415,3.4003646573000332,5.606347258435562e-06,
zipf,5.0,21,2011,discovered,124,0.9052020735268518,1,1.924766077579925,124,1.0,0.04,0,0.5003679305186022,0.6089545327625837,0.5425545765112416,False,-259.14187267727374,15.03413585887217,0.0005776227265243961,
zipf,5.0,21,2011,true,46,0.8468088807226677,12,2.4992122764482976,14,0.30434782608695654,0.62,0,-0.03177713558075279,-0.14659641353123534,0.8834505846864041,False,-4.959485728610323,2.3750068264021187,6.614563119455852e-08,
zipf,5.0,21,2012,discovered,121,0.9025102984965276,1,1.7723877316338426,121,1.0,0.0,0,1.276065858709193,1.381515712144022,0.1671204501686715,False,-159796.839261702,409.9345369488106,0.00012864352902397513,
zipf,5.0,21,2012,true,46,0.7934467450018515,8,2.0248567682374423,27,0.5869565217391305,0.16,0,-2.1402197624472934,-1.2270366753392243,0.2198088066742,False,2.4380140054876116,0.9994954489186804,8.355982572538778e-12,
zipf,5.0,21,2013,discovered,151,0.9347014981639125,1,1.801285303186559,151,1.0,0.0,0,-2.1705146956333348,-1.121156059023457,0.2622214399703561,False,-5.154609101987205,2.6532422381709315,5.525009783013957e-09,
zipf,5.0,21,2013,true,56,0.9098497985680738,13,2.32838979034049,17,0.30357142857142855,0.69,0,-0.2439288188000548,-0.4645068772548962,0.642284633428703,False,0.8552385652767129,1.483519704437412,4.062883363076253e-11,
zipf,5.0,21,2014,discovered,206,0.9308340537265706,1,1.6773574971738106,206,1.0,0.01,0,-1.8721758365704346,-0.8290424509500219,0.4070803864339879,False,-8.109057930772659,3.5308312654082306,8.924132544052554e-09,
zipf,5.0,21,2014,true,71,0.8534703480743295,15,2.4487434904170926,31,0.43661971830985913,0.65,0,-0.13223428972657292,-0.353164764061095,0.7239649222035522,False,-2.3643891969761435,2.068550732535771,1.6545840253456845e-09,
zipf,5.0,21,2015,discovered,351,0.9414102410079724,10,2.2794794872584205,68,0.19373219373219372,0.47,0,-0.021388968032125533,-0.09098334067868646,0.9275058283602123,False,-22.801936880783497,4.494819830732,6.224625138884221e-05,
zipf,5.0,21,2015,true,90,0.8793250539426658,10,1.9367011748134135,61,0.6777777777777778,0.36,0,-0.8175650805349375,-0.7680934252683058,0.4424316826967094,False,-0.4261464153231088,2.176978611463153,1.04793116406654e-08,
zipf,5.0,21,2016,discovered,266,0.9457044372456116,1,1.7348386525083532,266,1.0,0.01,0,-4.48208365857451,-1.5938820789062915,0.11096244906817947,False,-5.195946463679185,2.8183366566048775,8.161123332683928e-09,
zipf,5.0,21,2016,true,83,0.9045790924962736,8,1.9286623796998592,51,0.6144578313253012,0.5,0,-0.9847235849922402,-0.9447400819579891,0.3447915885488133,False,0.2297256626998453,1.9485477715494945,1.9892354430339765e-10,
zipf,5.0,21,2017,discovered,241,0.9575982610372632,1,1.6624308496308708,241,1.0,0.25,0,-3.0434364348510723,-1.23519346576549,0.21675851053770057,False,-8.885028075852704,3.712089116509451,4.7421508497791365e-08,
zipf,5.0,21,2017,true,71,0.9250712966524197,29,2.168733215880151,15,0.2112676056338028,0.25,0,0.0026862286994440154,0.05102702010854698,0.9593039896562974,False,-43.15190052406997,6.391819242188292,0.0009351428469415168,
zipf,5.0,22,2010,discovered,63,0.9138728381804262,1,1.955084083727892,63,1.0,0.05,0,-0.17593208210637679,-0.22298876644000679,0.8235442494835988,False,-12.959775511941706,3.4926669579386247,3.6312712836661376e-09,
zipf,5.0,22,2010,true,29,0.8254506596947729,9,2.871767667204928,11,0.3793103448275862,0.79,0,0.017250371053951774,0.4451455294794166,0.6562145878745265,False,-176921.57428759296,302.1413386196631,4.2646914153010584e-05,
zipf,5.0,22,2011,discovered,141,0.9050443488785727,1,2.217867921207462,141,1.0,0.6,0,0.17340554931073848,0.2485136938446159,0.8037369761891933,False,-113554.70319216372,271.713580734651,0.00012114694618503563,
zipf,5.0,22,2011,true,55,0.9216999403648207,9,2.3632667105119394,21,0.38181818181818183,0.98,0,-0.07263352381596366,-0.28078336415651683,0.778876564019081,False,-4.408035984580554,2.373506218715482,5.806413128084387e-10,
zipf,5.0,22,2012,discovered,137,0.9538752992340451,1,1.8804825117524928,137,1.0,0.81,0,-0.6579044545040222,-0.5409665332491695,0.5885306503254093,False,-21.289178688468187,4.5828062460219705,2.3189784315036377e-08,
zipf,5.0,22,2012,true,53,0.9127235685923654,16,2.4264965512214434,15,0.2830188679245283,0.86,0,-0.10219140284801131,-0.30999900854261675,0.7565617103125307,False,-0.5587985988387068,1.77460281491484,1.9859101030306192e-09,
zipf,5.0,22,2013,discovered,137,0.922864221182424,1,1.8700925928191539,137,1.0,0.16,0,-2.1185073284160456,-1.2153912106810454,0.22421691867937832,False,-4.252315323000655,2.339528088066756,3.817035576503258e-10,
zipf,5.0,22,2013,true,51,0.8996883012399328,12,2.5710854014950093,17,0.3333333333333333,0.55,0,0.021063975564973525,0.5199048631267335,0.6031298857100923,False,-66945.80753652513,203.90279952870483,6.038919491402339e-05,
zipf,5.0,22,2014,discovered,187,0.9598763570345605,1,1.6963274223444034,187,1.0,0.07,0,-3.4078220179964838,-1.3537846375802305,0.1758050962352944,False,-5.8960679591600185,3.061045453720035,4.766445727000246e-08,
zipf,5.0,22,2014,true,72,0.9313672704390118,5,1.8479144498425941,50,0.6944444444444444,0.31,0,-1.22875537218433,-0.9606054519080751,0.33675058639812294,False,0.06904436853946554,1.9668770303208023,1.252431047760183e-09,
zipf,5.0,22,2015,discovered,334,0.9280146765322288,1,1.6781824171726913,334,1.0,0.0,0,0.8208458356922783,0.3860794346204717,0.6994378401178208,False,-30.78615394322848,6.322931031593933,4.460535410544253e-05,
zipf,5.0,22,2015,true,83,0.836800989466932,26,2.3145132415585263,35,0.42168674698795183,0.42,0,-0.011609042721840268,-0.1003836593332376,0.920039742196878,False,-24.03377332341654,4.6520710421344695,0.0005644053970286222,
zipf,5.0,22,2016,discovered,260,0.9428089284987063,1,1.7025144683558424,260,1.0,0.01,0,-3.2066478353578027,-1.2196352891086462,0.22260316256395907,False,-7.11165312263304,3.2724558350411415,1.1401652955100872e-09,
zipf,5.0,22,2016,true,79,0.8749380182282923,20,2.280096803194779,30,0.379746835443038,0.82,0,-0.20937862466373414,-0.42861977125211753,0.6681999548063138,False,-0.5732331571323406,1.9544107223361495,4.69091787635989e-09,
zipf,5.0,22,2017,discovered,226,0.943140199950721,1,1.6999832482649475,226,1.0,0.03,0,-0.30653307277159314,-0.17548240598862036,0.8607005942602947,False,-25.62085400828395,5.698480066602211,1.0726232630986487e-06,
zipf,5.0,22,2017,true,78,0.8712454925298099,19,2.2652034791478446,30,0.38461538461538464,0.98,0,-0.14347908865504255,-0.37194396286024073,0.7099345718999841,False,-2.114264875544052,2.2479776413980703,2.2894369067216758e-08,
zipf,5.0,23,2010,discovered,61,0.9206084754610111,1,1.8827315566860914,61,1.0,0.14,0,-0.9581985299547582,-0.7462909667738852,0.45549166703158894,False,-3.971693934632687,2.260528088798914,9.784599797058036e-10,
zipf,5.0,23,2010,true,28,0.9023071261217276,5,2.0474361811962836,16,0.5714285714285714,0.28,0,-0.601333910840173,-0.8536141076236929,0.39331883918848876,False,1.1290833982192447,1.3304053293023566,1.0835066177605768e-10,
zipf,5.0,23,2011,discovered,113,0.9398097299092248,1,1.87493513874827,113,1.0,0.0,0,-1.635186009839869,-0.9975557976333165,0.3184948042599549,False,-4.815500313369561,2.4407719830119317,1.17244667308114e-08,
zipf,5.0,23,2011,true,47,0.8993882123405063,8,2.3241667355529634,21,0.44680851063829785,0.56,0,-0.614451026841242,-0.719224621785188,0.4720025311172388,False,1.4693989543693438,1.1498136413193039,6.764366844436154e-12,
zipf,5.0,23,2012,discovered,168,0.9370412342139436,1,1.864385401177967,168,1.0,0.2,0,-1.1377329396356437,-0.7171032511627031,0.4733103898393065,False,-10.819934398439843,3.419476536523804,2.4362520889553707e-09,
zipf,5.0,23,2012,true,60,0.8759709049340062,11,2.392312854162003,25,0.4166666666666667,0.37,0,0.028085272415694362,0.7043464868645938,0.4812170229086483,False,-93462.15539703137,255.77111078585526,2.5016170184244402e-05,
zipf,5.0,23,2013,discovered,107,0.9353180665131497,4,2.282752460196151,36,0.3364485981308411,0.51,0,-0.5437931356301537,-0.680163925435134,0.49640067143206945,False,-0.511419158864637,1.5174250044826993,2.5778490453376435e-11,
zipf,5.0,23,2013,true,40,0.9142245288192011,4,1.8701921904247099,30,0.75,0.53,0,-0.851951606536685,-0.7874899917081098,0.4309950848981232,False,0.216448308716996,1.7952042572794868,1.8758328224066645e-11,
zipf,5.0,23,2014,discovered,173,0.9520065180923067,1,1.7230272086087148,173,1.0,0.06,0,-0.031105330162237266,-0.023088680691304028,0.9815795347806046,False,-59.697872651859754,8.34579334793721,0.0012562025651732256,
zipf,5.0,23,2014,true,66,0.9023477174454613,23,2.5297903344160084,15,0.22727272727272727,0.96,0,0.005830335372600359,0.2783131401292579,0.7807719900774164,False,-50927.48267205112,181.29347068372877,1.4969299627409782e-05,
zipf,5.0,23,2015,discovered,292,0.943003872426664,1,1.631872535732203,292,1.0,0.0,0,-2.0307160227677805,-0.7923544737378168,0.4281540171448117,False,-11.532045852896415,4.260748403375057,4.228045327181462e-07,
zipf,5.0,23,2015,true,87,0.8858264376723849,22,2.0453529760791715,32,0.367816091954023,0.59,0,-0.5773282940360089,-0.7228539116517892,0.4697696414268696,False,1.5077604715334796,1.739022600471507,8.182780675269896e-09,
zipf,5.0,23,2016,discovered,262,0.9368699496192264,1,1.7465553641179263,262,1.0,0.03,0,-1.4733159121437591,-0.6938460071294476,0.4877787868638329,False,-12.483413809346246,3.9745579093494308,1.8356297459831694e-07,
zipf,5.0,23,2016,true,75,0.8807726163908942,10,2.069818999184638,46,0.6133333333333333,0.54,0,-0.24797200854003432,-0.45419741007623454,0.649686746976166,False,-3.5675299466896755,2.6203827088691685,2.052792069662246e-08,
zipf,5.0,23,2017,discovered,237,0.9212589941731016,1,1.6456549941964695,237,1.0,0.01,0,-4.515708277044563,-1.4857926695923347,0.13733396969290942,False,-4.183307262247926,2.8586061010481276,2.5280542104155757e-09,
zipf,5.0,23,2017,true,77,0.8892566148144547,11,2.102783578676527,52,0.6753246753246753,0.32,0,-0.5383060394835062,-0.6371215671835889,0.52404566132187,False,-0.7210771518774749,2.037716516801675,2.930903519882122e-09,
zipf,5.0,24,2010,discovered,58,0.9057219994679866,1,2.122716541952062,58,1.0,0.06,0,-0.2280025011578346,-0.3569905028419877,0.7210989155657026,False,-12.1868576654181,3.097239982462687,1.106383251681109e-08,
zipf,5.0,24,2010,true,27,0.960073455861163,5,2.0436033745987863,14,0.5185185185185185,0.93,0,-0.044417142822159805,-0.15312285084227778,0.8783013960070587,False,-5.981742171635044,2.907142937028717,9.273321666114498e-09,
zipf,5.0,24,2011,discovered,97,0.9608763844287471,2,2.1416595961362583,58,0.5979381443298969,0.03,0,0.3248517976508991,0.8721022587642105,0.3831525940264481,False,-206412.77781011732,398.9694702156185,8.004607570910593e-05,
zipf,5.0,24,2011,true,45,0.8837829744594055,10,2.480415454562931,18,0.4,0.7,0,-0.1561331057396549,-0.4673678154391245,0.6402367450922457,False,-0.45521316331988193,1.6057630283804845,3.1765736707711767e-09,
zipf,5.0,24,2012,discovered,162,0.942444543857875,1,1.825526725612575,162,1.0,0.2,0,-0.772804179831347,-0.5217113124397093,0.6018713470816061,False,-14.217510526658033,3.9618025866409705,1.4578688478650292e-08,
zipf,5.0,24,2012,true,58,0.926892577973511,9,2.282240518992206,32,0.5517241379310345,0.27,0,-0.14368878728149603,-0.31475777223785306,0.7529455760459729,False,-3.7402522007725674,2.3546683434338918,1.8002664603500307e-07,
zipf,5.0,24,2013,discovered,86,0.9067476430105312,1,1.683893400991448,86,1.0,0.05,0,-1.553916422570351,-0.8828191646214792,0.3773339841674971,False,-3.7700991043065053,2.6510248277274213,4.699813871411607e-09,
zipf,5.0,24,2013,true,36,0.8762247502083271,14,2.49956910762502,14,0.3888888888888889,0.76,0,0.018830054779710892,0.543228058372981,0.5869727901814212,False,-149674.26585992042,312.6955811138402,7.5546004154603e-05,
zipf,5.0,24,2014,discovered,200,0.9360885751071256,14,2.6528737042195054,26,0.13,0.71,0,0.005354001481712167,0.12602671409131852,0.8997107783768451,False,-14505.53645601366,92.66504031384302,3.4130007406929508e-06,
zipf,5.0,24,2014,true,69,0.8615914938824409,11,2.130461455158217,32,0.463768115942029,0.27,0,-0.5804837689891951,-0.645929671175068,0.5183249028822511,False,0.8917816722508687,1.6048350268924172,7.284484127012547e-11,
zipf,5.0,24,2015,discovered,329,0.9396994797125915,1,1.6572025667470673,329,1.0,0.0,0,-2.35003367235646,-0.8478612801817774,0.3965152303695403,False,-10.505459821270206,3.998554679805807,5.635899924527621e-08,
zipf,5.0,24,2015,true,97,0.8579892119738358,25,2.215381185181177,34,0.35051546391752575,0.78,0,-0.13823043255305567,-0.3497190609226002,0.7265495473658374,False,-2.567106633712403,2.435264803922959,3.06772099634145e-06,
zipf,5.0,24,2016,discovered,212,0.9604890124807279,1,1.6620251765340475,212,1.0,0.03,0,-1.2370316426173993,-0.5983393147575671,0.5496135489302847,False,-15.727956346327222,4.7262646435927635,1.1159613677591551e-08,
zipf,5.0,24,2016,true,75,0.8774235967536833,15,2.161624178240097,31,0.41333333333333333,0.79,0,-0.12882138013053135,-0.33845563254510247,0.7350198563385397,False,-3.5165725011529383,2.565827357566774,6.97417021910951e-08,
zipf,5.0,24,2017,discovered,245,0.9512944481531068,1,1.6757800841580295,245,1.0,0.01,0,-7.1294288445083644,-2.064412491440103,0.03897862311548201,False,-2.9878348480509365,2.479240784922313,1.364355739497114e-09,
zipf,5.0,24,2017,true,78,0.8773912837232679,14,2.1838421576363127,36,0.46153846153846156,0.46,0,0.0024603998216732315,0.022387985673073905,0.9821384639952845,False,-34.244142187161636,5.648649702509622,0.00030406522711246,
zipf,5.0,25,2010,discovered,80,0.9390870795216723,1,1.9955239082978689,80,1.0,0.73,0,-0.6089227574737177,-0.6390642377999504,0.5227811434623346,False,-9.95994772302899,3.0333996628726947,1.2013856576231774e-10,
zipf,5.0,25,2010,true,28,0.9040892454869288,10,3.12652587939658,11,0.39285714285714285,0.47,0,0.013473332249843928,0.4891093063303783,0.6247643131876889,False,-155759.3300584895,266.24906602387836,3.319893039588351e-05,
zipf,5.0,25,2011,discovered,79,0.9496069658383594,1,1.796013744053099,79,1.0,0.02,0,-0.46446741709451533,-0.4041287883530249,0.6861180162394023,False,-12.260378597616334,3.7932260689444495,5.131767011334887e-09,
zipf,5.0,25,2011,true,34,0.9075924941922249,4,1.8020470587757926,23,0.6764705882352942,0.08,0,-2.2816695622985534,-1.4980255242135814,0.13412661906318601,False,1.962348480989062,1.1642970822124428,1.6044054973463062e-11,
zipf,5.0,25,2012,discovered,156,0.9471512966424794,1,1.9380425025016472,156,1.0,0.17,0,-0.4633929506360843,-0.3804585280653621,0.7036050758744242,False,-31.39031114304162,5.307791798995576,6.438028776756255e-09,
zipf,5.0,25,2012,true,56,0.9060484024229224,7,2.0444306897954134,30,0.5357142857142857,0.91,0,-0.6198979565992073,-0.7169191248520851,0.47342400058766587,False,0.47305934060411664,1.6755237371957685,2.3547528371636872e-09,
zipf,5.0,25,2013,discovered,87,0.9132782414439972,17,2.7244922186810787,12,0.13793103448275862,0.69,0,-0.008921357747261993,-0.07396366962643455,0.9410392934861359,False,-7.542732593711618,2.5551671312962925,6.844803834837876e-08,
zipf,5.0,25,2013,true,42,0.8050296687642489,17,2.618350473911143,14,0.3333333333333333,0.85,0,-0.15316853613515669,-0.43044698954901134,0.6668705200913754,False,0.9929093890754578,1.3288483227675407,1.4210854715202004e-11,
zipf,5.0,25,2014,discovered,191,0.9412208851608654,1,1.7674511929778403,191,1.0,0.01,0,-3.0794787071249825,-1.4137834639009303,0.1574254902428477,False,-5.346116286256812,2.7667856597916503,1.547550709801726e-08,
zipf,5.0,25,2014,true,67,0.9042497219529225,9,2.133618984538524,34,0.5074626865671642,0.72,0,-0.11347802682040964,-0.30486625441054466,0.7604680180880008,False,-5.684072107732026,2.8490322859935655,6.661582574452041e-08,
zipf,5.0,25,2015,discovered,323,0.9384118812661845,17,2.2980615041030203,50,0.15479876160990713,0.96,0,-0.15786250244080957,-0.4181877379816542,0.6758098602804316,False,-3.944032218827001,2.4909898530613535,2.514991592761362e-08,
zipf,5.0,25,2015,true,93,0.8624329222281035,20,2.1681289136564166,41,0.44086021505376344,0.95,0,-0.09514326300463027,-0.2861522946334468,0.7747614799656275,False,-6.588137435520634,3.0720808172478167,2.8507905938113254e-06,
zipf,5.0,25,2016,discovered,268,0.9416764965571452,1,1.7444520974988669,268,1.0,0.0,0,-2.226297478498207,-0.9225895669499742,0.3562211346954042,False,-9.22174819005778,3.501945441824362,5.214587872615084e-09,
zipf,5.0,25,2016,true,84,0.9183070227023402,26,2.249073275372279,22,0.2619047619047619,0.81,0,-0.0538880529326029,-0.22399357127188516,0.8227623055353004,False,-4.869552208277241,2.7595466823370574,5.878404181203223e-07,
zipf,5.0,25,2017,discovered,302,0.9319304873920314,1,1.7666954866004079,302,1.0,0.01,0,-2.058422486757788,-0.8724259950261624,0.38297602436679523,False,-10.042924098493994,3.5636894677620834,4.013452326034894e-08,
zipf,5.0,25,2017,true,88,0.8480257680691866,13,2.1736543332177947,45,0.5113636363636364,0.68,0,-0.06519086029655252,-0.1898661528721175,0.8494140160716199,False,-10.089261734740624,3.447647617368498,9.894023378365091e-09,
zipf,5.0,26,2010,discovered,65,0.9425664771498113,1,1.8648067595565438,65,1.0,0.08,0,-0.05012127235473263,-0.06683096508916062,0.9467162719318049,False,-172.32694936112324,12.716920678295086,0.0007965608594133755,
zipf,5.0,26,2010,true,26,0.8883269243365618,3,1.7940387829942903,21,0.8076923076923077,0.18,0,-1.090191980120788,-1.0028221285055725,0.3159466900558877,False,0.9019952179990134,1.5450701917928225,5.724132279283367e-11,
zipf,5.0,26,2011,discovered,119,0.8947383465646742,1,1.9189916532629814,119,1.0,0.0,0,-0.7777563108829787,-0.5934549239870236,0.5528767410079665,False,-7.300749432488285,2.791550330163011,7.182165973063093e-11,
zipf,5.0,26,2011,true,42,0.838278703554579,9,2.539951847739751,18,0.42857142857142855,0.95,0,0.005078107694004963,0.0866451271811314,0.9309535944535968,False,-117584.34155231641,271.7561430803291,3.555380135367159e-05,
zipf,5.0,26,2012,discovered,125,0.9468160558301194,1,1.756258161606879,125,1.0,0.01,0,-1.0590500990057308,-0.679511035387073,0.4968141178289328,False,-10.960598862662625,3.7276403708772845,6.349409886752255e-11,
zipf,5.0,26,2012,true,44,0.8880552541311721,16,2.8666848711676662,17,0.38636363636363635,0.82,0,0.011966810387175286,0.3856654286313791,0.6997444696596091,False,-88501.76671208735,215.60184709430416,6.334979480016045e-05,
zipf,5.0,26,2013,discovered,143,0.9259125506862596,1,1.8641992895410164,143,1.0,0.0,0,-4.45582270498336,-1.783730543689565,0.07446746049259838,False,-1.5970236624758787,1.7251910570212878,6.366462912410498e-12,
zipf,5.0,26,2013,true,48,0.8914735714000805,5,2.150719826178537,36,0.75,0.57,0,-0.26080079682461843,-0.4371586744326424,0.6619962776537884,False,-3.518669443936,2.3367134875942943,1.5735537317596027e-09,
zipf,5.0,26,2014,discovered,229,0.946363328549512,1,1.8221677229170383,229,1.0,0.13,0,-1.8417915256461939,-0.9409097403226515,0.34675111565535266,False,-10.383806442743754,3.4619065768191555,5.691600790669327e-08,
zipf,5.0,26,2014,true,71,0.8504853759982267,14,2.3057743061621716,29,0.4084507042253521,0.28,0,-0.3532989879940245,-0.5710264889728734,0.56798168711644,False,0.48557716256466193,1.6139527416186985,1.4856311736366479e-09,
zipf,5.0,26,2015,discovered,347,0.9312401050025567,1,1.646661697037886,347,1.0,0.0,0,-5.290630789948068,-1.6358935213349237,0.10186187414725455,False,-5.990303998047109,3.2398144617230593,4.856701707467437e-10,
zipf,5.0,26,2015,true,97,0.8783181097509418,36,2.356364832590055,22,0.2268041237113402,0.96,0,-0.005294240166648478,-0.061067167519479985,0.9513057168550711,False,-23.59689802459299,4.574434239566509,0.00024022756927877253,
zipf,5.0,26,2016,discovered,263,0.9372799256442547,1,1.7487987926947541,263,1.0,0.0,0,-0.18457534190871883,-0.0962022683252201,0.9233599293100844,False,-21.655198950592993,5.073401658250225,5.566903382714372e-09,
zipf,5.0,26,2016,true,83,0.8683648838106786,21,2.3698136106748566,28,0.3373493975903614,0.56,0,-0.024926702787624322,-0.1501138906705485,0.8806747609961993,False,-12.085063739743884,3.4484923242347008,3.5862374403450303e-06,
zipf,5.0,26,2017,discovered,307,0.9408109050410473,1,1.784260964229304,307,1.0,0.0,0,0.7504470689354665,0.4320937027786706,0.6656733113255642,False,-70.1346211002969,8.629663293810168,0.0015716011339463876,
zipf,5.0,26,2017,true,86,0.8440164563365349,31,2.3423966121927866,17,0.19767441860465115,0.71,0,0.0011640087494608764,0.024669496798280118,0.9803185857013323,False,-52.643570069007694,6.516859903755216,0.0011733898467696235,
zipf,5.0,27,2010,discovered,65,0.9072296905172219,1,1.9814247319344398,65,1.0,0.26,0,0.8726985828575502,1.520328290286836,0.1284284872626526,False,-474021.6019818995,622.4847249970904,0.000500444198223704,
zipf,5.0,27,2010,true,28,0.9213443316500973,10,2.620253427870872,10,0.35714285714285715,0.88,0,-0.029707111567984334,-0.17337150210070235,0.8623594239123726,False,-3.582213393810066,2.0474996063664683,2.2735235916115926e-09,
zipf,5.0,27,2011,discovered,106,0.929598558039652,1,2.054182367861606,106,1.0,0.3,0,-0.48361585033975385,-0.4681203444925026,0.6396985312423108,False,-14.647017570864383,3.486749942063711,2.5634108169469982e-09,
zipf,5.0,27,2011,true,38,0.923427024482092,4,1.864472194742665,26,0.6842105263157895,0.45,0,-0.47897504043196015,-0.6643082384991592,0.5064930492172433,False,-0.8529436942510731,2.1188488640493173,6.0396132539608516e-12,
zipf,5.0,27,2012,discovered,144,0.9372386870889667,1,1.9153186690632973,144,1.0,0.37,0,0.7853410898900908,0.806830957878042,0.41976388062550896,False,-237535.38986595016,456.2581393071029,0.00032143267526407726,
zipf,5.0,27,2012,true,58,0.9009441567544425,8,2.3298995750230533,28,0.4827586206896552,0.89,0,-0.010043943557299428,-0.09101393850505522,0.927481515699203,False,-76.0931432736163,7.599628544259287,0.0010768167044261645,
zipf,5.0,27,2013,discovered,124,0.9295561295238499,1,1.7799390397627672,124,1.0,0.02,0,-1.1766864417281564,-0.6853956189426634,0.49309430787574704,False,-7.767804300413298,3.1698995104789454,7.887490482971771e-08,
zipf,5.0,27,2013,true,52,0.9260650700141096,5,1.9793935489501098,30,0.5769230769230769,0.46,0,-0.4252347362866469,-0.5603504121114999,0.5752404480024553,False,-1.075929876811505,2.0635733693303107,5.596945129582309e-10,
zipf,5.0,27,2014,discovered,210,0.9480092931773454,1,1.7517407934011433,210,1.0,0.1,0,0.7430229792133192,0.5572406232133279,0.5773630379160717,False,-16769.323843916492,134.57305811336596,2.097449396387674e-06,
zipf,5.0,27,2014,true,74,0.9132605065073667,4,1.796471831277126,57,0.7702702702702703,0.14,0,-2.048540926977644,-1.2434765297133283,0.21369228449565092,False,0.5759436877766851,1.8064167331493326,2.318643055332359e-10,
zipf,5.0,27,2015,discovered,385,0.9370515324643175,1,1.7434536417794702,385,1.0,0.04,0,0.6430347506405933,0.33109179368259684,0.7405751500942123,False,-67.70052620618989,8.735881031906716,1.0681465255402145e-05,
zipf,5.0,27,2015,true,89,0.8680291240060088,19,1.9877056129239434,38,0.42696629213483145,0.14,0,-0.9193870150987573,-0.8327303083264194,0.4049968471707184,False,1.8543717180313568,1.661235990839885,7.136094382076408e-09,
zipf,5.0,27,2016,discovered,232,0.9409338000094739,1,1.6772267298836732,232,1.0,0.0,0,0.33034605286684204,0.17650037573969657,0.8599008535177834,False,-29.32963279786519,6.185760398584136,1.7272145669267047e-07,
zipf,5.0,27,2016,true,76,0.8723746409496012,8,1.9471106011582253,51,0.6710526315789473,0.72,0,-0.8195344330364316,-0.79648513072881,0.4257501146746143,False,-0.14165684868315842,2.0215144611811984,5.3148596634855494e-11,
zipf,5.0,27,2017,discovered,284,0.9187406261241055,1,1.6861890803245254,284,1.0,0.0,0,-2.3435630457310808,-0.9080284937620035,0.3638631675772639,False,-8.152936566626783,3.5094715447723015,5.189804141991772e-10,
zipf,5.0,27,2017,true,86,0.8844158629495896,20,2.2898782658760237,28,0.32558139534883723,0.52,0,0.01913836150886805,0.543061957222093,0.5870871445750396,False,-97544.02843502912,273.12139002446276,8.164121209119912e-05,
zipf,5.0,28,2010,discovered,68,0.9060922811068804,1,1.9076602796576447,68,1.0,0.2,0,-0.7528123894712855,-0.6700095161612076,0.5028517239019741,False,-5.163686153393865,2.4491836376836136,3.2585489861958195e-11,
zipf,5.0,28,2010,true,39,0.8357557731169021,13,4.013808099316386,10,0.2564102564102564,0.45,0,0.022198904037871614,1.2634668471909891,0.20642145378228893,False,-262164.573554459,291.0335984677216,7.257164179463871e-05,
zipf,5.0,28,2011,discovered,114,0.9273202226608279,1,1.9412819704027637,114,1.0,0.06,0,-1.1776748485133512,-0.8437173842682865,0.3988273507882818,False,-6.003864513921323,2.5389285396323675,3.353477495693369e-09,
zipf,5.0,28,2011,true,47,0.8084607973635743,6,2.335735899142819,29,0.6170212765957447,0.36,0,-0.3864328473836336,-0.4732651944733674,0.6360239904962052,False,-0.36380332559360073,1.5601364260555748,1.1101519703515805e-10,
zipf,5.0,28,2012,discovered,145,0.9626274059122163,1,1.8695311983130527,145,1.0,0.8,0,-0.5985101376495914,-0.49408392968157866,0.6212469067609395,False,-43.332350844507424,6.453883951371511,1.6113950550789014e-05,
zipf,5.0,28,2012,true,54,0.8986908264843433,8,1.9896613089795696,26,0.48148148148148145,0.16,0,-1.1384095702691135,-1.030489607988206,0.30278022806121385,False,1.853523721619542,1.322889931802681,4.618527782440651e-12,
zipf,5.0,28,2013,discovered,151,0.9123609180769104,1,2.026141881424724,151,1.0,0.09,0,1.4019688819503129,1.5965811193398924,0.11035911033674223,False,-655235.9141411926,714.335976121619,0.0008067324861258385,
zipf,5.0,28,2013,true,58,0.8156707724875263,6,2.121915473204629,40,0.6896551724137931,0.11,0,-1.6668026576961492,-1.029579334936694,0.3032075201185154,False,1.498391336454862,1.190473541776737,4.376943252282217e-12,
zipf,5.0,28,2014,discovered,228,0.9368947597436038,1,1.8368737748530208,228,1.0,0.02,0,0.05655045212994558,0.03891741055472144,0.9689562354687581,False,-40.45470153668508,6.3838156890073945,3.931942330837046e-05,
zipf,5.0,28,2014,true,69,0.8224388792938485,18,2.3896280309810214,28,0.4057971014492754,0.93,0,-0.02268237912483695,-0.13426619647103197,0.8931920824768067,False,-12.008103242394764,3.393410520998655,7.37221716917702e-06,
zipf,5.0,28,2015,discovered,351,0.9403663274751047,1,1.6429870689395893,351,1.0,0.0,0,-7.253272927812674,-1.9313778361632084,0.0534363440169603,False,-4.424602286570336,2.920084439975064,2.920842234743759e-09,
zipf,5.0,28,2015,true,97,0.9018940870665357,9,1.9091439314976988,70,0.7216494845360825,0.68,0,-0.6457127788146675,-0.6817542679920245,0.4953943461285433,False,-2.012593097922987,2.5606534378765278,6.728646440024022e-08,
zipf,5.0,28,2016,discovered,267,0.9288190304655263,1,1.783567172799051,267,1.0,0.04,0,-3.6181643104793864,-1.4918601178603907,0.13573581982008362,False,-5.8501240732255635,2.824981795545248,8.003894436114933e-09,
zipf,5.0,28,2016,true,77,0.8541593475286774,13,2.136303011926487,39,0.5064935064935064,0.57,0,-0.5095182004286114,-0.6342480017160572,0.5259189854317012,False,0.27236421475683725,1.8100187702248263,7.961062920003315e-09,
zipf,5.0,28,2017,discovered,262,0.9369590154168564,1,1.6771628792455844,262,1.0,0.0,0,-0.43230263065109753,-0.20486090830107354,0.8376807980737874,False,-18.209540081412616,4.977672538856583,2.743113782344153e-06,
zipf,5.0,28,2017,true,77,0.8208555645856662,28,2.3285383174301066,19,0.24675324675324675,0.16,0,0.007305499146720074,0.35838711465408873,0.7200536331494634,False,-11950.154779710309,94.38900746007857,5.509609763976187e-07,
zipf,5.0,29,2010,discovered,59,0.9409530481181464,1,2.0782673475137314,59,1.0,0.23,0,-1.5289456451870747,-1.0703261420674164,0.2844725313014014,False,-1.6131684861372044,1.4680678209136373,2.1174173525650986e-12,
zipf,5.0,29,2010,true,27,0.8576884619400617,3,1.8375557619348366,21,0.7777777777777778,0.11,0,-2.4135150297070984,-1.4011135088359894,0.16118013259573505,False,1.7299515593435961,1.0309427055147309,5.968558980384842e-13,
zipf,5.0,29,2011,discovered,123,0.9281656216652674,1,1.8838749936645625,123,1.0,0.15,0,-2.494722173225128,-1.3157111356189986,0.1882710152261392,False,-3.0835709101958226,2.0671584814392503,2.481783667462878e-10,
zipf,5.0,29,2011,true,43,0.8703006910759035,7,2.3452977520088623,22,0.5116279069767442,0.69,0,-0.2583821651786611,-0.5387669520342714,0.5900476696515479,False,-0.4861688160039491,1.6234661899830714,5.232436706137378e-11,
zipf,5.0,29,2012,discovered,150,0.944317673278521,1,1.8838221794084116,150,1.0,0.19,0,-0.46318931672714037,-0.3607831321458814,0.7182615733410327,False,-20.818209321023055,4.527307475954708,1.5287509995687287e-06,
zipf,5.0,29,2012,true,54,0.8417564177029802,16,2.5979038851178227,19,0.35185185185185186,0.45,0,0.012732644986894748,0.4288047226451198,0.6680653417247564,False,-54310.35970432911,182.6441767815688,1.4490491594187915e-05,
zipf,5.0,29,2013,discovered,153,0.9445388431158088,1,1.969646311882013,153,1.0,0.27,0,-0.9160674173599324,-0.6943416280059842,0.487467990847519,False,-14.090095996755336,3.5920480413315428,5.136826075613499e-08,
zipf,5.0,29,2013,true,60,0.91837345760742,13,2.4940299372887114,15,0.25,0.85,0,-0.06342698453102891,-0.25733009185380323,0.7969239644726938,False,-2.3076393504451844,1.9943573978536484,8.703615606009407e-09,
zipf,5.0,29,2014,discovered,214,0.9387768710118748,1,1.7051845388747693,214,1.0,0.06,0,-2.6074276078792007,-1.1426071310449004,0.2532017434637297,False,-7.231457007529807,3.2858544396566645,2.230990503448993e-09,
zipf,5.0,29,2014,true,71,0.8591318166260283,15,2.4454411598272174,28,0.39436619718309857,0.77,0,0.005657819393142027,0.12430480520999444,0.9010739428047722,False,-60415.02950262611,202.45993300923232,2.5506807105557527e-05,
zipf,5.0,29,2015,discovered,306,0.9382114742332583,1,1.66675662097854,306,1.0,0.04,0,0.40772832400731573,0.19780693683539238,0.8431961186033867,False,-32.03164782547844,6.502761485177081,5.229496309766546e-06,
zipf,5.0,29,2015,true,88,0.8378192050807758,43,2.396976158221398,15,0.17045454545454544,0.5,0,0.0012234268924995462,0.026133540969295817,0.9791508243674865,False,-45.46129470301388,5.999863169354746,0.0013426949574295577,
zipf,5.0,29,2016,discovered,296,0.9578739376977714,1,1.7751803255046468,296,1.0,0.53,0,-0.6345599093449295,-0.34460710197922684,0.7303897658918899,False,-43.46487092311645,6.890916320576482,2.9979481610098446e-05,
zipf,5.0,29,2016,true,82,0.9038561403380411,13,1.9632017302765012,38,0.4634146341463415,0.4,0,-1.36097763069328,-1.0417770533365946,0.29751505520942356,False,2.0868300238645006,1.4729198206872849,2.6432189770275727e-12,
zipf,5.0,29,2017,discovered,265,0.9555892170701544,1,1.8189005463700805,265,1.0,0.17,0,-0.4547677613714889,-0.2713747471616689,0.7861028223951048,False,-45.74197804031476,6.849669674096594,7.276512462794926e-05,
zipf,5.0,29,2017,true,80,0.8666299654071348,10,2.1001370116679814,48,0.6,0.36,0,-0.18160191029140105,-0.4188754073222812,0.6753071910273373,False,-5.39839006662336,2.8766959704850357,1.5833734323678073e-10,
uniform,1.0,0,2010,discovered,169,0.8381817969139391,1,2.6932438090264235,169,1.0,0.06,0,-2.54454355130928,-1.3470827296006278,0.17795358969665864,False,-1.062197155508562,0.9584155895356212,4.831690603168681e-13,
uniform,1.0,0,2010,true,94,0.7555303040142435,5,7.260202218326621,13,0.13829787234042554,0.71,0,-0.20731367105109744,-0.49017247831643923,0.6240118540687298,False,1.4368940164018258,0.25729127700415616,5.329070518200751e-15,
uniform,1.0,0,2011,discovered,250,0.8703343804295013,1,2.230937188679183,250,1.0,0.0,0,-4.18087692344039,-1.8986373798798664,0.057612170114341686,False,-1.9787441893441702,1.4270812255705814,8.398046702495776e-10,
uniform,1.0,0,2011,true,99,0.6156104006142256,8,9.360619342471841,20,0.20202020202020202,0.27,0,-0.35977418634390124,-0.6067449935762386,0.5440201576310455,False,1.9577169903646532,0.192390141558049,6.075140390748857e-13,
uniform,1.0,0,2012,discovered,334,0.8578751880166879,9,7.64916904886856,17,0.05089820359281437,0.41,0,0.01396503552902928,0.8566872611860745,0.3916177454011551,False,-89132.46244502914,113.35331058684575,3.3762320526875556e-05,
uniform,1.0,0,2012,true,100,0.7321905361669162,10,7.40530611679359,35,0.35,0.29,0,-1.3486241601678137,-1.1076392311015706,0.26801765344376793,False,2.278993445139501,0.20063704337939367,3.339550858072471e-12,
uniform,1.0,0,2013,discovered,276,0.8714301609412876,7,5.973240657102332,21,0.07608695652173914,0.77,0,-0.014064044269446185,-0.11796846383372764,0.9060926455789898,False,-2.9380701049982982,1.0013821237071605,2.8258366313593797e-08,
uniform,1.0,0,2013,true,100,0.5755616544326745,10,8.358703690801509,17,0.17,0.85,0,-0.004756068325683316,-0.07076454337003642,0.9435851513436432,False,-3.013987550562437,0.8537811795163216,3.599296860556933e-09,
uniform,1.0,0,2014,discovered,471,0.8303325355060792,10,5.662061323230076,42,0.08917197452229299,0.94,0,0.005182911214875574,0.10195398326648446,0.9187932007108429,False,-65080.200152917576,115.90008812671593,3.1352548830909654e-05,
uniform,1.0,0,2014,true,100,0.7417848370645053,16,7.592601607791858,39,0.39,0.91,0,-0.2862760980668879,-0.5375291515999576,0.59090215399451,False,2.1545070826074797,0.36185867006246575,2.0747847884194925e-12,
uniform,1.0,0,2015,discovered,831,0.8002686388297424,20,4.884420443588338,55,0.06618531889290012,0.53,0,-0.5956456037261986,-0.6684259712599602,0.5038617218888999,False,2.250351228736869,0.5482920810785602,2.0293100533308461e-10,
uniform,1.0,0,2015,true,100,0.8005099151540981,29,6.221588046886197,78,0.78,0.0,0,-9.56561203126084,-2.518402888679341,0.011788838719573856,False,3.498291348129725,0.1606645815660013,7.111680133675691e-10,
uniform,1.0,0,2016,discovered,603,0.809353570147327,13,4.63128583202462,61,0.1011608623548922,0.14,0,-0.34624340897504613,-0.42692498295452386,0.6694339682022505,False,1.049206518393641,0.7321942815339749,2.8336444302112795e-11,
uniform,1.0,0,2016,true,100,0.7619751667593968,19,5.5169747137662535,76,0.76,0.01,0,-9.071429564808335,-2.6755902777011755,0.007459777937029593,False,3.0925939945399166,0.18652839104609606,9.094947017729282e-13,
uniform,1.0,0,2017,discovered,588,0.8199777811133773,13,5.5028137340640395,53,0.09013605442176871,0.32,0,-0.006220908916111156,-0.15604089551376393,0.8760007860598686,False,-9986.25940951259,46.39509917897541,1.102307578548789e-08,
uniform,1.0,0,2017,true,100,0.8179765166744429,23,8.336650559922045,40,0.4,0.15,0,-1.1879726948541198,-0.9617293827557857,0.33618555870379874,False,3.053296661310381,0.20126852208650653,2.489741746103391e-11,
uniform,1.0,1,2010,discovered,160,0.8490293724855914,1,2.604729687354286,160,1.0,0.16,0,-3.2519554186865705,-1.7500965085796383,0.08010166213085396,False,-0.7037998974572945,0.8957296521413665,1.2505552149377763e-12,
uniform,1.0,1,2010,true,94,0.745786268792997,5,7.928286553504804,18,0.19148936170212766,0.89,0,-0.05170874874729847,-0.2239098174244332,0.8228274764695456,False,0.5932697579633721,0.4165996952938003,5.25091081726714e-12,
uniform,1.0,1,2011,discovered,240,0.8800852487103401,5,4.646502812273129,24,0.1,0.41,0,-0.7189680090679265,-0.8362202886466438,0.4030309866398467,False,1.4672184043018486,0.38191067572080156,2.842170943040401e-14,
uniform,1.0,1,2011,true,100,0.6584154731888946,7,6.9856301764304325,32,0.32,0.43,0,-1.0501077213559937,-0.9994638441431329,0.3175700454628486,False,1.9039756884295833,0.22045125035296004,1.5134560271690134e-12,
uniform,1.0,1,2012,discovered,323,0.8347292823334848,7,6.455859243740366,38,0.11764705882352941,0.51,0,-0.04519568976997057,-0.15865704805056793,0.8739390801311229,False,-1.1828973460164984,0.7764861007060727,2.7132784907735186e-10,
uniform,1.0,1,2012,true,100,0.7919038348816954,10,5.859256241661219,35,0.35,0.08,0,-2.5731370872993122,-1.3114316177026444,0.18971198261672395,False,2.3855243892012803,0.20747369955191322,4.263256414560601e-14,
uniform,1.0,1,2013,discovered,292,0.8615163272208997,1,2.1048150900559572,292,1.0,0.0,0,-6.883181696797889,-2.3586474508382778,0.018341671501347346,False,-1.4355915574143356,1.3977685128033293,2.0463630789890885e-12,
uniform,1.0,1,2013,true,100,0.7513371947585906,10,8.10843655796056,18,0.18,0.74,0,-0.021877817833283686,-0.17535161972761676,0.8608033533668549,False,0.1278741995034075,0.5743640438993525,2.360565076742205e-10,
uniform,1.0,1,2014,discovered,466,0.8337783368654574,14,5.273748908906464,30,0.06437768240343347,0.31,0,0.009605092305655205,0.42073320021792787,0.6739499148643922,False,-119860.37980827509,165.17420447821632,3.3190648537129164e-05,
uniform,1.0,1,2014,true,100,0.7413892356403646,15,5.8908197690142465,53,0.53,0.0,0,-6.916299807702904,-2.377993809453959,0.01740711815237263,False,2.8539563717221084,0.16383331282192207,5.684341886080802e-14,
uniform,1.0,1,2015,discovered,838,0.8066660212178108,22,5.6305921779652905,46,0.05489260143198091,0.16,0,-0.053260004386835647,-0.19014247176045007,0.8491974894688966,False,-0.6533816177180125,0.9382180628840673,8.59816395859525e-09,
uniform,1.0,1,2015,true,100,0.7907954405474352,34,9.809284046513907,52,0.52,0.62,0,-0.8802292531553422,-0.9520849740800601,0.34105388879911935,False,3.3380754485619892,0.20654607461644817,1.3216094885137863e-12,
uniform,1.0,1,2016,discovered,518,0.802078092328166,16,6.150352445975039,42,0.08108108108108109,0.76,0,0.006987957988236815,0.2912787201228025,0.7708381610719713,False,-102538.11964285572,139.35338491333144,3.3541138691361994e-05,
uniform,1.0,1,2016,true,100,0.7553346126078249,22,8.916342399799703,48,0.48,0.46,0,-1.3184520062227234,-0.9672714903448348,0.3334083319153446,False,3.000702569585906,0.19153436725523654,2.984279490192421e-13,
uniform,1.0,1,2017,discovered,607,0.8199857342952215,15,4.443840524222683,51,0.08401976935749589,0.95,0,-0.2540766689202858,-0.5162660704175975,0.605668590235658,False,0.9715324317279359,0.7992101725984891,4.6924242269597016e-11,
uniform,1.0,1,2017,true,100,0.7084740074636002,20,5.387739567900513,78,0.78,0.0,0,-11.173039851825376,-2.9014923163252995,0.0037138988727081785,False,3.165948327669803,0.17713156294869517,8.526512829121202e-14,
uniform,1.0,2,2010,discovered,174,0.8067046158565104,2,4.4042334652243555,40,0.22988505747126436,0.35,0,-0.676731214222245,-0.8684250207945818,0.3851617023990437,False,0.49395541075270055,0.41786287050388565,6.039613253960852e-13,
uniform,1.0,2,2010,true,92,0.7720345585845877,3,3.7881531080382516,50,0.5434782608695652,0.24,0,-0.9389809127034492,-0.955021527809593,0.3395668103741165,False,0.6075570228325949,0.5846514170429085,1.2789769243681803e-13,
uniform,1.0,2,2011,discovered,244,0.8937886276060572,4,3.6819742264249498,38,0.1557377049180328,0.84,0,-0.07626842163738434,-0.2754603293716799,0.7829625998527797,False,-3.668662691503857,1.4002123949283005,3.746606580534717e-09,
uniform,1.0,2,2011,true,100,0.7626687315898488,6,5.524186788814156,34,0.34,0.44,0,-0.36303760086166736,-0.5774959968688813,0.56360444208938,False,1.1898365104493007,0.4508637516200821,1.8474111129762605e-13,
uniform,1.0,2,2012,discovered,335,0.842210995366736,1,2.1041893471646174,335,1.0,0.0,0,-2.7008212153502953,-1.2827365424287982,0.1995843928164629,False,-4.828967854041754,2.1101858094399444,6.420350473490544e-09,
uniform,1.0,2,2012,true,100,0.7387854517380837,11,8.759054334811731,27,0.27,0.34,0,-1.351918128959408,-0.9670996627322292,0.33349421409899704,False,2.4186705571093525,0.1484805810280452,2.842170943040401e-14,
uniform,1.0,2,2013,discovered,295,0.8693072775581031,1,2.079265132913356,295,1.0,0.0,0,-8.779078087596307,-2.6696356998126767,0.00759335829438717,False,-1.0050114964046322,1.2993636083320048,1.1141310096718371e-11,
uniform,1.0,2,2013,true,100,0.6987850661790396,10,8.5568555122053,20,0.2,1.0,0,-0.1401150072493662,-0.38393016426132415,0.7010302086525856,False,1.7808647613332127,0.31020937227106876,4.511946372076636e-13,
uniform,1.0,2,2014,discovered,452,0.8059661241754842,9,4.981674894447175,56,0.12389380530973451,0.04,0,-1.374234972208789,-0.995118028326105,0.31967886333094764,False,1.9615904211442514,0.3927665474889423,3.694822225952521e-13,
uniform,1.0,2,2014,true,100,0.7370838271228167,17,9.7948933322698,35,0.35,0.52,0,-2.533103504482093,-1.3794105323180093,0.16776821373900486,False,2.8810657863654647,0.11579458034372891,1.3500311979441904e-13,
uniform,1.0,2,2015,discovered,808,0.7830866074376298,24,6.304815780581545,46,0.05693069306930693,0.39,0,0.015565211828874936,0.7688621282428016,0.4419751619088612,False,-157871.23745603365,171.07443089940116,0.00010793574620038271,
uniform,1.0,2,2015,true,100,0.7862748036434125,31,7.771591134672562,77,0.77,0.02,0,-3.4878835728194963,-1.4538548255872803,0.14598655949623987,False,3.42392033061033,0.1872832028510152,2.2737367544323206e-13,
uniform,1.0,2,2016,discovered,555,0.8136362223630145,14,4.482464877530724,52,0.0936936936936937,0.71,0,-0.12007911234696778,-0.38413632371282463,0.7008774105001316,False,-0.47829975206058173,1.0092756934007252,2.3277380023500882e-11,
uniform,1.0,2,2016,true,100,0.7884691893502419,23,8.17692139019536,42,0.42,0.37,0,-1.7819302561529855,-1.1896042435854601,0.2342019771717252,False,3.1176495396842423,0.17978078992681024,9.947598300641403e-14,
uniform,1.0,2,2017,discovered,559,0.8120784677567631,14,4.300163398077722,70,0.1252236135957066,0.06,0,-3.010619651987586,-1.4611768351403511,0.1439669184808299,False,2.5928309735255923,0.3902465120880448,3.439026841078885e-12,
uniform,1.0,2,2017,true,100,0.743688010735413,24,8.740717268182687,54,0.54,0.12,0,-3.921244699844859,-1.6494992141157696,0.09904540405301074,False,3.227787670481595,0.13432366167295756,4.236255790601717e-11,
uniform,1.0,3,2010,discovered,171,0.8328429453437224,1,2.7327339724225332,171,1.0,0.61,0,-0.6593168963492433,-0.7884577305782318,0.43042901389460153,False,-5.810569129120406,1.756929243427748,9.941913958755322e-11,
uniform,1.0,3,2010,true,88,0.7315441156736259,4,4.941185745366598,30,0.3409090909090909,0.49,0,-0.9051607134237812,-0.8793380119124996,0.37921803144904354,False,1.2966386333289632,0.3367420572854767,2.3021584638627246e-12,
uniform,1.0,3,2011,discovered,265,0.8735251157936527,1,2.23758040572524,265,1.0,0.0,0,-6.169432123093326,-2.2346169292066547,0.02544250845823037,False,-1.173278543703487,1.2201290225894554,1.1192469173693098e-10,
uniform,1.0,3,2011,true,99,0.635770591030144,6,5.834347388756635,42,0.42424242424242425,0.01,0,-3.776160017193155,-1.630976126912162,0.10289535695709795,False,1.9186008043383733,0.17960432060665435,7.815970093361102e-14,
uniform,1.0,3,2012,discovered,327,0.8572438074692099,7,5.303256806001031,27,0.08256880733944955,0.52,0,-0.424157937718352,-0.6864738437491145,0.49241435284555846,False,1.5344995014482088,0.4190381566786101,6.615152869926533e-12,
uniform,1.0,3,2012,true,100,0.6949628555539236,9,5.703472975420704,55,0.55,0.02,0,-3.144319141222657,-1.7219442564270107,0.08507961689200871,False,2.2407930686646584,0.23647809244758863,1.5631940186722204e-13,
uniform,1.0,3,2013,discovered,286,0.8648139447183689,1,2.1045354816489827,286,1.0,0.0,0,-4.387319652990179,-1.835641325223706,0.06641072103657668,False,-2.6275092855504885,1.6849401215081634,1.5236878425639588e-09,
uniform,1.0,3,2013,true,99,0.670120833459948,10,9.129121459634582,17,0.1717171717171717,0.72,0,-0.3460001255351599,-0.6063016671958004,0.5443144517336241,False,2.1795445894974828,0.19698419125997368,7.343459174080635e-12,
uniform,1.0,3,2014,discovered,423,0.8258646862030145,9,4.403556942713339,58,0.13711583924349882,0.61,0,-0.500567372333812,-0.7452675474334133,0.45610999553321985,False,1.1093511740706377,0.6704925901703075,2.788169695122633e-11,
uniform,1.0,3,2014,true,100,0.7005233011436497,18,8.908204257637152,23,0.23,0.41,0,-0.07558146481972106,-0.26098536496014074,0.7941037933197371,False,1.9047520495544759,0.38777549500998254,9.450218385609332e-13,
uniform,1.0,3,2015,discovered,810,0.8140762271548301,23,4.953470108168832,58,0.07160493827160494,0.1,0,-0.13961560053508926,-0.23911599759833932,0.811015637255341,False,0.4609447157854677,0.8839626314449293,5.238689482212067e-09,
uniform,1.0,3,2015,true,100,0.8119753510266912,32,7.0460804753318484,71,0.71,0.0,0,-9.310001610606289,-2.7371190602677866,0.006197985682909929,False,3.5841690074451056,0.13465289527358315,2.2977815206104424e-09,
uniform,1.0,3,2016,discovered,570,0.8015422369326273,15,6.484478028833231,32,0.056140350877192984,0.59,0,-0.5818765537913253,-0.6566314965781082,0.5114178915878415,False,2.434305797503492,0.3202667776065429,5.684341886080802e-14,
uniform,1.0,3,2016,true,100,0.7681181665623866,21,8.082093372508854,49,0.49,0.11,0,-1.6284614409758635,-1.11365746804626,0.26542616222106297,False,2.982713885308823,0.19959844550926878,1.0231815394945443e-12,
uniform,1.0,3,2017,discovered,564,0.7996993277036893,17,5.940372750750669,39,0.06914893617021277,0.12,0,0.0013893232274710954,0.07336489686257518,0.9415157505378219,False,-37908.327079076626,86.57631875861655,5.695004801964387e-06,
uniform,1.0,3,2017,true,100,0.7504884016464478,24,8.684925324748182,50,0.5,0.26,0,-1.8869796472634714,-1.296801458734864,0.19469950866420216,False,3.143041805955361,0.17566064359769207,1.5631940186722204e-13,
uniform,1.0,4,2010,discovered,152,0.8639683671260941,1,2.463759613552626,152,1.0,0.03,0,-1.6754697538972962,-1.2628800714697905,0.20663228285689172,False,-2.409308522701528,1.3650634419599594,3.1946001399774104e-11,
uniform,1.0,4,2010,true,88,0.7677224266858084,3,3.5854130145917393,46,0.5227272727272727,0.21,0,-2.682288438819478,-1.5152705583907913,0.12970390100731793,False,1.196288409648354,0.3978303266673712,4.703792910731863e-12,
uniform,1.0,4,2011,discovered,256,0.8645998477914808,5,5.939111718897722,17,0.06640625,0.64,0,-0.31494555292932924,-0.5842778101747129,0.5590334187938446,False,1.3842376089156212,0.3246645088885546,1.1723955140041653e-13,
uniform,1.0,4,2011,true,99,0.632430954039172,8,8.414822270663482,15,0.15151515151515152,0.32,0,-0.2806947005995897,-0.516978202407533,0.6051713751555192,False,1.9352152116937678,0.21820064835649636,5.3290705182007514e-14,
uniform,1.0,4,2012,discovered,316,0.8207097649673775,8,8.385063016885152,20,0.06329113924050633,0.98,0,-0.0839248140522475,-0.30760259431893,0.7583847458875563,False,1.2794339626894489,0.36759024186174327,4.61142235508305e-12,
uniform,1.0,4,2012,true,100,0.5442096373630011,10,6.280220870816813,39,0.39,0.03,0,-3.598277014784235,-1.360234866244303,0.17375561243915716,False,2.4089653002638123,0.1724535350035513,1.4495071809506044e-12,
uniform,1.0,4,2013,discovered,290,0.8612811322737131,7,6.185804893578787,17,0.05862068965517241,0.6,0,-0.6327321400411678,-0.7614608768512475,0.4463818382078715,False,1.9138058305949213,0.24656692784414194,7.105427357601002e-15,
uniform,1.0,4,2013,true,100,0.6886484858781075,9,7.080166073662561,25,0.25,0.72,0,-0.28384663972270596,-0.5277748242445509,0.5976556328319319,False,1.7860251085690595,0.3304193624885086,3.481659405224491e-13,
uniform,1.0,4,2014,discovered,461,0.8308872729076722,9,4.298706924308956,51,0.11062906724511931,0.39,0,-0.7402549802091949,-0.8197444727412416,0.41236179155096553,False,1.5575082200903527,0.5776241364352723,3.950617610826157e-12,
uniform,1.0,4,2014,true,100,0.7349592145411319,15,6.053537810959849,47,0.47,0.49,0,-1.0780553672476627,-0.9680067513123907,0.3330409979557474,False,2.4997686076991834,0.3203525913113892,1.2789769243681803e-13,
uniform,1.0,4,2015,discovered,783,0.7930122131470555,25,9.177215123631488,28,0.035759897828863345,0.6,0,-0.8259883022058752,-0.8940308729773379,0.37130537303489186,False,3.144145619987455,0.1811557317840514,3.282707439211663e-12,
uniform,1.0,4,2015,true,100,0.6869860897124831,33,8.783844100495998,49,0.49,0.05,0,-6.740964926775278,-2.1722386659791986,0.029837665604133833,False,3.5916126439942677,0.10209033498297548,4.501998773775995e-11,
uniform,1.0,4,2016,discovered,517,0.7926892851434323,16,6.180520061847553,45,0.08704061895551257,0.07,0,-4.432855748355809,-1.879210750066938,0.060215722362311416,False,2.8838348812441343,0.17547266858807253,1.8474111129762605e-12,
uniform,1.0,4,2016,true,100,0.8060401485815457,24,8.83663549356737,35,0.35,0.37,0,-1.751182514056937,-1.2568229544541687,0.20881775212733422,False,3.185283870700351,0.15427010209811504,7.105427357601002e-14,
uniform,1.0,4,2017,discovered,581,0.7908969517985905,19,8.414347651555993,18,0.03098106712564544,0.95,0,-0.03653528218150903,-0.21116370607412843,0.8327595305231524,False,1.443686793397207,0.48069253586693067,2.2509993868879974e-11,
uniform,1.0,4,2017,true,100,0.8327150781551258,25,8.439339992633883,32,0.32,0.46,0,-0.41338920492247544,-0.6809615607542877,0.4958958133778887,False,2.9081893705990334,0.2675723533539497,2.4158453015843406e-13,
uniform,1.0,5,2010,discovered,162,0.8744981769938943,3,3.969207781069645,19,0.11728395061728394,0.43,0,-0.4599511546053445,-0.6648470444504531,0.5061483292460428,False,0.8374825612831909,0.4881354183263835,8.526512829121202e-14,
uniform,1.0,5,2010,true,92,0.7877680240908248,4,4.3523407953097735,27,0.29347826086956524,0.09,0,-0.28187068400437854,-0.5201540585088871,0.6029562029214817,False,0.553560877109702,0.6039362389743348,1.4850343177386094e-12,
uniform,1.0,5,2011,discovered,239,0.8740638298374255,1,2.3295897834374077,239,1.0,0.0,0,-4.716118612272751,-2.0397600302557106,0.04137423261173835,False,-1.3047046146922932,1.194351529982974,6.87805368215777e-12,
uniform,1.0,5,2011,true,100,0.5973740571302386,7,7.633824443747458,25,0.25,0.35,0,0.012386830926281789,0.7224201988612867,0.4700361720188775,False,-151067.23272476642,146.97597289512748,2.4092892999760807e-05,
uniform,1.0,5,2012,discovered,356,0.8659416304135817,1,2.027089463347134,356,1.0,0.0,0,-2.0367092368748807,-0.9594978198709312,0.33730801743068695,False,-6.918313759004478,2.5515331905801215,5.438323569251224e-09,
uniform,1.0,5,2012,true,100,0.7305524465357964,9,5.002923848832944,57,0.57,0.13,0,-3.4869865190019405,-1.6455766912497785,0.09985094127206243,False,2.2571581442928244,0.2726962739773023,2.842170943040401e-14,
uniform,1.0,5,2013,discovered,288,0.863285599200154,6,4.951060705435675,36,0.125,0.23,0,-0.6837459608061955,-0.8070135259381886,0.4196586904475601,False,1.45401546754334,0.4226899638105324,1.9895196601282805e-13,
uniform,1.0,5,2013,true,99,0.668197420701233,9,6.3513796394083,23,0.23232323232323232,0.45,0,-0.6234651997752692,-0.7986781431983833,0.4244770635288325,False,2.070726157575233,0.2763884233773196,7.815970093361102e-14,
uniform,1.0,5,2014,discovered,436,0.815336923498658,13,5.925415285880855,25,0.05733944954128441,0.99,0,-0.02684035380701566,-0.15882220478822281,0.8738089539687106,False,-1.134123991218262,0.8963066196531366,8.551211294616223e-09,
uniform,1.0,5,2014,true,100,0.8327670299411379,18,9.700452236148397,25,0.25,0.47,0,-0.9815763654421561,-0.9349639900449093,0.3498068575646911,False,2.8699964109936915,0.15055124380614746,6.394884621840902e-14,
uniform,1.0,5,2015,discovered,782,0.7864954896048061,22,5.968959092944346,38,0.04859335038363171,0.84,0,-0.24196806532308468,-0.45583484754838366,0.6485087432800081,False,2.134397381648684,0.5097016889816597,8.86757334228605e-12,
uniform,1.0,5,2015,true,100,0.8514802057583096,34,9.344071729487322,39,0.39,0.44,0,-1.884590241639009,-1.2469144379412713,0.2124288721955443,False,3.52746032186619,0.14804579617154184,1.1937117960769683e-12,
uniform,1.0,5,2016,discovered,540,0.8316708745614817,19,5.360126432488703,22,0.040740740740740744,0.45,0,0.0004162165765180248,0.010397371389475316,0.9917042473648554,False,-20.075462717593158,2.295925220471345,5.6317331491584355e-05,
uniform,1.0,5,2016,true,100,0.749960414617557,21,6.116927944770615,58,0.58,0.02,0,-4.843203133043376,-2.0416496022179933,0.041186301277621976,False,3.1361370163744624,0.1924807432616549,3.780087354243733e-12,
uniform,1.0,5,2017,discovered,571,0.8103336515407003,17,6.105610449633472,44,0.07705779334500876,0.36,0,0.008460551575929287,0.4049518421857561,0.6855129101486255,False,-106635.52729528362,142.83489612674228,3.772925992961973e-05,
uniform,1.0,5,2017,true,100,0.7699721338987104,23,7.82367165585224,54,0.54,0.08,0,-1.992314184682961,-1.1863162097497406,0.23549744754310653,False,3.090698916103655,0.19979884267903386,3.410605131648481e-13,
uniform,1.0,6,2010,discovered,151,0.84494822654666,1,2.669550034448311,151,1.0,0.21,0,-2.253072443616759,-1.4379376021687715,0.15045175940828312,False,-1.1030535133479908,0.9776809323057338,4.433786671143025e-12,
uniform,1.0,6,2010,true,93,0.7873775015741703,4,4.4648282759648525,25,0.26881720430107525,0.51,0,-0.751531937998195,-0.8457243953271569,0.3977065106939074,False,1.2545613233224422,0.39212572609028523,1.0658141036401503e-13,
uniform,1.0,6,2011,discovered,245,0.8563345917613014,1,2.2743851746299555,245,1.0,0.0,0,-6.577771176567952,-2.401665136970494,0.016320640787514974,False,-0.8015518022365311,1.089286075823834,2.403339749434963e-09,
uniform,1.0,6,2011,true,98,0.6907404058527848,8,8.885346187438142,15,0.15306122448979592,0.46,0,-0.19050271963161158,-0.37459288914758426,0.7079632622474636,False,1.8386484464951267,0.2358860335858008,7.567280135845067e-13,
uniform,1.0,6,2012,discovered,331,0.853269627122759,7,5.655255579554448,33,0.09969788519637462,0.63,0,-0.020010863441472182,-0.11267327557411212,0.9102895893034709,False,-4.416830831746162,1.1738149953283588,6.451922018868572e-08,
uniform,1.0,6,2012,true,100,0.7594412514363076,12,7.447074013349434,17,0.17,0.68,0,-0.6329287450733996,-0.7486775024974378,0.45405160667286837,False,2.44846350631363,0.20516787148332302,4.973799150320701e-14,
uniform,1.0,6,2013,discovered,292,0.8615894060135049,6,5.9605931845976805,20,0.0684931506849315,0.93,0,-0.06372742728350822,-0.23754681198876146,0.8122326075269364,False,0.1707463782194657,0.6135046808709297,3.058531206079351e-11,
uniform,1.0,6,2013,true,100,0.644017627426853,8,6.367301274849703,27,0.27,0.18,0,-0.680190334172118,-0.6514965880603781,0.514725978865977,False,1.9354616959109343,0.28111246091853914,1.6413537196058314e-12,
uniform,1.0,6,2014,discovered,413,0.8227559198641288,8,3.754485447401879,74,0.1791767554479419,0.02,0,-2.5597833732459767,-1.0671595084740575,0.2858998136194293,False,1.9094797922764786,0.5057386256499122,2.290221345901955e-10,
uniform,1.0,6,2014,true,100,0.6961441261184208,14,5.791898724395026,58,0.58,0.0,0,-4.136496167880415,-1.8491174553330236,0.06444085441324898,False,2.7144986371440707,0.21697690414444604,7.958078640513122e-13,
uniform,1.0,6,2015,discovered,741,0.7856412367753871,30,6.587551755569767,14,0.018893387314439947,0.32,0,-0.01612358642424816,-0.12421085595254587,0.9011483269981675,False,0.4609185913051924,0.7607016570799786,3.4495357681407768e-09,
uniform,1.0,6,2015,true,100,0.7692281219381265,34,8.910816087434709,56,0.56,0.19,0,-3.904757486087832,-1.8307677413313925,0.06713521715979384,False,3.5699320724674104,0.13483134002342087,2.3703705664956942e-11,
uniform,1.0,6,2016,discovered,555,0.8071317107195161,13,4.778606745037609,60,0.10810810810810811,0.23,0,-1.2256960040166391,-1.04792127578304,0.2946748789769479,False,2.217243455145437,0.4487798557790435,3.439026841078885e-12,
uniform,1.0,6,2016,true,100,0.834501702412678,21,6.559283178733554,49,0.49,0.0,0,-4.722513703437638,-1.9848135574160242,0.04716521855773005,False,3.1455745391947016,0.16633921009405245,8.526512829121202e-14,
uniform,1.0,6,2017,discovered,605,0.7986671785343954,15,4.736801795791883,44,0.07272727272727272,0.9,0,-0.2534740963403834,-0.4282091270692195,0.6684988719058838,False,1.2874148460553556,0.7033255247250259,2.7853275241795927e-12,
uniform,1.0,6,2017,true,100,0.7275209519051637,25,9.13022720470563,41,0.41,0.36,0,-1.174718903499047,-0.9788773969903622,0.3276405616223539,False,3.138282791547691,0.18414893712050137,2.2737367544323206e-13,
uniform,1.0,7,2010,discovered,160,0.8498009115317464,1,2.6116479326646678,160,1.0,0.25,0,-1.7551658299543709,-1.3168234223141466,0.1878978198156258,False,-1.9274044742362446,1.190187682367855,2.9558577807620168e-12,
uniform,1.0,7,2010,true,92,0.7809670657431974,5,6.590330072213505,14,0.15217391304347827,0.97,0,-0.16401316422559198,-0.4217205705739327,0.6732289879446621,False,1.2541479002012275,0.332308872366222,9.894307595459395e-13,
uniform,1.0,7,2011,discovered,233,0.882563285926739,1,2.190689268562654,233,1.0,0.01,0,-4.4342068255617555,-1.9405837073564365,0.05230879188241363,False,-1.7770535309613495,1.4109620264952925,2.148681232938543e-10,
uniform,1.0,7,2011,true,99,0.6634280033809973,7,4.986379828445552,29,0.29292929292929293,0.42,0,-1.2690895317404292,-1.0243330523796041,0.30567799141219987,False,1.9291761188009866,0.30816350164806666,4.121147867408581e-13,
uniform,1.0,7,2012,discovered,352,0.8493292372230707,1,2.057604047700794,352,1.0,0.0,0,-2.1141386123549566,-1.0312252042991186,0.3024352238475372,False,-6.3861412740370245,2.42524866133724,6.252776074688882e-12,
uniform,1.0,7,2012,true,100,0.8071835130234621,10,6.285209581963282,39,0.39,0.33,0,-0.6116144995273671,-0.6930972234428658,0.48824854000890194,False,1.96822618189289,0.34422604290676145,2.155786660296144e-11,
uniform,1.0,7,2013,discovered,296,0.8972601318087278,1,2.2182761389555496,296,1.0,0.01,0,-4.38969669527302,-1.8927326172490326,0.058393436471652085,False,-2.5200745894805556,1.5571832283340445,1.8246737454319373e-11,
uniform,1.0,7,2013,true,100,0.7221938439092526,9,6.519956224703168,23,0.23,0.3,0,-1.4153234645007795,-1.093711011470657,0.2740817433036946,False,2.252218545201824,0.1930267793461758,7.105427357601002e-14,
uniform,1.0,7,2014,discovered,468,0.8310787343926492,13,6.1218041151763725,23,0.049145299145299144,0.42,0,-0.048706369928568805,-0.22946891988877752,0.8185044745103012,False,0.36062201686129053,0.6967816440512921,6.070877134334296e-11,
uniform,1.0,7,2014,true,100,0.6144881853979975,15,7.04620341290693,49,0.49,0.01,0,-4.249536494692613,-1.7695460520923596,0.0768027926468339,False,2.792879552441545,0.15754188229102367,1.1380052455933765e-10,
uniform,1.0,7,2015,discovered,769,0.8117488585342678,20,4.4570444188154035,51,0.06631989596879063,0.46,0,-0.5272671497323165,-0.7200283002893044,0.4715075711765586,False,2.1095137684102703,0.6276421837157279,1.5802470443304628e-11,
uniform,1.0,7,2015,true,100,0.7512122941275794,31,7.857784974151983,60,0.6,0.02,0,-2.3796948732317382,-0.9816701840227536,0.326262358843746,False,3.4011578797610538,0.19467986115659433,5.121592039358802e-11,
uniform,1.0,7,2016,discovered,552,0.8001159594057098,17,6.372083380983257,43,0.07789855072463768,0.39,0,-1.2816638040722026,-1.0153762737233065,0.3099264985175699,False,2.7195004471972624,0.2740500373602362,1.5631940186722204e-13,
uniform,1.0,7,2016,true,100,0.8155260540991444,23,6.84260677278628,58,0.58,0.32,0,-1.9351403164137886,-1.3178043456760813,0.18756915281682784,False,3.057919248387684,0.24308676762127784,1.4210854715202004e-13,
uniform,1.0,7,2017,discovered,585,0.7889871794281479,14,4.510119661709387,65,0.1111111111111111,0.01,0,-4.140592262331492,-1.5572210826012836,0.11941800455779775,False,2.7101824270194523,0.31315221161979,9.947598300641403e-13,
uniform,1.0,7,2017,true,100,0.8344276619611136,22,7.1315439018901445,68,0.68,0.01,0,-3.699429048964198,-1.646405553859687,0.09968029041118855,False,3.111934640378465,0.19117085650470683,8.213874025386758e-12,
uniform,1.0,8,2010,discovered,161,0.8478213322917808,1,2.397958452176427,161,1.0,0.0,0,-11.12249099574326,-3.025014972292665,0.0024862081938321168,False,0.2868593968202432,0.6023505028098991,8.526512829121202e-14,
uniform,1.0,8,2010,true,92,0.7168704358376619,5,7.786763503508416,15,0.16304347826086957,0.67,0,-0.11328683896816916,-0.3873320460771393,0.6985104041605759,False,1.1954567921376935,0.3055959311306249,3.197442310920451e-14,
uniform,1.0,8,2011,discovered,260,0.9041607302002522,3,3.1631404727098213,58,0.2230769230769231,0.49,0,-1.1108950565795006,-0.9861889087965169,0.3240404208873351,False,0.3623337194090487,0.7804872392362997,8.597567102697212e-12,
uniform,1.0,8,2011,true,100,0.6867250652447483,7,5.630194839812765,25,0.25,0.85,0,-0.5454966657243991,-0.7050995005238069,0.4807483173550011,False,1.7215211503698664,0.3431253463399966,3.766587042264291e-11,
uniform,1.0,8,2012,discovered,299,0.8179573484949793,8,7.100936416698284,14,0.046822742474916385,0.65,0,-0.33372589432272015,-0.5616665988822479,0.5743431954712018,False,1.9509672198144805,0.24859742009581468,3.652189661806915e-12,
uniform,1.0,8,2012,true,100,0.707222426411387,11,8.459051892742018,18,0.18,0.82,0,-0.11982220309413627,-0.34621969672242137,0.7291776131951311,False,1.8307862841986093,0.3226425365816518,4.373390538603417e-12,
uniform,1.0,8,2013,discovered,308,0.8781857464108799,6,4.005677332800915,27,0.08766233766233766,0.31,0,-0.8707564317962384,-0.8420236968582001,0.399774689378545,False,1.6170268834640553,0.4659481526453249,6.821210263296962e-13,
uniform,1.0,8,2013,true,100,0.7202744145180529,10,8.299505544979397,18,0.18,0.5,0,-0.1356681927788248,-0.3347093298131287,0.7378443628439503,False,1.7909038297840145,0.3150033592309345,3.2294167340296553e-12,
uniform,1.0,8,2014,discovered,395,0.8418204983924772,11,4.668167322940788,36,0.09113924050632911,0.36,0,-0.08917398210602911,-0.2800967202891735,0.7794033008702989,False,-0.5202327014911743,0.9484995839849084,1.2158807294326834e-10,
uniform,1.0,8,2014,true,100,0.7661293959633246,15,5.959257283022668,46,0.46,0.32,0,-1.8630498330423855,-1.2525985180767334,0.21035185445731464,False,2.669155985380371,0.263625797381587,5.684341886080802e-14,
uniform,1.0,8,2015,discovered,733,0.7881052471465527,33,9.835936776133916,14,0.019099590723055934,0.93,0,0.0015410386394805187,0.40541464099933905,0.6851727507449723,False,-68409.63076522881,87.42289326802218,1.4107215974945575e-05,
uniform,1.0,8,2015,true,100,0.8133871737089265,31,6.320909575255169,72,0.72,0.0,0,-6.365387730390399,-2.084251658585248,0.03713728203356815,False,3.5289611467427644,0.18197100723576556,3.410605131648481e-13,
uniform,1.0,8,2016,discovered,557,0.7989288399165065,18,7.315243941001449,35,0.06283662477558348,0.67,0,0.0027614639152062637,0.1991215219195594,0.8421676862626827,False,-55026.218688199406,92.29107225816804,7.5826465035788715e-06,
uniform,1.0,8,2016,true,100,0.8781287583832602,26,8.926054869865105,18,0.18,0.78,0,-0.05241308448766091,-0.23853822859026358,0.8114636687757756,False,2.169631376931757,0.40489240721856984,3.497291345411213e-11,
uniform,1.0,8,2017,discovered,607,0.7948399613011761,20,8.383955275170955,16,0.026359143327841845,0.86,0,-0.01912139983313388,-0.15648638461851533,0.8756496505324053,False,0.8350783580897774,0.5660189078595306,4.0324721339857206e-10,
uniform,1.0,8,2017,true,100,0.6929245638240917,25,7.526290895492243,42,0.42,0.13,0,-2.8974517156591326,-1.5350261499594966,0.12477740479146619,False,3.270281488765833,0.16349737043269338,1.1624479157035239e-11,
uniform,1.0,9,2010,discovered,151,0.8588825358106634,1,2.6451151752244155,151,1.0,0.12,0,-1.9469700728234693,-1.2512113315315312,0.21085738508685825,False,-1.4967201557013932,1.0812673549171838,1.9042545318370685e-12,
uniform,1.0,9,2010,true,94,0.7758312025901852,4,4.82115475714641,30,0.3191489361702128,0.76,0,-0.240678249558278,-0.5234102169439493,0.6006888157730583,False,0.46095587692768814,0.5743127067198025,5.684341886080802e-14,
uniform,1.0,9,2011,discovered,257,0.8829694247523358,1,2.321772015812525,257,1.0,0.0,0,-5.467526254926197,-2.182688334245901,0.02905876960251334,False,-1.188274629138666,1.168547733488161,1.1709744285326451e-11,
uniform,1.0,9,2011,true,98,0.7428355527605407,8,7.356565461997671,16,0.16326530612244897,0.79,0,-0.38416059292166027,-0.6065745364911697,0.5441333030829393,False,1.961338372777484,0.23706505645060988,1.8118839761882555e-13,
uniform,1.0,9,2012,discovered,325,0.8393645861728638,8,6.321643660842328,22,0.06769230769230769,0.36,0,-0.7612339381365982,-0.8221450436879219,0.4109943520351872,False,2.0251700177411394,0.2502539198012108,1.5565149169560755e-10,
uniform,1.0,9,2012,true,100,0.7050627199497801,8,4.531272631870694,62,0.62,0.01,0,-3.5172530389223287,-1.6661563429607085,0.09568227881581677,False,2.1257171687673515,0.3185212362733839,3.268496584496461e-13,
uniform,1.0,9,2013,discovered,308,0.8752114220867788,4,3.897762530071583,52,0.16883116883116883,0.8,0,-0.7808857861286707,-0.823779565048084,0.4100648207835177,False,0.6983197349926693,0.6295026474656181,1.616911049495684e-10,
uniform,1.0,9,2013,true,100,0.7091135985195988,9,8.930342614280693,23,0.23,0.57,0,-0.6289592848549317,-0.8150833792125387,0.4150245848046378,False,2.1377230440777115,0.17891380731817677,5.5635496210015845e-12,
uniform,1.0,9,2014,discovered,453,0.8303506099259108,10,4.379512930015435,42,0.09271523178807947,0.19,0,-0.20360713010666842,-0.4256087361739964,0.6703929733934482,False,0.433593678148531,0.8262628045268754,4.4994408199272584e-10,
uniform,1.0,9,2014,true,100,0.7373666748267576,16,8.993241379445202,43,0.43,0.26,0,-1.9992350171927669,-1.278338745301148,0.20113001200137204,False,2.774895856740691,0.15287615029839444,2.4158453015843406e-13,
uniform,1.0,9,2015,discovered,759,0.7855047331415436,24,7.523061287381262,36,0.04743083003952569,0.67,0,-0.08238264699765985,-0.32369337626887495,0.7461701860776704,False,1.5899947234468208,0.5310695191110035,3.524291969370097e-12,
uniform,1.0,9,2015,true,100,0.8607592063935853,36,9.33168587333425,42,0.42,0.12,0,-2.273073405014968,-1.2970647362619923,0.19460891360914012,False,3.598245875430733,0.14193386754955867,2.8421709430404007e-13,
uniform,1.0,9,2016,discovered,576,0.8009330751734612,15,6.049834895334446,41,0.07118055555555555,0.44,0,-0.7622022660425141,-0.7362688452287988,0.46156710218413355,False,2.4163818991314496,0.34611877971196947,1.1510792319313623e-12,
uniform,1.0,9,2016,true,100,0.7539428997341278,22,8.14892022158333,48,0.48,0.08,0,-4.603095498824288,-1.9149267799695346,0.0555018420138644,False,3.1705369890735295,0.12912588018285168,8.526512829121202e-14,
uniform,1.0,9,2017,discovered,661,0.8251292782307843,15,4.139203456383584,44,0.06656580937972768,0.58,0,-0.5145246046265788,-0.7831463865025331,0.43354115418248995,False,1.8431698582465705,0.6621886074108038,1.06439301816863e-11,
uniform,1.0,9,2017,true,100,0.7471137610794122,24,9.142447778919744,42,0.42,0.25,0,-2.5812538058976036,-1.512479196238237,0.13041200111381815,False,3.2091551160764613,0.13661453071210372,7.673861546209082e-13,
uniform,1.0,10,2010,discovered,168,0.8546243311459265,1,2.4730123623625557,168,1.0,0.0,0,-7.485032098537559,-2.5427839456238615,0.010997320642752806,False,0.02483550402120924,0.6966498545598329,3.637978807091713e-12,
uniform,1.0,10,2010,true,93,0.718722687645291,5,7.343100244010293,16,0.17204301075268819,0.23,0,-1.233046906397055,-0.9704372262564178,0.33182860059521724,False,1.7281360849759957,0.12883595092585826,9.947598300641403e-14,
uniform,1.0,10,2011,discovered,249,0.8847679587539786,1,2.289553504190964,249,1.0,0.01,0,-7.3904238018204715,-2.492404783476582,0.012688134507562126,False,-0.6485548121861635,1.0324683980022944,1.5916157281026244e-12,
uniform,1.0,10,2011,true,98,0.7266255358878448,6,5.877181480019173,44,0.4489795918367347,0.11,0,-0.6864106866257278,-0.6950818488588628,0.4870040091867258,False,1.4561585419410896,0.3613481139261585,3.765876499528531e-13,
uniform,1.0,10,2012,discovered,328,0.8440291010724513,6,4.53356261408038,50,0.1524390243902439,0.66,0,-0.9209069127517182,-0.9484776267116362,0.34288635740191187,False,1.3730371146036042,0.4841830129953191,1.4196643860486802e-11,
uniform,1.0,10,2012,true,100,0.7694635495604597,10,6.86880124950723,33,0.33,0.34,0,-1.6481521164356412,-1.2212847055727052,0.221978242185917,False,2.3207906530177134,0.19898487977711474,2.1316282072803006e-14,
uniform,1.0,10,2013,discovered,277,0.8330471830832129,1,2.015703667102496,277,1.0,0.0,0,-5.762464438995723,-2.0236215753225566,0.04300910337853755,False,-1.8902299262028108,1.6068941189252435,5.684341886080801e-13,
uniform,1.0,10,2013,true,99,0.5873008478240332,9,7.060096544215125,37,0.37373737373737376,0.02,0,-3.705753174197923,-1.6680284730548054,0.0953100746605943,False,2.303339119864502,0.14164448468505964,2.1316282072803006e-14,
uniform,1.0,10,2014,discovered,452,0.8452060791896349,9,4.004956885322688,76,0.168141592920354,0.75,0,-0.29893543277727286,-0.49447510085849555,0.6209706867250064,False,-0.30651793162975505,0.9951182396380792,2.430908807582455e-10,
uniform,1.0,10,2014,true,100,0.6777126209358217,16,7.749771306974273,41,0.41,0.43,0,-1.347830314524681,-1.0711763388663433,0.2840901484279701,False,2.7085321302023395,0.20835841394241592,1.0800249583553523e-12,
uniform,1.0,10,2015,discovered,796,0.8017990931841383,24,5.6795401001431065,36,0.04522613065326633,0.29,0,-0.21141460199048323,-0.45687808518393086,0.6477586764818342,False,2.0847179974933185,0.5568451678305795,1.6490275811520405e-10,
uniform,1.0,10,2015,true,100,0.7473782575885418,30,7.16243536224143,72,0.72,0.0,0,-11.860220558407764,-2.6146154661468035,0.008932796132882328,False,3.5314120590374634,0.1187797747873398,7.105427357601002e-13,
uniform,1.0,10,2016,discovered,543,0.8230333834147452,14,4.94623107727552,47,0.0865561694290976,0.89,0,0.013610466835995538,0.3590508315048269,0.719557063075474,False,-72561.95838745168,133.76392497472537,5.569748827838339e-05,
uniform,1.0,10,2016,true,100,0.7778829237072186,19,5.868775768369799,66,0.66,0.0,0,-4.7051751958394625,-1.9781828670976327,0.047908080802712874,False,3.017218361462331,0.2157588977345145,2.5019630811584648e-09,
uniform,1.0,10,2017,discovered,596,0.8034961364220354,18,5.828889117096033,31,0.05201342281879195,0.83,0,-0.02420681608584374,-0.1526448909468762,0.878678321948823,False,-1.6040113575011792,0.994778330206935,1.0184723464590206e-07,
uniform,1.0,10,2017,true,100,0.8394073614175461,24,8.779950407022618,46,0.46,0.82,0,-0.17985143840696605,-0.29646855562151586,0.7668722771342571,False,2.2850542156435294,0.3772829033791475,8.853362487570848e-12,
uniform,1.0,11,2010,discovered,153,0.8482748732532654,1,2.6565369925520392,153,1.0,0.49,0,-1.616026319273557,-1.2367330637942127,0.21618619942631234,False,-1.8996420265699783,1.1644705949924132,5.772449185315054e-11,
uniform,1.0,11,2010,true,98,0.7528986267383174,4,5.181853187586608,30,0.30612244897959184,0.12,0,-0.5446406844384182,-0.7375253289202668,0.4608029458940699,False,1.1159740106905027,0.3811180416553526,1.0658141036401503e-13,
uniform,1.0,11,2011,discovered,242,0.8581363400346773,5,5.61986631974761,21,0.08677685950413223,0.93,0,-0.13744896171799503,-0.36170828508683545,0.7175700351002593,False,0.6880793964155579,0.5118089536367006,1.715960706860642e-12,
uniform,1.0,11,2011,true,99,0.6353667918369343,7,9.020540800890634,31,0.31313131313131315,0.63,0,-0.8392171914354365,-0.9372601817313815,0.348624739660651,False,1.9122550505201996,0.16805793203217814,1.7763568394002505e-13,
uniform,1.0,11,2012,discovered,300,0.8492929872853886,6,4.1175340615707485,41,0.13666666666666666,0.0,0,-2.3536903368415656,-1.456691332190447,0.14520160350058903,False,1.8476695023426553,0.3547657525979117,1.7905676941154525e-12,
uniform,1.0,11,2012,true,100,0.7228448474060571,11,6.8023235330802265,21,0.21,0.5,0,-0.02214155167766485,-0.15876523590530575,0.873853839079408,False,-0.6566579572612732,0.7493375405825734,1.1242917707932065e-10,
uniform,1.0,11,2013,discovered,280,0.8598562955088315,8,7.985772144278304,11,0.039285714285714285,0.91,0,-0.08046305730537551,-0.2999734533966673,0.7641974048048302,False,1.553797168642293,0.3260352850439781,2.149391775674303e-13,
uniform,1.0,11,2013,true,100,0.685805907191493,8,6.226801001373661,36,0.36,0.91,0,-0.13189707217244528,-0.38014757821373063,0.7038358697706678,False,0.6902247115746237,0.562305253164186,9.652723065300961e-11,
uniform,1.0,11,2014,discovered,475,0.828283963658621,13,6.906710637602955,24,0.05052631578947368,0.34,0,0.00035420164381605446,0.01460973486547472,0.9883435327827397,False,-50.543939506955645,2.961888372460658,0.00010694477489892051,
uniform,1.0,11,2014,true,100,0.8107693168922362,18,9.25894808615261,28,0.28,0.9,0,-0.09143197652294166,-0.3325875850411064,0.7394456160716445,False,1.9403650838928588,0.3723302892693536,1.8474111129762605e-12,
uniform,1.0,11,2015,discovered,728,0.8004211283795627,23,4.870641487959845,72,0.0989010989010989,0.28,0,-0.7138084773483682,-0.7839445641119928,0.4330726392275336,False,2.315320817324987,0.5680206900427537,3.069544618483633e-12,
uniform,1.0,11,2015,true,100,0.7787583705215138,29,5.35185653483298,84,0.84,0.0,0,-17.11386065337518,-3.6617098205082246,0.00025053754711713643,False,3.5650398491413604,0.15238635412766227,3.2173375075217336e-10,
uniform,1.0,11,2016,discovered,605,0.8071939814509353,14,4.950180834821615,41,0.06776859504132231,0.24,0,-0.6212576486168087,-0.5455024240918757,0.5854080137688631,False,2.136439012320842,0.47833169329327496,3.6834535421803594e-11,
uniform,1.0,11,2016,true,100,0.7773387119041147,18,4.893370541326836,80,0.8,0.0,0,-12.243848460702687,-3.014016633081793,0.00257813671012558,False,3.0879300712164133,0.1934378424725323,1.4210854715202004e-13,
uniform,1.0,11,2017,discovered,625,0.8093178581059969,13,4.377358789979286,65,0.104,0.42,0,-0.35081022771974535,-0.3955316525027436,0.6924505666571332,False,0.8547841630316423,0.8021622997220778,4.200728653813712e-11,
uniform,1.0,11,2017,true,100,0.7415550491748665,24,9.098947182166098,42,0.42,0.33,0,-2.2508059213726344,-1.2681594504215266,0.20474101452081517,False,3.193712547678536,0.1451869647535745,9.947598300641403e-14,
uniform,1.0,12,2010,discovered,172,0.834158666114384,1,2.7751228399266004,172,1.0,0.02,0,-3.654812567578719,-1.7454354081807717,0.0809091067107609,False,-0.4302625908812432,0.7549735950754284,5.115907697472721e-13,
uniform,1.0,12,2010,true,92,0.715406259002726,4,5.719810183938824,29,0.31521739130434784,0.4,0,-0.07385868400577955,-0.31573667376499276,0.7522023878847465,False,-0.4834577150222163,0.6628187832299737,1.8470558416083804e-11,
uniform,1.0,12,2011,discovered,252,0.8733062770027963,1,2.2300481641963352,252,1.0,0.0,0,-6.079954752362362,-2.26936442268902,0.02324617383909531,False,-1.1072692494247118,1.2072827904202024,6.536993168992922e-12,
uniform,1.0,12,2011,true,98,0.6690636322406063,8,6.627316429415046,20,0.20408163265306123,0.56,0,-0.19817688561501523,-0.5143566283157952,0.6070026766829766,False,1.5656742067063822,0.3726842245406506,4.973799150320701e-14,
uniform,1.0,12,2012,discovered,313,0.8379369179255802,8,4.611117682532575,33,0.10543130990415335,0.98,0,-0.056869986274145745,-0.2397535194564613,0.8105213421622437,False,-1.6724512755589362,1.0610467143152806,6.392042450897861e-11,
uniform,1.0,12,2012,true,100,0.6742087534888044,10,7.10920882678844,38,0.38,0.13,0,-1.9498983394757823,-1.246169749191488,0.2127020823813126,False,2.326111842577451,0.18845714314542808,9.947598300641403e-14,
uniform,1.0,12,2013,discovered,293,0.8470325999000803,1,2.0845411534823377,293,1.0,0.0,0,-8.75925891209982,-2.6663214896906626,0.007668632020920747,False,-0.9554548570175245,1.2798847177025083,1.3642420526593924e-11,
uniform,1.0,12,2013,true,100,0.5738041541953696,7,4.635262715238918,59,0.59,0.0,0,-5.588074640534517,-1.98664207583112,0.04696207500504741,False,2.10014836879567,0.24553136407725268,3.2954972084553447e-11,
uniform,1.0,12,2014,discovered,479,0.8246317213933065,12,8.120000698442809,27,0.05636743215031315,0.3,0,0.001918071965704371,0.1334979113138803,0.8937996160168464,False,-50823.35449408929,83.09584562477475,6.705551641061902e-06,
uniform,1.0,12,2014,true,100,0.7199630507863207,17,8.313978568353187,35,0.35,0.77,0,-0.8028845350755784,-0.7537370312305729,0.45100714118847474,False,2.6960537520411574,0.2198760147057386,6.536993168992922e-13,
uniform,1.0,12,2015,discovered,839,0.7802552787085816,26,8.856967735801438,32,0.03814064362336114,0.71,0,-0.00042685393076169476,-0.04313892087253868,0.9655907937935992,False,-9979.249608907412,35.355015977093636,1.025910023599863e-09,
uniform,1.0,12,2015,true,100,0.7701632576750489,35,8.598339189383656,48,0.48,0.01,0,-4.185813729795189,-2.053420044289553,0.04003185694694073,False,3.6214616906756376,0.12801010155751164,2.2680524125462398e-11,
uniform,1.0,12,2016,discovered,569,0.8114847400639177,15,4.732598384832422,46,0.08084358523725835,0.58,0,-0.030118074227422298,-0.18438937977244857,0.853708000692683,False,-4.007369620457927,1.37332751616685,4.2905782038360485e-08,
uniform,1.0,12,2016,true,100,0.7975916223218211,24,9.719585339093808,40,0.4,0.52,0,-1.5179370864158588,-1.084785249174235,0.27801678019497233,False,3.149307421170719,0.1540655310702504,1.7053025658242404e-13,
uniform,1.0,12,2017,discovered,595,0.7766494025331079,19,9.30837599971663,25,0.04201680672268908,0.93,0,-0.12189941278249705,-0.37535831719513796,0.7073940004145834,False,2.255085972114645,0.32669369428551287,2.0534685063466895e-12,
uniform,1.0,12,2017,true,100,0.7473945966220069,23,6.951686387106723,65,0.65,0.01,0,-5.377821940529269,-1.9519676459079245,0.05094204598114864,False,3.213953404227988,0.16605901218608696,4.331468517193571e-11,
uniform,1.0,13,2010,discovered,168,0.8449638580596042,3,5.095393242850874,15,0.08928571428571429,0.21,0,0.005628609320021738,0.15516923835616625,0.8766878987608266,False,-137770.10958495195,173.98855741340947,7.2200891736429185e-06,
uniform,1.0,13,2010,true,92,0.7407361835783735,4,4.991449507143429,28,0.30434782608695654,0.37,0,-0.957902197873814,-0.8637562820834547,0.3877217884307975,False,1.3427778954256095,0.3150923231330524,3.1725733151688473e-11,
uniform,1.0,13,2011,discovered,247,0.8797725935477635,1,2.3226384370478965,247,1.0,0.05,0,-3.47431884778944,-1.7765392290421231,0.07564408201214598,False,-2.2227553855337048,1.4147616667887486,1.5364776118076406e-10,
uniform,1.0,13,2011,true,99,0.6371943456111712,8,8.893752144628415,17,0.1717171717171717,0.39,0,-1.4352594018523162,-1.1083522313711676,0.2677097263087127,False,2.1654030138770617,0.10909637960212526,1.5987211554602254e-13,
uniform,1.0,13,2012,discovered,327,0.8465763714423507,6,4.5656345644174685,35,0.10703363914373089,0.26,0,-1.3122172202163584,-1.0888752192233018,0.2762089154649108,False,1.7193152754927261,0.36472294767444957,3.254285729781259e-12,
uniform,1.0,13,2012,true,100,0.712831961227311,9,5.986915519574965,45,0.45,0.05,0,-3.734172656826437,-1.737372698970176,0.08232140694094812,False,2.2977547386784436,0.18990337638630875,4.1802650230238214e-10,
uniform,1.0,13,2013,discovered,295,0.8521526472967222,7,6.896008321206129,25,0.0847457627118644,0.71,0,-0.30331483568365014,-0.5229347822385021,0.6010196387644858,False,1.5749370786065762,0.3258420967952405,2.8421709430404007e-13,
uniform,1.0,13,2013,true,99,0.6837429595618065,9,7.686398948529941,27,0.2727272727272727,0.76,0,-0.25591967714288355,-0.5363123025571197,0.591742729442782,False,1.7579926531462342,0.316452032123194,1.4921397450962104e-12,
uniform,1.0,13,2014,discovered,469,0.8141774411464042,13,8.58247905110351,21,0.04477611940298507,0.74,0,-0.11713765745014282,-0.3607817588414506,0.7182626000376595,False,1.899479547622206,0.33947005963584104,6.622826731472742e-10,
uniform,1.0,13,2014,true,100,0.7599708517987774,15,6.113182635482382,59,0.59,0.04,0,-3.2649661258543476,-1.6574699974434273,0.09742448980712527,False,2.736452204740328,0.22595238942831444,5.400124791776761e-13,
uniform,1.0,13,2015,discovered,830,0.8094091147254905,24,6.9213826250615,28,0.033734939759036145,0.45,0,-0.5009400994458222,-0.6422492958385417,0.5207113302594483,False,2.9154666209203537,0.3011556227650789,9.36495325731812e-12,
uniform,1.0,13,2015,true,100,0.7952765055986982,32,8.631978056018504,58,0.58,0.16,0,-2.4911176325302575,-1.4365848636417793,0.15083598703621875,False,3.4494709667909706,0.16945792279846825,7.622702469234355e-11,
uniform,1.0,13,2016,discovered,580,0.8211079896593882,12,4.51110899313029,58,0.1,0.15,0,-1.845618177924736,-1.142705907321069,0.2531607163096039,False,2.3280759995488522,0.4100387008311591,1.4500756151392125e-10,
uniform,1.0,13,2016,true,100,0.7926822043913634,22,7.236797480015159,44,0.44,0.14,0,-1.5402903791862017,-1.137262046887047,0.255428755648786,False,3.0300996239548414,0.22312162599632232,9.379164112033322e-13,
uniform,1.0,13,2017,discovered,594,0.8175637210875877,16,4.740290548089082,51,0.08585858585858586,0.99,0,-0.03189158129765346,-0.16028438672603515,0.8726570574491136,False,-4.317269455348665,1.408128516763982,2.2934173671274038e-07,
uniform,1.0,13,2017,true,100,0.7197354072239343,24,8.550957570557943,46,0.46,0.06,0,-3.691839164466059,-1.6500841572020801,0.09892572460248636,False,3.2383066809027685,0.1321710747079875,2.9757529773632996e-11,
uniform,1.0,14,2010,discovered,165,0.7760564011890991,3,9.29376713929261,12,0.07272727272727272,0.9,0,-0.15313113856619653,-0.5800085993642541,0.5619088187452783,False,1.3346033747377821,0.03737614386814283,9.885360041650415e-08,
uniform,1.0,14,2010,true,91,0.680451545289491,5,8.595731284574864,13,0.14285714285714285,0.3,0,-1.5846695166591949,-1.2591856808485644,0.20796327235158407,False,1.7805232348661797,0.022365017510685144,5.60511228542282e-08,
uniform,1.0,14,2011,discovered,248,0.8824074059181224,5,4.634653161990066,27,0.10887096774193548,0.93,0,-0.17406507001420124,-0.39020573736862135,0.6963844194306896,False,0.29884786795331136,0.6765918098273167,2.7284841053187847e-12,
uniform,1.0,14,2011,true,100,0.6688024686644076,8,9.976597774623757,17,0.17,0.88,0,-0.39345961494375437,-0.6483977695504145,0.5167277125792054,False,2.0225404222955374,0.16078241619727485,1.3145040611561853e-13,
uniform,1.0,14,2012,discovered,308,0.8333330409642878,7,5.632265574874319,39,0.1266233766233766,0.74,0,-0.22928160088023564,-0.4763713504899271,0.6338098415777349,False,0.8791364369354184,0.5439461128833744,5.8690829973784275e-12,
uniform,1.0,14,2012,true,100,0.7200179948926314,9,5.971368114442248,46,0.46,0.39,0,-1.884367227632234,-1.2974357425252074,0.19448130108675443,False,2.171513907463203,0.2548312956859517,5.7696070143720135e-12,
uniform,1.0,14,2013,discovered,285,0.8581170335728829,6,4.721387251343731,31,0.10877192982456141,0.93,0,-0.11767983395298476,-0.33873953797399664,0.7348059526911339,False,-0.19795903737652573,0.7898267368822077,1.6207479802687885e-11,
uniform,1.0,14,2013,true,100,0.694819739774619,10,8.959677033170488,19,0.19,0.17,0,-1.591691255682606,-1.1766008036192297,0.23935487688907564,False,2.3772617086489345,0.11430956827414325,6.394884621840902e-14,
uniform,1.0,14,2014,discovered,459,0.8410748470560128,10,3.885145137224084,56,0.12200435729847495,0.62,0,-0.9367388010406779,-0.9558064181295975,0.3391700451607955,False,1.677127030194458,0.6337196375647296,2.8421709430404007e-13,
uniform,1.0,14,2014,true,100,0.6998123814075121,14,5.221728531084085,53,0.53,0.0,0,-13.330416674306273,-3.349778309174014,0.0008087626184243104,False,2.8525009989908083,0.13842500975042354,4.263256414560601e-14,
uniform,1.0,14,2015,discovered,757,0.8166904472906293,30,5.100085450582863,23,0.03038309114927345,0.76,0,-0.002351336124991832,-0.04415988238957228,0.9647769600533088,False,-12.782675188168065,2.002454363952162,6.534472788644052e-06,
uniform,1.0,14,2015,true,100,0.7708675947728731,36,9.548418353285143,36,0.36,0.39,0,-3.483769780656611,-1.7457660922316918,0.08085160520942197,False,3.65012055605708,0.1086878121511338,7.531752999057062e-13,
uniform,1.0,14,2016,discovered,575,0.7980084215603599,16,6.068674851445663,40,0.06956521739130435,0.45,0,-0.9577738475091846,-0.9578403395974198,0.33814327425911006,False,2.579626201680521,0.31497052214736876,1.1652900866465643e-12,
uniform,1.0,14,2016,true,100,0.7466370961488672,24,9.715178683289945,41,0.41,0.35,0,-2.593269019776035,-1.251043635425853,0.21091855785372626,False,3.210417204896915,0.125972710011411,4.149569576838985e-12,
uniform,1.0,14,2017,discovered,550,0.7954579912627063,22,9.197800603116805,18,0.03272727272727273,0.61,0,0.0034472346165550505,0.4860619058872707,0.6269232748715796,False,-95395.99897248531,106.85654791224766,1.681486173765734e-05,
uniform,1.0,14,2017,true,100,0.8140235056939531,26,9.186258010926034,36,0.36,0.19,0,-1.6754627226392078,-1.2944564051204759,0.19550781828738872,False,3.2554500322400055,0.15221736012221143,3.461764208623208e-11,
uniform,1.0,15,2010,discovered,147,0.8903379567713442,2,3.1337385546721492,47,0.3197278911564626,0.52,0,-0.555009410270078,-0.7035749522803765,0.48169751452741916,False,-0.6313967406933185,0.9166347126871675,5.701679128833348e-10,
uniform,1.0,15,2010,true,85,0.7554073961558946,5,5.816508029050271,18,0.21176470588235294,0.65,0,-0.8234377330762916,-0.8510408980912689,0.39474663440934765,False,1.6439786623099837,0.23337382429951598,1.2434497875801753e-13,
uniform,1.0,15,2011,discovered,251,0.8602702495895681,6,7.810744541948301,13,0.05179282868525897,0.29,0,-0.22338203711589966,-0.4444881376738275,0.6566897033218353,False,1.6330265691849966,0.23727624422554305,1.4921397450962104e-13,
uniform,1.0,15,2011,true,100,0.6465900692171114,8,8.53171733408391,17,0.17,0.41,0,-0.8022766832701129,-0.8301879577866258,0.4064325226873208,False,2.108375675969793,0.14961161966426742,5.0825121888919966e-11,
uniform,1.0,15,2012,discovered,334,0.8615664099018563,1,2.0948097792760345,334,1.0,0.0,0,-5.77969473352114,-2.111818670048045,0.03470200529689605,False,-2.2678931009694834,1.6139326710945177,4.021103450213559e-10,
uniform,1.0,15,2012,true,100,0.7900206710256167,9,6.688166477988104,30,0.3,0.32,0,-1.233059837056648,-1.0298208571036291,0.30309410794213,False,2.181415054756948,0.22044383011982924,3.552713678800501e-14,
uniform,1.0,15,2013,discovered,296,0.8636152727688675,5,3.732470117227034,49,0.16554054054054054,0.13,0,-1.9616966074414162,-1.3145136710808931,0.1886734005271411,False,1.5234241307947576,0.4676873985688758,9.15179043659009e-12,
uniform,1.0,15,2013,true,100,0.6400542173649797,8,5.840319197531532,36,0.36,0.69,0,-0.5163276487581925,-0.6773994653845282,0.49815253745115406,False,1.671672958607377,0.385462470969438,9.237055564881302e-14,
uniform,1.0,15,2014,discovered,431,0.8145317266916803,10,5.402135017421394,51,0.11832946635730858,0.76,0,-0.1334657201870728,-0.35807439250981143,0.7202876420346965,False,0.06000803215422218,0.7619203861424841,7.737668283880339e-10,
uniform,1.0,15,2014,true,100,0.6087436813840359,15,8.565573987312064,54,0.54,0.35,0,-0.32434065323528394,-0.6246370946436456,0.5322092678524919,False,2.0773182654997644,0.3338246226240829,1.1368683772161603e-13,
uniform,1.0,15,2015,discovered,711,0.7906009767202227,23,5.69228322708723,57,0.08016877637130802,0.09,0,-0.16965761692749037,-0.2790768967569617,0.7801858127463278,False,1.2620872797277927,0.6886585678900989,1.5302248357329518e-09,
uniform,1.0,15,2015,true,100,0.7235289029484663,34,9.326657255958619,52,0.52,0.32,0,-2.262921548869461,-1.3554193648754715,0.17528398333006068,False,3.513617021553035,0.15450886943179887,4.4849457481177524e-11,
uniform,1.0,15,2016,discovered,570,0.8295649542684487,16,5.468502945982557,35,0.06140350877192982,0.69,0,-0.15741933455691015,-0.37861613419256923,0.7049729392975053,False,1.3507967673152945,0.631088744089949,1.4298251471700496e-09,
uniform,1.0,15,2016,true,100,0.7567750558789302,22,8.945674940379392,37,0.37,0.46,0,-0.5101056484116828,-0.6784871446225282,0.49746287200162786,False,2.824310126226931,0.24395503644415165,7.275957614183426e-12,
uniform,1.0,15,2017,discovered,617,0.803404721449816,18,9.070251654509136,24,0.03889789303079417,0.97,0,-0.025160492256297573,-0.16418409322588057,0.8695862229455631,False,0.751618870265125,0.5359998138438797,1.1301182212264393e-10,
uniform,1.0,15,2017,true,100,0.7339442958344585,24,9.931949286609305,43,0.43,0.33,0,-1.9385227332644792,-1.2322088041238162,0.21787109536730387,False,3.173198600860025,0.1405755015780612,3.197442310920451e-12,
uniform,1.0,16,2010,discovered,163,0.8373710591202372,1,2.655186400150687,163,1.0,0.12,0,-3.2366290796515313,-1.696234145211317,0.08984154643079732,False,-0.6603193738612644,0.8641352073443068,1.1908696251339279e-11,
uniform,1.0,16,2010,true,94,0.7416660023991201,5,7.649586173133985,17,0.18085106382978725,0.81,0,-0.2795610787121283,-0.566231078325607,0.5712367057413941,False,1.4704790670286938,0.23576869286826974,3.552713678800501e-14,
uniform,1.0,16,2011,discovered,247,0.8901155536977012,4,3.7334600779435574,39,0.15789473684210525,0.61,0,-0.11746387547622561,-0.31368745125557496,0.7537584325119734,False,-2.145329825313077,1.1849146517473566,1.3160672551748576e-10,
uniform,1.0,16,2011,true,100,0.6828385791477202,7,5.884725375373675,28,0.28,0.29,0,-0.6453597496313683,-0.6402722533649158,0.5219956162169136,False,1.7564231371468666,0.317992543900542,7.744915819785092e-13,
uniform,1.0,16,2012,discovered,344,0.8570046055869374,8,6.374660042182194,20,0.05813953488372093,0.93,0,-0.06725042450648289,-0.27216008681862836,0.7854989299160292,False,0.648936019873304,0.5597838318257975,4.389022478790139e-11,
uniform,1.0,16,2012,true,100,0.7809282595917899,9,5.505547014540589,45,0.45,0.11,0,-2.4840493139326165,-1.3948607517287288,0.16305783461211865,False,2.233698794586707,0.2511617094688562,2.4158453015843406e-13,
uniform,1.0,16,2013,discovered,278,0.8796130889822283,4,3.752631002874737,53,0.1906474820143885,0.21,0,-0.35277496541869624,-0.6208969200337695,0.5346674477948907,False,-0.46455844651149125,0.9082256167278725,1.4310330698208418e-11,
uniform,1.0,16,2013,true,100,0.7423261982811772,10,8.055938002922378,18,0.18,0.98,0,-0.11892102090885759,-0.36260223608409675,0.716902039649813,False,1.7041051238027594,0.3402690133589166,3.40349970429088e-12,
uniform,1.0,16,2014,discovered,427,0.8412508237576878,1,1.9871719780547328,427,1.0,0.0,0,6.6939874833847055,5.2534446060581805,1.492805877506611e-07,False,-426651.3339636483,588.8595491709574,0.0024625647438369924,
uniform,1.0,16,2014,true,100,0.7620365064741121,14,5.093123222935402,57,0.57,0.0,0,-5.870450104407663,-2.1460602808554556,0.0318681696410219,False,2.7837926917661204,0.21807612643040863,3.0127011996228248e-12,
uniform,1.0,16,2015,discovered,721,0.8063391992124381,23,5.303740214569783,50,0.06934812760055478,0.25,0,-0.39021787497230154,-0.6114239418714355,0.5409189565232151,False,2.2140098281156613,0.551391844290271,3.12070369545836e-11,
uniform,1.0,16,2015,true,100,0.9023094234738033,32,7.389563951482428,62,0.62,0.14,0,-1.7398547033926883,-1.1744392071519894,0.24021914878447148,False,3.353548811390711,0.2381766825000814,6.821210263296962e-13,
uniform,1.0,16,2016,discovered,599,0.8303130734994563,1,1.9758170358599791,599,1.0,0.0,0,13.133892745003031,9.175196409331381,4.507519921168103e-20,False,-986086.1375846299,902.0034829990975,0.006140025255263026,
uniform,1.0,16,2016,true,100,0.7863430960829639,22,8.221401260918153,48,0.48,0.74,0,-0.9763421918038606,-0.9933787855998565,0.3205253959892407,False,2.9164113599428605,0.23463365371347314,9.792984201340005e-10,
uniform,1.0,16,2017,discovered,584,0.8180983851666777,19,4.649524383534641,25,0.04280821917808219,0.77,0,-0.12070977423883811,-0.3549488019425554,0.722627947073682,False,1.2809319803831343,0.7608968361431795,5.9401372709544376e-12,
uniform,1.0,16,2017,true,100,0.7751926397165708,26,9.888293960569671,31,0.31,0.52,0,-1.4097565479104914,-1.1591794432325453,0.24638304887439366,False,3.253579982938982,0.14119513550344395,1.7053025658242404e-13,
uniform,1.0,17,2010,discovered,154,0.8163451269353968,1,2.7906247571883385,154,1.0,0.05,0,-3.913613765140595,-1.9380119578547652,0.0526217636705289,False,-0.21398031893770075,0.6792629097142555,2.0321522242738865e-12,
uniform,1.0,17,2010,true,93,0.7037271582865875,5,8.752659801508347,13,0.13978494623655913,0.97,0,-0.08835680325706097,-0.3348122662418481,0.7377667069188578,False,1.2536391454625557,0.267589650339719,1.0196288258157438e-12,
uniform,1.0,17,2011,discovered,240,0.8916997384023866,1,2.1067361948049017,240,1.0,0.01,0,-8.342878657267182,-2.650173431080732,0.008045046128322617,False,-0.7022659934381982,1.18071711771875,1.1652900866465643e-11,
uniform,1.0,17,2011,true,100,0.7251169711988409,8,7.349587891467546,17,0.17,0.5,0,-0.3441355248685736,-0.5605109863550163,0.575130948087309,False,1.9143772948297677,0.25269660089855434,1.0658141036401503e-14,
uniform,1.0,17,2012,discovered,326,0.8535863384171994,8,7.077607064822807,15,0.046012269938650305,0.56,0,-0.5225939635447077,-0.6948754403797265,0.48713336516198236,False,2.041647399502568,0.21599503668795028,7.815970093361102e-14,
uniform,1.0,17,2012,true,100,0.6803633682656224,10,7.199148527581015,35,0.35,0.56,0,-0.4031971567000121,-0.6352016807165511,0.5252968872367002,False,1.9025271878369479,0.3239121824085083,8.739675649849232e-13,
uniform,1.0,17,2013,discovered,279,0.872735137706489,1,2.0039864805366587,279,1.0,0.0,0,-8.261589481467531,-2.5206952285403013,0.01171232466551097,False,-1.187877106645609,1.4285735113170899,1.5290879673557356e-11,
uniform,1.0,17,2013,true,100,0.6241640325570533,9,8.426813486842498,24,0.24,0.83,0,-0.3661788309823826,-0.6010639709984998,0.547797379291791,False,1.9833918583861583,0.23881911553555885,7.105427357601002e-15,
uniform,1.0,17,2014,discovered,440,0.816130212239206,10,5.8225962687920125,31,0.07045454545454545,0.07,0,-1.1822141866042735,-0.9706184828979001,0.33173829852151515,False,2.253327929381094,0.27263714727881,5.471179065352771e-13,
uniform,1.0,17,2014,true,100,0.721580739043373,14,6.900263459256986,57,0.57,0.0,0,-6.45358841828709,-2.1063571294658123,0.03517334224896463,False,2.7513285148455506,0.14325615601233377,3.7900349525443744e-11,
uniform,1.0,17,2015,discovered,815,0.8072672050308399,22,4.7690402844315125,53,0.06503067484662577,0.25,0,-0.9163322727161947,-0.6949236801222175,0.48710313170488084,False,2.6446745117093013,0.48242711310453984,1.3216094885137863e-11,
uniform,1.0,17,2015,true,100,0.8151992927095221,31,6.619954653678557,77,0.77,0.0,0,-8.756306918960586,-2.472556824488804,0.013415038474626979,False,3.5494402809008783,0.15442535225248558,1.2249756764504127e-11,
uniform,1.0,17,2016,discovered,587,0.8217739353091992,19,6.087679918882679,29,0.049403747870528106,0.62,0,0.0032080176846598363,0.24887597348420046,0.8034567210272827,False,-46719.6835944295,94.82242708264782,5.172842065803707e-06,
uniform,1.0,17,2016,true,100,0.8009544023919626,19,6.111976943544982,69,0.69,0.0,0,-5.876243498417761,-2.098330810515147,0.03587593261836272,False,3.0390336022043245,0.19049156935655823,1.1652900866465643e-11,
uniform,1.0,17,2017,discovered,574,0.8017851209787779,12,3.6203969534710607,75,0.13066202090592335,0.32,0,-2.82907978941845,-1.4917417369944057,0.1357668630500801,False,2.3568930822562772,0.5184642944509077,6.178879630169831e-11,
uniform,1.0,17,2017,true,100,0.7704836437274137,26,9.434263272162816,35,0.35,0.57,0,-0.7770905738089391,-0.6534246251742192,0.5134825676506111,False,3.128650844058205,0.1950192686117136,1.6910917111090384e-12,
uniform,1.0,18,2010,discovered,164,0.8568009414492327,1,2.548842496502394,164,1.0,0.11,0,-3.425120184246717,-1.7137613162898027,0.08657257059533945,False,-0.7591569659957973,0.9343016317045311,1.2732925824820995e-11,
uniform,1.0,18,2010,true,95,0.7551609334694873,3,3.635262974425029,53,0.5578947368421052,0.17,0,-2.13053809113593,-1.3721898185987025,0.17000435410022352,False,1.051878818604779,0.4562799050438027,3.525713054841617e-11,
uniform,1.0,18,2011,discovered,263,0.8770205006239428,5,4.983803989981874,27,0.10266159695817491,0.95,0,-0.24921219070351874,-0.49186784986439724,0.6228127674992467,False,0.8050347831496951,0.5366130603542718,1.5916157281026244e-12,
uniform,1.0,18,2011,true,100,0.6700439941076841,6,4.758582996371415,38,0.38,0.14,0,-1.3885084628303237,-1.1754398155779884,0.23981880215100393,False,1.7184953328811896,0.3481008498885907,1.9618084934336366e-11,
uniform,1.0,18,2012,discovered,333,0.8670562817775279,8,5.406559387960655,21,0.06306306306306306,0.6,0,-0.26492703475551194,-0.5009066186767507,0.6164368442075294,False,1.5479308428909564,0.4448707860531992,1.2079226507921703e-13,
uniform,1.0,18,2012,true,100,0.7376604176682175,11,8.151508665386476,24,0.24,0.91,0,-0.06675360917717921,-0.24041324380257706,0.8100099121714782,False,1.1821059446090334,0.44562164234147433,4.037303824588889e-11,
uniform,1.0,18,2013,discovered,283,0.8553632315151709,5,4.014299462772686,48,0.1696113074204947,0.04,0,-1.014113393942882,-0.8751218453350007,0.381507611974358,False,1.1939712211009392,0.5411654660001027,5.684341886080802e-14,
uniform,1.0,18,2013,true,100,0.6370107696813901,9,6.3240461568850606,26,0.26,0.22,0,-1.523856790161454,-1.1438825382997584,0.2526723536151245,False,2.245044579487666,0.20476035962912115,4.263256414560601e-14,
uniform,1.0,18,2014,discovered,480,0.8145389228545967,1,2.00842116223776,480,1.0,0.0,0,4.892703968850096,3.767742618064446,0.00016473041379449623,False,-295904.07782185543,484.36465997350155,0.0010932773484455538,
uniform,1.0,18,2014,true,100,0.7852271117918309,15,7.149252514967193,39,0.39,0.38,0,-1.0762277297500722,-0.9882838002989905,0.32301367692231786,False,2.5937684974055104,0.24439122301154503,3.126388037344441e-13,
uniform,1.0,18,2015,discovered,710,0.8058299924270442,21,4.727059081645707,49,0.06901408450704226,0.64,0,-0.1970079693156226,-0.4423978016787097,0.6582013695180515,False,1.1550704806760215,0.791134175898754,4.865796654485166e-11,
uniform,1.0,18,2015,true,100,0.8249353053162682,32,9.07966035268537,45,0.45,0.13,0,-2.9516965108594886,-1.631296294854101,0.10282781481962931,False,3.5025068614500388,0.1351770557829725,1.2789769243681803e-13,
uniform,1.0,18,2016,discovered,569,0.805261227730975,17,6.050320869434826,34,0.05975395430579965,0.61,0,-0.20320122543711427,-0.3913202166885049,0.6955605571766234,False,1.8376163693037202,0.5105437019267143,4.277467269275803e-12,
uniform,1.0,18,2016,true,100,0.8165964906309384,24,9.26581989184667,42,0.42,0.26,0,-0.9693029298649236,-0.8895896124390341,0.3736862858878621,False,3.0556126840259026,0.19573667662875394,1.8474111129762605e-13,
uniform,1.0,18,2017,discovered,646,0.7978658742582133,19,7.709319005553282,24,0.03715170278637771,0.47,0,0.006939871365471362,0.6882233076241453,0.49131216855263893,False,-62281.91445830831,95.31901186896681,3.168639523210004e-05,
uniform,1.0,18,2017,true,100,0.677396784673242,24,8.62329833822445,51,0.51,0.06,0,-1.5086554675734165,-1.1363527684985066,0.25580895450498986,False,3.097823838027336,0.19421316564958488,3.097966327914037e-12,
uniform,1.0,19,2010,discovered,166,0.7945318969849445,1,2.9115236476065816,166,1.0,0.29,0,-0.21279179824708505,-0.4113684699764677,0.6808023700382885,False,-16.570747141587233,2.6925207617267373,2.5876317977235885e-08,
uniform,1.0,19,2010,true,97,0.7517149002768957,5,6.691636083415909,13,0.13402061855670103,0.36,0,-0.6168169174682561,-0.763681666889818,0.4450569685345762,False,1.6662211583578896,0.1867713228258903,2.582822844487964e-12,
uniform,1.0,19,2011,discovered,246,0.856667337395355,1,2.2475709612633485,246,1.0,0.0,0,-7.43617765653873,-2.578260041637406,0.009929923980600781,False,-0.6591815603462481,1.0625950707005276,1.992361831071321e-10,
uniform,1.0,19,2011,true,100,0.6893792938291352,7,5.952617579381726,28,0.28,0.07,0,-3.2661437957315114,-1.594785274759805,0.11076026102217774,False,2.091073718485801,0.15897062795206496,1.4210854715202004e-13,
uniform,1.0,19,2012,discovered,324,0.8634892311074029,1,2.060309473795255,324,1.0,0.0,0,-3.1175520751303836,-1.42475529344192,0.15422794952855307,False,-4.543582387139162,2.1127838903823815,2.056594894384034e-10,
uniform,1.0,19,2012,true,100,0.7469489742288347,11,7.247650071256401,30,0.3,0.53,0,-0.484398773727432,-0.6950407264727836,0.48702977906232237,False,2.1324618878812363,0.2871527298902545,4.462208380573429e-12,
uniform,1.0,19,2013,discovered,287,0.8507806561411149,6,6.113868360303026,15,0.05226480836236934,0.24,0,-0.5204609499472133,-0.6953900365800745,0.4868109028086012,False,1.7535623286758548,0.2517769385070698,1.6697754290362354e-13,
uniform,1.0,19,2013,true,99,0.7002868375311818,8,6.030757114814968,35,0.35353535353535354,0.1,0,-2.6798997927898305,-1.4575809736566696,0.1449560771354918,False,2.1721082847327056,0.19234313001779713,8.049738653426175e-11,
uniform,1.0,19,2014,discovered,448,0.8346237262552686,13,6.92142107342526,19,0.04241071428571429,0.2,0,-0.35659731533558414,-0.5330352537165012,0.5940091768278885,False,2.3308002026573593,0.29034707390183956,1.0658141036401503e-13,
uniform,1.0,19,2014,true,100,0.6726924364609276,17,9.641352604650441,36,0.36,0.57,0,-2.628154457978341,-1.4184669114385295,0.15605449245817074,False,2.8823204381088625,0.1175584232696921,7.574385563202668e-12,
uniform,1.0,19,2015,discovered,847,0.8297693037217307,22,5.349431148341979,50,0.0590318772136954,0.87,0,0.02084168058310709,0.8002256013365486,0.42358009935951724,False,-232083.9020890107,228.9614925471145,0.00013164990014047362,
uniform,1.0,19,2015,true,100,0.8022828418566661,31,7.958848730896989,59,0.59,0.03,0,-4.374723461818704,-1.9361106561160755,0.05285414968967293,False,3.4899439518339053,0.14939699472904858,2.1174173525650986e-11,
uniform,1.0,19,2016,discovered,554,0.8092348456894154,17,6.26393031225359,30,0.05415162454873646,0.34,0,0.041732143176783865,1.0479183862180055,0.29467621039775116,False,-397412.8597532022,271.6808193129613,0.0002395242263446562,
uniform,1.0,19,2016,true,100,0.6223095337764301,18,5.1528232259722415,79,0.79,0.0,0,-15.745188538964378,-3.2677884110048354,0.0010839136637265901,False,3.0953830264429607,0.15970663224749848,2.1384494175435975e-10,
uniform,1.0,19,2017,discovered,592,0.7908030725999,17,6.219673463233286,41,0.06925675675675676,0.72,0,-0.12936082285866046,-0.33617318831889925,0.7367402701449919,False,1.2282768840569824,0.604712808917495,5.871783059774316e-10,
uniform,1.0,19,2017,true,100,0.7103445813690277,19,4.968279358844345,84,0.84,0.0,0,-14.924994120876356,-3.361957906039688,0.0007739192043969785,False,3.1508134029757073,0.17710364267559356,5.684341886080802e-14,
uniform,1.0,20,2010,discovered,175,0.8090532740526521,1,2.8725294240827153,175,1.0,0.32,0,-1.2477805942153477,-1.1459039406114928,0.2518349005682776,False,-2.241804572436438,1.1477513966800565,6.075993042031769e-10,
uniform,1.0,20,2010,true,94,0.7441258365495692,4,5.477464317494401,24,0.2553191489361702,0.56,0,-0.6622378453659304,-0.792536132674343,0.4280481320154309,False,1.3075751751557156,0.2985042066920337,7.780442956573097e-13,
uniform,1.0,20,2011,discovered,261,0.8612592508215736,4,3.924244514357661,49,0.18773946360153257,0.02,0,-2.6769732796753023,-1.4804515317413478,0.13875278637475746,False,1.4448588049052544,0.37195423615160883,2.842170943040401e-14,
uniform,1.0,20,2011,true,99,0.6846058878391341,6,5.406406337058741,39,0.3939393939393939,0.45,0,-0.5575560687239416,-0.7650666963299455,0.4442318299577205,False,1.3538498209367356,0.4174811402805628,1.9895196601282805e-13,
uniform,1.0,20,2012,discovered,305,0.8245650497103255,7,5.918571892836683,42,0.1377049180327869,0.71,0,-0.8062811806519812,-0.8446348997685252,0.39831471715152034,False,1.691587186500554,0.3366772335840754,9.663381206337363e-13,
uniform,1.0,20,2012,true,100,0.5725899134519148,11,7.40210808136147,32,0.32,0.12,0,-3.216711781886414,-1.579206411815701,0.11428871975578882,False,2.496556924840039,0.1357898420437853,7.105427357601002e-14,
uniform,1.0,20,2013,discovered,309,0.864858724434938,1,2.121675685387425,309,1.0,0.0,0,-6.352698412629003,-2.300656434308664,0.021411058427491327,False,-1.742906181878349,1.4619228221753282,1.3983481039758772e-11,
uniform,1.0,20,2013,true,100,0.6737130110116604,10,8.114945065038244,13,0.13,0.81,0,-0.4241182179847325,-0.622525266527655,0.5335965350506591,False,2.2566715929909558,0.1910685935235425,2.913225216616411e-13,
uniform,1.0,20,2014,discovered,447,0.8285668000619957,11,5.155569084082621,37,0.08277404921700224,0.65,0,-0.0017285471574748357,-0.023600292276986675,0.9811714390138261,False,-24.248221162006043,2.509927343599734,1.9067635008696016e-05,
uniform,1.0,20,2014,true,100,0.7734639748149914,14,5.905229254523937,62,0.62,0.02,0,-4.476263788163678,-1.8863998439606648,0.05924109358798824,False,2.7148107022245953,0.21082721364652107,5.087485988042317e-12,
uniform,1.0,20,2015,discovered,698,0.806290267889281,23,5.380438422992191,56,0.08022922636103152,0.39,0,-0.5654817446678368,-0.6040195157554671,0.5458306672696974,False,2.4258454860215974,0.4983485968696958,3.177547114319168e-11,
uniform,1.0,20,2015,true,100,0.7580792407211391,30,6.720714852805797,78,0.78,0.0,0,-7.490993825556327,-2.1679786149322804,0.03016031365992285,False,3.498604239990361,0.16318703711337135,2.248157215944957e-11,
uniform,1.0,20,2016,discovered,611,0.8278495605857273,14,4.872754556283612,42,0.06873977086743044,0.65,0,-0.6230299754253554,-0.7459755198319021,0.4556822031422282,False,2.1133513598554763,0.49140600472315477,1.6058265828178264e-12,
uniform,1.0,20,2016,true,100,0.7456764355765647,21,7.44563892285829,53,0.53,0.01,0,-4.630864630935182,-1.9387485909100348,0.05253195877011664,False,3.1233104564290977,0.14919566118483327,2.9132252166164108e-12,
uniform,1.0,20,2017,discovered,586,0.7974057593692768,13,4.216774895903145,79,0.1348122866894198,0.04,0,-2.038831808202253,-0.9966557487778475,0.3189316358447749,False,2.283972015532563,0.48675443513613276,8.810729923425242e-12,
uniform,1.0,20,2017,true,100,0.7708244995599043,23,6.877185467100478,56,0.56,0.0,0,-4.55003901796386,-1.9943999700777062,0.04610836179263547,False,3.212793860122212,0.16948164680994215,5.046274509368232e-10,
uniform,1.0,21,2010,discovered,167,0.8421841148330123,2,3.711057299946072,43,0.25748502994011974,0.35,0,-0.8233087460018675,-0.9218488103650286,0.35660744332323313,False,0.34089504543807875,0.5463470422278285,2.21213269924192e-10,
uniform,1.0,21,2010,true,93,0.721719085685471,4,5.090959307141064,29,0.3118279569892473,0.08,0,-0.7764006156384067,-0.8318090644301862,0.40551672666295,False,1.260794901206165,0.33936078830430283,3.410605131648481e-13,
uniform,1.0,21,2011,discovered,242,0.8784038197919486,6,5.680858282985899,18,0.0743801652892562,0.89,0,-0.03190706882862138,-0.1700891017486418,0.8649400641771159,False,-1.022032814808986,0.8026376876902532,6.667590923825628e-10,
uniform,1.0,21,2011,true,99,0.6124310376099963,4,3.0942533552574694,72,0.7272727272727273,0.0,0,-14.318863765938566,-3.2746291501723412,0.0010580076485178923,False,1.7760049425045374,0.29713678946924177,4.831690603168681e-13,
uniform,1.0,21,2012,discovered,306,0.8650440826371796,6,4.299849549203828,41,0.13398692810457516,0.09,0,-1.9040662345796968,-1.338526633741668,0.1807248241872843,False,1.7833270871169802,0.36418141630662487,4.121147867408581e-13,
uniform,1.0,21,2012,true,100,0.8080233038609997,8,4.7947311190715745,54,0.54,0.55,0,-1.0356370041354972,-0.982417297755823,0.3258943079898098,False,1.7091268652732368,0.44906086505990656,9.237055564881302e-13,
uniform,1.0,21,2013,discovered,277,0.8835918598242872,1,2.1353352436819923,277,1.0,0.0,0,-4.640968501066514,-1.9051685530466678,0.05675816454411183,False,-2.331870366578225,1.589065381188297,2.455635694786906e-10,
uniform,1.0,21,2013,true,100,0.6467774276689164,9,7.1338797916375025,26,0.26,0.39,0,-1.4348948111949054,-1.0973653144203501,0.272481729607882,False,2.2357119585893845,0.18009455070291341,2.3447910280083306e-13,
uniform,1.0,21,2014,discovered,464,0.8254394950975039,9,4.440266160476076,60,0.12931034482758622,0.56,0,-0.6349183227060733,-0.6866697395746085,0.49229087012283457,False,1.315157716740106,0.6199182258613961,3.984723662142642e-11,
uniform,1.0,21,2014,true,100,0.7766410693451645,17,9.27697864447482,27,0.27,0.95,0,-0.22699495392675662,-0.47721261409123467,0.633210729687223,False,2.409617756448338,0.27383746855175645,3.468443310339353e-10,
uniform,1.0,21,2015,discovered,783,0.8185404260464263,23,5.309735342246015,49,0.06257982120051085,0.68,0,0.004616019257099424,0.25478819275418424,0.7988866952009147,False,-56590.70176991402,113.61403823905601,2.502966526662931e-05,
uniform,1.0,21,2015,true,100,0.8575363817562887,33,9.125718473550931,46,0.46,0.67,0,-0.2154384436565877,-0.49425556804611454,0.6211257001633508,False,2.755685911767355,0.3421906946219536,3.012843308169977e-10,
uniform,1.0,21,2016,discovered,571,0.8078779077084999,16,5.563749366989753,40,0.07005253940455342,0.7,0,-0.1519999084486665,-0.3246981611339934,0.7454095265211093,False,1.156716125630785,0.6559064429322742,1.9412027540965937e-11,
uniform,1.0,21,2016,true,100,0.7761605573064019,21,7.699406255650005,59,0.59,0.56,0,-0.9936737629707288,-0.8208213045983644,0.41174806150539267,False,2.7954098569838264,0.2706990377279008,3.126388037344441e-13,
uniform,1.0,21,2017,discovered,574,0.7921836031068031,16,6.201181578003002,43,0.07491289198606271,0.45,0,-0.36600438071969954,-0.5204891512011816,0.6027226874007898,False,2.075635863480873,0.4400777061263008,1.6285639503621496e-11,
uniform,1.0,21,2017,true,100,0.7956671190251334,24,9.033108837426592,43,0.43,0.6,0,-1.0286721201320654,-0.9725556091506371,0.3307742141767025,False,3.0595097145956007,0.1989514107335983,3.6266101233195513e-11,
uniform,1.0,22,2010,discovered,157,0.8468069152923738,3,5.418707343030757,19,0.12101910828025478,0.6,0,-0.3025423451524458,-0.5929403717895261,0.5532210584121242,False,0.8877148102167286,0.34712598496743285,3.197442310920451e-14,
uniform,1.0,22,2010,true,89,0.7509170599064586,5,6.826700041302198,15,0.16853932584269662,0.91,0,-0.11342902286119383,-0.3592885455036554,0.7193792424218926,False,1.0591723615883306,0.36953572699778103,3.765876499528531e-13,
uniform,1.0,22,2011,discovered,244,0.8506737274413502,4,5.547277873313922,44,0.18032786885245902,0.12,0,-1.1688822849185234,-1.0321976337078378,0.30197954334606925,False,1.2974017941043643,0.2984001317583512,3.814193405560218e-11,
uniform,1.0,22,2011,true,100,0.6614089842150429,8,8.856002842482381,12,0.12,0.88,0,-0.2256527253803735,-0.48073444050339154,0.6307052501422747,False,1.949738135250592,0.20429983477794944,3.019806626980426e-14,
uniform,1.0,22,2012,discovered,307,0.8495763945421444,7,4.435775290015102,40,0.13029315960912052,0.7,0,0.019029793704726572,0.22208619809807267,0.8242467819123465,False,-180853.32797420383,223.5799428406365,7.227199603221379e-05,
uniform,1.0,22,2012,true,100,0.6665908303864275,10,7.197081981423045,35,0.35,0.36,0,-1.7743202563138956,-1.2132717781989935,0.22502592916781994,False,2.3245817699639932,0.1864385148442525,5.684341886080802e-14,
uniform,1.0,22,2013,discovered,277,0.8640869386812492,1,2.1105810408459913,277,1.0,0.0,0,-6.4477350428127345,-2.2772184421434902,0.02277318437979948,False,-1.4503162969268995,1.3964659638288335,4.18367562815547e-11,
uniform,1.0,22,2013,true,100,0.8000101430639202,9,5.78107498456482,24,0.24,0.36,0,-1.4358582881340958,-1.1025403062132517,0.27022684558092747,False,2.2493015451738607,0.22800722135115575,6.394884621840902e-13,
uniform,1.0,22,2014,discovered,409,0.8019498924334372,11,6.929054652682613,34,0.08312958435207823,0.49,0,-0.5725175479838938,-0.7357581244620173,0.46187790967299247,False,2.1304111036547164,0.29898957376563723,5.542233338928781e-13,
uniform,1.0,22,2014,true,100,0.7485733245814536,15,7.371431513207758,39,0.39,0.42,0,-0.9894908095826858,-0.9716066029215362,0.3312462963986138,False,2.576620756888931,0.24318218607045658,1.6328272067767102e-11,
uniform,1.0,22,2015,discovered,763,0.779172476269306,25,6.050775751355767,33,0.04325032765399738,0.72,0,0.012137832218122924,0.7300848763243415,0.46533830514672925,False,-154999.58851892088,173.7887981739008,8.379619248444214e-05,
uniform,1.0,22,2015,true,100,0.7077633350360457,31,7.989554286932655,65,0.65,0.0,0,-6.2767940405833205,-2.0186009238791636,0.04352871493187557,False,3.5147367986313327,0.13302837048624774,7.958078640513122e-13,
uniform,1.0,22,2016,discovered,602,0.8214941277604213,15,4.997313246632529,41,0.0681063122923588,0.23,0,-0.0750451398712837,-0.1830137856680266,0.854787201904903,False,-0.6316321682720742,0.9628752985770511,7.497646947740577e-10,
uniform,1.0,22,2016,true,100,0.7521562725905319,22,8.679667058599335,49,0.49,0.12,0,-3.6615403066797585,-1.497484722764459,0.13426717782878972,False,3.1442953285475026,0.13343561894178838,4.547473508864641e-13,
uniform,1.0,22,2017,discovered,577,0.7997761034473961,16,5.482173372032785,39,0.06759098786828423,0.88,0,-0.4716526374524581,-0.6904227755932236,0.48992835807098245,False,2.203775001421981,0.45495204978117565,1.8474111129762605e-12,
uniform,1.0,22,2017,true,100,0.690894569070872,23,7.808845096488375,48,0.48,0.19,0,-2.5757893255161624,-1.4103791960464005,0.15842774496279077,False,3.1530191344303526,0.17296350811379319,7.105427357601002e-14,
uniform,1.0,23,2010,discovered,164,0.8199897018500962,3,6.018016212568243,14,0.08536585365853659,0.81,0,-0.12015223029346545,-0.38546420333263415,0.6998935229211185,False,0.6906664203319327,0.37062463830884007,1.4939161019356106e-12,
uniform,1.0,23,2010,true,96,0.7725336203235701,3,3.9696347833211636,45,0.46875,0.14,0,-1.6729330503474946,-1.1020938094726849,0.270420890427736,False,1.049254339085633,0.410348872071116,3.765876499528531e-13,
uniform,1.0,23,2011,discovered,249,0.8880462160025822,1,2.173335208119098,249,1.0,0.0,0,-9.126116511987654,-2.7732246352366325,0.005550379215790614,False,-0.5047306751741825,1.0628093213848446,2.2737367544323206e-13,
uniform,1.0,23,2011,true,100,0.6545248834065454,7,6.0740054260464404,25,0.25,0.92,0,-0.3119495411511055,-0.529294011712551,0.5966015090388501,False,1.5037465953111069,0.38065227403912394,1.6342482922482304e-13,
uniform,1.0,23,2012,discovered,329,0.867074342844174,7,4.088910256343369,40,0.12158054711246201,0.41,0,-1.1293376483169018,-0.9484331328842011,0.34290899869379843,False,1.7097925178184408,0.47958156808204033,3.410605131648481e-13,
uniform,1.0,23,2012,true,100,0.5753690001619032,11,7.803878558472753,22,0.22,0.74,0,-0.5197300693628295,-0.7149121579016636,0.47466332396256616,False,2.2695311017916366,0.2286706859912169,0.0,
uniform,1.0,23,2013,discovered,307,0.8712119322473226,1,2.134432180951627,307,1.0,0.0,0,-6.212264573537325,-2.267829694936783,0.023339588754923465,False,-1.752915859293728,1.4529116250980496,7.054836714814883e-10,
uniform,1.0,23,2013,true,100,0.6278261611609023,10,8.04496653528453,19,0.19,0.7,0,-0.26902007133260675,-0.515259124171343,0.6063719584983549,False,2.0374696991005496,0.2628487714659169,4.476419235288631e-13,
uniform,1.0,23,2014,discovered,447,0.8322429958153094,10,4.619222446479188,42,0.09395973154362416,0.32,0,-1.6440769098368393,-1.12195360359222,0.2618821674249677,False,2.2321171742176933,0.36457582694520435,1.674038685450796e-11,
uniform,1.0,23,2014,true,100,0.7044284837463463,16,8.020849074515306,38,0.38,0.35,0,-1.74137862765089,-1.2086240936346215,0.22680729567033475,False,2.7702240753124867,0.1760003227687207,1.8474111129762605e-13,
uniform,1.0,23,2015,discovered,843,0.7957559675014677,19,4.509944357249761,72,0.08540925266903915,0.08,0,-2.156579783196678,-1.2532026240538707,0.21013197524142302,False,2.7609141682074343,0.4235352370960938,7.560174708487466e-12,
uniform,1.0,23,2015,true,100,0.7493721588461771,34,9.730404729092822,50,0.5,0.26,0,-3.58014577089104,-1.61560958380469,0.10617875051115463,False,3.5685297519829167,0.12071360179003641,1.2647660696529783e-12,
uniform,1.0,23,2016,discovered,559,0.8055049597455018,13,4.330190856643448,65,0.11627906976744186,0.06,0,-1.1627199559655135,-1.0503250615033999,0.29356868658802726,False,2.0788968316344167,0.5362318335374983,4.462208380573429e-12,
uniform,1.0,23,2016,true,100,0.7788400866372465,23,8.425707163762272,45,0.45,0.12,0,-4.07757327406817,-1.838245170232546,0.0660262864872772,False,3.2074849413401108,0.1274997435053951,8.384404281969182e-12,
uniform,1.0,23,2017,discovered,574,0.7881043197019554,16,6.141851139330429,49,0.08536585365853659,0.19,0,-0.00974932834791531,-0.07937903278653635,0.9367311454217017,False,-9.617657325788507,1.555987287160637,8.286166490734104e-07,
uniform,1.0,23,2017,true,100,0.803810458551374,26,8.859846445196329,39,0.39,0.92,0,-0.105302296624604,-0.3136461080415431,0.7537898361428892,False,2.0949076816177277,0.41831832217694853,4.0117242861015256e-11,
uniform,1.0,24,2010,discovered,158,0.8151400671257886,1,2.783077837779797,158,1.0,0.06,0,-3.9697235861347107,-1.9644914036649732,0.049473132208794665,False,-0.23038421732261052,0.6871669603040438,5.5138116294983774e-12,
uniform,1.0,24,2010,true,94,0.6864975680395531,3,3.850737817545741,53,0.5638297872340425,0.0,0,-6.094759291657272,-2.171621851080142,0.029884197460431056,False,1.3528983232975418,0.25760227193460283,1.6342482922482304e-13,
uniform,1.0,24,2011,discovered,253,0.897147968221637,1,2.16076826383356,253,1.0,0.0,0,-6.234419834045855,-2.2422835270868515,0.02494305371410177,False,-1.272206349315295,1.3050330543408788,4.172306944383308e-11,
uniform,1.0,24,2011,true,100,0.677013909550488,7,6.70287937627333,27,0.27,0.08,0,-3.0610364090975364,-1.5251139473852198,0.12723067899526325,False,2.0760987884852655,0.13675414736262484,3.979039320256561e-13,
uniform,1.0,24,2012,discovered,317,0.8427474032588801,5,3.812630353277786,59,0.1861198738170347,0.18,0,-1.984652241653033,-1.2958553705200226,0.19502531749752394,False,1.4475125698787603,0.4850529437136282,1.7053025658242404e-13,
uniform,1.0,24,2012,true,100,0.6619642618113333,12,9.601627951486877,17,0.17,0.36,0,-0.1825524241256753,-0.35217209241857056,0.7247092049799643,False,2.1842028246080067,0.23777948547006608,3.197442310920451e-14,
uniform,1.0,24,2013,discovered,274,0.8705547303726602,6,5.648177232898196,29,0.10583941605839416,0.82,0,-0.37911168036988485,-0.6180293350835998,0.5365560015887941,False,1.340408440038571,0.4056010077546536,1.0268053074469208e-10,
uniform,1.0,24,2013,true,100,0.7085382282481635,9,7.201681455664434,27,0.27,0.86,0,-0.03438192435102572,-0.1917165041739049,0.8479642773353846,False,-0.2629340390685735,0.6530431809304899,1.3845777857568464e-09,
uniform,1.0,24,2014,discovered,426,0.8212015402205931,15,6.928445543528181,16,0.03755868544600939,0.4,0,0.009627291788852688,0.7733495095913033,0.4393155624601761,False,-190039.72338984365,176.68636638333618,3.649125574156642e-05,
uniform,1.0,24,2014,true,100,0.765977379968664,17,9.825318332509761,26,0.26,1.0,0,-0.00106024494898449,-0.027927285590021233,0.9777201461734756,False,-10.407189038559888,1.2201192819562443,7.857359861418445e-06,
uniform,1.0,24,2015,discovered,732,0.8063468273325803,29,8.263146835923566,29,0.03961748633879782,0.21,0,0.010058571006037909,0.8883378378781583,0.37435905207709874,False,-172009.01647231693,152.79496923894007,7.666814053663984e-05,
uniform,1.0,24,2015,true,100,0.8245757992028314,34,8.50784126970549,52,0.52,0.13,0,-3.2253628453146606,-1.6474644526706028,0.09946261694804578,False,3.559120625691393,0.14913358254224546,1.1368683772161603e-13,
uniform,1.0,24,2016,discovered,514,0.7856432345542027,16,6.922509252136366,42,0.08171206225680934,0.18,0,0.016316573063726025,0.6621274895022627,0.5078895196909978,False,-50245.2490249899,90.96300860376935,6.193240187712945e-05,
uniform,1.0,24,2016,true,100,0.7394207808820753,23,8.75979539526444,37,0.37,0.3,0,-1.6148524807592857,-1.1661343558952209,0.24356012808154082,False,3.123920390968796,0.1642146836537163,2.2311041902867146e-12,
uniform,1.0,24,2017,discovered,612,0.8163205086774045,16,5.028510857297786,47,0.07679738562091504,0.54,0,-0.057087968760114904,-0.2157724481560488,0.8291651256116622,False,-1.510412693215612,1.0724851412111907,7.925962108856766e-10,
uniform,1.0,24,2017,true,100,0.7735409623887994,22,6.792143360657581,63,0.63,0.04,0,-5.821876661322457,-2.1149128000824926,0.03443738003392902,False,3.1838243741286325,0.16267187948722933,1.1766587704187259e-11,
uniform,1.0,25,2010,discovered,156,0.8319343409905359,1,2.7349977525112537,156,1.0,0.23,0,-0.7846021946675719,-0.7961406899652615,0.4259502659878275,False,-4.385325806058466,1.5583990784089778,1.7499246496299747e-10,
uniform,1.0,25,2010,true,92,0.7795448074409603,5,6.682994052243481,14,0.15217391304347827,0.5,0,-0.012851905404705377,-0.11973038110636083,0.9046967328284092,False,-1.741556559922319,0.77740302830977,1.5008652098913444e-09,
uniform,1.0,25,2011,discovered,235,0.879176885992508,4,4.14761876712938,35,0.14893617021276595,0.39,0,-1.1173211036381134,-0.9556224122851957,0.33926303415513126,False,1.248813370564534,0.4276144227601243,9.876544027065393e-13,
uniform,1.0,25,2011,true,99,0.5951426169378515,7,8.568633657407334,28,0.2828282828282828,0.63,0,-0.7676562552959018,-0.828780010593168,0.4072289013765418,False,1.9033420793897025,0.1800590275603665,1.4210854715202004e-14,
uniform,1.0,25,2012,discovered,347,0.8657907650022226,5,3.488318097864185,55,0.1585014409221902,0.19,0,-1.1185139327691171,-0.9765532039468463,0.32879039602440074,False,1.040000941469065,0.6750235068637743,5.3859139370615594e-12,
uniform,1.0,25,2012,true,100,0.7373007961694216,8,4.24728217548383,61,0.61,0.01,0,-5.792186824232626,-2.208697147264729,0.027195712992668777,False,2.2463321433011982,0.27955031735226027,1.4210854715202004e-14,
uniform,1.0,25,2013,discovered,264,0.8685724199790552,7,5.002348671195836,19,0.07196969696969698,0.82,0,-0.1963863261489429,-0.42589369345957556,0.6701853105353777,False,1.2046489652774566,0.525643975840623,8.604672530054813e-12,
uniform,1.0,25,2013,true,100,0.6875074523771324,9,6.4184348222049215,29,0.29,0.58,0,-0.644582238326306,-0.7495883239232293,0.45350268518089254,False,2.01029875685108,0.2937875085275585,4.973799150320701e-14,
uniform,1.0,25,2014,discovered,479,0.839954808787347,10,4.688845395922384,46,0.09603340292275574,0.21,0,-2.0684552821406808,-1.3092652334458208,0.19044452200005146,False,2.2805275029506262,0.33795673881909977,4.547473508864641e-13,
uniform,1.0,25,2014,true,100,0.7172262995208882,15,6.4821450539635705,48,0.48,0.39,0,-0.6731929270088441,-0.8598760144719072,0.3898573914951705,False,2.323544347190073,0.3510668841876992,5.186961971048731e-12,
uniform,1.0,25,2015,discovered,799,0.790263381253349,21,5.375051967788338,58,0.07259073842302878,0.29,0,0.009897289922424335,0.3359233591987121,0.7369286615214925,False,-129993.306708378,170.7648378219697,7.190606629592367e-05,
uniform,1.0,25,2015,true,100,0.8132921024975246,31,7.111414129089082,73,0.73,0.0,0,-5.403210347942143,-2.0118519725707684,0.04423554342195,False,3.4969256003429634,0.1704964169551906,1.8189894035458565e-12,
uniform,1.0,25,2016,discovered,531,0.8165508052111567,15,5.632949374679106,49,0.09227871939736347,0.6,0,-0.028340824198966885,-0.15214776842665567,0.879070388983469,False,-3.043483210361369,1.138053025465762,7.912856858638406e-08,
uniform,1.0,25,2016,true,100,0.7362091711241137,24,9.739524082517411,34,0.34,0.4,0,-2.752527460165987,-1.545584226328339,0.12220501309927922,False,3.231882698291333,0.11330202559570467,6.195932655828074e-12,
uniform,1.0,25,2017,discovered,593,0.7974169520668649,16,6.030584351250703,49,0.08263069139966273,0.51,0,-0.03507978493910713,-0.15061554377250397,0.8802789991183324,False,-2.110752638281635,1.0098081638633805,9.564230651903927e-08,
uniform,1.0,25,2017,true,100,0.7629009999007597,20,4.7391558854163875,70,0.7,0.0,0,-11.277637983872342,-2.88445528390831,0.003920914378412682,False,3.206265324475438,0.1972946360811761,5.766480626334669e-10,
uniform,1.0,26,2010,discovered,160,0.8363628872318609,1,2.6813307268839863,160,1.0,0.38,0,-0.7183166366843419,-0.8301376373571959,0.40646096945836774,False,-5.184449232759061,1.7010118239566194,1.994266085603158e-09,
uniform,1.0,26,2010,true,92,0.7323087650268358,4,4.660950492350151,29,0.31521739130434784,0.0,0,-3.6880713000095593,-1.6898553914687462,0.09105562360144726,False,1.6009012721572442,0.19322215297567358,7.915446076367516e-12,
uniform,1.0,26,2011,discovered,257,0.87720267409604,4,4.50610830897524,42,0.16342412451361868,0.23,0,-0.12018677430381786,-0.3720995339238174,0.7098187433380482,False,-1.271742369328107,0.9103615708961733,3.282920602032391e-10,
uniform,1.0,26,2011,true,98,0.6762621835845963,8,7.229573009626545,17,0.17346938775510204,0.97,0,-0.017236788954116733,-0.13208592458001264,0.894916328920716,False,-0.8018972270415516,0.6979626594277017,2.051002923053602e-09,
uniform,1.0,26,2012,discovered,324,0.8596883231863569,1,1.9795489113120248,324,1.0,0.0,0,-4.681126677872069,-1.7256561955018745,0.084409283056381,False,-3.198618972617516,1.9538385299634178,9.401901479577646e-11,
uniform,1.0,26,2012,true,100,0.7283305952143305,10,6.945268243445724,37,0.37,0.06,0,-3.690736601920378,-1.7054000946340457,0.08811983071361955,False,2.408178193893712,0.1461324696153753,1.41824330057716e-11,
uniform,1.0,26,2013,discovered,287,0.8938853390142669,1,2.1222832142454213,287,1.0,0.01,0,-5.73067177612487,-2.160647201724672,0.03072260228731145,False,-1.9056831965205734,1.5012412999357585,6.332356861094013e-11,
uniform,1.0,26,2013,true,99,0.7267608300763664,8,5.825368391915754,31,0.31313131313131315,0.33,0,-1.2450334345717713,-1.032495317614363,0.3018401400375724,False,2.051559282327517,0.2623729484068288,2.7711166694643907e-13,
uniform,1.0,26,2014,discovered,447,0.8137979777238636,12,6.815485314952057,23,0.05145413870246085,0.21,0,-0.35825170970730413,-0.43085237593464626,0.6665757134412771,False,2.1725953141758394,0.31631896552938843,4.090594529770897e-11,
uniform,1.0,26,2014,true,100,0.7012719557002534,17,9.017148773348852,32,0.32,0.34,0,-0.5963627686058752,-0.8442065729403928,0.398553982211859,False,2.661132387239286,0.21532048113592558,1.7053025658242404e-13,
uniform,1.0,26,2015,discovered,808,0.8103422543923035,17,3.947702801205962,78,0.09653465346534654,0.01,0,-3.1723449876802343,-1.371762185104161,0.1701374827679144,False,2.756090373388699,0.4493839007623998,4.547473508864641e-13,
uniform,1.0,26,2015,true,100,0.8035546137961831,34,8.477884809430462,55,0.55,0.24,0,-2.1384510506547927,-1.3029056572535467,0.19260697230733093,False,3.4933279189480997,0.17992630496829357,2.2737367544323206e-13,
uniform,1.0,26,2016,discovered,550,0.7891756971251747,16,5.859433960127964,37,0.06727272727272728,0.2,0,-0.09278030104385948,-0.2089938064239061,0.8344530736181685,False,0.6760908658289921,0.7047611067940329,1.2448708730516955e-11,
uniform,1.0,26,2016,true,100,0.744603098010214,23,9.476906462353915,43,0.43,0.5,0,-1.536726518776165,-1.1996712944380181,0.23026702569463786,False,3.0969148363158627,0.1620017275855437,1.3500311979441904e-12,
uniform,1.0,26,2017,discovered,626,0.7982630723883117,17,6.364667574899221,39,0.06230031948881789,0.96,0,0.002628386744554234,0.11872892386704487,0.9054901206899741,False,-60330.80881754469,104.80069004935906,1.4043598639545962e-05,
uniform,1.0,26,2017,true,100,0.7899331447155181,24,9.405513080125678,43,0.43,0.12,0,-1.3595401857454792,-0.9595686329058221,0.3372723620618707,False,3.1180819900532732,0.17151651922815453,2.4158453015843406e-13,
uniform,1.0,27,2010,discovered,170,0.8079659157271318,1,2.9092576869615674,170,1.0,0.11,0,-2.579460543919967,-1.5233019325244936,0.12768318389630978,False,-0.6634028363824278,0.7848487044389486,9.43600753089413e-12,
uniform,1.0,27,2010,true,93,0.7594541745700473,4,4.414109745472888,29,0.3118279569892473,0.01,0,-3.3994798090545726,-1.6266331094368647,0.10381504300606563,False,1.5992111849266069,0.2200490030085786,3.11928260998684e-12,
uniform,1.0,27,2011,discovered,246,0.8708789265608038,1,2.157743529553982,246,1.0,0.0,0,-6.593731764902728,-2.337720898700772,0.019401731320317066,False,-1.046460218011627,1.2444012294414808,2.2964741219766438e-11,
uniform,1.0,27,2011,true,98,0.6524643574134603,6,5.1926590475459315,42,0.42857142857142855,0.62,0,-0.8138344242275779,-0.8896756131116114,0.37364009231507145,False,1.4881946542218123,0.39417599978239537,4.547473508864641e-13,
uniform,1.0,27,2012,discovered,332,0.8515329241474945,8,6.765424340194756,22,0.06626506024096386,0.68,0,-0.5881629837284343,-0.7240318571292073,0.46904617734821974,False,1.9698171973871197,0.2536270120226302,4.440892098500626e-13,
uniform,1.0,27,2012,true,100,0.6995030295318261,10,6.8528738275750465,38,0.38,0.14,0,-2.629979878291511,-1.3399317886398285,0.18026752214524633,False,2.369323805685066,0.17436169740685492,3.353761712787673e-12,
uniform,1.0,27,2013,discovered,285,0.8698488188856546,5,4.348689787427991,41,0.14385964912280702,0.71,0,-0.05694595607888964,-0.22598562710792114,0.8212125990953459,False,-3.5106174031116257,1.2554229629874003,1.6146941561601125e-08,
uniform,1.0,27,2013,true,100,0.7035382029324734,8,6.045242116547739,35,0.35,0.85,0,-0.2529439203890709,-0.431184193309211,0.6663344462483407,False,1.2651096813504523,0.46827155839529144,9.094947017729282e-12,
uniform,1.0,27,2014,discovered,441,0.8176936293682131,12,5.816464099318901,20,0.045351473922902494,0.46,0,-0.017568526364959425,-0.12862520363397673,0.8976542223507078,False,-1.5561324619286852,0.9435025276771858,4.104271056348807e-07,
uniform,1.0,27,2014,true,100,0.833186127006112,13,4.439220429092979,62,0.62,0.0,0,-6.278833288937427,-2.241766664089035,0.024976456799482745,False,2.7327061636820216,0.2618906204424901,3.410605131648481e-13,
uniform,1.0,27,2015,discovered,801,0.8211433210117073,22,5.139816085324804,42,0.052434456928838954,0.05,0,0.0022627647865647305,0.13200578999841497,0.894979712072671,False,-31353.718790384028,86.25791084374372,8.616396371508017e-06,
uniform,1.0,27,2015,true,100,0.7521639858676425,33,9.389990925208723,50,0.5,0.09,0,-5.034114017602915,-2.0148850472298356,0.04391669508323626,False,3.567086641239225,0.1087273868543047,9.947598300641403e-14,
uniform,1.0,27,2016,discovered,586,0.798284419245447,16,5.535438224865578,44,0.07508532423208192,0.93,0,0.002490783137817587,0.11023661460163388,0.9122217249598887,False,-29557.847680769715,79.74349162301296,6.693215254927054e-06,
uniform,1.0,27,2016,true,100,0.7188933204915603,22,8.986462170957855,57,0.57,0.36,0,-1.9753985063129917,-1.2504730314545887,0.21112680089166813,False,3.044587866329041,0.1739743672389719,1.8294201709068147e-09,
uniform,1.0,27,2017,discovered,585,0.8063960599380434,14,5.340414182029157,51,0.08717948717948718,0.09,0,-2.8335385786892027,-1.5479753799852318,0.12162822420632355,False,2.6711990469805853,0.2662281343980525,1.3500311979441904e-12,
uniform,1.0,27,2017,true,100,0.7733807581746199,24,8.980866108279725,38,0.38,0.84,0,-0.3121319183715743,-0.5575983749443388,0.5771186664054793,False,2.7174165244792556,0.28965794755896507,6.252776074688882e-13,
uniform,1.0,28,2010,discovered,176,0.8440696013547048,1,2.627198752538527,176,1.0,0.09,0,-2.9649333806567126,-1.7128316379289048,0.08674351783786319,False,-0.9663685318220863,0.9590932058093,5.968558980384842e-13,
uniform,1.0,28,2010,true,95,0.7270586818952984,4,5.496580217526839,30,0.3157894736842105,0.16,0,-1.7743091649295666,-1.2700710850948387,0.2040593102360101,False,1.4907132133966663,0.2142084909645244,1.539390837024257e-10,
uniform,1.0,28,2011,discovered,255,0.8719034621665106,6,7.412717735913412,10,0.0392156862745098,0.61,0,-0.1507848052585652,-0.39720631772642195,0.6912153237440188,False,1.5697850710327161,0.2673266769681387,9.71667191151937e-12,
uniform,1.0,28,2011,true,99,0.6067651993345593,5,4.265654235664054,62,0.6262626262626263,0.01,0,-6.071894964018396,-2.226682382551516,0.02596850867877909,False,1.7906186027427025,0.26224948167472767,6.906475391588174e-12,
uniform,1.0,28,2012,discovered,362,0.8586649077595107,6,3.92206093355551,49,0.13535911602209943,0.4,0,-0.6323504053480811,-0.7133333353151375,0.4756395143121124,False,0.9328528607963122,0.6789781183987588,5.6985527407960035e-12,
uniform,1.0,28,2012,true,100,0.5786747741819058,8,5.294300647292418,56,0.56,0.06,0,-2.0123309820463655,-1.315700034059846,0.18827474278521816,False,2.007655746821543,0.31077704185087457,2.8421709430404007e-12,
uniform,1.0,28,2013,discovered,285,0.8531917644962513,6,4.801918715616522,34,0.11929824561403508,0.14,0,-0.9192005241649173,-0.79722490003689,0.4253204272293033,False,1.602162091108474,0.3874479218845381,1.0551559626037488e-11,
uniform,1.0,28,2013,true,99,0.6182903815763863,9,7.78051585999526,26,0.26262626262626265,0.51,0,-0.775092813389118,-0.8297409452486839,0.40668526609942224,False,2.133784464000496,0.20593703046485595,3.552713678800501e-14,
uniform,1.0,28,2014,discovered,446,0.8202234742937613,12,5.525385794427174,32,0.07174887892376682,0.16,0,-0.9555716709470568,-0.9631843400551467,0.3354550224435894,False,2.350144879572361,0.32303278996313184,7.389644451905042e-13,
uniform,1.0,28,2014,true,100,0.7428805994900126,15,7.557303490906019,42,0.42,0.12,0,-2.2414645985613113,-1.363809903718907,0.1726274024767589,False,2.7288459263963887,0.17726239496152632,2.984279490192421e-13,
uniform,1.0,28,2015,discovered,776,0.8200183607835086,21,6.196904749030396,47,0.06056701030927835,0.76,0,-0.06158948495328076,-0.21995874200655469,0.8259032868848486,False,0.06538334721215802,0.7939752415985191,4.790862817571906e-09,
uniform,1.0,28,2015,true,100,0.7659385808607947,30,7.833101041553279,63,0.63,0.01,0,-7.282538532558531,-2.3773758736340826,0.01743631032811292,False,3.497856610699138,0.12574001534914458,6.252776074688882e-13,
uniform,1.0,28,2016,discovered,549,0.8173926594413142,15,5.341120287572363,48,0.08743169398907104,0.22,0,-0.09058792376827007,-0.2733467493308074,0.7845866823440766,False,-0.11362293717074465,0.8536854900165288,4.177564960627933e-10,
uniform,1.0,28,2016,true,100,0.6798066328256669,23,9.695356706802988,48,0.48,0.73,0,-0.3450221821677024,-0.6092241527191946,0.5423758731679298,False,2.661527234895217,0.2767030611704566,3.822719918389339e-12,
uniform,1.0,28,2017,discovered,608,0.764716801704145,17,6.834633892481536,39,0.06414473684210527,0.05,0,-3.0363360530442236,-1.4516275526248432,0.14660519337460415,False,2.9071395221316,0.1722146879035104,2.9399416234809905e-10,
uniform,1.0,28,2017,true,100,0.7296976260614788,26,9.158935125590034,42,0.42,0.42,0,-1.196435259568863,-1.0405372901807828,0.29809034860368944,False,3.1763570321589056,0.1840802217586962,5.3717030823463574e-12,
uniform,1.0,29,2010,discovered,154,0.863877660830378,4,5.011278023620839,17,0.11038961038961038,0.91,0,0.0008446065014480197,0.01879470382032084,0.9850048788170966,False,-47.717178546624964,3.3688085606011158,3.762205916757466e-05,
uniform,1.0,29,2010,true,93,0.8262316623124206,3,3.181086150785647,42,0.45161290322580644,0.28,0,-2.3459629954361643,-1.3858945815788357,0.165779095590591,False,1.1624641610578355,0.4940351971704041,4.121147867408581e-13,
uniform,1.0,29,2011,discovered,260,0.885006233912507,4,4.779814658340788,34,0.13076923076923078,0.91,0,-0.19719670422982105,-0.442036143292846,0.6584630517201449,False,0.07507544253384235,0.6557949292222249,2.0968116132280556e-11,
uniform,1.0,29,2011,true,100,0.7092695976296024,7,7.216005168820634,24,0.24,0.53,0,-0.8906857392786626,-0.8978821598830846,0.36924837667827604,False,1.933762366365693,0.20101228300360002,2.1316282072803006e-14,
uniform,1.0,29,2012,discovered,337,0.8556442083106718,5,3.6576017962875502,63,0.18694362017804153,0.21,0,-2.7886224115857674,-1.420715672531865,0.1553994344056596,False,1.5645773206748592,0.4626268534011367,1.4921397450962104e-12,
uniform,1.0,29,2012,true,100,0.7401473147711832,12,8.458056171324333,19,0.19,0.88,0,-0.08520078755106031,-0.3020984394284547,0.7625770220579913,False,1.6823798267058208,0.36803415561026764,1.3962164757685969e-12,
uniform,1.0,29,2013,discovered,299,0.8962319702286677,1,2.16096015438503,299,1.0,0.0,0,-7.612264379783664,-2.535935435399276,0.01121474084522033,False,-1.2152132038780064,1.2891215645069634,1.1368683772161603e-10,
uniform,1.0,29,2013,true,100,0.6589496101426457,7,4.852006644463587,46,0.46,0.01,0,-4.54260048269672,-1.91333782816307,0.05570481796921164,False,2.099144932058983,0.22676139503431642,7.896971965237753e-11,
uniform,1.0,29,2014,discovered,458,0.8507692596295428,9,3.5286363899129,61,0.1331877729257642,0.11,0,-1.9283324979648488,-1.2908395094953957,0.19675933443960636,False,1.959389244091609,0.5726584070782292,1.2789769243681803e-12,
uniform,1.0,29,2014,true,100,0.7726723901091415,15,6.685705484629638,46,0.46,0.32,0,-1.678396287967832,-1.1176751468443915,0.26370576108956834,False,2.6534361497117804,0.2385071074776359,1.2448708730516955e-11,
uniform,1.0,29,2015,discovered,805,0.771577942412022,20,7.19376234575466,48,0.05962732919254658,0.73,0,-0.9254794654095806,-0.9402718751678196,0.34707812214494116,False,2.7726577533056993,0.27907259587419475,7.958078640513122e-13,
uniform,1.0,29,2015,true,100,0.694383587419686,30,6.775376918613921,63,0.63,0.0,0,-10.946772927985215,-2.949894566462154,0.0031788238770400034,False,3.5429578967353486,0.12366732696845001,8.01492205937393e-12,
uniform,1.0,29,2016,discovered,575,0.8207668182650937,14,5.132608962615556,49,0.08521739130434783,0.11,0,0.0064993905271766295,0.25818782758826647,0.7962619517142442,False,-49707.46146708606,108.17080617141791,1.0062431101687253e-05,
uniform,1.0,29,2016,true,100,0.7277434978846022,20,6.695148780798934,62,0.62,0.09,0,-2.9989247464277664,-1.557369640548465,0.11938274984115006,False,2.9971477509597673,0.21538230653009935,5.115907697472721e-13,
uniform,1.0,29,2017,discovered,626,0.8218797605162922,18,5.523406446274744,24,0.038338658146964855,0.54,0,0.003773650002788287,0.2827402218140296,0.7773759811722407,False,-70973.30550787006,123.89774905816485,1.2426076864358038e-05,
uniform,1.0,29,2017,true,100,0.7813377936321778,24,8.339926582893721,39,0.39,0.38,0,-1.152873993298405,-0.9250705740480961,0.3549291982983136,False,3.094177097305151,0.20188511792854225,1.3642420526593924e-12,
uniform,5.0,0,2010,discovered,65,0.8917605386208209,1,2.0396346292036807,65,1.0,0.05,0,-0.28509650980186146,-0.36249789151260786,0.7169799988786337,False,-9.073559858921506,2.8420343052417083,1.1151257695019012e-10,
uniform,5.0,0,2010,true,40,0.7412677181428312,7,3.060319698422189,19,0.475,0.27,0,-1.3994249893081459,-0.963579253210716,0.3352569124726581,False,2.107742909761204,0.4990383971651582,7.815970093361102e-14,
uniform,5.0,0,2011,discovered,118,0.9008830524004928,1,2.230098222435576,118,1.0,0.1,0,0.10329783883730181,0.16059024091838017,0.8724161417513434,False,-49243.1528876551,177.98507651151294,4.0612128941575065e-05,
uniform,5.0,0,2011,true,61,0.7438376832670639,7,2.6981201545850535,31,0.5081967213114754,0.05,0,-2.7219762321054586,-1.5753479273248798,0.11517615690572088,False,2.212482980347655,0.5651314625974433,2.984279490192421e-13,
uniform,5.0,0,2012,discovered,170,0.9121624694172769,1,1.935957418666777,170,1.0,0.06,0,0.6782414865410882,0.7152441197815782,0.4744582110920351,False,-64923.88979834803,235.65935355341367,1.4720391845912673e-05,
uniform,5.0,0,2012,true,83,0.6919017219717933,12,3.5232682146623335,33,0.39759036144578314,0.58,0,-0.9878049385631016,-1.0624388111507321,0.28803652235883526,False,2.216778876891822,0.5889945067038567,2.2239987629291136e-11,
uniform,5.0,0,2013,discovered,133,0.9157482858822888,1,1.9206002058711138,133,1.0,0.08,0,0.03436257945375942,0.0352800599544548,0.9718564232827317,False,-38.26705199855774,5.897892265959887,2.0642403342208127e-07,
uniform,5.0,0,2013,true,71,0.7404583363779821,11,3.15695571242805,26,0.36619718309859156,0.49,0,-1.0329955408252616,-1.0036595934947659,0.3155427195000028,False,2.2656782590536904,0.6196724195549247,1.1652900866465643e-12,
uniform,5.0,0,2014,discovered,266,0.89893854333042,1,1.9890713689415207,266,1.0,0.0,0,1.6399206111245457,1.4753427821607727,0.1401204099344235,False,-282821.72016995505,478.03467478559065,0.00046916064002289204,
uniform,5.0,0,2014,true,96,0.7095973183672334,25,6.475066330307347,19,0.19791666666666666,0.86,0,0.00016795630016019913,0.01795206405160486,0.9856770945856976,False,-24760.688871477487,66.70417843761348,1.4787619875278324e-06,
uniform,5.0,0,2015,discovered,448,0.8908647259297863,1,1.915685183713268,448,1.0,0.0,0,11.044245615112054,6.793981531017838,1.0908035613207124e-11,False,-9999.999997012472,93.9991563003031,0.0,
uniform,5.0,0,2015,true,100,0.7390106224694267,38,4.606738477575081,41,0.41,0.6,0,-0.5449383497745277,-0.6425782049871448,0.5204978290494877,False,2.9984606882572264,0.5535754320005156,7.958078640513122e-13,
uniform,5.0,0,2016,discovered,326,0.903378310358994,1,1.84741367699342,326,1.0,0.01,0,3.91244391377029,2.7054946899509775,0.006820273866158673,False,-501865.7789311611,691.7393277059532,0.001471773174671398,
uniform,5.0,0,2016,true,98,0.6279642434203627,25,3.779581263351446,39,0.3979591836734694,0.19,0,-3.006325630732826,-1.5934866838645607,0.11105105325168808,False,3.363307511083032,0.37020489268607654,1.602984411874786e-10,
uniform,5.0,0,2017,discovered,344,0.9044677699121115,1,1.8485398180810464,344,1.0,0.0,0,4.561210776390055,3.0512389129695587,0.0022789915499150768,False,-515788.91468570766,700.926197422207,0.0016674351954861777,
uniform,5.0,0,2017,true,99,0.7077106794734278,17,2.912041377799759,64,0.6464646464646465,0.01,0,-6.323292213773561,-2.3402370737166307,0.019271502422532727,False,3.1233728438749324,0.4840080478513447,1.3073986337985843e-12,
uniform,5.0,1,2010,discovered,88,0.8962661766839369,1,2.1052973330474045,88,1.0,0.18,0,-0.23624440083267007,-0.2926843636899554,0.7697634227457674,False,-12.90857071453462,3.207278060980684,4.7389221435878426e-09,
uniform,5.0,1,2010,true,47,0.7680059505456356,9,4.645267328610946,11,0.23404255319148937,0.57,0,0.004718772212001454,0.2408656976653472,0.8096592088040588,False,-65531.30729948997,131.34736446306906,5.147870979271829e-06,
uniform,5.0,1,2011,discovered,115,0.9324933135293855,1,1.9274145564197689,115,1.0,0.43,0,-0.39215775856204327,-0.37396971675463686,0.7084268467031312,False,-17.553985280788293,4.0731078685965585,1.570555241414695e-08,
uniform,5.0,1,2011,true,56,0.7686469393540518,8,2.7245670160336743,27,0.48214285714285715,0.26,0,-2.0925558811011706,-1.3471094045396088,0.17794499969224253,False,2.2933995980347186,0.5892134432238458,3.836930773104541e-13,
uniform,5.0,1,2012,discovered,179,0.9341823458087248,1,1.9995275115360585,179,1.0,0.43,0,-1.7191590400916787,-1.0895194693767603,0.275924873977225,False,-7.0962197017608135,2.619212312691838,6.714913070027251e-10,
uniform,5.0,1,2012,true,82,0.7659000386029355,19,4.687028556429536,16,0.1951219512195122,0.46,0,-0.32942253728404336,-0.526950180421481,0.5982281854187806,False,2.592705337111874,0.4615226752906324,5.8832938520936295e-12,
uniform,5.0,1,2013,discovered,133,0.9201194086942651,1,2.005456407612963,133,1.0,0.13,0,-0.1433829527410948,-0.14926280757245028,0.8813462617162835,False,-28.26245087224916,4.862812680167168,2.8532483611343196e-06,
uniform,5.0,1,2013,true,66,0.7495408760858466,11,3.260292769370576,28,0.42424242424242425,0.52,0,-0.5101271847802076,-0.6715321990572534,0.5018815542611623,False,1.6795343781614753,0.7890249877117494,7.51754214434186e-12,
uniform,5.0,1,2014,discovered,227,0.9229878143914055,1,1.8473100190260703,227,1.0,0.0,0,0.6194732276882817,0.45966622194139706,0.6457558182986335,False,-60.968127502293086,7.728529698721137,0.00015695982250463203,
uniform,5.0,1,2014,true,91,0.745811716953555,23,4.006949816754254,23,0.25274725274725274,0.82,0,-0.5969365657905796,-0.8119267818929062,0.41683364575510007,False,2.842441062201814,0.5232725168135942,2.3874235921539366e-12,
uniform,5.0,1,2015,discovered,427,0.8907663988396088,1,1.8521014438818215,427,1.0,0.0,0,8.650127125518722,5.299344350081183,1.1621926312181246e-07,False,-769263.3361825359,855.3997657867027,0.004167318692452682,
uniform,5.0,1,2015,true,100,0.7355586431812182,41,4.490715057781318,29,0.29,0.28,0,-0.5167538226495649,-0.8014997319392339,0.4228423991938597,False,3.2560531608744667,0.5170109365601477,3.979039320256561e-13,
uniform,5.0,1,2016,discovered,331,0.9138484682768048,1,1.8968202053379661,331,1.0,0.0,0,3.8665480436648814,2.7476560181775445,0.006002294413346726,False,-556057.9585048258,706.6231716983897,0.0019225871947128326,
uniform,5.0,1,2016,true,100,0.6751832243092645,27,4.0823319238096385,34,0.34,0.31,0,-1.7797240608154241,-1.3516783133191606,0.1764782455903936,False,3.3174572653598875,0.3909084235858129,1.1368683772161603e-13,
uniform,5.0,1,2017,discovered,384,0.9065572470068959,1,1.775741262947818,384,1.0,0.0,0,2.508641462654584,1.473288773004246,0.14067318667506454,False,-302.8746254691436,17.85393921931225,0.001945924094457041,
uniform,5.0,1,2017,true,100,0.630617237334862,23,3.7543965792333207,51,0.51,0.08,0,-1.5260156878241196,-1.093668555874514,0.2741003698672313,False,2.899850002779691,0.5421600223759874,2.935962584160734e-11,
uniform,5.0,2,2010,discovered,90,0.8367832872949239,1,2.366746590542822,90,1.0,0.0,0,0.6427499089525248,1.5509393675286798,0.12091621498161988,False,-173592.70900265104,317.1651622634898,0.0003224837564630434,
uniform,5.0,2,2010,true,49,0.8767575936813635,5,2.7393730830779184,21,0.42857142857142855,0.58,0,-0.6692812908454138,-0.7591518618265788,0.4477617184348369,False,1.2126613407183826,0.8338646653558217,4.75353090223507e-12,
uniform,5.0,2,2011,discovered,113,0.9180195234965145,1,2.0435438934037227,113,1.0,0.44,0,-1.268334822283881,-0.9785238382837456,0.327815307141918,False,-4.837764596501888,2.1856989164060803,1.1203269423276652e-09,
uniform,5.0,2,2011,true,67,0.7600601143780703,7,2.8546367473745273,29,0.43283582089552236,0.1,0,-2.8558399449730114,-1.5240218494459967,0.12750325320734568,False,2.2307272706777765,0.49056724361486737,1.2363443602225743e-12,
uniform,5.0,2,2012,discovered,167,0.9190581951903803,1,1.9558810215431912,167,1.0,0.2,0,0.792338618200719,0.8452250230770313,0.397985213697704,False,-253316.2412341307,460.4937379444625,0.0002946659078588709,
uniform,5.0,2,2012,true,72,0.673294572275588,24,7.277357984022374,10,0.1388888888888889,0.62,0,-0.3998485548902533,-0.583898548782584,0.5592885696081684,False,3.1446153471918445,0.21104510881524982,5.130118552187923e-12,
uniform,5.0,2,2013,discovered,140,0.9263232572392719,1,2.0526110699993763,140,1.0,0.41,0,0.14659467627250722,0.1825686638868141,0.8551364736413918,False,-118729.69354039444,299.5361771008137,5.368527308746707e-05,
uniform,5.0,2,2013,true,67,0.750004440296035,6,2.3097810023455,43,0.6417910447761194,0.01,0,-4.76597394767486,-2.0776000006316058,0.03774621613344766,False,2.232446237401818,0.6651712968490099,6.366462912410498e-12,
uniform,5.0,2,2014,discovered,266,0.9234683322960485,1,1.9131176364919023,266,1.0,0.0,0,1.6337797894568977,1.3054547979227713,0.19173802942678864,False,-261463.18659942987,479.36075197938493,0.0005187602173464256,
uniform,5.0,2,2014,true,93,0.7365784593360942,15,3.1033653408682023,39,0.41935483870967744,0.32,0,-0.3885523718970729,-0.6457750819081625,0.5184250277124448,False,1.1333417426524328,1.0561092549600166,8.969038844952593e-10,
uniform,5.0,2,2015,discovered,432,0.8897809362546716,1,1.8329740036359952,432,1.0,0.0,0,9.613496172540785,5.7928212732362665,6.9213752433739666e-09,False,-698830.2926382611,825.5005592669097,0.004483942080696579,
uniform,5.0,2,2015,true,100,0.6688031535495399,38,4.506820179711135,35,0.35,0.06,0,-3.1360114592263666,-1.7121690891726902,0.08686551210885687,False,3.7830169227434443,0.2760686527652965,1.7053025658242404e-13,
uniform,5.0,2,2016,discovered,322,0.9203956253586066,1,1.8400708560365127,322,1.0,0.0,0,1.2146871886629445,0.8046356070818381,0.4210299882929257,False,-187.42864709880388,13.476382179609374,0.0030091001186747235,
uniform,5.0,2,2016,true,98,0.7200105506016018,24,3.644527909083855,39,0.3979591836734694,0.66,0,-0.5785027297315031,-0.7775460602306137,0.43683667059255693,False,2.3988897065463717,0.7281410569971722,5.9969806898152456e-12,
uniform,5.0,2,2017,discovered,316,0.9012229030726324,1,1.8988100335738742,316,1.0,0.0,0,5.1520746840086655,3.821893414304707,0.0001324309310547023,False,-876813.8060851283,887.1021615045568,0.002518483815038053,
uniform,5.0,2,2017,true,98,0.6102877401197104,23,3.5798931843169037,42,0.42857142857142855,0.04,0,-4.226702732441137,-1.9400125336243124,0.05237816668382601,False,3.357608589768246,0.3559579044195433,1.0516032489249483e-12,
uniform,5.0,3,2010,discovered,56,0.9043518225571753,1,1.937827017592754,56,1.0,0.16,0,0.18156230823478836,0.3078552779214568,0.7581924571239926,False,-56.03885752921616,7.020768408388935,5.9957622909223574e-05,
uniform,5.0,3,2010,true,32,0.7419851206203614,11,3.546221014269729,11,0.34375,0.12,0,-2.052438197273551,-1.3531453923131582,0.17600918664866294,False,2.720070251650652,0.2675120974729984,3.907985046680551e-14,
uniform,5.0,3,2011,discovered,105,0.9407082138292174,1,1.9529787256970306,105,1.0,0.85,0,-0.2597385451012091,-0.2948091670876029,0.7681396631904213,False,-38.06214094801532,5.769629837643894,2.379709400202046e-06,
uniform,5.0,3,2011,true,54,0.7792729666839274,14,3.4824852913260353,12,0.2222222222222222,0.49,0,-0.1899855211996151,-0.46731761928243226,0.640272652459965,False,1.8564702437965992,0.7573323617299215,4.9396930990042165e-11,
uniform,5.0,3,2012,discovered,194,0.8969182089045514,1,2.1549743474454477,194,1.0,0.03,0,1.728700757601524,1.9939354537771208,0.04615910881242633,False,-242650.06967662473,408.82101552014745,0.0009825475590332644,
uniform,5.0,3,2012,true,84,0.7564265536545911,20,4.906356897693487,15,0.17857142857142858,0.3,0,-0.41680902801852726,-0.5620987937508534,0.57404871015814,False,2.8022344707252707,0.3908906190857422,5.866951369171147e-11,
uniform,5.0,3,2013,discovered,158,0.9046946779242998,1,2.0593312617311237,158,1.0,0.08,0,0.8394192249729171,1.024183205086211,0.3057487499370434,False,-405529.08199659624,552.1938863515187,0.00031215436592901824,
uniform,5.0,3,2013,true,73,0.7740130623880525,11,3.044587545799238,26,0.3561643835616438,0.34,0,-0.7073104378829056,-0.7428148774831128,0.45759376691780174,False,1.9849773281491416,0.7546019163476371,7.688072400924284e-12,
uniform,5.0,3,2014,discovered,257,0.8892277291949434,1,1.9710483920504371,257,1.0,0.0,0,4.203985776407178,3.665413280448908,0.0002469394795665096,False,-495748.61616057897,640.5193357348226,0.0023322324341279455,
uniform,5.0,3,2014,true,94,0.6432869773565306,26,5.469631045067103,22,0.23404255319148937,0.27,0,-0.030003849575996,-0.17595979416759552,0.860325529150137,False,-0.11289933267713316,0.9139381061966388,2.1828662966072443e-07,
uniform,5.0,3,2015,discovered,456,0.901627337387833,1,2.0015648770713437,456,1.0,0.0,0,7.858418419863194,4.823888961184971,1.407858143180689e-06,False,-955498.2894632078,875.2219010092984,0.005234647741417575,
uniform,5.0,3,2015,true,100,0.6992513400976085,40,5.056052674503637,33,0.33,0.77,0,-0.06529515802578878,-0.2796423753702058,0.7797518927366632,False,0.8331410330525896,0.8997831017769288,1.6910917111090384e-10,
uniform,5.0,3,2016,discovered,335,0.8754107285375454,1,1.8225128297472273,335,1.0,0.0,0,5.278189265794304,3.642835433457786,0.0002696512445358961,False,-306169.38255203736,549.3007305011756,0.0016395286575061618,
uniform,5.0,3,2016,true,98,0.6521002919829607,28,4.649144277198342,32,0.32653061224489793,0.48,0,-0.346222315432958,-0.5370895079263207,0.5912057878491203,False,2.5399941936214936,0.5855082729590576,1.2278178473934531e-11,
uniform,5.0,3,2017,discovered,356,0.9068130531021603,1,1.9178512140066029,356,1.0,0.0,0,4.738187227008387,3.292809124454563,0.0009919179009301024,False,-613090.2281404668,733.148947859013,0.0021733456114816363,
uniform,5.0,3,2017,true,98,0.7672301199217614,33,4.321240211178338,24,0.24489795918367346,0.59,0,-0.29889785459123086,-0.5445432508451951,0.5860676941097921,False,2.748682218810162,0.6142800816191732,1.1681322575896047e-11,
uniform,5.0,4,2010,discovered,56,0.8703922776849106,1,1.7944147660000773,56,1.0,0.0,0,-1.8250763711521687,-1.1296169790079988,0.25863765338594435,False,-1.4460918462676116,1.7985795882540279,1.885780420707306e-11,
uniform,5.0,4,2010,true,32,0.8064932654555965,9,3.579374821344612,14,0.4375,0.21,0,0.03669958506828319,0.9810305915059416,0.32657765602796873,False,-257410.60820198932,310.0772977664026,8.661595711600967e-05,
uniform,5.0,4,2011,discovered,120,0.8832043991886499,1,2.26666637559228,120,1.0,0.04,0,0.23059258424961349,0.3914782417492877,0.6954437685604755,False,-137754.3509320745,293.3163963086787,7.552115039288765e-05,
uniform,5.0,4,2011,true,64,0.7588257862127027,12,3.8922295019529627,18,0.28125,0.57,0,-1.487004939146325,-1.0926847501672674,0.27453223765019175,False,2.6382481357915815,0.3406661387798962,2.1671553440683056e-12,
uniform,5.0,4,2012,discovered,187,0.9152723842988143,1,2.007286894516055,187,1.0,0.26,0,-0.7225941664978333,-0.5666889625482663,0.5709255210723014,False,-13.76435887409635,3.479375112892384,1.9628032532637008e-09,
uniform,5.0,4,2012,true,90,0.7523727885468764,18,4.918282295456911,16,0.17777777777777778,0.45,0,-0.43431551527259415,-0.7280762023780186,0.46656694055374925,False,2.6884611095991677,0.39218619875989624,1.4637180356658064e-12,
uniform,5.0,4,2013,discovered,161,0.8755748974333367,1,2.1087435013536084,161,1.0,0.01,0,0.4594776010309971,0.6330185163582586,0.5267215513627461,False,-120212.55842398893,293.4662778163522,6.871540881547844e-05,
uniform,5.0,4,2013,true,78,0.7488647353518232,10,3.6286323306472448,32,0.41025641025641024,0.51,0,-0.7188234450048938,-0.7831252460728607,0.4335535671922808,False,1.856027973627571,0.6254805731389532,5.258016244624741e-13,
uniform,5.0,4,2014,discovered,273,0.933606118197835,1,1.9495392713217965,273,1.0,0.11,0,0.7202755995756416,0.571639335403129,0.5675663409238534,False,-341717.8994748837,536.519879788856,0.00043607576844806317,
uniform,5.0,4,2014,true,99,0.676631201470625,35,9.132632370686485,10,0.10101010101010101,0.62,0,-0.5665263767293223,-0.6572150208309727,0.5110426685672753,False,3.57589084080708,0.14268875948843013,4.263256414560601e-14,
uniform,5.0,4,2015,discovered,386,0.8653183765137491,31,4.518586531942534,33,0.08549222797927461,0.85,0,-0.012994592272990602,-0.11629487440057795,0.9074188476868119,False,-5.80569271965293,1.6574452261844042,1.7879445124435733e-07,
uniform,5.0,4,2015,true,100,0.7140092740180682,33,4.1726171049018195,41,0.41,0.07,0,-1.89164074063267,-1.2561038597451248,0.2090783169280661,False,3.4756591811368858,0.3998035803561822,6.536993168992922e-12,
uniform,5.0,4,2016,discovered,316,0.9012855578028883,1,1.7531570050616114,316,1.0,0.0,0,0.3173467415828295,0.1589620942201148,0.873698738459104,False,-21.203274313660522,5.009713239183264,3.566287887224462e-08,
uniform,5.0,4,2016,true,99,0.5634792659400943,34,6.607991458253382,20,0.20202020202020202,0.2,0,-0.4895426247442458,-0.6957360544351368,0.48659414187720385,False,3.356396511475897,0.28586169885035273,3.566924533515703e-12,
uniform,5.0,4,2017,discovered,332,0.9025852019236034,1,1.823189609651594,332,1.0,0.0,0,2.2539176639385268,1.5248321480123992,0.12730096921219908,False,-130601.9174519407,357.95269619780504,0.00010232704698864836,
uniform,5.0,4,2017,true,98,0.6602378676366887,37,7.557806036102477,12,0.12244897959183673,0.82,0,-0.5175306771362638,-0.6914400454800216,0.4892890456516449,False,3.591393178659848,0.19769095523946761,4.973799150320701e-14,
uniform,5.0,5,2010,discovered,74,0.8822148437353686,1,2.0562081970009256,74,1.0,0.05,0,-2.9061456302733495,-1.5718254175860629,0.11599104509372136,False,-0.5603147067069032,1.178153938451967,1.6342482922482304e-12,
uniform,5.0,5,2010,true,41,0.8427683479596874,6,3.000926664105169,20,0.4878048780487805,0.62,0,-0.38031544231571557,-0.6892314835423548,0.490677607269249,False,0.9775010567285736,0.8771294821059816,8.149925179168349e-12,
uniform,5.0,5,2011,discovered,114,0.9411422021992432,1,1.9573142075121577,114,1.0,0.18,0,-1.0961815736237215,-0.8394774618556585,0.40120143148566,False,-7.617320432353564,2.7689493849817817,1.3642420526593924e-12,
uniform,5.0,5,2011,true,59,0.8578020782438489,4,2.0465486387186074,40,0.6779661016949152,0.02,0,-5.052777282289843,-2.018013515521698,0.043589853746082444,False,1.973785429493804,0.782730084327696,1.1056044968427159e-11,
uniform,5.0,5,2012,discovered,166,0.9102519506084084,1,1.8243203713777008,166,1.0,0.04,0,-2.042256806523774,-1.0683956511235895,0.2853420779051168,False,-5.2570539724864265,2.6246338710826556,5.7980287238024175e-11,
uniform,5.0,5,2012,true,78,0.7201095439519565,10,2.8165143059111024,37,0.47435897435897434,0.17,0,-2.9760462331019917,-1.5257178094226127,0.12708015724053912,False,2.5262524839660596,0.5523717046664408,9.094947017729282e-13,
uniform,5.0,5,2013,discovered,127,0.9199430481606737,1,1.9173175753145704,127,1.0,0.05,0,-0.14575823801834042,-0.1409650815749341,0.8878975277039663,False,-22.451721123618583,4.592854111457165,1.8664763956621755e-07,
uniform,5.0,5,2013,true,63,0.7194293222081543,11,3.049819859726997,28,0.4444444444444444,0.12,0,-1.1871929235198144,-1.013515898203065,0.31081380625129273,False,2.2986202781862746,0.6359699878022977,4.689582056016661e-13,
uniform,5.0,5,2014,discovered,289,0.9261338704802308,1,1.9177420732917188,289,1.0,0.25,0,-0.7880413834274407,-0.4792783979019133,0.6317405878971947,False,-19.71607813889642,4.3223031576661155,6.098991889302852e-08,
uniform,5.0,5,2014,true,95,0.6873965298503063,21,4.955938798407651,26,0.2736842105263158,0.66,0,-0.3796523067675146,-0.48972913019036374,0.6243255857319805,False,2.5191516170073456,0.48682168896208367,5.6274984672199935e-12,
uniform,5.0,5,2015,discovered,438,0.862520061507555,1,1.980622575663764,438,1.0,0.0,0,15.227524079161965,9.807815509856887,1.0419980901114454e-22,False,-10000.000341255549,90.8864937288891,0.0,
uniform,5.0,5,2015,true,100,0.7830235376171379,43,5.119468827410943,28,0.28,0.15,0,-0.8748344768257184,-0.8340024563755961,0.40427959965507687,False,3.6235924370398833,0.3573293929487041,2.3590018827235326e-12,
uniform,5.0,5,2016,discovered,335,0.8928535559550455,1,1.791749423611321,335,1.0,0.01,0,1.5918819286226746,0.9135173997293919,0.3609704866998187,False,-46.10271658196574,7.013988779758283,3.4271737831659266e-05,
uniform,5.0,5,2016,true,99,0.5864744758415643,29,6.141487729238263,32,0.32323232323232326,0.62,0,-0.7842814148256805,-0.8872573455861917,0.3749403645301649,False,3.1820077767613983,0.3112996150477169,2.8393287720973603e-11,
uniform,5.0,5,2017,discovered,338,0.912613623432744,1,1.8914715811770508,338,1.0,0.0,0,4.4694015884710945,3.0444570719598274,0.0023310069442565506,False,-548859.9924819742,704.4904943049086,0.0023887948309493368,
uniform,5.0,5,2017,true,100,0.5969185993750838,32,4.662355283355373,29,0.29,0.25,0,-1.4970887538389852,-1.0890129525572032,0.27614817388385904,False,3.4813685678212396,0.3308349178803716,7.503331289626658e-12,
uniform,5.0,6,2010,discovered,97,0.9350812423127818,1,2.083386079307667,97,1.0,0.02,0,-3.01163045735354,-1.5925704762904351,0.11125658111671412,False,-1.0879947368944216,1.3187906719748619,1.7564616427989677e-11,
uniform,5.0,6,2010,true,48,0.8588924846663071,5,2.8542111982459026,22,0.4583333333333333,0.6,0,-0.8370114722495727,-0.8937624196066911,0.3714490202318693,False,1.393179005667724,0.7246882705771983,3.204547738278052e-12,
uniform,5.0,6,2011,discovered,120,0.9168941974567504,1,1.8548402535602022,120,1.0,0.31,0,-0.25014628605492073,-0.2217010747326721,0.8245465934175251,False,-17.07278641572052,4.215797840081762,4.7103640099521726e-08,
uniform,5.0,6,2011,true,62,0.8357371632792345,19,5.064115919376651,10,0.16129032258064516,0.83,0,-0.06965228604916707,-0.265816309670933,0.790380681673485,False,1.8614405720229887,0.6049216814859972,9.094947017729282e-12,
uniform,5.0,6,2012,discovered,164,0.9256405808136963,1,2.034211646248678,164,1.0,0.29,0,0.4294269389537604,0.47280300277507553,0.636353731578569,False,-217617.54830872396,409.37665519721514,0.00016626187607471365,
uniform,5.0,6,2012,true,76,0.7894802213713707,7,2.366060208115092,47,0.618421052631579,0.13,0,-3.2628753762964164,-1.6323227502027,0.10261151309672505,False,2.1380743262650217,0.7843946679523865,2.560796019679401e-11,
uniform,5.0,6,2013,discovered,151,0.927853877584792,1,1.8972397975953839,151,1.0,0.04,0,-2.6648827632366956,-1.345669314852977,0.17840918657543936,False,-3.4986266137836974,2.1370727190215546,1.0459189070388675e-11,
uniform,5.0,6,2013,true,76,0.8222429144137894,15,4.186679265650872,17,0.2236842105263158,0.85,0,-0.0559890041373432,-0.224690529001128,0.8222200329973448,False,0.1199729943273601,0.9832362265260332,1.016275064102956e-09,
uniform,5.0,6,2014,discovered,253,0.9260230411512568,1,1.880726209563889,253,1.0,0.03,0,0.10824282595091717,0.07471943609173082,0.9404379431356634,False,-37.78436742353813,6.006963783783815,7.255919689441725e-05,
uniform,5.0,6,2014,true,95,0.7086734580442714,13,2.7675085093527634,46,0.4842105263157895,0.06,0,-3.433693332067912,-1.578319538736527,0.1144922194113471,False,2.766674741086896,0.5892514963307797,5.400124791776761e-13,
uniform,5.0,6,2015,discovered,438,0.8535335594824196,1,2.121925614438907,438,1.0,0.0,0,12.507299341811443,8.373564185363715,5.590121519566069e-17,False,-9999.99968065619,84.64349508918608,0.0,
uniform,5.0,6,2015,true,100,0.5725371571557967,45,6.923569389497781,28,0.28,0.79,0,-0.1395175039026224,-0.37834383161977064,0.7051751881624959,False,2.8309077575619566,0.4629822145702741,1.0007283890445251e-10,
uniform,5.0,6,2016,discovered,336,0.8935187701574886,1,1.9116017254195177,336,1.0,0.0,0,5.609334772322002,4.207065250724654,2.5870846058354325e-05,False,-659335.8464090922,763.6040900943167,0.002623915577714797,
uniform,5.0,6,2016,true,100,0.6026924501043991,19,3.393375906579266,58,0.58,0.15,0,-2.545634794643913,-1.4684393280941412,0.14198492537186355,False,2.8869890054055634,0.5392069417242421,7.048583938740194e-12,
uniform,5.0,6,2017,discovered,346,0.9113757715754215,1,1.8022349751429527,346,1.0,0.0,0,1.1940025531337888,0.6864729918068913,0.49241488990269144,False,-52.81170946015277,7.431081724873735,4.534009985945886e-05,
uniform,5.0,6,2017,true,100,0.7013148783190413,13,2.4485865440317576,75,0.75,0.0,0,-6.070018125237009,-2.1595985027024245,0.030803764444618204,False,2.851595530096139,0.6967373540462377,8.463985068374313e-11,
uniform,5.0,7,2010,discovered,90,0.8607817951195678,1,2.4065797869792034,90,1.0,0.38,0,0.49810539853968105,1.055104656230298,0.2913774627430653,False,-340810.58314366045,437.9363283163524,0.0003249189812777331,
uniform,5.0,7,2010,true,50,0.8333322224816795,6,3.230004287444664,18,0.36,0.48,0,-0.835111292613953,-0.8934968940613168,0.37159113468162,False,1.7457651499131628,0.5526620582097654,6.394884621840902e-14,
uniform,5.0,7,2011,discovered,131,0.888379488763461,1,2.2061018947247706,131,1.0,0.1,0,0.933275511093095,1.4247214712077094,0.15423772999641439,False,-432737.6434002232,533.7174630333341,0.000523010367032839,
uniform,5.0,7,2011,true,64,0.8107585130223969,9,3.140336352527014,23,0.359375,0.67,0,-0.3541931278187116,-0.5315450727567423,0.5950411160109603,False,1.2038354159765898,0.893437877925706,6.110667527536862e-13,
uniform,5.0,7,2012,discovered,176,0.918072448932227,1,1.8295958613649408,176,1.0,0.0,0,-2.0782113409890055,-1.1138354275715514,0.2653497953321454,False,-5.935087756468775,2.7381262634378287,2.038518687186297e-09,
uniform,5.0,7,2012,true,79,0.7027655349406969,22,7.6543319290556795,10,0.12658227848101267,0.95,0,-0.333533804394603,-0.57161570208937,0.5675823553020158,False,3.024721471289894,0.21270312284411694,3.602451670303708e-12,
uniform,5.0,7,2013,discovered,148,0.90150678196873,8,3.2313366319394996,24,0.16216216216216217,0.5,0,-0.37662693900657196,-0.565850873882506,0.5714951594410063,False,1.1659565692812337,0.8438270525297143,3.824141003860859e-11,
uniform,5.0,7,2013,true,77,0.7322385066069486,17,5.2605502202365315,13,0.16883116883116883,0.41,0,-0.2957144169269066,-0.4838940761954891,0.6284610446896695,False,2.5766242008381584,0.3837666424226365,3.979039320256561e-13,
uniform,5.0,7,2014,discovered,275,0.8951200463038972,1,1.8826709940301025,275,1.0,0.0,0,2.2740123176664078,1.8273230487708834,0.06765121171608757,False,-303721.7833578101,526.1862526729998,0.0004555842715490144,
uniform,5.0,7,2014,true,98,0.6128783314538342,18,3.9311784329008037,36,0.3673469387755102,0.03,0,-2.4989279930260473,-1.3905780065185436,0.1643534294697807,False,2.9988093273099574,0.3648598208781312,1.6342482922482304e-12,
uniform,5.0,7,2015,discovered,451,0.891072442483151,1,1.9044307825697186,451,1.0,0.0,0,10.397762101862433,6.321454406905174,2.5911283246543755e-10,False,-10000.000403974129,94.58475411172724,0.0,
uniform,5.0,7,2015,true,100,0.7799698171864937,43,5.571962429346626,33,0.33,0.99,0,-0.10921362990482564,-0.3298618005847911,0.7415043881646837,False,2.0151856849527334,0.6822893059371916,4.382144425107981e-09,
uniform,5.0,7,2016,discovered,326,0.9036418173743084,1,1.9216914489227006,326,1.0,0.02,0,3.0229491455215793,2.2658287631960903,0.023461869572399468,False,-502426.78218268335,661.6787910095553,0.0012015622141916538,
uniform,5.0,7,2016,true,98,0.6118448647088186,26,3.6696274825883517,31,0.3163265306122449,0.05,0,-1.597472106471618,-1.192993850604454,0.23287178139851794,False,3.2757461518362208,0.45467506087535475,2.8848035071860068e-12,
uniform,5.0,7,2017,discovered,352,0.8721795578158731,1,2.0281679745402457,352,1.0,0.0,0,8.58301569169181,6.8500898338867495,7.380362728581946e-12,False,-10000.000184468872,88.45721601355754,0.0,
uniform,5.0,7,2017,true,99,0.5913326756557756,26,3.646927530516954,44,0.4444444444444444,0.05,0,-4.278152385876774,-1.8188455245103452,0.06893500077079032,False,3.4677770537643267,0.35250665168193124,1.4495071809506044e-11,
uniform,5.0,8,2010,discovered,67,0.905999067281378,1,1.8799502035640048,67,1.0,0.34,0,-1.3416246579644602,-0.9586491579817034,0.3377355192428968,False,-2.707009179165644,1.9877530369116574,3.3310243452433497e-11,
uniform,5.0,8,2010,true,41,0.7765744641145417,4,2.3018726641246436,27,0.6585365853658537,0.01,0,-2.645722495949616,-1.4399775360631593,0.1498737546668974,False,1.760440390185126,0.6954350941729145,8.526512829121202e-14,
uniform,5.0,8,2011,discovered,129,0.9080780555938504,1,1.9980561958047927,129,1.0,0.19,0,0.02234955740690836,0.02519269043110556,0.9799012672983981,False,-39.27940793084642,5.714443124577791,9.382679877489863e-07,
uniform,5.0,8,2011,true,68,0.816631265766042,13,4.615001926123258,14,0.20588235294117646,0.69,0,-0.025470066663709545,-0.16746183672432946,0.867006673340502,False,-0.8949217513728842,1.032767626259158,1.6015633264032658e-11,
uniform,5.0,8,2012,discovered,180,0.9191907169503559,1,1.8328025933004983,180,1.0,0.04,0,-1.3240955603206466,-0.7902238577700854,0.42939704525785605,False,-9.013540727348778,3.236179375504692,2.9235707188490778e-08,
uniform,5.0,8,2012,true,82,0.6903280571503961,13,4.078032144792704,29,0.35365853658536583,0.37,0,-0.07873475708011402,-0.25591025917698235,0.7980201326718064,False,-0.5473684683895987,1.0816412464144942,2.0482104901020648e-10,
uniform,5.0,8,2013,discovered,160,0.9172384702104148,1,2.0038717235152017,160,1.0,0.31,0,-1.697452784792839,-1.1345070465183236,0.25658191964308075,False,-5.775768117008612,2.4016629777451355,1.0606413525238167e-09,
uniform,5.0,8,2013,true,75,0.7508116265326148,14,4.4930593081614365,21,0.28,0.41,0,-0.44594752669040605,-0.5978380923310029,0.5499479708939053,False,2.2802101649165536,0.48089758835700575,3.126388037344441e-13,
uniform,5.0,8,2014,discovered,261,0.9229380433581297,1,1.913559250621969,261,1.0,0.02,0,0.5580898978181015,0.4212922515816862,0.673541687562005,False,-99.09582857015721,9.405186056945318,0.0006455182202671494,
uniform,5.0,8,2014,true,94,0.7159251349627995,12,2.727241285514563,52,0.5531914893617021,0.15,0,-2.9826173105801046,-1.5731862350167287,0.11567570165572749,False,2.557605555989819,0.6718227422665086,4.831690603168681e-13,
uniform,5.0,8,2015,discovered,412,0.8940444114750095,25,3.6168647665537383,34,0.0825242718446602,0.93,0,-0.24701332512747243,-0.525588078078813,0.599174441866412,False,1.5768537270344025,0.9348102142157537,4.888534022029489e-12,
uniform,5.0,8,2015,true,100,0.6953740039946973,29,3.6837330733232156,53,0.53,0.33,0,-1.0906775334277716,-1.0016903005778053,0.3164931926900909,False,2.878843678368301,0.6392415921535599,3.5782932172878645e-11,
uniform,5.0,8,2016,discovered,314,0.9243237844352996,1,1.9030169025933232,314,1.0,0.05,0,2.916365838858793,2.0882034418814714,0.03677948697641361,False,-498298.244089481,666.1366077922848,0.0013808197354592266,
uniform,5.0,8,2016,true,98,0.7066065762344461,31,4.737736745397178,25,0.25510204081632654,0.14,0,-0.7185558582844958,-0.7281318207030599,0.4665328965588592,False,3.24726994205763,0.40533682357804623,2.1316282072803006e-13,
uniform,5.0,8,2017,discovered,349,0.8966809575902295,25,3.8198915505475792,20,0.05730659025787966,0.3,0,-0.0568939401721984,-0.271605429808133,0.7859254239770654,False,-0.003656232506308996,1.1637727062407197,1.5010357401479268e-09,
uniform,5.0,8,2017,true,100,0.5402616646583545,32,5.203950071960191,31,0.31,0.12,0,-0.6911852466665089,-0.6063550702504766,0.544278996901568,False,3.194695568903636,0.39549243566721676,8.384404281969182e-13,
uniform,5.0,9,2010,discovered,79,0.9037981127482968,1,2.096239430410557,79,1.0,0.17,0,-0.1398758385942142,-0.20017790280511857,0.8413414484133938,False,-18.437116044236767,3.794324952462626,2.7834857974085025e-08,
uniform,5.0,9,2010,true,45,0.8651104863029916,7,2.997658282043824,15,0.3333333333333333,0.65,0,-0.6252689699241594,-0.728534949143731,0.4662861827227077,False,1.8245835268776407,0.6509206122277889,1.8474111129762605e-13,
uniform,5.0,9,2011,discovered,132,0.8865153247600096,5,3.581024951894301,25,0.1893939393939394,0.79,0,-0.3373108886240028,-0.5787969187252355,0.5627262104811946,False,0.6859697922189353,0.75181239757337,5.336175945558352e-12,
uniform,5.0,9,2011,true,70,0.7470464387719145,8,3.2170277958140536,26,0.37142857142857144,0.12,0,-0.6977022961875479,-0.6533666224881961,0.5135199513605674,False,1.6730568653072673,0.697859201272481,5.6843418860808015e-12,
uniform,5.0,9,2012,discovered,175,0.8832727109770349,1,2.105637634712264,175,1.0,0.02,0,0.2754776517324684,0.31800684607169694,0.750479743862556,False,-69.5743959215033,7.14250136013279,0.0004958799034397998,
uniform,5.0,9,2012,true,75,0.7612224741200196,14,3.4336766891745176,24,0.32,0.39,0,-1.3080660870261709,-1.0821254679850263,0.2791967806231085,False,2.675677600375847,0.48496207238915173,5.400124791776761e-13,
uniform,5.0,9,2013,discovered,159,0.9357555996777248,1,2.0282894238339613,159,1.0,0.39,0,-0.6541133037657332,-0.5439362668428561,0.586485331101541,False,-16.129750864814667,3.6953716340369733,5.710921868740115e-08,
uniform,5.0,9,2013,true,82,0.7570180612245323,9,3.0689609088892382,33,0.4024390243902439,0.23,0,-2.3255547998516253,-1.1929869825537789,0.23287447122288862,False,2.3443774913272026,0.5103416768733517,1.1937117960769683e-11,
uniform,5.0,9,2014,discovered,263,0.9125460623689869,1,1.7691108150179091,263,1.0,0.01,0,-1.0283665727776317,-0.5136034870068866,0.6075292411410416,False,-12.233801302846851,3.87099590355325,5.388187673815992e-08,
uniform,5.0,9,2014,true,94,0.7213761755509529,11,2.5455159342517124,56,0.5957446808510638,0.0,0,-6.5376451754905265,-2.328138703742171,0.019904739724604405,False,2.807274686297511,0.554713923347072,1.1368683772161603e-13,
uniform,5.0,9,2015,discovered,403,0.8680341953188894,1,1.9133139810519069,403,1.0,0.0,0,12.85600117449998,8.68741590392659,3.707767002437018e-18,False,-965262.5729310085,926.1570292783027,0.00785520567023923,
uniform,5.0,9,2015,true,100,0.5328017938933286,43,6.15597768527534,27,0.27,0.85,0,-0.08456698280767228,-0.30715058591966593,0.7587287553684298,False,2.1506902580224234,0.6148621881753193,7.338485374930315e-10,
uniform,5.0,9,2016,discovered,329,0.8996318802903379,1,1.8672633854204486,329,1.0,0.0,0,4.181154601548766,3.0207286806430473,0.002521672086042381,False,-658538.9230267387,782.8955612106552,0.0018419159559925902,
uniform,5.0,9,2016,true,99,0.5918781493229059,33,6.6251467273380955,21,0.21212121212121213,0.73,0,-0.09462359901153405,-0.28062867642160305,0.7789952189075662,False,2.38267781671005,0.5021580399401067,2.133759835487581e-11,
uniform,5.0,9,2017,discovered,362,0.9130055430345614,1,1.957839912429678,362,1.0,0.0,0,4.937112278293171,3.437116572641844,0.0005879425012232017,False,-731137.3485703559,782.9817935459224,0.0027366141139282263,
uniform,5.0,9,2017,true,99,0.604333036400392,31,4.9982239444881085,33,0.3333333333333333,0.19,0,-0.2479681515540091,-0.3974512750679471,0.6910347105602426,False,2.4000919205079017,0.6040421959772803,3.255706815252779e-11,
uniform,5.0,10,2010,discovered,85,0.9197541476723474,1,1.9332649090138525,85,1.0,0.15,0,0.15946893062413248,0.22186709736375812,0.8244173446901957,False,-113.74553388722438,9.95059802475554,0.0007665489288513072,
uniform,5.0,10,2010,true,39,0.8685324280717066,5,2.624304516370551,21,0.5384615384615384,0.17,0,-0.24791642061662866,-0.49576627926289807,0.6200593185875516,False,-0.23977696973923562,1.2902528482666533,1.1812772982011666e-10,
uniform,5.0,10,2011,discovered,155,0.9112582688901878,1,2.0101884612955607,155,1.0,0.14,0,-1.209030616399506,-0.8562520601115393,0.39185837207711494,False,-6.886751976331809,2.5713613712421064,9.073175988305593e-09,
uniform,5.0,10,2011,true,71,0.8456675115392353,9,3.4291986977460573,23,0.323943661971831,0.51,0,0.043599608627310715,0.9480461498021854,0.34310596061454923,False,-142368.17436809026,237.63009274909822,0.00010729810128395911,
uniform,5.0,10,2012,discovered,176,0.9069672464842644,1,1.9394393640709242,176,1.0,0.02,0,0.059189585278335066,0.05074344014436832,0.9595299609867186,False,-26.44914010230317,4.894283923087205,8.44464977944881e-07,
uniform,5.0,10,2012,true,84,0.742337049638048,20,7.296523967162314,13,0.15476190476190477,0.29,0,-0.41901524803742096,-0.6905558994032941,0.48984466966222295,False,2.918052612230114,0.22734674280027653,6.821210263296962e-13,
uniform,5.0,10,2013,discovered,138,0.8865699841632867,1,2.0180741569736433,138,1.0,0.01,0,1.1963506280145664,1.5903948461507667,0.11174583132897709,False,-426067.01915735943,578.2298656759351,0.000414435645325284,
uniform,5.0,10,2013,true,75,0.7763197794536655,17,4.046142395273589,13,0.17333333333333334,0.64,0,-0.040698859457988235,-0.20300303938471076,0.839132656590692,False,-0.07594128293918334,1.0616081595116253,2.7642812483463786e-09,
uniform,5.0,10,2014,discovered,250,0.8954265040076181,1,1.935151078501426,250,1.0,0.01,0,2.1063963329747386,1.8750252384014017,0.06078925150139498,False,-433507.7948254834,609.8258697806714,0.0007021761939540738,
uniform,5.0,10,2014,true,95,0.7232004708346469,16,3.56503943005521,42,0.4421052631578947,0.36,0,-0.4380088065549863,-0.6076705113347366,0.5434060247537071,False,1.569726342441486,0.8459909620113228,5.400124791776761e-13,
uniform,5.0,10,2015,discovered,437,0.8807950218241027,34,4.414597859716627,18,0.041189931350114416,0.52,0,-0.017284709408663446,-0.11640373318818506,0.9073325768526372,False,-2.3294762866164174,1.362704657788731,2.433878876217932e-09,
uniform,5.0,10,2015,true,99,0.7905109827909068,36,4.059610305948147,45,0.45454545454545453,0.12,0,-1.8193500555004651,-1.2021400229261767,0.22930928212065138,False,3.511336457757687,0.43659149214506116,7.673861546209082e-13,
uniform,5.0,10,2016,discovered,347,0.8970275160192621,1,1.7464866322702535,347,1.0,0.0,0,-2.6721060065596873,-0.9810928186882825,0.3265469714699427,False,-7.557023170580374,3.2255311557901187,1.7962520360015333e-09,
uniform,5.0,10,2016,true,99,0.6536223805939902,28,4.726844538576028,26,0.26262626262626265,0.13,0,-1.689995281871886,-1.2427162765885347,0.21397240384597038,False,3.4050901650759933,0.2958988233350542,1.4210854715202004e-13,
uniform,5.0,10,2017,discovered,349,0.8842793341291014,1,1.8286559868121515,349,1.0,0.0,0,3.6031314931088936,2.4317751361066664,0.015025032001342087,False,-359476.8401214663,592.2227605033332,0.0008899423310140264,
uniform,5.0,10,2017,true,99,0.590164580878666,31,5.471872668290998,29,0.29292929292929293,0.74,0,-0.18024810393412594,-0.4604971939635745,0.6451593851501467,False,2.3495851645997883,0.5724372707383882,1.4011902749189176e-11,
uniform,5.0,11,2010,discovered,67,0.8808085789543173,1,1.8429647142977847,67,1.0,0.13,0,-2.3110983508665135,-1.2984797484197126,0.19412253093471143,False,-1.2133438957350635,1.6462421157064648,5.275069270282984e-11,
uniform,5.0,11,2010,true,39,0.7958833014302704,9,3.392393415719584,12,0.3076923076923077,0.77,0,-0.5679063851362471,-0.7578658202974272,0.44853131388290146,False,2.168179272444704,0.5172219702576869,2.8421709430404007e-13,
uniform,5.0,11,2011,discovered,134,0.9086328509531583,1,2.050600259982167,134,1.0,0.1,0,-0.036492946754175914,-0.040859476507938884,0.9674079235120664,False,-32.34108749834757,5.062909494253506,6.412020070456492e-07,
uniform,5.0,11,2011,true,65,0.7811217966555608,13,4.038227980840887,16,0.24615384615384617,0.36,0,-0.9166534647890543,-0.8532943232860398,0.39349610731422124,False,2.6142977797986067,0.37783530373734053,2.5579538487363607e-13,
uniform,5.0,11,2012,discovered,190,0.8770703484038885,1,2.0216873270232365,190,1.0,0.04,0,0.8704309745087491,0.9839694061032451,0.32513055565297977,False,-129468.60663926176,317.8780084291209,0.00013454975942295277,
uniform,5.0,11,2012,true,83,0.6580016726479225,13,4.364170572518368,31,0.37349397590361444,0.74,0,-0.1898204645227155,-0.4646472439303814,0.6421840939137915,False,1.0541880874600975,0.7668640774989112,6.0992988437647e-11,
uniform,5.0,11,2013,discovered,132,0.8661063218615004,1,2.1907201180821483,132,1.0,0.06,0,1.296040729966823,2.1290453334542154,0.03325050991718385,False,-735809.8031192264,700.9812035917513,0.0007036647803033702,
uniform,5.0,11,2013,true,70,0.751789717633563,10,2.970829152150944,30,0.42857142857142855,0.59,0,-0.9246561275922767,-0.9422562268085131,0.346061473217666,False,1.9717651832646395,0.7472551108279561,2.1756818568974268e-11,
uniform,5.0,11,2014,discovered,303,0.9223232313086405,1,1.9360216574523113,303,1.0,0.0,0,-1.1044598955899936,-0.6021298205158391,0.5470877259259469,False,-13.915821768377418,3.6470805308343732,1.4773604561924003e-09,
uniform,5.0,11,2014,true,94,0.6975215213982353,19,3.693593134002119,29,0.30851063829787234,0.16,0,-1.7388972880763092,-1.2291649445353572,0.21900996938019257,False,3.015319253476669,0.4224334089313989,1.4210854715202004e-14,
uniform,5.0,11,2015,discovered,426,0.8840171706568735,1,1.9155183541273044,426,1.0,0.0,0,9.875161882560276,6.409583904401914,1.4591732667763984e-10,False,-943549.045256955,912.7310492225598,0.005486123003720422,
uniform,5.0,11,2015,true,100,0.6806029312241292,29,3.880413585935146,58,0.58,0.11,0,-2.0851232129871655,-1.2615403531355665,0.20711423077486024,False,3.2360314612890106,0.4846595952392194,2.1032064978498966e-12,
uniform,5.0,11,2016,discovered,344,0.9063906281671564,1,1.8913895699534575,344,1.0,0.02,0,3.8051792807815463,2.6760944111649088,0.007448565948295803,False,-544780.0396253512,701.5406668725935,0.0016216198655456537,
uniform,5.0,11,2016,true,99,0.6313086724054041,32,5.318258802361026,23,0.23232323232323232,0.62,0,-0.10862050336689588,-0.2665657033434899,0.7898035651214987,False,2.0447036694028227,0.6487813041962122,2.1012169781897683e-10,
uniform,5.0,11,2017,discovered,340,0.9154968452797067,1,1.8541281331195045,340,1.0,0.0,0,4.110393689548177,2.7773327439869697,0.00548070394211451,False,-453411.075566295,654.7998665247662,0.001834123523622111,
uniform,5.0,11,2017,true,100,0.5862123017607583,26,4.778621696534412,40,0.4,0.99,0,-0.0007611416904076407,-0.013253202438416116,0.9894257839496475,False,-25.506671138121845,2.763036723929561,0.00022171572112483773,
uniform,5.0,12,2010,discovered,75,0.9143507663811151,1,2.1222225251130986,75,1.0,0.63,0,-0.5326451319690444,-0.6312120909230681,0.5279018573098528,False,-7.698011244381079,2.5311680226573072,2.349196392970043e-10,
uniform,5.0,12,2010,true,47,0.8573874040002204,9,3.48832669692049,12,0.2553191489361702,0.45,0,-0.3157212298383729,-0.49203618892730067,0.6226937607237018,False,1.8370874246123534,0.6230865512232807,4.362732397567015e-12,
uniform,5.0,12,2011,discovered,136,0.9281828345441205,1,2.1288683397805777,136,1.0,0.33,0,-0.9633988850196138,-0.7955437193477226,0.42629729005309003,False,-8.564185542053234,2.6405835109973568,1.5792238627909683e-09,
uniform,5.0,12,2011,true,65,0.7941345453265697,12,4.145137115978574,17,0.26153846153846155,0.99,0,-0.16710808026910762,-0.4077212587068295,0.6834783282547408,False,1.4457708162662253,0.6995223970867688,6.465938895416912e-13,
uniform,5.0,12,2012,discovered,188,0.9029477891743983,1,2.176014546084956,188,1.0,0.15,0,0.5889665597262428,0.6904983221763796,0.4898808646961603,False,-329415.7815709809,471.3262281910186,0.00033675789109111065,
uniform,5.0,12,2012,true,80,0.7609729528512273,17,4.13038595864194,18,0.225,0.48,0,-0.8437768611626879,-0.8252332531789337,0.4092391778844644,False,2.8158424572556395,0.39952505632005175,7.815970093361102e-13,
uniform,5.0,12,2013,discovered,153,0.923709137336382,1,1.986394800980032,153,1.0,0.36,0,-1.627281140164988,-1.095851988762144,0.273143552727943,False,-6.029897586737947,2.470179935222449,2.7142732506035827e-11,
uniform,5.0,12,2013,true,73,0.8265621070340956,14,3.448508158077472,16,0.2191780821917808,0.53,0,-0.19409080131775802,-0.4360112148820511,0.6628285927472967,False,1.555114321227525,0.8426027523532965,2.0804691303055733e-11,
uniform,5.0,12,2014,discovered,254,0.915917837180682,1,1.9919743227878963,254,1.0,0.12,0,1.9918773708996325,1.7326955302111458,0.08314979940310645,False,-246204.02572093194,445.5484202853502,0.0010209270831182948,
uniform,5.0,12,2014,true,96,0.6507186922478921,16,3.3794386062086983,39,0.40625,0.05,0,-3.3342893793867505,-1.6668636899556357,0.09554151235492275,False,2.9680950830277655,0.41232730426165654,1.8332002582610585e-12,
uniform,5.0,12,2015,discovered,421,0.8920926142634303,26,4.1622016725729205,36,0.0855106888361045,0.77,0,-0.7135361334024477,-0.872356638895064,0.3830138478399663,False,2.8204228713333546,0.5487361919876598,4.789058039023075e-12,
uniform,5.0,12,2015,true,100,0.6168465833837365,43,5.339099089353374,28,0.28,0.27,0,-1.4574622529576438,-1.1217201182130934,0.26198145983522647,False,3.7771600001992436,0.2787517021009964,1.7479351299698465e-12,
uniform,5.0,12,2016,discovered,339,0.9079861356479692,1,1.8139246466829844,339,1.0,0.0,0,1.257492074283098,0.7245357303627741,0.46873689956399944,False,-48.940056244974386,7.106817462593583,6.268101287787431e-05,
uniform,5.0,12,2016,true,100,0.6400934691554695,20,3.326162713112395,51,0.51,0.05,0,-3.187201417453851,-1.6334810970535625,0.10236785316432397,False,3.092995386762535,0.4821440837280074,8.810729923425242e-13,
uniform,5.0,12,2017,discovered,365,0.8648058066728789,2,1.8713860313332698,91,0.2493150684931507,0.1,0,-3.911604662923996,-1.7569307532679639,0.07892961299406914,False,0.1236908265526575,1.507720213180918,4.774847184307873e-12,
uniform,5.0,12,2017,true,99,0.6546480258299214,37,5.205372575544394,24,0.24242424242424243,0.19,0,-0.9206430354540442,-0.8103254956099547,0.4177531257767686,False,3.544161741307241,0.323420403118909,5.1301185521879233e-11,
uniform,5.0,13,2010,discovered,65,0.8882928337616985,1,2.1450896298562374,65,1.0,0.18,0,-0.34339906067153325,-0.4545171079273676,0.6494566813224556,False,-7.543442968202669,2.480775794676494,4.050946245115483e-10,
uniform,5.0,13,2010,true,44,0.7733830607630711,7,3.503561847412057,18,0.4090909090909091,0.41,0,-0.9778862640305981,-0.8545743477207391,0.39278683385408186,False,1.9773214866379276,0.4626054815116781,3.441869012021925e-11,
uniform,5.0,13,2011,discovered,150,0.9154616348910889,1,1.9544667598359236,150,1.0,0.2,0,-3.017167829597158,-1.570656048296958,0.11626256347069612,False,-2.677481418177572,1.8706702438840936,2.6716406864579767e-12,
uniform,5.0,13,2011,true,66,0.727759486052397,10,4.320826976584746,21,0.3181818181818182,0.19,0,-0.6139645621442922,-0.7334144506690692,0.4633056881592955,False,2.0979833026013095,0.44555382318092146,6.110667527536862e-13,
uniform,5.0,13,2012,discovered,175,0.8856734072108836,8,3.996407901786962,33,0.18857142857142858,0.75,0,-0.8883794787385813,-0.9400738777286157,0.34717966695969016,False,1.8034992227145983,0.5076252918838688,5.684341886080802e-14,
uniform,5.0,13,2012,true,80,0.7441233101413973,18,4.029198832012219,15,0.1875,0.52,0,-0.3667456895537491,-0.6358900327442548,0.5248480996285144,False,2.5635179592918966,0.5295183708239871,9.123368727159686e-12,
uniform,5.0,13,2013,discovered,150,0.9075446493123667,1,2.002048332305427,150,1.0,0.02,0,0.3089399161558428,0.3513279441075098,0.725342333089771,False,-102.79970497559513,9.11522270791845,0.00099117848020569,
uniform,5.0,13,2013,true,68,0.7313396832484583,10,3.0146650769599694,29,0.4264705882352941,0.49,0,-1.3364730569012089,-1.0806921684366213,0.2798340679316238,False,2.250404646159279,0.6246916769547416,2.7000623958883807e-12,
uniform,5.0,13,2014,discovered,247,0.8985611906428796,1,1.9695438263553624,247,1.0,0.0,0,2.99689038950509,2.75567977944073,0.005857030709246932,False,-247006.83426478808,452.0673841581046,0.0014511403833239456,
uniform,5.0,13,2014,true,96,0.6199594704753615,22,4.7066741784576065,23,0.23958333333333334,0.43,0,-0.6970679950897161,-0.8489421020608453,0.3959135099315002,False,2.9242890411892337,0.39939205054140753,1.8474111129762605e-13,
uniform,5.0,13,2015,discovered,450,0.8862774875277308,1,1.9271840233043722,450,1.0,0.0,0,10.527551306325247,6.538381637692074,6.218807202447172e-11,False,-596557.3124353116,720.9938579819664,0.006158203143058927,
uniform,5.0,13,2015,true,100,0.585536589349338,53,9.02444360459661,15,0.15,0.94,0,0.00024733934845500016,0.09156777299510668,0.9270414572697968,False,-22928.966443950965,53.24121013318027,1.6578196664340794e-06,
uniform,5.0,13,2016,discovered,349,0.8953165278569523,28,7.399386833699253,14,0.04011461318051576,0.52,0,0.0013206491753017247,0.2379330606408414,0.8119330130426315,False,-32761.246684944395,71.02370368894215,6.124333594925702e-06,
uniform,5.0,13,2016,true,98,0.6919752400526057,19,3.07671787347483,51,0.5204081632653061,0.0,0,-4.825500305049711,-1.9146632741563538,0.0555354600961805,False,3.2005952685961625,0.454142262672213,3.979039320256561e-13,
uniform,5.0,13,2017,discovered,354,0.9013028225925448,1,1.841247871005138,354,1.0,0.0,0,4.200154649071231,2.7893260800981197,0.005281785634531398,False,-270820.1765086912,510.1202816481715,0.0015941964156809263,
uniform,5.0,13,2017,true,98,0.6325867207216151,27,4.4827975086548495,42,0.42857142857142855,0.3,0,-1.7198002530347245,-1.1787496609024763,0.23849787448045356,False,3.237013593849234,0.3803352718791925,2.1600499167107046e-12,
uniform,5.0,14,2010,discovered,78,0.9362307873463446,1,2.062074904488094,78,1.0,0.4,0,-1.0687733149326812,-0.9236581213421964,0.35566434266083646,False,-4.103807788876423,2.0283490560111774,4.447997525858227e-12,
uniform,5.0,14,2010,true,40,0.7968855569132132,9,3.552774154079847,15,0.375,0.43,0,-0.7565505606319771,-0.8287027753389729,0.40727261494357814,False,2.2006325562022004,0.4709348100339945,2.842170943040401e-14,
uniform,5.0,14,2011,discovered,120,0.899707487851737,1,1.924736314128203,120,1.0,0.0,0,-1.3821097730715608,-0.8988769192949316,0.36871822314415936,False,-4.684413504200036,2.3316613742093684,5.744595910073258e-10,
uniform,5.0,14,2011,true,66,0.7486270306141701,9,3.131253186952097,25,0.3787878787878788,0.13,0,-1.612774940067239,-1.1686070438826799,0.2425619889706927,False,2.306879572831533,0.513115720958144,2.4215296434704214e-11,
uniform,5.0,14,2012,discovered,172,0.896831731393894,1,1.8851852579192392,172,1.0,0.01,0,-2.5580010070037105,-1.2563887655871881,0.20897505280607487,False,-3.78473917233396,2.2185215916987824,5.716742634831462e-10,
uniform,5.0,14,2012,true,83,0.6762106847111857,17,5.982682473763225,17,0.20481927710843373,0.59,0,-0.03634763547890252,-0.17465436012665111,0.8613512317866527,False,0.6236250977253757,0.7111600067016186,8.829204034555005e-11,
uniform,5.0,14,2013,discovered,152,0.9017290057150297,1,2.0647368968809836,152,1.0,0.03,0,-0.7038521060730281,-0.6136235558107375,0.5394641139280154,False,-10.509753796107965,2.9882336996495273,3.3564617751835613e-09,
uniform,5.0,14,2013,true,76,0.8003174663176911,17,3.9209983065369443,13,0.17105263157894737,0.91,0,-0.06542969999410886,-0.2732700059982864,0.7846456698951261,False,0.8056233931469394,0.9406989018909099,4.603890602083993e-10,
uniform,5.0,14,2014,discovered,247,0.9122786148193051,1,1.8359888447483221,247,1.0,0.01,0,-0.24316890848556838,-0.1450815343437189,0.8846464974852165,False,-18.95908838845358,4.479489313594323,7.045798611216014e-09,
uniform,5.0,14,2014,true,95,0.7092086279951095,24,4.395717266422698,23,0.24210526315789474,0.29,0,-0.5627540369507198,-0.7467262623226756,0.4552288136713747,False,2.8899001487197955,0.4730170928724865,3.382183422218077e-12,
uniform,5.0,14,2015,discovered,451,0.8538410239843246,1,2.024276546652264,451,1.0,0.0,0,13.71832012060651,9.369472491705212,7.289593084045253e-21,False,-10000.000079350339,88.7606544856978,0.0,
uniform,5.0,14,2015,true,100,0.6982178935535099,36,4.613563984939854,40,0.4,0.34,0,-1.1169345571590137,-0.8936842312204625,0.3714908646779893,False,3.3771284990470716,0.4245219777160569,8.498091119690798e-12,
uniform,5.0,14,2016,discovered,335,0.9127189983095321,1,1.9193284232461287,335,1.0,0.0,0,4.759491568781186,3.340499054237866,0.0008362796554458762,False,-645155.1006232526,751.6242815664207,0.0025064074015972437,
uniform,5.0,14,2016,true,99,0.5941002753377376,29,5.306852015764158,33,0.3333333333333333,0.58,0,-1.3175223713640305,-1.159128899389374,0.24640364762846922,False,3.3136640414213736,0.31026690023146436,2.4726887204451486e-12,
uniform,5.0,14,2017,discovered,369,0.9120384460122979,1,1.8896991569600374,369,1.0,0.0,0,4.9966516534052,3.3032114149087977,0.0009558429550128055,False,-744135.161706471,821.1614889200512,0.002403659168521699,
uniform,5.0,14,2017,true,100,0.6233111567309317,39,6.879829014096522,17,0.17,0.76,0,-0.6961246583418679,-0.8025968147032432,0.4222078100218536,False,3.6307880224513056,0.22524161368920595,1.3500311979441904e-13,
uniform,5.0,15,2010,discovered,81,0.9086104737101048,1,2.139938087465909,81,1.0,0.06,0,-0.14259350571591944,-0.20075164000532866,0.8408927786946658,False,-24.22818890886274,4.221281202961363,2.2793116727370943e-07,
uniform,5.0,15,2010,true,46,0.8564312356369833,5,2.5564484397289413,20,0.43478260869565216,0.41,0,-1.0628550645619406,-1.0072679936736653,0.313806006157227,False,1.6071562361416345,0.7586123827373029,2.1245227799226996e-12,
uniform,5.0,15,2011,discovered,134,0.9138410523659248,1,2.0781864368699345,134,1.0,0.12,0,-0.6872367722394177,-0.609646928997017,0.5420957173478855,False,-9.856614482169107,2.883886807137524,6.723183787471498e-09,
uniform,5.0,15,2011,true,65,0.7643206780821808,11,3.7689897800693655,19,0.2923076923076923,0.89,0,-0.2157848624324421,-0.48498620880252097,0.6276861283556425,False,1.3681221533969758,0.7585497189849615,4.284572696633404e-12,
uniform,5.0,15,2012,discovered,175,0.9168185194243854,1,1.9442935947721554,175,1.0,0.09,0,-0.8880863625228033,-0.6287117266118284,0.5295377995511783,False,-11.212509192244335,3.296509430881274,3.8441442029579775e-08,
uniform,5.0,15,2012,true,78,0.690666264792806,18,5.483028400457755,16,0.20512820512820512,0.98,0,-0.03781762683078327,-0.19666226211602808,0.8440918437760669,False,0.55879593837118,0.7735867898008627,8.827782949083485e-11,
uniform,5.0,15,2013,discovered,145,0.9199623889109031,1,1.9873570244282515,145,1.0,0.11,0,0.08274771751722954,0.08957273688817113,0.9286267501079994,False,-60.8328739378579,7.103488148599328,0.00029788150911258526,
uniform,5.0,15,2013,true,72,0.7537141103895433,11,3.123390786723065,25,0.3472222222222222,0.29,0,-1.953233543471646,-1.4342478672915782,0.15150154157784343,False,2.5822638018822666,0.47775179003748663,9.663381206337363e-13,
uniform,5.0,15,2014,discovered,282,0.9138161691318031,1,2.0846771672921447,282,1.0,0.05,0,1.153878408171325,1.0337861484797517,0.3012361485305506,False,-172388.13391735166,355.5856127970274,0.0006346907257466228,
uniform,5.0,15,2014,true,93,0.6847732678019758,18,3.5017159523546395,35,0.3763440860215054,0.14,0,-1.904895784273413,-1.191264936837375,0.23354959414462806,False,2.929103781159997,0.47295341716580885,4.263256414560601e-14,
uniform,5.0,15,2015,discovered,408,0.9008873716496186,1,1.8062566457518645,408,1.0,0.0,0,6.835655752400769,4.052214564361192,5.073510301506113e-05,False,-629317.931529092,796.179871208778,0.00294539675633132,
uniform,5.0,15,2015,true,99,0.7654561008495472,31,4.099886670453145,50,0.5050505050505051,0.99,0,-0.16611656209141845,-0.3659105266536102,0.7144318411594643,False,0.8125574242604918,1.0120585038163206,9.860627869784366e-10,
uniform,5.0,15,2016,discovered,331,0.8936007879284528,1,2.131825911305431,331,1.0,0.0,0,4.5370111256803725,3.768632574491187,0.0001641442976408411,False,-567067.9285314357,632.2638628247797,0.0029278818974489695,
uniform,5.0,15,2016,true,98,0.7025501578479081,45,9.571924403631508,10,0.10204081632653061,0.73,0,-0.08947695146698731,-0.37610219698831154,0.706840921071946,False,3.4071704653252044,0.2644328363840513,1.8474111129762605e-13,
uniform,5.0,15,2017,discovered,352,0.9069734260645625,1,1.809745478410569,352,1.0,0.0,0,3.6783614506044504,2.3563579562318373,0.01845512425927301,False,-440778.9306777672,663.9238833698894,0.0011110390705653117,
uniform,5.0,15,2017,true,99,0.7058197795687331,34,5.3841789288620605,24,0.24242424242424243,0.93,0,0.00347653982486662,0.41943714301839086,0.6748966835710422,False,-65488.67980869233,121.51142327543334,1.9909733964595944e-05,
uniform,5.0,16,2010,discovered,78,0.8796922061517466,1,2.322362194281334,78,1.0,0.35,0,-0.34589447240005344,-0.49943483941341066,0.61747308055524,False,-8.053913029409621,2.3502813437531453,5.276490355754504e-11,
uniform,5.0,16,2010,true,47,0.8193648495515972,7,3.4962126598099745,17,0.3617021276595745,0.54,0,-0.12317143730280566,-0.372798065098286,0.7092987430403827,False,0.12992423594020208,0.977810010326369,8.924416761146858e-12,
uniform,5.0,16,2011,discovered,135,0.9000553920783564,6,2.9588939069211415,30,0.2222222222222222,0.17,0,-0.6945429208186003,-0.6585624678654602,0.510176770843263,False,1.1507409255673053,0.8398065640323396,3.0127011996228248e-12,
uniform,5.0,16,2011,true,70,0.7678844814301234,9,3.2348540710689395,21,0.3,0.64,0,-0.30380277050998394,-0.5088905649296187,0.6108289337562208,False,1.1851918231059686,0.8712521924870472,5.684341886080801e-13,
uniform,5.0,16,2012,discovered,192,0.8859765247883286,1,2.031426841214617,192,1.0,0.03,0,1.3683101967484714,1.5791718094633505,0.11429665418319326,False,-458275.3406645978,595.4623042696453,0.0004927277605020208,
uniform,5.0,16,2012,true,78,0.6467612314552011,15,4.357083242833063,24,0.3076923076923077,0.22,0,-0.11806043305652913,-0.3803914790770363,0.7036548388167381,False,0.9005499613729897,0.8245845993143067,5.115907697472721e-10,
uniform,5.0,16,2013,discovered,156,0.8979145629450698,1,2.0686936881535876,156,1.0,0.37,0,-0.03658731773646329,-0.04026111996978664,0.9678849503996955,False,-35.078172767624366,5.215494534129151,3.507043970785162e-07,
uniform,5.0,16,2013,true,75,0.7543367369650891,19,5.54569853648343,11,0.14666666666666667,0.41,0,-0.32423519170346093,-0.5139734216349086,0.6072705730690993,False,2.802003762754584,0.3272525342863476,4.511946372076636e-13,
uniform,5.0,16,2014,discovered,266,0.8997103919693012,1,1.797621463391157,266,1.0,0.01,0,-1.2666306702198238,-0.598567287254919,0.5494614759612257,False,-9.469795171130832,3.3946065057868444,4.218804861011449e-09,
uniform,5.0,16,2014,true,94,0.6678613605360937,18,3.7618284438231777,38,0.40425531914893614,0.46,0,-0.6576038243593612,-0.742365098806259,0.457866159496805,False,2.272852976241841,0.6594122114425022,2.701483481359901e-11,
uniform,5.0,16,2015,discovered,440,0.8923366570280469,33,4.269199784568721,19,0.04318181818181818,0.91,0,-0.2142494800312793,-0.44703982645616835,0.6548463044627356,False,2.650259397600604,0.645421304303987,1.0743406164692715e-11,
uniform,5.0,16,2015,true,100,0.5521980372906293,44,5.732800388819479,34,0.34,0.34,0,-1.1212289220402036,-0.893963690740145,0.37134131846515595,False,3.6819372247543303,0.3045321113012728,1.1510792319313623e-12,
uniform,5.0,16,2016,discovered,315,0.902604234238434,1,1.8422045043352433,315,1.0,0.0,0,4.098060333960317,2.940607414839842,0.0032756940546258607,False,-423303.93365191587,637.5308807761514,0.0016254806569122593,
uniform,5.0,16,2016,true,99,0.583894382358062,31,5.5883680372411195,29,0.29292929292929293,0.42,0,-0.08546406948665197,-0.2916032474965313,0.7705899921604817,False,1.533635659593218,0.7036801884883789,5.277485115584568e-10,
uniform,5.0,16,2017,discovered,351,0.8725819418718123,20,6.798646562045453,22,0.06267806267806268,0.79,0,-0.14271696086966745,-0.3470963343075434,0.7285189473170386,False,2.196973163063041,0.43212018116412343,1.3734791082242737e-11,
uniform,5.0,16,2017,true,98,0.6144020624275702,25,4.873708120613477,39,0.3979591836734694,0.61,0,-0.04519108742814204,-0.220390333830826,0.8255671728416141,False,-0.9960107228649222,1.0930699271277853,1.311935022840771e-07,
uniform,5.0,17,2010,discovered,70,0.9304894959484868,1,2.0979173576512182,70,1.0,0.76,0,-0.3267811950273576,-0.4250979623727504,0.670765263250234,False,-13.259913717597655,3.257578990130397,4.1585366261642775e-09,
uniform,5.0,17,2010,true,38,0.7771373549485274,6,2.895034335036106,21,0.5526315789473685,0.11,0,-1.2556699571674228,-0.9219720963533966,0.3565431306973843,False,1.8702302535935345,0.5898385708847862,1.9184653865522705e-13,
uniform,5.0,17,2011,discovered,125,0.9279765392381016,1,1.9739847727982525,125,1.0,0.16,0,-0.9553279496374274,-0.7317003510680369,0.46435148209769794,False,-8.4762797706158,2.8672417365392278,4.858890179093578e-09,
uniform,5.0,17,2011,true,67,0.8589701368975701,6,2.299980500629637,30,0.44776119402985076,0.1,0,-2.515324635090042,-1.4547447840391259,0.14573992943125397,False,2.1015857497866994,0.7580016414385639,4.405364961712621e-13,
uniform,5.0,17,2012,discovered,171,0.9329354715260567,1,1.9164374257999341,171,1.0,0.34,0,-0.8069442855758355,-0.6049868321583597,0.5451877460341994,False,-15.596869371687939,3.885537847343279,7.480593922082335e-11,
uniform,5.0,17,2012,true,85,0.8028192121765478,21,5.05597063826651,14,0.16470588235294117,0.59,0,0.00431497883165477,0.4298097506748145,0.6673340393850521,False,-26222.923093558486,79.67456079986052,9.032784873852506e-06,
uniform,5.0,17,2013,discovered,151,0.9261236579012381,1,2.042039341208373,151,1.0,0.34,0,0.05139029782727933,0.06044854892982534,0.9517983928681721,False,-686.7703571878081,22.923608132208376,7.116760809822154e-05,
uniform,5.0,17,2013,true,75,0.7613965563309572,20,7.977273230367394,10,0.13333333333333333,0.98,0,0.0006870285107929419,0.13261999955025208,0.894493914781562,False,-41297.56299702211,76.1439151041178,2.254440914839506e-06,
uniform,5.0,17,2014,discovered,253,0.8895673823508968,1,1.9294882430121363,253,1.0,0.01,0,1.340329469207779,1.1666844921695683,0.24333780776733382,False,-83952.88858899308,269.0205452877954,6.214498262124835e-05,
uniform,5.0,17,2014,true,93,0.7018047050536151,15,3.1736801323525934,42,0.45161290322580644,0.08,0,-0.9496003416207524,-0.9295916283133451,0.35258256361148765,False,2.167574130108485,0.7636359048255774,2.063416104647331e-11,
uniform,5.0,17,2015,discovered,432,0.8918108278635154,1,1.8754248864581688,432,1.0,0.0,0,8.553236506459061,5.2820511843018885,1.277454948385557e-07,False,-981207.3831740646,952.310090726312,0.004403163836286694,
uniform,5.0,17,2015,true,100,0.5960413990622435,31,4.0776439380757745,55,0.55,0.26,0,-1.4699265568514814,-1.1123640806132145,0.2659816419655593,False,3.166557728654678,0.5065410997783908,1.7053025658242404e-13,
uniform,5.0,17,2016,discovered,347,0.8769758866497662,1,2.0183802038826504,347,1.0,0.0,0,7.298513386893386,5.686989460262459,1.292984331603983e-08,False,-978900.5980415316,878.8553753445852,0.004361930428785854,
uniform,5.0,17,2016,true,100,0.6007230419170445,28,6.1262163612905205,37,0.37,0.22,0,-0.4759832564858395,-0.6556718165579366,0.5120353063635151,False,2.8696812954628648,0.39167269438462604,1.1368683772161603e-13,
uniform,5.0,17,2017,discovered,348,0.9198295151026713,1,1.837738365982499,348,1.0,0.0,0,0.3865893510556173,0.21584854452584742,0.8291058070587334,False,-34.393216179157704,5.906760540002552,5.217139914748259e-06,
uniform,5.0,17,2017,true,98,0.6545767525590358,22,3.3897859821433767,49,0.5,0.13,0,-2.019742971159714,-1.2145011335333287,0.22455641723898845,False,3.002637281088735,0.5543063635853992,6.195932655828074e-12,
uniform,5.0,18,2010,discovered,75,0.8782612044312779,1,1.990236715566254,75,1.0,0.01,0,0.8074392572868738,1.4640457612908817,0.14318144538320937,False,-434456.01307885826,592.6706614122488,0.00027116564433526946,
uniform,5.0,18,2010,true,41,0.8007334309721615,11,4.054827120405046,10,0.24390243902439024,0.23,0,-1.6006221474943505,-1.2373964829395852,0.21593992388003602,False,2.6519437779221855,0.2388055765998522,4.654054919228656e-13,
uniform,5.0,18,2011,discovered,114,0.9156633050053988,1,1.9173451240476687,114,1.0,0.27,0,0.4939569646707913,0.6134524574075915,0.5395772094797304,False,-64837.75379078355,238.0270357716002,2.989305357914418e-05,
uniform,5.0,18,2011,true,61,0.763394870648231,6,2.5074467071770394,36,0.5901639344262295,0.06,0,-1.7600024685643763,-1.2975433531085487,0.19444429849027045,False,1.7343209552287906,0.8156541941663797,1.8474111129762605e-13,
uniform,5.0,18,2012,discovered,196,0.9056361943410407,1,1.9555254373015107,196,1.0,0.01,0,-0.6423286057933915,-0.4508616213723565,0.6520892856082395,False,-12.66571044041876,3.4558990794974793,1.5895068372628884e-08,
uniform,5.0,18,2012,true,85,0.7854465116147875,14,4.051900796027321,22,0.25882352941176473,0.55,0,-0.08276062088120106,-0.3047813244798804,0.7605327061355001,False,0.18922367244203006,0.985247244385041,5.2722270993399434e-11,
uniform,5.0,18,2013,discovered,158,0.9170939699276228,6,3.4376415424006934,23,0.14556962025316456,0.5,0,-0.04173698310050877,-0.18632598505026207,0.8521891311371033,False,-3.626046254457358,1.5448458590733762,3.0175776544183464e-08,
uniform,5.0,18,2013,true,70,0.772087484944298,7,2.5571030882467736,40,0.5714285714285714,0.29,0,-2.106832147294494,-1.3239334014923008,0.18552516393332208,False,1.9510910964452557,0.7674658446337901,1.9042545318370685e-12,
uniform,5.0,18,2014,discovered,255,0.9040420129798749,1,1.859272348532956,255,1.0,0.0,0,2.803107129971485,2.257962238160014,0.02394801379336606,False,-428927.7774435569,634.6424853834723,0.0008594054952482111,
uniform,5.0,18,2014,true,95,0.719606903507441,13,2.952638605430559,54,0.5684210526315789,0.17,0,-2.8756118468959966,-1.5631209488725266,0.11802414910726738,False,2.5943251113686285,0.6117278696752545,6.821210263296962e-13,
uniform,5.0,18,2015,discovered,424,0.9040481386298113,1,1.89932651800245,424,1.0,0.0,0,9.145636850584706,5.582323718620286,2.373261111687042e-08,False,-988603.270222359,942.7912854638453,0.005350354219444853,
uniform,5.0,18,2015,true,100,0.5901574299355262,44,5.720310684947429,25,0.25,0.83,0,-0.4399219815753761,-0.6613049721690697,0.5084167534431343,False,3.4426392121504605,0.38333933647321944,2.1600499167107046e-11,
uniform,5.0,18,2016,discovered,323,0.9068911093825647,1,1.8912106174470276,323,1.0,0.0,0,4.112749979260879,2.9366518954072443,0.0033177629528182797,False,-527271.5460057283,690.5003766988324,0.0019222283344788593,
uniform,5.0,18,2016,true,100,0.6707349695807128,28,4.69886703492535,33,0.33,0.28,0,-1.08864589665033,-0.9478314168771823,0.34321528393402256,False,3.1991997647357775,0.38888506612820295,4.405364961712621e-13,
uniform,5.0,18,2017,discovered,340,0.8811982497825578,1,1.834998946945707,340,1.0,0.0,0,4.814420720200875,3.342557282987643,0.0008301022011977261,False,-349651.7810783863,582.1492823893735,0.0014742497442057356,
uniform,5.0,18,2017,true,99,0.5591884280858358,25,4.063011070842539,45,0.45454545454545453,0.52,0,-0.6687482346337452,-0.771141204121262,0.4406232398588703,False,2.553848112118052,0.6266888946325813,7.02016222930979e-11,
uniform,5.0,19,2010,discovered,72,0.8585150693502441,1,2.1975580732347435,72,1.0,0.01,0,-0.5597961237613562,-0.6380095455187237,0.5234674663959722,False,-4.6846009694820525,1.9841026100964263,4.1012526708072983e-10,
uniform,5.0,19,2010,true,42,0.8079299584731446,4,2.503469632929359,30,0.7142857142857143,0.17,0,-1.5928476776374447,-1.1046400853747629,0.2693155744388298,False,1.3679951301154012,0.7821708571060249,9.663381206337363e-13,
uniform,5.0,19,2011,discovered,122,0.9153076667534316,1,1.9835597089520933,122,1.0,0.11,0,-0.458844436086169,-0.4245121856894736,0.6711923202915656,False,-13.380929308201992,3.4827094104360876,1.396159632349736e-08,
uniform,5.0,19,2011,true,59,0.7712477263121646,12,3.578742509095737,19,0.3220338983050847,0.18,0,-2.3980102592329535,-1.3769694184725694,0.1685217030066971,False,2.7483689375937956,0.31805735582234873,2.3305801732931286e-12,
uniform,5.0,19,2012,discovered,189,0.9116022427858721,1,1.850150665580777,189,1.0,0.0,0,-3.178045568246672,-1.4211598198852635,0.15527030268150827,False,-3.6977937525800244,2.2607136052829855,6.477307579189073e-10,
uniform,5.0,19,2012,true,78,0.7067972138591787,17,4.800895867525129,18,0.23076923076923078,0.62,0,-0.20498618604900098,-0.42966425952619586,0.6674398855695252,False,2.1080857419946164,0.5503683785734086,3.801403636316536e-12,
uniform,5.0,19,2013,discovered,152,0.9032971597190291,1,1.9553164151797353,152,1.0,0.05,0,-0.48247865562385606,-0.37582421753797013,0.7070475824645333,False,-11.750341678029839,3.3434877283432827,2.3298696305573685e-08,
uniform,5.0,19,2013,true,74,0.7097183926763491,17,5.952294163021125,11,0.14864864864864866,0.65,0,-0.15274365160910408,-0.4344342100914983,0.6639731598672742,False,2.39679862954833,0.3921483797833278,4.263256414560601e-13,
uniform,5.0,19,2014,discovered,267,0.8924827607295304,1,2.0125306044496027,267,1.0,0.0,0,3.9535071746790775,3.5261380998205873,0.0004216670279693688,False,-835293.9694058192,813.183796712412,0.0022810340942669427,
uniform,5.0,19,2014,true,96,0.6696422863806525,28,5.485922641001323,16,0.16666666666666666,0.57,0,-0.009966254642224115,-0.10520809083312131,0.9162106907985845,False,-1.931313122726793,1.1180898956921481,1.720662794468808e-07,
uniform,5.0,19,2015,discovered,441,0.8880946046999082,24,3.8489552978523403,26,0.05895691609977324,0.7,0,0.0011839352053311103,0.029101810230326222,0.9767833920556952,False,-41.53988279288123,3.961895856675076,0.0003302315921871468,
uniform,5.0,19,2015,true,99,0.7309190493133962,28,3.043401978886817,59,0.5959595959595959,0.05,0,-5.581089401050109,-2.245702967221455,0.024723040000249923,False,3.595335071240852,0.46340830042633463,1.9980461729574017e-11,
uniform,5.0,19,2016,discovered,326,0.9098280809104684,1,1.8246839358836966,326,1.0,0.0,0,3.3105838827913168,2.2498857676792934,0.02445619763021445,False,-314280.62134809326,555.1611464621434,0.0010514620462345192,
uniform,5.0,19,2016,true,99,0.6771297227603872,32,5.366065415690289,25,0.25252525252525254,0.65,0,-0.03126596536201909,-0.18841671604960458,0.8505499968554974,False,-0.1455628882417826,0.9563367468564159,1.1442011782492045e-08,
uniform,5.0,19,2017,discovered,346,0.889588187185509,1,2.0831822089670307,346,1.0,0.0,0,6.351744165899883,4.7103449078029325,2.4729792629636027e-06,False,-943139.3749713657,835.0311707588584,0.00427938632947189,
uniform,5.0,19,2017,true,100,0.6855304011069971,39,6.401274179190989,18,0.18,0.78,0,-0.0036410939925239916,-0.06315135116303823,0.9496459835535429,False,-4.490222118354545,1.2487963749120354,5.727323255655392e-07,
uniform,5.0,20,2010,discovered,88,0.9116313735647387,1,2.217153280212664,88,1.0,0.69,0,-0.6740148402485919,-0.7155989278315742,0.47423903584919724,False,-5.967672512089439,2.167910238098338,3.6073402043257374e-09,
uniform,5.0,20,2010,true,53,0.873157907734459,6,2.7152604084794274,17,0.32075471698113206,0.19,0,-1.5560518776028371,-1.133579410015847,0.2569710138890994,False,2.0686106985468182,0.546257881423305,1.6058265828178264e-12,
uniform,5.0,20,2011,discovered,103,0.9037115901583717,1,2.016162075779482,103,1.0,0.05,0,0.5233201639939582,0.7708116686260755,0.4408185698489887,False,-294125.66673149087,480.5366202075017,0.00013753539587924024,
uniform,5.0,20,2011,true,55,0.7832099693257241,15,3.885782121433358,14,0.2545454545454545,0.15,0,-0.3627999680921765,-0.5644803455792934,0.5724272724654078,False,2.397739981168236,0.5433455924539244,4.760636329592671e-13,
uniform,5.0,20,2012,discovered,197,0.9056477118814142,1,1.9721659766333375,197,1.0,0.01,0,0.0936068869802078,0.07836244884877233,0.9375397431215687,False,-29.48817910243263,5.055579188767904,7.162348083511461e-07,
uniform,5.0,20,2012,true,87,0.7801444754417071,20,5.340539777205534,12,0.13793103448275862,0.42,0,-0.009539059955606888,-0.11392115181413774,0.909300298000343,False,-1.9074804768705,1.0981780136497934,2.0054983451700537e-08,
uniform,5.0,20,2013,discovered,157,0.9014594469650657,1,2.217664200072024,157,1.0,0.35,0,0.7769682139626712,1.00658776997583,0.3141329140571134,False,-486252.07760481455,562.7985032771518,0.0005507780633706716,
uniform,5.0,20,2013,true,77,0.7260797958751177,14,4.35372825750176,20,0.2597402597402597,0.43,0,-1.4025168860928519,-1.0169833609336114,0.3091613449362506,False,2.7372724549788936,0.31497998153899937,8.22808488010196e-12,
uniform,5.0,20,2014,discovered,241,0.9242784874543147,1,1.8449949421544485,241,1.0,0.09,0,-0.02471508115348975,-0.016398564023876426,0.9869164253389782,False,-34.91152473156686,5.918889618390737,4.017828132418799e-07,
uniform,5.0,20,2014,true,95,0.6657584444639792,18,3.381845858716997,36,0.37894736842105264,0.19,0,-2.3468337770480905,-1.347078969481571,0.17795480057483348,False,3.000128781859285,0.4621067527923673,2.5579538487363607e-13,
uniform,5.0,20,2015,discovered,414,0.8931370509779668,1,1.7672636954939325,414,1.0,0.0,0,9.17386925139669,5.205206847952504,1.937806334675087e-07,False,-704624.0237641914,865.955721661167,0.00400119072128291,
uniform,5.0,20,2015,true,100,0.5874479689373296,42,5.022657373378126,42,0.42,0.14,0,-1.7027819768160342,-1.3102081393192326,0.19012543300616624,False,3.6848777212848614,0.3315364913715375,9.279688129026908e-11,
uniform,5.0,20,2016,discovered,310,0.9118401601616815,1,1.825723377432506,310,1.0,0.01,0,1.2114242686339836,0.7851975367130575,0.4323377595045499,False,-111.2120867950159,10.514682461401714,0.004209822183383949,
uniform,5.0,20,2016,true,99,0.6207157756900596,25,4.280598723876661,30,0.30303030303030304,0.08,0,-1.8277656665373208,-1.2261753523919114,0.2201326944304407,False,3.2834935267972454,0.34509932390279996,3.979039320256561e-13,
uniform,5.0,20,2017,discovered,343,0.8983574011261615,1,1.947204962424842,343,1.0,0.0,0,4.785184355230232,3.5756322295928555,0.0003493825264010881,False,-856681.0114416406,852.5893340067664,0.00247497958389431,
uniform,5.0,20,2017,true,99,0.6887338456221788,21,3.2561380814775878,50,0.5050505050505051,0.26,0,-1.8877279792550778,-1.3506246965631592,0.17681568553236526,False,2.8999232910925405,0.6075455924712858,3.353761712787673e-12,
uniform,5.0,21,2010,discovered,73,0.8593655007146245,5,3.2105366545048732,22,0.3013698630136986,0.46,0,-0.8750043786834683,-0.826331827256304,0.40861588373706603,False,1.4765644377103233,0.5884782144281985,8.310507837450132e-11,
uniform,5.0,21,2010,true,38,0.7093178183765563,9,3.8679976379774663,13,0.34210526315789475,0.99,0,-0.19400131512351715,-0.4288953701405054,0.6679993697007649,False,1.4680620804672597,0.6627897974274203,8.518696859027841e-11,
uniform,5.0,21,2011,discovered,131,0.8874492142762974,1,2.1718757846248566,131,1.0,0.07,0,-0.06882650762368092,-0.08855011246961383,0.9294394567387975,False,-26.82328984990561,4.365632713080852,9.907000730891014e-07,
uniform,5.0,21,2011,true,71,0.829152105592506,10,3.304662629137739,20,0.28169014084507044,0.95,0,-0.3687178052309259,-0.6016179405474815,0.5474284839835994,False,1.603819745073135,0.770377316755816,1.7763568394002505e-13,
uniform,5.0,21,2012,discovered,182,0.9154959119186734,1,2.0068128361099546,182,1.0,0.05,0,0.21799377755287264,0.22018566917509735,0.8257265571082615,False,-92.05491778884158,8.610510441048195,0.0009623914354506269,
uniform,5.0,21,2012,true,82,0.7231379261197823,14,3.732374852216405,22,0.2682926829268293,0.29,0,-1.007550117243286,-0.9473492283720435,0.3434608534489535,False,2.6061056993371983,0.4616787318742729,1.7053025658242404e-13,
uniform,5.0,21,2013,discovered,149,0.9068693240559793,1,1.9379146999996006,149,1.0,0.03,0,0.3395850767617108,0.37934193319236076,0.704433964295551,False,-146.95193091789517,11.262344245169913,0.001662274826230714,
uniform,5.0,21,2013,true,73,0.7264130738415475,12,3.449058741822288,28,0.3835616438356164,0.2,0,-2.6053140278332023,-1.4142404361296348,0.1572913190720208,False,2.695578122112283,0.3837276489679684,5.681499715137761e-11,
uniform,5.0,21,2014,discovered,268,0.9160025518747182,1,1.9652284293812288,268,1.0,0.05,0,1.8444481121388074,1.5439328192333295,0.12260460842382177,False,-158084.1477527735,362.07771068246217,0.0007553281202490325,
uniform,5.0,21,2014,true,94,0.7217292155439987,17,3.548422096741546,38,0.40425531914893614,0.27,0,-1.021376819972061,-0.9530775095590446,0.34055080040352315,False,2.5050585903888036,0.609040259165718,8.270717444247566e-12,
uniform,5.0,21,2015,discovered,430,0.8825135783072381,1,1.8711410079404884,430,1.0,0.0,0,9.291814859331154,5.8391954468898,5.245350666722e-09,False,-9999.999823184215,96.43124402606497,0.0,
uniform,5.0,21,2015,true,100,0.7064638240827159,39,4.9015778934055545,31,0.31,0.97,0,-0.07833453953417191,-0.2676313103549601,0.7889831276688619,False,1.167055147974966,0.8683876842922801,7.798774959155708e-10,
uniform,5.0,21,2016,discovered,311,0.9075600733463264,1,1.874257907681563,311,1.0,0.0,0,4.094006418877225,2.9962394622876873,0.0027333169801313853,False,-498692.90226840856,678.4443323527686,0.001842400711211667,
uniform,5.0,21,2016,true,97,0.6304854077697235,22,3.8027458392266045,39,0.4020618556701031,0.14,0,-0.5062459761516274,-0.8038906878941559,0.4214601085226314,False,2.230693237614711,0.7188154996626788,1.9895196601282805e-13,
uniform,5.0,21,2017,discovered,344,0.9065197211831328,1,1.9308084294542398,344,1.0,0.0,0,5.523287773902933,3.9271367054538935,8.59631260215903e-05,False,-716299.3266268906,787.1797247674868,0.0030946583829063457,
uniform,5.0,21,2017,true,99,0.5914197481842625,43,9.636088385033307,12,0.12121212121212122,0.97,0,-0.09455843948541043,-0.3329482269189154,0.739173364416682,False,3.314331840407858,0.2734532938513804,1.6292744930979097e-11,
uniform,5.0,22,2010,discovered,79,0.9226598208387711,1,2.0997595263496085,79,1.0,0.11,0,-1.3910204923124316,-1.0262404914646719,0.30477823956407957,False,-2.5929245292282603,1.6812453458497942,1.1343530559315695e-09,
uniform,5.0,22,2010,true,50,0.8652643771117629,5,2.860881282007007,22,0.44,0.57,0,-0.19147423270824948,-0.48178212438127455,0.6299607291701474,False,-0.6480882949243818,1.2638547473933228,1.538538185741345e-10,
uniform,5.0,22,2011,discovered,123,0.9034414935844631,1,2.162715311858862,123,1.0,0.06,0,-1.245369125729708,-0.9701959337675623,0.3319488371820566,False,-4.310429809789042,1.9543920905496277,1.4782415291847428e-09,
uniform,5.0,22,2011,true,68,0.8261114783504285,6,2.7325094788979936,35,0.5147058823529411,0.96,0,-0.3230809467441893,-0.5522573601399418,0.5807720400573395,False,-0.42770120903206466,1.324321762365041,1.5496937066927785e-10,
uniform,5.0,22,2012,discovered,188,0.9273177512922678,1,1.921001273301624,188,1.0,0.0,0,0.28012288548239095,0.2500449190915989,0.8025526112680968,False,-91.56524529650113,9.00698771085229,0.0010479284638904574,
uniform,5.0,22,2012,true,84,0.7356659387374417,16,4.775274781452951,18,0.21428571428571427,0.74,0,0.003564774150357053,0.21888012220708303,0.8267434312135785,False,-56697.869772247606,121.09646918221478,4.791272658621892e-06,
uniform,5.0,22,2013,discovered,157,0.9399257817518918,1,1.8931091253962056,157,1.0,0.24,0,-2.4035406326493636,-1.3410733011719136,0.17989665474065686,False,-4.8445990887216315,2.4132627155800317,1.8760601960821077e-09,
uniform,5.0,22,2013,true,76,0.800230859527223,13,3.24833987030642,19,0.25,0.37,0,-0.8949396264908884,-0.9754470483968014,0.32933855554248315,False,2.534824224589183,0.5561736697619143,1.9738877199415583e-11,
uniform,5.0,22,2014,discovered,264,0.9245276612683554,1,1.8782135528087585,264,1.0,0.05,0,0.966643753157566,0.7597289442745012,0.447416623716391,False,-90885.81286031668,288.3568750923799,4.5196710743766744e-05,
uniform,5.0,22,2014,true,95,0.7606315951763972,18,3.6965423884903097,29,0.30526315789473685,0.48,0,-0.4712755939231381,-0.7064979981773822,0.4798784971720772,False,2.2071572810465727,0.6896270331191526,1.2661871551244985e-11,
uniform,5.0,22,2015,discovered,441,0.885004138380019,23,3.2500436995625757,36,0.08163265306122448,0.25,0,-1.0313855417057423,-0.9435011226928488,0.3454246413218661,False,2.8109544889383242,0.6768064002116844,6.252776074688882e-13,
uniform,5.0,22,2015,true,100,0.5842064050171992,38,4.256605639369687,34,0.34,0.07,0,-1.66214948326527,-1.2225552463820222,0.22149772529067113,False,3.6374675525560525,0.38099684831429176,1.1368683772161603e-13,
uniform,5.0,22,2016,discovered,325,0.9119312832357837,1,1.7985303507738866,325,1.0,0.0,0,1.3061670113938089,0.8056357171609407,0.4204529248188553,False,-69.73730670024142,8.52413404091293,6.158233998121432e-05,
uniform,5.0,22,2016,true,98,0.685656118778461,18,3.0333978124159353,57,0.5816326530612245,0.05,0,-2.115752918907451,-1.3142020034110293,0.1887782344957758,False,2.7164051492541197,0.6781140055508441,2.2737367544323206e-12,
uniform,5.0,22,2017,discovered,348,0.9108262509435592,1,1.84007832274156,348,1.0,0.0,0,2.2554069479693997,1.4920359922801967,0.13568971007277797,False,-166844.12275013945,400.2121796938369,0.00022271879788604565,
uniform,5.0,22,2017,true,99,0.6415835788370429,25,3.9254948852818488,42,0.42424242424242425,0.71,0,-0.4653862270142417,-0.6548946276131511,0.5125355994378675,False,2.2465595164168835,0.7260395079906802,1.6277112990792375e-10,
uniform,5.0,23,2010,discovered,83,0.9188163637082766,1,2.0630158743759726,83,1.0,0.48,0,0.21686964194410918,0.3585391133142874,0.719939902554358,False,-123092.57324370104,303.51167475019395,6.146942541818134e-05,
uniform,5.0,23,2010,true,49,0.8593722519830475,6,2.889761360484711,18,0.3673469387755102,0.16,0,-0.587093292013189,-0.7153334367436711,0.47440303216940616,False,1.4737675250364934,0.7565593890986798,2.5757174171303632e-11,
uniform,5.0,23,2011,discovered,130,0.9199754603307069,1,2.050256710368322,130,1.0,0.17,0,0.36367792026584045,0.4752992433107921,0.6345736983590544,False,-279535.49536782794,460.3040784299388,0.00014745072712685214,
uniform,5.0,23,2011,true,63,0.8474907567316315,5,2.154552517802127,32,0.5079365079365079,0.01,0,-3.362330616261951,-1.6898245481288907,0.09106152594759903,False,2.0728242209546464,0.7725746846871746,2.5721647034515627e-11,
uniform,5.0,23,2012,discovered,181,0.9251830701069919,1,1.819314463375456,181,1.0,0.02,0,-2.1312040043622567,-1.0749897110759696,0.28237933483628264,False,-5.815097169681518,2.738629871876165,2.7921487344428897e-10,
uniform,5.0,23,2012,true,77,0.7495773521205706,10,2.9206074002122926,36,0.4675324675324675,0.8,0,-1.095217949482541,-1.0352721383852168,0.30054183765223097,False,1.9472435224230804,0.7724971985946458,1.1335998806316638e-10,
uniform,5.0,23,2013,discovered,138,0.9378601692307144,1,2.0100059657572262,138,1.0,0.01,0,-1.4226359744686876,-0.9446639880184982,0.34483044780499605,False,-6.5943097654495375,2.5246522066999284,2.8194335754960775e-11,
uniform,5.0,23,2013,true,72,0.774836567949463,12,3.598665546217314,22,0.3055555555555556,0.83,0,-0.7614428684653145,-0.8287418045278758,0.40725052487482094,False,2.3113627449834304,0.5400692801804008,8.526512829121202e-13,
uniform,5.0,23,2014,discovered,273,0.9152415086282768,1,1.8772512755025488,273,1.0,0.0,0,0.9655318353524498,0.7330278099161606,0.4635414678856741,False,-201.3227253552417,13.641351604714071,0.00238055593183617,
uniform,5.0,23,2014,true,97,0.7167890119498547,14,3.041342314766599,45,0.4639175257731959,0.09,0,-3.1516860201515526,-1.5369855948346602,0.12429683698739548,False,2.7927217779415257,0.5225995860677082,2.3305801732931286e-12,
uniform,5.0,23,2015,discovered,500,0.8740494081489715,1,2.0699886845581816,500,1.0,0.0,0,11.029450868310974,6.760971045410764,1.370699181545314e-11,False,-947626.1788757017,843.0945447631631,0.007600387333695835,
uniform,5.0,23,2015,true,100,0.6322950590564184,46,5.646830088528447,29,0.29,0.57,0,-0.12483552660040509,-0.331511450552276,0.7402581932397461,False,2.421098200403963,0.619627229222629,3.6285996429796796e-10,
uniform,5.0,23,2016,discovered,311,0.8848768531834434,1,1.845073610078154,311,1.0,0.0,0,4.699073131812407,3.4173363612042444,0.0006323709715583628,False,-534216.476594158,715.1949263141021,0.0018576401516838814,
uniform,5.0,23,2016,true,97,0.6262992856707489,25,4.49441009593811,40,0.41237113402061853,0.94,0,-0.3026151543570492,-0.5123908966655869,0.6083774608314536,False,2.0449026181727494,0.6881058850112759,1.0498695246496936e-09,
uniform,5.0,23,2017,discovered,319,0.9090624428073353,1,1.7884808727666628,319,1.0,0.0,0,3.625011420706114,2.374444393044285,0.017575383293303052,False,-375672.09015592386,621.8047849633775,0.0011150440104756854,
uniform,5.0,23,2017,true,98,0.6280810710757434,20,3.036873576241703,51,0.5204081632653061,0.02,0,-5.145719582278096,-2.143118567109402,0.032103578927479726,False,3.2757991857620388,0.45075821395659943,7.418066161335446e-12,
uniform,5.0,24,2010,discovered,90,0.9266668148400932,1,1.9936225650390655,90,1.0,0.08,0,-0.774732320208517,-0.6799996694924391,0.496504670179864,False,-6.811306529619967,2.585090912706074,1.1417853329476202e-09,
uniform,5.0,24,2010,true,40,0.7531289292035652,7,3.2952844253031013,17,0.425,0.02,0,-0.18506034113941272,-0.47722608135536326,0.6332011408334777,False,0.5468964938084634,0.9416081370319006,9.107736786972964e-11,
uniform,5.0,24,2011,discovered,128,0.9016675811732521,1,1.9528966485648358,128,1.0,0.01,0,-1.613457419807963,-0.9988265908629017,0.31787870234778937,False,-4.174203638489161,2.1897467752528548,1.0101075531565584e-10,
uniform,5.0,24,2011,true,69,0.7599650477788159,8,3.2121821404613895,29,0.42028985507246375,0.82,0,-0.8445078497956096,-0.8568622640536029,0.3915210099920987,False,1.7396656782956712,0.676575402151957,3.979039320256561e-13,
uniform,5.0,24,2012,discovered,175,0.9185468664574665,1,1.9852960219400886,175,1.0,0.01,0,-0.8089985728887781,-0.5761823329764599,0.5644919454118522,False,-11.026152104144334,3.1921588457055914,7.214055131044006e-09,
uniform,5.0,24,2012,true,80,0.7772462970411381,18,4.119694761155647,16,0.2,0.65,0,-0.24419349531157764,-0.5105894712708737,0.6096385498912901,False,2.254124059796516,0.6083178690355363,6.281197784119286e-12,
uniform,5.0,24,2013,discovered,167,0.8847370231604093,1,2.0374121785814303,167,1.0,0.01,0,1.0275865182746324,1.2631684438014357,0.20652865087630534,False,-171538.59169113898,363.11264645254226,0.0002687514379431377,
uniform,5.0,24,2013,true,78,0.7369315251612762,12,3.5054188614785264,25,0.32051282051282054,0.12,0,-1.461691294200011,-1.0361978644957897,0.3001098428452369,False,2.548335488630719,0.45561771705068277,4.263256414560601e-13,
uniform,5.0,24,2014,discovered,270,0.9112927125389129,1,1.8240666768759153,270,1.0,0.06,0,-0.8936452284200431,-0.4717950225269206,0.6370731040677154,False,-13.462331677049399,3.8726663915425634,2.130605025740806e-08,
uniform,5.0,24,2014,true,95,0.6521319078699701,25,5.892735563016628,26,0.2736842105263158,0.92,0,-0.3435379343039715,-0.5616949903689288,0.5743238481237927,False,2.7477556708791715,0.40646079370760757,5.589129159488948e-11,
uniform,5.0,24,2015,discovered,422,0.8478706240232704,1,2.007310908010235,422,1.0,0.0,0,14.026647196883292,10.19513036818597,2.084646546672249e-24,False,-739474.293199511,770.3604573545012,0.008866138694429537,
uniform,5.0,24,2015,true,100,0.8149055915243822,35,4.279992517291815,40,0.4,0.84,0,-0.4838292528237611,-0.7081350235083285,0.47886141181828534,False,2.7717524763436163,0.6288782686361144,1.2022383089060895e-10,
uniform,5.0,24,2016,discovered,330,0.9214363687418835,1,1.9480346651071734,330,1.0,0.0,0,2.4349196217719697,1.772273561468852,0.0763491577452063,False,-567464.4438160378,692.6761117454035,0.0014743803540113731,
uniform,5.0,24,2016,true,98,0.7318356930740164,29,3.8989816520660185,25,0.25510204081632654,0.89,0,-0.40751243490813494,-0.6616998245828467,0.5081636171653072,False,2.741391676018429,0.6422193817518677,9.490008778811898e-11,
uniform,5.0,24,2017,discovered,359,0.9154726849673627,1,1.911580512117171,359,1.0,0.02,0,3.085155600955379,2.1069933513101646,0.03511815589369942,False,-343715.7727083345,550.4075659079307,0.0013296988163347123,
uniform,5.0,24,2017,true,100,0.6484584385521075,28,4.402389856442336,32,0.32,0.42,0,-0.4537940613399165,-0.6365888434334908,0.5243926941431758,False,2.701559539002862,0.5732038958383043,6.679101716144942e-13,
uniform,5.0,25,2010,discovered,68,0.8771168261596118,1,2.281295915359193,68,1.0,0.3,0,0.19275952168897076,0.4551826526451058,0.6489778395300053,False,-184170.0570636208,337.2533366184186,8.220927975344239e-05,
uniform,5.0,25,2010,true,41,0.8678443245254854,4,2.211854936132118,24,0.5853658536585366,0.02,0,-2.2274949870585603,-1.4275950227926524,0.15340845704058814,False,1.749471490893237,0.7724496709253621,1.0231815394945443e-12,
uniform,5.0,25,2011,discovered,112,0.9386139949242368,1,1.8368704210156754,112,1.0,0.1,0,-2.607640665679534,-1.4024031865589468,0.160794882346734,False,-2.859241169599535,2.094484915418793,5.563549621001584e-10,
uniform,5.0,25,2011,true,55,0.8171077831373891,18,5.033994241227571,10,0.18181818181818182,0.74,0,-0.1513772253430501,-0.4514977614764834,0.6516308380512943,False,2.39856194115065,0.47016087468254397,1.0089706847793423e-12,
uniform,5.0,25,2012,discovered,183,0.919713986793006,1,1.865767322212841,183,1.0,0.02,0,-1.467686631655571,-0.8335623271544028,0.4045276620916397,False,-7.557170054668786,2.936845392029272,2.245769792352803e-09,
uniform,5.0,25,2012,true,83,0.7079342134490195,19,4.80323525523035,18,0.21686746987951808,0.29,0,-0.053447417297219246,-0.2813552925744582,0.7784379049553185,False,0.6221441967367835,0.8498711117380721,1.4787815416639205e-10,
uniform,5.0,25,2013,discovered,163,0.9120550548648557,1,1.9561190837706586,163,1.0,0.05,0,-1.8510300633847292,-1.1131982637992794,0.26562328818529957,False,-5.070585242519579,2.352297455418354,2.5642066248110496e-10,
uniform,5.0,25,2013,true,76,0.7626905483035208,6,2.563363630462414,47,0.618421052631579,0.16,0,-3.83300047876748,-1.7937421990861928,0.07285432647059871,False,2.0408427193559504,0.6334299799313309,3.979039320256561e-13,
uniform,5.0,25,2014,discovered,262,0.9130018700378522,1,1.8737480674533649,262,1.0,0.0,0,1.5126638011351474,1.2138754688997058,0.22479528176111763,False,-157335.52657470648,380.58531433696356,0.00024251979721157113,
uniform,5.0,25,2014,true,94,0.6922891978384836,22,3.9466601058738893,26,0.2765957446808511,0.68,0,-0.014292985577405659,-0.10673911270962311,0.9149959523873104,False,-4.980798790656436,1.7057189848739773,3.063401265990251e-08,
uniform,5.0,25,2015,discovered,455,0.8855264760456567,1,2.028110073912802,455,1.0,0.0,0,11.454549945945569,7.144053280797706,9.061824949196909e-13,False,-9999.999586798782,88.48482370886502,0.0,
uniform,5.0,25,2015,true,99,0.7257213089937954,44,5.0184606269537,17,0.1717171717171717,0.99,0,-0.08035301806701867,-0.27642170486275347,0.7822241878401652,False,2.269438112005175,0.6964456930325328,6.48341824671661e-10,
uniform,5.0,25,2016,discovered,331,0.9188102482430742,12,2.8615671052333256,42,0.1268882175226586,0.53,0,-0.12244085735044674,-0.34084805257072426,0.7332179734525024,False,-2.403517503842384,1.7513796813911147,4.365404038253473e-09,
uniform,5.0,25,2016,true,99,0.6189771799949735,32,4.616015330776515,22,0.2222222222222222,0.4,0,-0.6426232355947357,-0.7914521007418044,0.42868021704672343,False,3.2793409922579198,0.41678565292607456,1.3557155398302712e-11,
uniform,5.0,25,2017,discovered,354,0.8978398823314486,1,2.0719018285447475,354,1.0,0.0,0,6.222325796139291,4.563657954807515,5.026995605640403e-06,False,-816244.1403609006,780.9373203673315,0.0042204620458505815,
uniform,5.0,25,2017,true,100,0.6711597988127147,27,3.8325017366481764,38,0.38,0.17,0,-1.8714197421629417,-1.2077371441827365,0.2271483856973998,False,3.2963717217252655,0.4361212928193229,2.3874235921539366e-12,
uniform,5.0,26,2010,discovered,83,0.8751387561358166,1,2.3398238293276505,83,1.0,0.11,0,-0.4057235928761826,-0.5314706580925854,0.5950926690603631,False,-7.2781918417876055,2.23229835976769,4.309029577598267e-09,
uniform,5.0,26,2010,true,46,0.8428123010656555,4,2.389836513300337,26,0.5652173913043478,0.46,0,-1.4029066314797656,-1.0762343168845534,0.28182247576484987,False,1.3790860426114504,0.8417184320717053,2.8833824217144866e-11,
uniform,5.0,26,2011,discovered,118,0.9200230475185441,1,2.031226698619162,118,1.0,0.08,0,-0.0853723341228182,-0.09577907192140171,0.9236960391188925,False,-31.529183661766144,5.052162697069731,8.491864207371691e-07,
uniform,5.0,26,2011,true,59,0.7979851679891482,11,3.1504137529145493,20,0.3389830508474576,0.16,0,-1.6726261999912215,-1.1606079127436149,0.2458013860835011,False,2.602585570137184,0.4581688442750937,5.186961971048731e-13,
uniform,5.0,26,2012,discovered,191,0.9115840379240152,1,1.9878771626271263,191,1.0,0.11,0,-2.994919615375945,-1.523775665170815,0.12756476047130783,False,-3.4627834694845863,1.997004795492932,1.4131273928796872e-10,
uniform,5.0,26,2012,true,83,0.7587986609807164,11,3.437432623630824,33,0.39759036144578314,0.19,0,-0.16972288852623674,-0.4163159804869493,0.6771788003875883,False,-0.1582128868422043,1.1427834998803466,1.5424461707880255e-10,
uniform,5.0,26,2013,discovered,153,0.9049114500348984,1,2.0323623553775065,153,1.0,0.0,0,-0.3196960515898084,-0.28058591965212637,0.7790280168555711,False,-15.179866807505114,3.5876794768433404,2.4933086706369068e-08,
uniform,5.0,26,2013,true,77,0.7207849690533532,15,4.572992652215913,17,0.22077922077922077,0.71,0,0.001215576708696986,0.03659077929897699,0.9708112956619271,False,-38.73232478981471,3.3847729828726782,0.0001802725941857375,
uniform,5.0,26,2014,discovered,279,0.899685514962484,1,1.8560719604231943,279,1.0,0.01,0,-0.17791075876176876,-0.10470751637556808,0.9166078975465219,False,-19.10512763397847,4.434566486031713,1.7280285646847915e-08,
uniform,5.0,26,2014,true,95,0.6571738734107372,26,7.02960003085914,13,0.1368421052631579,0.93,0,-0.01213850234517011,-0.13032850462196754,0.8963065289668797,False,0.11348783690052298,0.7513579514976678,1.469672383791476e-09,
uniform,5.0,26,2015,discovered,434,0.9057581894514654,1,1.7672208913615322,434,1.0,0.0,0,6.976239010679576,3.8831581048951387,0.0001031084756950923,False,-577988.758750366,783.3583092190936,0.0025470112059338135,
uniform,5.0,26,2015,true,100,0.7125194459622278,26,2.8859203262728057,60,0.6,0.0,0,-11.133655236810723,-3.094553691162278,0.001971092551038269,False,3.699173100271648,0.3698598577967981,3.211653165635653e-12,
uniform,5.0,26,2016,discovered,300,0.8937683358546984,1,1.7767372499408416,300,1.0,0.0,0,2.3233691170679087,1.5111918046849773,0.13073958980933786,False,-168.95338009412814,13.364417968747274,0.003821172315952026,
uniform,5.0,26,2016,true,98,0.6136044050397337,34,5.681107299684393,17,0.17346938775510204,0.22,0,0.007064452417203881,0.8635750273180228,0.38782138752307593,False,-138975.26620246127,171.31371272365257,6.166371167637408e-05,
uniform,5.0,26,2017,discovered,339,0.9059876955216125,1,1.9009878634225135,339,1.0,0.0,0,4.920312315656111,3.5357003618908815,0.00040669570416668226,False,-696867.6124498489,789.5986676170737,0.0025421893051316147,
uniform,5.0,26,2017,true,99,0.6349086368822525,17,2.9252869952987135,64,0.6464646464646465,0.03,0,-4.082869385246395,-1.8759619247992274,0.0606605083698615,False,2.9566896264712064,0.5780482065966819,1.4210854715202004e-12,
uniform,5.0,27,2010,discovered,101,0.938060301585623,2,2.45728688776142,43,0.42574257425742573,0.65,0,-0.14993974425334589,-0.3375253503873265,0.7357209053245961,False,-7.288579373588005,2.33492525775686,4.533575292953174e-09,
uniform,5.0,27,2010,true,50,0.8467901811617092,2,1.877673576406508,41,0.82,0.02,0,-5.9764863075849215,-2.1895702691297565,0.028555417179122012,False,1.3985528731372787,0.8513454660407136,5.258016244624741e-13,
uniform,5.0,27,2011,discovered,141,0.8732601612298183,1,1.9604118691144632,141,1.0,0.0,0,0.3662461249566711,0.38888135919865113,0.6973639121653268,False,-34.31951153209066,5.472491267497492,3.250244168384597e-05,
uniform,5.0,27,2011,true,70,0.7179363674187716,11,4.715551650464163,20,0.2857142857142857,0.26,0,-0.1855396051605016,-0.4709666881384073,0.6376645235759779,False,1.484960799373332,0.5984462570618292,1.4011902749189176e-11,
uniform,5.0,27,2012,discovered,166,0.8921538086614621,1,1.8547327846748487,166,1.0,0.03,0,-2.582708930653988,-1.2925242777502282,0.19617564388604392,False,-3.8257158845089103,2.280090295289855,3.467448550509289e-11,
uniform,5.0,27,2012,true,79,0.7055500880848408,16,4.185129780425333,16,0.20253164556962025,0.89,0,-0.03474350968070006,-0.19349493786862185,0.8465713701424331,False,-0.7622913525067435,1.1232836819567833,8.371401349904772e-09,
uniform,5.0,27,2013,discovered,163,0.9106818389932415,1,1.9141216137594934,163,1.0,0.02,0,-1.6476501310328509,-1.0039427215921326,0.3154062229005964,False,-5.962559967595471,2.579238300578702,4.957087185175624e-09,
uniform,5.0,27,2013,true,74,0.7816376172723737,9,3.2105830237560804,33,0.44594594594594594,0.78,0,-0.08603211666423238,-0.29695930287432665,0.7664975799108862,False,-2.415169840047988,1.5383495150581608,4.049579160891881e-08,
uniform,5.0,27,2014,discovered,238,0.8892320746414876,1,2.1389137396332623,238,1.0,0.0,0,3.604390739503298,3.3843965632264092,0.0007133489120601427,False,-9999.999964273044,83.73153931655816,0.0,
uniform,5.0,27,2014,true,93,0.6913244973555431,14,2.7967910357867103,47,0.5053763440860215,0.06,0,-4.324799777314991,-1.8591425745673849,0.0630069319556557,False,2.920898587149434,0.5302888541503876,1.4210854715202004e-13,
uniform,5.0,27,2015,discovered,428,0.8899475755187848,1,1.8329739653695238,428,1.0,0.0,0,10.414712310998372,6.303930152530838,2.901913094721345e-10,False,-981708.3316282447,978.8851849025369,0.00536177788671921,
uniform,5.0,27,2015,true,100,0.7435663125021018,44,5.6531452394749815,33,0.33,0.77,0,-0.25728985526421067,-0.5091155649222197,0.6106712223286928,False,2.9358533005205283,0.51174459316248,6.337330660244334e-10,
uniform,5.0,27,2016,discovered,329,0.8931807605495439,1,1.960786588068405,329,1.0,0.0,0,5.279175887028164,4.067080332757619,4.760583564478985e-05,False,-902096.6513592543,868.7883230699866,0.002870617594453506,
uniform,5.0,27,2016,true,99,0.6752999831713157,17,2.923161092967173,61,0.6161616161616161,0.05,0,-4.098799103984417,-1.7566656550895143,0.07897481488544002,False,2.979826613489455,0.5665203138077272,2.842170943040401e-14,
uniform,5.0,27,2017,discovered,357,0.8865507666658294,22,4.142825942218051,25,0.0700280112044818,0.2,0,-0.2211369093906237,-0.5698805584047617,0.5687587119481117,False,1.952986134631976,0.7283025219998922,3.063860276597552e-11,
uniform,5.0,27,2017,true,100,0.7068414122653999,29,4.783344612413134,30,0.3,0.79,0,-0.4833988648591214,-0.6702857271221139,0.5026756639359475,False,2.8850674109824266,0.49262527293714653,9.265477274311706e-12,
uniform,5.0,28,2010,discovered,80,0.9062086722891411,1,2.0861124420274244,80,1.0,0.02,0,-0.4441844332841461,-0.4961275667479756,0.6198044110282226,False,-8.503877967438251,2.693171386235955,5.141913561601541e-10,
uniform,5.0,28,2010,true,46,0.8538957881182202,5,2.630183434577863,23,0.5,0.62,0,-0.6765630519188861,-0.7370363562514873,0.4611002405392185,False,1.1042787352800283,0.9186314882722766,5.684341886080802e-14,
uniform,5.0,28,2011,discovered,119,0.9126316932075881,1,2.170629959565856,119,1.0,0.39,0,0.6442756226819989,0.8782872565666204,0.3797878496563357,False,-535184.2175353705,602.5572153422389,0.0004830695179407485,
uniform,5.0,28,2011,true,70,0.8277736966384103,8,2.8105325933120953,25,0.35714285714285715,0.59,0,-0.9588334730458214,-0.8998725883656489,0.36818805929421605,False,1.8811721953218672,0.7481048801121721,1.2931877790833823e-12,
uniform,5.0,28,2012,discovered,206,0.9163030547367776,1,2.081490920120892,206,1.0,0.05,0,-0.05335439963181621,-0.051213612412592126,0.9591553049428265,False,-56.75264473157938,6.540216803651882,0.00035406039324925587,
uniform,5.0,28,2012,true,91,0.7264200537922713,15,4.319337306798093,19,0.2087912087912088,0.29,0,-0.31028417497200156,-0.4995883331947291,0.6173649744946412,False,2.161526080647712,0.5560086572557694,1.0302869668521453e-12,
uniform,5.0,28,2013,discovered,143,0.9132916918455858,1,2.033349174630993,143,1.0,0.02,0,0.6221294573885872,0.7793981875871582,0.43574519114413457,False,-288326.32245027914,471.5939479638676,0.00022438247924583266,
uniform,5.0,28,2013,true,71,0.785774130062304,9,2.635760183954692,31,0.43661971830985913,0.1,0,-2.1538782274109987,-1.2461010637193313,0.21272729437019888,False,2.372833467016248,0.6526911268130057,7.202061169664375e-11,
uniform,5.0,28,2014,discovered,278,0.8986795803832878,1,2.1259013813869547,278,1.0,0.01,0,2.317716345484427,2.184652433895875,0.028914340274871744,False,-644186.6632545947,674.8517743547505,0.0013495706816684105,
uniform,5.0,28,2014,true,97,0.6967165800693613,27,5.321230905447578,16,0.16494845360824742,0.31,0,-0.10904475744540054,-0.37830303046578084,0.7052054944349608,False,2.2605157372454157,0.5744027047689463,3.0482283364108298e-12,
uniform,5.0,28,2015,discovered,426,0.8989570248144928,1,1.8799288161080132,426,1.0,0.0,0,9.437372166072628,5.650827644812151,1.596771355508361e-08,False,-970458.096794808,945.0701421671486,0.0056443694438712555,
uniform,5.0,28,2015,true,100,0.7361881255122211,52,6.295032644397388,22,0.22,0.5,0,-0.6487854281701404,-0.7631229214248347,0.4453900913176966,False,3.828778166509121,0.28392325340264923,1.7621459846850485e-12,
uniform,5.0,28,2016,discovered,339,0.9251356302482191,1,1.8873691103543255,339,1.0,0.01,0,1.6505605148930727,1.1237623227296196,0.26111386925876545,False,-101909.37910527531,303.74229313347735,0.00031556053363601677,
uniform,5.0,28,2016,true,99,0.6832304423198652,35,5.323441905604494,20,0.20202020202020202,0.41,0,-0.09463940391352832,-0.3243781541003155,0.7456517568659083,False,2.149654494055103,0.6459817381211591,7.120632972146268e-10,
uniform,5.0,28,2017,discovered,338,0.902807954438409,1,1.8268788421073143,338,1.0,0.0,0,4.838874815786918,3.2359041725547866,0.0012125808444690268,False,-546064.6262965449,731.3301985865513,0.0016965656450338429,
uniform,5.0,28,2017,true,99,0.647818972181315,38,5.726677270037819,19,0.1919191919191919,0.72,0,-0.5586205661743637,-0.7280466119271131,0.46658505344024037,False,3.498780621928418,0.3179176466506257,3.922195901395753e-12,
uniform,5.0,29,2010,discovered,74,0.8989929900217672,1,2.210414263120639,74,1.0,0.36,0,-0.35509196357730655,-0.4689700921442598,0.6390910138900553,False,-8.678208535025954,2.5526530934805187,5.054772600487922e-09,
uniform,5.0,29,2010,true,43,0.7662388289080968,7,3.7810698697490426,17,0.3953488372093023,0.85,0,-0.017304130479940838,-0.11420697634507676,0.9090737217729723,False,-6.186900241213612,1.7341433295385986,1.804065874466687e-08,
uniform,5.0,29,2011,discovered,154,0.9316329740143766,1,1.908391578352309,154,1.0,0.39,0,-1.5523137507710256,-0.9966957304162477,0.31891222275263287,False,-6.881049171326273,2.7424206586584976,1.0470557754160836e-09,
uniform,5.0,29,2011,true,71,0.8046430251374121,13,4.827421412882224,14,0.19718309859154928,0.81,0,-0.1954962462070169,-0.4498204614797273,0.6528399027595677,False,1.992353731811621,0.5072768303848618,1.9539925233402755e-11,
uniform,5.0,29,2012,discovered,183,0.9337090266024051,1,1.8940694552640518,183,1.0,0.45,0,-1.069769577059268,-0.7120646731725061,0.4764247287676473,False,-12.656196931818524,3.5896770622428176,2.585198899396346e-08,
uniform,5.0,29,2012,true,84,0.7372399483428931,20,4.997749657705169,17,0.20238095238095238,0.76,0,-0.5876435216723586,-0.740445557750137,0.4590296840099797,False,2.8896135149271673,0.3517294319431363,7.105427357601002e-14,
uniform,5.0,29,2013,discovered,165,0.9377523107043916,1,1.9730942172099235,165,1.0,0.11,0,-2.59259136994038,-1.422629285795082,0.15484364971128606,False,-4.017219598602634,2.1280649067398465,9.20522325031925e-10,
uniform,5.0,29,2013,true,78,0.7660738363564165,9,3.0082843337878904,31,0.3974358974358974,0.1,0,-1.7812441530441965,-1.2120027659486217,0.22551132185292255,False,2.2588037974847337,0.5723044098725315,1.2789769243681803e-13,
uniform,5.0,29,2014,discovered,267,0.8841203251300535,1,1.9859516408183315,267,1.0,0.0,0,3.023569679159265,2.758685050786209,0.005803443691227315,False,-584180.4546333741,688.9331885428784,0.001252959988960356,
uniform,5.0,29,2014,true,96,0.6257551673570521,21,4.456836493929176,27,0.28125,0.91,0,-0.032304452920421056,-0.17738723626802674,0.8592042323180984,False,-1.7011798648704521,1.2257899946281785,0.00027873812844347867,
uniform,5.0,29,2015,discovered,454,0.9003088176752868,1,1.9913735631397387,454,1.0,0.0,0,9.157627495156987,5.455639201185665,4.87969864030863e-08,False,-759047.6821604215,784.7960827142858,0.006346412958919245,
uniform,5.0,29,2015,true,100,0.7335423522030932,35,4.66979011625236,48,0.48,0.99,0,-0.20743453633997078,-0.46039802217610715,0.6452305540711566,False,1.7691969312245481,0.7841860464037629,5.460663032863522e-10,
uniform,5.0,29,2016,discovered,315,0.9142887551141593,1,1.8409456149219063,315,1.0,0.01,0,4.13530865039524,2.831622176701038,0.004631253661823106,False,-552050.4724461088,728.681655840183,0.0019863979250658303,
uniform,5.0,29,2016,true,96,0.6230850480718887,22,3.7620491436622157,41,0.4270833333333333,0.18,0,-1.8114839178526703,-1.2399873077617474,0.21498008872217966,False,3.0466007703262887,0.4658573761072629,8.526512829121202e-14,
uniform,5.0,29,2017,discovered,353,0.8865899848268604,1,1.8408040833239998,353,1.0,0.0,0,4.237909094686968,2.8883157379872118,0.0038731087857760685,False,-523353.27981163503,709.288122797306,0.0011640613083727658,
uniform,5.0,29,2017,true,99,0.5839489827611076,29,5.331979785521655,34,0.3434343434343434,0.41,0,-0.7152156439787767,-0.7746617108508602,0.43853958177234564,False,3.079600290355507,0.39115143385650447,3.836930773104541e-13,
lognormal,1.0,0,2010,discovered,156,0.8860246693931323,1,2.3804900805896803,156,1.0,0.06,0,-3.8999624959508594,-1.793350699107226,0.07291686542860693,False,-0.7787810716112689,1.020124015364428,4.547473508864641e-13,
lognormal,1.0,0,2010,true,72,0.8612071753754875,4,3.1589750402348393,30,0.4166666666666667,0.53,0,-0.28895146674051375,-0.4899391037178322,0.6241769911935681,False,-0.3857053338986607,1.0423905317896156,3.0809133022557944e-11,
lognormal,1.0,0,2011,discovered,232,0.901127885082809,1,2.22603618768328,232,1.0,0.25,0,0.7677440920961955,0.8535000875370192,0.39338203913277203,False,-364704.6701818682,485.47937729399007,0.00047495131912000943,
lognormal,1.0,0,2011,true,84,0.8904022377880754,3,2.155376712465337,55,0.6547619047619048,0.04,0,-2.0159078017527428,-1.225549865009228,0.2203681142169137,False,0.5726632388029824,1.201445389011081,1.2505552149377763e-11,
lognormal,1.0,0,2012,discovered,261,0.9410433798994827,1,1.8898050118964227,261,1.0,0.31,0,1.4054627347327697,1.038142419160124,0.2992037552605419,False,-476965.1024097876,656.2931696093063,0.0007480310550818103,
lognormal,1.0,0,2012,true,94,0.9003240434589305,9,2.446215723494394,29,0.30851063829787234,0.7,0,-0.15259293271207852,-0.4153500575467899,0.6778856614463258,False,-2.092942934280666,1.9213763506731245,6.517453243759519e-09,
lognormal,1.0,0,2013,discovered,236,0.9433089049812454,1,1.9897351424603507,236,1.0,0.19,0,-1.9238001740773978,-1.0270887108356674,0.30437869398784223,False,-10.109806021029225,3.0630528504505072,2.806450538628269e-08,
lognormal,1.0,0,2013,true,91,0.8872824267720362,6,2.6596835515539436,36,0.3956043956043956,0.8,0,-0.014291174248465488,-0.11194940916583973,0.9108635199495565,False,-93513.034516699,231.3317946366985,2.682856938918121e-05,
lognormal,1.0,0,2014,discovered,474,0.9128914631704736,1,2.0276150563521473,474,1.0,0.0,0,5.449151148312093,3.4698967091587902,0.0005206585498370492,False,-144402.2863109339,335.27197186430084,0.0031458699677386903,
lognormal,1.0,0,2014,true,98,0.8733458224415787,17,2.7113623110489176,30,0.30612244897959184,0.3,0,0.005469778115887003,0.09544787912727226,0.9239590875962893,False,-76.25747417912633,6.7843065751446545,0.0007202433899493599,
lognormal,1.0,0,2015,discovered,666,0.9106699209616206,1,1.8898416550117976,666,1.0,0.0,0,15.941322215760739,7.260716964759744,3.850438878233274e-13,False,-10000.000176166383,95.42328290502996,0.0,
lognormal,1.0,0,2015,true,100,0.7533332756820939,58,4.036881613014453,20,0.2,0.38,0,-0.3706323563131986,-0.6141099050285354,0.5391427033449249,False,3.563787146353601,0.5870499179344374,1.3500311979441904e-12,
lognormal,1.0,0,2016,discovered,567,0.8790299476929307,1,2.0205194391587105,567,1.0,0.0,0,12.57000498715829,7.538108978492068,4.7683531117818604e-14,False,-902453.2574996129,843.1894229419435,0.007891743854997912,
lognormal,1.0,0,2016,true,98,0.7338081356393614,32,3.69830800064505,26,0.2653061224489796,0.4,0,-0.13891769346542393,-0.3843857112764998,0.7006925893599862,False,1.395435831085374,1.0017769112874095,9.147953505816986e-10,
lognormal,1.0,0,2017,discovered,552,0.921935279938258,1,1.9376828053686483,552,1.0,0.0,0,10.275683038753845,5.257401214049747,1.4610533042256714e-07,False,-912492.5577322459,885.5833178881907,0.00686969829712325,
lognormal,1.0,0,2017,true,100,0.8336057273021032,27,2.779963945009687,34,0.34,0.01,0,-0.3159203419342864,-0.5485711116383073,0.583299815418,False,1.3341272633409356,1.279523211591187,1.150851858255919e-09,
lognormal,1.0,1,2010,discovered,137,0.8592059641067605,1,2.3609704835094463,137,1.0,0.01,0,-0.010800874655543913,-0.01810928517351396,0.9855516706696659,False,-45.19385358348903,5.189233269170478,4.681841747355975e-05,
lognormal,1.0,1,2010,true,77,0.8635926256633757,6,3.813364878194799,18,0.23376623376623376,0.37,0,-0.8510504747147394,-0.8349200739310697,0.4037627114916639,False,1.777153713517384,0.42860933503853904,6.775735528208315e-11,
lognormal,1.0,1,2011,discovered,218,0.9249462363232568,1,2.0674420471874293,218,1.0,0.25,0,-0.7820548006469634,-0.5827814952607565,0.5600404035939743,False,-15.906427258132451,3.5960333742681243,4.932775254928856e-08,
lognormal,1.0,1,2011,true,89,0.8755537214172658,13,3.83312820898093,14,0.15730337078651685,0.62,0,0.002067467984026905,0.04701526129973151,0.9625010642208874,False,-26.840671821585595,3.213874417107466,4.559505373435968e-05,
lognormal,1.0,1,2012,discovered,329,0.9119354830928429,1,2.0587228927785586,329,1.0,0.0,0,1.1471111644802443,0.9305104376558537,0.3521068624621394,False,-259112.892019396,441.35322498940695,0.00039833788832766004,
lognormal,1.0,1,2012,true,94,0.7927977311732042,10,3.1193838184015763,35,0.3723404255319149,0.51,0,-0.5093039159211559,-0.7468072913597142,0.45517989369097644,False,1.2602217615913682,0.9149824642310047,6.693312570860144e-12,
lognormal,1.0,1,2013,discovered,264,0.8780547367399684,1,2.1225541255876554,264,1.0,0.0,0,2.315504193074595,2.358194233632952,0.018364081466759,False,-537005.6790228579,617.0493058502822,0.0010303505478077568,
lognormal,1.0,1,2013,true,98,0.79573357148935,10,3.2878126807480106,26,0.2653061224489796,0.36,0,-0.6261528318961256,-0.865565799319324,0.3867283176775671,False,1.8360858319920685,0.7043290301138353,2.0449419935175683e-11,
lognormal,1.0,1,2014,discovered,353,0.923846196650348,1,1.8821703239507648,353,1.0,0.01,0,3.4169901096441047,2.2515431319601698,0.024351158265467035,False,-584999.3340290966,730.7837908854253,0.0015937633734210976,
lognormal,1.0,1,2014,true,96,0.8119071093207124,29,3.5088977037127393,13,0.13541666666666666,0.85,0,0.0026470765280457442,0.2667764062765211,0.7896413211562033,False,-46544.76577991331,135.38969314826952,6.084979759179987e-06,
lognormal,1.0,1,2015,discovered,494,0.9533535592499888,1,1.7912082165328331,494,1.0,0.0,0,5.2258987797958145,2.4359464279092307,0.014852884079924803,False,-556651.536211266,755.45707944465,0.003294715284027916,
lognormal,1.0,1,2015,true,100,0.8959907687081532,12,2.0960947164253834,64,0.64,0.41,0,-0.5112565075206059,-0.6369051511189383,0.524186627278157,False,-1.464877721301153,2.226576822745757,1.1769202501454856e-08,
lognormal,1.0,1,2016,discovered,495,0.9076100560334165,1,1.9673290261359269,495,1.0,0.0,0,9.469162561673727,5.466142383286154,4.5993494284278053e-08,False,-444089.62380142085,607.9061631013087,0.0063269769971157075,
lognormal,1.0,1,2016,true,99,0.7714375965901271,45,4.630041275943045,13,0.13131313131313133,0.76,0,-0.1458327214403008,-0.37434700516247016,0.7081461649980434,False,3.043406687676077,0.5826760647135223,1.9591794853113242e-10,
lognormal,1.0,1,2017,discovered,472,0.9007103288837381,1,1.8410852222471978,472,1.0,0.0,0,9.149556932909046,5.238427319802159,1.6195073071563904e-07,False,-928615.489822591,946.2203975497414,0.004679516057876754,
lognormal,1.0,1,2017,true,98,0.7575062869887541,14,2.2310930426822373,54,0.5510204081632653,0.02,0,-5.696602678613187,-2.240829679796112,0.02503710964587289,False,3.1141547798105007,0.7334750330086397,7.673861546209082e-13,
lognormal,1.0,2,2010,discovered,152,0.8604484857677602,1,2.5434273910789065,152,1.0,0.39,0,0.16873918094327678,0.292924861968374,0.7695795848614627,False,-274876.83057372196,375.108563966046,0.0001735815494612325,
lognormal,1.0,2,2010,true,75,0.9070915949742855,4,3.0508398489536224,23,0.30666666666666664,0.67,0,-0.0010829462944181856,-0.008387593139118403,0.9933077474006721,False,-37.374232740148614,4.224951707558612,5.848117035611722e-05,
lognormal,1.0,2,2011,discovered,217,0.9117949913959404,1,1.9625522420226842,217,1.0,0.0,0,-2.0962041922637784,-1.0670288763294522,0.2859587966011269,False,-5.739385859505384,2.4595587253520788,4.59522198070772e-10,
lognormal,1.0,2,2011,true,85,0.8812683137585101,8,2.8921529239697206,24,0.2823529411764706,0.87,0,-0.19241540794871081,-0.4515072211022134,0.6516240217689229,False,-0.16259508205538659,1.265591820428534,7.841549631848466e-11,
lognormal,1.0,2,2012,discovered,269,0.9046966574042451,1,1.9383276469810864,269,1.0,0.0,0,1.5214530549845797,1.2898611462019236,0.19709887308008467,False,-204643.62162359542,417.98835170317744,0.00030792169673077296,
lognormal,1.0,2,2012,true,93,0.8144128682956953,10,2.8331470339846425,33,0.3548387096774194,0.01,0,-1.6042088962817007,-1.152209123408723,0.2492351495388906,False,2.2756133198063666,0.6736690679197862,2.2737367544323206e-13,
lognormal,1.0,2,2013,discovered,246,0.9184806840565458,1,2.0488411409268323,246,1.0,0.08,0,-0.3778589352433608,-0.28833187353941647,0.7730927110904753,False,-24.815554998807052,4.467695399799384,2.511023012630176e-06,
lognormal,1.0,2,2013,true,89,0.8616001935424153,6,2.506413696425947,40,0.449438202247191,0.63,0,-0.662180289046848,-0.7604515146874646,0.446984740623929,False,0.431094996736537,1.2446151949840043,1.0686562745831907e-11,
lognormal,1.0,2,2014,discovered,380,0.9283637328661902,1,1.9076881881469878,380,1.0,0.0,0,3.012179354513414,1.9257237245671779,0.05413887990701347,False,-409925.7691845791,602.3620263516922,0.0014220871544239344,
lognormal,1.0,2,2014,true,96,0.8526401936359701,6,2.1101727916421837,74,0.7708333333333334,0.48,0,-1.9394018841523377,-1.3717161136031129,0.17015183017250124,False,0.8311057322688526,1.4384990599064817,1.8241053112433292e-10,
lognormal,1.0,2,2015,discovered,628,0.942967849070452,1,1.7912964679986003,628,1.0,0.0,0,5.75585540610458,2.524756250469204,0.011577856204279757,False,-423817.0306005894,659.0168164455446,0.003705091296978935,
lognormal,1.0,2,2015,true,99,0.804754001036992,21,2.497108819620971,58,0.5858585858585859,0.17,0,-0.13789938216608366,-0.3556560060115485,0.7220981955915262,False,-4.563964479105026,2.413856478580931,2.2746357331016043e-07,
lognormal,1.0,2,2016,discovered,479,0.908361984198594,1,1.9146873666342812,479,1.0,0.0,0,9.612871527838713,5.599219670784664,2.153188122449672e-08,False,-941608.8666503959,911.6756224552755,0.005741567376389867,
lognormal,1.0,2,2016,true,98,0.7534325371722279,50,4.34106812123995,14,0.14285714285714285,0.72,0,-0.10852620245807376,-0.3086342919069953,0.7575997323303181,False,2.7163565415570576,0.7164194873392651,2.994227088493062e-11,
lognormal,1.0,2,2017,discovered,566,0.9073753688953176,1,1.949842158246408,566,1.0,0.0,0,10.165770948977269,5.583809701689165,2.353061734438678e-08,False,-9999.999881369791,92.07583886010109,0.0,
lognormal,1.0,2,2017,true,100,0.7556407416531237,20,2.6103011360186055,39,0.39,0.3,0,-0.9092658690167421,-0.9350978988830685,0.3497378492865889,False,2.314272984535278,1.021431158082031,2.3135271476348862e-11,
lognormal,1.0,3,2010,discovered,147,0.8805359474612703,1,2.415999135823742,147,1.0,0.53,0,-0.19150773694835532,-0.2815578827996814,0.7782825387283906,False,-33.580867805719365,4.401094755704719,5.78765479986032e-09,
lognormal,1.0,3,2010,true,72,0.934152188689712,5,2.785334797047044,16,0.2222222222222222,0.94,0,-0.2453001352333688,-0.4963480962952092,0.6196488381425309,False,0.33837660062418395,1.0728810180820243,3.114308810836519e-11,
lognormal,1.0,3,2011,discovered,211,0.9332641781019322,1,2.021207950534515,211,1.0,0.09,0,-1.8616493017601101,-1.078086186418054,0.2809952955933531,False,-7.157006473786236,2.5950212799774532,1.4965166883484926e-09,
lognormal,1.0,3,2011,true,91,0.8946864837149694,7,2.981774707456629,25,0.27472527472527475,0.18,0,-0.2159415835055638,-0.44188866652529357,0.6585697722896082,False,-0.04907316695387165,1.1735259837511451,4.618527782440651e-12,
lognormal,1.0,3,2012,discovered,276,0.918535211561106,8,2.943102180053591,37,0.13405797101449277,0.8,0,-0.06335034364252579,-0.2352958074315339,0.8139791489742838,False,-4.856129223343297,1.9726850829872522,2.883425054278632e-08,
lognormal,1.0,3,2012,true,98,0.8948745829015681,6,2.420113869988623,58,0.5918367346938775,0.42,0,-0.8028078799020641,-0.8176202998589378,0.4135740324812912,False,-0.037020648762586,1.419033451000347,5.258016244624741e-12,
lognormal,1.0,3,2013,discovered,237,0.899446343754191,1,2.0167177029758463,237,1.0,0.0,0,1.0963273200111585,1.0652758990761868,0.2867510958159022,False,-210419.00853128516,406.286196227956,0.0002320670446351869,
lognormal,1.0,3,2013,true,89,0.8312543324413117,8,2.8930473293800736,34,0.38202247191011235,0.79,0,-0.23621988225553636,-0.5206597935472793,0.6026037877842401,False,-0.4528541393648366,1.3233055798935265,6.137668151495745e-11,
lognormal,1.0,3,2014,discovered,330,0.9434642946144899,1,1.8462304241794623,330,1.0,0.05,0,2.013386042037375,1.2878450761325804,0.19779989767609107,False,-162337.02368132534,393.27485544285946,0.0010163683491555275,
lognormal,1.0,3,2014,true,93,0.9280420917026798,5,2.007166407540351,73,0.7849462365591398,0.23,0,-1.3067563849083572,-0.9084502332703677,0.36364039595750974,False,-0.33310986682046095,1.8350444210388215,1.3079670679871924e-10,
lognormal,1.0,3,2015,discovered,573,0.9152893534787304,1,1.8581096176003453,573,1.0,0.0,0,11.091419415184905,5.620275463114281,1.9065322893185856e-08,False,-9999.999756556623,97.17044319538935,0.0,
lognormal,1.0,3,2015,true,100,0.7802530383123243,64,4.602359100817476,15,0.15,0.81,0,0.0014248271971801785,0.35931300791219045,0.7193609443129692,False,-55294.07478607737,123.52835918018116,1.6357411368517205e-05,
lognormal,1.0,3,2016,discovered,470,0.9200783305997433,1,1.9049167831046419,470,1.0,0.0,0,6.479633048237354,3.7602802639434403,0.0001697231013110772,False,-466904.48557432665,644.7412647105651,0.0036499094840110047,
lognormal,1.0,3,2016,true,98,0.7788064682657921,13,2.411063827826897,57,0.5816326530612245,0.21,0,-1.7358120241404595,-1.2087446071582424,0.22676097854853428,False,2.0806625363541835,1.0603303906360377,2.2021140466677025e-10,
lognormal,1.0,3,2017,discovered,468,0.9610307844826537,1,1.7913977510267594,468,1.0,0.2,0,-0.02869906582749593,-0.0142235227432306,0.9886516534489204,False,-88636.54295948116,300.786236706184,0.0001350464472125168,
lognormal,1.0,3,2017,true,99,0.8338831850721374,14,2.174190863489713,43,0.43434343434343436,0.37,0,-1.6208514958743456,-1.2027098448805253,0.22908862285137432,False,2.3264546864529305,1.1773807476274776,1.1036149771825876e-10,
lognormal,1.0,4,2010,discovered,130,0.9206646177081429,1,2.23159011801279,130,1.0,0.24,0,-1.53831810445216,-1.1077775902455493,0.2679578805376619,False,-3.7454056934357003,1.786319609178074,6.303935151663609e-11,
lognormal,1.0,4,2010,true,81,0.9085622804836399,4,2.9771874696258447,26,0.32098765432098764,0.82,0,-0.17370994049758615,-0.39622320396385985,0.6919403748592294,False,-1.244163630423625,1.276329191873466,2.5686119897727622e-11,
lognormal,1.0,4,2011,discovered,219,0.9247760530922389,1,2.0629309782954213,219,1.0,0.3,0,-0.6397729080918895,-0.5025682026732459,0.615267889766892,False,-20.638669708071475,4.066671941327859,4.2359715735074133e-10,
lognormal,1.0,4,2011,true,92,0.8534859783837538,3,2.177678917998141,67,0.7282608695652174,0.16,0,-2.674546150357398,-1.458537709181272,0.14469238898331396,False,0.7074536528076978,1.1326016143451008,2.6489033189136535e-11,
lognormal,1.0,4,2012,discovered,261,0.9217801796015649,1,1.962470606628521,261,1.0,0.02,0,0.8562878512812144,0.7237913551729196,0.46919383742641796,False,-52894.53009559113,209.5917251273717,0.00014735451168235159,
lognormal,1.0,4,2012,true,91,0.8965156776399388,10,2.765457946017793,27,0.2967032967032967,0.92,0,0.004964244466950873,0.06142975657588566,0.9510169547821884,False,-45.996069200122754,5.206208123854117,0.00030954763388990614,
lognormal,1.0,4,2013,discovered,227,0.9253519884362759,1,2.005303644681232,227,1.0,0.09,0,0.9103914034047795,0.8389601133970752,0.4014916926852672,False,-325523.2448028944,508.31902772810633,0.00041218052956537576,
lognormal,1.0,4,2013,true,92,0.8962041954366017,12,2.9794760799142974,16,0.17391304347826086,0.53,0,-0.11216546569445018,-0.3485380473608618,0.7274361452377798,False,0.16353236695967038,1.255934110552322,5.910081313231785e-10,
lognormal,1.0,4,2014,discovered,358,0.932966846805908,1,1.8976146583550688,358,1.0,0.0,0,2.1083338557659026,1.3812769952832127,0.16719380870481437,False,-288143.6130170107,507.78576978478657,0.0008712854742043419,
lognormal,1.0,4,2014,true,96,0.8636308007831545,9,2.366438613225565,49,0.5104166666666666,0.01,0,-0.8874427679463626,-0.6611059860874671,0.5085443466566899,False,0.821928020890855,1.3552447366015083,9.135021628026152e-10,
lognormal,1.0,4,2015,discovered,564,0.9251097779241639,1,1.8354945704840147,564,1.0,0.0,0,11.222693207328902,5.384963079372244,7.245952033945361e-08,False,-960022.2853573285,965.726485236026,0.007428225183502946,
lognormal,1.0,4,2015,true,100,0.8592183769578965,20,2.253730841290225,50,0.5,0.21,0,-1.4577490525094303,-1.1753934960834644,0.2398373243398506,False,2.4185902954027405,1.2136409486428734,6.02540239924565e-11,
lognormal,1.0,4,2016,discovered,436,0.9087275195251953,1,1.8355871166906044,436,1.0,0.0,0,7.875754293724345,4.670277731424378,3.007927855655115e-06,False,-812285.3144933014,887.7964406275964,0.0038796610951976618,
lognormal,1.0,4,2016,true,100,0.7691243488941257,24,3.0224694038246995,31,0.31,0.09,0,-0.18383500329459146,-0.42125455812700296,0.6735692088405307,False,0.6565160677440649,1.2889438709157721,8.520117944499361e-10,
lognormal,1.0,4,2017,discovered,510,0.9355229941222044,1,1.8890039118094888,510,1.0,0.03,0,4.921512567720466,2.6039842862419724,0.009214698146555442,False,-625554.46791783,752.6614503826964,0.0029538418139054556,
lognormal,1.0,4,2017,true,99,0.8248607621677896,22,2.555152402475054,35,0.35353535353535354,0.58,0,-0.6634638416570855,-0.7688274442545232,0.441995754382305,False,2.1102205195647254,1.1429690867971847,1.8474111129762605e-12,
lognormal,1.0,5,2010,discovered,131,0.9078086174291506,1,2.2216365868361043,131,1.0,0.42,0,-0.39489326297748306,-0.4567009649505719,0.6478859971814952,False,-16.099843155162542,3.3568926564514165,3.117520464002155e-08,
lognormal,1.0,5,2010,true,74,0.9245863996833721,4,2.6444881406305387,24,0.32432432432432434,0.38,0,-0.7529835479814075,-0.8226671814645439,0.41069728309621367,False,0.9432418847504265,0.8806723461663762,3.836930773104541e-13,
lognormal,1.0,5,2011,discovered,213,0.908681449361383,1,2.0422355381950337,213,1.0,0.09,0,-0.6592332901452602,-0.49472648752424514,0.6207932017553515,False,-13.966779664481725,3.435498020895962,1.5359660210378934e-09,
lognormal,1.0,5,2011,true,85,0.8552416046109593,9,3.168829285046735,23,0.27058823529411763,0.08,0,-0.7860446837866908,-0.8064331392328011,0.4199931453299037,False,1.9690217392822427,0.650167559487587,5.410072390077403e-11,
lognormal,1.0,5,2012,discovered,254,0.9112674381287131,1,1.8991242607169487,254,1.0,0.01,0,0.040272726287129856,0.027508370802001633,0.9780542634405587,False,-26.06667237345621,4.981250543969277,4.0674246974958805e-06,
lognormal,1.0,5,2012,true,96,0.8358497044486726,11,3.018123858410038,33,0.34375,0.65,0,-1.27903544901379,-1.0569362042199655,0.2905407039294503,False,2.241074574035988,0.6688432724695899,1.0231815394945443e-12,
lognormal,1.0,5,2013,discovered,265,0.930096599394648,1,2.0300015248056904,265,1.0,0.05,0,-0.7712673106120773,-0.5229709548910675,0.6009944657598609,False,-20.6077361053602,4.13510288446278,2.1601618982458604e-07,
lognormal,1.0,5,2013,true,90,0.8877098593149358,3,2.0504945304434505,64,0.7111111111111111,0.03,0,-3.4920465710718034,-1.6402689734590399,0.10094925373107662,False,1.0230890525487886,1.1259789024132596,2.4215296434704214e-11,
lognormal,1.0,5,2014,discovered,378,0.9200155536661401,1,2.0409722574806075,378,1.0,0.0,0,5.003964514186725,3.252483941668484,0.0011440105990479354,False,-477209.76072173833,605.6404962565483,0.0034381627456241404,
lognormal,1.0,5,2014,true,98,0.8756753224624354,7,2.2544921587480196,58,0.5918367346938775,0.66,0,-0.2736323870377886,-0.4806693654194783,0.6307515071618863,False,-3.7702151843758784,2.3370180059787504,4.522706831266987e-08,
lognormal,1.0,5,2015,discovered,605,0.9423559061162756,1,1.8189177218176633,605,1.0,0.0,0,8.291252097792498,3.679050126370019,0.00023410425626540092,False,-730427.566089267,850.2499421905501,0.005411148670646071,
lognormal,1.0,5,2015,true,99,0.886892922944586,9,1.8635624669788506,83,0.8383838383838383,0.01,0,-4.531864823390343,-1.6944222414978551,0.09018507607523063,False,2.2429343529790633,1.3904474189135214,7.660787559871096e-10,
lognormal,1.0,5,2016,discovered,435,0.9071282575275886,1,1.8392195018814967,435,1.0,0.0,0,6.028023173919063,3.6061150398397226,0.0003108153883128703,False,-490349.8383978192,687.5915757350252,0.0026409655965835555,
lognormal,1.0,5,2016,true,99,0.7748539291899482,23,3.1630302134740247,35,0.35353535353535354,0.65,0,-0.7756843087461025,-0.8243952738226821,0.4097149994011644,False,2.589903478564268,0.7729583358994356,1.0467715583217796e-10,
lognormal,1.0,5,2017,discovered,477,0.9451601206710384,1,1.842246716544418,477,1.0,0.0,0,5.280514451380746,2.675014882488606,0.007472593290162715,False,-599891.2054864855,758.6690422541562,0.003260341724853788,
lognormal,1.0,5,2017,true,98,0.9094119055420602,10,2.0788760874662144,64,0.6530612244897959,0.33,0,-0.8562856921154767,-0.9035916937960934,0.3662119472975337,False,-0.038251673397967034,1.8808950483506972,1.641387825657148e-08,
lognormal,1.0,6,2010,discovered,141,0.8803569080064686,1,2.3239860658716838,141,1.0,0.13,0,-0.510692040387922,-0.5872570797316811,0.5570310621476169,False,-10.251790032916974,2.61400374547164,1.8701484805205837e-09,
lognormal,1.0,6,2010,true,72,0.9275054241121009,2,2.2465225178572408,54,0.75,0.24,0,-1.055368490154716,-0.8882055794114718,0.3744301781105218,False,-0.9026785371053299,1.4074411954161015,3.5569769352150615e-11,
lognormal,1.0,6,2011,discovered,199,0.9215172681044924,1,2.069539415626903,199,1.0,0.11,0,-0.2204805322292458,-0.19865711053021384,0.8425309760881825,False,-33.78449457136003,5.119272880113339,1.444448685106181e-07,
lognormal,1.0,6,2011,true,84,0.855158420007557,9,3.152753768855024,23,0.27380952380952384,0.56,0,-0.02553748803494038,-0.14658773371074024,0.8834574361677071,False,-6.941058961188685,2.115379517739212,6.254651907511288e-09,
lognormal,1.0,6,2012,discovered,265,0.9392531362965628,1,1.890044117178374,265,1.0,0.06,0,-3.535782179425734,-1.4981190230319685,0.1341023294898374,False,-5.444175273894274,2.52986255911906,1.6603962649242021e-09,
lognormal,1.0,6,2012,true,94,0.866150602816762,8,2.541513857001485,36,0.3829787234042553,0.85,0,-0.2526692834504507,-0.4549758315894835,0.6491266262753498,False,-1.1000433741400497,1.641064392762886,1.3121450592734618e-09,
lognormal,1.0,6,2013,discovered,262,0.9215845514395675,1,2.0816251421577063,262,1.0,0.28,0,0.09737193037316416,0.09068657610125265,0.927741637395459,False,-48369.44052582938,188.47564975174265,1.0647456292645074e-05,
lognormal,1.0,6,2013,true,90,0.8691963428087625,12,3.094113543067829,20,0.2222222222222222,0.89,0,-0.3602817225088053,-0.5995604331292802,0.5487992231171893,False,1.6912968012619212,0.8587016860060939,4.405364961712621e-13,
lognormal,1.0,6,2014,discovered,346,0.924143743483606,1,1.933423264184729,346,1.0,0.02,0,3.9666072865445257,2.685505323128371,0.00724202211540244,False,-613969.3279028266,727.04084226218,0.0024849731835274724,
lognormal,1.0,6,2014,true,93,0.8406658563988214,10,2.2167684224896593,42,0.45161290322580644,0.05,0,-2.6647096952909073,-1.4447992241180183,0.14851428909578135,False,2.4685172184708897,0.9205338439261721,4.206412995699793e-12,
lognormal,1.0,6,2015,discovered,592,0.9258968948364735,1,1.8482756603809953,592,1.0,0.0,0,10.031645078779249,4.8789063434290805,1.0667570083929329e-06,False,-849853.0142022826,900.7449886321023,0.006138276031379064,
lognormal,1.0,6,2015,true,98,0.8368461505977656,19,2.4001422015568457,57,0.5816326530612245,0.42,0,-0.9231194845341189,-0.8987111118927052,0.36880655671208906,False,1.5860330904024391,1.3440728839395708,8.58335624798201e-12,
lognormal,1.0,6,2016,discovered,454,0.9302132063554639,1,1.8505428687113294,454,1.0,0.0,0,5.064701263726274,2.8481692181487475,0.004397153735354539,False,-616324.0251807764,765.0068233999376,0.002604183558105433,
lognormal,1.0,6,2016,true,98,0.8781885354647344,30,2.8911298640238385,21,0.21428571428571427,0.07,0,-0.0024173888545586664,-0.03911911875914251,0.9687954180697523,False,-30.540069545593685,4.277020257908613,0.0001317857793026178,
lognormal,1.0,6,2017,discovered,443,0.9264294894216334,1,1.867706924135713,443,1.0,0.0,0,7.964547602051388,4.442803936615543,8.87940726495929e-06,False,-842371.0036533603,886.2330630128235,0.004855430542193062,
lognormal,1.0,6,2017,true,99,0.8471770912307902,11,2.082380249995919,57,0.5757575757575758,0.14,0,-2.2453539913452993,-1.3602539471589838,0.17374957629859122,False,2.101905209474865,1.2550453967465751,1.0231815394945443e-12,
lognormal,1.0,7,2010,discovered,146,0.8766890281583661,1,2.2713866521402943,146,1.0,0.02,0,-0.9544958361417404,-0.8501707264119533,0.39523017440832153,False,-5.615292433493042,2.0609349030980773,5.8832938520936295e-12,
lognormal,1.0,7,2010,true,75,0.8452684446175428,2,2.165372276957625,55,0.7333333333333333,0.02,0,-5.175054007500831,-2.0063196714208296,0.044822152556606196,False,1.0461178135363727,0.761567855123862,3.410605131648481e-13,
lognormal,1.0,7,2011,discovered,189,0.9542802292142838,3,2.4229191411073816,51,0.2698412698412698,0.35,0,-0.05905663421748031,-0.16986574182623881,0.8651157235881386,False,-27.811949917922405,4.389321085939297,2.1453067944321447e-06,
lognormal,1.0,7,2011,true,77,0.9345503929003425,3,2.2318926600050832,47,0.6103896103896104,0.29,0,-0.08634784724587519,-0.2221301550260362,0.8242125638764387,False,-32.83039445415332,5.119323637743637,8.470346912758941e-06,
lognormal,1.0,7,2012,discovered,261,0.9054277425435587,1,1.92552187876166,261,1.0,0.03,0,-0.15579077483191917,-0.10392025219445138,0.917232635196695,False,-21.13853433761351,4.444181185855751,7.263508905452909e-08,
lognormal,1.0,7,2012,true,92,0.8576849752978926,7,2.4260269564876107,42,0.45652173913043476,0.04,0,-2.777925686316751,-1.5153082166787182,0.12969436847174667,False,2.100225959553859,0.7664887141180343,7.30437932361383e-12,
lognormal,1.0,7,2013,discovered,238,0.8933686322045788,1,2.0690552962269573,238,1.0,0.0,0,1.4425046704725042,1.4721081797926436,0.14099166697704255,False,-394661.32936110673,542.2378798590479,0.0005351342697395012,
lognormal,1.0,7,2013,true,94,0.8335519034495613,6,2.453472816408523,43,0.4574468085106383,0.07,0,-2.8695851557991077,-1.6556131049328309,0.09780019456586969,False,1.944317162595116,0.7455726000637255,2.5153212845907547e-12,
lognormal,1.0,7,2014,discovered,370,0.9170955672940861,1,1.842941144392379,370,1.0,0.02,0,1.487387861647811,0.9544093088377157,0.3398764960693127,False,-39615.50837190031,194.58118791537188,3.061883307964308e-05,
lognormal,1.0,7,2014,true,96,0.784555244676626,26,4.141874765146954,24,0.25,0.21,0,-1.2478713637778043,-1.019154201269043,0.30812976558671135,False,3.2772464353577337,0.38425591756553135,8.384404281969182e-13,
lognormal,1.0,7,2015,discovered,578,0.938662110813753,1,1.8132809153928007,578,1.0,0.0,0,6.609199022879938,3.081434707333415,0.002060056513989789,False,-275643.16304712015,523.984734046342,0.003763794205042359,
lognormal,1.0,7,2015,true,100,0.82628782241379,29,2.637744602047399,38,0.38,0.52,0,-0.06433998416342579,-0.2590480276677687,0.7955981841627647,False,-4.637604504714632,2.351111791585809,1.4274449142703816e-06,
lognormal,1.0,7,2016,discovered,453,0.93247671402518,1,1.8386085575568205,453,1.0,0.0,0,4.390051785369925,2.44313977506042,0.014560096922001576,False,-142891.42710693687,371.0163888004228,0.002017322287429124,
lognormal,1.0,7,2016,true,97,0.8271492135527189,10,2.138437355773869,68,0.7010309278350515,0.06,0,-2.590321373882261,-1.3715402976133169,0.1702065904252985,False,1.9720377139200824,1.209224179907338,3.814193405560218e-11,
lognormal,1.0,7,2017,discovered,528,0.9277154409697332,1,1.8956488282399406,528,1.0,0.0,0,5.968649686269613,3.204992969237148,0.0013506577976326762,False,-765159.1022084597,829.4200268818337,0.003340408217809454,
lognormal,1.0,7,2017,true,99,0.8467892528897573,10,2.0712036252425805,68,0.6868686868686869,0.03,0,-4.343552706683267,-1.8366931506254052,0.06625520698281587,False,2.4945811636454795,1.045502670459333,1.3983481039758772e-11,
lognormal,1.0,8,2010,discovered,138,0.9121253578583977,1,2.2328288175177624,138,1.0,0.39,0,-0.9678265535995103,-0.8386378079668906,0.4016725876278008,False,-6.55065159207724,2.237562584762358,1.6888520804059226e-08,
lognormal,1.0,8,2010,true,75,0.9239984003155494,2,2.287832737231663,59,0.7866666666666666,0.09,0,-1.0619355770466536,-0.8852727842325522,0.37600952489930417,False,-1.0448778057337158,1.410579230772561,6.821210263296962e-13,
lognormal,1.0,8,2011,discovered,222,0.9014179032086695,1,2.054892670012338,222,1.0,0.0,0,0.5308249157648248,0.5636416097383147,0.5729980628506783,False,-125759.1168230333,307.9885804678935,4.862808964389842e-05,
lognormal,1.0,8,2011,true,94,0.8613948214664127,12,3.9907862793186335,16,0.1702127659574468,0.53,0,-0.9552163934814024,-0.9169449012044761,0.35917151342134335,False,2.54650200163383,0.3772261077443339,2.6290081223123707e-13,
lognormal,1.0,8,2012,discovered,267,0.9129629982208238,1,1.923741437831233,267,1.0,0.0,0,1.5991790579369356,1.3038985620537014,0.19226817062279056,False,-256120.3041876214,471.5097304327591,0.00033738886122591794,
lognormal,1.0,8,2012,true,91,0.8035399255082476,11,2.870159673347877,33,0.3626373626373626,0.74,0,-0.32353555076585927,-0.6106511159113154,0.5414305749441249,False,0.5501058451553376,1.1994456041900823,1.958255779754836e-11,
lognormal,1.0,8,2013,discovered,240,0.9357073465149319,1,1.9906041551349072,240,1.0,0.26,0,0.14931207747058206,0.13105702450275042,0.8957301973368759,False,-30270.463892270396,156.1001851671565,4.3405016185715795e-06,
lognormal,1.0,8,2013,true,89,0.8765881811660083,7,2.444468797180838,36,0.4044943820224719,0.13,0,-0.5967771977759888,-0.8932478283104581,0.3717244701778786,False,0.5304014603247689,1.3039868662695213,5.778133527201135e-11,
lognormal,1.0,8,2014,discovered,397,0.9321232697198021,1,1.871871903321672,397,1.0,0.05,0,1.9021990830815128,1.1761425322614807,0.23953792426295184,False,-188316.7486461257,416.7845691312721,0.0005814240903418977,
lognormal,1.0,8,2014,true,94,0.8090779543654497,21,3.0202138499000717,25,0.26595744680851063,0.93,0,-0.3690972891935993,-0.6382918351675031,0.5232837259465637,False,2.004791174432085,0.9577482795224267,3.984723662142642e-11,
lognormal,1.0,8,2015,discovered,591,0.9226938505588677,1,1.8487545598655504,591,1.0,0.0,0,11.841290667137647,5.691725473452721,1.2576194176480855e-08,False,-658396.4693364408,793.089530682602,0.007288697350304574,
lognormal,1.0,8,2015,true,98,0.8167579685913295,37,2.9346869293684255,29,0.29591836734693877,0.83,0,0.001736326957351153,0.09755845325522308,0.9222829165686794,False,-12435.030066673091,79.83234665763437,8.635695849079639e-06,
lognormal,1.0,8,2016,discovered,455,0.9241219378376433,1,1.8644022920858883,455,1.0,0.0,0,6.020644623870673,3.42119785715418,0.0006234595707462259,False,-663550.5323127117,787.387601924237,0.003473588259112148,
lognormal,1.0,8,2016,true,99,0.8201853305555643,16,2.4998621597509736,41,0.41414141414141414,0.55,0,-0.8051566201880354,-0.7212574762713365,0.470751114834271,False,1.7800512922144032,1.1734092860890895,5.050537765782792e-11,
lognormal,1.0,8,2017,discovered,474,0.9293378439738655,1,1.8211104964413198,474,1.0,0.0,0,4.899487823348867,2.649707286910824,0.008056153530096066,False,-538505.1494128446,728.4447778556278,0.00214386466632277,
lognormal,1.0,8,2017,true,98,0.7824118472090081,18,2.574187981855113,37,0.37755102040816324,0.2,0,-0.014368264771738026,-0.0895656507645221,0.9286323813824436,False,-29.763708650854472,4.599821979760623,8.629980524688108e-05,
lognormal,1.0,9,2010,discovered,125,0.911531292634342,1,2.2109382789046577,125,1.0,0.22,0,-2.240463398352153,-1.3887053127086433,0.16492237802969145,False,-2.011632910405529,1.4499971673753016,2.3163693185779266e-11,
lognormal,1.0,9,2010,true,74,0.9155937862702761,4,2.952397149193709,24,0.32432432432432434,0.48,0,-0.02500275159574672,-0.10925566321984971,0.9129997116364001,False,-7.6518360834617365,2.1702759555222193,9.525180644232023e-10,
lognormal,1.0,9,2011,discovered,236,0.8827972427049301,1,2.2500039890208976,236,1.0,0.03,0,2.1170586415687147,2.384413517458871,0.017106368217903407,False,-718565.2344290935,675.5912289447064,0.0013162591640138999,
lognormal,1.0,9,2011,true,91,0.8879736501042388,8,3.043975477416392,25,0.27472527472527475,0.81,0,-0.1963376854934733,-0.4643485165701374,0.6423980692640809,False,-0.05969536599639169,1.1838755330555466,6.334630597848445e-10,
lognormal,1.0,9,2012,discovered,278,0.9254103563234998,5,2.4717384273236527,50,0.17985611510791366,0.73,0,-0.717085368904633,-0.8158368929996356,0.41459342950984646,False,-0.11467313704832141,1.3498518016643617,3.9477754398831166e-11,
lognormal,1.0,9,2012,true,90,0.8430749203435869,8,2.7626730579657974,38,0.4222222222222222,0.89,0,0.007523447445811904,0.06615445495196808,0.9472548569804827,False,-39.73438916397709,4.836943166249079,0.00010627555094799845,
lognormal,1.0,9,2013,discovered,207,0.918764715521996,9,3.3897932105955957,20,0.0966183574879227,0.64,0,-0.22607520178478158,-0.4689388087786641,0.6391133752846113,False,0.9751300515269388,0.8823159046258319,5.186109319765819e-10,
lognormal,1.0,9,2013,true,84,0.8327809074134671,10,3.3678323376941517,24,0.2857142857142857,0.85,0,-0.03151325024103979,-0.16037454571268245,0.8725860396520618,False,-4.1213296834906314,1.7144057266839932,5.43342082437448e-09,
lognormal,1.0,9,2014,discovered,379,0.9039029253358954,1,1.8780632967093807,379,1.0,0.0,0,4.783829877901151,3.189829799940858,0.0014235660561828936,False,-536409.4344213135,701.8966798276765,0.0018775253638523282,
lognormal,1.0,9,2014,true,98,0.8080334966381345,20,3.3922641836357617,30,0.30612244897959184,0.31,0,-0.05746555135720399,-0.21737587574271283,0.8279154300874335,False,-1.8881031038449265,1.5247709043728614,3.405006054890691e-08,
lognormal,1.0,9,2015,discovered,618,0.9245685296669147,1,1.8794624564425368,618,1.0,0.0,0,12.456383210301182,5.7496212883868045,8.944356929448894e-09,False,-966575.274256865,943.1547374097303,0.008864872867889062,
lognormal,1.0,9,2015,true,100,0.7880028992804463,39,3.1278132726321433,34,0.34,0.63,0,-0.308746037187821,-0.5357006021692471,0.5921654873864624,False,2.0340281841801318,1.0701207319982862,3.0325963962241076e-11,
lognormal,1.0,9,2016,discovered,465,0.9383014074227365,1,1.8652073340842485,465,1.0,0.0,0,5.4676467382614256,2.9288397077673136,0.0034022982629788572,False,-638088.1098086736,771.4831565363586,0.0032549959778407356,
lognormal,1.0,9,2016,true,100,0.8252634296264234,14,2.2866296392910472,50,0.5,0.11,0,-0.8770854077829044,-0.6906030343198113,0.48981504009661336,False,1.2565253924613837,1.4309056372080795,1.5964758404152235e-09,
lognormal,1.0,9,2017,discovered,488,0.9484856770034379,1,1.8348284531836268,488,1.0,0.05,0,3.0814467083001382,1.5597721379023304,0.11881373789885158,False,-333306.1469882127,567.6071760677594,0.0017055395837815013,
lognormal,1.0,9,2017,true,98,0.8676975143445579,21,2.534638738724513,35,0.35714285714285715,0.45,0,-3.2944083487862486e-05,-0.0005653384572914681,0.9995489251973269,False,-95.74241141276383,8.016942387719043,0.0006777129678425808,
lognormal,1.0,10,2010,discovered,145,0.890933390158689,1,2.3650856461537724,145,1.0,0.38,0,-0.9439026230107266,-0.8377909574983577,0.4021481181641434,False,-5.7717626799515145,2.000412779713068,9.586671012584702e-09,
lognormal,1.0,10,2010,true,80,0.9182230541018926,4,2.6357761363949748,26,0.325,0.46,0,-0.9904669464725417,-0.8746037699990646,0.3817895357813521,False,1.1207790429367632,0.8203149313912135,2.5011104298755527e-12,
lognormal,1.0,10,2011,discovered,189,0.9270618177990593,1,1.9896666931078026,189,1.0,0.02,0,-0.6638710332033417,-0.4733267844195212,0.6359800558706656,False,-15.770685400751567,3.737846394896251,3.345274990351754e-08,
lognormal,1.0,10,2011,true,84,0.8850549028136224,5,2.3836746306943137,36,0.42857142857142855,0.32,0,-0.9145360544615717,-0.7823777184471971,0.43399262450561205,False,0.7358953256729668,1.1738722432213542,1.396927018504357e-11,
lognormal,1.0,10,2012,discovered,301,0.9193863966410769,1,2.0270169325560987,301,1.0,0.01,0,0.42506591036540264,0.3493823323392282,0.7268022953832269,False,-481.0900495579273,19.344655248786776,0.0003100075797419777,
lognormal,1.0,10,2012,true,90,0.8151533856983585,11,3.067579062609692,29,0.32222222222222224,0.96,0,-0.10381200346712749,-0.3140117266633125,0.753512132331031,False,-1.7592604175156135,1.536413608519021,2.1798030047648354e-10,
lognormal,1.0,10,2013,discovered,255,0.9299812148583682,1,2.019958616961833,255,1.0,0.47,0,0.49010289280961317,0.425955082488168,0.6701405765287585,False,-157577.03883717817,350.8570474764594,0.000246781040004862,
lognormal,1.0,10,2013,true,93,0.8843880423131822,7,2.4907421947630635,34,0.3655913978494624,0.24,0,-0.7592152018208558,-0.6612181435330121,0.5084724273566943,False,1.0430472830015,1.1309106048843525,1.1326051208015997e-11,
lognormal,1.0,10,2014,discovered,443,0.928077553716825,1,2.0013063994374334,443,1.0,0.02,0,2.0969665372400996,1.330083716929866,0.18349068982973527,False,-456612.4331745761,603.3682023756528,0.0010611838497425197,
lognormal,1.0,10,2014,true,98,0.8747572539556862,11,2.4707944064027547,45,0.45918367346938777,0.98,0,-0.2233525044748368,-0.4493345965437467,0.6531903041537841,False,-1.943484962416971,1.9175560755866516,6.5862195697263815e-09,
lognormal,1.0,10,2015,discovered,613,0.9367310905723363,1,1.8185012450560802,613,1.0,0.0,0,9.953949409041812,4.4473769314891785,8.692523024372544e-06,False,-838701.7663870675,911.8168936875467,0.006392464155396738,
lognormal,1.0,10,2015,true,100,0.807492237514884,33,2.56954273724711,35,0.35,0.75,0,-0.13591135387042108,-0.3451640615129439,0.7299710351089541,False,-1.1163383761659946,1.910021351287907,1.449478759241174e-09,
lognormal,1.0,10,2016,discovered,493,0.8883801660408626,1,1.9667206867934055,493,1.0,0.0,0,11.609712391164972,7.0812829268318,1.4282596193920868e-12,False,-827700.8802310224,830.9093811835685,0.007125661863938149,
lognormal,1.0,10,2016,true,100,0.7435850334179532,19,2.644145510004569,46,0.46,0.06,0,-3.185905412956272,-1.5518050434782178,0.12070887881329045,False,3.1316965714275167,0.6562888498139723,9.521272659185342e-12,
lognormal,1.0,10,2017,discovered,492,0.917161503347839,1,1.9156100253210249,492,1.0,0.0,0,9.07570299653327,5.04369269277194,4.566324650404988e-07,False,-963581.6549254127,921.4975169468225,0.005882182736058894,
lognormal,1.0,10,2017,true,98,0.7788065326618375,30,2.9551694269309823,28,0.2857142857142857,0.95,0,0.000655204126756459,0.03595615653090983,0.9713173183491486,False,-17298.221025489474,93.55825685600192,7.859498509787954e-06,
lognormal,1.0,11,2010,discovered,130,0.9023253167645655,1,2.3380586747726313,130,1.0,0.84,0,-0.4400393688447215,-0.5166209704681058,0.6054207738998023,False,-18.990278844482482,3.4523170887359194,5.521738160041423e-07,
lognormal,1.0,11,2010,true,70,0.9196383118827035,3,2.4783870225885405,34,0.4857142857142857,0.08,0,-0.8316835839487271,-0.8224666771683045,0.41081134441003586,False,0.17682694712334776,1.099112859191292,5.6701310313655995e-12,
lognormal,1.0,11,2011,discovered,201,0.932411292666928,1,2.0641277978867043,201,1.0,0.37,0,-1.270654474771173,-0.8710930488842229,0.3837033492162103,False,-10.31919689338674,2.9641935130984622,4.231651473673992e-09,
lognormal,1.0,11,2011,true,82,0.9236417093340403,11,3.249381535225659,13,0.15853658536585366,0.91,0,-0.009020053425688346,-0.09016304440136116,0.9281576509717766,False,-9.494798146096713,2.342204236718584,7.810925239937205e-09,
lognormal,1.0,11,2012,discovered,291,0.901034098703959,1,1.9868913225111728,291,1.0,0.0,0,1.6413652780058996,1.383449208637522,0.1665271709119246,False,-342328.3650222933,526.4579438775785,0.000404476822950528,
lognormal,1.0,11,2012,true,97,0.7912579198937417,12,3.3851950756047886,28,0.28865979381443296,0.74,0,-0.01991454579695251,-0.13278488431563978,0.8943635090613071,False,-7.247248839205593,2.0699993082046904,2.8819613362429664e-10,
lognormal,1.0,11,2013,discovered,256,0.9279649207347586,1,2.025138689408189,256,1.0,0.09,0,-2.1090794891761515,-1.1532936916493366,0.24878985853420532,False,-7.455918376259001,2.6340085657042804,7.84041276347125e-10,
lognormal,1.0,11,2013,true,95,0.8297216381223376,8,3.016744319806124,32,0.3368421052631579,0.34,0,-0.4794598209628207,-0.613370607805068,0.5396313160291921,False,0.9997291187227242,0.9523535124648554,2.4868995751603507e-12,
lognormal,1.0,11,2014,discovered,394,0.9143675682284449,1,1.885143678352824,394,1.0,0.01,0,3.9073968956673504,2.5141232335595136,0.011932872884170878,False,-488922.76564950636,666.9361032909451,0.001769133885318297,
lognormal,1.0,11,2014,true,97,0.8109808825642686,22,3.3208888217732313,25,0.25773195876288657,0.38,0,-0.4977586686637445,-0.6329484153412386,0.5267673297421973,False,2.4889320153003283,0.7485183060693766,2.1884716261411086e-11,
lognormal,1.0,11,2015,discovered,586,0.9280762811257365,1,1.8666760287733661,586,1.0,0.0,0,12.044864457869577,5.575125765509546,2.4735110287369236e-08,False,-937846.0897008197,936.3273526758179,0.008684770818035759,
lognormal,1.0,11,2015,true,100,0.7931207558625614,13,1.9993266271736458,71,0.71,0.0,0,-3.5639035154888825,-1.602647672542793,0.10901246234966624,False,2.547179404076488,1.236733780270044,5.752553988713771e-11,
lognormal,1.0,11,2016,discovered,563,0.8940500028787722,1,2.018283160653314,563,1.0,0.0,0,13.416404531795513,7.252557159085256,4.0897555824657474e-13,False,-459103.8450168682,602.36630595956,0.009235829034878407,
lognormal,1.0,11,2016,true,100,0.7959410434310703,16,2.394824070962906,47,0.47,0.21,0,-2.3311533556433464,-1.4522070500730704,0.14644404298961866,False,2.7595175101862117,0.8873507778891435,4.755520421895199e-10,
lognormal,1.0,11,2017,discovered,457,0.9151590834687858,1,1.8182596940220124,457,1.0,0.0,0,7.9024764939596,4.436006457783674,9.164309975053386e-06,False,-643704.3615805468,799.0882632881572,0.004221291116664361,
lognormal,1.0,11,2017,true,98,0.8068480102828262,17,2.353425652995948,51,0.5204081632653061,0.03,0,-3.5289225716410173,-1.6654828213989514,0.09581646808373577,False,3.0563114879484647,0.7989319516590416,1.6342482922482304e-11,
lognormal,1.0,12,2010,discovered,159,0.8507874800254975,1,2.5564952098585896,159,1.0,0.54,0,0.5783933324442203,0.8632360921691713,0.3880076734721126,False,-464853.18554150645,486.06943142247,0.0005114552968734642,
lognormal,1.0,12,2010,true,74,0.9604153875397117,4,2.5023255941063844,23,0.3108108108108108,0.94,0,0.018142215539663997,0.1354592651010032,0.8922487690884046,False,-113.19018609497878,8.464009913150319,0.0003045722711618737,
lognormal,1.0,12,2011,discovered,200,0.9097159999532645,1,2.099877752849887,200,1.0,0.0,0,-0.19840150180529648,-0.18062992187645352,0.8566580679292921,False,-28.779340062736317,4.670789256567505,1.6289845916617196e-08,
lognormal,1.0,12,2011,true,82,0.8697550019517629,8,2.9740879535664426,22,0.2682926829268293,0.17,0,-0.6528888900601246,-0.7196327982922297,0.47175111246025614,False,1.7028568058803883,0.7572194422249383,6.942002528376179e-12,
lognormal,1.0,12,2012,discovered,255,0.9188343907213409,1,1.9621229357403798,255,1.0,0.01,0,2.031353121510252,1.723579991750587,0.08478369311233323,False,-536463.3684888304,668.2927244604725,0.0009581891890775296,
lognormal,1.0,12,2012,true,94,0.8526152216879074,6,2.2973857521717673,49,0.5212765957446809,0.24,0,-1.841460279227403,-1.146681059316181,0.2515134613338702,False,1.4467237515699471,1.062782358438224,1.7706724975141697e-11,
lognormal,1.0,12,2013,discovered,241,0.9212598702902598,1,1.9917843268396935,241,1.0,0.02,0,-0.29675168254248074,-0.21205055255422336,0.8320675957331268,False,-25.133628942107674,4.6352224180729245,2.051782530543278e-07,
lognormal,1.0,12,2013,true,90,0.8249752419812819,7,2.773906100030001,39,0.43333333333333335,0.42,0,-0.5734614493943138,-0.7548752810296327,0.4503238187544155,False,0.6451378118283932,1.0983232717374805,9.57385282163159e-11,
lognormal,1.0,12,2014,discovered,306,0.9355035630619665,1,1.864316520855683,306,1.0,0.04,0,2.5953899589261766,1.7034978845991753,0.08847493354767445,False,-491303.8382951735,676.8594018844757,0.0014990016079536872,
lognormal,1.0,12,2014,true,94,0.8512906769103568,7,2.119063951390273,59,0.6276595744680851,0.48,0,-0.8754439209859206,-0.9086189952754059,0.3635512762456794,False,-0.06184746431970025,1.7357037018378285,6.200764346431242e-10,
lognormal,1.0,12,2015,discovered,532,0.9506821674545334,1,1.8266373972368264,532,1.0,0.06,0,6.022559922596868,2.8119688686585587,0.004923926871694942,False,-596798.4653413214,764.3658025504606,0.004345772263150138,
lognormal,1.0,12,2015,true,97,0.8331173443509893,31,2.393368135172041,32,0.32989690721649484,0.87,0,-0.3798905832417683,-0.6094654737384276,0.5422159511717846,False,1.513975533450164,1.5003487704211231,1.0085159374284558e-09,
lognormal,1.0,12,2016,discovered,487,0.9203669432962601,1,1.878407781926755,487,1.0,0.0,0,6.495645897471624,3.6330045958026593,0.00028014002669967335,False,-507108.1398465792,682.5278042580693,0.003797089155341382,
lognormal,1.0,12,2016,true,100,0.7498353115974409,19,2.648185548105765,44,0.44,0.4,0,-1.2497676251603096,-1.0980928855740257,0.2721639316388442,False,2.4836271042113474,0.928956440094788,3.291233952040784e-11,
lognormal,1.0,12,2017,discovered,484,0.9201017520963206,17,3.0421492993988197,43,0.08884297520661157,0.81,0,-0.03402143699679172,-0.18186106888788175,0.8556917574739482,False,-8.94306009711409,2.46983909573747,2.0189077076793183e-09,
lognormal,1.0,12,2017,true,99,0.8209010129868479,29,2.8118451131596065,25,0.25252525252525254,0.87,0,-0.07239716250482431,-0.26676704921313815,0.789648526021764,False,-1.6409295847471956,1.8138256902848746,2.969354682136327e-07,
lognormal,1.0,13,2010,discovered,142,0.9151580651741339,1,2.24008140054572,142,1.0,0.4,0,-1.7465713641939473,-1.186505971066529,0.2354225448335696,False,-3.3382798803120917,1.7032467095653792,3.2940761229838245e-11,
lognormal,1.0,13,2010,true,76,0.8992676741215943,3,2.510371712898307,40,0.5263157894736842,0.21,0,-1.1422796097675039,-1.0287181785731214,0.30361212506986246,False,0.45783758612356285,0.9954267741058873,3.282707439211663e-12,
lognormal,1.0,13,2011,discovered,216,0.9026049516290755,1,2.1879379317292464,216,1.0,0.03,0,0.7416680482702747,0.8240823808091187,0.4098927506592024,False,-305619.7554808365,451.64659629039494,0.0003878706629620865,
lognormal,1.0,13,2011,true,84,0.9109670723784126,7,2.623440981061592,21,0.25,0.9,0,-0.2076085084860777,-0.45123328468029417,0.6518214227574929,False,-0.2937031392613165,1.3928490733888517,2.2076562800066313e-11,
lognormal,1.0,13,2012,discovered,277,0.9083756593909625,1,1.930969059053711,277,1.0,0.0,0,2.3885396059766952,1.9244231639199836,0.05430156325690715,False,-419703.18507181504,601.4519762790259,0.0008038105806917883,
lognormal,1.0,13,2012,true,91,0.7959537855158152,11,2.8934795475284334,29,0.31868131868131866,0.16,0,-1.1018675314584438,-1.0975667587225924,0.27239371474254537,False,2.213515180612035,0.7199625766203634,4.547473508864641e-12,
lognormal,1.0,13,2013,discovered,255,0.9146551511836791,1,2.0923901583677282,255,1.0,0.07,0,1.7772849408114673,1.6344069025156913,0.10217343985792207,False,-219272.66573009145,399.82266066460085,0.001069223643753503,
lognormal,1.0,13,2013,true,96,0.8514259159702754,4,2.127364315067368,58,0.6041666666666666,0.02,0,-3.8197738992904697,-1.7845319769493777,0.07433726355246291,False,1.5320219587835755,0.9680725133995762,5.7696070143720135e-12,
lognormal,1.0,13,2014,discovered,388,0.9388364812926464,1,1.8713715140792266,388,1.0,0.0,0,-0.27304002348327394,-0.14395170042993444,0.8855386097578846,False,-37.95798669866767,6.054346951276741,1.8263775700688711e-06,
lognormal,1.0,13,2014,true,98,0.8565158586661967,12,2.6112769258175472,35,0.35714285714285715,0.95,0,-0.008808328072073657,-0.061865826117480746,0.9506696821537937,False,-28.336556842039283,4.400326795902933,0.0002206609717632091,
lognormal,1.0,13,2015,discovered,589,0.9528048374295768,1,1.7951343413931744,589,1.0,0.57,0,3.5841673541961505,1.5543766017753597,0.12009461111722165,False,-411792.95171651774,647.5327159995537,0.0030472378093691077,
lognormal,1.0,13,2015,true,97,0.8481219382970836,13,1.9365607716271278,67,0.6907216494845361,0.0,0,-3.592649628787357,-1.544196147369275,0.12254082189591349,False,2.621541141875927,1.2856988358484347,1.745092959026806e-11,
lognormal,1.0,13,2016,discovered,435,0.9403369515071162,1,1.840580187626538,435,1.0,0.02,0,2.447215834455836,1.3693893808484885,0.17087759188430074,False,-383726.8025069389,606.7658759098452,0.001461441819628817,
lognormal,1.0,13,2016,true,96,0.8375577573965779,25,2.7055441566860234,27,0.28125,0.85,0,-0.2747466188471108,-0.5406516559116787,0.5887477061473095,False,1.3770314597945066,1.2881079760564853,2.5087842914217617e-10,
lognormal,1.0,13,2017,discovered,452,0.9350430718484043,1,1.8418755249458736,452,1.0,0.01,0,6.830892404215842,3.6611677789092485,0.00025106826988239634,False,-840271.53648251,898.9371151773661,0.00451265540868917,
lognormal,1.0,13,2017,true,100,0.8476915794393011,14,2.2123623552324725,52,0.52,0.26,0,-1.3968850367443886,-1.093530643431341,0.2741608822258803,False,1.9098302605860051,1.2943290868147659,2.063416104647331e-11,
lognormal,1.0,14,2010,discovered,142,0.9108450486252223,1,2.2874072933424774,142,1.0,0.66,0,-1.1192439202155922,-0.9082877767330318,0.36372619879062895,False,-5.494231472717409,2.0269999484333536,2.0230572772561572e-10,
lognormal,1.0,14,2010,true,75,0.9153912204974879,4,2.881814041270919,22,0.29333333333333333,0.82,0,-0.22667562188287604,-0.4768549734496448,0.6334653966621284,False,-0.564016534475657,1.1795949938045396,9.249845334124984e-11,
lognormal,1.0,14,2011,discovered,207,0.9170157529355001,1,2.1098897763263094,207,1.0,0.04,0,0.5538535012743075,0.5762760418133316,0.5644286140215256,False,-258974.99036127067,430.50504214724015,0.0002670187432158855,
lognormal,1.0,14,2011,true,86,0.8838210958666208,8,3.0920681903596496,22,0.2558139534883721,0.77,0,-0.09314654837159875,-0.3394311840071431,0.7342849300485557,False,-1.5876134410720049,1.439239702418734,1.0273666362081713e-09,
lognormal,1.0,14,2012,discovered,281,0.9158438208333644,1,2.020328906503768,281,1.0,0.0,0,1.6236658691575192,1.3747568512633501,0.16920683937758174,False,-380421.8594766068,545.4464317886806,0.0006857952366772224,
lognormal,1.0,14,2012,true,89,0.8600903127162727,4,2.0658136766712127,64,0.7191011235955056,0.14,0,-3.4590185815974364,-1.7042929326059968,0.0883263746622447,False,1.3305442998363732,1.1237777551353227,8.128608897095546e-12,
lognormal,1.0,14,2013,discovered,246,0.9198364904738443,1,1.935013568079976,246,1.0,0.0,0,-3.3416505501700318,-1.441426820332188,0.14946413771294922,False,-4.394192876737846,2.2590391218316204,1.7217871572938748e-10,
lognormal,1.0,14,2013,true,88,0.8208475141476295,11,2.8885473129523236,17,0.19318181818181818,0.99,0,-0.11604990745913035,-0.3380088395083089,0.7353565264656645,False,-0.18592849714134707,1.3442863038956394,1.5134560271690134e-12,
lognormal,1.0,14,2014,discovered,389,0.9087263210874689,1,1.9545340287023534,389,1.0,0.0,0,4.577210034085287,3.122463796715166,0.0017934416144868477,False,-580573.5419603691,698.6616034815447,0.002182363473366422,
lognormal,1.0,14,2014,true,99,0.8205952295387793,8,2.245009195151498,62,0.6262626262626263,0.04,0,-3.579930565767053,-1.6074470655340816,0.10795633256335058,False,2.157076035769035,0.9341331422981921,3.126388037344441e-13,
lognormal,1.0,14,2015,discovered,634,0.9262235513770107,1,1.8559670988062933,634,1.0,0.0,0,12.299233523591745,5.620523209852787,1.9038001174519616e-08,False,-931851.2217383124,939.2188370729042,0.008202764222914993,
lognormal,1.0,14,2015,true,99,0.8216068773100222,38,2.994392176127482,30,0.30303030303030304,0.2,0,-0.03134529025394173,-0.1855324976931888,0.8528113932375605,False,-5.131931938901365,2.1982234317594957,2.07414672104278e-07,
lognormal,1.0,14,2016,discovered,399,0.9367014347344408,1,1.7855471623573953,399,1.0,0.05,0,4.6953481264166115,2.590801500359255,0.009575270447390918,False,-581580.688204188,775.4107412934633,0.0029120060617060517,
lognormal,1.0,14,2016,true,98,0.8355430891028552,9,2.04790834008085,60,0.6122448979591837,0.27,0,-1.9600204309462446,-1.336481913862855,0.18139180816491696,False,1.6205090995573732,1.3932643219686103,1.7024603948812e-11,
lognormal,1.0,14,2017,discovered,440,0.90285908165119,1,1.760938557074188,440,1.0,0.0,0,6.118096436903574,3.49348981249331,0.0004767511740166889,False,-614447.10986943,810.949788856562,0.0021746110851381673,
lognormal,1.0,14,2017,true,98,0.7941879546242354,22,2.784235894164767,50,0.5102040816326531,0.04,0,-1.9756746431757746,-1.2674792342865684,0.20498398411527596,False,2.940400520205209,0.7565406637176766,3.845457285933662e-11,
lognormal,1.0,15,2010,discovered,167,0.8419569020030205,1,2.646582012344609,167,1.0,0.2,0,-1.0366121583214536,-0.9942729017877281,0.3200900245831362,False,-3.7302147038580054,1.50246416142516,6.704681254632305e-10,
lognormal,1.0,15,2010,true,82,0.8901137872504552,5,3.999897116218495,20,0.24390243902439024,0.54,0,0.02003719263385495,0.3506034276808434,0.7258858846703087,False,-183132.7405339501,238.71348460707324,3.450525946391281e-05,
lognormal,1.0,15,2011,discovered,209,0.9323964043275078,1,2.1416365699547,209,1.0,0.14,0,-1.8702110618798535,-1.1561019914928061,0.2476394415558275,False,-6.865741756042738,2.3863467787220887,1.907943669721135e-08,
lognormal,1.0,15,2011,true,86,0.9074265282865843,8,2.644687970870043,21,0.2441860465116279,0.33,0,-1.1535509638161887,-1.1219947688526941,0.26186466410949794,False,2.116184864191547,0.7152350827846903,5.826450433232822e-13,
lognormal,1.0,15,2012,discovered,287,0.9260872777991402,1,1.9834237299022515,287,1.0,0.24,0,0.38658065455860324,0.31472226002119147,0.7529725414517516,False,-12716.596086705524,101.57896247199993,3.9270253182621673e-07,
lognormal,1.0,15,2012,true,98,0.8507694879181584,5,2.1355564712398403,61,0.6224489795918368,0.11,0,-3.8221135339384236,-1.7735533680400468,0.07613705687887412,False,1.7313987890173121,0.9860044969205666,1.7053025658242404e-12,
lognormal,1.0,15,2013,discovered,244,0.9358402306936284,1,2.0537379946324004,244,1.0,0.16,0,-0.7797731281602784,-0.5554645356999114,0.5785769610559872,False,-24.66119356999647,4.441854058354456,7.935000212455634e-07,
lognormal,1.0,15,2013,true,92,0.8912323842821166,5,2.461944226988674,49,0.532608695652174,0.4,0,-0.3632266000141082,-0.4594813087985192,0.645888571375824,False,-2.136156566055485,1.7811934112090269,1.4927650227036793e-09,
lognormal,1.0,15,2014,discovered,367,0.8983264562093531,1,1.8357962228529026,367,1.0,0.0,0,3.9600755031376185,2.632697231346197,0.008470982351208554,False,-246120.010964565,487.8493853430272,0.0010810857211254188,
lognormal,1.0,15,2014,true,99,0.7495927008932238,28,3.9632079067587043,15,0.15151515151515152,0.87,0,0.003283070149612044,0.2785869736912281,0.7805618105808605,False,-41147.87656738662,117.0793518946298,1.8679455024539493e-05,
lognormal,1.0,15,2015,discovered,609,0.9494045934277888,1,1.795510294152319,609,1.0,0.02,0,7.16837747758774,3.079808994812612,0.002071333855771723,False,-614026.8998727954,791.409310259832,0.005119091684719024,
lognormal,1.0,15,2015,true,100,0.8142807627315601,19,2.1543676219859087,53,0.53,0.09,0,-1.7426250312479157,-1.1153967913233107,0.2646804239378904,False,2.472795146032477,1.2619377903609112,1.53431756189093e-09,
lognormal,1.0,15,2016,discovered,444,0.9087463909871845,1,1.8855222859477967,444,1.0,0.0,0,9.058499873931076,5.414216723153261,6.155757220670621e-08,False,-882090.9606466268,897.6889380854193,0.005425071541139914,
lognormal,1.0,15,2016,true,100,0.7703651534680978,27,3.2047168112431073,35,0.35,0.33,0,-0.747287797451424,-0.8007920514196792,0.42325204136212347,False,2.729657542643375,0.7692262709183137,8.697043085703626e-12,
lognormal,1.0,15,2017,discovered,509,0.9233953870956741,1,1.8013616752725965,509,1.0,0.0,0,4.732203540401848,2.4603004436628213,0.013882074933169486,False,-378666.84356859466,618.6486190889689,0.0014087211766309338,
lognormal,1.0,15,2017,true,99,0.8191376237543174,28,2.746373007804088,29,0.29292929292929293,0.52,0,-0.024667373912112822,-0.1328973386054546,0.8942745717198949,False,-10.504457062831163,2.9073442491798582,3.1492069609839746e-06,
lognormal,1.0,16,2010,discovered,144,0.8740699219193968,1,2.401999056131264,144,1.0,0.37,0,0.16814888963641073,0.29683053715719526,0.766595890324328,False,-45534.655056222524,160.1803698669646,8.308754695462994e-05,
lognormal,1.0,16,2010,true,68,0.9210283633144192,2,2.0872217406675464,44,0.6470588235294118,0.01,0,-3.478123379122591,-1.4814017044970653,0.13849956080177822,False,0.90472704961438,0.9098582153028083,1.7053025658242404e-13,
lognormal,1.0,16,2011,discovered,202,0.9133554813015822,1,1.9699358004801981,202,1.0,0.02,0,-2.9917252357840187,-1.4333423700296506,0.15176001909496262,False,-3.721851080930069,2.0746209436214436,1.8974333215737715e-10,
lognormal,1.0,16,2011,true,81,0.8384741705733951,4,2.358473964019199,49,0.6049382716049383,0.25,0,-2.27549243191432,-1.4316948723943774,0.15223116451666152,False,1.234335018405124,0.9237093349854238,1.9895196601282805e-13,
lognormal,1.0,16,2012,discovered,308,0.9309449143184293,1,1.9433076921869965,308,1.0,0.0,0,-3.046624998625685,-1.308190552730196,0.19080868560117814,False,-6.553978582128338,2.626582379901333,9.106315701501444e-10,
lognormal,1.0,16,2012,true,88,0.8660164696466371,8,2.7308619090201924,33,0.375,0.38,0,0.0438609375935366,0.5943205661231288,0.5522977257174684,False,-182374.8560299536,318.4282799302392,8.817860179988202e-05,
lognormal,1.0,16,2013,discovered,220,0.9090451746121452,1,1.9931552482504051,220,1.0,0.0,0,2.8682197852610702,2.652571398163812,0.007988123163453965,False,-761601.5327085082,783.9709338913101,0.0015239768172250479,
lognormal,1.0,16,2013,true,91,0.8925302739627226,3,1.9782196704410986,68,0.7472527472527473,0.08,0,-3.1205185697508337,-1.5880582068779465,0.11227317764874065,False,0.7820091242098992,1.3099298828408592,1.043076736095827e-11,
lognormal,1.0,16,2014,discovered,341,0.9380289338457962,1,1.8236728924954508,341,1.0,0.0,0,1.4389972102645547,0.9018068054269601,0.36715950402809994,False,-138691.0094359874,368.5841299801933,0.00016461642280773958,
lognormal,1.0,16,2014,true,94,0.8609346047786592,13,2.4113955800673597,36,0.3829787234042553,0.33,0,-0.4396672528403722,-0.6312320343319906,0.5278888190681315,False,0.6306841472395823,1.477040194204565,2.729620973696001e-10,
lognormal,1.0,16,2015,discovered,606,0.9258890600688686,1,1.850587121511635,606,1.0,0.0,0,12.734844185105345,5.887428283559258,3.922512893119929e-09,False,-795439.9091857495,870.9492321550049,0.008505671817147231,
lognormal,1.0,16,2015,true,100,0.7889365286543177,43,2.958446135756816,29,0.29,0.73,0,-0.043459042477609344,-0.23743798614245643,0.8123170234622863,False,-3.508275900695316,2.0424744096536878,3.27820629308917e-07,
lognormal,1.0,16,2016,discovered,504,0.9262522922878366,1,1.9323829941538009,504,1.0,0.01,0,6.155270209678093,3.4482877563316703,0.0005641526555824545,False,-458724.08535181603,628.8853648161654,0.0037095100942678982,
lognormal,1.0,16,2016,true,100,0.8240387171766023,19,2.830832211143387,41,0.41,0.05,0,-0.07054790719684068,-0.2701747623742548,0.7870258076566514,False,-4.32696292390595,2.1099620595094386,4.654699523598538e-07,
lognormal,1.0,16,2017,discovered,451,0.9362974562565534,1,1.830146369192189,451,1.0,0.02,0,5.48557515542808,2.9557958122809143,0.0031186347780895627,False,-525572.3837216395,715.7943943594505,0.003292743982456159,
lognormal,1.0,16,2017,true,100,0.8056059001831203,27,2.6651052280554843,30,0.3,0.95,0,-0.32824528687501253,-0.5400744852744607,0.5891456657375349,False,1.5428378675913756,1.2889459491850346,8.7374019130948e-10,
lognormal,1.0,17,2010,discovered,142,0.8568611709903471,1,2.479054172398979,142,1.0,0.23,0,-0.2268159768553386,-0.34988145548085076,0.726427664867173,False,-18.594351465660196,3.2429849631476784,6.018615295033669e-08,
lognormal,1.0,17,2010,true,78,0.944940944171106,2,2.2139824372409613,46,0.5897435897435898,0.71,0,-1.0012356727700331,-0.9295260388296264,0.35261653722699016,False,-0.768744780448683,1.3989194772857083,1.0729195309977513e-11,
lognormal,1.0,17,2011,discovered,215,0.8772354030982956,1,2.183994682344569,215,1.0,0.01,0,0.6118130344405963,0.7747465746272307,0.4384894240376961,False,-190240.03624571537,356.89176365981143,0.00017834611389844213,
lognormal,1.0,17,2011,true,87,0.8112178101049974,12,4.538702595740621,17,0.19540229885057472,0.3,0,-0.2735168188009651,-0.4853661903072474,0.6274166108753427,False,1.9644767057261454,0.5214666223778432,2.0818902157770935e-12,
lognormal,1.0,17,2012,discovered,277,0.9212312868606986,1,1.9093523154297636,277,1.0,0.02,0,0.12171283071458916,0.08360805060183102,0.9333680658965158,False,-43.26836261855705,6.2980807192851955,1.6048009570113209e-06,
lognormal,1.0,17,2012,true,96,0.869660411042391,6,2.278790607182505,48,0.5,0.19,0,-1.3693260146347859,-1.12874116629665,0.259007037933368,False,1.093610264083821,1.2020415104284063,8.952838470577262e-12,
lognormal,1.0,17,2013,discovered,233,0.9284631284594683,1,1.857099439945062,233,1.0,0.01,0,-3.381748860738508,-1.3931045310208625,0.16358818315606416,False,-4.691484817947411,2.45016428664275,5.283482096274383e-09,
lognormal,1.0,17,2013,true,83,0.8956449007708879,7,2.4699076736521475,34,0.40963855421686746,0.64,0,-0.08661523487970735,-0.23392707607847285,0.8150415926405719,False,-9.268250222495375,2.849687500173815,5.956582782573605e-07,
lognormal,1.0,17,2014,discovered,383,0.9340628671136713,1,1.949734970009258,383,1.0,0.0,0,3.431547960226215,2.158940442076123,0.030854787798673334,False,-312575.3602484483,513.7518644000301,0.0021522610240936046,
lognormal,1.0,17,2014,true,98,0.8529047276203892,8,2.1294326958447134,56,0.5714285714285714,0.42,0,-2.0232869203377684,-1.362537723755622,0.1730282473475051,False,1.65788202649671,1.2453183428290149,2.589217729109805e-11,
lognormal,1.0,17,2015,discovered,607,0.924455807201731,1,1.8181355063164018,607,1.0,0.0,0,10.114923895988259,4.656493190013633,3.216409136582191e-06,False,-583491.562576228,760.8380896347433,0.00670962393451191,
lognormal,1.0,17,2015,true,98,0.7957394673416054,52,3.450902391216699,21,0.21428571428571427,0.94,0,-0.008430358508396907,-0.09047403584677903,0.9279105257128812,False,-7.973792782648402,2.2697970122503133,2.668856353693627e-06,
lognormal,1.0,17,2016,discovered,513,0.9316164224700052,1,1.9378675762627677,513,1.0,0.0,0,5.677816709482665,3.0584924416648525,0.0022245369074828116,False,-910962.8666899811,883.307395703326,0.003761924743230338,
lognormal,1.0,17,2016,true,99,0.8317127595850528,21,2.485679629387723,32,0.32323232323232326,0.09,0,-1.2661603011250575,-0.9962002169596008,0.3191528740233921,False,2.8631939757636853,0.9089689383690376,1.5631940186722204e-11,
lognormal,1.0,17,2017,discovered,536,0.9235346849767744,1,1.9527012507858525,536,1.0,0.01,0,7.614957921995104,4.104198799121501,4.057184766730821e-05,False,-692578.2927334555,764.3981629021926,0.005062057978648227,
lognormal,1.0,17,2017,true,97,0.844205437651843,17,2.4814618631765555,47,0.4845360824742268,0.27,0,-1.0992910723359772,-0.9089208019211051,0.363391932490829,False,2.0765150066209728,1.1132912763078915,2.5644908419053536e-10,
lognormal,1.0,18,2010,discovered,119,0.9342886456444232,1,2.0995156117895823,119,1.0,0.88,0,-0.42199794963028725,-0.46293301841734436,0.6434123794095248,False,-27.09187581445944,4.537512665059546,1.4650851198894088e-08,
lognormal,1.0,18,2010,true,63,0.9546691533655144,4,2.4033446057054553,20,0.31746031746031744,0.66,0,0.015297133392518258,0.1048147046329125,0.9165228417130961,False,-47.161256432175556,5.750990431797374,0.00011422277945882797,
lognormal,1.0,18,2011,discovered,222,0.9251420130399953,1,2.0656024272885998,222,1.0,0.03,0,-2.4044340942978994,-1.2407894376241693,0.21468354415376045,False,-5.204295430459004,2.2203316574253433,2.207627858297201e-09,
lognormal,1.0,18,2011,true,89,0.8490467219120937,7,3.1674410760025054,28,0.3146067415730337,0.67,0,0.08289370458904344,1.0119572767373857,0.31155848132895303,False,-310619.51352197607,369.99462648186693,0.00020209419199090917,
lognormal,1.0,18,2012,discovered,278,0.9233455841514704,1,1.9182358556522572,278,1.0,0.0,0,-0.3416136218499961,-0.2238685695390523,0.822859572915619,False,-25.85362597872208,4.9028590052857375,1.2331249763519736e-06,
lognormal,1.0,18,2012,true,93,0.8527778902268652,12,2.9504025238120155,24,0.25806451612903225,0.8,0,-0.04395758636946212,-0.19315524231993586,0.8468373900426731,False,-4.5191273493497555,1.9916921208016414,2.96594748760981e-10,
lognormal,1.0,18,2013,discovered,229,0.9321231071977876,1,1.9721503195228418,229,1.0,0.18,0,2.583349557945052,2.102118623568176,0.03554288587316682,False,-742683.1192167522,782.7239144253971,0.0018138411996915238,
lognormal,1.0,18,2013,true,88,0.9369403610356817,4,2.0696128495776165,45,0.5113636363636364,0.61,0,-0.6225940952117299,-0.6887552463552054,0.4909773033018625,False,-1.1942237676354677,1.899594392609172,3.623767952376511e-10,
lognormal,1.0,18,2014,discovered,399,0.9325529477712856,1,1.9263188821231794,399,1.0,0.0,0,3.7537785261591434,2.316735201525856,0.020518160765596236,False,-513208.0708322673,667.0368416951952,0.0021223729499979527,
lognormal,1.0,18,2014,true,95,0.8666630759371396,6,1.9977236368058298,64,0.6736842105263158,0.0,0,-4.437988470659682,-1.6407989939874534,0.10083914718145118,False,2.026622606974322,1.0867280772795185,7.87281351222191e-12,
lognormal,1.0,18,2015,discovered,614,0.93589492843899,1,1.8401110917683918,614,1.0,0.0,0,10.466387494584401,4.695906663393248,2.6542672959565215e-06,False,-744938.9381863807,847.732866233191,0.007445602801453788,
lognormal,1.0,18,2015,true,100,0.8217314294619015,31,2.46857020135376,35,0.35,0.89,0,-0.3846508748580231,-0.5677507901329675,0.5702041986244297,False,1.4535439675500836,1.4616831443070262,8.076284530034172e-09,
lognormal,1.0,18,2016,discovered,445,0.9143660428472531,1,1.8622905324413677,445,1.0,0.0,0,9.13768707988134,5.258741665022511,1.4504448127199169e-07,True,-1000000.0,969.6314813129394,0.00526346604237915,
lognormal,1.0,18,2016,true,100,0.8061720394717357,31,3.0139529804829728,23,0.23,0.54,0,-0.005733487044210506,-0.08161300261202324,0.9349544612007187,False,-21.69380274336217,3.5800858064931655,7.413753741047913e-05,
lognormal,1.0,18,2017,discovered,485,0.9277601598467362,1,1.8910642203740906,485,1.0,0.0,0,5.957074966173206,3.311260707293758,0.0009287663584944762,False,-757881.678185905,827.9140304682095,0.0035559174039008212,
lognormal,1.0,18,2017,true,99,0.7565019611063876,30,3.033773087226319,26,0.26262626262626265,0.68,0,-0.07313228222879875,-0.29622569779426794,0.767057725044338,False,-1.1637183141880498,1.631438114688715,1.0344365364289843e-09,
lognormal,1.0,19,2010,discovered,130,0.8928979209240735,1,2.1176786354706887,130,1.0,0.01,0,-1.8324034010204118,-1.1898614372939242,0.23410085736054576,False,-2.972286524896734,1.7448939802352377,2.1259438653942198e-11,
lognormal,1.0,19,2010,true,71,0.8909788770970639,4,2.6735696297387928,28,0.39436619718309857,0.53,0,-1.1448488566054924,-0.9878416319133391,0.3232302147929479,False,1.1908955365376097,0.7768771213689939,3.0127011996228248e-12,
lognormal,1.0,19,2011,discovered,196,0.9139313004094399,4,2.8525031028444316,38,0.19387755102040816,0.53,0,-0.710510049204826,-0.824842666288846,0.40946092004817747,False,0.4344800314144552,0.9515238950636334,7.190692485892214e-12,
lognormal,1.0,19,2011,true,83,0.8547471747059524,5,2.7985852904157995,43,0.5180722891566265,0.96,0,-0.09156459038020426,-0.26657959481202304,0.7897928682315969,False,-5.658415763035624,2.076924785489092,7.0533445750697865e-09,
lognormal,1.0,19,2012,discovered,268,0.9034192407477625,10,3.537035226433731,27,0.10074626865671642,0.86,0,-0.13343053040691988,-0.36304195091189023,0.7165735467897449,False,-0.1928257471287682,1.1027207859870167,2.050626335403649e-11,
lognormal,1.0,19,2012,true,94,0.7746794780763581,10,2.9911733947003154,36,0.3829787234042553,0.28,0,-0.7367010394219906,-0.8086056637242893,0.4187420059518907,False,1.5848445777529316,0.8657542764445336,8.668621376273222e-13,
lognormal,1.0,19,2013,discovered,245,0.9222674030068067,1,2.007398052467153,245,1.0,0.0,0,1.243477420783103,1.0930794720337633,0.2743589081556712,False,-162354.5925057794,358.6735224789742,0.0005756498994742287,
lognormal,1.0,19,2013,true,87,0.876430930015457,9,2.765388655676459,25,0.28735632183908044,0.75,0,-0.028617070069676842,-0.17584966293303608,0.8604120521355743,False,-9.289288069966213,2.618570718988615,4.67804568415886e-08,
lognormal,1.0,19,2014,discovered,365,0.9149089685143246,1,1.9292894222858636,365,1.0,0.0,0,4.979893802678683,3.4237868448243947,0.0006175503917115688,False,-677249.19210526,765.6862431296793,0.002759449554105231,
lognormal,1.0,19,2014,true,96,0.8133475404787472,15,2.716950963000413,37,0.3854166666666667,0.6,0,-0.9320244546854433,-0.949968069890726,0.3421284771299039,False,2.138879115387075,0.9310416399432926,5.087485988042317e-12,
lognormal,1.0,19,2015,discovered,567,0.9196546881585296,1,1.8302434812704758,567,1.0,0.0,0,10.794574642331813,5.3399712738184215,9.29613103083753e-08,False,-892693.0207813929,934.1397313881533,0.0063404175443793065,
lognormal,1.0,19,2015,true,99,0.7304174439958273,29,2.760302562274453,40,0.40404040404040403,0.18,0,-1.922224001246775,-1.2480241406391712,0.21202221673984256,False,3.3495664598073436,0.7118183234442615,3.6635583455790766e-11,
lognormal,1.0,19,2016,discovered,496,0.9127905320035586,1,1.9243435239515427,496,1.0,0.0,0,7.495069985705185,4.242235683830361,2.21304106478249e-05,False,-678940.167657143,769.0508129639747,0.004457765481674869,
lognormal,1.0,19,2016,true,99,0.8098171466195286,11,2.1087104988631817,54,0.5454545454545454,0.0,0,-5.216013333083096,-2.131540296412398,0.033044656368340475,False,2.8714823878965943,0.8461198000841659,8.242295734817162e-13,
lognormal,1.0,19,2017,discovered,552,0.9126041217066341,1,1.9065728059244873,552,1.0,0.0,0,10.392321889163668,5.535327885677665,3.1064665739284576e-08,False,-997234.1157817285,942.4007289319437,0.00638567025816883,
lognormal,1.0,19,2017,true,100,0.7522018450757627,18,2.604901755645701,49,0.49,0.18,0,-1.4762844867917648,-1.138055928186624,0.2550971293852987,False,2.4766466329947905,0.932502603396529,2.9760371944576036e-10,
lognormal,1.0,20,2010,discovered,143,0.9082857040388166,1,2.1861986255009667,143,1.0,0.3,0,-0.9300305997739313,-0.8001305221105022,0.42363517880930157,False,-7.213059133676586,2.3838324695740143,5.638867150992155e-11,
lognormal,1.0,20,2010,true,78,0.8916083656661847,4,2.9386377764585765,27,0.34615384615384615,0.16,0,-0.6325314261614903,-0.6779530679138484,0.4978014508035009,False,0.7761976095910066,0.8223727252915233,2.2453150450019166e-12,
lognormal,1.0,20,2011,discovered,213,0.9291577192939058,1,2.0991487472248394,213,1.0,0.12,0,-1.7340266583028736,-1.0636408076427626,0.2874914486486031,False,-7.141934141606089,2.481615212170352,5.391143531596754e-09,
lognormal,1.0,20,2011,true,88,0.869273796654011,6,2.82631990099528,31,0.3522727272727273,0.09,0,-0.018592441912534063,-0.12892991112664423,0.8974131085341437,False,-20.0317915520006,3.4440418065583995,4.1256065230754757e-07,
lognormal,1.0,20,2012,discovered,310,0.8661562820031834,1,2.1989038608863978,310,1.0,0.0,0,3.8122637424664054,3.9320299629370368,8.423156387207147e-05,False,-792426.4128188964,725.2659011054608,0.002128653540239611,
lognormal,1.0,20,2012,true,96,0.8590473610840553,16,3.4581325190761754,15,0.15625,0.8,0,-0.4426566232168101,-0.6807656852386252,0.4960197661153225,False,2.49318036715572,0.6097655558309971,2.0605739337042905e-13,
lognormal,1.0,20,2013,discovered,245,0.8882945912608848,1,1.9972129915037666,245,1.0,0.0,0,-0.44905153327685277,-0.3193269702827215,0.7494785830749988,False,-15.29296608825766,3.671468717796087,4.882951998297358e-08,
lognormal,1.0,20,2013,true,92,0.7711431936400449,10,4.338642229309036,29,0.31521739130434784,0.9,0,0.006254596072746921,0.16731085813663307,0.8671254610059335,False,-39083.49487633524,106.22163988249599,5.493409844348207e-06,
lognormal,1.0,20,2014,discovered,341,0.9300543085251914,1,1.8821843763741732,341,1.0,0.0,0,2.2083811878938375,1.4589790354175176,0.1445708779547401,False,-345779.72404128686,561.4194964259831,0.000726906647287251,
lognormal,1.0,20,2014,true,98,0.8633026689705539,25,3.2693295761800765,15,0.15306122448979592,0.52,0,0.0006629876247803423,0.027679031801206313,0.9779181474943739,False,-80.62903320270857,6.067874393729768,0.00019011543132307906,
lognormal,1.0,20,2015,discovered,585,0.9155202264171834,1,1.869641447693205,585,1.0,0.0,0,13.3193514437088,6.512351067389785,7.398355567221643e-11,False,-887955.7876558421,909.8265235874528,0.008799806481874839,
lognormal,1.0,20,2015,true,100,0.79902597995419,15,2.0831102440140463,61,0.61,0.01,0,-4.404507277807127,-1.832791517694163,0.06683358107444314,False,3.0137651578107905,0.9827893891011552,2.9615421226480976e-11,
lognormal,1.0,20,2016,discovered,438,0.926433156220408,11,2.329541785681706,52,0.1187214611872146,0.45,0,-0.6207844020651305,-0.7683816087637907,0.4422605033840712,False,0.2837309479036647,1.5789314083494963,1.0510348147363402e-09,
lognormal,1.0,20,2016,true,96,0.8475313757535557,12,2.2605364524569396,53,0.5520833333333334,0.98,0,-0.8210502932466417,-0.8913470816032423,0.37274299777827236,False,0.8321287463118627,1.5229114803318364,3.739160092663951e-10,
lognormal,1.0,20,2017,discovered,473,0.9211383007320608,1,1.913084115618675,473,1.0,0.0,0,8.311516941831625,4.65581975211582,3.2269416138759943e-06,False,-671344.9597873918,770.1537094748252,0.005481638966557512,
lognormal,1.0,20,2017,true,100,0.8263003795462304,15,2.3218226041463326,46,0.46,0.71,0,-0.864768755879596,-0.860346254268178,0.3895982029338878,False,1.5126279058023715,1.3514221702804972,2.8421709430404007e-11,
lognormal,1.0,21,2010,discovered,147,0.8745573821967106,1,2.413504578156989,147,1.0,0.3,0,0.382990617435937,0.6157400450142713,0.538066103150218,False,-321927.5050797134,424.3244827892197,0.0002923951360571664,
lognormal,1.0,21,2010,true,80,0.9104394112935815,3,2.5357890417904665,35,0.4375,0.21,0,-0.9099204735568016,-1.0237731851383802,0.3059424186022133,False,0.35087867039803244,1.0158020129012872,3.467448550509289e-11,
lognormal,1.0,21,2011,discovered,209,0.9156015897721859,1,2.055406141334262,209,1.0,0.1,0,0.2614607036334391,0.2627616113389653,0.7927343257558848,False,-208.75338693220382,12.588255921758659,0.001109836203568193,
lognormal,1.0,21,2011,true,86,0.8572817535803203,7,2.781403447930006,30,0.3488372093023256,0.18,0,-0.3596600322364689,-0.5088627761142762,0.6108484132931896,False,0.40828414693316795,1.1539547146117755,2.6005864128819667e-12,
lognormal,1.0,21,2012,discovered,274,0.8785519741263867,1,1.9183630347745584,274,1.0,0.0,0,2.672552780328184,2.2874554568873213,0.02216925251935464,False,-310455.942824814,521.1365996748588,0.0007649462995686918,
lognormal,1.0,21,2012,true,94,0.7830761353561414,6,2.1197013318592446,46,0.48936170212765956,0.0,0,-9.57853533894127,-2.940936591380811,0.0032722150963592866,False,2.527591507804954,0.579505241660959,3.666400516522117e-12,
lognormal,1.0,21,2013,discovered,241,0.9292713240230901,1,1.9387810603909212,241,1.0,0.0,0,-1.4882158039765851,-0.8213690868474588,0.41143606629531493,False,-10.150382439759277,3.1669089305548455,1.1287812640148331e-07,
lognormal,1.0,21,2013,true,90,0.8728417520397072,4,2.223288634657799,60,0.6666666666666666,0.56,0,-1.789826034760031,-1.2201985687499413,0.22238960931729668,False,0.6449197614520681,1.2382786741587373,3.382183422218077e-11,
lognormal,1.0,21,2014,discovered,406,0.9170581021937552,1,1.9575927307218917,406,1.0,0.0,0,2.485328122924698,1.6919753477578232,0.09065067410831984,False,-452711.39440229593,615.202278795949,0.0010603184446154046,
lognormal,1.0,21,2014,true,100,0.7843543169944731,20,3.448465391911667,27,0.27,0.04,0,-0.08227357214863051,-0.3389148461666002,0.7346738800294054,False,-0.6254414931078467,1.3242327294885974,1.0804654948515235e-09,
lognormal,1.0,21,2015,discovered,524,0.9271535104967422,1,1.7750316164912667,524,1.0,0.0,0,7.1671721911328685,3.533880906346162,0.0004095055522061696,False,-401657.55275303614,649.2886008716758,0.003918902269106184,
lognormal,1.0,21,2015,true,100,0.7706027912096826,24,2.40569135018515,48,0.48,0.24,0,-1.9718581927643815,-1.3557581654510353,0.17517612594315968,False,3.0210860732696894,0.9483013202625298,2.162323653465137e-10,
lognormal,1.0,21,2016,discovered,492,0.9105168997169715,16,2.5976917632289784,33,0.06707317073170732,0.43,0,-0.49647741021666114,-0.6926311359310634,0.48854106545759446,False,1.4600110729066795,1.2074744697485609,2.2311041902867146e-11,
lognormal,1.0,21,2016,true,100,0.8190873214155917,20,2.5589996949278353,37,0.37,0.23,0,-0.7393161310623517,-0.7577444619051896,0.4486039761638392,False,2.0907411789567725,1.117264392204309,5.695710569852963e-11,
lognormal,1.0,21,2017,discovered,412,0.9077645201140094,1,1.7958584744906636,412,1.0,0.0,0,8.822013979247032,5.202466072732545,1.9666126981154694e-07,False,-694163.0330819138,842.8634189431729,0.004589622139974381,
lognormal,1.0,21,2017,true,99,0.7722384093902552,24,2.77377646792309,37,0.37373737373737376,0.72,0,-0.20319585145627794,-0.48738625085579595,0.6259846351897358,False,0.07125355924719433,1.5141072673301823,2.454925152051146e-09,
lognormal,1.0,22,2010,discovered,131,0.9060567506330429,1,2.294312470101934,131,1.0,1.0,0,0.14215541763255946,0.19551948152822715,0.8449862879259169,False,-326815.18759562005,446.89469259356053,0.00023044798490445828,
lognormal,1.0,22,2010,true,66,0.9381003836010942,3,2.4785303817023525,30,0.45454545454545453,0.91,0,-0.14628950529745577,-0.3424129799340325,0.7320401216628254,False,-5.099571496104215,2.1244839428286557,1.7656844875091338e-09,
lognormal,1.0,22,2011,discovered,204,0.8903842327684265,1,2.0932357164746263,204,1.0,0.09,0,0.7297298865263273,0.835522302966467,0.4034236948297394,False,-240069.97253830783,417.8009182373699,0.00016346804386557778,
lognormal,1.0,22,2011,true,87,0.8557466155732543,12,3.9423650075494545,16,0.1839080459770115,0.61,0,-0.541199114714058,-0.6823110613144838,0.4950422801916209,False,2.324122268920772,0.4796509185254345,4.995115432393504e-12,
lognormal,1.0,22,2012,discovered,277,0.9244356973380594,1,1.9772767339425374,277,1.0,0.0,0,-0.11867084737858669,-0.0862758373298366,0.9312471458603699,False,-41.19019147122998,5.912883732510922,6.227410437986691e-06,
lognormal,1.0,22,2012,true,87,0.8197105766673615,7,2.468612208956917,45,0.5172413793103449,0.44,0,-1.1308090127104822,-1.051478542823319,0.29303885921751793,False,1.2042090977601694,1.0942240760006428,1.7536194718559273e-11,
lognormal,1.0,22,2013,discovered,251,0.9064920972116499,1,2.0421232650790047,251,1.0,0.02,0,2.395632996432777,2.2292187077029157,0.02579935639178474,False,-195189.63534706357,386.75280115405917,0.0011818096654678811,
lognormal,1.0,22,2013,true,92,0.8756312757715313,8,2.6579562279755793,32,0.34782608695652173,0.52,0,-0.25181502780974263,-0.48461556254510463,0.6279490722861076,False,-0.5102917099311808,1.4521779189269541,5.617309284389194e-09,
lognormal,1.0,22,2014,discovered,366,0.9168526928955264,1,1.9509736348836244,366,1.0,0.0,0,5.329551462535633,3.605777648012579,0.00031121953763237216,False,-222880.13866027826,434.04362247799406,0.00304671638423315,
lognormal,1.0,22,2014,true,93,0.818241882770684,9,2.222879570677028,52,0.5591397849462365,0.27,0,-2.4011866168452274,-1.4445232404411437,0.14859184719594262,False,2.089231503110235,1.0401583905856704,2.5863755581667647e-12,
lognormal,1.0,22,2015,discovered,595,0.9329757557530697,1,1.856808214016547,595,1.0,0.0,0,10.35967257145692,4.857360681226294,1.1896078269122894e-06,False,-695356.3591913038,810.5710243301459,0.006951833715902467,
lognormal,1.0,22,2015,true,100,0.8645645958318154,23,2.3642401314436587,48,0.48,0.06,0,-2.6002220074756695,-1.3973823552724838,0.16229862226706693,False,3.1988765284911174,0.8770056718881435,2.5011104298755527e-12,
lognormal,1.0,22,2016,discovered,475,0.9159309409667946,1,1.9126287787107652,475,1.0,0.0,0,8.979844420131286,5.051617317096005,4.380847306336684e-07,False,-975997.0129174944,929.0946174171369,0.005800625026495254,
lognormal,1.0,22,2016,true,98,0.8259405556314383,26,2.8814196846838294,32,0.32653061224489793,0.35,0,-0.9241814111197133,-0.8814021510697106,0.378100193816722,False,2.87967859099168,0.807677554789368,1.7053025658242404e-12,
lognormal,1.0,22,2017,discovered,505,0.904369508457274,1,1.9094532671114706,505,1.0,0.0,0,10.405215087565526,5.968810221108345,2.3898989387659107e-09,False,-9999.99980816715,94.25765867072028,0.0,
lognormal,1.0,22,2017,true,100,0.8491455404167295,19,2.7347073999836766,44,0.44,0.47,0,-0.3986287166618405,-0.5158642115726549,0.6059492513443219,False,0.8622631663810835,1.3240350879457143,1.8239632026961772e-09,
lognormal,1.0,23,2010,discovered,165,0.8224144870799961,1,2.660949552974521,165,1.0,0.25,0,0.6054051393410669,1.2233683515281635,0.22119060137127378,False,-283009.24185445136,367.2287372504087,0.0004316458107496146,
lognormal,1.0,23,2010,true,79,0.9207155347597217,3,2.641061007242857,38,0.4810126582278481,0.79,0,-0.17186360081760244,-0.4064684131332865,0.6843984612245502,False,-4.192991703503409,1.868694830569725,1.95466043351189e-09,
lognormal,1.0,23,2011,discovered,210,0.9283315109130533,1,2.0998965964976626,210,1.0,0.39,0,-1.091132118519762,-0.7854572795104218,0.43218550842795445,False,-11.72930963921223,3.079274395376671,1.6430249161203392e-08,
lognormal,1.0,23,2011,true,87,0.894418714665524,4,2.3231141315571864,45,0.5172413793103449,0.52,0,-0.9593039871306033,-0.8873059407195049,0.37491420803139663,False,0.17058691305732399,1.3049044598673212,6.546940767293563e-11,
lognormal,1.0,23,2012,discovered,266,0.934675606623633,1,1.8869994874122988,266,1.0,0.03,0,-0.5254809572521353,-0.32235694757730576,0.7471822956657836,False,-22.96488561633422,4.7292209851346785,1.7320360257144785e-08,
lognormal,1.0,23,2012,true,92,0.876567083841154,7,2.338268498370181,43,0.4673913043478261,0.06,0,-1.7121638852664964,-1.1761411492493832,0.23953847682896745,False,1.68082264788319,1.0091009806978821,1.3878320714866277e-10,
lognormal,1.0,23,2013,discovered,248,0.9092478110445631,1,2.0325602300217698,248,1.0,0.02,0,0.7619074092665556,0.7324143157089393,0.4639157236344872,False,-129845.09986796947,316.51363737739575,0.00017841728549683467,
lognormal,1.0,23,2013,true,91,0.8394918487357174,11,3.5138657896355006,23,0.25274725274725274,0.4,0,0.005244306022929912,0.07445648158983542,0.9406471676660346,False,-36.43252496138799,3.906252900611116,0.00013210240518901628,
lognormal,1.0,23,2014,discovered,365,0.9193924073628399,1,1.9348961394059498,365,1.0,0.01,0,4.286550360423204,2.9215077070314956,0.0034834165703314652,False,-667250.4527712525,757.2717716969931,0.0022582732963201124,
lognormal,1.0,23,2014,true,100,0.8541190424378589,14,2.5456528576018917,37,0.37,0.28,0,-0.7575628981830684,-0.7978625008417557,0.4249502865847047,False,1.7414498815864665,1.1167744383703635,4.595790414896328e-11,
lognormal,1.0,23,2015,discovered,580,0.9226443138116462,1,1.8728184717760632,580,1.0,0.0,0,10.657812556099024,5.127646320308648,2.9338694207556935e-07,False,-987789.1732050867,956.935104553774,0.0076303205350995995,
lognormal,1.0,23,2015,true,99,0.7155058785594756,22,2.3449403046864647,58,0.5858585858585859,0.03,0,-4.033530963849268,-1.8592252421169637,0.06299521832258279,False,3.3234661976773685,0.8034428278971935,3.637978807091713e-12,
lognormal,1.0,23,2016,discovered,512,0.914246275246888,1,1.907800977625532,512,1.0,0.0,0,7.600104489503288,4.320181105433792,1.5590119987158818e-05,False,-805357.3088686779,845.5327253158636,0.004207562604278792,
lognormal,1.0,23,2016,true,99,0.8033215235648538,23,2.8182708147853726,35,0.35353535353535354,0.62,0,-0.7645125291108585,-0.8330685963830917,0.40480604337200055,False,2.4647156254445983,0.9268151352113023,3.674927029351238e-11,
lognormal,1.0,23,2017,discovered,487,0.8894761403414848,27,3.4391660640599166,29,0.059548254620123205,0.48,0,-0.47794432222701033,-0.739413721620067,0.4596558126443345,False,2.558125133325385,0.7613368409751337,1.758593271006248e-10,
lognormal,1.0,23,2017,true,100,0.8014611090763004,10,2.1163022221814254,72,0.72,0.0,0,-5.362801956296302,-1.9514454046065848,0.05100408473445373,False,2.607003552394745,0.9385261080046485,5.5138116294983774e-12,
lognormal,1.0,24,2010,discovered,133,0.9146033621911277,1,2.0824368301305807,133,1.0,0.02,0,-1.7497767756662457,-1.1161125438064088,0.26437396345198694,False,-3.638920545529909,1.9163847086141943,2.934541498689214e-10,
lognormal,1.0,24,2010,true,74,0.8544847811306336,5,3.1288622494443645,24,0.32432432432432434,0.54,0,-0.8213552757842746,-0.8780846384442229,0.3798977887374937,False,1.3666777062740605,0.6512216557252899,4.689582056016661e-13,
lognormal,1.0,24,2011,discovered,197,0.9208267853832254,1,2.0875566950024322,197,1.0,0.01,0,-0.9980710655078733,-0.6969336223202003,0.48584433510995173,False,-11.182307210948693,3.033775940738956,1.0814750339704915e-07,
lognormal,1.0,24,2011,true,83,0.8680759635156009,7,2.829729198879825,25,0.30120481927710846,0.31,0,-0.26935510178779776,-0.42524300688723804,0.6706595358201644,False,0.07386879594866338,1.2091423617496495,1.3315570868144277e-11,
lognormal,1.0,24,2012,discovered,252,0.9041670834429858,10,3.1270681197157897,37,0.14682539682539683,0.79,0,-0.3526190838835701,-0.593230808761569,0.5530266968833046,False,0.6239318575819046,1.0636858499319128,2.2964741219766438e-11,
lognormal,1.0,24,2012,true,95,0.8054197255695819,12,3.590122228727049,28,0.29473684210526313,0.6,0,0.00015482808684552651,0.004075127177514538,0.9967485279411048,False,-333.30776054141427,11.231866615534877,1.6127205867633165e-05,
lognormal,1.0,24,2013,discovered,236,0.9294919162990405,1,2.0532696495868645,236,1.0,0.66,0,-0.8144290857912333,-0.6072667646164069,0.5436738908772112,False,-19.770272904436098,4.005852298684879,5.462163699121447e-08,
lognormal,1.0,24,2013,true,91,0.8950110297608395,4,2.1933135348141346,50,0.5494505494505495,0.52,0,-1.8001536394604654,-1.2135120546887794,0.22493410835619643,False,0.903821161282017,1.1741191165348366,3.637978807091713e-12,
lognormal,1.0,24,2014,discovered,328,0.9218607572960116,1,1.8353851844706155,328,1.0,0.0,0,4.586362366483571,3.037946237166005,0.002381964468355981,False,-587170.7818643859,754.265185183355,0.002146024730791396,
lognormal,1.0,24,2014,true,94,0.8386301191602843,15,2.46910382291761,33,0.35106382978723405,0.58,0,-0.8693538872058912,-0.8365838705907699,0.40282651503203126,False,2.0848222960684586,1.0751155440806885,1.2249756764504127e-11,
lognormal,1.0,24,2015,discovered,540,0.9443266473122196,1,1.7807969726214974,540,1.0,0.0,0,9.070573446862424,4.111125475782714,3.937351436091055e-05,False,-573213.0686342337,773.0656150745793,0.0058317667617302504,
lognormal,1.0,24,2015,true,99,0.8631804460540249,15,1.9804124956945077,59,0.5959595959595959,0.17,0,-1.6319126144993175,-1.0514026797930347,0.29307368557325986,False,1.8497601615325432,1.5898003227891855,1.0248868420603685e-10,
lognormal,1.0,24,2016,discovered,542,0.9059412615383803,1,1.926970558821271,542,1.0,0.0,0,8.576444694888373,4.869840714284386,1.1168824521002825e-06,False,-816728.2962510462,842.3255760916484,0.004719139856206311,
lognormal,1.0,24,2016,true,100,0.7778365426403416,25,3.0410060249792346,32,0.32,0.35,0,-1.2367358229235812,-1.0934056577595235,0.2742157305402477,False,3.0757504200160235,0.6667430316594277,8.526512829121202e-13,
lognormal,1.0,24,2017,discovered,506,0.9040556566713034,1,1.8539393028870406,506,1.0,0.0,0,8.780621610669062,4.929535530147211,8.242534475437098e-07,False,-695094.0202879498,811.7573307145772,0.004465950559279008,
lognormal,1.0,24,2017,true,98,0.777876872111232,35,3.7290507793264833,19,0.19387755102040816,0.44,0,0.0041236497510599435,0.4570870486374712,0.6476084789230769,False,-95583.80228638934,186.20003370021186,3.073945663345512e-05,
lognormal,1.0,25,2010,discovered,147,0.9154872293864389,1,2.2500166812997895,147,1.0,0.85,0,-0.5021350285904562,-0.5213935240601055,0.6020926618257793,False,-19.19859792371112,3.598614516268978,4.815785814571427e-08,
lognormal,1.0,25,2010,true,75,0.929000431164444,2,2.222870002321533,53,0.7066666666666667,0.13,0,-1.6688433229716528,-1.131431121837457,0.25787367863809263,False,-0.14284875337851416,1.2092353491170822,4.263256414560601e-14,
lognormal,1.0,25,2011,discovered,194,0.9241305236208492,1,2.0379490866606416,194,1.0,0.05,0,-0.5459710391212536,-0.43060153766699116,0.6667581229429955,False,-18.731899740501337,3.93900532715263,7.409215641018818e-08,
lognormal,1.0,25,2011,true,86,0.905579294760815,4,2.3700727808315554,42,0.4883720930232558,0.55,0,-0.5901049754893766,-0.6450211174566297,0.5189135008598025,False,-0.7399768188556092,1.5025775604401024,7.51754214434186e-11,
lognormal,1.0,25,2012,discovered,249,0.9354515037135226,1,1.9460531110273482,249,1.0,0.21,0,0.30461538787199594,0.25103833702958095,0.8017844693426831,False,-3536.3950347372074,54.676342425095704,2.9883617571613286e-06,
lognormal,1.0,25,2012,true,93,0.8442652313017762,7,2.590010405190622,44,0.4731182795698925,0.19,0,-0.3332677796801642,-0.5597343712374814,0.5756606343138706,False,-0.9708807369470895,1.5528762441672779,5.695710569852963e-11,
lognormal,1.0,25,2013,discovered,243,0.9228249402885341,1,1.9929136482460488,243,1.0,0.04,0,-0.3177493818467001,-0.23235946755704232,0.8162588276260717,False,-26.066506446137303,4.712549976541389,5.600751364909229e-07,
lognormal,1.0,25,2013,true,89,0.8993416366158564,5,2.3886356258642776,48,0.5393258426966292,0.03,0,-1.0063458082874948,-0.9968733028630993,0.3188260117648555,False,0.4775517517488933,1.2476234082087614,3.774403012357652e-11,
lognormal,1.0,25,2014,discovered,331,0.921078512474801,1,1.8549576367689622,331,1.0,0.0,0,2.821358981440948,1.9569123962349704,0.05035776887043028,False,-372255.9154816447,592.5824326703854,0.001149272034126625,
lognormal,1.0,25,2014,true,99,0.7906884118419958,13,2.473198078311853,41,0.41414141414141414,0.04,0,-1.8598653823067401,-1.263253113870105,0.20649823027448533,False,2.477071040629572,0.8693602138388734,2.1884716261411086e-12,
lognormal,1.0,25,2015,discovered,526,0.9379046512365508,1,1.8163887916052406,526,1.0,0.0,0,8.855504533490977,4.2349322033959025,2.286206704017695e-05,False,-656138.7718104052,807.6935586668554,0.005664299456839217,
lognormal,1.0,25,2015,true,99,0.8623711678394812,23,2.193209936023172,41,0.41414141414141414,0.14,0,-2.244461865148007,-1.3706752366467616,0.17047621766361465,False,3.216464778690219,0.999399063700572,8.469669410260394e-12,
lognormal,1.0,25,2016,discovered,477,0.9198344782548351,1,1.8156167622548138,477,1.0,0.0,0,5.759050194890296,3.14596663778742,0.0016553888745376316,False,-534349.5165464643,728.4756005308615,0.002412245687082759,
lognormal,1.0,25,2016,true,100,0.7937216642200678,16,2.609251970429386,52,0.52,0.37,0,-0.7212315660924355,-0.6558360959217677,0.5119295888639718,False,1.3336917184002177,1.234160597872578,6.724576451233588e-11,
lognormal,1.0,25,2017,discovered,442,0.939678868019775,1,1.8249040587440435,442,1.0,0.0,0,6.409825408492981,3.3754604202860428,0.0007369229109371962,False,-723813.0836754672,843.2586444167531,0.004121286226109078,
lognormal,1.0,25,2017,true,99,0.834071086887251,11,2.0849717175917464,64,0.6464646464646465,0.11,0,-2.680412498108338,-1.514199836560065,0.1299751631469123,False,2.17425259710862,1.2230189652492516,3.4049207897624e-11,
lognormal,1.0,26,2010,discovered,139,0.8951959446325147,1,2.373405813389879,139,1.0,0.63,0,-0.2529324403434352,-0.3352957008314363,0.7374020364673108,False,-46.606605733707376,5.241849425837522,3.126282044263462e-05,
lognormal,1.0,26,2010,true,78,0.9311398840346204,2,2.272660596152523,56,0.717948717948718,0.28,0,-0.8870076872698904,-0.681284775693088,0.4956913146393416,False,-1.7693980833995373,1.5916713216751337,3.1867131156104733e-09,
lognormal,1.0,26,2011,discovered,215,0.9399448820802503,1,2.111739458795058,215,1.0,0.16,0,-1.2432320828647478,-0.8441100698937515,0.39860790114016054,False,-16.094806369809582,3.5330365049857155,1.328197640759754e-08,
lognormal,1.0,26,2011,true,87,0.9479771371693946,3,2.18928789138205,52,0.5977011494252874,0.83,0,0.008785316337553972,0.027992784511469214,0.9776679060190283,False,-65.36949861787019,7.229633922649409,0.0004834592720897035,
lognormal,1.0,26,2012,discovered,311,0.9243717568255715,1,1.9893015014393947,311,1.0,0.03,0,0.8523628005923509,0.6598641617127889,0.5093410044291764,False,-213018.32645758142,414.5307337708595,0.00020721004693768919,
lognormal,1.0,26,2012,true,96,0.8734277937671129,8,2.419536075028107,34,0.3541666666666667,0.54,0,-0.7448847165043273,-0.9062016765682944,0.364829115794133,False,1.1340175572473048,1.1923336074054531,1.7769252735888585e-10,
lognormal,1.0,26,2013,discovered,234,0.9087576819576915,1,1.9886052233101428,234,1.0,0.0,0,1.0740088807581065,0.9985595549042381,0.3180081010103625,False,-134194.9982829639,329.248775998592,0.00021447145718411775,
lognormal,1.0,26,2013,true,91,0.841418080804056,7,2.5739291292255255,36,0.3956043956043956,0.28,0,-1.0735059680378511,-0.9859780471512579,0.3241438855926677,False,1.4497924858022317,0.9555034532920105,1.5347723092418164e-12,
lognormal,1.0,26,2014,discovered,354,0.9034187901581,1,1.936537254918977,354,1.0,0.0,0,5.746537067300144,4.0473156798330745,5.180834942821152e-05,False,-592588.4980384747,713.6897626996711,0.0031400171492350637,
lognormal,1.0,26,2014,true,97,0.815634099291625,13,2.4129416188794304,39,0.4020618556701031,0.02,0,-2.889154281627737,-1.5833737105793095,0.11333631135934841,False,2.8112317315921853,0.7420646915519066,3.126388037344441e-13,
lognormal,1.0,26,2015,discovered,646,0.9216248958317205,1,1.8684152526326876,646,1.0,0.0,0,14.259791772685356,6.397997813155344,1.5742754184427783e-10,False,-9999.999963144026,96.62696719250424,0.0,
lognormal,1.0,26,2015,true,99,0.8261189426969983,44,3.1303571255801557,29,0.29292929292929293,0.4,0,-0.00330270164694646,-0.0436476763553375,0.9651852476501217,False,-21.39119770795846,3.4862146422307316,6.530331972953718e-07,
lognormal,1.0,26,2016,discovered,590,0.9137751663495935,1,1.9938257374181165,590,1.0,0.0,0,9.711374071724798,5.148507821181424,2.625668399639691e-07,False,-741919.7366040905,774.2292056591942,0.006528164712108264,
lognormal,1.0,26,2016,true,100,0.7885915575512611,13,2.308027264766728,63,0.63,0.05,0,-3.165850162362745,-1.4153331330507755,0.1569708447889313,False,2.551312811166412,0.9424318598854439,9.407585821463726e-12,
lognormal,1.0,26,2017,discovered,474,0.9433137527733902,1,1.84065558028791,474,1.0,0.11,0,4.805226842288835,2.4699519023529697,0.013513121968124204,False,-590952.0989999103,753.6424008646408,0.0031238674664564314,
lognormal,1.0,26,2017,true,100,0.8438571988467196,11,2.037501679651854,60,0.6,0.0,0,-5.068808290638671,-2.0212111703916342,0.04325790986620028,False,2.8174712426687663,0.9599486324887967,2.5835333872237243e-11,
lognormal,1.0,27,2010,discovered,146,0.8843548220578686,1,2.350526513977795,146,1.0,0.35,0,-1.196273451876551,-1.0159477261576992,0.3096542799640939,False,-4.237419304676925,1.773721363636988,1.5648993212380446e-10,
lognormal,1.0,27,2010,true,75,0.8802989189842504,7,4.221437153834835,10,0.13333333333333333,0.74,0,-0.09678199935759935,-0.3395781711486945,0.7341742191768048,False,0.9051311501569048,0.6801021968788022,2.0865087435595342e-11,
lognormal,1.0,27,2011,discovered,232,0.8922191308045176,1,2.1378980723548078,232,1.0,0.0,0,-0.6414225784555807,-0.5168856981810191,0.60523595185535,False,-13.636229983067402,3.2348145988513632,3.241780177631881e-08,
lognormal,1.0,27,2011,true,94,0.814675986689278,4,2.506890442818569,50,0.5319148936170213,0.0,0,-4.194400314947516,-1.7352535859260647,0.0826958988749672,False,1.647601794368836,0.6378307386931114,7.105427357601002e-14,
lognormal,1.0,27,2012,discovered,253,0.9351109897618152,1,1.9029748122257621,253,1.0,0.0,0,-0.610941600331433,-0.38580121477966045,0.6996438955607391,False,-21.806562059677507,4.570281935124913,1.314102746619028e-07,
lognormal,1.0,27,2012,true,91,0.8154575001331816,5,2.1939102332246683,57,0.6263736263736264,0.18,0,-2.575588141785723,-1.4095283088939248,0.15867900876677654,False,1.419644394618047,1.0739390488674352,7.398170964734163e-11,
lognormal,1.0,27,2013,discovered,237,0.9261536060332968,1,2.0746420804716106,237,1.0,0.09,0,0.44622896170857285,0.41153018734016217,0.6806838107078128,False,-241610.57786381434,422.76818677891146,0.00022609791449212935,
lognormal,1.0,27,2013,true,92,0.9081497107101555,7,2.4843370418436015,31,0.33695652173913043,0.96,0,-0.14822763083826107,-0.3536776862636667,0.723580446907121,False,-3.0036293713603284,1.991454311342352,1.68923293131229e-08,
lognormal,1.0,27,2014,discovered,339,0.9237566711439477,1,1.8945317581241838,339,1.0,0.02,0,3.7645958557550836,2.5196794581750788,0.011746174676998258,False,-204023.68989814946,428.55074215845093,0.0019534859293344198,
lognormal,1.0,27,2014,true,93,0.8593312250906515,4,1.8482071887776446,71,0.7634408602150538,0.02,0,-5.171118996328387,-2.029918104576013,0.042364864467260226,False,1.6725862107882385,1.2491837761350062,2.2737367544323206e-13,
lognormal,1.0,27,2015,discovered,610,0.9184499618123898,1,1.8784730018927296,610,1.0,0.0,0,13.173098801717185,6.269334649056257,3.6259410456299477e-10,False,-10000.000033314182,96.02554528094129,0.0,
lognormal,1.0,27,2015,true,100,0.7976921291061194,43,3.151300452538356,25,0.25,0.97,0,-0.053530246880679755,-0.21266059810272878,0.8315917018896648,False,-1.4006789966213158,1.6676581082359987,1.5843681921978714e-09,
lognormal,1.0,27,2016,discovered,470,0.9168079294314969,1,1.90488585310755,470,1.0,0.0,0,7.7509724139341385,4.517011416022816,6.271852537721242e-06,False,-964888.0206052656,927.3975322258804,0.004434452517671161,
lognormal,1.0,27,2016,true,100,0.807946898559679,16,2.571041670335816,44,0.44,0.3,0,-0.3608264976540343,-0.627736728737235,0.5301764204938151,False,0.19918917560109506,1.5185320163833007,2.26947349801776e-10,
lognormal,1.0,27,2017,discovered,567,0.9162083247925055,1,1.9197642173644447,567,1.0,0.0,0,10.507812109456125,5.4212346958399555,5.918879034517418e-08,False,-929663.5111612766,903.0142091828816,0.006976063030379009,
lognormal,1.0,27,2017,true,100,0.8370610715159335,47,3.6213527238803276,15,0.15,0.97,0,-0.006120999683556505,-0.08108735122600884,0.9353724848211167,False,-7.923976786674287,2.1762962336002083,6.4096722098838654e-06,
lognormal,1.0,28,2010,discovered,133,0.9131048229088381,1,2.258138570947262,133,1.0,0.1,0,-2.09353961305787,-1.0984783349682818,0.2719956728979248,False,-2.545074797613234,1.529700416528594,2.7631585908238776e-10,
lognormal,1.0,28,2010,true,69,0.887350210998902,6,3.6232070944881403,15,0.21739130434782608,0.12,0,0.1038810401502861,1.224262607180818,0.2208531780799824,False,-509536.13515748363,429.2122699422208,0.00026132182392757386,
lognormal,1.0,28,2011,discovered,207,0.9245303977591963,1,2.0954894369272044,207,1.0,0.23,0,0.6713535903493897,0.6589861814989241,0.5099046422641389,False,-391556.1412987171,533.0441955570506,0.0004577387535391608,
lognormal,1.0,28,2011,true,85,0.926855136107501,4,2.3684253782996536,47,0.5529411764705883,0.56,0,-0.19421455726250336,-0.35036762282496003,0.7260628215708215,False,-5.412054367220191,2.343217531432748,3.426700345698919e-08,
lognormal,1.0,28,2012,discovered,267,0.9155841378615004,1,1.905598828640575,267,1.0,0.0,0,3.2727368718328167,2.6031829289508104,0.00923626574044183,False,-706722.655076399,792.5977358719723,0.0015551839233012288,
lognormal,1.0,28,2012,true,93,0.8713013477114486,12,2.774294447930511,27,0.2903225806451613,0.85,0,-0.324865651623754,-0.5516330329901388,0.5811997996744642,False,0.9475253019172416,1.1715589207369317,8.117240213323385e-11,
lognormal,1.0,28,2013,discovered,229,0.9176977119387744,1,2.011474213208703,229,1.0,0.01,0,-0.2533938576873176,-0.19306200157685227,0.8469104111076453,False,-25.5588437698014,4.621764977719659,2.7845734393849852e-06,
lognormal,1.0,28,2013,true,92,0.8610081294543069,10,2.9364487559436236,23,0.25,0.47,0,-0.4676992888988827,-0.617001514117801,0.5372337270241896,False,1.5561159265992623,0.8928791179620237,2.7910118660656735e-11,
lognormal,1.0,28,2014,discovered,342,0.9325144295935586,1,1.906072121207515,342,1.0,0.05,0,1.604501992461918,1.0984439035672815,0.2720107002077373,False,-211151.8369592038,432.4378273535499,0.0006170498818391934,
lognormal,1.0,28,2014,true,96,0.8074764207641213,25,3.4657259489024805,19,0.19791666666666666,0.97,0,-0.22364059821953575,-0.5102289731762012,0.6098910562743296,False,2.131557283649961,0.8456858080947655,2.5053736862901133e-11,
lognormal,1.0,28,2015,discovered,629,0.9217475501685771,1,1.8382727043810978,629,1.0,0.0,0,13.031069948178295,5.8791802563531315,4.123031940268567e-09,False,-850883.2117127808,907.7779087216962,0.009155135587207042,
lognormal,1.0,28,2015,true,99,0.7741484101774724,35,2.8607447702910034,39,0.3939393939393939,0.67,0,-0.3064372484060298,-0.5624654355723346,0.573798946909553,False,1.4153504784117672,1.2835101131749005,3.819678795480286e-09,
lognormal,1.0,28,2016,discovered,431,0.9344406109933572,1,1.8385717654907476,431,1.0,0.0,0,6.608551738657734,3.627252850459986,0.000286452747586926,False,-773322.0170686776,864.1939496914757,0.0041103360172201064,
lognormal,1.0,28,2016,true,100,0.8140006238091538,7,1.864476706075182,81,0.81,0.0,0,-7.3136080916917905,-2.611941482108418,0.009002966281049506,False,2.472189666877992,1.1218138546477436,3.2514435588382185e-11,
lognormal,1.0,28,2017,discovered,492,0.9367712281854451,1,1.8479804533465947,492,1.0,0.0,0,3.3741148919890165,1.8145208229179361,0.06959757989544751,False,-504126.5333435335,692.3856970523744,0.001687569621935836,
lognormal,1.0,28,2017,true,99,0.7955359463168853,14,2.368816055529504,56,0.5656565656565656,0.14,0,-0.6092515866249983,-0.7715015084950033,0.4404097286173737,False,0.40057451832695606,1.5830007989242083,6.557002052431926e-09,
lognormal,1.0,29,2010,discovered,138,0.9136787122143198,1,2.3173460888836983,138,1.0,0.1,0,-1.9336463572552978,-1.2145846142432326,0.22452455992362808,False,-2.5306081007073393,1.482992530671507,6.070877134334296e-11,
lognormal,1.0,29,2010,true,70,0.8703217465563843,6,3.8146904046604506,15,0.21428571428571427,0.91,0,-0.09079656347500364,-0.283475276316241,0.7768125313533387,False,-0.17468400971095177,0.9303172522306519,3.040412366317469e-11,
lognormal,1.0,29,2011,discovered,196,0.9398914046730409,3,2.4742428488048778,54,0.2755102040816326,0.76,0,-0.4760498545431149,-0.5455143676687518,0.5853998016368362,False,-2.4801689808887977,1.7019542608444538,5.658762347593438e-11,
lognormal,1.0,29,2011,true,83,0.8908121493006899,12,3.2745802557510744,13,0.1566265060240964,0.6,0,0.029126848192888133,0.8265109527565353,0.40851430754589824,False,-233536.97009346474,316.1258263354595,0.00012961848551640287,
lognormal,1.0,29,2012,discovered,287,0.9231496190528555,1,2.013584717768299,287,1.0,0.05,0,1.7726242918376984,1.4343426799778038,0.15147449635451318,False,-423711.6087044892,577.7328955911769,0.0009688394447948667,
lognormal,1.0,29,2012,true,97,0.8322440504225089,7,2.3201255079740113,42,0.4329896907216495,0.03,0,-3.3745297814428046,-1.7214416093553797,0.08517071924817281,False,2.232800567424941,0.7631478924203938,1.8189894035458565e-12,
lognormal,1.0,29,2013,discovered,224,0.9020124584652027,1,1.9247343481640022,224,1.0,0.0,0,-1.0613515280514285,-0.6296699604151251,0.5289105403418541,False,-9.597522335900507,3.120424087093808,5.3512394515564665e-09,
lognormal,1.0,29,2013,true,87,0.8439577695965798,6,2.3886108535460733,38,0.4367816091954023,0.05,0,-3.1709020509163732,-1.5747885380678381,0.11530526297048284,False,2.0811419393851933,0.7091959120749609,3.268496584496461e-13,
lognormal,1.0,29,2014,discovered,372,0.9345483629278187,1,1.9103663022150983,372,1.0,0.08,0,2.208839167836871,1.4062240682131952,0.15965759938339563,False,-439102.02223511046,622.2072610079884,0.0010682633428586996,
lognormal,1.0,29,2014,true,94,0.8057385257082936,6,2.1889611685969648,74,0.7872340425531915,0.6,0,-1.3600893394995417,-1.119466834060382,0.26294103234837807,False,0.27430831094677766,1.5256958264750127,1.6581225281697698e-10,
lognormal,1.0,29,2015,discovered,559,0.9382227676129578,1,1.875113258434075,559,1.0,0.0,0,9.39276863603055,4.387606681705891,1.1460478419075815e-05,False,-874500.5083913321,898.786005063433,0.006841469794380828,
lognormal,1.0,29,2015,true,100,0.8484345627042988,34,2.3305403409674215,28,0.28,0.21,0,-1.2035574663355302,-1.0323903735738114,0.3018892797145539,False,3.407659608314699,0.9857634661948813,3.8824055081931874e-11,
lognormal,1.0,29,2016,discovered,519,0.916132846923805,14,2.757769432790012,54,0.10404624277456648,0.58,0,-0.1344101059437417,-0.353769034173987,0.7235119818194503,False,-3.11824712300628,1.944897145886613,1.9369036863281508e-07,
lognormal,1.0,29,2016,true,99,0.8489638110715252,20,2.8051357104794583,42,0.42424242424242425,0.43,0,0.006468077049152754,0.10155531839046239,0.9191096467676937,False,-80.21193681558418,6.7791799957562,0.0007547650810977302,
lognormal,1.0,29,2017,discovered,477,0.9263375636844677,1,1.8608154353104085,477,1.0,0.0,0,6.726096093157553,3.629849716242835,0.0002835862802265703,False,-775076.9070722228,853.0491830724543,0.004283667309209704,
lognormal,1.0,29,2017,true,96,0.8036482860870067,35,3.1862100061393654,23,0.23958333333333334,0.36,0,-1.3291861910431182,-1.0892508144006385,0.27604329622329793,False,3.6298465196837775,0.5320591190622824,2.3163693185779266e-12,
lognormal,5.0,0,2010,discovered,74,0.8642076994094996,7,3.4140126591280997,16,0.21621621621621623,0.16,0,-0.9404175928964191,-0.779418472133336,0.4357332459468213,False,2.0114336892980362,0.4639800467047635,4.263256414560601e-14,
lognormal,5.0,0,2010,true,38,0.8070344978613602,2,1.7328449101590224,33,0.868421052631579,0.0,0,-6.436660644757048,-2.168936762535593,0.030087485240508346,False,1.6860372988052237,0.8937547707380277,5.826450433232822e-13,
lognormal,5.0,0,2011,discovered,112,0.9464845023826272,1,1.9046363143777243,112,1.0,0.34,0,-0.2990476888713788,-0.295550134857968,0.7675736597012124,False,-28.21731636756853,5.149984466362094,7.411179581140459e-08,
lognormal,5.0,0,2011,true,58,0.8344244292189557,16,3.310681611305457,11,0.1896551724137931,0.73,0,-0.2934789628533139,-0.517287117197053,0.6049557457913248,False,2.4025566080925795,0.6740109463249304,7.87281351222191e-12,
lognormal,5.0,0,2012,discovered,170,0.9339844741461936,1,1.9047980898960115,170,1.0,0.19,0,-1.451022318747846,-0.9066349174655616,0.3645998904627952,False,-8.076041981762671,2.9371571294621033,1.3011458577238955e-10,
lognormal,5.0,0,2012,true,70,0.7527602304114897,12,3.0549821511336637,31,0.44285714285714284,0.15,0,-0.17211643286352007,-0.36886833594950946,0.712225865854015,False,-0.1998444995801253,1.2959463292816165,2.0608581507985946e-10,
lognormal,5.0,0,2013,discovered,118,0.8909656356976192,1,1.7649152699229969,118,1.0,0.02,0,0.2926429023328434,0.2471351221036686,0.8048036530705125,False,-20.5198687948907,4.892659627640341,4.9835222171168425e-08,
lognormal,5.0,0,2013,true,52,0.771703931565023,17,3.4552873664437858,16,0.3076923076923077,0.25,0,-0.19330067546731478,-0.3916124061854481,0.6953446198390506,False,1.7646121837204505,0.8397763778961245,5.998401775286766e-11,
lognormal,5.0,0,2014,discovered,235,0.9173882035251246,1,1.9489682357672342,235,1.0,0.02,0,2.360072053978321,2.0423444353954503,0.04111737726833469,False,-241709.63541376358,452.0329547639315,0.0011078251382059534,
lognormal,5.0,0,2014,true,76,0.7343242363027555,37,3.341567651070283,10,0.13157894736842105,0.65,0,-0.09678768887833122,-0.31770900556362147,0.7507056794503661,False,2.2261386089183186,0.9502469956949272,1.7529799833937432e-10,
lognormal,5.0,0,2015,discovered,350,0.922352625464461,1,1.701737295653324,350,1.0,0.0,0,2.6996293067130424,1.4754914978771034,0.14008045239726055,False,-232.03298126860457,16.51988945430874,0.003797778401803953,
lognormal,5.0,0,2015,true,82,0.7716802933182489,35,2.8566945647597035,32,0.3902439024390244,0.55,0,-0.03383136294678657,-0.1795157215870644,0.8575327738017254,False,-6.730167990184643,2.456649656610842,6.642285597990849e-06,
lognormal,5.0,0,2016,discovered,292,0.9147208999045942,1,1.9595766557855328,292,1.0,0.0,0,4.964369206128207,3.624892696981977,0.0002890814530765828,False,-654273.5796181294,740.696211364281,0.003584556193345634,
lognormal,5.0,0,2016,true,85,0.6810258856438196,47,4.6663256869439556,16,0.18823529411764706,0.82,0,-0.23655570649034896,-0.5275410937798701,0.5978178872809515,False,3.297582040738563,0.5252535876567674,8.115108585116104e-11,
lognormal,5.0,0,2017,discovered,332,0.9280689957488484,1,1.9662181157701764,332,1.0,0.18,0,2.5023594129509137,1.7478488962145131,0.08049019589870715,False,-657348.2755147859,738.1134141133676,0.0015885439734120155,
lognormal,5.0,0,2017,true,83,0.8151179755280601,35,2.8644362379674786,23,0.27710843373493976,0.9,0,-0.06433914727727874,-0.21761213434443927,0.827731329220151,False,-1.4398308926399674,1.7838838787917395,8.030541209791409e-08,
lognormal,5.0,1,2010,discovered,69,0.9234566700479204,1,2.0088401692983577,69,1.0,0.29,0,-1.051546142543942,-0.8650475141262928,0.38701271051020303,False,-3.4526346884986374,1.9675486153176416,7.699156867602142e-10,
lognormal,5.0,1,2010,true,38,0.8483167470678638,7,2.90514447815389,14,0.3684210526315789,0.86,0,-0.17963134396577374,-0.42004742430551945,0.6744508093843768,False,0.5778579801131709,1.0613779689243186,6.181721801112872e-13,
lognormal,5.0,1,2011,discovered,128,0.9220729004594734,1,1.9273568852462628,128,1.0,0.0,0,-1.456670986211562,-0.905845775220351,0.36501748854748295,False,-5.352257275040186,2.4491239258797357,1.7901982118928572e-09,
lognormal,5.0,1,2011,true,52,0.8121955595213631,12,3.372819565093336,17,0.3269230769230769,0.88,0,-0.4188216000367704,-0.6606938712171214,0.5088086550049806,False,2.0554290333699177,0.6753397937585736,1.2512657576735364e-11,
lognormal,5.0,1,2012,discovered,170,0.9321931013279448,1,1.8191436422063652,170,1.0,0.02,0,-1.407713352900867,-0.8230069716100287,0.4105040288951137,False,-8.560254626815366,3.1993340886385053,9.413327006768668e-09,
lognormal,5.0,1,2012,true,71,0.7831160688532265,19,3.6518317829826388,17,0.23943661971830985,0.33,0,-0.5419867366128974,-0.6806825059933478,0.4960724080932506,False,2.7326356828734704,0.5496758154631401,1.1439738045737613e-12,
lognormal,5.0,1,2013,discovered,162,0.9259355305760061,1,1.8896398142689428,162,1.0,0.23,0,-0.319492744720522,-0.25868169940845404,0.7958808408235032,False,-21.252130242546777,4.554838655948935,5.7322438351548044e-08,
lognormal,5.0,1,2013,true,61,0.8009832671060998,12,2.7965522085206183,27,0.4426229508196721,0.61,0,-0.23272986843706356,-0.4910814550109754,0.6233688373877792,False,0.38484792484089186,1.289682727643476,1.7116974504460813e-10,
lognormal,5.0,1,2014,discovered,207,0.9221149053160896,1,1.8148455818632425,207,1.0,0.08,0,-0.19140608055954544,-0.12562187072150424,0.9000312497700025,False,-21.205841537471265,4.78517479888389,3.0131906214592163e-07,
lognormal,5.0,1,2014,true,73,0.7438965885307408,16,2.591429919256986,34,0.4657534246575342,0.16,0,-1.8164516020643302,-1.2006277464866615,0.22989563303528293,False,2.813183366501944,0.7530711737396988,8.498091119690798e-12,
lognormal,5.0,1,2015,discovered,404,0.940693870228682,1,1.8135946131420415,404,1.0,0.02,0,4.513084709146742,2.5020631601448016,0.012347189529126185,False,-533948.3596250208,729.0813560246897,0.0025933598435585736,
lognormal,5.0,1,2015,true,86,0.7641748755393899,73,3.559231689764485,15,0.1744186046511628,0.7,0,-0.09517737582443608,-0.3240954074314968,0.7458658037836841,False,2.4346517274231863,0.9975260140165388,3.943227966374252e-10,
lognormal,5.0,1,2016,discovered,303,0.9265842967347286,1,2.051516832439036,303,1.0,0.12,0,2.797861985845736,2.0846121320103714,0.03710452234541881,False,-726859.8829769243,742.9510522491034,0.0021298662022672943,
lognormal,5.0,1,2016,true,81,0.744607255139351,25,2.6920048943146195,35,0.43209876543209874,0.12,0,-1.3915733114230364,-1.001214035470946,0.31672334241415856,False,3.065021715198486,0.7971928735790705,2.3305801732931286e-12,
lognormal,5.0,1,2017,discovered,308,0.9040394452056012,1,1.6882383822148213,308,1.0,0.0,0,-4.9364952176258505,-1.5429744194750552,0.12283698265508237,False,-4.500559205164654,2.8022462417633807,9.314362614532001e-10,
lognormal,5.0,1,2017,true,89,0.7457415437563725,32,3.010021619431925,24,0.2696629213483146,0.39,0,-0.005522371903446732,-0.054070420724322076,0.9568790586030885,False,-14.39542472548127,3.0443474081421744,1.99539866230225e-05,
lognormal,5.0,2,2010,discovered,73,0.8834029732186827,1,1.9898980238137571,73,1.0,0.02,0,-0.2553979727117681,-0.26800183008379114,0.7886979100462691,False,-9.292997599809762,2.9559193574190017,7.349854058702476e-11,
lognormal,5.0,2,2010,true,36,0.8201218523962507,6,2.6473563107746028,19,0.5277777777777778,0.28,0,-0.39943450988934304,-0.5641469076578952,0.5726541568150918,False,0.9265506867009285,1.0314947457419879,4.18651779909851e-11,
lognormal,5.0,2,2011,discovered,102,0.9394626433426236,1,1.8798913543966402,102,1.0,0.38,0,-0.7710709792175232,-0.6123924957282477,0.5402781055886049,False,-9.033803028164233,3.1318347708330836,1.955442030521226e-09,
lognormal,5.0,2,2011,true,50,0.8520507539972423,7,2.3400157174089027,26,0.52,0.38,0,-0.8823890481894257,-0.8509982726256387,0.39477031233813475,False,1.5298844099867577,1.065523914922141,3.581135388230905e-12,
lognormal,5.0,2,2012,discovered,154,0.946543647524243,1,1.8031329203241122,154,1.0,0.15,0,0.6086618549445646,0.5444726301001576,0.5861162778124778,False,-57349.10383806099,240.20866845988826,2.113731716235634e-05,
lognormal,5.0,2,2012,true,63,0.8903533901036559,9,2.2382025131025225,27,0.42857142857142855,0.71,0,-0.400069628938839,-0.5998350000697242,0.5486162050155338,False,0.39932795420933787,1.5722522792090372,5.856293228134746e-11,
lognormal,5.0,2,2013,discovered,161,0.9220541435162136,1,2.0514970883809993,161,1.0,0.11,0,0.4996134565770052,0.5671143886025692,0.5706364677911857,False,-255357.53592499736,439.69310242694064,0.00021704132450395264,
lognormal,5.0,2,2013,true,64,0.8552452622770832,7,2.2022847121758855,32,0.5,0.06,0,-1.0683631996241738,-0.9445893801597708,0.344868550869334,False,1.453332825006577,1.1997621510293253,1.6999024410324637e-10,
lognormal,5.0,2,2014,discovered,230,0.9266078300130723,1,1.952625283203255,230,1.0,0.06,0,1.515857181061782,1.3290857170991996,0.18381969189429337,False,-446198.61736696487,612.500905808935,0.0007350901250902098,
lognormal,5.0,2,2014,true,82,0.8235136614220465,13,2.409919052176255,38,0.4634146341463415,0.29,0,-0.7553927229795878,-0.7473111558996466,0.4548757600045126,False,1.532012051028101,1.2380366221925603,6.179163847264135e-10,
lognormal,5.0,2,2015,discovered,354,0.9305023983657056,23,2.5831304626251193,24,0.06779661016949153,0.57,0,-0.16770976689004158,-0.415739353862205,0.6776007407933649,False,0.27662189814722427,1.5756468123625742,1.9510281390466844e-08,
lognormal,5.0,2,2015,true,91,0.7787109896938303,41,2.6459961769880658,24,0.26373626373626374,0.76,0,-0.05617882476941993,-0.25713611454525015,0.7970736992229611,False,-2.6140830902405687,2.1208904607729413,4.2945202949340455e-10,
lognormal,5.0,2,2016,discovered,324,0.9335498871538468,1,1.875642147790872,324,1.0,0.17,0,2.886915506505173,1.921089232574834,0.05472045883345917,False,-487360.2674823854,669.5752592226203,0.0016170041144505376,
lognormal,5.0,2,2016,true,91,0.8079789133177804,28,3.146817062740954,32,0.3516483516483517,0.91,0,-0.14567423169036875,-0.3928342952519625,0.6944418728077582,False,0.36070241613808296,1.3252820304264072,7.581775207654573e-10,
lognormal,5.0,2,2017,discovered,319,0.9358546566096305,1,1.8287370767689297,319,1.0,0.0,0,0.03345129846901429,0.01951091120047858,0.9844335328213917,False,-41.98485966008957,6.533319612018815,8.873065553416382e-07,
lognormal,5.0,2,2017,true,84,0.7787737835972287,21,2.284674204415645,38,0.4523809523809524,0.15,0,-1.3864163883611909,-1.0682740562330308,0.28539690770928916,False,2.7484370993136653,1.0863291993515796,3.610693966038525e-10,
lognormal,5.0,3,2010,discovered,69,0.902465523279307,1,1.8535009197170145,69,1.0,0.02,0,-1.6201989347440375,-1.055119652794094,0.29137060485924837,False,-2.248849957634949,1.9180788183542314,5.144329406903125e-12,
lognormal,5.0,3,2010,true,34,0.7707897898368274,7,3.1068891919128268,20,0.5882352941176471,0.63,0,-0.9198963228959092,-0.9089041554347154,0.3634007201367886,False,1.8905359533137047,0.5919436800897124,2.5771385026018834e-11,
lognormal,5.0,3,2011,discovered,119,0.9334748681954419,1,1.880265827759107,119,1.0,0.08,0,-0.7930005698640347,-0.5769998032867101,0.5639395884080649,False,-9.098453991835994,3.14100713778273,5.404757530413917e-09,
lognormal,5.0,3,2011,true,54,0.8505017467715962,3,1.7904287411769029,38,0.7037037037037037,0.01,0,-4.785832406900291,-1.9544195745784418,0.050651617626181256,False,1.8420594590119728,1.0430155893639197,5.3859139370615594e-12,
lognormal,5.0,3,2012,discovered,164,0.9306019034177114,1,1.9778882666581465,164,1.0,0.25,0,-1.0188028290121336,-0.7314277020679009,0.46451794973793326,False,-9.927517093529316,3.0619107179000293,1.6192416296689771e-09,
lognormal,5.0,3,2012,true,64,0.8528126777509014,27,4.386115588281186,10,0.15625,0.6,0,-0.0996395637601375,-0.2880928227220351,0.7732756864727532,False,2.3680484591042736,0.6482493274999453,8.007816632016329e-12,
lognormal,5.0,3,2013,discovered,133,0.9375394235918704,1,1.8242285259950295,133,1.0,0.01,0,-0.954291306356601,-0.6651968416202937,0.5059246003521105,False,-10.143360635486605,3.4230623481506934,7.904077392595354e-10,
lognormal,5.0,3,2013,true,48,0.8040577803801197,18,3.2765976274701516,15,0.3125,0.25,0,-0.149045238458549,-0.3586870100770026,0.7198292470884233,False,1.4897888991340804,0.9656327700630806,8.927969474825659e-11,
lognormal,5.0,3,2014,discovered,197,0.9206595246621954,1,1.7148748658385382,197,1.0,0.0,0,-0.7578734594930445,-0.3835091709747498,0.7013422716669632,False,-11.051048602061336,3.876666028713864,1.0302528608008288e-08,
lognormal,5.0,3,2014,true,71,0.8446114268309365,12,2.2939582275707178,37,0.5211267605633803,0.26,0,-0.3480514591909749,-0.518027019040105,0.6044394180386483,False,-0.3886237357007684,1.7845838101048834,4.615230864146724e-09,
lognormal,5.0,3,2015,discovered,341,0.9267864738966829,1,1.7106038791894638,341,1.0,0.0,0,3.2044406631120275,1.893257149074842,0.0583236807137748,False,-245980.41145083518,531.7973493890701,0.0006382065466823406,
lognormal,5.0,3,2015,true,90,0.8012026376181071,14,2.0544348423700596,63,0.7,0.06,0,-2.1648203497117997,-1.3043916137033917,0.19210009308893283,False,2.1698415545315877,1.3587315028625533,1.0206804290646687e-09,
lognormal,5.0,3,2016,discovered,315,0.9176554098129401,1,1.8537643584565502,315,1.0,0.0,0,1.6420890420865248,1.1462238745807418,0.25170253175891066,False,-71229.6839751122,259.1947782004979,5.867763138667215e-05,
lognormal,5.0,3,2016,true,90,0.6847228170760604,25,3.2809578650940194,33,0.36666666666666664,0.55,0,-0.39535742386612505,-0.5876584049041431,0.5567616001563742,False,2.066676073747021,0.9086834732835447,1.0928147275990341e-11,
lognormal,5.0,3,2017,discovered,264,0.92458338209328,1,1.720732755826574,264,1.0,0.0,0,2.7323624720962165,1.8426028956838443,0.0653870108360956,False,-312835.82060197974,595.2784271515873,0.000600163395574782,
lognormal,5.0,3,2017,true,82,0.7580989838603975,32,2.9727516187642498,28,0.34146341463414637,0.61,0,0.0025736967176186454,0.1576525683718796,0.8747305779221599,False,-27586.894756543188,117.65765277952212,6.591275450773537e-06,
lognormal,5.0,4,2010,discovered,66,0.9557251236450391,2,2.3257914592860094,38,0.5757575757575758,0.48,0,-0.13257166289070865,-0.2853675563274455,0.7753625608751709,False,-12.496029555864716,3.0854653620668246,2.390959252807079e-08,
lognormal,5.0,4,2010,true,28,0.9281632761874357,7,2.429688735052236,13,0.4642857142857143,0.53,0,-0.0262824069025962,-0.13161144363007224,0.8952916335608945,False,-5.22850000532214,2.3790908061986644,4.621824700734578e-09,
lognormal,5.0,4,2011,discovered,114,0.9077505702335371,1,1.976132537077188,114,1.0,0.03,0,-0.7994468277982376,-0.5969295613249195,0.5505544097585744,False,-8.34631866946926,2.8450417120456124,8.208189683500677e-11,
lognormal,5.0,4,2011,true,50,0.8177339511928804,7,2.5949656637553553,29,0.58,0.92,0,-0.13279152109645587,-0.3474337118747681,0.7282655104299858,False,-2.4180120722910114,1.8123197829177078,2.7991120532533387e-09,
lognormal,5.0,4,2012,discovered,170,0.9363172818938962,1,1.936409886714285,170,1.0,0.08,0,-0.34147899846581264,-0.2688830074424958,0.7880197136797588,False,-25.115742408825714,4.783140268292276,1.0315075087419245e-06,
lognormal,5.0,4,2012,true,63,0.8506029811666193,16,2.8472004771413175,17,0.2698412698412698,0.52,0,-0.16346419159753722,-0.36788882788236443,0.7129561310105563,False,0.9742485845635993,1.205675596107734,8.945733043219661e-11,
lognormal,5.0,4,2013,discovered,143,0.8854223670635811,1,2.1604521714671114,143,1.0,0.06,0,1.0791124731449844,1.5657348363608903,0.11741070718396063,False,-570892.8532042082,625.3283632024035,0.0005521207212950685,
lognormal,5.0,4,2013,true,57,0.7823705250661082,11,2.8766740849984656,25,0.43859649122807015,0.73,0,-0.6480526111393337,-0.7464245784949134,0.4554109764649592,False,1.8922573262499869,0.8410906006611325,7.432277016050648e-12,
lognormal,5.0,4,2014,discovered,244,0.9171955924432241,1,1.8883840897808446,244,1.0,0.02,0,1.176518218713193,0.962763301837526,0.33566632118425377,False,-131922.6500287539,345.36372209156866,0.00011360040753061185,
lognormal,5.0,4,2014,true,82,0.780254996162903,20,2.780059002988934,27,0.32926829268292684,0.21,0,-1.7579733256841923,-1.1523889978711097,0.24916125999990313,False,3.141040229597545,0.6213635405602569,1.1652900866465643e-12,
lognormal,5.0,4,2015,discovered,411,0.9179155715523958,1,1.9164000346395293,411,1.0,0.0,0,8.981869818022622,5.243668423335275,1.5741498195185584e-07,False,-989280.717168475,933.9565832180543,0.006023229347192682,
lognormal,5.0,4,2015,true,94,0.739216186534543,43,2.9106768422500355,32,0.3404255319148936,0.32,0,-0.6523065922835256,-0.7674176490769467,0.442833238415558,False,3.0669144363758427,0.9037308507380842,2.923172814917052e-10,
lognormal,5.0,4,2016,discovered,332,0.92814304739285,1,1.8418573173349553,332,1.0,0.0,0,1.8305504476844838,1.20035829189231,0.23000021977782015,False,-211856.49105170747,450.3923357034259,0.0002829707927958225,
lognormal,5.0,4,2016,true,82,0.7714365106862799,24,2.48242948777952,33,0.4024390243902439,0.46,0,-0.36195622535613214,-0.5372137969751909,0.5911199420554172,False,1.211557815897438,1.4463131015402457,1.8209789232059848e-10,
lognormal,5.0,4,2017,discovered,292,0.9253713986269572,1,1.7982568502758953,292,1.0,0.01,0,5.225904688845645,3.5330902374695237,0.0004107322527367851,False,-496195.3285989753,710.9295795541511,0.002602052679321787,
lognormal,5.0,4,2017,true,85,0.7277787679696265,18,2.412474277336526,46,0.5411764705882353,0.17,0,-1.3733816364119096,-1.0081955171151125,0.3133606095798309,False,2.4021091331353426,1.066626581213535,5.258016244624741e-12,
lognormal,5.0,5,2010,discovered,86,0.8762111355867183,4,3.4717946703743734,22,0.2558139534883721,0.8,0,-0.015644040857325514,-0.10040034145928764,0.920026498692186,False,-8.898501218995774,2.0255309375219888,6.732547319643345e-08,
lognormal,5.0,5,2010,true,34,0.8509523476367448,5,2.409257179300943,20,0.5882352941176471,0.69,0,-0.16043145989878482,-0.3362997371871495,0.7366448480923824,False,-1.2935514858518282,1.658538325224339,1.7706724975141697e-11,
lognormal,5.0,5,2011,discovered,96,0.9057062329881017,1,1.9606382796858493,96,1.0,0.02,0,0.032464499915715095,0.036873217455532736,0.9705860945945459,False,-22.694156147773334,4.499039655485722,1.2848012715949153e-06,
lognormal,5.0,5,2011,true,51,0.8251297668553196,11,2.706859623515596,15,0.29411764705882354,0.72,0,-0.08037756043702426,-0.3305241233268043,0.7410039680886085,False,-1.13807825919275,1.6145956401827504,8.127543082991906e-10,
lognormal,5.0,5,2012,discovered,186,0.9130128852724293,1,1.7964160521975667,186,1.0,0.15,0,-4.657462751036544,-1.8691010999499462,0.0616087500290756,False,-2.6296950304232802,2.1140823941615445,1.1795009413617663e-10,
lognormal,5.0,5,2012,true,72,0.7699696867318632,18,4.329490598137163,21,0.2916666666666667,0.33,0,0.0062191828092394985,0.3585998533040241,0.7198944565501435,False,-103552.2897129791,174.53980398352385,2.7533846150618047e-05,
lognormal,5.0,5,2013,discovered,151,0.9011727617529615,1,2.07534634750479,151,1.0,0.02,0,1.3507733094351344,1.6189884747430308,0.10544974291584155,False,-555070.4454741208,641.517864404143,0.0006776500549676712,
lognormal,5.0,5,2013,true,58,0.8376119695072335,19,2.8452726949038385,12,0.20689655172413793,0.46,0,-0.1385401844343832,-0.35706954217444864,0.721039745306551,False,1.4341014410810484,1.1416601819784313,3.377920165803516e-11,
lognormal,5.0,5,2014,discovered,238,0.925839999763582,1,1.7706917719703281,238,1.0,0.04,0,-3.8174173473079023,-1.5769720892660868,0.11480194738444614,False,-4.970966422416346,2.685971018996043,1.8411583369015716e-10,
lognormal,5.0,5,2014,true,79,0.7881417774248742,20,2.920726994577138,30,0.379746835443038,0.92,0,-0.004800735641805609,-0.05754639737458845,0.9541099475584068,False,-25.574781476355472,3.892222990687353,0.00019235851800658565,
lognormal,5.0,5,2015,discovered,354,0.923433470778726,1,1.7334036405489663,354,1.0,0.0,0,2.79819136963002,1.633747318505727,0.10231191821190173,False,-150730.90825794896,409.14491043132296,0.0002053772932413267,
lognormal,5.0,5,2015,true,92,0.755804463764612,20,2.2443688056036852,53,0.5760869565217391,0.26,0,-2.9763354805252287,-1.5740461351885622,0.11547678398044625,False,3.090094285996199,0.9481079500980528,2.162892087653745e-11,
lognormal,5.0,5,2016,discovered,315,0.9404783326525408,1,1.8621005053142894,315,1.0,0.11,0,2.3151183027637536,1.5444205521791612,0.12248648431320068,False,-483616.79487427033,672.3020427649132,0.0012333565891822218,
lognormal,5.0,5,2016,true,90,0.7640810273947471,30,2.817289994574576,27,0.3,0.21,0,-0.6652528202388321,-0.8824940221892582,0.3775097109918295,False,2.8612058435753873,0.887805273508845,2.8180124900245573e-11,
lognormal,5.0,5,2017,discovered,320,0.9223459543423361,1,1.8845035035783029,320,1.0,0.0,0,3.534199981061331,2.4951057816048743,0.012591958570685399,False,-531515.6624834202,695.8036763691351,0.001652728276894777,
lognormal,5.0,5,2017,true,89,0.7633345505492031,31,3.0592697894092775,29,0.3258426966292135,0.47,0,-0.6850483486650463,-0.7993936334935206,0.424062200879757,False,2.9242937295884657,0.7942683611471627,8.996892120194389e-11,
lognormal,5.0,6,2010,discovered,67,0.9226789021622095,1,2.0575210753945994,67,1.0,0.4,0,0.3101569750494072,0.5398187087451772,0.5893220635270461,False,-371441.2984301385,528.9610572041148,0.00019936744592996547,
lognormal,5.0,6,2010,true,36,0.8087773177921651,4,2.0879010587752536,24,0.6666666666666666,0.27,0,-2.72779735605319,-1.5494920875045282,0.12126347214048303,False,1.9031094559625363,0.7882805356796873,4.973799150320701e-13,
lognormal,5.0,6,2011,discovered,111,0.933086106816414,1,1.8904723542631732,111,1.0,0.51,0,-1.3976976311307936,-0.9813687000732544,0.3264109554388587,False,-5.657226793747916,2.5675272716560835,1.2935004178871168e-09,
lognormal,5.0,6,2011,true,46,0.7941487874815435,17,3.4632688286925464,13,0.2826086956521739,0.52,0,-0.19052687644429467,-0.40890444482598254,0.6826097869997308,False,1.9781192224646684,0.7834845500644472,1.8275159163749777e-11,
lognormal,5.0,6,2012,discovered,146,0.9301731453843232,1,1.8516436482868694,146,1.0,0.37,0,-0.822533418271477,-0.5996260849724003,0.5487554588229727,False,-12.40995258779716,3.6627229266388874,1.2697171314357547e-08,
lognormal,5.0,6,2012,true,53,0.8461668354000598,3,1.7250440875501236,45,0.8490566037735849,0.0,0,-4.802128630861304,-1.6874810909309959,0.09151088284854184,False,1.7697179289326197,1.2397688480652087,1.3812950783176348e-11,
lognormal,5.0,6,2013,discovered,117,0.859093828809457,1,1.948697739951831,117,1.0,0.0,0,1.4413994401636696,2.01144338245606,0.04427864492923629,False,-362103.89824469894,553.5126908776866,0.0004021103350169142,
lognormal,5.0,6,2013,true,56,0.7892522040826422,9,2.384203797051578,25,0.44642857142857145,0.26,0,-0.7756429182832676,-0.9488537070184748,0.34269502197002844,False,1.7042393674507754,1.0717056372499907,1.0557243967923569e-10,
lognormal,5.0,6,2014,discovered,233,0.9123876683623162,1,1.7693318133084706,233,1.0,0.0,0,0.7196838556419394,0.46574274663030246,0.6413996508132624,False,-34.51531946964812,6.208855822953942,1.5048873365230975e-05,
lognormal,5.0,6,2014,true,75,0.7997097175063562,25,2.8311098703644957,22,0.29333333333333333,0.18,0,-0.9668853015135301,-0.8348095855768756,0.40382492792265556,False,3.143301992439368,0.7085628305753504,5.644551492878236e-11,
lognormal,5.0,6,2015,discovered,405,0.9225153812683559,1,1.9169496234675028,405,1.0,0.0,0,7.5639557174440935,4.347981690490308,1.3739607115546604e-05,False,-957495.1812675794,917.9460599640562,0.005393418827225105,
lognormal,5.0,6,2015,true,88,0.7760063712860379,36,2.6071662982883708,33,0.375,0.14,0,-1.5302560929234659,-1.1403273435207144,0.25414995015999675,False,3.5414940582641417,0.791638604176711,3.439026841078885e-12,
lognormal,5.0,6,2016,discovered,307,0.9509261608030737,1,1.8148206881646172,307,1.0,0.61,0,-0.46043059490714455,-0.27100611145275655,0.7863863318392559,False,-53.14393233807175,7.38318365373796,4.723065569578466e-05,
lognormal,5.0,6,2016,true,87,0.7542700910716422,41,3.251189425321004,20,0.22988505747126436,0.95,0,-0.08352724877886697,-0.3041239405769412,0.7610334682181072,False,0.714084179300627,1.2955988684371318,4.697682243204326e-09,
lognormal,5.0,6,2017,discovered,298,0.9293870825674404,1,1.7385885008930897,298,1.0,0.03,0,-0.9476628692981919,-0.431018366670584,0.66645501587331,False,-14.635230864793726,4.289020494886098,2.3929601411509793e-08,
lognormal,5.0,6,2017,true,87,0.7939220635076587,26,2.737805360790701,30,0.3448275862068966,0.18,0,-0.2374786040993344,-0.4909230404242082,0.623480880374341,False,0.9581012556481361,1.3735060503046987,3.4470701848476892e-09,
lognormal,5.0,7,2010,discovered,75,0.9311265190217456,1,2.02002382031898,75,1.0,0.47,0,-0.6232794343694477,-0.6358253005952356,0.5248902949408538,False,-7.24528694365037,2.610461997066272,4.919940010950086e-10,
lognormal,5.0,7,2010,true,33,0.8935341542654835,10,3.0695502354102837,10,0.30303030303030304,0.75,0,0.024297569165486088,0.7075886073192469,0.47920076975223946,False,-218685.22626265438,319.9587200857274,7.574021765321959e-05,
lognormal,5.0,7,2011,discovered,120,0.9375013271527912,3,2.264804475974766,46,0.38333333333333336,0.58,0,-0.8754328445516002,-0.9411744008077464,0.3466154930084693,False,-0.49425146379609486,1.4315181581547995,6.500044946733397e-11,
lognormal,5.0,7,2011,true,51,0.8006721078562802,5,2.197600825393354,35,0.6862745098039216,0.03,0,-2.041207264825831,-1.304672758123882,0.19200430148621317,False,1.669089477653352,0.9610016890913522,7.105427357601002e-14,
lognormal,5.0,7,2012,discovered,165,0.9159841568298689,1,1.9566107519074154,165,1.0,0.14,0,1.13460918894241,1.2099185258563545,0.22631015771260587,False,-440651.290532269,607.3452239614116,0.00042628293977031717,
lognormal,5.0,7,2012,true,70,0.754481688888586,7,2.25763597343467,43,0.6142857142857143,0.32,0,-2.7795574190434422,-1.576490527951113,0.11491279998730083,False,2.1062163783915904,0.8785999883668918,2.268620846734848e-10,
lognormal,5.0,7,2013,discovered,125,0.9423498898646304,4,2.2225146505932303,46,0.368,0.57,0,-0.2667244659234065,-0.39906002443762206,0.6898489767127929,False,-3.460886223108362,2.184488848930151,8.662937034387141e-11,
lognormal,5.0,7,2013,true,48,0.8975162399029893,5,1.9487311723402967,34,0.7083333333333334,0.35,0,-1.0616335875726586,-0.9180781307614422,0.35857796321848456,False,0.7805047476906875,1.5786400011605368,3.856825969705824e-11,
lognormal,5.0,7,2014,discovered,254,0.9172750659396806,1,1.9373822945413872,254,1.0,0.01,0,1.894770969625613,1.6114463140025197,0.10708247960369256,False,-319118.525909962,522.4807975070346,0.0007703759965806967,
lognormal,5.0,7,2014,true,80,0.7682896964293798,18,2.7673480490245663,27,0.3375,0.16,0,-0.9033061364125858,-0.9008468304251186,0.36766976426712394,False,2.605695318030767,0.8131475253546948,1.2008172234345693e-11,
lognormal,5.0,7,2015,discovered,378,0.9294935864617745,1,1.8190837885512565,378,1.0,0.0,0,6.128990788730828,3.593760125039911,0.00032593992897405477,False,-711717.5508481081,839.6313555724823,0.0036672212390840286,
lognormal,5.0,7,2015,true,89,0.7051342581511226,49,3.1950215987149346,24,0.2696629213483146,0.58,0,-0.2752880516058309,-0.5099236804344506,0.6101049310835511,False,2.655100453034543,0.9584490432173269,2.531237441871781e-10,
lognormal,5.0,7,2016,discovered,310,0.936673001190226,1,1.7151972987891837,310,1.0,0.0,0,-2.946117319822772,-1.121673342303419,0.26200135496943866,False,-8.499061504372815,3.4736304196720638,1.8494574760552496e-09,
lognormal,5.0,7,2016,true,89,0.7850699975104402,45,3.240648468206361,16,0.1797752808988764,0.84,0,-0.08022663449779266,-0.31092118676929054,0.7558605374936955,False,1.2067621912745654,1.2288505417398887,2.1342430045478977e-09,
lognormal,5.0,7,2017,discovered,303,0.8946088912054173,1,2.0362900889414477,303,1.0,0.0,0,6.087104537155648,4.5487998844802355,5.395271783619076e-06,False,-812026.2173385404,793.1772162119099,0.004266899507456401,
lognormal,5.0,7,2017,true,83,0.7122115450224731,41,3.30940634881711,18,0.21686746987951808,0.58,0,-0.1770308616903531,-0.38593092907052967,0.6995478236863095,False,2.330438785413693,0.9592739119657772,2.5858071239781566e-09,
lognormal,5.0,8,2010,discovered,73,0.8895534186737759,1,2.025875470512041,73,1.0,0.03,0,0.09727691845833453,0.16426813119995912,0.8695200684857389,False,-46.15542682303203,6.086996577797351,1.0490573032484463e-05,
lognormal,5.0,8,2010,true,40,0.7518067352179114,8,3.442740199627375,16,0.4,0.11,0,-1.984087953273776,-1.354688212947845,0.1755169148615342,False,2.3512787158482373,0.3339782991632623,4.263256414560601e-14,
lognormal,5.0,8,2011,discovered,132,0.916276867005268,1,2.113329061687628,132,1.0,0.17,0,-1.5404501608674934,-1.062715850435285,0.28791083058464617,False,-4.135560543220032,1.9754953854486224,3.012701199622825e-11,
lognormal,5.0,8,2011,true,50,0.8433097826395407,8,2.3848640608729292,25,0.5,0.37,0,-0.8954816500642644,-0.8574394755876295,0.39120205064813385,False,1.7372940442781768,1.012588461149918,4.064304448547773e-12,
lognormal,5.0,8,2012,discovered,150,0.9281961043149701,1,2.0770453838823952,150,1.0,0.16,0,0.6059632176298746,0.6510175291873427,0.5150351714282625,False,-413987.9274017064,553.0632767934815,0.000484114495520771,
lognormal,5.0,8,2012,true,62,0.7606268602089262,21,3.413656206231601,18,0.2903225806451613,0.92,0,-0.35957616890201205,-0.6349391266973163,0.5254681173399913,False,2.46704892127917,0.7187926816311725,3.603872755775228e-11,
lognormal,5.0,8,2013,discovered,118,0.9176077502772385,1,1.9444542500824007,118,1.0,0.11,0,-0.7610973475230005,-0.6044688648567361,0.5455319632401875,False,-8.376290924609517,2.9069622798990467,7.6377943969419e-09,
lognormal,5.0,8,2013,true,50,0.7713304450812636,18,3.3961375361126094,14,0.28,0.76,0,-0.011171548968853529,-0.0946047416659871,0.9246287834267396,False,-5.080007946083601,1.893363441234157,1.6750718145885912e-08,
lognormal,5.0,8,2014,discovered,236,0.9104711435598719,1,1.9378324967784561,236,1.0,0.0,0,3.0122622456430306,2.609047613336016,0.009079460819533303,False,-658514.2762602491,751.1845401685879,0.0014586355428036768,
lognormal,5.0,8,2014,true,75,0.7301271229396491,24,2.8223584761008675,23,0.30666666666666664,0.76,0,-0.2727004242337001,-0.5365844272110327,0.5915547034018517,False,1.7103693177032009,1.1439080878586363,1.546069938740402e-09,
lognormal,5.0,8,2015,discovered,351,0.9382450860939753,1,1.7440689717746383,351,1.0,0.01,0,1.4135571140020637,0.7784680894724105,0.4362931116950419,False,-141.81149552767764,12.539645839911694,0.005765059447526255,
lognormal,5.0,8,2015,true,87,0.839758345164573,35,2.5384094976429847,28,0.3218390804597701,0.9,0,-0.066712745685364,-0.2557921336930533,0.7981113482970666,False,-3.2040566637956083,2.2662472858768887,1.3900117323828454e-07,
lognormal,5.0,8,2016,discovered,290,0.9301286663837486,1,1.8788260896845044,290,1.0,0.05,0,1.104044030857617,0.8018740375989222,0.42262582559240713,False,-196407.62371252116,423.7480212992554,0.0001508895838924218,
lognormal,5.0,8,2016,true,81,0.8517159739399713,12,2.0288853705908565,47,0.5802469135802469,0.04,0,-2.8993468897488905,-1.4294888512074189,0.15286377705187337,False,2.6586957579427577,1.10754864217256,2.006572685786523e-11,
lognormal,5.0,8,2017,discovered,309,0.9116864880782434,1,1.7803484230038322,309,1.0,0.02,0,2.5425239056323896,1.6813419213696756,0.09269651957705864,False,-206269.69683569553,463.00149857671477,0.00029814703248121077,
lognormal,5.0,8,2017,true,79,0.7222750155031528,42,3.567371957091895,20,0.25316455696202533,0.31,0,-0.39716707693910314,-0.6363918081879453,0.5245210788531672,False,3.2009437499245808,0.6781720619586559,1.4267698134062812e-11,
lognormal,5.0,9,2010,discovered,56,0.9103889675009206,1,2.0265686741371223,56,1.0,0.38,0,0.3174823259349484,0.6310134053137713,0.5280317593616308,False,-320056.32026980293,498.7308562181628,0.00013901875900046434,
lognormal,5.0,9,2010,true,32,0.7404763974391719,10,3.5148904112075408,12,0.375,0.12,0,-1.392152660060038,-0.9049469994939585,0.3654934661813394,False,2.5560269965318243,0.3367319143191695,6.217248937900877e-13,
lognormal,5.0,9,2011,discovered,94,0.946087355393642,1,1.870138884223299,94,1.0,0.08,0,-1.6125303875024741,-1.0335618269827294,0.3013410527741631,False,-4.080379844471908,2.303823215511217,9.773089004738722e-10,
lognormal,5.0,9,2011,true,40,0.7994971246751676,3,1.7389739697372126,33,0.825,0.02,0,-5.609605179902772,-2.1375610073710782,0.032552389292284496,False,2.071089557110339,0.969110284823155,2.523847797419876e-11,
lognormal,5.0,9,2012,discovered,142,0.9088034702876643,1,1.9598060246598858,142,1.0,0.09,0,0.9980616647264413,1.1892719806769674,0.23433265744613008,False,-355416.61954858573,544.5002754082219,0.00031248755658452865,
lognormal,5.0,9,2012,true,64,0.7808294569234681,9,2.461192205835688,33,0.515625,0.45,0,-0.9028595112332969,-0.881725183707692,0.3779254388572567,False,1.579027753827696,1.0664943001112637,2.7853275241795927e-12,
lognormal,5.0,9,2013,discovered,149,0.9388759572133714,1,1.9315425044678525,149,1.0,0.03,0,-1.4378565420677818,-0.914642790177284,0.36037918714620654,False,-7.327818356501021,2.770596949982489,1.605104671398294e-08,
lognormal,5.0,9,2013,true,63,0.8408612428250889,9,2.362055008424471,26,0.4126984126984127,0.26,0,-1.4526322963596225,-1.0748421930596368,0.282445386472855,False,2.2571512621306935,0.8619614232524718,9.464429240324534e-12,
lognormal,5.0,9,2014,discovered,219,0.9343055282443904,1,1.927477243916145,219,1.0,0.3,0,1.18753281294937,1.02053897696994,0.30747291368665897,False,-463882.08462529094,633.2640258199788,0.0007169979053287534,
lognormal,5.0,9,2014,true,73,0.838433593697356,21,3.0313247983501417,27,0.3698630136986301,0.12,0,-0.6646371309379044,-0.7739996806589337,0.438930980102607,False,2.555181279791647,0.7929930807673388,2.2239987629291136e-11,
lognormal,5.0,9,2015,discovered,426,0.9308491001275186,1,1.9162944633660226,426,1.0,0.02,0,5.697402669683498,3.2801455660916257,0.0010375353907596404,False,-950839.1233322404,914.0198613135711,0.0038527414681084338,
lognormal,5.0,9,2015,true,91,0.7285855689779716,66,4.04389621055977,16,0.17582417582417584,0.57,0,-0.4846192895593031,-0.6969236434503142,0.4858505803759329,False,3.9879372599731875,0.49069890942823857,1.6569856597925536e-11,
lognormal,5.0,9,2016,discovered,279,0.9273702983616823,1,1.7431856922123856,279,1.0,0.0,0,3.0019356633362833,2.001185694595318,0.04537238202073626,False,-368573.10308502236,635.645507132117,0.0008761477783991722,
lognormal,5.0,9,2016,true,84,0.7749180720072644,16,2.195423737456725,44,0.5238095238095238,0.01,0,-3.8672292973896445,-1.6909377283627998,0.09084869656578282,False,3.1715225719414253,0.8188209739797392,1.5916157281026244e-12,
lognormal,5.0,9,2017,discovered,302,0.9314368959647039,1,1.751498135748216,302,1.0,0.01,0,-2.055386489116053,-0.8661070049581908,0.38643148410438066,False,-10.167002518234723,3.6268141891106342,2.541082722018473e-08,
lognormal,5.0,9,2017,true,84,0.761573051459479,15,2.259985362454037,47,0.5595238095238095,0.23,0,-1.18625695192108,-1.0054642280412165,0.3146733661014751,False,1.9184634773662896,1.27554688492065,1.0149392437597271e-10,
lognormal,5.0,10,2010,discovered,61,0.9173381924625117,1,1.969982521131204,61,1.0,0.34,0,-0.10017232563073453,-0.14146479372014067,0.8875027708440337,False,-18.25862325083846,4.044383845265443,1.7718960521051486e-08,
lognormal,5.0,10,2010,true,35,0.8159266999078741,4,2.0045494964016153,21,0.6,0.0,0,-3.5157841255530538,-1.6555557490894766,0.09781181777025262,False,2.119414375396902,0.7120558603106436,2.984279490192421e-13,
lognormal,5.0,10,2011,discovered,103,0.9220206508812154,1,2.0064849408311227,103,1.0,0.39,0,-0.20222880796145826,-0.24041039742172451,0.8100121185622302,False,-26.684475985980765,4.72916476243293,2.1361902895478124e-06,
lognormal,5.0,10,2011,true,51,0.8382725310414505,11,2.758741878969537,19,0.37254901960784315,0.28,0,-0.12599046075561038,-0.4035786973736938,0.6865225533171688,False,-0.36316780903580836,1.4415974214746985,6.211564596014796e-11,
lognormal,5.0,10,2012,discovered,151,0.8966531628549034,1,2.1442801780461176,151,1.0,0.05,0,1.5220712691244191,1.924198732821785,0.05432967791520212,False,-689242.6212214183,692.5712269820525,0.0009861067946985713,
lognormal,5.0,10,2012,true,59,0.7685164905723012,6,1.9512681340726352,43,0.7288135593220338,0.0,0,-5.452054667698858,-1.9737685031188488,0.048408071801105984,False,2.4705015628499614,0.8692607926128951,3.26281224261038e-11,
lognormal,5.0,10,2013,discovered,118,0.9628985863895196,1,1.8385518249215538,118,1.0,0.51,0,-0.6420276728507764,-0.5327889477814775,0.5941796853696106,False,-28.916689973652236,5.432547328450801,3.988753013572932e-05,
lognormal,5.0,10,2013,true,51,0.8739352440383636,4,1.896720180294402,38,0.7450980392156863,0.04,0,-1.110194116105087,-0.9158638064576646,0.35973833219579887,False,0.39121205546787624,1.6957734296012734,2.0463630789890885e-12,
lognormal,5.0,10,2014,discovered,242,0.9321740793925453,1,1.8833044352646897,242,1.0,0.04,0,1.770807523848009,1.3984295389081087,0.16198411796340728,False,-453114.0636274585,642.3898903268478,0.0007605422961205477,
lognormal,5.0,10,2014,true,75,0.7787744251070575,12,2.268459991014383,46,0.6133333333333333,0.27,0,-0.5734161455209321,-0.6776162487743789,0.49801504089788695,False,0.3999806944418729,1.626217126032959,2.3001689442025963e-10,
lognormal,5.0,10,2015,discovered,410,0.9264098612658929,1,1.798439611779187,410,1.0,0.0,0,4.8830383100508925,2.7650565894494474,0.005691292160156124,False,-541906.3966436537,741.9196537013878,0.001927447608068178,
lognormal,5.0,10,2015,true,92,0.8186194667750176,19,2.1976990341453693,57,0.6195652173913043,0.16,0,-1.4364872476946147,-1.074329986201488,0.28267480995902106,False,2.1294914610483113,1.3414730314482768,2.7377495825930964e-09,
lognormal,5.0,10,2016,discovered,288,0.8986393784658298,1,1.78054472149895,288,1.0,0.02,0,1.6488659376244819,1.0898978245936644,0.2757581549935699,False,-109.29546198102224,10.75252041907019,0.004001387043217619,
lognormal,5.0,10,2016,true,82,0.7190052052537114,23,2.886136976059199,37,0.45121951219512196,0.63,0,-0.11145729534969373,-0.34592895305047094,0.7293961090299349,False,-1.5017718319858768,1.7127527992251832,5.115481371831265e-09,
lognormal,5.0,10,2017,discovered,333,0.9452826134561432,1,1.8096362269811386,333,1.0,0.0,0,-0.5069792442921734,-0.2640299131023336,0.7917568690388653,False,-29.86375460403977,5.629941098655362,5.387431656345143e-07,
lognormal,5.0,10,2017,true,83,0.8122385354229963,20,2.314597468280603,40,0.4819277108433735,0.62,0,-0.4930899116858516,-0.6466611567409801,0.517851267759796,False,0.9958718707745879,1.5761878266420477,3.5044251944782445e-09,
lognormal,5.0,11,2010,discovered,70,0.9373119951401788,1,1.97402024315848,70,1.0,0.08,0,-1.3285498417525563,-0.9867376947052856,0.323771245780175,False,-2.9033230585991614,1.8953082831734915,3.3494984563731123e-10,
lognormal,5.0,11,2010,true,36,0.8135642940176205,4,2.2146040692655604,23,0.6388888888888888,0.16,0,-1.2077032250635658,-0.9816910665555245,0.3262520678071882,False,1.3488609621602696,0.9789924715905128,4.689582056016661e-13,
lognormal,5.0,11,2011,discovered,90,0.9079636479717728,1,1.7588567298037698,90,1.0,0.01,0,0.25803801154302974,0.2553023013990579,0.7984896225703422,False,-23.984687523734706,5.2798322245125675,1.7256974160773098e-07,
lognormal,5.0,11,2011,true,47,0.7524566038897792,9,2.730321282689019,27,0.574468085106383,0.49,0,-0.7795399843774433,-0.8662305056012307,0.38636376753793633,False,1.7485393289084843,0.8746116839454352,2.0321522242738865e-12,
lognormal,5.0,11,2012,discovered,156,0.9454882399472914,1,1.9449258427720806,156,1.0,0.82,0,-0.09248413329308924,-0.09382351897506477,0.9252493486516367,False,-410.72252899476723,18.674577292545624,0.0002709816735091408,
lognormal,5.0,11,2012,true,57,0.8739231913476836,2,1.5984148205635509,53,0.9298245614035088,0.0,0,-7.052850879407288,-2.3723957802008213,0.017673148248852775,False,1.6350360030744284,1.3563663876425665,5.343281372915953e-12,
lognormal,5.0,11,2013,discovered,153,0.9083600592322821,1,1.9529791420881182,153,1.0,0.02,0,-0.3964209174026081,-0.33657289869456586,0.7364388890822402,False,-15.053167535655087,3.7403615279967886,3.1965669222699944e-08,
lognormal,5.0,11,2013,true,62,0.7539635638146062,6,2.1476859660929972,42,0.6774193548387096,0.02,0,-6.635370977651708,-2.3318203523129135,0.019710143890871404,False,2.434722190819063,0.6464295510611122,3.666400516522117e-12,
lognormal,5.0,11,2014,discovered,235,0.9174464697399514,1,1.8189903760913213,235,1.0,0.01,0,-0.8225483069964152,-0.4487544218170745,0.6536088211333735,False,-12.467974485357251,3.7582673382076144,2.182173375331331e-08,
lognormal,5.0,11,2014,true,80,0.7542334076576843,10,2.1883425983952347,51,0.6375,0.08,0,-1.9479744590794636,-1.017686366904095,0.30882702817850294,False,1.9854974622460286,1.1580001776943802,1.8073365026793908e-09,
lognormal,5.0,11,2015,discovered,421,0.9354612423251788,1,1.886437744440505,421,1.0,0.03,0,4.979909786464767,2.8312091606455887,0.00463723855098913,False,-328744.80911522295,546.7387818026446,0.003262989303948416,
lognormal,5.0,11,2015,true,90,0.7367781668493569,20,2.2004871520196136,57,0.6333333333333333,0.01,0,-2.84689242613037,-1.4524172364781676,0.14638562650335912,False,2.99528788178043,1.0292260449429653,3.126388037344441e-12,
lognormal,5.0,11,2016,discovered,317,0.9351155479078539,1,1.9107609895926012,317,1.0,0.03,0,3.0160041799681823,2.0909010675515636,0.03653693339527588,False,-568316.5801442747,708.3129578553348,0.0019085080684817513,
lognormal,5.0,11,2016,true,88,0.7899910268589506,11,1.9581361208170291,56,0.6363636363636364,0.06,0,-3.684639863152826,-1.7444394573795607,0.0810824897539981,False,2.6460394773426854,1.1564458137090314,4.1040948417503387e-11,
lognormal,5.0,11,2017,discovered,297,0.9370441446014852,1,1.810887826611696,297,1.0,0.02,0,1.3484520190866611,0.9030410571502991,0.3665041049477378,False,-159948.59820478695,399.1797092428255,0.0002808578929034411,
lognormal,5.0,11,2017,true,84,0.8316933855493759,17,2.2858322006165537,38,0.4523809523809524,0.39,0,-0.6277066953707262,-0.6814171689517708,0.4956075621579238,False,1.382726500492406,1.4543722301051716,2.688693712116219e-11,
lognormal,5.0,12,2010,discovered,63,0.9595467825890398,1,1.7544461459703158,63,1.0,0.57,0,-1.0790183841039869,-0.8059938957785899,0.4202463687927883,False,-5.378510655326767,2.8040859425803126,1.8701484805205837e-11,
lognormal,5.0,12,2010,true,29,0.9402408649350918,7,2.4433308377001195,11,0.3793103448275862,0.4,0,0.02853998375443645,0.6380859668593458,0.5234177209877499,False,-125262.45530544932,288.6828828502387,2.5186890525219496e-05,
lognormal,5.0,12,2011,discovered,116,0.9165761921354052,1,2.1146558579884034,116,1.0,0.42,0,0.3630032963825285,0.49418548464474776,0.6211751900166054,False,-271729.91018359206,440.16121484382074,0.00034121135558962123,
lognormal,5.0,12,2011,true,53,0.8253823420680744,15,3.4130784862096757,13,0.24528301886792453,0.93,0,0.006691087043551924,0.2876136772562065,0.7736424741445309,False,-109653.34844580933,210.7448946295375,2.1638155885739252e-05,
lognormal,5.0,12,2012,discovered,161,0.9286964810157855,1,1.8617038545985785,161,1.0,0.01,0,-0.4161079305135962,-0.3017792513320709,0.7628203489279171,False,-16.625544886002697,4.145671413382648,5.377859224608983e-08,
lognormal,5.0,12,2012,true,61,0.8080781972029274,11,2.582354209513215,29,0.47540983606557374,0.22,0,-0.26253511653753137,-0.4405668439221174,0.6595266106223974,False,0.17583287592318536,1.4278793422932294,2.6059865376737434e-10,
lognormal,5.0,12,2013,discovered,148,0.9384810299638392,1,1.8902499160904531,148,1.0,0.13,0,-2.9726463155930176,-1.4890730568101223,0.13646813181910816,False,-3.212919890421812,2.0855177297073455,1.2140048966102768e-09,
lognormal,5.0,12,2013,true,57,0.8539477097987445,6,2.1747303071570294,36,0.631578947368421,0.11,0,-0.6785852924747875,-0.7161361020519096,0.4739073136177153,False,0.3458790785365008,1.5195959705626665,5.523759227799019e-11,
lognormal,5.0,12,2014,discovered,231,0.9315922710773784,1,1.803762929916138,231,1.0,0.01,0,1.2438080229614226,0.9478857338471651,0.34318762835698746,False,-53567.39208603365,232.12566174975407,6.784230026823934e-05,
lognormal,5.0,12,2014,true,79,0.7262246741606869,23,3.1010920635851558,25,0.31645569620253167,0.19,0,-0.60772844566596,-0.6405822681639618,0.5217941231160268,False,2.6510006385450193,0.7711154236254412,1.0800249583553523e-12,
lognormal,5.0,12,2015,discovered,348,0.9284888400018073,1,1.702327142146567,348,1.0,0.0,0,2.787100629845888,1.569975561885682,0.11642079679264403,False,-73753.32312628865,292.9452653284917,0.0001660710622672923,
lognormal,5.0,12,2015,true,82,0.7298297729803167,45,2.930095239835942,27,0.32926829268292684,0.91,0,-0.45810185886318866,-0.6605152491907549,0.5089232359415502,False,2.9156171398281465,0.9546332754686622,4.4849457481177524e-11,
lognormal,5.0,12,2016,discovered,272,0.908173599016764,1,1.8543453975787356,272,1.0,0.0,0,6.147521491877936,4.469518833415573,7.839575640361825e-06,False,-9999.999792613238,97.46434610241967,0.0,
lognormal,5.0,12,2016,true,77,0.7466817578123619,21,2.5430920442768197,38,0.4935064935064935,0.17,0,-2.078100716117722,-1.271207001466614,0.20365501642386785,False,3.1058129632988596,0.7713018723477235,2.8421709430404007e-13,
lognormal,5.0,12,2017,discovered,301,0.9488814875854241,1,1.843434539417606,301,1.0,0.72,0,-0.027229030849790448,-0.01806702931367103,0.9855853804527769,False,-11577.157331584614,105.08497678687655,7.076641850289889e-07,
lognormal,5.0,12,2017,true,84,0.8101976173386676,30,2.818805989302841,29,0.34523809523809523,0.96,0,-0.01820102814123281,-0.13023007743342688,0.8963843988580747,False,-9.652568740976168,2.769967394488447,4.0350015240164794e-07,
lognormal,5.0,13,2010,discovered,61,0.9211737739561333,1,1.9035574332887764,61,1.0,0.38,0,-0.680739202301508,-0.625263464479844,0.531798154817609,False,-5.1123690440552645,2.4469048916195173,9.414065971213859e-09,
lognormal,5.0,13,2010,true,32,0.8528063485258327,8,2.6669276618533573,13,0.40625,0.72,0,-0.21060839497106132,-0.45157922363795716,0.6515721401614502,False,0.8853845846858641,1.1242740577011774,2.3845814212108962e-11,
lognormal,5.0,13,2011,discovered,112,0.9084508124520116,1,1.803463967240612,112,1.0,0.0,0,-0.11042766310406837,-0.08951725262090908,0.9286708430181513,False,-14.286801612452084,4.037556679332574,4.360254024504684e-08,
lognormal,5.0,13,2011,true,55,0.853282824209751,4,1.9949309126623813,38,0.6909090909090909,0.14,0,-3.2424379300157926,-1.61329363293604,0.10668072918332569,False,1.7616338005331287,0.9868088974082327,0.0,
lognormal,5.0,13,2012,discovered,155,0.923590727192197,1,1.8874962703032885,155,1.0,0.12,0,1.227696708104384,1.2639141260616917,0.20626085100392844,False,-479847.66157401656,659.5019824077132,0.0004787493262483622,
lognormal,5.0,13,2012,true,73,0.7619603818546105,21,4.18990153254296,14,0.1917808219178082,0.82,0,-0.18383228262977802,-0.4065863032167154,0.6843118586889672,False,2.301838154756732,0.6276858551318666,2.7853275241795927e-12,
lognormal,5.0,13,2013,discovered,149,0.8993501862626407,1,2.0750957383801607,149,1.0,0.02,0,1.2277988094532266,1.5238192040004737,0.1275538809470692,False,-449183.68510668597,577.0763154070243,0.0005779981356681674,
lognormal,5.0,13,2013,true,53,0.7822477022241272,17,3.4837066865018724,17,0.32075471698113206,0.29,0,-0.03954344411112576,-0.17100998968845593,0.8642159106703501,False,-1.188812398233348,1.3705004280092894,9.571863301971462e-10,
lognormal,5.0,13,2014,discovered,227,0.9144638404411578,1,1.7895607886379727,227,1.0,0.03,0,-0.6066525941382928,-0.3323282365607715,0.7396414206582751,False,-13.326026012245471,3.9554405095307046,1.4284182725532446e-09,
lognormal,5.0,13,2014,true,70,0.808556638414543,22,3.1945974569960596,23,0.32857142857142857,0.88,0,0.003943478839232739,0.17611720806463058,0.8602018621472494,False,-92173.27480328632,203.37475628072715,3.312606531835627e-05,
lognormal,5.0,13,2015,discovered,370,0.9252726427254429,12,2.3337696850212906,52,0.14054054054054055,0.56,0,-0.5522022336690524,-0.802419458527502,0.4223103608946247,False,0.08466872574167347,1.644794146767746,1.5990337942639599e-09,
lognormal,5.0,13,2015,true,87,0.7862738142285445,14,1.9970436852156377,59,0.6781609195402298,0.07,0,-3.1480172115461182,-1.71372773749451,0.086578740252501,False,2.6879103814912786,1.2106749719247645,9.094947017729282e-13,
lognormal,5.0,13,2016,discovered,275,0.9240573218587872,1,1.7972291523727095,275,1.0,0.01,0,3.260090384323636,2.2945409304617663,0.021759446811196032,False,-289398.7327677475,542.6273572972277,0.001251854723705037,
lognormal,5.0,13,2016,true,82,0.753789878328187,44,4.089798605050103,19,0.23170731707317074,0.74,0,-0.24215153144409207,-0.5049417984420027,0.6135997152427368,False,3.0024933481012925,0.6560638848502179,1.2022383089060895e-11,
lognormal,5.0,13,2017,discovered,301,0.9286066235533018,1,1.8030606485656986,301,1.0,0.09,0,1.9460402192248463,1.3064646217507403,0.19139460246406415,False,-316087.0144593817,564.2996276853999,0.0006273014014368528,
lognormal,5.0,13,2017,true,90,0.7757948478199695,30,2.837464535200131,28,0.3111111111111111,0.2,0,-0.385849975306634,-0.708851221833788,0.4784168075935802,False,2.1714806063967576,1.0795990234437436,1.453770437365165e-11,
lognormal,5.0,14,2010,discovered,65,0.9114936720712695,1,2.202314878143971,65,1.0,0.14,0,-2.142871209731849,-1.3802511207197226,0.16750933901750398,False,-0.6523662939432796,1.090558305573286,5.7269744502264075e-12,
lognormal,5.0,14,2010,true,35,0.8466342133339395,3,2.000537426590181,28,0.8,0.08,0,-1.873787125440673,-1.137939025614165,0.25514594403139146,False,1.2467468910785648,1.0783880958618466,4.831690603168681e-13,
lognormal,5.0,14,2011,discovered,107,0.9396937174191353,1,1.918479313290296,107,1.0,0.25,0,-0.3765781044798444,-0.3564054148948651,0.721536974778761,False,-19.581946004711305,4.305944940997144,9.793086519493954e-08,
lognormal,5.0,14,2011,true,42,0.8775763486271978,11,2.5399470885864592,15,0.35714285714285715,0.41,0,-0.09686977879015135,-0.2828756351372208,0.7772721724248426,False,-1.148481259372761,1.7223115145196584,7.899103593445034e-11,
lognormal,5.0,14,2012,discovered,171,0.9393017322538946,1,1.8944514734302103,171,1.0,0.2,0,-2.766229526574433,-1.3843371409243543,0.16625524653426382,False,-4.258834279752631,2.297776244138885,1.779199010343291e-11,
lognormal,5.0,14,2012,true,69,0.8196649160492202,11,2.6989378820730368,28,0.4057971014492754,0.09,0,-0.6778578981351098,-0.8603198313122095,0.38961276405954914,False,1.7614001291082089,0.9550177477014401,1.56035184772918e-11,
lognormal,5.0,14,2013,discovered,167,0.9389870111984804,1,1.9465257666701417,167,1.0,0.22,0,-1.0807733303894302,-0.7189296576097667,0.4721842619386255,False,-10.940204895357027,3.255688866491487,2.0450329429877456e-08,
lognormal,5.0,14,2013,true,67,0.8634644366841425,10,2.3912990929717104,22,0.3283582089552239,0.32,0,-0.5985738641617138,-0.7054622060461595,0.4805226438299496,False,1.661774408663134,1.1208504656220422,1.5631940186722204e-13,
lognormal,5.0,14,2014,discovered,228,0.889567691317694,1,2.0836061437494284,228,1.0,0.0,0,4.081353779998814,3.849879014476464,0.00011817618407944213,False,-933777.948431062,830.6177470181096,0.0027079396832050406,
lognormal,5.0,14,2014,true,78,0.7068771390412534,23,3.6541640305432357,26,0.3333333333333333,0.87,0,-0.04762005839134176,-0.2521552124151719,0.800921095004123,False,-1.5944729759899683,1.4194765317062044,1.6628717958155903e-08,
lognormal,5.0,14,2015,discovered,374,0.9291675197677532,1,1.7441807140617291,374,1.0,0.03,0,3.4641628414893955,1.96645133044862,0.04924649905345352,False,-380737.09582649387,645.4137849671743,0.0011757716029023868,
lognormal,5.0,14,2015,true,86,0.7722670529330715,46,3.197126399672086,32,0.37209302325581395,0.09,0,0.006262289101192309,0.38112388533921954,0.7031113246429482,False,-49296.356139424934,149.25231510571405,0.00014330376689031255,
lognormal,5.0,14,2016,discovered,276,0.9228994916430295,1,1.7587237802708995,276,1.0,0.0,0,-1.4382658532560146,-0.6443985325232852,0.5193170358968767,False,-10.562018033243042,3.6649013373122523,1.3863211734133074e-07,
lognormal,5.0,14,2016,true,85,0.8802716575142916,11,2.1655089968090864,51,0.6,0.24,0,-0.46878412522622526,-0.6527973463940702,0.5138869345874846,False,-0.8527704920378516,1.9930692597893296,5.397851055022329e-10,
lognormal,5.0,14,2017,discovered,310,0.9344610649321029,1,1.732914363714009,310,1.0,0.01,0,1.9247451961859294,1.2069616728009647,0.22744690465510875,False,-114548.23023566997,356.70343633525755,0.0001633543797652237,
lognormal,5.0,14,2017,true,89,0.7904980580538936,39,2.9980254812702083,18,0.20224719101123595,0.34,0,-0.06671141955070503,-0.24864633991751767,0.8036343598563622,False,-0.07414738990093181,1.5200360461285587,2.5759646860024077e-08,
lognormal,5.0,15,2010,discovered,57,0.906956627059419,1,1.968990170391991,57,1.0,0.07,0,-0.22975126772561483,-0.31004500927354844,0.7565267291707347,False,-11.290710190508483,3.257734221506062,5.2996441013419826e-08,
lognormal,5.0,15,2010,true,34,0.7912730245612398,10,3.2953574241014043,13,0.38235294117647056,0.45,0,-0.22012452937428795,-0.4197087939404662,0.6746982001105446,False,1.4851966777477008,0.8056920392865675,1.3443468560581096e-11,
lognormal,5.0,15,2011,discovered,127,0.9156394280869149,1,1.8086923678997349,127,1.0,0.0,0,-2.523363646879596,-1.3026948215149559,0.19267897069728257,False,-3.3309600763001637,2.257362813063926,2.0890524865535554e-09,
lognormal,5.0,15,2011,true,61,0.7998458616934824,11,3.353490332285376,16,0.26229508196721313,0.89,0,-0.08218808545141432,-0.28929003389571334,0.7723594382336634,False,-0.20758626300614497,1.1763821156987269,4.761560035149159e-10,
lognormal,5.0,15,2012,discovered,155,0.9216866615464413,1,1.9799800413337405,155,1.0,0.06,0,1.9563298954776212,2.064461773973916,0.038973954661121794,False,-764096.5146338325,790.7822647288357,0.0012075480108251213,
lognormal,5.0,15,2012,true,64,0.7908842526593565,7,2.006227310302181,38,0.59375,0.02,0,-4.461257065491674,-1.9699655100965114,0.04884232349903297,False,2.5567814873142964,0.8525092388343031,7.105427357601002e-13,
lognormal,5.0,15,2013,discovered,121,0.903595400512873,1,1.9571150722037187,121,1.0,0.08,0,1.1730196806915276,1.5242904580258803,0.12743616972241914,False,-406329.33954843157,583.3788524430062,0.0004299666234146571,
lognormal,5.0,15,2013,true,57,0.7543121430053702,17,3.463341933120875,13,0.22807017543859648,0.67,0,-0.36898264624739596,-0.5801628357261329,0.561804813100953,False,2.530446188157743,0.6175326142410605,3.979039320256561e-13,
lognormal,5.0,15,2014,discovered,246,0.9367393301960573,1,1.947629504884342,246,1.0,0.36,0,0.0618855080428693,0.049411698338857994,0.9605912056243963,False,-166.6283224914111,11.914195161839626,0.0019884220304220435,
lognormal,5.0,15,2014,true,80,0.7651132948689937,13,2.377486203440515,43,0.5375,0.31,0,-2.8517334429030634,-1.5196567163133332,0.12859727538904572,False,2.7512881521874872,0.7975231725152673,1.1084466677857563e-12,
lognormal,5.0,15,2015,discovered,341,0.9482522618097513,1,1.8131951505694406,341,1.0,0.03,0,3.968616000391904,2.3047342558340915,0.021181461131539667,False,-555244.2958898175,743.8430697676972,0.0031497785757892416,
lognormal,5.0,15,2015,true,81,0.7819701896493134,26,2.167605821810453,39,0.48148148148148145,0.03,0,-3.118967077925286,-1.6430173900124914,0.10037933530476716,False,3.620418195270389,0.8744372090984625,5.147171577846166e-11,
lognormal,5.0,15,2016,discovered,309,0.9366549485561648,1,1.813615843590209,309,1.0,0.02,0,1.4873463866686905,0.9819080554923496,0.32614514685165386,False,-194267.30067507635,439.15736721277807,0.00029470069421222433,
lognormal,5.0,15,2016,true,89,0.784313827997883,23,2.6742939342240293,34,0.38202247191011235,0.64,0,-0.569543519405447,-0.7450478823635516,0.45624277407128333,False,2.0718431847565766,1.1055422246748805,5.701394911739044e-11,
lognormal,5.0,15,2017,discovered,300,0.9497851711026927,1,1.7347599033018355,300,1.0,0.14,0,-1.0870874841363722,-0.5276690249118122,0.5977290756886897,False,-21.069913847280766,5.063300888140609,8.794984296400798e-08,
lognormal,5.0,15,2017,true,86,0.769454281969801,62,4.202942355746482,10,0.11627906976744186,0.77,0,-0.064592250593841,-0.2713682174171678,0.7861078440283189,False,2.6610901683771737,0.793088547397638,2.3426878215104807e-09,
lognormal,5.0,16,2010,discovered,83,0.9346970499017394,1,1.9431098253161976,83,1.0,0.1,0,-2.7103146003241774,-1.4901830349670289,0.1361761158562682,False,-1.2927881601553515,1.528738123920704,2.7853275241795927e-12,
lognormal,5.0,16,2010,true,36,0.8287033389893341,8,2.762267153389413,12,0.3333333333333333,0.42,0,-1.1710745537724692,-1.0616406046388964,0.2883988728064666,False,2.3773941895687405,0.5215674936558511,5.9259264162392356e-12,
lognormal,5.0,16,2011,discovered,112,0.9532098276512154,1,1.819530116580012,112,1.0,0.05,0,-2.699056973882892,-1.405549716258536,0.1598578764721582,False,-3.0940750154863594,2.1801765273755596,1.3411636246019043e-09,
lognormal,5.0,16,2011,true,51,0.8760665066465828,3,1.8179305585170302,37,0.7254901960784313,0.03,0,-3.4876665455233358,-1.6908182874642745,0.09087151334294152,False,1.599438254973191,1.1526273035135115,9.805489753489383e-13,
lognormal,5.0,16,2012,discovered,170,0.924548992104498,15,3.083513524500186,15,0.08823529411764706,0.64,0,-0.10308735660940727,-0.3673878839193314,0.7133297079213659,False,0.4553603328718292,1.2064251399732926,1.0957990070892265e-10,
lognormal,5.0,16,2012,true,69,0.786003638473417,19,3.6518957323544945,16,0.2318840579710145,0.86,0,-0.028272252022714994,-0.1789665657405439,0.8579639544828788,False,-1.8315669930154552,1.4236372536915771,2.4510171670044656e-09,
lognormal,5.0,16,2013,discovered,142,0.8954171974557346,1,2.1389716447589495,142,1.0,0.25,0,1.1722126784010096,1.519071337372289,0.1287445405154112,False,-676065.669162902,687.2903795950402,0.0007648203309145174,
lognormal,5.0,16,2013,true,58,0.7210337772466825,20,4.452435342884011,15,0.25862068965517243,0.67,0,-0.3495078305483883,-0.6526024584745129,0.5140126002222016,False,2.6865680545676573,0.4724678090024723,1.0729195309977513e-12,
lognormal,5.0,16,2014,discovered,220,0.948311405796147,1,1.816582289700289,220,1.0,0.2,0,-1.4258186938379893,-0.7801156899177041,0.43532278199461294,False,-13.063351991425618,3.840087644340734,1.4191982700140215e-08,
lognormal,5.0,16,2014,true,76,0.8213241049427703,31,3.2459984253062824,15,0.19736842105263158,0.99,0,-0.0636205786348123,-0.2709976405884054,0.7863928469238235,False,0.43209544979707226,1.2956843523420891,3.9185010791698005e-09,
lognormal,5.0,16,2015,discovered,323,0.9435679723490844,1,1.6897466847781266,323,1.0,0.03,0,1.6143708612318584,0.8818609106065565,0.37785202784696115,False,-190.70460094275904,15.126998586221312,0.005367146148728352,
lognormal,5.0,16,2015,true,83,0.8262178912098318,11,1.947324082322112,59,0.7108433734939759,0.16,0,-2.1428827119375304,-1.1569055187288075,0.2473109637511577,False,1.9249080872365125,1.4882005505514697,2.5630697564338334e-10,
lognormal,5.0,16,2016,discovered,299,0.9344078270108951,1,1.775800600638039,299,1.0,0.19,0,0.6136986251440959,0.3644040665941569,0.7155562992326339,False,-69.16892697475781,8.622715225442795,0.0006957018039202012,
lognormal,5.0,16,2016,true,88,0.7544985963356304,27,2.9914283581129424,32,0.36363636363636365,0.94,0,-0.5838782833451077,-0.7859481886953372,0.43189784147386334,False,2.503123598250374,0.9014902465549864,6.88089585310081e-11,
lognormal,5.0,16,2017,discovered,338,0.9243955978486824,1,1.8572002290711531,338,1.0,0.01,0,3.2527761397251638,2.1525008428105954,0.03135792897341898,False,-248073.49413570453,483.15346107020264,0.0012590065935000894,
lognormal,5.0,16,2017,true,91,0.7088297842347534,45,3.6938375202627225,14,0.15384615384615385,0.71,0,-0.005737784949296554,-0.07858313626527211,0.9373642013637176,False,-8.332266390383905,2.175804706278182,2.052809975339187e-07,
lognormal,5.0,17,2010,discovered,73,0.8377899330744036,1,1.9403943538801238,73,1.0,0.0,0,0.3027184416065467,0.43354857297868493,0.6646162864993763,False,-29.809385530564988,5.179084159218426,9.7045300009313e-06,
lognormal,5.0,17,2010,true,33,0.8568659136134571,10,3.0226401444919024,11,0.3333333333333333,0.47,0,-0.05647421033265587,-0.27794995167557757,0.7810507781563726,False,-0.7435427287348393,1.3699418601121682,3.9197800560941687e-10,
lognormal,5.0,17,2011,discovered,123,0.8961476619170161,1,2.0944728873377514,123,1.0,0.17,0,0.6892248178554503,0.980864462316167,0.3266595844004627,False,-265121.5690760222,439.1043670057592,0.0004188223838355043,
lognormal,5.0,17,2011,true,54,0.7872779323767887,8,2.508188169867561,27,0.5,0.09,0,-1.6305219672259574,-1.0839573364437551,0.27838371561043507,False,2.1771237395968552,0.7528524835935013,6.252776074688882e-13,
lognormal,5.0,17,2012,discovered,161,0.9209856705743596,1,1.8337374843487744,161,1.0,0.07,0,0.3788363461338031,0.3388092679035231,0.7347534190246884,False,-57.59145139751239,7.584703289305602,1.102313319734094e-06,
lognormal,5.0,17,2012,true,57,0.8336851535511547,12,2.3705871387389488,24,0.42105263157894735,0.26,0,-1.032971564626353,-0.893737565532159,0.37146232118673306,False,2.3383379406272473,0.9553055252581428,2.9328361961233895e-10,
lognormal,5.0,17,2013,discovered,125,0.9132828145829733,1,1.8387243326253544,125,1.0,0.02,0,-0.021210063732372664,-0.017801652865326065,0.9857970861737765,False,-18.20265289850302,4.389646325082118,8.017195796128362e-09,
lognormal,5.0,17,2013,true,57,0.7891137276518546,16,3.4039948600875007,17,0.2982456140350877,0.1,0,-0.5928281088686624,-0.6998059082254195,0.484048524520029,False,2.5911561019284157,0.5852567266159604,8.100187187665142e-13,
lognormal,5.0,17,2014,discovered,208,0.9226659653811053,1,1.8052591343308038,208,1.0,0.03,0,2.6555230812682513,2.161004080362116,0.030695024222206352,False,-602196.8934211836,778.7348677341556,0.001157164938376809,
lognormal,5.0,17,2014,true,70,0.7341058944630843,11,2.2916806036166992,47,0.6714285714285714,0.11,0,-2.195179419130079,-1.427211754317645,0.1535188674215216,False,2.3192279012312813,0.9795276172463241,1.0174971976084635e-11,
lognormal,5.0,17,2015,discovered,331,0.9189751994447889,1,1.6575536814678737,331,1.0,0.0,0,1.1928180045918175,0.5294282022640745,0.5965084384828532,False,-25.43766398731308,5.895970647161511,5.606964350590715e-07,
lognormal,5.0,17,2015,true,86,0.7742585236055306,34,2.7914393047031107,32,0.37209302325581395,0.77,0,-0.013265746484546703,-0.09243379076512118,0.9263533931902749,False,-12.614316503621442,3.085444271109639,3.971708508743177e-07,
lognormal,5.0,17,2016,discovered,292,0.9244315776305008,1,1.9117956742970144,292,1.0,0.03,0,2.740092654017726,2.031917382862774,0.04216202045631426,False,-477794.2292592069,649.002271484084,0.0014442251094806124,
lognormal,5.0,17,2016,true,79,0.8158981056735931,22,2.688454084288507,36,0.45569620253164556,0.49,0,-0.8418023467709892,-0.8727616658917947,0.3827929980842375,False,2.444358189626813,0.9739972809808529,7.077005648170598e-12,
lognormal,5.0,17,2017,discovered,323,0.9175936129579116,1,1.8174943281678528,323,1.0,0.0,0,3.6504649309869937,2.4391185237077955,0.014723138401124871,False,-184013.18795954576,426.88567284886045,0.0012558826401800616,
lognormal,5.0,17,2017,true,88,0.7426922933484518,37,3.413653894389137,24,0.2727272727272727,0.27,0,-0.13039298073342387,-0.3545215124839425,0.7229480849598987,False,1.337637622569261,1.1134881974479436,1.0481926437932998e-10,
lognormal,5.0,18,2010,discovered,64,0.8423214834178705,1,2.1936140779003876,64,1.0,0.0,0,0.5969232306247212,1.442957050842988,0.14903257034348524,False,-404077.3228173354,518.6480043951811,0.0002587015451354091,
lognormal,5.0,18,2010,true,36,0.7957923802550542,6,2.847314957664029,21,0.5833333333333334,0.79,0,-0.46180064563330037,-0.6744503391363474,0.500025048155888,False,1.0758966479518577,0.902182830565198,3.0269120543380268e-12,
lognormal,5.0,18,2011,discovered,110,0.9202860946526012,1,1.9993185151736859,110,1.0,0.49,0,0.34081612869731304,0.46121459064881287,0.6446446546318363,False,-143760.45000943984,338.80843516946845,0.0001401048875777633,
lognormal,5.0,18,2011,true,46,0.9040186318372202,6,2.2711397757586744,24,0.5217391304347826,0.32,0,-0.23017926927414045,-0.412818227013799,0.679739796222967,False,-1.0677188037591192,1.775569837554397,9.691802915767767e-12,
lognormal,5.0,18,2012,discovered,156,0.9226314881620542,1,1.9511125513251888,156,1.0,0.14,0,0.8304989292770015,0.9090261997685652,0.3633362962697182,False,-387484.6731951081,571.1370398740714,0.0004114388220841647,
lognormal,5.0,18,2012,true,69,0.8143947880592672,14,2.9927204635771614,25,0.36231884057971014,0.66,0,-0.3913557339755096,-0.5738836620593122,0.5660465296200885,False,1.6491139361907752,0.9484773689754388,6.608047442568932e-12,
lognormal,5.0,18,2013,discovered,130,0.92996632055618,1,1.9373178689390662,130,1.0,0.17,0,0.8919632267295556,1.0323198309583288,0.30192231403785286,False,-367938.6142004491,561.0075581842007,0.00045047827006783336,
lognormal,5.0,18,2013,true,56,0.8001247685556581,10,2.7561400917463366,29,0.5178571428571429,0.77,0,-0.20240217641416525,-0.47476660711428376,0.6349533367250467,False,-0.3802444911489824,1.424979196542515,9.350742402602918e-12,
lognormal,5.0,18,2014,discovered,223,0.9415561090445211,1,1.846527208768915,223,1.0,0.14,0,1.794834092316135,1.403964228461144,0.1603295018932689,False,-377285.60122347856,599.6444942039001,0.0008462123723802506,
lognormal,5.0,18,2014,true,81,0.7813550550752922,12,2.291516753112732,44,0.5432098765432098,0.43,0,-1.1056329900431305,-1.0578372361991224,0.2901296534355111,False,1.68438127550413,1.2491512087209855,2.1600499167107046e-12,
lognormal,5.0,18,2015,discovered,416,0.9197324382287675,1,1.7727278446748012,416,1.0,0.0,0,7.009213476628071,3.894361175119678,9.845785879429391e-05,False,-591694.8056753671,789.8033890287589,0.003761796615435742,
lognormal,5.0,18,2015,true,95,0.7144207568432065,58,3.680451097310908,23,0.24210526315789474,0.64,0,-0.013629913941098692,-0.11592096494246928,0.9077151800860285,False,-5.679342033502205,1.9690798135897185,1.8575460387637577e-06,
lognormal,5.0,18,2016,discovered,308,0.9087555319474203,1,1.9997817226969534,308,1.0,0.0,0,5.07172768804595,3.7215007338499446,0.00019804229019428817,False,-891544.9806333208,846.0415285725386,0.003355793589435052,
lognormal,5.0,18,2016,true,83,0.7137732582026772,43,4.008258701434502,18,0.21686746987951808,0.39,0,-0.4049834230937126,-0.6139982293972129,0.5392164972372777,False,3.387041917310869,0.5527838412694621,6.603784186154371e-11,
lognormal,5.0,18,2017,discovered,314,0.9259233513652723,1,1.7277712721681435,314,1.0,0.0,0,1.3822570700987526,0.775961442823581,0.437771752085948,False,-70.64671843607971,9.028158523084064,0.0004231370164688997,
lognormal,5.0,18,2017,true,88,0.7921924831036405,56,3.778304988865179,12,0.13636363636363635,0.67,0,-0.27877995468983885,-0.5013268256088028,0.6161411289739485,False,3.6427338933782076,0.592339148713365,1.3216094885137863e-11,
lognormal,5.0,19,2010,discovered,77,0.8939140566696955,1,2.200636759027829,77,1.0,0.37,0,0.16269447859382485,0.3385197675792929,0.7349715331057326,False,-186414.81236834146,350.7154466009469,5.1410710511845537e-05,
lognormal,5.0,19,2010,true,39,0.8061561232024788,11,4.13050554495708,10,0.2564102564102564,0.56,0,-0.3124011513998579,-0.5651136899380269,0.5719964375089128,False,2.2100345389458678,0.4633506162250321,6.110667527536862e-13,
lognormal,5.0,19,2011,discovered,123,0.891080888856372,1,2.0605248032514276,123,1.0,0.05,0,-0.20542304014949947,-0.23223536425647462,0.8163552117877254,False,-18.404876288010957,3.8615450763173054,5.224744370480039e-07,
lognormal,5.0,19,2011,true,52,0.7384632380928556,11,3.564466365867233,22,0.4230769230769231,0.34,0,-0.6878367114063335,-0.8534609858030013,0.3934037141636746,False,2.1577277092405334,0.5697821223725882,4.050093593832571e-13,
lognormal,5.0,19,2012,discovered,162,0.9265240621178715,1,2.0243449416382684,162,1.0,0.2,0,-0.5144731858648122,-0.46378673890006844,0.6428005452457651,False,-20.199550574799744,4.109313980595953,1.5107127637747908e-07,
lognormal,5.0,19,2012,true,66,0.8306370443128861,12,2.6228250544256233,27,0.4090909090909091,0.41,0,-0.20496018814648043,-0.34882575066764265,0.7272201300162346,False,-0.29067870269517565,1.5221221486840342,3.5695393307833e-09,
lognormal,5.0,19,2013,discovered,125,0.9180628093179487,1,1.745364602006535,125,1.0,0.0,0,-3.0348567631065073,-1.3960283219723435,0.16270596660446546,False,-2.86535529995139,2.278949758675091,4.5986325858393684e-11,
lognormal,5.0,19,2013,true,51,0.850233447701557,19,3.3238445315237963,14,0.27450980392156865,0.83,0,0.008672497805461532,0.49931606118489663,0.6175567420518628,False,-72856.48046063317,175.49845550342,2.691484405659139e-05,
lognormal,5.0,19,2014,discovered,250,0.9090634782230459,1,2.1330307653069664,250,1.0,0.04,0,1.8033005235757287,1.7213749430295875,0.08518280812048436,False,-717539.1601729796,709.8221062547373,0.0012372745422908338,
lognormal,5.0,19,2014,true,79,0.7859985614332039,24,3.0374485173249943,20,0.25316455696202533,0.46,0,-0.9793648857652535,-0.9630980518463645,0.33549831934726704,False,3.171911125042506,0.6090581383840656,2.5721647034515627e-12,
lognormal,5.0,19,2015,discovered,398,0.943624582019661,1,1.855099198945488,398,1.0,0.11,0,2.033327496369706,1.1563359333956797,0.24754377580921272,False,-310970.528192026,541.18727397059,0.001191576435303432,
lognormal,5.0,19,2015,true,90,0.7643784992121426,51,3.0706654565639893,25,0.2777777777777778,0.67,0,-0.37753666835719324,-0.5937343487328135,0.5526898053729934,False,2.972811918185011,0.9258721411717016,1.0942358130705543e-11,
lognormal,5.0,19,2016,discovered,283,0.9236524844493215,1,1.852903455771075,283,1.0,0.01,0,4.083106593668508,2.93168570406306,0.0033712774017221367,False,-498976.7016257979,687.7975318879413,0.0021572747182290186,
lognormal,5.0,19,2016,true,86,0.7433136706310859,24,2.6739729247613475,36,0.4186046511627907,0.01,0,-2.86978212429732,-1.4752809468328505,0.14013702667987654,False,3.4293907993999233,0.6087430625990283,1.9610979506978765e-12,
lognormal,5.0,19,2017,discovered,278,0.937042519566096,1,1.7518515394734329,278,1.0,0.0,0,-2.07151135688955,-0.8818545774022805,0.3778554531105186,False,-10.202497820746832,3.6305046434366064,1.6162084648385644e-07,
lognormal,5.0,19,2017,true,78,0.781610640466153,24,2.522261987924051,32,0.41025641025641024,0.88,0,-0.06499339004272109,-0.24029806014133087,0.8100991987460519,False,-4.092345552347377,2.3472448233213346,7.436779014824424e-08,
lognormal,5.0,20,2010,discovered,80,0.9367273654185638,1,2.015438666716875,80,1.0,0.19,0,-1.6094278288381378,-1.1582237817473569,0.24677272568403974,False,-2.629586337991416,1.7817813279487686,1.2789769243681803e-13,
lognormal,5.0,20,2010,true,36,0.797597267300691,2,1.777110573797876,33,0.9166666666666666,0.0,0,-4.802012284349905,-1.7435104524109835,0.08124449010245882,False,1.4935587160202088,0.9676564568535844,1.6910917111090384e-12,
lognormal,5.0,20,2011,discovered,119,0.8894168870531315,1,2.1491194423823385,119,1.0,0.13,0,1.0021160691307525,1.502871345913699,0.13287222335768814,False,-670100.4922084257,681.0854276171688,0.000571353874875058,
lognormal,5.0,20,2011,true,52,0.7504386870718822,13,3.3199551349893093,17,0.3269230769230769,0.27,0,-1.1225833462551988,-0.8530806595057076,0.39361457590381,False,2.6801931060176427,0.46935523815885927,8.846257060213247e-12,
lognormal,5.0,20,2012,discovered,179,0.9179160494684641,1,1.8326012497559205,179,1.0,0.0,0,-4.259399125183894,-1.7193180469675309,0.08555647560415454,False,-2.5410131545336685,2.025905055958979,4.96243046654854e-11,
lognormal,5.0,20,2012,true,65,0.784618957260559,15,2.9222087286960603,24,0.36923076923076925,0.81,0,-0.07751382426724795,-0.25178504359551185,0.8012072184481689,False,-1.9283342730283641,1.6861667594024803,1.3012765975872753e-08,
lognormal,5.0,20,2013,discovered,137,0.9110609030597057,1,1.9159426468628569,137,1.0,0.02,0,0.6518894483279252,0.7519261990327513,0.45209544177559613,False,-72389.07143242832,251.72885677812698,3.359623133292189e-05,
lognormal,5.0,20,2013,true,54,0.7856431882202729,6,2.1197133501337753,38,0.7037037037037037,0.03,0,-2.224418135368928,-1.250269342086129,0.2112011737245486,False,1.875639912972109,1.029442238992783,1.5546675058430992e-11,
lognormal,5.0,20,2014,discovered,258,0.9392404015374639,1,1.96283638730263,258,1.0,0.74,0,1.3356247793991676,1.0384967251090649,0.29903885914328454,False,-475796.54544385266,628.8193560113895,0.0009704852591312374,
lognormal,5.0,20,2014,true,85,0.783337417789046,38,3.844921204825771,13,0.15294117647058825,0.78,0,-0.23561396705659154,-0.510294668290599,0.6098450374910729,False,3.0871206803556905,0.6310546586300125,2.255973186038318e-11,
lognormal,5.0,20,2015,discovered,443,0.9350547895682303,1,1.9198763204899278,443,1.0,0.0,0,4.444763295611546,2.557398349832338,0.010545837471860936,False,-352526.1543485824,554.9580505986756,0.0026163506481680088,
lognormal,5.0,20,2015,true,92,0.7326595255067819,17,2.110018624201868,64,0.6956521739130435,0.0,0,-5.017479705747994,-1.9190020277427684,0.0549840772255667,False,3.1927455207660786,0.9263082149502567,8.526512829121202e-13,
lognormal,5.0,20,2016,discovered,266,0.9180629686684095,1,1.8253719353365543,266,1.0,0.0,0,3.2741928577021397,2.4373513249839234,0.014795296927048446,False,-465073.6331515174,675.3427024718177,0.0012750675123243127,
lognormal,5.0,20,2016,true,79,0.7048404255631562,28,3.0630852163938513,31,0.3924050632911392,0.22,0,-0.25495975973859153,-0.5295370165282726,0.5964329730158628,False,1.4662598710864374,1.141863624681127,2.513530716896639e-09,
lognormal,5.0,20,2017,discovered,308,0.9322598859019062,1,1.782747453003417,308,1.0,0.07,0,0.12333326394960231,0.06897248518632851,0.9450115209682071,False,-37.39708637826686,6.383323857678351,9.834473075898131e-07,
lognormal,5.0,20,2017,true,81,0.757476606978978,40,2.9546232041419085,20,0.24691358024691357,0.68,0,0.00475987071722539,0.2976420845723578,0.7659763506606215,False,-40518.95390463178,143.40814142972184,9.244097236660309e-05,
lognormal,5.0,21,2010,discovered,59,0.9108270940094831,1,1.75099576384046,59,1.0,0.01,0,-2.414334420880034,-1.30528767945346,0.1917949077650788,False,-1.0946648409615842,1.7697778466983876,4.803268893738277e-12,
lognormal,5.0,21,2010,true,32,0.7612883916810981,10,3.718867039296574,11,0.34375,0.86,0,-0.25856629196305647,-0.549374483537575,0.5827484814123384,False,1.901960529521788,0.5948170520067431,2.55440113505756e-12,
lognormal,5.0,21,2011,discovered,123,0.8917440434756095,8,3.421942098810502,21,0.17073170731707318,0.66,0,-0.020185710514917687,-0.11706601905358849,0.9068077374073825,False,-6.272960427669098,1.8987067693572866,9.901909692189292e-08,
lognormal,5.0,21,2011,true,51,0.8090302554962071,13,3.38775919095928,18,0.35294117647058826,0.51,0,-0.10661956136406481,-0.32957625194126516,0.7417201691034956,False,0.3312856367052507,1.1016008762937233,1.7429613308195258e-10,
lognormal,5.0,21,2012,discovered,171,0.9419044197709106,1,1.798007308751889,171,1.0,0.04,0,-1.9070003841907912,-1.000540488716614,0.3170490136566403,False,-7.097183854219842,3.0119692438775676,1.0381597803643672e-08,
lognormal,5.0,21,2012,true,68,0.7922563666534292,5,1.9815499234066862,48,0.7058823529411765,0.04,0,-2.7164805036403723,-1.3855953626964506,0.16587049503872975,False,1.66165534130824,1.1879261550053777,2.177102942368947e-11,
lognormal,5.0,21,2013,discovered,119,0.9139569820276985,1,1.8698420329677214,119,1.0,0.02,0,0.29307151183977453,0.3121199306793195,0.7549493801388428,False,-47.57059145097272,6.75711045654613,7.949421387820621e-08,
lognormal,5.0,21,2013,true,52,0.805386586381338,7,2.3627398331452447,33,0.6346153846153846,0.25,0,-1.9286750355966822,-1.2648848702262399,0.2059126017108539,False,2.0231791138836424,0.8448072121715736,2.100364326906856e-11,
lognormal,5.0,21,2014,discovered,248,0.9331502252923219,1,1.8871041641954593,248,1.0,0.13,0,1.4099300506203463,1.099080779791928,0.2717328326369868,False,-354324.75683421217,566.585815850041,0.0005808309442727477,
lognormal,5.0,21,2014,true,84,0.7450577178421194,21,3.118675664038796,27,0.32142857142857145,0.56,0,-0.09122525258040604,-0.2815946624015567,0.7782543334413724,False,-0.8871420955390528,1.4923893337375012,6.821846909588203e-08,
lognormal,5.0,21,2015,discovered,372,0.9326885271712066,1,1.7931713780993106,372,1.0,0.0,0,1.4054288235704426,0.799842059987482,0.42380231072269103,False,-249.77034129740142,16.02361637021306,0.002643160422849178,
lognormal,5.0,21,2015,true,91,0.810027014211445,18,2.312807173957997,55,0.6043956043956044,0.39,0,-0.06778332725485026,-0.2637936023902151,0.7919389645713497,False,-10.95958502171733,3.385518395220278,4.200921921437839e-08,
lognormal,5.0,21,2016,discovered,314,0.9214342564998228,1,1.8722557595670886,314,1.0,0.0,0,3.8582657773174684,2.725925353688106,0.006412149791303058,False,-243521.2764016791,474.6135316858072,0.001938290304678958,
lognormal,5.0,21,2016,true,87,0.7540074147576004,24,2.722497216482487,36,0.41379310344827586,0.82,0,-0.5664862791140965,-0.706282237002157,0.4800126376070032,False,2.063598912924138,1.0972384983850847,1.7934098650584929e-10,
lognormal,5.0,21,2017,discovered,309,0.9312207228753286,1,1.7878314407633558,309,1.0,0.0,0,1.8920109620583876,1.206063834462242,0.22779287815379234,False,-133251.23223172064,370.0889241599733,0.00022219466154638212,
lognormal,5.0,21,2017,true,81,0.7861260767246679,21,2.3741326839341714,37,0.4567901234567901,0.25,0,-0.6725697426716204,-0.8290917083311972,0.4070525152934539,False,1.8658845154852772,1.3134736721902671,5.368008260120405e-10,
lognormal,5.0,22,2010,discovered,68,0.9042172621433651,1,2.04911199249071,68,1.0,0.13,0,0.23845233246026382,0.4450567787524953,0.6562787223941975,False,-124136.47481995512,306.9160276351033,2.604567907837918e-05,
lognormal,5.0,22,2010,true,34,0.855508891765463,4,2.0640452437557597,23,0.6764705882352942,0.22,0,-2.1721238320940905,-1.3083778092605511,0.19074519547528102,False,1.8046002156645902,0.8798920958133055,6.281197784119286e-12,
lognormal,5.0,22,2011,discovered,91,0.9451590995611601,1,1.8337054894475087,91,1.0,0.05,0,-3.6427752242789966,-1.6168944940293875,0.10590105712918292,False,-1.1339143820108617,1.6338951800227661,9.438849701837171e-11,
lognormal,5.0,22,2011,true,40,0.8457054716028941,4,1.9065430202620828,30,0.75,0.17,0,-1.7388677937211012,-1.0779613464081177,0.28105100639335145,False,1.434609298977502,1.276054438107784,2.3106849766918458e-11,
lognormal,5.0,22,2012,discovered,169,0.9359268431751698,1,1.8733464926912704,169,1.0,0.19,0,0.8430530725037997,0.7897819264769628,0.42965513588315307,False,-178156.38136104724,405.0181672349627,0.0002131909068339155,
lognormal,5.0,22,2012,true,70,0.8407432023486666,11,2.5229877664639324,27,0.38571428571428573,0.27,0,-1.0688635273840408,-1.0031273101247016,0.31579943935600796,False,2.1939007452402297,0.8864876579289117,5.988454176986124e-11,
lognormal,5.0,22,2013,discovered,134,0.9027928349828002,3,2.1856278518867533,50,0.373134328358209,0.14,0,-2.7032900968089884,-1.4492239237155355,0.1472750585235993,False,1.0505667008796806,0.9866723879766759,5.684341886080802e-14,
lognormal,5.0,22,2013,true,61,0.794228645944741,13,3.099713994954852,20,0.32786885245901637,0.36,0,-1.2558908660116646,-1.1068597483106761,0.26835457109697614,False,2.6683756925459794,0.5312685366964618,2.1316282072803006e-13,
lognormal,5.0,22,2014,discovered,261,0.9275206252308021,1,1.8520467071306257,261,1.0,0.03,0,0.4374884097225422,0.3001989777955189,0.7640253847394805,False,-56.88567752261248,7.449162076948017,0.0003017276110313105,
lognormal,5.0,22,2014,true,78,0.785192922489132,21,2.8064892998447832,25,0.32051282051282054,0.39,0,-0.959824235871908,-0.8941850727138705,0.3712228776075106,False,2.873343462133908,0.7556932820171586,8.100187187665142e-13,
lognormal,5.0,22,2015,discovered,376,0.951172641928977,1,1.8772383106511685,376,1.0,0.3,0,1.7079758772610418,0.997573837342735,0.3184860528373403,False,-487707.55312526936,668.6213241369448,0.0015863391499806312,
lognormal,5.0,22,2015,true,89,0.7733660796962235,38,2.679064113019257,28,0.3146067415730337,0.62,0,-0.1092331842843608,-0.3396923509582821,0.7340882226358074,False,-0.5748296904689982,1.7698377489612331,1.6179967587959254e-08,
lognormal,5.0,22,2016,discovered,259,0.9248077850368374,1,1.8066605734913388,259,1.0,0.03,0,1.9270004885761116,1.384556742443531,0.1661880463083344,False,-265149.05035160587,515.6512395006196,0.00039090676636988064,
lognormal,5.0,22,2016,true,78,0.8610396672577734,18,2.179063530693297,33,0.4230769230769231,0.22,0,-0.715435893085941,-0.7923523233877482,0.4281552706294015,False,1.8187053106755693,1.4394554256008283,2.9842794901924208e-09,
lognormal,5.0,22,2017,discovered,264,0.9209755740920978,1,1.7482516447526386,264,1.0,0.0,0,1.0838508083144571,0.6557497542598775,0.511985150263387,False,-51.73290613440943,7.648332877176419,2.2604835976380855e-05,
lognormal,5.0,22,2017,true,80,0.7199827852602944,31,3.126808083387845,24,0.3,0.5,0,0.0008799567700084054,0.020367269376474012,0.9837503936855139,False,-39.1731934091899,4.499450876015229,0.0002889988454910508,
lognormal,5.0,23,2010,discovered,69,0.9151215372903445,1,2.0420278283816327,69,1.0,0.14,0,-0.06354314718591558,-0.0918706424761236,0.9268008167035081,False,-26.798148312284482,4.64991854702156,2.936766492211973e-07,
lognormal,5.0,23,2010,true,33,0.8909468120972138,4,2.071819779794141,20,0.6060606060606061,0.51,0,-1.047763510548686,-0.9340237608178925,0.35029163648138517,False,1.3251115802545002,1.1206638790019923,4.092726157978177e-12,
lognormal,5.0,23,2011,discovered,100,0.9361227014651023,1,1.768610769400288,100,1.0,0.04,0,-3.7745837235502053,-1.5660583206119405,0.11733496441078724,False,-1.4185381691440209,1.835966242982664,6.329514690150972e-11,
lognormal,5.0,23,2011,true,46,0.842064561336186,7,2.387646416593786,25,0.5434782608695652,0.5,0,-0.44514171523046775,-0.6588957962338721,0.5099626855064974,False,0.6482977874900964,1.3105922653105875,1.9416290797380498e-10,
lognormal,5.0,23,2012,discovered,179,0.9048960766311387,1,1.9157969945356712,179,1.0,0.0,0,0.9987626639304392,1.0277004727634007,0.30409074537849423,False,-252337.51708762738,470.15024169578504,0.00024141245467035333,
lognormal,5.0,23,2012,true,69,0.7697242201589701,11,2.5032584047110156,34,0.4927536231884058,0.01,0,-4.524539500464103,-1.783450213366972,0.07451304554965532,False,2.8599524418911635,0.537492668944982,1.5631940186722204e-13,
lognormal,5.0,23,2013,discovered,150,0.9320999091085252,1,1.9646729489917714,150,1.0,0.16,0,-0.13491199097073725,-0.1354131851260743,0.8922851999271428,False,-49.173244275738995,6.485585823413779,2.5200197342201136e-06,
lognormal,5.0,23,2013,true,61,0.8102742681063003,11,2.6884235561383525,24,0.39344262295081966,0.9,0,-0.1297394649406609,-0.3459764909882226,0.7293603824450571,False,-1.0330043211860434,1.6065284097695456,1.624584911041893e-10,
lognormal,5.0,23,2014,discovered,257,0.9271415838690442,1,1.8681354504280328,257,1.0,0.07,0,1.812967547146683,1.3981327640800627,0.16207320263271952,False,-275513.1733350567,505.4916631894091,0.0005895345784665551,
lognormal,5.0,23,2014,true,83,0.7570015645206595,14,2.559400669216941,43,0.5180722891566265,0.03,0,-1.4384946958849327,-0.781771560119687,0.4343488377274005,False,2.2883835730991797,0.928325114641567,7.560174708487466e-12,
lognormal,5.0,23,2015,discovered,348,0.9390981384838908,1,1.7435248760021997,348,1.0,0.0,0,2.6839617892747523,1.5558140158325873,0.11975232429592939,False,-260901.15378754638,534.3462055618072,0.0006668817359241075,
lognormal,5.0,23,2015,true,91,0.8444236149088312,36,2.7824639152166455,32,0.3516483516483517,0.9,0,-0.05062145080552405,-0.18518347670485064,0.8530851286275059,False,-4.13341463841377,2.208697393109688,1.0864948762900895e-07,
lognormal,5.0,23,2016,discovered,347,0.9171109200577928,1,1.9008050187809635,347,1.0,0.0,0,3.560637770729196,2.474465508013205,0.013343570480946209,False,-543669.5461596723,696.8684001066688,0.0017500398435004172,
lognormal,5.0,23,2016,true,89,0.7643682705226782,37,3.1834103762736126,25,0.2808988764044944,0.9,0,-0.001298321878280717,-0.022241950373213075,0.9822549542990336,False,-28.689145725842813,3.881274835223808,0.00048194517481192634,
lognormal,5.0,23,2017,discovered,314,0.9221834689341547,1,1.8246960499386067,314,1.0,0.0,0,0.9073847256346266,0.5964792653330249,0.5508551015194405,False,-110.92191895778699,10.506757867426451,0.0012669817455162047,
lognormal,5.0,23,2017,true,77,0.7497503766310452,13,2.133226414547767,53,0.6883116883116883,0.06,0,-2.9048360358099785,-1.5918307892814172,0.1114227300194577,False,2.630936020042864,1.0514771607182984,2.8990143619012088e-12,
lognormal,5.0,24,2010,discovered,72,0.9262989704377932,1,1.9967035058661455,72,1.0,0.42,0,-0.782855580935268,-0.7180415530876328,0.47273166604056893,False,-5.233925102097209,2.3199096040416887,2.992393888234801e-09,
lognormal,5.0,24,2010,true,36,0.7526126582438205,3,2.017370368200665,30,0.8333333333333334,0.02,0,-5.906544114878898,-2.059898855030734,0.03940821119922072,False,1.8542818717640766,0.6385963307028919,1.7053025658242404e-13,
lognormal,5.0,24,2011,discovered,115,0.9173212722788772,1,2.113922785571527,115,1.0,0.7,0,0.030060889059959295,0.044027817665020584,0.9648822300716768,False,-57676.31087772438,202.6974685373308,1.1735969565052073e-05,
lognormal,5.0,24,2011,true,52,0.7882210763253734,7,2.617624984188096,28,0.5384615384615384,0.55,0,-0.5399298727939603,-0.6870297944836009,0.4920639532189989,False,0.9624618336263364,1.0860682945055542,6.863842827442568e-12,
lognormal,5.0,24,2012,discovered,149,0.9247618655156201,1,1.922506226986887,149,1.0,0.04,0,0.16584955522155465,0.16160736760099287,0.8716150550790704,False,-52.82452532690385,6.881281775492372,7.694318185258453e-06,
lognormal,5.0,24,2012,true,60,0.8527567835051255,15,2.6153814687485437,19,0.31666666666666665,0.62,0,-0.7045384681209681,-0.8336540247470114,0.404475972653065,False,2.4786284868773776,0.8559432471839149,8.384404281969182e-12,
lognormal,5.0,24,2013,discovered,146,0.9324636086039161,1,2.000830573427705,146,1.0,0.22,0,0.422247191246258,0.4730125086821814,0.636204255001057,False,-365455.41875295073,539.7531021358925,0.0002521051656003692,
lognormal,5.0,24,2013,true,58,0.836575620799816,4,1.8462731178675094,41,0.7068965517241379,0.09,0,-5.013661567330928,-2.0995778429299334,0.03576599356248884,False,2.090273524780101,0.9933954587814017,1.7053025658242404e-13,
lognormal,5.0,24,2014,discovered,216,0.9434709544320233,1,1.8923039710379816,216,1.0,0.29,0,0.8092659729569309,0.6670839961111907,0.5047184820716126,False,-192997.89672303008,416.7281306176784,0.00044120731126895407,
lognormal,5.0,24,2014,true,72,0.7441503706667391,23,3.2824721677679674,29,0.4027777777777778,0.34,0,-0.3852993738545205,-0.6807015098724638,0.49606038077041126,False,2.1068010164597437,0.8765160428996841,2.1458390619955026e-11,
lognormal,5.0,24,2015,discovered,455,0.9410764033361115,1,1.8178485301986183,455,1.0,0.07,0,2.608462263007187,1.3895460010528196,0.16466678290635384,False,-405232.0423106569,632.6938126872535,0.0014060469284231658,
lognormal,5.0,24,2015,true,95,0.7330062949314922,46,3.1392603978838793,31,0.3263157894736842,0.15,0,-0.0560832110309164,-0.1938407108673255,0.8463006088708169,False,-1.9670412172463108,1.759720325504481,1.2876753885393555e-07,
lognormal,5.0,24,2016,discovered,307,0.9211152111732436,1,1.976497542720838,307,1.0,0.05,0,3.0048902102929542,2.2413052935414592,0.025006306309409972,False,-837056.9319351476,828.7097822675631,0.001850246205322037,
lognormal,5.0,24,2016,true,88,0.7479553790100458,25,2.7080880344290468,31,0.3522727272727273,0.38,0,-1.2117397848434064,-1.0607651379870287,0.28879664916931136,False,3.054861566096574,0.7943974909536713,3.126388037344441e-12,
lognormal,5.0,24,2017,discovered,261,0.9242738290659361,1,1.7876100251385598,261,1.0,0.0,0,4.471104796681725,3.117115052983347,0.0018263028274725945,False,-410012.34476493625,650.7850308345079,0.0022082299410612904,
lognormal,5.0,24,2017,true,76,0.8297516439820299,10,1.9565186541271042,54,0.7105263157894737,0.1,0,-2.523862504709247,-1.3481859906517657,0.17759856932618612,False,2.1759760369406798,1.3325098587421123,1.807620719773695e-11,
lognormal,5.0,25,2010,discovered,73,0.9093596210838746,1,2.1030721937352412,73,1.0,0.42,0,-0.6619382341690603,-0.7339199283441904,0.46299754060412235,False,-5.779271018999738,2.268362715609421,3.6420999549591215e-10,
lognormal,5.0,25,2010,true,32,0.8459620009582324,9,2.9256458145689144,13,0.40625,0.74,0,-0.049954342952251096,-0.20237783396175535,0.8396213558055301,False,-1.543880916654118,1.5291872661193202,1.900701818158268e-10,
lognormal,5.0,25,2011,discovered,124,0.9125491729261291,1,1.9343926012374644,124,1.0,0.0,0,-0.4345699755902753,-0.36214336728793056,0.7172448975026657,False,-12.112171179209536,3.432379384594282,1.7476509128755424e-10,
lognormal,5.0,25,2011,true,55,0.728671070531555,5,2.0744770516807325,37,0.6727272727272727,0.06,0,-5.957296425963719,-2.1986152454866525,0.02790529200580573,False,2.293779922301588,0.6822031729140613,3.410605131648481e-13,
lognormal,5.0,25,2012,discovered,155,0.8994308964745928,1,1.8184715183471283,155,1.0,0.0,0,-2.3977406144093365,-1.1413736475220515,0.2537144661979013,False,-3.8496159636963068,2.353843284012674,2.4442670110147446e-11,
lognormal,5.0,25,2012,true,59,0.7406733038251292,13,3.2349457795557206,24,0.4067796610169492,0.53,0,-0.5466015319273936,-0.6744488739099567,0.5000259794103433,False,2.0446819418351074,0.7389567097753564,2.0889956431346945e-12,
lognormal,5.0,25,2013,discovered,128,0.9112081330561755,1,1.8070498521260374,128,1.0,0.08,0,-1.5054524701056757,-0.8981207895482022,0.3691211566422473,False,-5.679514211715884,2.740824558967044,2.5141844162135385e-10,
lognormal,5.0,25,2013,true,50,0.8115833688231352,21,3.9215711542651355,11,0.22,0.4,0,0.0037182232171080187,0.321838317490136,0.7475751842545088,False,-59522.347873935934,141.5125089475336,5.813539246446453e-06,
lognormal,5.0,25,2014,discovered,232,0.9274674687750034,1,1.7640625222530422,232,1.0,0.0,0,-2.021170131067116,-0.9311299549234882,0.35178634521104124,False,-8.003489790700225,3.251237148454663,5.739366315538064e-09,
lognormal,5.0,25,2014,true,80,0.8374123848850936,9,2.0997198261307406,45,0.5625,0.37,0,-1.0165523610716316,-0.8864331189610377,0.37538417914049327,False,1.0576059889998906,1.523232504825701,6.335199032037053e-11,
lognormal,5.0,25,2015,discovered,347,0.9121031316057139,1,1.6304989603680187,347,1.0,0.0,0,3.627585406331651,1.8615602269197997,0.06266510390814833,False,-143.29034588899515,13.817037306067496,5.5706550483591855e-12,
lognormal,5.0,25,2015,true,90,0.7658586162931473,79,4.505339103717275,17,0.18888888888888888,0.96,0,-0.1214849052370961,-0.3821303030866183,0.7023647157242894,False,3.1514903830325114,0.7005086491978899,2.0453683191590244e-10,
lognormal,5.0,25,2016,discovered,332,0.9369185525620686,1,1.9203958217628718,332,1.0,0.04,0,1.4614352375230837,1.002945174095389,0.3158873149067615,False,-252207.38453848573,468.700038359933,0.0007377307838396518,
lognormal,5.0,25,2016,true,87,0.7296702921109458,28,2.8972522146602078,30,0.3448275862068966,0.47,0,-1.521871743595634,-1.1255623131701724,0.260350827582426,False,3.3472433496108396,0.645677917957847,3.434763584664324e-11,
lognormal,5.0,25,2017,discovered,269,0.9408846101088081,1,1.8385178909115534,269,1.0,0.19,0,1.8165908059654612,1.2855425659845297,0.19860275215289613,False,-295537.865351014,533.2772661288433,0.0008585893046983983,
lognormal,5.0,25,2017,true,79,0.735903232699057,22,2.603414481446929,41,0.5189873417721519,0.57,0,-0.2695433712466704,-0.4845627783885221,0.6279865222743557,False,0.18678611135328918,1.5715439125936288,1.4657700830866816e-08,
lognormal,5.0,26,2010,discovered,85,0.9065991393847485,1,1.9554186674138747,85,1.0,0.01,0,-0.3255493462620933,-0.3266687245071065,0.7439184577955482,False,-10.237376980632835,3.1473127772227603,9.99733629214461e-10,
lognormal,5.0,26,2010,true,39,0.7980123382453304,7,2.723362189245681,17,0.4358974358974359,0.21,0,-1.2143984347487031,-1.0321057955597284,0.30202255916088205,False,2.1199245067521857,0.6083317195903778,1.2292389328649733e-12,
lognormal,5.0,26,2011,discovered,128,0.9180285293291122,6,3.070741450701312,24,0.1875,0.86,0,0.05290810617198183,0.5139354446104584,0.6072971253439235,False,-81877.32382798688,193.62383607773555,0.0001370315148960799,
lognormal,5.0,26,2011,true,47,0.8737239926850384,8,2.476913993211327,23,0.48936170212765956,0.98,0,-0.029007586818133646,-0.16546894802977113,0.8685748887868693,False,-11.292351638796067,3.0888974262725886,3.696161883226523e-07,
lognormal,5.0,26,2012,discovered,175,0.9176940324532731,1,2.1042261974409087,175,1.0,0.46,0,0.41599839726803367,0.4815133543064016,0.6301516908247198,False,-218600.58243685658,396.5843399830783,0.0002388844231973053,
lognormal,5.0,26,2012,true,64,0.7998801044573565,11,2.5610269867051647,30,0.46875,0.73,0,-0.3945254594115708,-0.6151478455200918,0.5384570871253871,False,0.807275851981843,1.2919728035714584,1.8474111129762605e-12,
lognormal,5.0,26,2013,discovered,156,0.915400101858913,1,2.001795114363859,156,1.0,0.35,0,-0.4722381044536341,-0.4234322586037386,0.6719799130793773,False,-17.25044037927048,3.8682397017931733,2.522511977076647e-09,
lognormal,5.0,26,2013,true,61,0.8099995504347698,15,3.3140500228656316,17,0.2786885245901639,0.36,0,-0.1627559906571565,-0.421689859627624,0.6732514069746546,False,1.2056289117653605,0.975488200163071,9.826806035562186e-12,
lognormal,5.0,26,2014,discovered,215,0.9219948435681126,1,1.8510609351712268,215,1.0,0.03,0,-0.13885425132175833,-0.09531077952387774,0.9240679808122652,False,-24.26644204830442,4.968204191678612,1.5087903193489183e-07,
lognormal,5.0,26,2014,true,77,0.7729447109774409,20,3.0310381175678325,29,0.37662337662337664,0.53,0,-0.1613354975460468,-0.4190096887203481,0.675209051540565,False,0.21374545335579634,1.3322111853954,4.439186795934802e-10,
lognormal,5.0,26,2015,discovered,363,0.9173240635958251,1,1.7312800921209919,363,1.0,0.0,0,6.022359614079942,3.484318590651153,0.0004933918047313018,False,-569308.1644310136,797.7820319398262,0.002321608730198932,
lognormal,5.0,26,2015,true,93,0.7200941991036429,64,3.0691418580382432,12,0.12903225806451613,0.75,0,-0.1798312231680459,-0.38860194433564266,0.6975706282438159,False,3.1945082377870704,0.9287358305923081,7.417355618599686e-10,
lognormal,5.0,26,2016,discovered,299,0.9479532016222963,1,1.8405542805607527,299,1.0,0.26,0,1.621623993296705,1.0474929955041203,0.29487226106146247,False,-290723.25020748354,528.0831161625343,0.0008757134964980651,
lognormal,5.0,26,2016,true,87,0.838351814776269,48,3.604388419306572,15,0.1724137931034483,0.89,0,-0.010708465014060309,-0.11181723098793231,0.9109683248523313,False,-4.778963978659117,1.8912849242724783,4.0471091722338315e-07,
lognormal,5.0,26,2017,discovered,304,0.9331223264060473,1,1.8470170469240241,304,1.0,0.11,0,2.4686634663684366,1.7027038758341513,0.08862349918955512,False,-510163.9565608639,697.1031832992452,0.0011098412824139814,
lognormal,5.0,26,2017,true,85,0.745141680904371,27,2.59944914874216,31,0.36470588235294116,0.22,0,-1.7471684357349595,-1.1805996693877518,0.237761795038671,False,3.3783755578619465,0.7353339265792702,2.0463630789890885e-12,
lognormal,5.0,27,2010,discovered,77,0.94308964168972,2,2.282293956683577,42,0.5454545454545454,0.16,0,-0.9462036562569472,-0.8415544699662634,0.4000373835853106,False,-0.6176401392334763,1.3031037680470339,4.0671466194908135e-11,
lognormal,5.0,27,2010,true,34,0.8532217491858971,6,3.065970322329938,20,0.5882352941176471,0.33,0,0.041669862429425386,0.6544267062963167,0.5128369332025147,False,-80800.6133506735,192.56015433008153,6.617968938371632e-05,
lognormal,5.0,27,2011,discovered,111,0.8967027025273082,1,1.9764393891840688,111,1.0,0.01,0,1.1674829557340518,1.6041085655408618,0.1086901241638314,False,-479055.85962523293,626.9281402833811,0.00045725922154815635,
lognormal,5.0,27,2011,true,54,0.8326560300079003,8,2.545189099751163,26,0.48148148148148145,0.44,0,-1.1049572233049099,-1.0175072034824177,0.30891220721886115,False,1.9271722151739672,0.8457724955873531,5.491074261954054e-11,
lognormal,5.0,27,2012,discovered,170,0.9224363996516262,1,1.9636124408122422,170,1.0,0.25,0,0.6955767313345831,0.7238317600175748,0.46916902841981156,False,-125636.75980623032,322.9078930059329,0.0003336845429657842,
lognormal,5.0,27,2012,true,66,0.8451681283017254,13,2.820750749688552,23,0.3484848484848485,0.2,0,-0.22279113322922406,-0.4166339374278572,0.6769461820868932,False,0.6640300977967597,1.236477445007263,5.509548373083817e-11,
lognormal,5.0,27,2013,discovered,140,0.9015331770692157,1,1.8967285162073677,140,1.0,0.08,0,0.07294840527800428,0.07098959897281565,0.9434060334234842,False,-29.510511489793032,5.289110521774235,4.825602673008689e-07,
lognormal,5.0,27,2013,true,60,0.7436224266560721,17,4.191943796959751,18,0.3,0.63,0,-0.03974495308329473,-0.2137054407969424,0.8307767682181707,False,-0.6366156595553341,1.1137915519897879,7.490953635169717e-09,
lognormal,5.0,27,2014,discovered,246,0.9353654345165174,1,2.026989314191902,246,1.0,0.76,0,0.3659693059777487,0.31723813553042535,0.7510629152343019,False,-219572.91281069626,412.6620533423853,0.0003058892925764667,
lognormal,5.0,27,2014,true,78,0.7884971842249543,23,3.0525061480812448,25,0.32051282051282054,0.36,0,-0.7253958389415374,-0.7523484110062606,0.45184156198842196,False,2.7910129485365465,0.738246532903935,5.400124791776761e-13,
lognormal,5.0,27,2015,discovered,362,0.9355432056837478,1,1.7499172300763273,362,1.0,0.0,0,3.05191678339032,1.7330636089515892,0.0830843635879321,False,-262923.2685742555,534.0117685399055,0.0006916415395608055,
lognormal,5.0,27,2015,true,90,0.7672521566659879,28,2.373476072815634,35,0.3888888888888889,0.92,0,-0.21190659544670076,-0.4310482786596053,0.6664332667563899,False,-0.38002370538544145,1.9019571975878957,1.7398633644916117e-09,
lognormal,5.0,27,2016,discovered,305,0.9304610897472331,1,1.9169652110309525,305,1.0,0.02,0,4.14744620106784,2.8483220248989296,0.004395042799997673,False,-446216.48253775225,625.93952845269,0.0027541160634427797,
lognormal,5.0,27,2016,true,89,0.7199758038968035,29,2.874120944561016,30,0.33707865168539325,0.01,0,-3.104160013816764,-1.506270699019719,0.1319976967636457,False,3.6823427771854735,0.48638792174327444,6.608047442568932e-12,
lognormal,5.0,27,2017,discovered,274,0.9547959737985942,1,1.7168386010164678,274,1.0,0.09,0,-1.4799235009875744,-0.7100839398796966,0.47765208488509336,False,-18.2814304873631,4.816748117971673,6.20427726971684e-08,
lognormal,5.0,27,2017,true,76,0.806457918748653,20,2.21645263449096,34,0.4473684210526316,0.11,0,-1.4268081665200896,-1.124059546650791,0.26098776531065604,False,2.8295290746763992,1.0878036156687494,8.526512829121202e-13,
lognormal,5.0,28,2010,discovered,78,0.9220597094122723,1,1.9447903790438703,78,1.0,0.2,0,-2.0935037045281475,-1.2755131920333473,0.20212765786152753,False,-1.7242176150141666,1.6475923330077902,1.531930138298776e-10,
lognormal,5.0,28,2010,true,35,0.9015565789299926,6,2.5890662154286135,17,0.4857142857142857,0.79,0,-0.039698588143126656,-0.17382013705171848,0.8620068182194807,False,-6.125939474722848,2.326888060552835,5.065963648576144e-08,
lognormal,5.0,28,2011,discovered,106,0.9324905398890635,1,1.898063949506112,106,1.0,0.07,0,-1.4208270455359722,-0.9444024400278255,0.3449640350704707,False,-4.859938018801163,2.408493449459917,1.6687238257873105e-09,
lognormal,5.0,28,2011,true,47,0.8595676596542539,14,3.1173617430072826,13,0.2765957446808511,0.33,0,-0.08896568862502363,-0.27356614521665124,0.7844180539862965,False,0.4508293677360935,1.1802978491643978,1.9557191421881726e-09,
lognormal,5.0,28,2012,discovered,165,0.9069901978941584,1,1.9879852634625717,165,1.0,0.03,0,0.9052609646169971,1.0406637198328985,0.29803164682747163,False,-452217.7815990932,604.7934310404529,0.00034302887706871843,
lognormal,5.0,28,2012,true,61,0.8260904948017624,15,2.8291655788811285,24,0.39344262295081966,0.54,0,-0.45740736474708843,-0.6424178749354612,0.5206018967126178,False,1.8698768773394028,0.96741301861911,4.320099833421409e-12,
lognormal,5.0,28,2013,discovered,139,0.9123823481325822,1,2.0238523618147597,139,1.0,0.02,0,0.2202853306350736,0.2852367493301642,0.7754627673615744,False,-59163.97344353097,214.5428694865934,1.4967390598030761e-05,
lognormal,5.0,28,2013,true,54,0.8018736459860493,25,5.465134039110625,10,0.18518518518518517,0.59,0,0.0019393086914725188,0.2569169940077076,0.7972428514901949,False,-57309.862098342004,112.4025543816876,7.097831257851794e-06,
lognormal,5.0,28,2014,discovered,220,0.911842594632767,1,1.8365223095123726,220,1.0,0.05,0,1.332474042556644,1.11440493753767,0.26510550606540906,False,-63311.205004156946,247.08029145974217,0.0001321937616012292,
lognormal,5.0,28,2014,true,79,0.7505295378393827,17,2.7481621185716003,33,0.4177215189873418,0.15,0,-0.9962303380582913,-0.6400477000618006,0.5221415888789107,False,2.440681409570508,0.8592582610485114,6.536993168992922e-13,
lognormal,5.0,28,2015,discovered,428,0.9219873226864874,1,1.905716228631121,428,1.0,0.0,0,5.78220767757233,3.4036421472214986,0.000664938050386899,False,-663769.405848904,768.3237813615945,0.0033698714350975933,
lognormal,5.0,28,2015,true,90,0.7024623391363991,34,2.836891961843588,40,0.4444444444444444,0.47,0,-0.38115971581272134,-0.6143556717158963,0.5389803215457886,False,1.7083847907790366,1.2232141678497757,1.836610863392707e-10,
lognormal,5.0,28,2016,discovered,298,0.9199376073143551,1,1.8498415223696225,298,1.0,0.0,0,3.506530496367267,2.5122109327871316,0.011997735241970557,False,-544249.1240098649,719.2863862511002,0.0016376210633097799,
lognormal,5.0,28,2016,true,84,0.7692703290759596,25,2.6898036321447996,30,0.35714285714285715,0.42,0,-0.9228749299038626,-0.9233455391420717,0.35582716315098517,False,2.8529775479688304,0.8794298578374631,1.6044054973463062e-11,
lognormal,5.0,28,2017,discovered,287,0.9422460081812288,1,1.7425864973119538,287,1.0,0.02,0,1.0325748146745255,0.6282944631382684,0.5298110581038001,False,-197.3163985758941,14.774611414031327,0.0037833675754654905,
lognormal,5.0,28,2017,true,82,0.8002371204262807,33,2.8996079386402953,26,0.3170731707317073,0.77,0,-0.048967465500435736,-0.23257386816737896,0.816092321093116,False,-2.8802342773405227,1.9589239022298535,1.03009512031349e-07,
lognormal,5.0,29,2010,discovered,74,0.9156993865380025,1,1.9179599242417076,74,1.0,0.23,0,-0.07944498021412727,-0.09595807048804794,0.9235538737353393,False,-18.98039378599944,4.248043012288002,5.880437470295874e-08,
lognormal,5.0,29,2010,true,34,0.8347028288265387,8,2.7674188757151783,14,0.4117647058823529,0.39,0,-0.6027820102552894,-0.8612455359202885,0.3891028254169254,False,1.9620540229601384,0.7319976877707558,9.734435479913373e-13,
lognormal,5.0,29,2011,discovered,95,0.9331431688349885,1,1.8880247446342242,95,1.0,0.26,0,-1.37557379502698,-0.9883841854726221,0.3229645296607142,False,-4.683868920674969,2.392318353636635,2.1564403596130433e-09,
lognormal,5.0,29,2011,true,44,0.7911657277153784,6,2.1756921985569337,28,0.6363636363636364,0.01,0,-3.1077346109424946,-1.3709236133933043,0.17039876942297516,False,2.2838594169261985,0.7423005065944983,3.2173375075217336e-11,
lognormal,5.0,29,2012,discovered,182,0.9209240831718875,1,1.9263735595977762,182,1.0,0.14,0,-2.0647682376588072,-1.1558634343564145,0.2477370212557397,False,-5.491865883127775,2.4755649683620597,1.8305854609934613e-09,
lognormal,5.0,29,2012,true,67,0.8493446563455168,14,2.8105496136557133,20,0.29850746268656714,0.45,0,-0.08328172246432253,-0.2946141285866015,0.7682886679350122,False,-1.2168192416141876,1.6183945305747112,1.6080718978628283e-09,
lognormal,5.0,29,2013,discovered,138,0.8944213906748097,1,2.064835193584968,138,1.0,0.02,0,0.3038322165292131,0.42236140752739254,0.6727612424202102,False,-111906.81029568883,289.12476530180004,5.230225360719487e-05,
lognormal,5.0,29,2013,true,54,0.8548511837249417,10,2.4360421556375593,22,0.4074074074074074,0.52,0,-0.8085926357915443,-0.8436685262078057,0.3988546598646753,False,2.014629213590899,0.9664970580363424,1.7195134205394424e-12,
lognormal,5.0,29,2014,discovered,190,0.9277119712744502,7,2.2115714986772614,48,0.25263157894736843,0.25,0,-1.8057626569292382,-1.3069813540654518,0.1912190441703675,False,1.5931205015003107,1.1395841077265463,8.86757334228605e-12,
lognormal,5.0,29,2014,true,63,0.8710656515707741,14,2.2396920615589324,31,0.49206349206349204,0.16,0,-1.9906011379589383,-1.1503844434740618,0.249985564566104,False,2.824982334119425,0.8997573192398889,1.5006662579253316e-11,
lognormal,5.0,29,2015,discovered,361,0.9251884025384796,1,1.7790396535900916,361,1.0,0.0,0,5.9748890971458435,3.5637786432566516,0.00036555425691074987,False,-621160.0642079569,805.647304346942,0.003095751139881031,
lognormal,5.0,29,2015,true,86,0.73903015469012,46,2.862890206530388,22,0.2558139534883721,0.49,0,-0.09146096369682155,-0.3453934552991719,0.7297985967122406,False,0.1975289638514513,1.5680404853397458,1.7908519112097565e-10,
lognormal,5.0,29,2016,discovered,304,0.9332851307780645,1,1.8023886999564736,304,1.0,0.02,0,0.4090153246966821,0.2428107549430402,0.8081520036259578,False,-51.92904654709021,7.3673030457313855,0.00022035156405308953,
lognormal,5.0,29,2016,true,83,0.8462189139610103,16,2.1571093358077436,38,0.4578313253012048,0.24,0,-1.7653233584612966,-1.2337078288849157,0.21731179558795255,False,2.692610273726052,1.0996858016313333,1.4551915228366852e-10,
lognormal,5.0,29,2017,discovered,324,0.9219924684476304,1,1.9286786550761996,324,1.0,0.0,0,3.9183271847073335,2.802300944253835,0.0050739517555386,False,-570620.3254045793,702.8381702675953,0.0021940141969025717,
lognormal,5.0,29,2017,true,88,0.7240756050285966,61,5.633774214868601,10,0.11363636363636363,0.46,0,-0.14981040666059453,-0.36605877101310946,0.7143212214525698,False,3.6832186122687256,0.4135121297617492,2.2595258997171186e-12,
geometric,1.0,0,2010,discovered,128,0.8745911687873833,1,2.1376612515816222,128,1.0,0.0,0,-4.48959759916855,-1.860878014689457,0.06276140514716483,False,-0.6103445604194042,1.125635825671161,2.1884716261411086e-12,
geometric,1.0,0,2010,true,67,0.7599410138937863,6,5.453775411234266,14,0.208955223880597,0.26,0,-0.8254182467887898,-0.8523011871705197,0.3940469473000775,False,1.8568277337610786,0.2375421553645698,3.907985046680551e-14,
geometric,1.0,0,2011,discovered,182,0.8890105472786763,1,1.866614395512389,182,1.0,0.0,0,-4.4345164615781485,-1.741864769448978,0.0815321099326544,False,-2.0944839752910838,1.8572290114385572,7.179323802120052e-11,
geometric,1.0,0,2011,true,86,0.7968863589048247,13,6.100562905705495,12,0.13953488372093023,0.9,0,-0.0847102435524274,-0.293995115287589,0.7687616359594769,False,1.7248593735568294,0.47466299961430175,3.872955289807578e-10,
geometric,1.0,0,2012,discovered,269,0.885241845668428,11,4.217686032885649,27,0.10037174721189591,0.38,0,-0.38914038016593056,-0.6598523965935293,0.5093485551371635,False,1.7312959712919,0.5977755359169036,1.000444171950221e-11,
geometric,1.0,0,2012,true,96,0.7807598797544127,10,3.0946120715297107,35,0.3645833333333333,0.58,0,-1.440468196617088,-1.2233499575392148,0.22119754572392114,False,2.1866047536011854,0.6283584482163004,2.8421709430404007e-12,
geometric,1.0,0,2013,discovered,252,0.8750803547651317,1,2.065442253749276,252,1.0,0.01,0,2.034502011070414,2.1077746902243244,0.035050483113498274,False,-390394.3935013874,540.4678559099717,0.0007430643599946052,
geometric,1.0,0,2013,true,92,0.7857429414779692,12,4.155768157473872,21,0.22826086956521738,0.24,0,-1.5916427949626488,-1.1226859154287678,0.2615709118804531,False,2.607108171295592,0.32312775553834,2.1316282072803006e-14,
geometric,1.0,0,2014,discovered,405,0.8850280424733924,1,1.9691703704415329,405,1.0,0.0,0,6.459843930136862,4.683018821036065,2.8268054648870384e-06,False,-880629.1786329084,854.4993272373522,0.0035239458784417366,
geometric,1.0,0,2014,true,99,0.7372087002798842,29,5.524190818215321,15,0.15151515151515152,0.5,0,-1.24578850452219,-1.0479617881965089,0.2946562125538683,False,3.469292233185353,0.21988182028856068,9.947598300641403e-14,
geometric,1.0,0,2015,discovered,552,0.898407000806394,1,1.82991512726714,552,1.0,0.0,0,14.478576139921689,7.347147974547912,2.0248067195276714e-13,False,-803043.4162563551,887.5789209700215,0.009352272944852302,
geometric,1.0,0,2015,true,100,0.7352783431517003,64,6.066135089920903,22,0.22,0.64,0,-0.8051756078128971,-0.852108012434414,0.39415414528538606,False,4.092016853109459,0.27411144265037984,1.1311840353300795e-11,
geometric,1.0,0,2016,discovered,481,0.8943499608949602,1,1.9238886890801474,481,1.0,0.0,0,11.124017891925003,6.507955150190228,7.618065335584828e-11,False,-10000.000092819255,93.52879453131364,0.0,
geometric,1.0,0,2016,true,99,0.8247257126885625,5,1.7693828861412941,94,0.9494949494949495,0.0,0,-12.500014222850538,-3.169474027422386,0.001527151062406145,False,2.4641148713904535,1.0556042839526383,5.115907697472721e-12,
geometric,1.0,0,2017,discovered,490,0.9006236794454481,1,1.9187714446818627,490,1.0,0.0,0,10.205461066781453,5.8907104108863395,3.845389048518075e-09,False,-9999.999853588097,93.76197040834475,0.0,
geometric,1.0,0,2017,true,100,0.7273373489985883,16,2.3120442608061325,54,0.54,0.0,0,-7.483499950030607,-2.356545256447624,0.018445819841385398,False,3.322336691584736,0.6088101479041838,1.8758328224066645e-12,
geometric,1.0,1,2010,discovered,149,0.8705052258763912,1,2.3784198398388834,149,1.0,0.02,0,-1.2729070938666065,-1.062567446124869,0.2879781565102829,False,-3.7214272456515904,1.665011345106449,2.3442225938197225e-10,
geometric,1.0,1,2010,true,76,0.8103028932368609,5,4.327165867774941,23,0.3026315789473684,0.81,0,-0.2879132822900141,-0.5143961699392251,0.6069750364899593,False,0.8813975720920251,0.58638958981163,1.6342482922482304e-13,
geometric,1.0,1,2011,discovered,241,0.8921489334394154,1,2.1693471012146146,241,1.0,0.07,0,0.9350770746301476,1.04918364543927,0.2940936042855278,False,-378356.8146622149,506.66382008525727,0.000396264065784635,
geometric,1.0,1,2011,true,91,0.8007665893807382,5,2.4918805107003754,43,0.4725274725274725,0.0,0,-4.967451906362381,-1.9429921009878157,0.052017112718113885,False,2.0094355201059857,0.5651496445352077,4.263256414560601e-14,
geometric,1.0,1,2012,discovered,295,0.8979075242342743,1,2.0050189908616645,295,1.0,0.02,0,0.8227542996186683,0.718466624728891,0.4724696195591611,False,-9994.423986064709,89.0572396892054,5.9450940170791e-08,
geometric,1.0,1,2012,true,99,0.7182858171811821,7,2.603918198688345,51,0.5151515151515151,0.08,0,-4.9620910510668494,-2.114225563001699,0.03449600652335114,False,2.267600981852728,0.5733165749142624,4.999378688808065e-11,
geometric,1.0,1,2013,discovered,275,0.8912629873216154,1,2.150473466034682,275,1.0,0.04,0,1.7038223436368494,1.730432002898352,0.08355312016015225,False,-578062.4974475757,631.868049866551,0.000865341861754132,
geometric,1.0,1,2013,true,93,0.7872637525810399,7,2.6821711289121573,39,0.41935483870967744,0.02,0,-4.460027033666224,-1.924405129503892,0.05430382199362092,False,2.3075830437084104,0.5076221363885516,7.105427357601002e-14,
geometric,1.0,1,2014,discovered,369,0.8938976800949133,1,1.8969691270390618,369,1.0,0.0,0,5.783448915498061,4.098660806628644,4.155474854531584e-05,False,-487715.9916725977,662.2594869143309,0.00273399074376357,
geometric,1.0,1,2014,true,98,0.755983447098588,7,2.0228841608014467,65,0.6632653061224489,0.0,0,-8.462971624976785,-2.700136552370836,0.006931102123964342,False,2.596462840194833,0.7993982016245554,3.836930773104541e-12,
geometric,1.0,1,2015,discovered,696,0.8923950782883228,1,1.938068227158049,696,1.0,0.0,0,16.679817550989018,7.9692853160646875,1.5959461331017204e-15,False,-10000.000861466455,92.80848126561371,0.0,
geometric,1.0,1,2015,true,100,0.7850221891722423,69,8.02647333188189,11,0.11,0.97,0,-0.10404163718591386,-0.3115440167505677,0.755387086057045,False,3.769706236265206,0.31805128595795584,6.117772954894463e-12,
geometric,1.0,1,2016,discovered,503,0.9061767889433794,1,1.9053811448765599,503,1.0,0.0,0,9.164701802776218,5.116701423956949,3.109252206188866e-07,False,-916894.186553367,904.1518661959141,0.00556282704565092,
geometric,1.0,1,2016,true,100,0.7711415587106042,51,7.040489027534614,14,0.14,0.29,0,-0.007897921821591325,-0.1060123137162516,0.9155725823111566,False,-0.25350062614295477,0.8598868062225362,2.2501303931221628e-08,
geometric,1.0,1,2017,discovered,543,0.9042332677406408,1,1.9163033600396733,543,1.0,0.0,0,10.654510143928796,5.919755155612401,3.2242125928247847e-09,False,-998103.6871948021,937.6621759236864,0.006235393902898068,
geometric,1.0,1,2017,true,99,0.7590754117405966,18,2.4659561460773327,48,0.48484848484848486,0.0,0,-6.736086958890067,-2.297665730918539,0.021580821417703348,False,3.3875869437323285,0.5417117813935151,6.821210263296962e-13,
geometric,1.0,2,2010,discovered,164,0.8829183742719177,1,2.334650083694685,164,1.0,0.04,0,-1.7338379431587763,-1.2242280722308472,0.22086620205870278,False,-3.1505960607266723,1.593255655633414,8.327560863108374e-12,
geometric,1.0,2,2010,true,78,0.8134328086921181,3,2.7829630560202294,44,0.5641025641025641,0.04,0,-2.329268757258122,-1.357735021415677,0.1745477798679479,False,1.10815631956344,0.6346940445757691,2.5579538487363607e-13,
geometric,1.0,2,2011,discovered,203,0.8748900557182556,1,2.0238470786469076,203,1.0,0.0,0,-1.728815032445807,-1.0529951681953666,0.2923432065789262,False,-5.551099518835664,2.3363238899373235,3.6393430491443723e-09,
geometric,1.0,2,2011,true,87,0.8078534154507215,11,4.987175710460208,17,0.19540229885057472,0.8,0,-0.5278181544684273,-0.7340952923373942,0.46289066251448685,False,2.2564369763166923,0.36164009553517484,1.3500311979441904e-13,
geometric,1.0,2,2012,discovered,288,0.9033502235968308,1,2.001953761831174,288,1.0,0.03,0,1.3485600887194318,1.1706235223816792,0.2417501380678142,False,-280885.7227336727,473.042721093416,0.0003589075431591482,
geometric,1.0,2,2012,true,96,0.7491908328230538,13,3.543463993312393,25,0.2604166666666667,0.06,0,-2.768123594338881,-1.5076947855885878,0.1316326607030616,False,2.807469266195584,0.3427862317413827,1.4779288903810084e-12,
geometric,1.0,2,2013,discovered,238,0.8970425254382887,10,3.9177367821635705,31,0.13025210084033614,0.3,0,-0.4364530734609846,-0.6287592104181102,0.5295067077786535,False,1.5409855003158026,0.6648844718020822,5.31912291990011e-11,
geometric,1.0,2,2013,true,95,0.7589076631430088,12,4.234863888811292,25,0.2631578947368421,0.83,0,-0.4177421317646153,-0.6179427939984616,0.5366130485342329,False,1.938479401835446,0.5642017551285095,7.574385563202668e-12,
geometric,1.0,2,2014,discovered,410,0.9061617514228263,1,1.9427602914622333,410,1.0,0.01,0,3.9795483624323245,2.6621394244202627,0.007764570928973719,False,-275507.41102145956,484.2701176394695,0.001995698976315907,
geometric,1.0,2,2014,true,100,0.7565170359388449,30,4.969058942308786,16,0.16,0.64,0,-0.5651000608594656,-0.7431070106289064,0.45741689553092235,False,3.302160497988535,0.3531538853317402,2.1316282072803006e-13,
geometric,1.0,2,2015,discovered,669,0.8882886718941829,40,4.8510136390196,25,0.03736920777279522,0.99,0,-0.14319658829060522,-0.33016165310821927,0.7412778200698227,False,2.3331972140742634,0.6846974803590788,1.5684520349168452e-10,
geometric,1.0,2,2015,true,100,0.780759356999774,39,3.286718300319948,34,0.34,0.01,0,-4.130256344330018,-1.7091691212524978,0.0874196268893508,False,3.9595542832163653,0.3716966182623636,2.8421709430404007e-13,
geometric,1.0,2,2016,discovered,508,0.8931861967868745,1,1.9892453876158211,508,1.0,0.0,0,9.739858900016136,5.848690096312473,4.9545919221895874e-09,False,-862495.7030942589,837.3077493645236,0.006338277386930713,
geometric,1.0,2,2016,true,100,0.7475947481235002,41,5.923118403500697,20,0.2,0.35,0,-0.5020372946542135,-0.707041794012097,0.47954050569792783,False,3.527751994013818,0.32355972530855925,7.62165086598543e-09,
geometric,1.0,2,2017,discovered,520,0.9055499781552747,1,1.895993796429099,520,1.0,0.0,0,9.570230485871658,5.290638656350032,1.218899731583605e-07,False,-991879.0293906452,945.6417688068094,0.005833472469930712,
geometric,1.0,2,2017,true,100,0.7305726689838506,48,7.514674396748468,16,0.16,0.64,0,-0.5657630606856383,-0.7768730729268385,0.43723365926565483,False,3.812722842143094,0.21530105196221982,5.81508174946066e-11,
geometric,1.0,3,2010,discovered,149,0.8800239465622466,1,2.2969991243143353,149,1.0,0.01,0,-3.2091871035077215,-1.655733155375962,0.0977758698266991,False,-1.2060707732827307,1.1889637209626016,3.2443381314806174e-10,
geometric,1.0,3,2010,true,75,0.8091992874016487,4,3.109720867995795,35,0.4666666666666667,0.2,0,-1.9251354776898602,-1.1878209310343386,0.23490396621220322,False,1.420679141200504,0.5346016489582697,1.2079226507921703e-12,
geometric,1.0,3,2011,discovered,213,0.8808375743844868,1,2.047564684999104,213,1.0,0.0,0,-0.9456745930545942,-0.6416559784343826,0.5210965779778904,False,-8.77461575039425,2.7887418266883603,2.919705366366543e-09,
geometric,1.0,3,2011,true,92,0.7835245229840033,8,4.007380738046425,28,0.30434782608695654,0.92,0,-0.4689702523833017,-0.6860251617037443,0.49269724166331375,False,1.4867737691517153,0.602372803000718,8.526512829121202e-14,
geometric,1.0,3,2012,discovered,278,0.9036915638597502,1,2.0744319458161384,278,1.0,0.01,0,2.520169006704025,2.2496975719574603,0.024468149764568046,False,-492993.1102552114,604.921476431213,0.001388460134876368,
geometric,1.0,3,2012,true,94,0.7975253198219362,9,2.7298207703662367,34,0.3617021276595745,0.09,0,-4.071433653748654,-1.86194214118706,0.06261124617068077,False,2.567655606684502,0.4865114140227075,5.684341886080802e-14,
geometric,1.0,3,2013,discovered,226,0.8890915437717508,12,8.728777250559476,12,0.05309734513274336,0.63,0,-0.05249467382820683,-0.24809287170082825,0.804062550802921,False,1.6947378001488316,0.35799867581852857,4.867217739956686e-13,
geometric,1.0,3,2013,true,91,0.7590205830187824,15,6.818555584921868,13,0.14285714285714285,0.51,0,0.0016118306139247807,0.2119695734663174,0.8321307717949654,False,-45880.698929744714,87.61796804840482,2.150463842554018e-06,
geometric,1.0,3,2014,discovered,399,0.8871447223230393,1,1.9748404178203645,399,1.0,0.0,0,7.1007692769523825,5.140297087176435,2.743044093149384e-07,False,-885837.3515211445,854.7603566753457,0.004048158729347051,
geometric,1.0,3,2014,true,100,0.7333614346428703,20,3.460880995514528,30,0.3,0.07,0,-2.774333067158466,-1.4957906738028723,0.13470821244774384,False,3.207252688069958,0.38649064860515053,1.7706724975141697e-11,
geometric,1.0,3,2015,discovered,622,0.9005322498100873,1,1.9032156754028724,622,1.0,0.0,0,15.694756895619648,7.537187519772698,4.802155587978389e-14,False,-10000.000287813491,94.70511572218595,0.0,
geometric,1.0,3,2015,true,100,0.7478856172452212,75,9.545956739131768,12,0.12,0.88,0,-0.003840498010195148,-0.06924177035568076,0.9447971749377289,False,0.24036615847368545,0.7076113533066701,3.7668584695893514e-07,
geometric,1.0,3,2016,discovered,515,0.9061348866500127,1,1.9344592815358983,515,1.0,0.0,0,7.332787095467015,4.328008553977243,1.5046362725422535e-05,False,-384007.08170717856,574.9517874126055,0.0039490694070991594,
geometric,1.0,3,2016,true,100,0.7537350868470172,37,5.054244722721696,20,0.2,0.16,0,-1.0224816370055358,-0.9172241240999633,0.359025207904477,False,3.62317125274435,0.30018205448837476,1.2505552149377763e-12,
geometric,1.0,3,2017,discovered,541,0.9018699575763435,1,1.9449874520148327,541,1.0,0.0,0,10.340662432580817,5.811418037576056,6.194586036969259e-09,False,-903357.4668776364,877.6385324007339,0.006366141639773559,
geometric,1.0,3,2017,true,100,0.7468633156590104,30,3.395601692025802,29,0.29,0.07,0,-3.8750996584214445,-1.7491560012597098,0.08026405721205543,False,3.7005278378758426,0.3391608986692115,1.5305090528272558e-11,
geometric,1.0,4,2010,discovered,128,0.8405136822400837,1,2.628192620849579,128,1.0,0.36,0,-1.0204271409115684,-1.0357677403810932,0.3003105109393859,False,-2.8251849112507927,1.3572521342073112,1.738271748763509e-10,
geometric,1.0,4,2010,true,75,0.7894877618924737,3,2.7821168851518605,44,0.5866666666666667,0.06,0,-3.8813988420001095,-1.7268546636193254,0.084193768314871,False,1.3509831660786809,0.5072206541789663,9.094947017729282e-13,
geometric,1.0,4,2011,discovered,215,0.891279703387965,1,2.082541672792827,215,1.0,0.02,0,-3.7198423893785115,-1.7531243556242944,0.07958066372390193,False,-2.508224656280576,1.6806781703345,1.2051373232679907e-09,
geometric,1.0,4,2011,true,85,0.8131839047650848,3,2.134305222319295,59,0.6941176470588235,0.02,0,-5.872399541574236,-2.1799470427361602,0.029261387279212035,False,1.5102649539574946,0.7898838117784941,5.684341886080802e-14,
geometric,1.0,4,2012,discovered,264,0.9125908742147057,1,1.931166459904605,264,1.0,0.0,0,-0.004914699536756828,-0.0035319764204259124,0.9971818964042637,False,-32.97870115339283,5.459194410570782,8.566665144371655e-06,
geometric,1.0,4,2012,true,94,0.7673108636947064,14,3.868255550377719,23,0.24468085106382978,0.1,0,-2.4791603760854373,-1.4292575546830815,0.15293022077466184,False,2.8503227027908253,0.30749293299246555,6.6128791331721e-10,
geometric,1.0,4,2013,discovered,243,0.8728855728549695,1,1.9709759842552685,243,1.0,0.0,0,0.3400811418296339,0.2598747067389385,0.7949604222245689,False,-24.932406934343554,4.674651613124814,3.343339699313219e-06,
geometric,1.0,4,2013,true,91,0.760028506458654,7,2.789011009154486,42,0.46153846153846156,0.03,0,-2.722520914164457,-1.4406530212065471,0.14968273320637246,False,2.070215601198493,0.6089194171454855,1.8474111129762605e-13,
geometric,1.0,4,2014,discovered,394,0.8877999870428042,1,1.8688504702127338,394,1.0,0.0,0,6.051819466605004,4.020937375710925,5.796701509931794e-05,False,-554599.9684188731,718.0858524477782,0.0023493316084568505,
geometric,1.0,4,2014,true,100,0.7425354063927846,23,4.018321412477554,27,0.27,0.21,0,-2.2892407310438885,-1.3125031839573102,0.1893504124585239,False,3.290666909549075,0.3269307359030554,4.547473508864641e-13,
geometric,1.0,4,2015,discovered,688,0.8987224024930546,1,1.9651764279502901,688,1.0,0.0,0,15.740868445598396,7.141067152341879,9.26090916558038e-13,False,-10000.000365336558,91.4178338469775,0.0,
geometric,1.0,4,2015,true,100,0.7743473699172168,59,4.533231176467992,24,0.24,0.03,0,-1.1126540082671754,-0.9490351202988384,0.34260275016328046,False,4.062231557337867,0.3592271526015056,2.0889956431346945e-12,
geometric,1.0,4,2016,discovered,504,0.8985319705451005,22,3.37654236569995,31,0.061507936507936505,0.38,0,-0.6815815053994485,-0.746342913100069,0.45546029473727834,False,2.5862286796819816,0.7054862643612062,4.196465397399152e-11,
geometric,1.0,4,2016,true,100,0.7542439098937301,44,7.837864391728852,15,0.15,0.73,0,-0.029664173414809092,-0.1962616465544331,0.8444053791719951,False,2.1180465217325164,0.5300149079833401,4.787850116372283e-10,
geometric,1.0,4,2017,discovered,463,0.8977563511644131,1,1.8977645561772631,463,1.0,0.0,0,8.057027744123388,4.885809660232243,1.0300467324141214e-06,False,-504037.10962220916,673.2480941263777,0.004598405599608668,
geometric,1.0,4,2017,true,100,0.772772497160715,35,4.198719987383319,25,0.25,0.19,0,-1.563670342859432,-1.155644676353033,0.24782652594709154,False,3.6299044503912445,0.35132104270168096,2.3590018827235326e-12,
geometric,1.0,5,2010,discovered,151,0.8819219187973121,1,2.294383759922236,151,1.0,0.02,0,-2.838496647440821,-1.5346797860330024,0.12486250350092083,False,-1.5182283170300672,1.270995877015525,1.7769252735888585e-10,
geometric,1.0,5,2010,true,80,0.7856681351432162,5,4.565565679614639,23,0.2875,0.97,0,-0.14190491422973217,-0.3935227049875384,0.6939334577429164,False,0.21984359632236833,0.6999235368758715,4.311431212045136e-10,
geometric,1.0,5,2011,discovered,207,0.8695401147415786,1,2.132667541242602,207,1.0,0.0,0,0.021628139400940327,0.0215300060689768,0.9828228676251375,False,-25.137250530561232,4.311868820087722,5.147342676536937e-07,
geometric,1.0,5,2011,true,90,0.7644816889481026,8,3.5401613034965873,30,0.3333333333333333,0.12,0,-1.8121271407491037,-1.3848597083568615,0.1660953692908702,False,2.1514605312289756,0.4383858974737881,2.5579538487363607e-13,
geometric,1.0,5,2012,discovered,305,0.9114162788387542,1,2.017972773275048,305,1.0,0.03,0,-0.7889041287615832,-0.5139896004054512,0.607259261567225,False,-17.580311779940956,3.8673818953852024,3.2013167583500035e-07,
geometric,1.0,5,2012,true,97,0.7510043564701675,18,5.539030611486039,12,0.12371134020618557,0.72,0,-0.516477353449075,-0.6985643382388502,0.48482433686868587,False,2.860894610782676,0.28341095767535635,1.8474111129762605e-13,
geometric,1.0,5,2013,discovered,253,0.8884763709954798,1,2.0281409433985167,253,1.0,0.0,0,0.8390225807318954,0.8160598652758096,0.4144658971405011,False,-5280.779497366166,63.97817220397952,2.957314791274257e-06,
geometric,1.0,5,2013,true,92,0.7965227388634573,14,4.554667837897694,15,0.16304347826086957,0.4,0,-0.8392812796227063,-0.8194511962474452,0.41252903560882836,False,2.6764909456210657,0.3258200522811793,9.308109838457312e-13,
geometric,1.0,5,2014,discovered,441,0.8734715953001164,1,2.050384324684839,441,1.0,0.0,0,7.982438941867451,5.867175390326847,4.432817030752572e-09,False,-867063.2858349953,813.3723570897859,0.004572308109345613,
geometric,1.0,5,2014,true,100,0.7352325375768505,9,2.258241720219899,59,0.59,0.0,0,-8.429100864020182,-2.4736408744885194,0.013374406340100859,False,2.767422023133624,0.6215339726821231,1.4210854715202004e-13,
geometric,1.0,5,2015,discovered,623,0.8986440944539502,1,1.8880124519393717,623,1.0,0.0,0,15.670516438849877,7.3957907912289205,1.4056917486301104e-13,False,-991062.0724060478,951.2011234049439,0.0,
geometric,1.0,5,2015,true,100,0.7722415363577085,59,4.664577924365251,24,0.24,0.27,0,-1.1872270942692769,-0.9864957087543553,0.32388991999635897,False,4.0820552407621005,0.3376354267183355,1.5631940186722204e-12,
geometric,1.0,5,2016,discovered,494,0.8823631110933724,1,1.9369790907847448,494,1.0,0.0,0,11.348909913796298,6.976054022215188,3.0358603121298025e-12,False,-866742.2993407149,864.2587307065498,0.0068946562123528565,
geometric,1.0,5,2016,true,100,0.7631028182274437,34,4.1859376170745035,26,0.26,0.4,0,-1.6812919492330982,-1.1868415585977297,0.2352901227853007,False,3.610078141035744,0.34795185049764055,1.3784529073745944e-12,
geometric,1.0,5,2017,discovered,485,0.8971559989866182,1,1.910188046293517,485,1.0,0.0,0,11.405709165223861,6.537438180558106,6.258149840967834e-11,False,-950921.0821503814,919.3011326102808,0.007306636314751813,
geometric,1.0,5,2017,true,98,0.7369758949977299,32,3.5140269822886414,32,0.32653061224489793,0.12,0,-1.597754461839878,-1.1001445253567275,0.2712691565709653,False,3.4725871098043664,0.48969262542929926,1.6058265828178264e-12,
geometric,1.0,6,2010,discovered,145,0.8630530036142772,1,2.423531797129476,145,1.0,0.21,0,-0.37802444981392735,-0.5007720161943671,0.6165315821420364,False,-12.088740229989426,2.7081170065886924,1.4084207577980123e-08,
geometric,1.0,6,2010,true,78,0.8049373913998091,7,5.998868569590317,15,0.19230769230769232,0.8,0,-0.3369000755355729,-0.6011800581422779,0.5477200652217764,False,1.7576041654895411,0.31193326702169566,2.4868995751603507e-14,
geometric,1.0,6,2011,discovered,211,0.8862130455270112,1,2.1782922390117028,211,1.0,0.02,0,-0.6429682394598739,-0.5501195839726996,0.5822373550969518,False,-12.25498897133048,3.0223480082486707,4.634046035789652e-09,
geometric,1.0,6,2011,true,91,0.8122368610884202,9,3.798129893450724,18,0.1978021978021978,0.45,0,-0.6201911700509373,-0.7631515477142619,0.4453730209353671,False,2.0344276574112055,0.4981328936717517,9.947598300641403e-14,
geometric,1.0,6,2012,discovered,293,0.8846120952239713,1,2.0139126162130268,293,1.0,0.01,0,3.03623175786091,2.7534573168929275,0.005896945908128775,False,-718358.0057823496,752.7369729540438,0.0012798289772035787,
geometric,1.0,6,2012,true,95,0.7988892144279532,4,2.0338485451134822,69,0.7263157894736842,0.0,0,-8.166487269454764,-2.518931631653713,0.011771151032200083,False,1.9516269538206246,0.8154337013656039,8.810729923425242e-13,
geometric,1.0,6,2013,discovered,243,0.8980285675623206,1,2.02862526354859,243,1.0,0.0,0,-1.3206217030784604,-0.7966216694985383,0.42567078846477224,False,-8.515296372579929,2.78231239134886,2.951219357782975e-08,
geometric,1.0,6,2013,true,94,0.7707759695749655,7,2.8066136637503156,41,0.43617021276595747,0.06,0,-2.4816115421167626,-1.4329442641323737,0.1518737661097798,False,2.034606936051728,0.6203702048347238,2.3305801732931286e-12,
geometric,1.0,6,2014,discovered,392,0.8672122923686496,1,1.9983346762784708,392,1.0,0.0,0,8.095013441739056,6.138914061233308,8.3087498346263e-10,False,-860655.1763991474,832.5838507911219,0.004579047473271203,
geometric,1.0,6,2014,true,99,0.7199082546390406,30,7.2379835098429455,18,0.18181818181818182,0.53,0,-0.54111617350062,-0.6872967369029236,0.49189575469939373,False,3.303615057602832,0.23763348726343528,5.6488147492927965e-12,
geometric,1.0,6,2015,discovered,612,0.907772316689021,1,1.8745676831794507,612,1.0,0.0,0,14.32197072581048,6.861490496567999,6.814573870078315e-12,False,-10000.000369325076,96.29432669801591,0.0,
geometric,1.0,6,2015,true,100,0.7369405040919091,77,6.060893786691825,15,0.15,0.16,0,-0.9675784268531169,-0.9009252777858137,0.36762805019046785,False,4.397534325487147,0.2199680862859926,5.329070518200751e-13,
geometric,1.0,6,2016,discovered,497,0.9168847361619828,1,1.8611976554569472,497,1.0,0.0,0,5.940892120237288,3.3186209135384317,0.0009046314774742985,False,-638347.9967000168,773.6004175903397,0.003185268507877481,
geometric,1.0,6,2016,true,100,0.7755127163141263,31,3.6328212104250555,29,0.29,0.0,0,-2.620393843532396,-1.4282652928320494,0.15321551360346114,False,3.6284614916310254,0.36637025344717933,6.252776074688882e-13,
geometric,1.0,6,2017,discovered,525,0.9012899523457654,1,1.915264650990683,525,1.0,0.0,0,10.463822926454394,5.916402710712309,3.2905896311337533e-09,False,-964873.8355908017,922.5857237988726,0.006427371272366145,
geometric,1.0,6,2017,true,100,0.748516121006534,42,5.174920278084933,20,0.2,0.66,0,-0.5122640428497807,-0.675882650756452,0.4991151536742501,False,3.5259430664233085,0.3791848600787035,9.208633855450898e-12,
geometric,1.0,7,2010,discovered,141,0.8707388482156192,1,2.3609635891853933,141,1.0,0.14,0,-2.6845785758136875,-1.5672103692260464,0.11706552752239763,False,-1.3085506968828078,1.1763742230126093,1.0743406164692715e-11,
geometric,1.0,7,2010,true,77,0.8454149434493147,6,4.356778296187575,15,0.19480519480519481,0.38,0,-0.26848123380850364,-0.5111863131251155,0.6092206016522863,False,1.3288351380144277,0.5159583172510375,1.644906433284632e-12,
geometric,1.0,7,2011,discovered,224,0.8831501300117407,1,2.0977083558542633,224,1.0,0.0,0,0.3651416402561898,0.37355337196191285,0.7087366301642101,False,-69.87526755477677,7.185000648225704,0.00023914931261970196,
geometric,1.0,7,2011,true,91,0.7874939944029171,10,4.2315790884147555,21,0.23076923076923078,0.11,0,-1.956285750754481,-1.3240830927077312,0.1854754500449881,False,2.465571113598928,0.286623321282863,4.973799150320701e-14,
geometric,1.0,7,2012,discovered,301,0.890523402213811,1,2.061679227427411,301,1.0,0.01,0,0.9527512315281594,0.8801526286241599,0.37877663191551814,False,-123784.84038402961,304.58535759766573,0.00013931896137364674,
geometric,1.0,7,2012,true,95,0.7602366285673003,4,2.002342369348259,66,0.6947368421052632,0.0,0,-10.740761118078412,-2.859020932194503,0.004249507428996062,False,2.1106707683458525,0.7237754123265187,9.634959496906959e-12,
geometric,1.0,7,2013,discovered,270,0.8836431743572807,1,1.9756526929495435,270,1.0,0.0,0,-0.37412251571142363,-0.24419433935011053,0.8070803109322005,False,-15.258188586739,3.7138399548212706,1.4578461104974849e-08,
geometric,1.0,7,2013,true,96,0.7471009900053689,13,4.50490178338483,18,0.1875,0.13,0,-1.4508184487964506,-1.0117686922741926,0.3116486625564754,False,2.6892151894068244,0.28327499042546767,3.453237695794087e-12,
geometric,1.0,7,2014,discovered,386,0.8971542787000677,1,1.9281684237764465,386,1.0,0.0,0,4.315075850668741,2.99708089259884,0.00272578373455492,False,-292054.8368310921,502.821629250899,0.0018059725198327214,
geometric,1.0,7,2014,true,98,0.7543635399411762,9,2.3027357698873696,58,0.5918367346938775,0.0,0,-6.753067388607741,-2.3198701812729525,0.020347901094776636,False,2.6758433635159022,0.6589309092143314,8.526512829121202e-14,
geometric,1.0,7,2015,discovered,608,0.9000605391716886,1,1.9159817662888827,608,1.0,0.0,0,13.801858553108072,6.835081472393298,8.195843661173854e-12,False,-10000.000063018477,93.95544065800985,0.0,
geometric,1.0,7,2015,true,100,0.7385095309190753,14,2.068325958936515,73,0.73,0.0,0,-8.278484714683056,-2.3932879611260605,0.016698129910115156,False,3.22405284885815,0.8194804717302632,1.5916157281026244e-12,
geometric,1.0,7,2016,discovered,510,0.8715358576618417,1,1.93722682161836,510,1.0,0.0,0,12.850005500463189,7.8730209659293,3.461786123383106e-15,False,-943178.0544298033,901.8515756913166,0.007682496534471284,
geometric,1.0,7,2016,true,100,0.7623706652351416,47,8.097474849919095,14,0.14,0.78,0,-0.28623319824565563,-0.5066418697781683,0.6124061246361228,False,3.6691631919163497,0.24129633083620827,5.258016244624741e-13,
geometric,1.0,7,2017,discovered,477,0.904123703239172,1,1.907636306615774,477,1.0,0.0,0,10.16823852699762,5.814038043268444,6.0983545398791465e-09,False,-978234.2660076781,933.3323775683389,0.006446219956160348,
geometric,1.0,7,2017,true,100,0.7760729478010101,43,4.989999569709236,22,0.22,0.27,0,-0.6436586386573806,-0.7242592318096212,0.4689066006172504,False,3.5941672996373937,0.3779746439077064,4.941114184475737e-11,
geometric,1.0,8,2010,discovered,151,0.8585217378415582,1,2.4391457388056543,151,1.0,0.11,0,-1.4630282088775832,-1.1858893821105658,0.2356659868512937,False,-2.908013392711512,1.47700058045323,1.5410250853165053e-10,
geometric,1.0,8,2010,true,79,0.8225289066375459,7,6.649825760461212,11,0.13924050632911392,0.5,0,-0.894900523895517,-0.859653684400431,0.38997997272792884,False,2.0460681656414157,0.16124090379733244,6.146194664324867e-12,
geometric,1.0,8,2011,discovered,214,0.8932562959781695,1,2.026839749807614,214,1.0,0.0,0,-3.114058632158722,-1.484966615167816,0.1375526679594062,False,-3.279795732846523,1.9099117471628106,3.83124643121846e-11,
geometric,1.0,8,2011,true,91,0.7586019744951324,3,2.174191792979005,67,0.7362637362637363,0.0,0,-8.307517290006487,-2.572294917915226,0.010102679087439443,False,1.6042726916311603,0.6867275016770777,8.697043085703626e-12,
geometric,1.0,8,2012,discovered,295,0.8988311539848618,1,1.9996637474357677,295,1.0,0.0,0,1.4892395933957205,1.3064655704944697,0.191394280022526,False,-305773.77539111435,494.19482976969954,0.0004242558215992176,
geometric,1.0,8,2012,true,98,0.7628792784681216,11,3.179643214929344,32,0.32653061224489793,0.05,0,-3.152819209409,-1.537346158476917,0.12420856368872579,False,2.648685497273193,0.4205828843855243,8.668621376273222e-13,
geometric,1.0,8,2013,discovered,269,0.8859108251813242,1,2.0829159241924446,269,1.0,0.01,0,0.5201688584107442,0.5156688702956196,0.6060857001168448,False,-223.57582011274923,12.852095742094818,0.0011729575251138158,
geometric,1.0,8,2013,true,93,0.7945453257433645,6,2.5255428267194433,44,0.4731182795698925,0.0,0,-5.181394141401043,-1.9050021571241462,0.05677979070143711,False,2.1956686873075673,0.5509086223349888,4.121147867408581e-13,
geometric,1.0,8,2014,discovered,365,0.8874406729053832,1,1.9551292681779329,365,1.0,0.0,0,6.880792992692367,5.020176819048691,5.162393735308173e-07,False,-685541.4899826408,760.1618425623635,0.0037746119014627766,
geometric,1.0,8,2014,true,100,0.7801575835722645,9,2.190393297194239,54,0.54,0.0,0,-7.384980569430987,-2.3213976401888132,0.020265392786536555,False,2.7846203782446923,0.6711489470000481,5.684341886080801e-13,
geometric,1.0,8,2015,discovered,600,0.9189509811951171,1,1.8392447717423077,600,1.0,0.0,0,8.996493400095929,4.326606867396454,1.5142386984380997e-05,False,-928044.2997664171,946.2800164786203,0.005647645258250122,
geometric,1.0,8,2015,true,100,0.7875424919478355,32,2.843252976862541,42,0.42,0.01,0,-4.994520338347909,-1.8610665589571789,0.06273477796589809,False,3.8261077926799674,0.4654842438281078,1.7422507880837657e-11,
geometric,1.0,8,2016,discovered,456,0.8993140901529136,1,1.8838557986311113,456,1.0,0.0,0,10.268735746430206,6.177021282075566,6.532227084213092e-10,False,-805870.4226872305,859.2064033773495,0.0057348518776052515,
geometric,1.0,8,2016,true,100,0.7431152694766798,27,3.3182425710516386,33,0.33,0.01,0,-2.7196224059505574,-1.4921128975189386,0.13566955129991687,False,3.4893360466649153,0.4325518606847468,8.810729923425242e-13,
geometric,1.0,8,2017,discovered,536,0.8993648781091802,1,1.9404002261929783,536,1.0,0.0,0,10.5439759921261,5.851985128732788,4.857400696928724e-09,False,-940067.1640957743,897.7508736825748,0.006907669845531927,
geometric,1.0,8,2017,true,100,0.7311836970104715,47,5.937368820293781,17,0.17,0.34,0,-1.0838172288820593,-1.0358907170366036,0.3002531288572524,False,3.9029140043176302,0.22586548514997465,4.476419235288631e-13,
geometric,1.0,9,2010,discovered,147,0.876958613908963,1,2.30390670892637,147,1.0,0.11,0,-2.121851896508254,-1.3999293920680422,0.1615344634060193,False,-2.1918916114936686,1.4211262097428938,2.8251179173821583e-11,
geometric,1.0,9,2010,true,79,0.7949218979175473,7,6.205854941238005,15,0.189873417721519,0.73,0,-0.29910810207913263,-0.5237096664363177,0.6004804912852042,False,1.7250637936049737,0.3124208102258486,2.3447910280083306e-13,
geometric,1.0,9,2011,discovered,234,0.8989084203664246,1,2.108454642830727,234,1.0,0.12,0,-1.5054083983305215,-0.995574810177286,0.3194567789670302,False,-7.47049244471935,2.5175716912107142,2.0804691303055733e-11,
geometric,1.0,9,2011,true,92,0.7835007768646879,10,4.603708535305341,20,0.21739130434782608,0.03,0,-2.2384188876076236,-1.519377988351773,0.1286673792883623,False,2.4784319225860463,0.23618631054204497,3.581135388230905e-12,
geometric,1.0,9,2012,discovered,294,0.879347372495124,1,2.0715494189221095,294,1.0,0.0,0,2.0264591292280096,1.965814495626733,0.04932004274670213,False,-418146.4727410973,557.5826431060716,0.0007822385005056276,
geometric,1.0,9,2012,true,98,0.7620927444031009,19,6.451087132337353,12,0.12244897959183673,0.65,0,-0.4061898936407782,-0.6994576015434515,0.48426610084540966,False,2.8653395598564293,0.258293026023097,3.446132268436486e-13,
geometric,1.0,9,2013,discovered,243,0.8837815250818634,1,1.965015283212497,243,1.0,0.0,0,-1.0464207829592933,-0.616321161717686,0.5376825748588323,False,-9.181919213915064,2.985134932699803,4.19845491705928e-10,
geometric,1.0,9,2013,true,94,0.7638568339796286,7,2.825112195270683,44,0.46808510638297873,0.18,0,-3.4974302377258857,-1.7415797361255678,0.08158200971041203,False,2.1569714348573195,0.547666257488476,8.526512829121202e-14,
geometric,1.0,9,2014,discovered,375,0.8804317490961181,1,1.9462272556712177,375,1.0,0.0,0,6.414345023420811,4.688352767551157,2.754129569680041e-06,False,-656338.1789271518,747.0984931427748,0.003014229078871722,
geometric,1.0,9,2014,true,99,0.7627057487841483,32,8.148688621133415,14,0.1414141414141414,0.99,0,-0.34474570904806434,-0.5549472739108063,0.5789307253833564,False,3.3355896221627153,0.22309587493640928,4.263256414560601e-14,
geometric,1.0,9,2015,discovered,691,0.8960715894228893,2,1.6735730563243123,221,0.31982633863965265,0.0,0,-8.088866126221212,-2.2190558771711446,0.02648292331385371,False,-0.31817426414915906,2.072107255372485,1.3153567124390975e-10,
geometric,1.0,9,2015,true,100,0.7872439779056692,47,3.7337337781430606,27,0.27,0.23,0,-1.6650928879794131,-1.2389443453378566,0.2153661095520759,False,3.9331769518784467,0.414612945037346,1.0935252703347942e-10,
geometric,1.0,9,2016,discovered,463,0.9087673452958064,1,1.8856695788829463,463,1.0,0.0,0,7.779115463774163,4.54956247673837,5.37575717798652e-06,False,-9999.999865548743,95.50582062796849,0.0,
geometric,1.0,9,2016,true,100,0.7786619973666656,42,4.958114237263715,20,0.2,0.15,0,-0.7624486244192017,-0.7031565684365465,0.48195818218284914,False,3.6646002216058955,0.344897602543211,1.2221335055073723e-12,
geometric,1.0,9,2017,discovered,522,0.8835437046441137,1,1.9248182305648815,522,1.0,0.0,0,13.559787921356257,7.949107496781176,1.8785999061047194e-15,False,-781096.8949341413,826.651861395987,0.008451270048681181,
geometric,1.0,9,2017,true,100,0.7524676139174908,45,5.833410901673971,23,0.23,0.79,0,-0.17724054151874125,-0.43508611439668926,0.6634999219711775,False,2.98146935194091,0.494515468936702,1.5774048733874224e-12,
geometric,1.0,10,2010,discovered,137,0.8831654616194069,1,2.2988593459677538,137,1.0,0.37,0,-1.3197819423251276,-1.076182574191583,0.281845611526916,False,-3.696983294387217,1.7212195416219367,1.5137402442633174e-10,
geometric,1.0,10,2010,true,76,0.8310257666226876,2,2.167357385893013,54,0.7105263157894737,0.01,0,-7.007537088415547,-2.3546901054897327,0.01853815853975072,False,1.2030684547797617,0.6516607357217865,4.405364961712621e-12,
geometric,1.0,10,2011,discovered,209,0.9053375770551415,1,2.0594853331601835,209,1.0,0.11,0,-1.0529198401336908,-0.7811028524763239,0.4347420043686704,False,-10.560189301074121,3.002883477433853,1.0038547770818695e-10,
geometric,1.0,10,2011,true,90,0.8363501149881992,12,4.954372689029276,15,0.16666666666666666,0.56,0,-0.7455683094250452,-0.815794252840036,0.4146178208375132,False,2.4912014207950524,0.3047625740508232,1.0658141036401503e-13,
geometric,1.0,10,2012,discovered,290,0.899434580207483,1,1.9450845348409906,290,1.0,0.0,0,1.612544004269914,1.342519183838747,0.17942771447498262,False,-206386.45426080286,418.1685491478875,0.00027867879725818057,
geometric,1.0,10,2012,true,96,0.7811129721149368,17,5.13985950177711,19,0.19791666666666666,0.42,0,-0.10059286628064079,-0.3247229049898144,0.7453907976285012,False,1.4873144012997197,0.6477838668378375,6.650680006714538e-12,
geometric,1.0,10,2013,discovered,233,0.8955249277649383,1,1.9197026696901032,233,1.0,0.0,0,0.2364286631009982,0.17717579341047512,0.8593703089073056,False,-27.327655101404954,5.029885650150527,1.653441984217352e-06,
geometric,1.0,10,2013,true,91,0.772335371576232,14,4.947859303489066,20,0.21978021978021978,0.35,0,0.007965908541319067,0.39542818964688714,0.6925269083429951,False,-101536.53263025236,158.2056541742169,2.430542735964991e-05,
geometric,1.0,10,2014,discovered,360,0.8860043181857682,1,1.9164064915135166,360,1.0,0.0,0,6.6985629922282905,4.84603156483711,1.259554852994807e-06,False,-794415.0654934288,836.2138718289156,0.0033265974825553712,
geometric,1.0,10,2014,true,99,0.7271847499410462,33,8.08474523034246,15,0.15151515151515152,0.12,0,-0.7464169235000959,-0.8213943549462808,0.4114216779666926,False,3.5013547012783715,0.17260648020905298,9.876544027065393e-13,
geometric,1.0,10,2015,discovered,629,0.8936015192562677,1,1.9358339862551832,629,1.0,0.0,0,14.611635505946875,6.794538859895479,1.0865952574548027e-11,False,-9999.999754511979,92.92320151495545,0.0,
geometric,1.0,10,2015,true,100,0.7596521737488336,46,3.639224731437345,31,0.31,0.0,0,-3.233525909171887,-1.5259565755162736,0.12702067942073567,False,4.056224000335979,0.3445102254572235,1.1368683772161603e-13,
geometric,1.0,10,2016,discovered,464,0.9079861450878363,1,1.8689083110653428,464,1.0,0.0,0,8.998974159328332,5.160799064041665,2.4589799928964513e-07,True,-1000000.0,966.2408744940078,0.0038030885571060935,
geometric,1.0,10,2016,true,100,0.7543494794206472,24,2.8562871812447344,38,0.38,0.0,0,-3.8449593972665834,-1.6410091625276857,0.10079551323940399,False,3.487933154838153,0.4951345288664632,6.335199032037053e-11,
geometric,1.0,10,2017,discovered,586,0.9051313354600861,1,1.9282101067804815,586,1.0,0.0,0,10.379542553640846,5.5604606928715254,2.6906344907900265e-08,False,-594242.4201048745,718.3475681416545,0.006377011818585743,
geometric,1.0,10,2017,true,100,0.7903469613636172,41,5.328014543985343,22,0.22,0.75,0,-0.33284023259702433,-0.553324285107681,0.580041374606289,False,3.2595782524270627,0.4406891839249949,1.0189182830799837e-11,
geometric,1.0,11,2010,discovered,145,0.882511922272725,3,3.522605335854323,29,0.2,0.48,0,-0.3451249827372016,-0.6263329616091527,0.5310965707297493,False,0.018008326267334937,0.7844689802850111,3.225864020350855e-12,
geometric,1.0,11,2010,true,78,0.8438573460979991,6,4.335987992107704,18,0.23076923076923078,0.33,0,-1.4899237088725572,-1.115845113092835,0.2644884394061262,False,1.9342490351993331,0.2820119981073609,7.105427357601002e-15,
geometric,1.0,11,2011,discovered,215,0.8935599643743112,1,2.0703030224177184,215,1.0,0.02,0,-1.5800085730159772,-1.0136058756430077,0.31077085289527273,False,-6.561586491627855,2.4342513928429037,5.405809133662842e-10,
geometric,1.0,11,2011,true,92,0.8189249185309637,2,1.8533792421398667,73,0.7934782608695652,0.0,0,-12.079763414103827,-2.99572034444725,0.002737974075100135,False,1.4812638849016362,0.8225536516587872,5.968558980384842e-13,
geometric,1.0,11,2012,discovered,303,0.890505739692838,1,2.026637546555899,303,1.0,0.0,0,2.3832184015331235,2.075488276438112,0.03794130428764388,False,-497833.3859050649,622.2120175724556,0.0009022987796925008,
geometric,1.0,11,2012,true,95,0.7446163628091321,21,8.459931376412406,11,0.11578947368421053,0.75,0,-0.1631999748110784,-0.38822905022216125,0.6978465368970657,False,2.784017237830537,0.25336782844934097,2.4513724383723456e-11,
geometric,1.0,11,2013,discovered,242,0.8895649745986247,1,2.0079593225452737,242,1.0,0.02,0,0.28979253250849,0.2443607695444478,0.8069514222822736,False,-37.899257020371664,5.58801338827868,1.2809497263788217e-05,
geometric,1.0,11,2013,true,96,0.7752570096770586,15,6.4927597629823275,15,0.15625,0.4,0,0.012730321957139523,1.1934490008369665,0.23269357409281388,False,-193218.63172467292,185.11906793183903,4.4619453547056764e-05,
geometric,1.0,11,2014,discovered,399,0.8666530355841323,1,2.053829497922764,399,1.0,0.0,0,7.977699692249718,6.13274453322422,8.637579359294497e-10,False,-972385.03511801,860.2863670418219,0.004771108699060278,
geometric,1.0,11,2014,true,100,0.7497800809497132,32,6.236824212220242,11,0.11,0.35,0,-0.5542463754704854,-0.6417154086352691,0.5210579826622663,False,3.4733264187493864,0.23288413175711017,2.0250467969162855e-12,
geometric,1.0,11,2015,discovered,618,0.9079301394757042,1,1.8903167063131212,618,1.0,0.0,0,13.21244038715199,6.458275737788584,1.0590265272743762e-10,False,-9999.99978304367,95.34565277589806,0.0,
geometric,1.0,11,2015,true,100,0.7963948232047302,6,1.6936931470465841,90,0.9,0.0,0,-17.746370115109332,-3.8675825832621613,0.00010991960901487482,False,2.9647272578468664,0.9752577116956472,1.8985701899509877e-11,
geometric,1.0,11,2016,discovered,494,0.8861360268634103,33,4.773976693444639,17,0.03441295546558704,1.0,0,0.005083755792039568,0.5299370767258212,0.5961555584533539,False,-111242.3549538487,170.6984503892343,4.158306910539977e-05,
geometric,1.0,11,2016,true,100,0.717835086741144,39,5.1731454225609435,19,0.19,0.33,0,-1.2928341613023222,-1.0056475066291586,0.31458516277477877,False,3.738542477488144,0.2600175299844589,1.2363443602225743e-12,
geometric,1.0,11,2017,discovered,481,0.8892585466712479,1,1.9068031163179537,481,1.0,0.0,0,12.436778791542212,7.353182153628671,1.9354289592094383e-13,False,-839060.7107504077,865.6002326888064,0.007429622029121674,
geometric,1.0,11,2017,true,100,0.7742356867802378,25,2.976007431964831,39,0.39,0.0,0,-5.108715555368099,-1.9405817426815348,0.05230903038020679,False,3.576066637582929,0.4147731840756565,5.115907697472721e-13,
geometric,1.0,12,2010,discovered,139,0.8613514246082157,1,2.393449975800597,139,1.0,0.02,0,-1.1025479404181477,-0.9844272477856988,0.3249054862242903,False,-3.8914244353874086,1.683544652119208,1.268745108973235e-10,
geometric,1.0,12,2010,true,78,0.8284220289453814,7,5.219573269934535,14,0.1794871794871795,0.3,0,-1.1605085670597173,-0.9358276381540316,0.34936193894707235,False,2.064713044270686,0.22193864506256333,1.680433570072637e-12,
geometric,1.0,12,2011,discovered,211,0.871074113501305,1,2.00783046965488,211,1.0,0.01,0,-1.7526691833315713,-1.0075712623171817,0.3136603308067448,False,-5.4737616248625915,2.3462846049695014,4.2498413677094504e-09,
geometric,1.0,12,2011,true,90,0.8025036502661401,9,4.295652228241604,20,0.2222222222222222,0.63,0,-0.23090180878921007,-0.536007478494306,0.5919533819092978,False,1.3627815059457669,0.6268328535233487,8.746781077206833e-12,
geometric,1.0,12,2012,discovered,285,0.8818974928806651,1,1.9910336011839813,285,1.0,0.0,0,1.0397649350529692,0.9502302777369762,0.34199525712649215,False,-95984.09391837433,278.0523698964397,4.752209861180745e-05,
geometric,1.0,12,2012,true,96,0.7485891766362859,19,8.65354433298921,12,0.125,0.67,0,-0.23095395984921763,-0.409529894708084,0.6821508327689896,False,2.769471740811749,0.22418415989071727,2.6645352591003757e-13,
geometric,1.0,12,2013,discovered,231,0.9013000825653028,1,1.9886302956732915,231,1.0,0.01,0,-0.4126720457766364,-0.30238392075582005,0.7623594107669784,False,-17.128368985901453,3.885355496086384,1.8581147287477506e-08,
geometric,1.0,12,2013,true,96,0.7725842418357606,11,3.895906329150854,25,0.2604166666666667,0.13,0,-2.5425408546564023,-1.4450809242652387,0.14843515641561683,False,2.5956379887575,0.31005943812667786,4.263256414560601e-14,
geometric,1.0,12,2014,discovered,399,0.9128631203267379,1,1.9965469439467007,399,1.0,0.07,0,3.0645735152030813,2.134546962805225,0.03279803366427509,False,-544204.7840935588,660.8287991015637,0.0017453849586672732,
geometric,1.0,12,2014,true,97,0.7672910716662356,27,4.424181259688717,19,0.1958762886597938,0.17,0,-1.2905094704397682,-0.9864876521889788,0.3238938715667342,False,3.3855048440253803,0.316354605166592,1.6484591469634324e-12,
geometric,1.0,12,2015,discovered,676,0.9029587794207232,1,1.940846658239402,676,1.0,0.0,0,14.770368481917792,7.060531899946905,1.6586646149258923e-12,False,-10000.000284209764,92.62310087283633,0.0,
geometric,1.0,12,2015,true,100,0.7657885531971947,68,6.439625388844376,12,0.12,0.89,0,-0.6290551286316255,-0.7610986962022224,0.44659811916851666,False,4.234144172316114,0.22219442932330047,2.559374934207881e-11,
geometric,1.0,12,2016,discovered,553,0.8835190303797158,1,1.9770111713042344,553,1.0,0.0,0,12.822462874574356,7.565448920884784,3.8652738156787566e-14,False,-9999.999744077306,90.8279446232441,0.0,
geometric,1.0,12,2016,true,100,0.7556228832898626,26,3.288067339232715,33,0.33,0.02,0,-2.4043671805590563,-1.2718067885316233,0.20344177638693317,False,3.414541595345291,0.46129710898333437,6.110667527536862e-13,
geometric,1.0,12,2017,discovered,526,0.9043454388117826,1,1.9083752915829988,526,1.0,0.0,0,8.708042958238613,4.8924908120100445,9.956776572376256e-07,False,-657921.0319792281,764.2844053538063,0.005055827528849477,
geometric,1.0,12,2017,true,100,0.763015284856893,41,5.197877609691518,19,0.19,0.95,0,-0.2254877107648281,-0.46813093625567137,0.6396909572941942,False,3.093541208310272,0.49370898296940724,2.3447910280083306e-12,
geometric,1.0,13,2010,discovered,150,0.8843249371392463,1,2.374574087650949,150,1.0,0.09,0,-2.976326108643571,-1.6231062856079488,0.10456668618119062,False,-1.212116473173094,1.1434543359728175,6.59383658785373e-12,
geometric,1.0,13,2010,true,77,0.8270728756903031,6,4.728805039605722,15,0.19480519480519481,0.53,0,-0.2583597669544888,-0.4840235674042176,0.6283691435372888,False,1.3678265791421544,0.46683799152124544,6.465938895416912e-13,
geometric,1.0,13,2011,discovered,223,0.8907922829668414,1,2.150320671297405,223,1.0,0.01,0,-2.39140305872621,-1.3459168972974416,0.17832931877744052,False,-4.007446434081943,1.912831758749162,8.753886504564434e-12,
geometric,1.0,13,2011,true,89,0.7923229196402696,5,2.762358021809201,41,0.4606741573033708,0.21,0,-2.778132606594445,-1.5131509454792464,0.1302413213507936,False,1.7497019740173498,0.5997538369682454,2.842170943040401e-14,
geometric,1.0,13,2012,discovered,278,0.8945796312401962,1,1.9316309659653095,278,1.0,0.0,0,0.6453561108566026,0.46337755783042567,0.6430937620286798,False,-40.87194741400435,6.0493698652151044,1.3701297802981571e-05,
geometric,1.0,13,2012,true,97,0.8134876658732686,19,5.07639397491799,13,0.13402061855670103,0.84,0,-0.377389614667039,-0.5390275238663729,0.5898678630029627,False,2.777784202184688,0.36771815210357905,8.810729923425242e-13,
geometric,1.0,13,2013,discovered,241,0.9086359442465562,1,2.0055736130945556,241,1.0,0.0,0,-0.6515310869565285,-0.4578643697666268,0.6470498864527845,False,-15.336449886938745,3.6582179420456424,2.5971871764340904e-08,
geometric,1.0,13,2013,true,94,0.7962677042886704,11,3.4267291543630805,22,0.23404255319148937,0.37,0,-0.8811523488175395,-0.8595866616995926,0.3900169301541264,False,2.2898863197625685,0.5466701363909297,2.9984903449076228e-12,
geometric,1.0,13,2014,discovered,417,0.9095590567473643,1,1.9293200103274089,417,1.0,0.0,0,5.037827798566623,3.2781538765943274,0.0010448841931730425,False,-645091.7205274578,746.9984918201418,0.0025737120122357737,
geometric,1.0,13,2014,true,99,0.7322533493976416,34,7.30480665747349,10,0.10101010101010101,0.26,0,-0.29888796111554505,-0.5055590765298916,0.6131662163398832,False,3.4281688242212156,0.23599319534093655,9.308109838457312e-13,
geometric,1.0,13,2015,discovered,670,0.9012007137474715,1,1.8878292286486862,670,1.0,0.0,0,15.318264710990896,7.243690923503477,4.36635848094458e-13,False,-10000.00025783734,95.51572858530184,0.0,
geometric,1.0,13,2015,true,100,0.7280711773718695,19,2.2560357115956866,63,0.63,0.0,0,-7.18533482413559,-2.2815912523647874,0.02251348365385874,False,3.4499388932283743,0.6955709285423726,1.192006493511144e-10,
geometric,1.0,13,2016,discovered,553,0.9059961912652434,1,1.9181130808953388,553,1.0,0.0,0,9.149779934179689,5.082530408592905,3.724396626906143e-07,False,-933226.884184296,905.159050677229,0.005387066084040271,
geometric,1.0,13,2016,true,100,0.760002861214599,12,2.1699618215695744,62,0.62,0.0,0,-7.619667893867707,-2.328257865604613,0.019898415181591494,False,3.049315225472105,0.720022949128224,8.526512829121202e-14,
geometric,1.0,13,2017,discovered,467,0.8822315382790317,1,1.863709972064184,467,1.0,0.0,0,12.559929693180042,7.553338211099386,4.2424142635204555e-14,False,-10000.000008458075,96.99069777500684,0.0,
geometric,1.0,13,2017,true,100,0.7579324615788291,44,6.487784657142896,17,0.17,0.81,0,-0.5789282751846136,-0.7279592742613135,0.46663851678780577,False,3.7048330587040064,0.25926581329411674,8.526512829121202e-14,
geometric,1.0,14,2010,discovered,141,0.9012811917639525,1,2.2493142790433858,141,1.0,0.05,0,-2.9876653988030135,-1.590647174065076,0.1116890015993059,False,-1.403647608691188,1.272787280154814,9.634959496906959e-12,
geometric,1.0,14,2010,true,72,0.8750809526127097,4,3.10702417196823,26,0.3611111111111111,0.59,0,-0.19978344839359785,-0.464583893874993,0.6422294684292933,False,-0.9002007042101987,1.162559085970312,5.7838178690872155e-12,
geometric,1.0,14,2011,discovered,225,0.8877877468134283,1,2.1274000113957667,225,1.0,0.0,0,-0.008115807517264706,-0.007650478952659454,0.9938958605066898,False,-30.030359253661157,4.704234186420829,1.7524837403470883e-07,
geometric,1.0,14,2011,true,89,0.7999627869072788,14,7.958770952947926,12,0.1348314606741573,0.77,0,0.0028304506786831496,0.3307056797507698,0.7408668116693686,False,-41721.10317838383,76.32618562215539,7.739414286334068e-06,
geometric,1.0,14,2012,discovered,281,0.8834702359439908,1,1.9383139287612414,281,1.0,0.0,0,0.46586114468861695,0.32852944740579176,0.7425113829027312,False,-28.825627294422866,5.101567594149229,8.666973712934123e-06,
geometric,1.0,14,2012,true,96,0.7728304822274368,16,4.8314097757193615,19,0.19791666666666666,0.61,0,-0.14826827979642054,-0.37596319491449576,0.7069442582489577,False,1.7312070701833577,0.6180209204083684,5.998401775286766e-11,
geometric,1.0,14,2013,discovered,267,0.8957501468649361,1,2.047362767133621,267,1.0,0.03,0,0.059102669890242154,0.04840675836853469,0.9613920732217794,False,-35.27161489581603,5.286836627665681,1.563113249858361e-05,
geometric,1.0,14,2013,true,94,0.7973201622200339,4,2.1705641440355774,61,0.648936170212766,0.0,0,-6.7138681481699445,-2.2116627638296835,0.02698997518278929,False,1.8564303242754259,0.7386559688870584,9.947598300641403e-13,
geometric,1.0,14,2014,discovered,416,0.9082335106696533,1,1.9313760980143768,416,1.0,0.01,0,4.116194264869707,2.705450182178302,0.006821187872232255,False,-512705.35009539226,664.8901130694538,0.0020925876533510746,
geometric,1.0,14,2014,true,98,0.7647066788261764,34,6.893613384374108,16,0.16326530612244897,0.86,0,-0.1257761076795445,-0.3446863735126766,0.7303301634197832,False,2.865135919504502,0.4014656153754006,1.6825651982799172e-11,
geometric,1.0,14,2015,discovered,696,0.8953075015521339,1,1.9664025829265057,696,1.0,0.0,0,16.086754155540042,7.433485868847095,1.0577249666113743e-13,False,-9999.999318713988,91.36321437864825,0.0,
geometric,1.0,14,2015,true,100,0.7717286800434552,22,2.3501322599894525,55,0.55,0.0,0,-5.750043263114673,-2.0185473093696706,0.04353429224781662,False,3.529029554475051,0.6725643884902109,3.382183422218077e-12,
geometric,1.0,14,2016,discovered,451,0.8953398401806686,1,1.8614988857737171,451,1.0,0.0,0,8.44092662833395,5.064077191611019,4.103833506965509e-07,False,-748489.3242378391,838.6551960861607,0.004268546986168076,
geometric,1.0,14,2016,true,100,0.712973198244007,39,5.016272661736327,19,0.19,0.4,0,-0.7152995897227918,-0.7889232949769494,0.43015683958321416,False,3.5873179827025687,0.3413760904417635,5.968558980384842e-13,
geometric,1.0,14,2017,discovered,496,0.8919279078598695,1,1.8795089453046552,496,1.0,0.0,0,10.601822289160985,6.1085537748444025,1.005379860555287e-09,False,-976622.6942455312,948.1650640608718,0.006231192710401956,
geometric,1.0,14,2017,true,100,0.7486445446645689,53,6.016908796642042,13,0.13,0.37,0,-0.4212892842634508,-0.5631134679651515,0.573357621128217,False,3.8690429913331905,0.28945360220087185,1.4210854715202004e-13,
geometric,1.0,15,2010,discovered,148,0.8804163703622818,1,2.4229082500654653,148,1.0,0.65,0,-0.5144489622928652,-0.6218299479406779,0.5340536917808649,False,-11.244417540857125,2.6204719292789407,4.263398523107753e-09,
geometric,1.0,15,2010,true,78,0.8433031263486278,5,3.6546725022085482,21,0.2692307692307692,0.26,0,-0.6740124732306976,-0.7271987657121648,0.4671042022227926,False,1.4092494853375963,0.5244251441196822,8.810729923425242e-13,
geometric,1.0,15,2011,discovered,205,0.8923038957915386,1,2.057458620710344,205,1.0,0.0,0,-0.350464083919781,-0.2949254549171693,0.7680508261496838,False,-17.277592223316965,3.7563428907207452,8.432152753812261e-10,
geometric,1.0,15,2011,true,89,0.7977022282252355,6,2.7444649080215844,34,0.38202247191011235,0.01,0,-4.523737377913477,-1.9485344863322265,0.05135104251812723,False,2.179620033591253,0.45312985426363345,5.968558980384842e-13,
geometric,1.0,15,2012,discovered,268,0.8882203882295351,1,1.9424727822952779,268,1.0,0.01,0,0.5633527952931239,0.4257531903295573,0.6702876991592139,False,-38.65295070582792,5.852318982363886,4.730501075300708e-06,
geometric,1.0,15,2012,true,93,0.774341415002907,16,4.809785415543378,17,0.1827956989247312,0.09,0,-1.4293606177115752,-1.0445538573107016,0.2962292151996929,False,2.8948260768328127,0.25725081631538216,4.142464149481384e-12,
geometric,1.0,15,2013,discovered,252,0.9150221698863289,1,2.005959024322198,252,1.0,0.03,0,-2.0700092332207074,-1.1219392520399991,0.26188826984158176,False,-6.814811630570073,2.566532723001086,4.5497472456190735e-10,
geometric,1.0,15,2013,true,93,0.786669928318248,8,3.155999887225894,32,0.34408602150537637,0.42,0,-1.4244054287767085,-1.1230243249653877,0.26142716361014595,False,2.008689200253342,0.5884656590119568,2.9984903449076228e-12,
geometric,1.0,15,2014,discovered,386,0.8931258254461926,1,1.8454994949154733,386,1.0,0.0,0,4.661108219290805,3.0372191953589254,0.0023877175660069632,False,-468416.05937742314,669.0524331288782,0.0013009786080147023,
geometric,1.0,15,2014,true,99,0.70684444800278,38,8.355368047936274,11,0.1111111111111111,0.82,0,-0.19343356269763534,-0.49236286096648246,0.622462849069704,False,3.42104322020759,0.2449660942152538,8.668621376273222e-13,
geometric,1.0,15,2015,discovered,663,0.9036453729815804,1,1.8864509318683567,663,1.0,0.0,0,15.134666462517798,7.02966667616191,2.0702751133699698e-12,False,-9999.999536432912,95.59708905205883,0.0,
geometric,1.0,15,2015,true,100,0.7724599152542968,70,5.875458556394123,15,0.15,0.7,0,-0.21827684464995611,-0.4465153203347664,0.655225048508836,False,3.8272876047804534,0.39721467547572237,5.5493387662863825e-12,
geometric,1.0,15,2016,discovered,468,0.8994954066186702,1,1.8996062682707255,468,1.0,0.0,0,9.963388719504078,5.940866804563618,2.8351890971758955e-09,False,-737257.790321057,814.014963945112,0.005819162572151981,
geometric,1.0,15,2016,true,100,0.7512005971166438,14,2.3148096836831127,58,0.58,0.01,0,-6.494827279166717,-2.3341841405498696,0.019586081978163816,False,3.1089430131978615,0.6680698961037554,6.090772330935579e-11,
geometric,1.0,15,2017,discovered,554,0.901325142447742,1,1.9292511072118352,554,1.0,0.0,0,12.051691896664485,6.521699735635507,6.951507097026958e-11,False,-9999.999852853562,93.22392116286231,0.0,
geometric,1.0,15,2017,true,99,0.7234520791060901,34,3.625849009473747,31,0.31313131313131315,0.14,0,-2.0101590821007336,-1.2587710487688182,0.20811304028150635,False,3.628233146280093,0.42219161413487105,8.01492205937393e-12,
geometric,1.0,16,2010,discovered,142,0.8911776564660341,1,2.3038467917507703,142,1.0,0.25,0,-2.6794444448691657,-1.5547654369759545,0.12000194353230605,False,-1.5155934427446804,1.263956951719937,4.77740513815661e-10,
geometric,1.0,16,2010,true,77,0.8049638845534591,4,3.2337717178008565,34,0.44155844155844154,0.45,0,-1.6842205892283952,-1.1762052765114832,0.2395128564903487,False,1.3808825539843625,0.5227073081915956,3.688285232783528e-10,
geometric,1.0,16,2011,discovered,224,0.8827823504148045,1,2.144662664038929,224,1.0,0.0,0,0.041256340890988064,0.041390264385883224,0.966984774042315,False,-34.95417414818529,5.018508198867685,2.9663492568943184e-06,
geometric,1.0,16,2011,true,92,0.8250043167133304,2,1.8504351241957369,74,0.8043478260869565,0.0,0,-9.429802954054646,-2.6683013359515066,0.007623584901771171,False,1.3459790370270388,0.9396500515577444,9.811174095375463e-11,
geometric,1.0,16,2012,discovered,312,0.9002658869422543,1,2.0785750682046955,312,1.0,0.0,0,0.9347342215157832,0.8441368308224441,0.3985929486270493,False,-205776.50599588657,389.4970458663064,0.00021759086394013138,
geometric,1.0,16,2012,true,100,0.7734339496491484,13,3.547916898520857,24,0.24,0.02,0,-3.235548570029808,-1.6677990816370807,0.09535561826743473,False,2.8433527825160176,0.3131290244639329,1.41824330057716e-11,
geometric,1.0,16,2013,discovered,236,0.8900020026519752,1,1.9719796940240786,236,1.0,0.0,0,1.1833444261991684,1.118536697888265,0.26333784218992096,False,-56155.796540059775,214.89584862895848,6.947383553779218e-05,
geometric,1.0,16,2013,true,94,0.7733649992745752,5,2.1854004569883716,52,0.5531914893617021,0.0,0,-8.39213738631932,-2.602860997944855,0.009244942813413586,False,2.2311455332900145,0.6149218954516961,3.126388037344441e-13,
geometric,1.0,16,2014,discovered,393,0.8803468285267184,1,1.9632899578026777,393,1.0,0.0,0,5.617008057870665,4.103100939613977,4.07649289506502e-05,False,-769219.953103657,800.7813549723273,0.002611532937407901,
geometric,1.0,16,2014,true,99,0.7229962193842077,29,5.510714854994265,16,0.16161616161616163,0.65,0,-0.44147006916107756,-0.6077538580241513,0.5433507364993815,False,3.199337509398032,0.3402132939790392,5.542233338928781e-13,
geometric,1.0,16,2015,discovered,599,0.9045134739737675,1,1.9112791473472885,599,1.0,0.0,0,12.996159349302129,6.16497101236235,7.049605337821958e-10,False,-9999.999714157086,94.19712967794118,0.0,
geometric,1.0,16,2015,true,100,0.776296787420468,49,3.5595912881623315,28,0.28,0.05,0,-3.1262937773858184,-1.478675291278953,0.13922711916725278,False,4.140822997424088,0.34497681649795486,6.465938895416912e-12,
geometric,1.0,16,2016,discovered,488,0.9077033451061169,1,1.8788562318120796,488,1.0,0.0,0,7.491455670763701,4.323213836248171,1.5377255673550587e-05,False,-757068.9680867381,834.0404573102737,0.004010627754723828,
geometric,1.0,16,2016,true,100,0.7358870428135725,43,6.399058529401872,14,0.14,0.11,0,-0.5161239037806813,-0.6655561741044494,0.5056948269085779,False,3.7004414580383753,0.25572107133687244,1.8474111129762605e-13,
geometric,1.0,16,2017,discovered,489,0.8982850830833194,1,1.8764852548260638,489,1.0,0.0,0,9.406349951305078,5.444327343254417,5.200151483625793e-08,False,-997181.3552682821,959.3695452741362,0.005218285423325142,
geometric,1.0,16,2017,true,100,0.727071448368278,53,7.794205194120715,13,0.13,0.12,0,-1.145890277118979,-0.9691432625018863,0.33247371491974387,False,4.044722638408425,0.14341634714450288,1.1368683772161603e-13,
geometric,1.0,17,2010,discovered,156,0.8927533722448558,1,2.4377219491085587,156,1.0,0.59,0,-1.115241646868454,-0.8631534147806234,0.3880531229896502,False,-5.174399715544265,1.855053086487005,2.2130279830889776e-09,
geometric,1.0,17,2010,true,75,0.8644940101364124,2,2.167587715014607,53,0.7066666666666667,0.01,0,-5.477464745188726,-2.1006922476923897,0.03566799028561663,False,1.093709258607278,0.7290895809817007,2.1316282072803006e-13,
geometric,1.0,17,2011,discovered,196,0.8863858004353021,1,2.008321181910657,196,1.0,0.01,0,-0.5303515078771301,-0.40120811258262445,0.6882669083819016,False,-12.21687794882048,3.2971434853440726,1.1301779068162432e-08,
geometric,1.0,17,2011,true,87,0.7742757151999011,14,7.508184560933152,11,0.12643678160919541,0.76,0,-0.3789492913738406,-0.5526264122756758,0.5805192522203587,False,2.584446082369153,0.21108760381673683,1.4210854715202004e-14,
geometric,1.0,17,2012,discovered,268,0.9017742047744675,1,2.086633447961178,268,1.0,0.11,0,0.6951003035793866,0.6737662185655444,0.5004599549866972,False,-199039.35063284004,381.5694360273748,0.0001829505954447086,
geometric,1.0,17,2012,true,94,0.7735963805758383,5,2.1867667784288884,55,0.5851063829787234,0.0,0,-6.361260373586909,-2.1150881394563403,0.034422435904635444,False,2.1086160866706116,0.716972140684137,7.401013135677204e-11,
geometric,1.0,17,2013,discovered,252,0.8888963382498691,1,2.0427434363970622,252,1.0,0.0,0,0.9454735264848635,0.9428759012133919,0.3457443826486539,False,-57844.5740997853,210.19252834886535,0.00010096535061165923,
geometric,1.0,17,2013,true,93,0.7370872780325698,15,6.00390245410705,18,0.1935483870967742,0.73,0,-0.0897117035010675,-0.31418470386196407,0.7533807594647108,False,1.5493591350837492,0.5431990316035027,1.7258301454603497e-09,
geometric,1.0,17,2014,discovered,381,0.894349610285707,1,1.9560072224878318,381,1.0,0.0,0,5.429756243028745,3.9314944676356904,8.441943930564223e-05,False,-656144.6862269465,742.5676692157094,0.002708939584408654,
geometric,1.0,17,2014,true,99,0.7311507692476148,36,7.5414016647307625,10,0.10101010101010101,0.71,0,-0.30498414650608296,-0.5099586480473959,0.6100804326068415,False,3.4935272549008243,0.22588809752107133,9.237055564881302e-14,
geometric,1.0,17,2015,discovered,556,0.9082399873732216,1,1.8029162849851177,556,1.0,0.0,0,12.509486282578216,6.1430693225984925,8.094193606776642e-10,False,-850722.201663478,929.0059961144074,0.007788866662849614,
geometric,1.0,17,2015,true,100,0.7288415063331944,37,2.7777275286128322,39,0.39,0.0,0,-5.390651744708435,-1.9552325216780246,0.050555631628331994,False,4.023345389792717,0.451551971720442,2.842170943040401e-14,
geometric,1.0,17,2016,discovered,537,0.8991574475337563,1,1.9476322033872544,537,1.0,0.0,0,10.322169631915042,5.86416616454709,4.51395273255181e-09,True,-1000000.0,922.6348580178634,0.005847184443155129,
geometric,1.0,17,2016,true,100,0.7525575949096178,11,2.1127844462129266,68,0.68,0.0,0,-7.900008573266675,-2.5018577005291576,0.012354357016492927,False,2.9634581542878484,0.7765700370913188,4.888534022029489e-12,
geometric,1.0,17,2017,discovered,542,0.8854528074357786,1,1.9079226335853294,542,1.0,0.0,0,13.387520473089683,7.378062043377194,1.6061012566297514e-13,False,-960772.034425562,925.5127924163861,0.008535851289707352,
geometric,1.0,17,2017,true,100,0.7497948075239445,11,2.132461807037322,65,0.65,0.0,0,-9.40560033204049,-2.594477839916736,0.009473472036832178,False,3.041936556167071,0.6899941649159008,0.0,
geometric,1.0,18,2010,discovered,148,0.87828506100795,1,2.3476797574494914,148,1.0,0.23,0,-2.7374363291748143,-1.6032839570390627,0.10887197678279009,False,-1.4161811363008818,1.2115365108457061,1.5756995708215982e-10,
geometric,1.0,18,2010,true,83,0.8470663981403174,8,7.104607420427206,10,0.12048192771084337,0.93,0,-0.22738443411146525,-0.4579274356866732,0.6470045752253666,False,1.9375542426236585,0.252960575781134,1.5987211554602254e-12,
geometric,1.0,18,2011,discovered,213,0.884672137227429,1,2.074375308725751,213,1.0,0.01,0,-1.5613799885519217,-0.9808703625404559,0.3266566744135838,False,-6.093862534500173,2.3559721879039306,6.310187927738298e-10,
geometric,1.0,18,2011,true,90,0.793121108287901,12,5.8072571717979935,15,0.16666666666666666,0.54,0,-0.0915042343342507,-0.28544837768775216,0.7753006484379379,False,1.4723983902342166,0.5271026816169635,8.039791055125534e-12,
geometric,1.0,18,2012,discovered,282,0.8839187562440198,1,1.95441384849082,282,1.0,0.0,0,-0.07011312976885442,-0.046829098043477756,0.9626494375825467,False,-19.584833074507934,4.216591762200665,2.606384441605769e-08,
geometric,1.0,18,2012,true,98,0.7471623530074384,16,5.270931901432169,18,0.1836734693877551,0.68,0,-0.48500952803288766,-0.6173838007810128,0.536981604289891,False,2.58610505088415,0.3595048038792767,1.0587086762825493e-12,
geometric,1.0,18,2013,discovered,228,0.8901270206890858,1,1.92057767979181,228,1.0,0.0,0,-2.440505969238359,-1.1837733542736326,0.2365027926187072,False,-4.997443296979119,2.397005714515825,2.3800339477020316e-10,
geometric,1.0,18,2013,true,91,0.7625899172660555,12,3.898114293032075,25,0.27472527472527475,0.0,0,-3.1897206450619735,-1.620117968972099,0.10520693816132395,False,2.721988579585144,0.28080447421658405,0.0,
geometric,1.0,18,2014,discovered,348,0.9010719928178625,1,1.8615896505657314,348,1.0,0.0,0,3.3396668916162744,2.3177543757169565,0.020462673969011864,False,-237456.02069250483,471.42510628035166,0.0011015541040251264,
geometric,1.0,18,2014,true,100,0.7556812196044502,15,2.9492209192046377,43,0.43,0.0,0,-3.289950306131834,-1.5507495984896167,0.1209617033700061,False,2.904483291059024,0.5284139964817355,3.154809746774845e-12,
geometric,1.0,18,2015,discovered,539,0.9010506606868696,1,1.7877366383578328,539,1.0,0.0,0,12.929321420278228,6.503298956086439,7.857741505469707e-11,False,-806845.4921348694,914.2035466491594,0.007421692450407136,
geometric,1.0,18,2015,true,100,0.7545934261123481,54,4.310163986528776,27,0.27,0.03,0,-1.4547296744483318,-1.0093905104077259,0.3127873877223698,False,4.020080707250889,0.3613524949555934,1.1510792319313623e-12,
geometric,1.0,18,2016,discovered,443,0.89653690726205,1,1.8616176134138531,443,1.0,0.0,0,7.878733706734753,4.855340904721076,1.2017981006144641e-06,False,-655202.663765802,784.4386404280768,0.003806022446042334,
geometric,1.0,18,2016,true,98,0.7603067776866446,20,2.7392758045974035,42,0.42857142857142855,0.01,0,-4.991276942950234,-1.956249608789612,0.050435757140602576,False,3.3733285079399167,0.4918773971338005,1.5063505998114124e-12,
geometric,1.0,18,2017,discovered,500,0.9013206240968992,1,1.8638336307345222,500,1.0,0.0,0,8.923060427487291,5.048624129804689,4.4500328952440503e-07,False,-10000.00010414112,96.79479986216826,0.0,
geometric,1.0,18,2017,true,100,0.7434201003019467,12,2.1621131169802297,62,0.62,0.0,0,-9.653513379264627,-2.574452245452288,0.010039894512240483,False,3.138895668234003,0.650182782736394,5.684341886080801e-13,
geometric,1.0,19,2010,discovered,157,0.8542737981893632,1,2.599060952041464,157,1.0,0.99,0,0.14011696514413696,0.212181921937766,0.8319651098488667,False,-328476.82378356234,402.9523907171393,0.00024493086129950825,
geometric,1.0,19,2010,true,74,0.8297582133869591,3,2.501947296786271,41,0.5540540540540541,0.02,0,-3.960216222469109,-1.784261161058094,0.0743812381579086,False,1.4164917768570484,0.5892661766015193,1.3784529073745944e-12,
geometric,1.0,19,2011,discovered,208,0.8965768193694527,1,2.14217574458911,208,1.0,0.04,0,-1.6211795079648743,-1.0717141368530811,0.28384844917412666,False,-5.77355550442379,2.2208752052458083,8.757865543884691e-10,
geometric,1.0,19,2011,true,89,0.8135262343022807,13,5.680068298217233,10,0.11235955056179775,0.5,0,-0.7823608260626758,-0.8834712549029552,0.37698170676744835,False,2.6567791166731194,0.21323683014984557,1.3251622021925868e-12,
geometric,1.0,19,2012,discovered,280,0.8985552984399688,1,1.9733962927882622,280,1.0,0.03,0,0.15814853060987755,0.11823230554314385,0.9058835933475701,False,-36.347610015071666,5.5816237180748125,2.031418944170582e-07,
geometric,1.0,19,2012,true,94,0.7736995820205315,20,7.527669620683588,11,0.11702127659574468,0.87,0,-0.053935368703321274,-0.24469834921595962,0.8066900063271885,False,2.1011458068169317,0.41906402835705453,5.626432653116353e-11,
geometric,1.0,19,2013,discovered,251,0.8802896318899104,1,1.9433434718669047,251,1.0,0.01,0,-1.3564546899334644,-0.7558832423965494,0.44971920197426896,False,-8.13260873929757,2.8738271039320487,4.696232736023376e-09,
geometric,1.0,19,2013,true,95,0.7776064258193931,13,4.603543527515902,21,0.22105263157894736,0.69,0,-0.7131913250115931,-0.7781332770320281,0.43649044676848836,False,2.4400788224134815,0.38983544140385595,8.526512829121202e-13,
geometric,1.0,19,2014,discovered,378,0.8847174149533676,1,1.8929506615420038,378,1.0,0.0,0,5.83026773082656,4.1307552006393236,3.615734548305679e-05,False,-503527.5457046266,674.4647329478895,0.002653948620718438,
geometric,1.0,19,2014,true,100,0.749846392240661,17,2.8041524124251036,36,0.36,0.0,0,-6.513771274251479,-2.2446407278492275,0.024791205945172808,False,3.2864253167306527,0.3894955147449184,3.979039320256561e-13,
geometric,1.0,19,2015,discovered,648,0.8971199487648138,1,1.9096973479343453,648,1.0,0.0,0,16.419337250380437,7.95842354787043,1.742450068224581e-15,False,-885260.3703798447,887.6140069656793,0.0,
geometric,1.0,19,2015,true,100,0.771947763157995,67,6.180505913468537,13,0.13,0.42,0,-0.6971101227846961,-0.8258799473057011,0.40887219683210785,False,4.2243313944368674,0.23125393605651157,9.947598300641403e-14,
geometric,1.0,19,2016,discovered,489,0.9045706728816666,1,1.9029399348034042,489,1.0,0.0,0,8.393123233952318,4.944580338598111,7.630806812589046e-07,False,-958716.0140475747,925.6645371901902,0.004921184985505533,
geometric,1.0,19,2016,true,99,0.7500619024447006,18,2.5250781403997733,47,0.47474747474747475,0.0,0,-6.248824402562586,-2.1694226205102174,0.030050613155362244,False,3.3534585795006864,0.5334535734245761,1.3102408047416247e-10,
geometric,1.0,19,2017,discovered,527,0.8967210773560975,1,1.9101353513133301,527,1.0,0.0,0,10.235222291205329,5.894133501779346,3.7665256987637365e-09,True,-1000000.0,942.3867605974833,0.005606807028925687,
geometric,1.0,19,2017,true,100,0.7473169514842786,17,2.4041564679521343,50,0.5,0.0,0,-5.790158593839938,-2.0315754414922678,0.04219665498807017,False,3.2892513012602196,0.6167433972269035,5.968558980384842e-13,
geometric,1.0,20,2010,discovered,155,0.876131840703995,1,2.4148095122413222,155,1.0,0.39,0,-1.2416631329018668,-1.0729044293639503,0.28331399851166805,False,-4.032520296378136,1.6920265474087302,2.7071678232459817e-10,
geometric,1.0,20,2010,true,82,0.8549686476900095,2,2.1731302473638463,55,0.6707317073170732,0.01,0,-5.452409981389652,-1.9750294371032082,0.04826480750118379,False,1.0769580872493485,0.7359559104537702,4.263256414560601e-14,
geometric,1.0,20,2011,discovered,209,0.8887245879497901,7,5.362260511619454,18,0.0861244019138756,0.76,0,-0.07480910823784725,-0.29697884648505735,0.7664826590282963,False,0.4022045895432046,0.6512592790201747,5.040590167482151e-11,
geometric,1.0,20,2011,true,96,0.7795316943142383,10,5.491788819517144,17,0.17708333333333334,0.51,0,-0.0950281418613077,-0.29235208128647994,0.7700174420863467,False,1.1324503470595355,0.5787305897508969,5.839950745212263e-11,
geometric,1.0,20,2012,discovered,271,0.8982512196065955,1,1.9798628956517714,271,1.0,0.0,0,0.5404070643502674,0.4692495921329993,0.6388912414587722,False,-146.8929246236283,11.000795474881022,0.0010085842805551692,
geometric,1.0,20,2012,true,96,0.7655079625610586,12,3.7284066208500386,28,0.2916666666666667,0.42,0,-1.0051464988374241,-0.8836517203412566,0.37688425013557647,False,2.340366233707676,0.5063663358463131,1.2562395568238571e-11,
geometric,1.0,20,2013,discovered,225,0.8857901717632733,1,1.8888653067937522,225,1.0,0.0,0,-2.8194617772513144,-1.2859609889922243,0.1984566767807009,False,-4.40878730960804,2.3388958913353766,3.1584477255819365e-09,
geometric,1.0,20,2013,true,93,0.7799126517685339,16,6.329796057490618,12,0.12903225806451613,0.44,0,-0.12688624009542782,-0.344385827311957,0.7305561459214693,False,2.2286100878458255,0.39851218770013885,6.24140739091672e-11,
geometric,1.0,20,2014,discovered,427,0.9132514491895615,1,1.9720440102568677,427,1.0,0.0,0,5.175542669596279,3.3015943459029087,0.0009613699699106324,False,-888642.2999191759,856.3439838372593,0.0031280734210668015,
geometric,1.0,20,2014,true,100,0.7838512866749254,14,2.6479915386483888,46,0.46,0.05,0,-4.103041366717239,-1.757886569373674,0.078766811494943,False,2.9340607076664114,0.5865527661579156,1.2789769243681803e-12,
geometric,1.0,20,2015,discovered,692,0.904036055259643,1,1.9583544273555513,692,1.0,0.0,0,15.564443147390936,7.1689826519724145,7.555712952166324e-13,False,-9999.999855958327,91.74631484061193,0.0,
geometric,1.0,20,2015,true,100,0.7814515912669354,8,1.779267407471128,86,0.86,0.0,0,-15.080368846546936,-3.497208684786371,0.0004701538924476175,False,3.0921209654335136,0.919509908764243,1.3073986337985843e-12,
geometric,1.0,20,2016,discovered,509,0.9006026467995643,1,1.8603068089196486,509,1.0,0.0,0,9.970541379912127,5.6282456480046354,1.8205170260341818e-08,False,-956814.268115503,949.0806313906892,0.005177004793949891,
geometric,1.0,20,2016,true,100,0.7691530464675866,17,2.6119313856459816,54,0.54,0.04,0,-4.168712277865054,-1.9287603443817039,0.053760620949768405,False,3.074926608389284,0.6393519486595098,3.410605131648481e-13,
geometric,1.0,20,2017,discovered,523,0.8905147064576905,1,1.9207007617270362,523,1.0,0.0,0,11.96226464021288,6.900603383765808,5.17821199366636e-12,False,-595121.6649465316,722.7463700220767,0.007206987241261231,
geometric,1.0,20,2017,true,99,0.7269180197464483,45,4.959252603430266,17,0.1717171717171717,0.03,0,-1.5004839417990872,-1.0492434392421794,0.2940660905282574,False,3.933543213063106,0.24624481602609163,1.5916157281026244e-12,
geometric,1.0,21,2010,discovered,164,0.8386707641709447,1,2.6230976945227242,164,1.0,0.11,0,-1.934829026781724,-1.4245436922160808,0.15428914658271356,False,-1.7030646058077947,1.1369175256666095,5.4939164328970946e-11,
geometric,1.0,21,2010,true,82,0.8562592072220231,6,4.545353082325455,14,0.17073170731707318,0.44,0,-0.42705845763020944,-0.6270117764387982,0.5306515157223664,False,1.6340704498621303,0.3990154456885198,1.3145040611561853e-13,
geometric,1.0,21,2011,discovered,218,0.8960879450491701,1,2.0779479531098652,218,1.0,0.06,0,-1.649823792459138,-1.0303939689006942,0.3028251032524969,False,-6.294038262396096,2.382476581889726,5.514948497875594e-10,
geometric,1.0,21,2011,true,95,0.7969908789263969,15,8.805915108895123,10,0.10526315789473684,0.28,0,-0.8955616150548713,-0.8311356644713603,0.4058969941584818,False,2.7796326415815784,0.11891307255571604,4.241940132487798e-12,
geometric,1.0,21,2012,discovered,297,0.8949587740659218,1,2.0122710232015164,297,1.0,0.03,0,2.751824650342198,2.385885766262787,0.0170380425181572,False,-574761.5039980861,673.7533232901728,0.0012572098503369489,
geometric,1.0,21,2012,true,92,0.773445350147911,6,2.1725053443678157,56,0.6086956521739131,0.0,0,-9.218718508936632,-2.704245999390488,0.006845958630697054,False,2.4344632575430603,0.6194757815750912,8.526512829121202e-14,
geometric,1.0,21,2013,discovered,258,0.8798117487002428,1,2.0212199625114287,258,1.0,0.0,0,-0.11994952843627438,-0.08897724972105399,0.929099990486544,False,-19.37439139359982,4.039216749845026,6.414040853996994e-09,
geometric,1.0,21,2013,true,93,0.7391408945011697,14,6.577586574222127,15,0.16129032258064516,0.86,0,-0.18055351625785132,-0.40276190822254565,0.6871233859785775,False,2.1910673239634457,0.36264286879034807,1.1471712468846818e-11,
geometric,1.0,21,2014,discovered,419,0.9039966384313936,1,1.9216206885377038,419,1.0,0.0,0,6.5595399144222934,4.262473499901168,2.0217648070897222e-05,False,-789100.845982214,830.4456563166644,0.0034667507170524914,
geometric,1.0,21,2014,true,98,0.7398021049459348,16,2.9679435328018533,43,0.4387755102040816,0.3,0,-2.505666805383325,-1.504355518598326,0.13248985100943458,False,2.8507265661590386,0.5863281672685302,1.6768808563938364e-12,
geometric,1.0,21,2015,discovered,674,0.8982503462882706,1,1.9471040617078712,674,1.0,0.0,0,15.939462622234974,7.254466520168022,4.0324800017637115e-13,False,-9999.999605350675,92.34682578789037,0.0,
geometric,1.0,21,2015,true,100,0.7854367660018681,12,1.9329700558803498,78,0.78,0.0,0,-11.617833804415241,-3.1560851417550384,0.0015990217685332435,False,3.281528092762077,0.8301728941465283,2.8421709430404007e-13,
geometric,1.0,21,2016,discovered,478,0.8832126977469447,1,1.918564888544973,478,1.0,0.0,0,11.91852036124791,7.370766438088681,1.6964984025636098e-13,False,-938260.8284081264,908.9563599569478,0.006849266241260921,
geometric,1.0,21,2016,true,99,0.7341576089572416,44,5.039978749314332,17,0.1717171717171717,0.09,0,-0.8557968849103719,-0.7188615100898089,0.4722262538907386,False,3.7927971307226622,0.3034671401093542,7.041478511382593e-12,
geometric,1.0,21,2017,discovered,497,0.8953932066222267,1,1.900275368868123,497,1.0,0.0,0,10.94111070567013,6.284511107943001,3.2888702036292606e-10,False,-520457.48904274835,683.7948120501105,0.006568362286998308,
geometric,1.0,21,2017,true,100,0.7345416918591087,21,2.703343523878932,46,0.46,0.01,0,-4.479509048444868,-1.816953979556374,0.06922416027305829,False,3.367395955573609,0.548543387419111,8.810729923425242e-13,
geometric,1.0,22,2010,discovered,147,0.8869042820647884,1,2.4487100461766462,147,1.0,0.03,0,-3.2921528146520327,-1.6742456186728378,0.09408233731475414,False,-0.8507264088904032,1.0058365895762287,1.878674993349705e-11,
geometric,1.0,22,2010,true,79,0.7728826821575683,3,2.955582377109494,50,0.6329113924050633,0.16,0,-3.0375604013702597,-1.5783388961995204,0.1144877746547104,False,1.188970852867671,0.5401983624823753,1.517719283583574e-11,
geometric,1.0,22,2011,discovered,213,0.8846543904440225,1,2.1248370216344536,213,1.0,0.0,0,0.5547307331496314,0.6534602726132115,0.5134595929775699,False,-107023.17821236156,274.8189801662678,6.634757028223248e-05,
geometric,1.0,22,2011,true,94,0.8158242385914158,12,4.258009710332962,16,0.1702127659574468,0.09,0,-1.7577626614056197,-1.2423515952088309,0.21410686662158096,False,2.674763021227049,0.2663845765617658,1.4210854715202004e-14,
geometric,1.0,22,2012,discovered,297,0.8872445223908506,1,2.016565613826932,297,1.0,0.0,0,0.12436692214029854,0.08878243391007093,0.9292548182639665,False,-25.981199474915933,4.646098460770877,1.4922859463695204e-06,
geometric,1.0,22,2012,true,95,0.7340492670785204,9,3.015254274987975,40,0.42105263157894735,0.12,0,-2.9481779973878823,-1.5659332505217316,0.11736424461167307,False,2.3668140772520947,0.5138688464451008,1.0103917702508625e-11,
geometric,1.0,22,2013,discovered,231,0.8848266583585784,1,2.068788818217297,231,1.0,0.0,0,0.5961238089561993,0.6065160371877762,0.5441721362577085,False,-153.9988778973075,10.756944861911476,0.0021800007992851533,
geometric,1.0,22,2013,true,94,0.7613177562103622,12,4.844257800040587,22,0.23404255319148937,0.22,0,-0.8838529056679074,-0.9232822327747201,0.35586014443651637,False,2.42797998141701,0.34103932260708103,4.959588295605499e-12,
geometric,1.0,22,2014,discovered,363,0.895202009332123,1,1.9033960249484676,363,1.0,0.0,0,5.00598884578706,3.5304369543644265,0.0004148738769124101,False,-462379.742059547,642.1399171249838,0.0023128603697841754,
geometric,1.0,22,2014,true,100,0.7360086812553357,29,6.4049268201911564,21,0.21,0.33,0,-0.5157110146709893,-0.62589887911241,0.5313812697834452,False,3.1924210439986416,0.2956716904641164,4.263256414560601e-14,
geometric,1.0,22,2015,discovered,558,0.8960316834893919,1,1.8726884071496743,558,1.0,0.0,0,14.296983449794974,7.398536637083242,1.3769340532730266e-13,False,-381656.24774493725,595.7641242980193,0.009328659286438779,
geometric,1.0,22,2015,true,100,0.7504961479161186,29,2.649140462062172,42,0.42,0.04,0,-4.905945203875594,-2.004312147153134,0.04503663346750811,False,3.7638617779159786,0.5245238380980701,1.0061285138363019e-10,
geometric,1.0,22,2016,discovered,538,0.8984895128023828,1,1.9535373062868522,538,1.0,0.0,0,10.525294731324642,6.08720124175373,1.1490151095412942e-09,False,-927767.5895407558,885.3267091178149,0.0064791595041242545,
geometric,1.0,22,2016,true,100,0.7577905001965952,13,2.3605717794104413,58,0.58,0.02,0,-5.431615248524729,-2.0415759365475132,0.04119361428202142,False,2.9423023161217454,0.6972448015501065,3.780087354243733e-12,
geometric,1.0,22,2017,discovered,492,0.9019980241902621,1,1.891858310000291,492,1.0,0.0,0,10.176399925074818,5.749544292649598,8.948430900206999e-09,False,-10000.000659739479,95.23601517089914,0.0,
geometric,1.0,22,2017,true,100,0.7482154884755476,54,8.038149566346158,14,0.14,0.95,0,-0.01171438901318389,-0.11217833236243244,0.910682008987139,False,1.1777151596595994,0.6591748281824844,3.279716054294113e-09,
geometric,1.0,23,2010,discovered,141,0.8896109298203135,1,2.31858572470481,141,1.0,0.18,0,-1.0745113235136756,-0.9195916862187111,0.35778617289991044,False,-4.850271084591623,1.8994204699499695,7.548806024715304e-11,
geometric,1.0,23,2010,true,77,0.8365070962748393,6,4.1614872319562926,17,0.22077922077922077,0.29,0,-0.48047268042158753,-0.6031427160913815,0.5464137517478371,False,1.568974164866042,0.4634042654262839,4.6000536713108886e-11,
geometric,1.0,23,2011,discovered,212,0.9181627375894352,5,3.1809295316354755,36,0.16981132075471697,0.39,0,0.011521872918503817,0.08109443879172291,0.935366848324408,False,-29.47161969594221,3.702978225774676,2.128547873780917e-05,
geometric,1.0,23,2011,true,89,0.7715429071863769,13,5.97040897835759,10,0.11235955056179775,0.6,0,-0.0643514740286486,-0.25720523680607704,0.7970203415867552,False,1.6210068506226547,0.5035351863748815,6.555112008754804e-11,
geometric,1.0,23,2012,discovered,273,0.9095797820643776,1,1.8960234689146274,273,1.0,0.0,0,0.1469711473419082,0.09542418740306113,0.9239779049671818,False,-26.337135734779125,5.015383168297793,1.668499862716999e-07,
geometric,1.0,23,2012,true,97,0.785851205670184,19,5.123806030342631,11,0.1134020618556701,0.75,0,-0.26459193349028487,-0.46870664958462716,0.6392793332585816,False,2.703363284012981,0.38942867145847665,5.506706202140776e-13,
geometric,1.0,23,2013,discovered,266,0.895516568597447,1,1.9927726910103902,266,1.0,0.01,0,0.7107966461953792,0.6040848175740257,0.5457872529635119,False,-115.14173181145318,9.687440684112293,0.0016166675042654788,
geometric,1.0,23,2013,true,94,0.7615483139054258,6,2.5395643107328367,50,0.5319148936170213,0.01,0,-4.181781441612371,-1.7878944991508792,0.07379303056550743,False,2.0580371787292813,0.635604259480713,3.694822225952521e-13,
geometric,1.0,23,2014,discovered,385,0.8830619479596021,1,1.9213756087594591,385,1.0,0.0,0,6.14202901236273,4.4284959626199125,9.489249480664002e-06,False,-777571.970252677,824.4498132785204,0.0027241956795478472,
geometric,1.0,23,2014,true,100,0.7443390178588927,31,4.900033372527034,16,0.16,0.03,0,-1.3940488627608123,-1.0709585683967342,0.2841880592924775,False,3.5600802235467888,0.2504765463219384,6.977529665164184e-11,
geometric,1.0,23,2015,discovered,605,0.901473116033494,1,1.8842234628917365,605,1.0,0.0,0,14.196586510578538,7.145076424000528,8.994583286608095e-13,False,-10000.000116601017,95.72569767055197,0.0,
geometric,1.0,23,2015,true,100,0.7236822758010023,69,6.672128421319758,13,0.13,0.26,0,-0.8789001897009725,-0.876671240165936,0.38066523220142956,False,4.289019106114596,0.19236856897095142,4.689582056016661e-13,
geometric,1.0,23,2016,discovered,494,0.897327009958148,1,1.955664145285114,494,1.0,0.0,0,10.05339489303384,5.982162869974992,2.201939281088839e-09,False,-906959.6550527291,874.4506529843067,0.006211223053469439,
geometric,1.0,23,2016,true,100,0.7486558214127638,6,1.841588636771299,84,0.84,0.0,0,-11.689011021605829,-2.8947124503562907,0.003795060025466396,False,2.6108224856746776,0.9438213497916546,1.0686562745831907e-11,
geometric,1.0,23,2017,discovered,535,0.892244766419495,1,1.9801075394653127,535,1.0,0.0,0,11.981988240314502,6.890704560709091,5.55167308393559e-12,False,-10000.000527186916,90.66561903659478,0.0,
geometric,1.0,23,2017,true,100,0.8044342686712224,41,4.690187228780153,23,0.23,0.6,0,-0.8925043984279157,-0.8668304113850154,0.386034936603454,False,3.6408800521496523,0.36758805535606026,1.0246026249660645e-11,
geometric,1.0,24,2010,discovered,163,0.8889067326163116,1,2.3068899771555933,163,1.0,0.06,0,-2.3698387015477955,-1.425437977549871,0.1540306366464125,False,-2.1916916503886186,1.4189150342454966,2.034994395216927e-11,
geometric,1.0,24,2010,true,78,0.8039538771668058,6,4.662416355558683,16,0.20512820512820512,0.42,0,-0.4075590992782385,-0.6576435286751291,0.5107672172072668,False,1.562665907177054,0.4129715658355633,1.6342482922482304e-13,
geometric,1.0,24,2011,discovered,215,0.8823139993314384,1,2.0875959023140465,215,1.0,0.05,0,0.09929255358000155,0.09729193226808416,0.9224945627240624,False,-36.290677819415045,5.252053229318331,4.721516688732663e-08,
geometric,1.0,24,2011,true,93,0.7983877825683957,13,8.181538908881988,10,0.10752688172043011,0.5,0,-0.6345613639088454,-0.8433078096283424,0.39905631622306326,False,2.609790181962511,0.14863087778463988,2.5579538487363607e-13,
geometric,1.0,24,2012,discovered,320,0.8955780567482178,1,2.066875085852511,320,1.0,0.01,0,2.161564107196712,1.8817299098490168,0.059872696552310714,False,-353527.65347780345,513.8538639894393,0.0009450938168811263,
geometric,1.0,24,2012,true,94,0.7446991652839795,9,2.72350798356325,41,0.43617021276595747,0.01,0,-5.024835082886526,-1.9062825057903956,0.05661356272558181,False,2.5757858610849373,0.4830451331401303,1.4210854715202004e-14,
geometric,1.0,24,2013,discovered,219,0.8668631930747287,11,5.16050039957927,15,0.0684931506849315,0.65,0,-0.10669584815357602,-0.3649402941935845,0.7151559751466057,False,1.354427477041174,0.5829352037328751,1.4296119843493216e-11,
geometric,1.0,24,2013,true,94,0.7494917088320259,14,5.5970583109384595,19,0.20212765957446807,0.15,0,-0.4014494511560649,-0.6791090206553068,0.4970687872511784,False,2.374386499203044,0.3629433295407139,6.963318810448982e-13,
geometric,1.0,24,2014,discovered,413,0.9087046318731045,1,1.9293872898056172,413,1.0,0.0,0,5.540972247273179,3.648566452364585,0.0002637076957183972,False,-826512.0873522363,845.7468262365599,0.0028679572878900217,
geometric,1.0,24,2014,true,100,0.7550773212701155,28,5.358523411957074,17,0.17,0.25,0,-0.14901142223897423,-0.33350377421046545,0.7387540409617342,False,2.520997673125372,0.5240926626018938,4.780531526193954e-11,
geometric,1.0,24,2015,discovered,637,0.9018416613788206,1,1.9020734472949725,637,1.0,0.0,0,14.584797975159159,7.076258096129267,1.4809892322987363e-12,False,-616418.3472348393,743.5747728105368,0.009577988730598008,
geometric,1.0,24,2015,true,100,0.7441412816960171,74,9.526528355160561,11,0.11,0.65,0,-0.4682000660194561,-0.6577936875280906,0.5106707111750342,False,4.2871607458403815,0.15360509750665124,2.5579538487363607e-13,
geometric,1.0,24,2016,discovered,513,0.8950485861792322,1,1.9336894425698998,513,1.0,0.0,0,11.255771566948173,6.567534099450702,5.115530007197318e-11,False,-955483.1490735887,908.8372554278753,0.006594800831408065,
geometric,1.0,24,2016,true,100,0.7038455939937835,17,2.443967670291342,47,0.47,0.0,0,-7.8889313289682015,-2.465098420591379,0.013697562122817204,False,3.3829947964389087,0.5057648311292281,9.350742402602918e-12,
geometric,1.0,24,2017,discovered,496,0.9066873168369995,1,1.8597349357584863,496,1.0,0.0,0,8.879859391994113,4.974246899700445,6.550178208768518e-07,False,-763517.2143759606,847.8417767584183,0.004821233021175431,
geometric,1.0,24,2017,true,100,0.7924755061513896,14,2.1985031244252737,59,0.59,0.0,0,-8.123222647721372,-2.4912440893860266,0.012729663337687266,False,3.235906155994921,0.6684541220332374,5.684341886080801e-13,
geometric,1.0,25,2010,discovered,142,0.9063493158295478,1,2.17785445235559,142,1.0,0.08,0,-3.6912918293745474,-1.8055931653967732,0.07098191103408956,False,-1.147302959652071,1.2567415358162473,1.1965539670200087e-11,
geometric,1.0,25,2010,true,80,0.8390001431848708,7,5.025640546033711,13,0.1625,0.12,0,-0.9527812135714768,-0.82815826115225,0.4075808781789695,False,2.0480453376281815,0.24595060632254953,1.0658141036401503e-13,
geometric,1.0,25,2011,discovered,194,0.8913147819655993,1,1.9585088238389696,194,1.0,0.0,0,-1.9654707098229807,-1.0542378713364489,0.29177402528179175,False,-4.991288912212761,2.3349421001305397,6.117090833868133e-09,
geometric,1.0,25,2011,true,87,0.8004217680364243,7,3.155552273435218,30,0.3448275862068966,0.26,0,-1.29388583302427,-0.9857950820014881,0.32423367959505334,False,1.8592749118153862,0.5923565159254723,7.716494110354688e-12,
geometric,1.0,25,2012,discovered,277,0.8865268208207927,1,1.9613993942476344,277,1.0,0.0,0,1.0232753078331829,0.8339901967610377,0.40428650809749167,False,-102.19146942928856,9.293675685640675,0.001741218743461559,
geometric,1.0,25,2012,true,94,0.7746215660095921,5,2.100465356227005,55,0.5851063829787234,0.0,0,-11.279507096725894,-2.9932433223719226,0.0027602958420850834,False,2.3468602703939982,0.590571160555439,3.581135388230905e-12,
geometric,1.0,25,2013,discovered,258,0.8988023794078361,1,1.9611463756012246,258,1.0,0.01,0,0.2437648080935899,0.18398809232632643,0.8540227964028838,False,-32.395161237307306,5.3202759560238935,1.0929966265393887e-08,
geometric,1.0,25,2013,true,92,0.7857881573704534,9,3.329196236983751,30,0.32608695652173914,0.04,0,-2.365088856505113,-1.3571898838367997,0.1747208842373199,False,2.3681223483449623,0.4303121268473644,1.4898091649229173e-09,
geometric,1.0,25,2014,discovered,385,0.8985089125276693,1,1.9054294721761404,385,1.0,0.0,0,4.258695792150638,2.886488352569583,0.00389567166115794,False,-517912.8873909335,678.4131331092457,0.0019105589663013234,
geometric,1.0,25,2014,true,98,0.7529187038039553,7,2.0320636911838714,65,0.6632653061224489,0.0,0,-9.76323415976106,-2.741891686689118,0.006108648121481699,False,2.6503705083281597,0.7405695485662287,6.821210263296962e-13,
geometric,1.0,25,2015,discovered,608,0.9086029240758668,1,1.8592172242426417,608,1.0,0.0,0,13.369428437609493,6.5107633113436085,7.476987841667083e-11,False,-587655.3718154037,744.7785726612013,0.008608341441686207,
geometric,1.0,25,2015,true,100,0.7667875207622065,36,2.913336965995997,40,0.4,0.06,0,-3.5462286374305,-1.6324317078549238,0.10258857405737296,False,3.8448973901771364,0.5097752491348031,4.376943252282217e-12,
geometric,1.0,25,2016,discovered,516,0.8907035244220163,29,3.8168941330443276,26,0.050387596899224806,0.7,0,-0.07381160018701394,-0.28569528394532995,0.7751115170873447,False,0.12179939445221022,1.1693075711847571,4.2097582308997517e-08,
geometric,1.0,25,2016,true,100,0.7244397753612081,34,3.7555093190770923,25,0.25,0.16,0,-2.0842961776612166,-1.3638390841749604,0.17261821630582164,False,3.6933809487862854,0.36239363911894407,1.8474111129762605e-12,
geometric,1.0,25,2017,discovered,494,0.8867104995542324,1,1.8964540859435393,494,1.0,0.0,0,10.76843179832435,6.393875740043503,1.617328784844097e-10,False,-978971.0439559754,939.8678945402803,0.006283538018578838,
geometric,1.0,25,2017,true,100,0.748115326863966,28,3.182376919173069,37,0.37,0.0,0,-5.615875500083169,-2.165666951926303,0.0303366461644961,False,3.683560909854674,0.35120636505470626,1.864464138634503e-11,
geometric,1.0,26,2010,discovered,158,0.8957492782395501,1,2.3192736177966458,158,1.0,0.02,0,-1.8782677075990328,-1.2320097366339775,0.21794544702238106,False,-2.9454198875680158,1.564999386658021,1.0329586075386032e-09,
geometric,1.0,26,2010,true,85,0.882327617095681,3,2.5907915977872853,36,0.4235294117647059,0.06,0,-3.1602597814718028,-1.614270315175375,0.10646880598454077,False,1.3634361405669004,0.5784146971552907,6.679101716144942e-13,
geometric,1.0,26,2011,discovered,199,0.8701894569026827,1,2.0748802057001083,199,1.0,0.01,0,0.909987934020331,1.0842988135806788,0.27823233117454227,False,-202877.5107111156,387.53109550722405,0.00015736828299850458,
geometric,1.0,26,2011,true,88,0.7534418466338829,12,6.671034708798405,17,0.19318181818181818,0.19,0,-0.18909886636562323,-0.5714004829617123,0.5677282017881431,False,2.008736512791282,0.36450526222035323,2.1316282072803006e-14,
geometric,1.0,26,2012,discovered,301,0.8802218373840485,1,2.0486869652676516,301,1.0,0.0,0,3.258572386931627,2.975118554561725,0.002928753357202256,False,-581091.4509012654,665.3031687710926,0.001551925799503806,
geometric,1.0,26,2012,true,96,0.7454749522405214,14,4.04137912268368,28,0.2916666666666667,0.25,0,-1.7280647496664736,-1.1551601162363974,0.24802486397868972,False,2.7105249634763897,0.3669912096530679,6.394884621840902e-13,
geometric,1.0,26,2013,discovered,264,0.866677721573846,1,2.184530819338522,264,1.0,0.0,0,1.8803135211277175,2.162582432704098,0.03057331062183255,False,-579829.9027269443,623.504196763538,0.000882213174008939,
geometric,1.0,26,2013,true,90,0.7689320949275967,11,3.527784099580318,25,0.2777777777777778,0.08,0,-2.182791368488078,-1.3567549241703245,0.17485909432574664,False,2.5858039792410654,0.3809582297907678,6.0680349633912556e-12,
geometric,1.0,26,2014,discovered,401,0.8991251834623827,1,1.9583348684562418,401,1.0,0.0,0,5.476385669641308,3.8258667850386554,0.0001303127490736333,False,-714487.6941705577,773.801609710118,0.0028030683160977787,
geometric,1.0,26,2014,true,99,0.7542524567196873,28,4.576336253321354,22,0.2222222222222222,0.21,0,-1.1827094923396073,-1.006881719009553,0.3139916179664832,False,3.359165461477496,0.333039445333337,1.2789769243681803e-12,
geometric,1.0,26,2015,discovered,751,0.9050437711522162,1,1.949831141358788,751,1.0,0.0,0,15.643522978225018,6.681160320155195,2.3705771245743714e-11,False,-10000.000612239202,92.14971823242928,0.0,
geometric,1.0,26,2015,true,100,0.7439071386112527,77,8.333851736091644,13,0.13,0.48,0,-0.3550829363162462,-0.5036761934590043,0.6144889402901359,False,4.2393260752471,0.2110752930196315,1.1368683772161603e-13,
geometric,1.0,26,2016,discovered,535,0.8950840151374864,1,1.9585809335660584,535,1.0,0.0,0,11.184087312050863,6.418521585050154,1.3760409937301766e-10,False,-531882.841914916,668.6720421465983,0.006912054309395899,
geometric,1.0,26,2016,true,100,0.7586684833212853,42,4.589142747090536,17,0.17,0.17,0,-1.1446377510089096,-0.9836409725570827,0.3252920720786793,False,3.8221388301895436,0.3040934910587777,2.1742607714259066e-12,
geometric,1.0,26,2017,discovered,461,0.898244940368757,1,1.860583521876574,461,1.0,0.0,0,11.967884529996963,6.933166693487113,4.115228025584329e-12,False,-917361.4765339048,930.467694993085,0.00714514833271096,
geometric,1.0,26,2017,true,99,0.7458843783878983,29,3.045515914004081,36,0.36363636363636365,0.0,0,-3.3704988541838086,-1.6458795461903144,0.09978856081237619,False,3.6273938868133575,0.4650501282846042,1.8758328224066645e-11,
geometric,1.0,27,2010,discovered,145,0.8920500505202619,1,2.4026141773183736,145,1.0,0.32,0,-1.7660673838847565,-1.2477771972368914,0.21211266154517394,False,-2.493252313345132,1.4185799282990692,2.1515234038815834e-11,
geometric,1.0,27,2010,true,79,0.830386808235761,6,4.76591495140232,15,0.189873417721519,0.73,0,-0.12167523952956572,-0.3656606938477882,0.7146182795811975,False,0.790483314225898,0.6033907069342275,2.5721647034515627e-12,
geometric,1.0,27,2011,discovered,219,0.8987772846830572,1,2.0129577779128005,219,1.0,0.04,0,-3.8304456176112165,-1.7435984212160904,0.08122913880684682,False,-2.7844223588190165,1.8203763849267025,9.777068044058979e-11,
geometric,1.0,27,2011,true,88,0.7825630135301745,13,7.950106945166251,13,0.14772727272727273,0.8,0,-0.07574602289919152,-0.2725960074285217,0.7851637813617587,False,1.8628280676866327,0.3656348166309356,6.252776074688882e-13,
geometric,1.0,27,2012,discovered,274,0.9039449127474273,1,2.0171087619091717,274,1.0,0.06,0,1.3025456607129309,1.157828031169097,0.24693422175428192,False,-315739.8080913258,497.64841422671947,0.0004969229621565319,
geometric,1.0,27,2012,true,92,0.7599412577884075,5,2.141914549103976,61,0.6630434782608695,0.0,0,-8.34605435935461,-2.595593978332402,0.00944275758081503,False,2.1972888638821897,0.6912421763326568,1.1377210284990724e-10,
geometric,1.0,27,2013,discovered,254,0.9162860528093282,1,1.954577348172066,254,1.0,0.0,0,-1.3047172656649728,-0.7424428910021394,0.4578190408925632,False,-10.3847594546939,3.1677123279870996,1.6711965145077556e-11,
geometric,1.0,27,2013,true,95,0.8161717138444631,11,3.625991220642724,22,0.23157894736842105,0.42,0,-0.6040504365062342,-0.7044299956350287,0.48116503147791057,False,2.091445597668986,0.5817214316002579,5.258016244624741e-13,
geometric,1.0,27,2014,discovered,365,0.902441583536041,1,1.903856667435527,365,1.0,0.0,0,4.333853471549079,3.0200150435578488,0.0025276213069799183,False,-219900.09993963674,442.5472060891067,0.0019558592666726327,
geometric,1.0,27,2014,true,99,0.7584356821803672,25,4.408363832897158,22,0.2222222222222222,0.74,0,-0.588652130864066,-0.7841612485507183,0.43294550019113986,False,2.9779945011794284,0.4560336373409193,1.3798739928461146e-11,
geometric,1.0,27,2015,discovered,547,0.90980808182278,1,1.8040460502884186,547,1.0,0.0,0,11.2387970775662,5.571428091895498,2.5265964598783715e-08,False,-905586.158432958,957.3796045242665,0.0068378881605895,
geometric,1.0,27,2015,true,100,0.7928701669421413,54,4.263486991375991,26,0.26,0.14,0,-2.2776745612006426,-1.2536069909777765,0.2099848889341559,False,4.141471734951704,0.3003060172606627,1.1937117960769683e-12,
geometric,1.0,27,2016,discovered,462,0.8995957608790877,1,1.8982993307255442,462,1.0,0.0,0,10.185757970868716,6.048467979366857,1.462296771983302e-09,False,-9999.999534818948,94.90375068948036,0.0,
geometric,1.0,27,2016,true,100,0.7858653965878636,36,4.325437837419432,24,0.24,0.47,0,-1.1842208110919215,-0.9498797666669236,0.34217334884032147,False,3.586454332403946,0.37150593733306264,4.121147867408581e-13,
geometric,1.0,27,2017,discovered,545,0.8928417146677227,1,1.9638549070423346,545,1.0,0.0,0,11.564818314452253,6.665288886336625,2.641452570597085e-11,False,-836974.1833606311,836.4511864977784,0.0071744484039300005,
geometric,1.0,27,2017,true,100,0.7077810974668521,35,4.417940550329016,25,0.25,0.19,0,-1.4278487590346747,-1.1486869861318247,0.25068507396842377,False,3.601106098383018,0.3409290046252301,1.0459189070388675e-11,
geometric,1.0,28,2010,discovered,157,0.8789075680338322,1,2.419465766645888,157,1.0,0.03,0,-4.007474594086746,-1.891722205392835,0.05852800314302716,False,-0.6727911968344734,0.9682779782655846,2.2737367544323206e-13,
geometric,1.0,28,2010,true,76,0.8051741997745605,7,6.424020949948456,12,0.15789473684210525,0.34,0,-0.2531690798624531,-0.47836555219560606,0.632390047247902,False,1.7550484898721472,0.29344020114879515,1.0658141036401503e-14,
geometric,1.0,28,2011,discovered,202,0.8916745048986919,1,2.0201681448635975,202,1.0,0.0,0,-1.083258078915251,-0.7276812829868687,0.46680871048661166,False,-8.351455659056821,2.7729782913733336,3.701643436215818e-10,
geometric,1.0,28,2011,true,87,0.7811937818354018,9,3.7694040971525937,24,0.27586206896551724,0.2,0,-1.2971289404075323,-1.0045000603747571,0.31513764214652384,False,2.2286086997011223,0.4208718595158577,1.7763568394002505e-13,
geometric,1.0,28,2012,discovered,296,0.9189356010419463,1,1.9815689464681134,296,1.0,0.0,0,0.10221348940934583,0.07444086302444859,0.9406595949905784,False,-57.24679986509042,6.917944726458659,0.0001813484030321888,
geometric,1.0,28,2012,true,98,0.8335707654733628,16,3.611940771511908,20,0.20408163265306123,0.51,0,-0.8765665777355198,-0.8972157103511761,0.36960382362909716,False,2.719377011482221,0.4925830962939458,7.602807272633072e-13,
geometric,1.0,28,2013,discovered,276,0.8922621198880077,1,2.1017972759807004,276,1.0,0.06,0,1.2604720864417276,1.2440202737203534,0.2134921014509511,False,-370119.4949167374,516.8160410602209,0.0004825072946914588,
geometric,1.0,28,2013,true,94,0.7913376090348794,8,2.8515494734390208,34,0.3617021276595745,0.14,0,-3.1943159584715994,-1.6914489507652055,0.09075108988546131,False,2.3515845500519963,0.5037882861994752,1.2789769243681803e-13,
geometric,1.0,28,2014,discovered,343,0.8881677539992915,1,1.778338406011642,343,1.0,0.0,0,3.9882486714527072,2.612386052807835,0.008991265939689875,False,-351239.46867556334,605.4365710373021,0.0008416487680733553,
geometric,1.0,28,2014,true,99,0.733634613480653,36,9.536735837195074,10,0.10101010101010101,0.88,0,-0.42592787530156495,-0.6218766961932466,0.5340229496287151,False,3.568049082928832,0.15209718585696855,1.3500311979441904e-13,
geometric,1.0,28,2015,discovered,581,0.8947971405588779,1,1.8733140881780468,581,1.0,0.0,0,15.992832905212552,8.116788917572492,4.786802823641436e-16,True,-1000000.0,966.9403243277867,0.0023698720642642,
geometric,1.0,28,2015,true,100,0.753912082255819,46,3.7466408901983983,31,0.31,0.14,0,-2.753857581104903,-1.4990016705407372,0.1338731986817345,False,4.0124728895585235,0.35464767838283084,0.0,
geometric,1.0,28,2016,discovered,470,0.9050674995638069,1,1.9107213720099212,470,1.0,0.0,0,8.581991186282728,4.9834592694481294,6.245746582408822e-07,False,-951607.7292257472,918.2747725192373,0.005290129392051313,
geometric,1.0,28,2016,true,100,0.8015129433145853,34,3.907622429152821,25,0.25,0.04,0,-2.3509459232143035,-1.3840784602493306,0.1663344315763452,False,3.711488705318782,0.3261740199134811,1.453770437365165e-11,
geometric,1.0,28,2017,discovered,493,0.9054064985761109,1,1.884826059413973,493,1.0,0.0,0,9.357012948454217,5.305678151005567,1.1225487204668635e-07,False,-793053.304415802,851.2412762779937,0.005361882722354494,
geometric,1.0,28,2017,true,100,0.7458167766192167,53,7.682129006858292,13,0.13,0.83,0,-0.6414216997897175,-0.7767713532081458,0.43729368080259823,False,3.973208413312312,0.18477207120367486,2.1316282072803006e-14,
geometric,1.0,29,2010,discovered,161,0.877191409915917,1,2.2735987910705124,161,1.0,0.04,0,-1.622303243228103,-1.181304668454352,0.23748171340157576,False,-3.5525085255596895,1.715663079335675,3.0524915928253904e-11,
geometric,1.0,29,2010,true,77,0.8635675467726046,2,2.077413133372042,55,0.7142857142857143,0.01,0,-6.125685059851454,-2.16037671058273,0.030743518865367348,False,1.1590441083629248,0.7699826722701655,2.1316282072803006e-13,
geometric,1.0,29,2011,discovered,232,0.8902929364105769,1,2.0898086281605304,232,1.0,0.07,0,-1.8568739591136598,-1.1279345478904463,0.25934756213389254,False,-5.933634850488159,2.3101453661881166,6.397726792783942e-10,
geometric,1.0,29,2011,true,94,0.8157710390088309,3,2.048707711553889,61,0.648936170212766,0.0,0,-8.511340966737599,-2.5274046274796227,0.011490902894071432,False,1.7137386356747168,0.7328188548680151,7.105427357601002e-13,
geometric,1.0,29,2012,discovered,287,0.8983929165568749,1,1.9848174297470553,287,1.0,0.0,0,1.5782618566083793,1.3724910280173441,0.16991063000605466,False,-339012.9459612658,524.4976743555153,0.00044191584129293915,
geometric,1.0,29,2012,true,97,0.7793014687417691,6,2.2077217833391534,52,0.5360824742268041,0.0,0,-8.240554036580637,-2.563591898044784,0.010359527219723054,False,2.404655678447652,0.6117531644195796,8.526512829121202e-14,
geometric,1.0,29,2013,discovered,234,0.8792525503431382,1,1.8909900095864276,234,1.0,0.0,0,-1.7554448974123176,-0.8758412963524635,0.38111631644763866,False,-6.352386050372229,2.68953778836475,2.4497239792253822e-09,
geometric,1.0,29,2013,true,93,0.7344517206217691,10,3.8162281220913425,27,0.2903225806451613,0.39,0,-1.7117970486985574,-1.2073889664943538,0.22728238268667778,False,2.386033605416478,0.3891653026578634,8.526512829121202e-13,
geometric,1.0,29,2014,discovered,396,0.8861809183948234,1,1.9416020336381132,396,1.0,0.0,0,4.922594135080262,3.5445658791186134,0.00039326021406299805,False,-610530.4795618155,721.7250212787801,0.0021383007433541934,
geometric,1.0,29,2014,true,99,0.7358303358418617,22,3.90288079054944,25,0.25252525252525254,0.18,0,-3.2514807204630514,-1.720408478606476,0.08535821688921627,False,3.333060139994975,0.2818494357394728,1.1084466677857563e-12,
geometric,1.0,29,2015,discovered,698,0.8998079003931102,1,1.9406441732518065,698,1.0,0.0,0,16.09238372057871,7.35626630089141,1.891255379164896e-13,False,-707815.125417369,779.5460059540537,0.0,
geometric,1.0,29,2015,true,100,0.738539037832154,26,2.518078499469843,53,0.53,0.0,0,-5.338905241860829,-1.9840257658152838,0.04725296765856854,False,3.635700727502262,0.6079867327371161,3.979039320256561e-12,
geometric,1.0,29,2016,discovered,483,0.9095311238117071,1,1.8909226963917456,483,1.0,0.0,0,8.216376682246697,4.710910364819909,2.466126909747776e-06,False,-812614.347646859,858.1728998555187,0.004528773760284821,
geometric,1.0,29,2016,true,100,0.7586374639059796,48,9.134478971017128,14,0.14,0.48,0,-1.2005524915765964,-1.1207549632788358,0.26239217933041536,False,3.9314553378723303,0.12093305544154158,1.2789769243681803e-13,
geometric,1.0,29,2017,discovered,472,0.8844847781959726,1,1.8758057643143948,472,1.0,0.0,0,11.780280630854403,7.115875509878794,1.112046368572684e-12,False,-701542.322510094,805.9605688976108,0.0064388213941128924,
geometric,1.0,29,2017,true,100,0.7716128683742187,55,7.282160729008772,13,0.13,0.51,0,-0.6698703381347397,-0.7827324277715579,0.4337842553957729,False,4.017433769817382,0.19333297097113022,1.1532108601386426e-11,
geometric,5.0,0,2010,discovered,77,0.8790438717554722,1,2.07682704549231,77,1.0,0.01,0,-0.7908805724508667,-0.7459369202337833,0.45570552113235774,False,-4.241433293310504,2.0376137917624466,3.9482017655245727e-10,
geometric,5.0,0,2010,true,40,0.8286823376367412,5,2.7488704320856905,23,0.575,0.64,0,-0.08080283803863342,-0.24373456938943536,0.8074363981129024,False,-3.8472799885871733,1.8636052225185307,2.2957706846682413e-09,
geometric,5.0,0,2011,discovered,129,0.8672963376615499,1,2.036453778057017,129,1.0,0.0,0,0.4316447463539683,0.6114237792547518,0.5409190641516498,False,-209.60853345018722,12.739143996930235,0.000707979511787471,
geometric,5.0,0,2011,true,58,0.7089330848626787,12,3.8580443093725645,23,0.39655172413793105,0.63,0,-0.32746001027120686,-0.5858836780830634,0.5579536864275865,False,1.7160799715221684,0.6792165322690612,5.5919713304319885e-12,
geometric,5.0,0,2012,discovered,150,0.8998049973035277,1,1.7942750566722856,150,1.0,0.02,0,-0.3456993152369048,-0.24059894119066175,0.8098659708885819,False,-12.930722497042936,3.8902495729765842,4.7285766413551755e-09,
geometric,5.0,0,2012,true,65,0.7724240055386681,14,3.0252897584769602,26,0.4,0.24,0,-1.4925317832768314,-1.098987555929907,0.27177349383677374,False,2.70575145903403,0.5723474247816882,3.552713678800501e-13,
geometric,5.0,0,2013,discovered,143,0.9358426489482311,1,1.9919831590900658,143,1.0,0.08,0,-1.8937534523505857,-1.1506374124208658,0.24988143481879566,False,-4.604516977601257,2.213238092940532,5.385999202189851e-09,
geometric,5.0,0,2013,true,64,0.8510980547915593,12,2.9435841983894875,21,0.328125,0.43,0,-0.42316901338458024,-0.6539911936189933,0.5131174792499346,False,1.751802958515438,0.8901304188814556,8.901679393602535e-11,
geometric,5.0,0,2014,discovered,222,0.9206781209856753,1,1.7298616435069007,222,1.0,0.1,0,1.6072349646678035,1.2035095281007728,0.22877920647228434,False,-87903.64595356122,313.23223448724667,6.778821807529312e-05,
geometric,5.0,0,2014,true,75,0.7428139915094127,26,3.58747604240621,23,0.30666666666666664,0.81,0,-0.6459192951172525,-0.7672306469308864,0.4429443945206769,False,2.9685025822464794,0.5917856318888153,8.43698444441543e-11,
geometric,5.0,0,2015,discovered,415,0.9369583211782583,1,1.8419427148363303,415,1.0,0.01,0,5.91992123654385,3.2602147067181666,0.0011132790368794136,False,-668076.649548248,801.3463257563814,0.003776652033593564,
geometric,5.0,0,2015,true,95,0.666224770965759,81,6.622248802403852,14,0.14736842105263157,0.04,0,-0.6245748200043693,-0.6147565274343827,0.5387155226638642,False,4.377892139294879,0.2291435765864215,5.7340798775840085e-11,
geometric,5.0,0,2016,discovered,327,0.9112112715429472,1,2.0829683740889102,327,1.0,0.0,0,5.241279197312519,3.616701339466991,0.0002983812437944834,False,-926446.513006196,827.2767093056191,0.0038889621655471274,
geometric,5.0,0,2016,true,91,0.7209264783249975,29,2.842183408068928,33,0.3626373626373626,0.02,0,-3.2911723561266335,-1.4922878514534805,0.1356237001454226,False,3.676515146352541,0.5027977680076274,6.494360604847316e-11,
geometric,5.0,0,2017,discovered,327,0.9177116266492472,1,1.8513914074962698,327,1.0,0.0,0,5.6410511464764,3.796622859684128,0.00014668068260401565,False,-571861.7878842868,737.4226041741919,0.0029291134260347462,
geometric,5.0,0,2017,true,89,0.6657613120841016,34,3.8507266596633545,32,0.3595505617977528,0.88,0,-0.3200351540541604,-0.48810901968441534,0.6254726226149703,False,2.4180726274807016,0.7730793550751456,6.318146006378811e-11,
geometric,5.0,1,2010,discovered,58,0.7921902551284928,1,2.4833017792743495,58,1.0,0.11,0,0.7046600760923367,2.1039428621859915,0.0353834314788233,False,-639426.0407586645,585.0114661998258,0.0004720755187008763,
geometric,5.0,1,2010,true,35,0.891692286979914,1,1.5501645164970457,35,1.0,0.0,0,-4.0518058181731735,-1.6071267681347736,0.1080265623810668,False,0.6553775856356407,1.542389822672798,7.30437932361383e-12,
geometric,5.0,1,2011,discovered,130,0.9135837800160832,1,2.0826155235631565,130,1.0,0.21,0,-0.9326015934825751,-0.812538247927374,0.4164828489258313,False,-8.513023950445735,2.6987339780417776,6.698400056848186e-09,
geometric,5.0,1,2011,true,63,0.8462370129581316,8,2.8918952859535416,26,0.4126984126984127,0.94,0,-0.2484417593259356,-0.5601061488441779,0.5754070366175432,False,0.17117210486912293,1.1951675031875115,2.418829581074533e-10,
geometric,5.0,1,2012,discovered,169,0.8996162859916166,1,1.919797102301611,169,1.0,0.01,0,0.5716117681680037,0.5412694552133408,0.5883218706458486,False,-65.36989308010939,7.646603797279859,0.00041106052253780945,
geometric,5.0,1,2012,true,65,0.7527718278001347,12,3.0260004395433153,28,0.4307692307692308,0.24,0,-1.5354709869081136,-1.09855749276882,0.27196112726376753,False,2.5284095981354766,0.5810468381012079,1.8900436771218665e-12,
geometric,5.0,1,2013,discovered,139,0.9339534603401441,1,1.874854554692213,139,1.0,0.0,0,-1.227583256128419,-0.7504786984665748,0.45296644845928347,False,-7.50611633120127,2.909103290009386,2.6381030693301e-10,
geometric,5.0,1,2013,true,61,0.7620264861959657,7,2.470700373425332,39,0.639344262295082,0.49,0,-0.7131965883576965,-0.7694587201601403,0.44162104111294287,False,0.7797838777793211,1.2196887276369062,4.220623850414995e-12,
geometric,5.0,1,2014,discovered,236,0.9321891784584726,1,1.7629050338536398,236,1.0,0.19,0,-0.6218059786250301,-0.36974515265710084,0.7115723852482116,False,-21.806093188390633,5.0331420472232065,8.339003443325055e-08,
geometric,5.0,1,2014,true,83,0.6841099633736019,33,4.372235718983163,17,0.20481927710843373,0.96,0,-0.010821489547046426,-0.11409177603001124,0.9091650414321948,False,-3.6374032429663146,1.5024611964109433,7.684378289241067e-08,
geometric,5.0,1,2015,discovered,439,0.9093411358157554,1,1.8548862192944346,439,1.0,0.0,0,7.06641983451427,4.227524194195616,2.3627677544374202e-05,False,-217165.9843316925,453.3406835303115,0.0034099423392035533,
geometric,5.0,1,2015,true,96,0.7514932274624411,38,3.0225788898343073,35,0.3645833333333333,0.09,0,-1.7325982296855789,-1.1644586894878632,0.2442381752914191,False,3.6418329745221074,0.6120538345141535,1.0800249583553523e-12,
geometric,5.0,1,2016,discovered,317,0.9190795060925003,1,1.9270482115808916,317,1.0,0.03,0,3.30345700719978,2.4171121205429524,0.01564419746582777,False,-489423.1088917298,651.2890623400085,0.0017842798124547699,
geometric,5.0,1,2016,true,88,0.7256760700059752,27,3.0446171320695514,31,0.3522727272727273,0.35,0,-0.7089463256774478,-0.784850882455235,0.4325410030616825,False,2.750665343737809,0.80915100577648,1.7467982615926303e-10,
geometric,5.0,1,2017,discovered,321,0.9227454615565114,1,1.875174781384538,321,1.0,0.0,0,4.888293842449871,3.330342262408574,0.0008673929308547281,False,-667459.1250432907,784.817855248166,0.0026524080840317765,
geometric,5.0,1,2017,true,87,0.7338474959904925,37,3.610628402832686,24,0.27586206896551724,0.17,0,-0.2619847429867086,-0.5809512340835572,0.5612733207072685,False,2.505439308628172,0.8201750642100128,9.386269539390923e-11,
geometric,5.0,2,2010,discovered,73,0.9124521309970612,1,2.0940109121264223,73,1.0,0.52,0,0.04954039842924418,0.08482661948405204,0.9323992305194286,False,-86.28218384254797,7.981360803097232,0.000384622363753806,
geometric,5.0,2,2010,true,37,0.8169777797301488,6,2.488433629113044,17,0.4594594594594595,0.12,0,-1.68964811505976,-1.1297656142315913,0.2585750009491926,False,2.1426897800865206,0.6099523288658442,6.323830348264892e-13,
geometric,5.0,2,2011,discovered,102,0.9188651966312407,1,2.13789994755982,102,1.0,0.69,0,-0.47674674299227143,-0.5404065792916899,0.588916671499689,False,-11.940555798299393,3.045362381797044,8.234337656176649e-09,
geometric,5.0,2,2011,true,58,0.6895141102767592,10,3.532066328461105,23,0.39655172413793105,0.26,0,-0.5879019796618179,-0.6554843285842756,0.5121559730448575,False,1.9360861145502142,0.6183054815801343,7.460698725481052e-13,
geometric,5.0,2,2012,discovered,157,0.9228386846097244,1,1.9435065115945775,157,1.0,0.07,0,1.3885741138843137,1.413533361405459,0.157498959306274,False,-467344.14811452373,630.3153746272632,0.0007208842698673834,
geometric,5.0,2,2012,true,65,0.7932307273065039,6,2.017028752120218,40,0.6153846153846154,0.04,0,-3.8609910648660577,-1.6677975302867742,0.09535592633343569,False,2.2802839750750263,0.9165959168999166,2.9558577807620168e-12,
geometric,5.0,2,2013,discovered,135,0.9146220010350107,1,1.9696760690600668,135,1.0,0.03,0,-1.1413478213632002,-0.7914384670892572,0.4286881701087649,False,-6.469488738824895,2.5695139193165595,6.138861863291822e-09,
geometric,5.0,2,2013,true,54,0.8438176409004765,18,3.4742202028631852,14,0.25925925925925924,0.71,0,-0.05631193269907886,-0.22062289367579008,0.8253860736952146,False,0.08030857663658904,1.184768605459411,6.572022925865895e-10,
geometric,5.0,2,2014,discovered,253,0.917653340549566,1,1.8850975852833873,253,1.0,0.01,0,3.2919706740008072,2.6424569172976815,0.008230693588301878,False,-666889.8087371349,779.4632352676581,0.0016564653415116481,
geometric,5.0,2,2014,true,85,0.7685951535489008,26,3.263099137330986,24,0.2823529411764706,0.13,0,-1.1758188866502661,-0.980374863265215,0.32690111302114855,False,3.2543387814191043,0.5479316176540655,3.439026841078885e-12,
geometric,5.0,2,2015,discovered,381,0.9142157665737921,1,1.8041641736648941,381,1.0,0.0,0,9.027802187649257,5.259404474763565,1.4452268204132487e-07,False,-920327.8932282719,965.5746138595206,0.005042385982051201,
geometric,5.0,2,2015,true,87,0.7073787439031154,69,6.0500627881958495,17,0.19540229885057472,0.9,0,-0.05989007846249894,-0.22037561813404702,0.8255786325704759,False,2.7307561374914133,0.6063728095484479,4.3638692659442313e-10,
geometric,5.0,2,2016,discovered,343,0.929043360691168,1,1.9338892530345697,343,1.0,0.0,0,4.113516531532523,2.7348948089360756,0.0062400213581854285,False,-678039.9362621879,763.8770135150967,0.002509162270143861,
geometric,5.0,2,2016,true,91,0.7209576974467018,52,5.386550200018066,13,0.14285714285714285,0.89,0,-0.02919630991734845,-0.18920348969196613,0.8499333326852376,False,1.5576619040724988,0.7985318362946133,2.2734880644748046e-09,
geometric,5.0,2,2017,discovered,304,0.9225129010635281,1,1.8114389484122966,304,1.0,0.0,0,4.88937278422797,3.262640297360504,0.0011037952217811797,False,-578264.0322208114,760.5344187996695,0.0024551914457333623,
geometric,5.0,2,2017,true,88,0.7535783000745474,42,4.0548923080158685,18,0.20454545454545456,0.65,0,0.002395966928855131,0.30653653728848274,0.7591961651158137,False,-39770.314560206665,113.604663472397,7.814498530933633e-06,
geometric,5.0,3,2010,discovered,76,0.9276989496320224,1,2.061178656934027,76,1.0,0.57,0,0.027761505616656468,0.046539550524426994,0.9628802114624295,False,-844.8847704612342,25.18002148861462,2.2032420474715764e-05,
geometric,5.0,3,2010,true,38,0.845444722539366,4,2.1594608440634007,23,0.6052631578947368,0.18,0,-2.4676975991061476,-1.3765773997983488,0.16864294222686238,False,1.8454359357588845,0.7564265908436952,7.204903340607416e-12,
geometric,5.0,3,2011,discovered,127,0.9367428589817186,1,1.9559104129631324,127,1.0,0.09,0,-0.2099373660189765,-0.2015353159236263,0.8402800177775692,False,-27.753505100667066,4.956613369177183,1.2101392599106475e-07,
geometric,5.0,3,2011,true,61,0.7985330429246745,5,2.232841817753202,38,0.6229508196721312,0.13,0,-2.1169281116345324,-1.1838961234880103,0.23645418488781333,False,1.6365403758384396,0.947712045552602,2.4158453015843406e-13,
geometric,5.0,3,2012,discovered,164,0.9030080517344482,1,1.797061609196768,164,1.0,0.0,0,-0.038208286632491095,-0.02605211470412837,0.9792157710145292,False,-15.50552113868971,4.207385436757169,2.5835333872237243e-10,
geometric,5.0,3,2012,true,61,0.6931258569755,18,3.513000479986702,19,0.3114754098360656,0.4,0,-0.9633261960784623,-0.9474977226067073,0.34338521617828344,False,2.8999605080059903,0.48442237014542383,1.8623325104272226e-11,
geometric,5.0,3,2013,discovered,153,0.9171318839938708,1,1.9948022992287886,153,1.0,0.07,0,0.4144297518333171,0.48452025020729317,0.6280166964169361,False,-180026.54256323475,379.99001068159095,8.59047668200219e-05,
geometric,5.0,3,2013,true,66,0.7442266075916983,16,3.7995430048702534,16,0.24242424242424243,0.56,0,-0.6229866821038383,-0.9300468766883839,0.35234681409413093,False,2.6705288593996306,0.4811772009167247,1.4210854715202004e-13,
geometric,5.0,3,2014,discovered,245,0.9246232517947655,1,1.810996485013895,245,1.0,0.12,0,1.3777750780126796,1.0381801508531894,0.29918619181776884,False,-157992.31052114678,396.77451976087093,0.00016910234535316704,
geometric,5.0,3,2014,true,74,0.6961140971630495,26,3.7904982387795734,27,0.36486486486486486,0.64,0,-0.4507565158724507,-0.653233562914989,0.513605715853723,False,2.6258999656541206,0.661501809435296,5.4569682106375694e-12,
geometric,5.0,3,2015,discovered,404,0.9168067854708005,2,1.8129082098996459,140,0.3465346534653465,0.24,0,-0.026793034905036706,-0.027194477541671456,0.9783046203621153,False,-17.1308081516582,4.678541990873561,1.3593364087682858e-06,
geometric,5.0,3,2015,true,94,0.7097436961858187,66,5.072345184905258,20,0.2127659574468085,0.29,0,-0.06739956603705544,-0.2718521557350034,0.7857357003366203,False,2.26944722601272,0.7610601947058774,3.062112341467582e-09,
geometric,5.0,3,2016,discovered,318,0.9378892853875801,1,1.8888678697967862,318,1.0,0.03,0,3.2026956093123164,2.1051737004509676,0.035276190674177615,False,-617987.4696224438,748.230769143389,0.002034646598076506,
geometric,5.0,3,2016,true,89,0.7658077149652072,7,1.7879129345267148,68,0.7640449438202247,0.0,0,-10.103697149566596,-2.800492315428573,0.005102472232635783,False,2.86477844802743,0.9818887073293324,6.650680006714538e-11,
geometric,5.0,3,2017,discovered,316,0.9083965094141149,1,1.9547206177971064,316,1.0,0.0,0,6.265103938969758,4.52126679992476,6.147065360636932e-06,False,-917418.41275061,879.8662549616392,0.004053999258758267,
geometric,5.0,3,2017,true,86,0.6584341950346203,28,3.0314830422682677,36,0.4186046511627907,0.01,0,-3.3414457922732703,-1.5540547468049537,0.1201713582873102,False,3.5912145230232406,0.4699111073860917,1.4779288903810084e-12,
geometric,5.0,4,2010,discovered,69,0.9134731448309299,1,2.0222246616531443,69,1.0,0.22,0,-0.14760336422615272,-0.20386309465562544,0.8384604855942672,False,-17.003191300695192,3.799880728675147,7.527793854933407e-08,
geometric,5.0,4,2010,true,37,0.7227502184501228,9,3.7782752560350845,14,0.3783783783783784,0.77,0,-0.6265370095173863,-0.6847093445558715,0.4935273511718772,False,2.155953188695795,0.4523426411286999,1.4075851595407585e-11,
geometric,5.0,4,2011,discovered,121,0.9049973181945024,1,2.0887393192263826,121,1.0,0.31,0,-0.859249141437197,-0.786065172256038,0.43182930686789234,False,-7.475610169673006,2.544809743906927,3.0836133646516828e-09,
geometric,5.0,4,2011,true,59,0.8125564968917326,5,2.207891145697427,38,0.6440677966101694,0.04,0,-4.333121173612885,-1.899207329937469,0.05753722137785016,False,2.091513270646968,0.7099096551403139,6.252776074688882e-13,
geometric,5.0,4,2012,discovered,164,0.9438947436313614,1,1.9219336229545172,164,1.0,0.63,0,-0.1858690725091492,-0.16938252339297027,0.8654957691932377,False,-73.287229052398,8.068792549650402,0.00016673774933906316,
geometric,5.0,4,2012,true,66,0.759853866805448,28,4.545695359243841,12,0.18181818181818182,0.51,0,-2.0430333908433513,-1.27665991756652,0.2017223382048391,False,3.560063817939483,0.2041027174464988,1.1368683772161603e-13,
geometric,5.0,4,2013,discovered,138,0.9043106771054283,1,2.058233294950986,138,1.0,0.02,0,0.6070433762176286,0.8091767120930884,0.41841350817162526,False,-271259.35370470624,451.7951609157887,0.00021606905829685275,
geometric,5.0,4,2013,true,62,0.7527978645937983,19,4.0393431058691505,15,0.24193548387096775,0.49,0,-0.16302214406993976,-0.35397292262112207,0.7233591757912275,False,1.971627628317055,0.7053417405271154,9.485034979661577e-11,
geometric,5.0,4,2014,discovered,240,0.9068131366777217,1,1.9671033887518408,240,1.0,0.0,0,3.1563633361503607,2.792202134291536,0.005235064183411002,False,-872992.9750940808,851.1801838247463,0.001694756515462359,
geometric,5.0,4,2014,true,77,0.7352027833007843,13,2.266645902428764,45,0.5844155844155844,0.01,0,-8.06978636942561,-2.658397478114417,0.007851323428735109,False,3.2035199992911396,0.5580135828400198,3.979039320256561e-13,
geometric,5.0,4,2015,discovered,382,0.9304941943195251,1,1.809433996537628,382,1.0,0.0,0,3.7860087623778647,2.222954390479967,0.026218875607623045,False,-381634.8026319716,617.8367586045883,0.0013989911267344723,
geometric,5.0,4,2015,true,92,0.7603825889814457,22,2.3734109303198463,50,0.5434782608695652,0.02,0,-3.4165656483295352,-1.7654978616974697,0.07748012929088453,False,3.3087510498276145,0.7921157210108739,6.983214007050265e-11,
geometric,5.0,4,2016,discovered,281,0.9321626473724941,1,1.78771465131053,281,1.0,0.0,0,1.4209861883149166,0.9759173946558946,0.32910540137608113,False,-76809.68677909815,280.9542270800199,5.5543532653246075e-05,
geometric,5.0,4,2016,true,86,0.712482599839898,15,2.4328648792340983,51,0.5930232558139535,0.25,0,-1.606192740814306,-1.139363902891572,0.2545514051821257,False,2.2846884315265568,1.0277473278570348,1.2647660696529783e-11,
geometric,5.0,4,2017,discovered,308,0.9206926414076471,1,1.8351107613941764,308,1.0,0.0,0,3.248912054222129,2.25757299595462,0.02397229379789548,False,-280055.0934881994,520.6414851842464,0.0013488338290699176,
geometric,5.0,4,2017,true,86,0.6782910738033393,26,3.278811903880769,41,0.47674418604651164,0.17,0,-1.1282096168267493,-1.017601909132681,0.308867179707204,False,2.9130991521219913,0.6777800483082866,7.079847819113638e-11,
geometric,5.0,5,2010,discovered,64,0.8024466087658281,1,2.52913913637178,64,1.0,0.2,0,0.5910745435610951,1.779107440074783,0.07522214916307117,False,-591882.3757954733,553.9566046512767,0.0003919498540199129,
geometric,5.0,5,2010,true,36,0.8369433375576871,2,1.718523645762889,30,0.8333333333333334,0.02,0,-5.832534012446322,-2.0878376533185135,0.036812481751958795,False,1.7023398600493067,0.9163496896504968,6.963318810448982e-13,
geometric,5.0,5,2011,discovered,106,0.9269304472745976,1,1.8533430860487345,106,1.0,0.07,0,-1.5448541135091756,-1.0100301990106513,0.312480821850856,False,-4.869493680680074,2.49159587283194,1.6578667327848962e-09,
geometric,5.0,5,2011,true,51,0.8264309504648227,13,3.277223633356354,13,0.2549019607843137,0.88,0,-0.09462647344224351,-0.323935028286972,0.7459872238773358,False,0.6016284657793419,1.0814760281410787,9.85735937319987e-11,
geometric,5.0,5,2012,discovered,164,0.868724771450589,1,2.02299777411449,164,1.0,0.01,0,1.9272745768447912,2.4371232465371224,0.01480463253124984,False,-495693.29836396757,622.5291515156536,0.0007543583533333731,
geometric,5.0,5,2012,true,69,0.7905208865469331,9,2.5446965126169747,38,0.5507246376811594,0.06,0,-1.949448205751847,-1.261550894978191,0.2071104352894273,False,2.194410496334374,0.7848312533926426,4.405364961712621e-13,
geometric,5.0,5,2013,discovered,122,0.8969302268880462,1,1.9101844226948685,122,1.0,0.0,0,1.411501389009247,1.757418019489551,0.07884658412346718,False,-468666.7387763188,643.568618280822,0.000470093339572486,
geometric,5.0,5,2013,true,56,0.7305964789400978,15,3.3544903281697156,21,0.375,0.53,0,-0.7762155033967124,-0.8340336824087914,0.4042620037233846,False,2.5554023112071134,0.5842372746745425,2.4158453015843406e-13,
geometric,5.0,5,2014,discovered,225,0.9180893983311929,1,1.819059886482886,225,1.0,0.0,0,0.16924438520093155,0.10993302783316111,0.9124624888567213,False,-25.841174797731878,5.2294863302550185,3.499928311612166e-07,
geometric,5.0,5,2014,true,73,0.7126510177016459,16,2.8110648545519186,36,0.4931506849315068,0.3,0,-1.6478645287205982,-1.2232034345219756,0.2212528686965578,False,2.716621171140604,0.7026280509258686,2.5011104298755527e-12,
geometric,5.0,5,2015,discovered,399,0.921690802674331,1,1.9097797880986327,399,1.0,0.0,0,6.138702279802082,3.7460064697716855,0.0001796719588846938,False,-733442.515271374,806.149630038227,0.004045935801514133,
geometric,5.0,5,2015,true,90,0.6932341247872915,69,6.319400516447906,21,0.23333333333333334,0.42,0,0.002889823033232375,0.8211473526037567,0.41156234048853846,False,-98893.97601670575,135.95007675950987,4.53765933343675e-05,
geometric,5.0,5,2016,discovered,289,0.9445884700560558,1,1.845936285054095,289,1.0,0.05,0,0.7603673416740495,0.5256432429709759,0.5991361054802562,False,-108166.42633807684,320.83185486944575,0.00010722523893491598,
geometric,5.0,5,2016,true,87,0.7634635395594915,37,3.6889766527281505,19,0.21839080459770116,0.81,0,-0.10619178258810358,-0.34786042991734795,0.7279450038293274,False,1.6238248693228905,0.9892503280846444,3.536612780408177e-09,
geometric,5.0,5,2017,discovered,322,0.9163786208806705,1,1.9727115170359626,322,1.0,0.0,0,5.8962215937546745,4.082162605414923,4.461856004082411e-05,False,-953357.1033881699,887.8966175520555,0.003950296996663383,
geometric,5.0,5,2017,true,88,0.6869650822104496,47,5.111065648606192,22,0.25,0.94,0,-0.07536731951510767,-0.29245334605252665,0.7699400257744557,False,1.9601835633479334,0.7508347469959601,2.1653079329553293e-10,
geometric,5.0,6,2010,discovered,82,0.8832473704321318,1,1.8351754907467728,82,1.0,0.01,0,-0.30705602958796374,-0.2712106912554421,0.7862289906077919,False,-8.756960520111134,3.1942703392094502,6.265139518291107e-09,
geometric,5.0,6,2010,true,39,0.7826666626836558,10,4.052598883881849,12,0.3076923076923077,0.69,0,-0.127386569714254,-0.4062754339715899,0.6845402334592026,False,1.302558456180706,0.7019102326429294,7.354117315117037e-13,
geometric,5.0,6,2011,discovered,122,0.8836234003997424,1,2.334940187819007,122,1.0,0.37,0,0.4201482654056484,0.7080485534565604,0.47891510627602696,False,-423564.4176606011,501.0283276275312,0.0002757529327936936,
geometric,5.0,6,2011,true,57,0.723029947911174,17,6.345251789635025,11,0.19298245614035087,0.48,0,-1.0731641085613575,-0.9645645346911579,0.3347629701752781,False,2.9401206667430495,0.17098391274322594,5.009326287108706e-13,
geometric,5.0,6,2012,discovered,162,0.9224971349052089,1,1.8616034193581277,162,1.0,0.08,0,1.5608056046384107,1.5109082891803791,0.1308118186442077,False,-458202.1081914477,654.8410334494757,0.0005724071543227183,
geometric,5.0,6,2012,true,63,0.7973527802940524,6,1.9963221827209698,43,0.6825396825396826,0.0,0,-4.5153574031109365,-1.9737495982483748,0.048410222441893046,False,2.338391528475419,0.9035986176561803,7.105427357601002e-13,
geometric,5.0,6,2013,discovered,154,0.9321710349095409,1,1.8989499229370326,154,1.0,0.17,0,-1.6236389197913557,-1.008853961281515,0.3130446774847835,False,-6.902986001575162,2.763540903391456,2.231558937637601e-09,
geometric,5.0,6,2013,true,59,0.7761759319385024,22,5.29282852626368,12,0.2033898305084746,0.85,0,-0.05504032139146098,-0.2662656405798805,0.7900346330323169,False,1.630464476874383,0.6560228301179927,2.4868995751603507e-13,
geometric,5.0,6,2014,discovered,229,0.9142975258352402,1,1.7350493825220266,229,1.0,0.0,0,-3.116658801778245,-1.228911097116193,0.21910514033464668,False,-5.119618320061348,2.8048399593920665,7.39305505703669e-10,
geometric,5.0,6,2014,true,79,0.7184273185433596,16,2.6522424016776696,39,0.4936708860759494,0.03,0,-4.186310913960816,-1.901918729832284,0.05718178016208399,False,3.1353826627305033,0.54077277641906,9.29389898374211e-12,
geometric,5.0,6,2015,discovered,410,0.9147182918066158,1,1.985210423173587,410,1.0,0.0,0,7.557238262692982,4.617899336974166,3.876442047802504e-06,False,-470464.9950160603,619.6275707144704,0.005248415575806575,
geometric,5.0,6,2015,true,98,0.6678713593890431,67,5.605771864481619,15,0.15306122448979592,0.91,0,-0.004122576975998271,-0.07087931789514476,0.9434938038974251,False,-3.909300815750172,1.3572282460642493,2.3701404572307183e-05,
geometric,5.0,6,2016,discovered,304,0.9292863932047817,1,1.7882020340126759,304,1.0,0.01,0,3.0642397923401656,2.0362021581894103,0.04173005964504805,False,-425472.60794222006,661.7495903975965,0.0012860957476732437,
geometric,5.0,6,2016,true,85,0.7350347970443041,12,2.0543520349070374,58,0.6823529411764706,0.0,0,-6.61917279367279,-2.187583484710977,0.028699955929226716,False,3.0761022369657396,0.8273814287111042,5.115907697472721e-13,
geometric,5.0,6,2017,discovered,321,0.8895931238129424,1,1.997945334294638,321,1.0,0.0,0,7.8414382391545345,5.682817813825418,1.3249338851095849e-08,False,-875402.203632431,840.6672273646736,0.00528257206951821,
geometric,5.0,6,2017,true,90,0.6757531258851771,49,4.799416456795071,15,0.16666666666666666,0.61,0,-0.6296547257606364,-0.7185619281204099,0.4724108782823433,False,3.8471798714797494,0.3467578657731632,6.330935775622493e-12,
geometric,5.0,7,2010,discovered,69,0.9055248436870227,1,2.062559376826385,69,1.0,0.57,0,0.07708211691328631,0.1331459329607425,0.8940779692560614,False,-61.07470820422701,6.843993854883591,7.613703513698056e-05,
geometric,5.0,7,2010,true,34,0.7646217042955229,4,2.089400682775834,24,0.7058823529411765,0.04,0,-5.280958626667032,-2.106464183906373,0.03516405109076175,False,2.1356636823841626,0.5707377555311636,8.526512829121202e-14,
geometric,5.0,7,2011,discovered,122,0.9120542990690566,1,2.0565663307248716,122,1.0,0.07,0,0.08360753858107017,0.10842544119533737,0.9136582209406242,False,-71.34787909817177,7.406118902477262,0.00014142429026264836,
geometric,5.0,7,2011,true,51,0.8096256553373863,6,2.331323806568609,31,0.6078431372549019,0.48,0,-1.2726454817479858,-1.0309711921147597,0.30255432928574066,False,1.5620470358089142,0.9940890841584598,7.503331289626658e-12,
geometric,5.0,7,2012,discovered,164,0.92980133406898,1,1.7656818127821132,164,1.0,0.04,0,-4.129004547390894,-1.7227071698877754,0.0849414930941307,False,-2.8299274813414064,2.225327242675855,3.734669462573947e-09,
geometric,5.0,7,2012,true,65,0.7800527681334115,4,1.879467142469685,55,0.8461538461538461,0.0,0,-7.352939770066532,-2.363658663183137,0.018095476304378504,False,2.118375450315842,0.9123786572427625,5.5706550483591855e-12,
geometric,5.0,7,2013,discovered,145,0.9077830726629114,1,1.9314273844931364,145,1.0,0.01,0,-0.30833151014659865,-0.2557692292161952,0.7981290352837982,False,-14.579241387187462,3.7358797597890363,5.268077529763104e-09,
geometric,5.0,7,2013,true,60,0.797375006122292,6,2.189635430448736,41,0.6833333333333333,0.27,0,-2.2030771120696895,-1.3639015657996567,0.17259854796998952,False,1.798493462142343,1.0017402540544385,6.536993168992922e-13,
geometric,5.0,7,2014,discovered,236,0.9185143259118165,1,1.9441277465524955,236,1.0,0.03,0,2.1696617227999804,1.8904562599483354,0.058696965184898864,False,-429859.9910253779,604.3389186726595,0.0010220337335340446,
geometric,5.0,7,2014,true,79,0.6931585912739521,25,3.730658594616974,23,0.2911392405063291,0.14,0,-1.4632279385360034,-1.1760255293420594,0.23958467456471932,False,3.309451520618118,0.4080763217875392,1.8474111129762605e-13,
geometric,5.0,7,2015,discovered,392,0.9275560424964098,1,1.8028774366391476,392,1.0,0.0,0,6.862179098567978,3.9417886795146986,8.087621802032852e-05,False,-652796.506984275,812.9235793482708,0.003961183501814958,
geometric,5.0,7,2015,true,94,0.663851803201892,37,2.9167650794746316,40,0.425531914893617,0.11,0,-2.137275918880899,-1.2751667456160016,0.20225022890387612,False,3.6561273902426192,0.6267678879580093,4.524736141320318e-11,
geometric,5.0,7,2016,discovered,278,0.9100126004926955,1,1.7803588395115728,278,1.0,0.0,0,4.848273960844539,3.40750348897998,0.0006556007037165841,False,-633213.0284977653,812.7743814018386,0.002073309367915499,
geometric,5.0,7,2016,true,87,0.669728735345065,14,2.1134188248666814,53,0.6091954022988506,0.0,0,-9.650361265090805,-2.899618779399713,0.0037361675662691174,False,3.371772632429833,0.6318124334837316,3.410605131648481e-13,
geometric,5.0,7,2017,discovered,308,0.920837747980027,1,1.852600490180425,308,1.0,0.0,0,4.701071573683189,3.2569295927608466,0.0011262436472398946,False,-430456.52578013565,639.043015388065,0.002379306630245992,
geometric,5.0,7,2017,true,88,0.7403849527572189,23,2.4951257321673195,38,0.4318181818181818,0.02,0,-2.9310444818179606,-1.7656212563870255,0.07745941142432983,False,3.3994454737150352,0.6917722271436633,6.906475391588174e-12,
geometric,5.0,8,2010,discovered,75,0.9341536826848733,1,1.965359406717346,75,1.0,0.12,0,-2.98858901438066,-1.522661993250307,0.1278432913103916,False,-0.7786857835188413,1.3434817143584414,2.1437074337882223e-10,
geometric,5.0,8,2010,true,38,0.8814898715103862,8,3.387472839344469,13,0.34210526315789475,0.79,0,-0.11446686390531191,-0.34756010908685425,0.7281705689197215,False,0.46737192725127497,0.967206599531017,5.7703175571077736e-11,
geometric,5.0,8,2011,discovered,126,0.9138284103433552,1,1.9228406920855559,126,1.0,0.04,0,-1.1176379763795383,-0.7650599268020469,0.44423586081493693,False,-6.310321387491334,2.62304248170248,2.2266135601967108e-09,
geometric,5.0,8,2011,true,55,0.7787559161103155,17,4.446056831631379,11,0.2,0.86,0,0.000887290839614252,0.08204649272641182,0.9346097422058344,False,-15855.423793169859,67.08757088983106,6.148075044620782e-07,
geometric,5.0,8,2012,discovered,169,0.9129179422994151,1,1.8564266062107002,169,1.0,0.07,0,1.4009305198897577,1.377638407647005,0.16831495648544348,False,-255481.08845679593,490.4163953172355,0.0004105647349206265,
geometric,5.0,8,2012,true,75,0.8137466949879473,16,3.089852043507257,24,0.32,0.22,0,-0.7739854038857366,-0.778777770800564,0.4361106344268946,False,2.503036573197235,0.6963549433304214,2.8421709430404007e-13,
geometric,5.0,8,2013,discovered,133,0.9387104071531376,1,1.9872751598709333,133,1.0,0.41,0,-0.31168183712981,-0.3185296240387263,0.7500832271703403,False,-36.10858142679676,5.518425399080434,6.379743069828692e-06,
geometric,5.0,8,2013,true,56,0.806832978992721,12,2.852365602981375,22,0.39285714285714285,0.12,0,-2.145181776466904,-1.2323550326265438,0.21781649067765585,False,2.7756983669198982,0.5000524067022114,5.968558980384842e-13,
geometric,5.0,8,2014,discovered,237,0.907587298668142,1,1.9323279457459899,237,1.0,0.01,0,1.9442100381891247,1.730945776594906,0.08346143600794313,False,-356367.93253710965,553.7532704557752,0.0006415211983039626,
geometric,5.0,8,2014,true,80,0.693482944605881,25,3.724281882560524,23,0.2875,0.57,0,-0.8479276209863293,-0.8265252340827779,0.4085062097218085,False,3.091480823721644,0.5071253428904602,1.2121859072067309e-11,
geometric,5.0,8,2015,discovered,390,0.9296877528645401,1,1.7886804274305894,390,1.0,0.01,0,3.9790859104504506,2.299354882631867,0.021484795697102908,False,-424778.6646237998,661.006739487897,0.0017191086790262489,
geometric,5.0,8,2015,true,92,0.6984715323290334,28,2.565043498743588,48,0.5217391304347826,0.16,0,-3.7782107629115225,-1.762409917261172,0.07800006425863476,False,3.596844104401146,0.6554154231220152,1.1368683772161603e-13,
geometric,5.0,8,2016,discovered,305,0.9246313194914699,1,1.8351708230660442,305,1.0,0.01,0,1.7396244718645963,1.187254263678018,0.23512734263403645,False,-174806.95363568966,410.88081007682916,0.0003084884765485185,
geometric,5.0,8,2016,true,87,0.6914682549138162,42,5.423022663753497,16,0.1839080459770115,0.33,0,-0.6257512788342003,-0.6989508058141081,0.48458277501983793,False,3.679918491564021,0.30551245935788757,3.339550858072471e-13,
geometric,5.0,8,2017,discovered,318,0.9259170761360369,1,1.8868403939753176,318,1.0,0.0,0,3.652018484102067,2.5209681666998836,0.011703243907341582,False,-514351.38868071855,683.6085725154535,0.0019291361822979525,
geometric,5.0,8,2017,true,90,0.6859592259550013,37,3.928764180345581,24,0.26666666666666666,0.33,0,-0.14361065140651297,-0.35720697834340776,0.7209368621068017,False,1.9021141001226178,0.8859866690703503,2.7540636438061483e-11,
geometric,5.0,9,2010,discovered,68,0.9326998260219563,1,1.8618626726901362,68,1.0,0.05,0,-1.867266059273799,-1.141785347906289,0.25354325418385215,False,-1.9271035686795916,1.819759217139198,7.713651939411648e-11,
geometric,5.0,9,2010,true,31,0.8040062961674718,4,2.107659308418391,23,0.7419354838709677,0.12,0,-2.6511762838374873,-1.4342105207696645,0.1515121956453284,False,1.9029463622383833,0.767456270182363,1.2789769243681803e-13,
geometric,5.0,9,2011,discovered,119,0.934013915070573,1,1.9795562428014226,119,1.0,0.58,0,-0.00404240247839871,-0.004756308100503215,0.9962050295087912,False,-133.68479522176992,10.497995373633664,0.0008187885896120406,
geometric,5.0,9,2011,true,52,0.7350919200239026,15,4.12413088927158,14,0.2692307692307692,0.29,0,-0.5382636838555341,-0.66423930085016,0.5065371633977886,False,2.6148685212033556,0.4312510563476802,2.7924329515371937e-12,
geometric,5.0,9,2012,discovered,160,0.9406260553133161,1,1.8434979261561397,160,1.0,0.06,0,-0.9675390418068641,-0.6441937657758698,0.5194497930305428,False,-12.063357637431078,3.638056089694193,9.605628292774782e-09,
geometric,5.0,9,2012,true,69,0.7583029458120264,21,4.060450887860846,16,0.2318840579710145,0.82,0,-0.592291668549723,-0.8030486634787118,0.42194660802940387,False,2.9329747526670666,0.4494478304063932,2.1927348825556692e-11,
geometric,5.0,9,2013,discovered,140,0.9255634607430906,1,1.8775140926487346,140,1.0,0.01,0,-1.440543026029789,-0.8907285804859255,0.37307479812880695,False,-6.347084787558931,2.712911717183146,5.123069968249183e-09,
geometric,5.0,9,2013,true,63,0.7733606258128661,16,4.249974367477084,20,0.31746031746031744,0.49,0,-0.40868593446870727,-0.5518294590898813,0.5810652018518796,False,2.365082115257053,0.5248793379596749,3.197442310920451e-13,
geometric,5.0,9,2014,discovered,214,0.9227693440896728,1,1.8921138039782304,214,1.0,0.06,0,1.9002807609505457,1.615435275241343,0.10621646632117566,False,-506993.63785244746,676.167469579258,0.000826104927000415,
geometric,5.0,9,2014,true,75,0.7682800138157216,34,4.348170347837481,15,0.2,0.39,0,0.0006400178722323346,0.03194164033974273,0.9745185913791429,False,-45.118430709895655,3.8132455518356845,0.00025679094017050375,
geometric,5.0,9,2015,discovered,362,0.9190509910770827,1,1.7238452453244846,362,1.0,0.0,0,5.227007674255425,2.9770133749992347,0.002910713116333501,False,-503674.5135208542,754.1952668523821,0.0018808124705174123,
geometric,5.0,9,2015,true,93,0.6768677753290706,60,4.84089586905406,21,0.22580645161290322,0.27,0,-0.904535968598386,-0.7737628731797466,0.4390710315754148,False,4.058258908748072,0.34004280111019375,1.1695533430611249e-11,
geometric,5.0,9,2016,discovered,306,0.9164753374211349,1,1.855230966521781,306,1.0,0.0,0,6.111276111880825,4.216344212437762,2.48294676199287e-05,False,-838044.1422838105,891.1037907530946,0.00341195238797809,
geometric,5.0,9,2016,true,88,0.6822347280483227,42,4.242796810481682,21,0.23863636363636365,0.46,0,-0.690290783308737,-0.7780371343214321,0.436547121814593,False,3.5848770526480944,0.44580590291069033,7.08979541741428e-11,
geometric,5.0,9,2017,discovered,301,0.9280251509010592,1,1.7332583371687802,301,1.0,0.0,0,2.7701607633665812,1.7635183906436136,0.0778130983174142,False,-338266.7072843748,613.18349923878,0.0007211033580460935,
geometric,5.0,9,2017,true,89,0.7498213169769216,43,3.668869494734027,22,0.24719101123595505,0.22,0,-1.5439632674238037,-1.0874260907389506,0.27684854576218365,False,3.8866949731788334,0.4027158536167517,4.263256414560601e-13,
geometric,5.0,10,2010,discovered,70,0.9215569164957372,1,1.9427842575723713,70,1.0,0.15,0,-0.35093117570609733,-0.37478805929435943,0.7078180953792603,False,-9.83877420140845,3.117504263397222,2.8111912797612604e-10,
geometric,5.0,10,2010,true,36,0.8224698062325714,4,2.3062963485854087,26,0.7222222222222222,0.27,0,-1.558886950099196,-1.186501587657626,0.2354242748652975,False,1.449782739354057,0.8631218732513989,2.2737367544323206e-13,
geometric,5.0,10,2011,discovered,111,0.9093542388858088,1,1.8137405810797758,111,1.0,0.02,0,-1.6032481831194199,-0.9328567344223051,0.35089394363821036,False,-4.243050247728254,2.4460815076251325,2.3620145839231554e-09,
geometric,5.0,10,2011,true,54,0.6989265373315069,8,2.7546997141350102,30,0.5555555555555556,0.38,0,-1.198311826286972,-1.0198443099108985,0.3078023047978552,False,1.9031553477442964,0.7608997709152351,1.2789769243681803e-13,
geometric,5.0,10,2012,discovered,160,0.9163215227914705,1,2.0073269262313773,160,1.0,0.2,0,0.4575467046879993,0.5216992789685614,0.6018797267845774,False,-234247.5191684312,430.68507342550777,0.0002378100207351963,
geometric,5.0,10,2012,true,59,0.7442352205760161,12,2.872907284113312,32,0.5423728813559322,0.43,0,-0.10205606338149575,-0.27429981007786963,0.7838542304517739,False,-2.0127188318858216,1.6854467112875682,6.448885869758669e-11,
geometric,5.0,10,2013,discovered,133,0.9030258404751461,1,1.7770295323981384,133,1.0,0.0,0,-0.8759460850819742,-0.5187153504097328,0.6039592555069827,False,-7.377259798177841,3.1144411676873465,1.6825651982799172e-10,
geometric,5.0,10,2013,true,58,0.7403211196890417,10,2.8011050171179197,29,0.5,0.82,0,-0.4027589324921075,-0.6479351762063661,0.517026878134101,False,0.9935246769372819,1.0989366649241161,3.072386789426673e-11,
geometric,5.0,10,2014,discovered,244,0.9119907515444341,1,1.8898643003177713,244,1.0,0.0,0,1.9060530487723257,1.5834575969540874,0.11331720408184831,False,-192021.99138198438,416.5566714657523,0.0004617176437022863,
geometric,5.0,10,2014,true,78,0.7448121420043866,34,5.343453461604891,16,0.20512820512820512,0.76,0,-0.016445534486637214,-0.11975313721437483,0.9046787057822174,False,-0.520693821223674,1.010013929501329,1.0695160312934604e-08,
geometric,5.0,10,2015,discovered,405,0.9243487668115339,1,1.8196277574281738,405,1.0,0.0,0,5.404736796178188,3.1161516763798343,0.0018322800238687617,False,-573173.7540174811,752.7489258021797,0.0028352088729661773,
geometric,5.0,10,2015,true,93,0.7185366481629509,67,5.057280758041766,16,0.17204301075268819,0.61,0,-0.2198045817682055,-0.5091439113660874,0.6106513544619967,False,3.6618456333681237,0.4870068831305999,3.26281224261038e-11,
geometric,5.0,10,2016,discovered,309,0.9164784698443402,17,2.900305219487047,31,0.10032362459546926,0.89,0,-0.2039819726749208,-0.43212465147435936,0.6656508188612766,False,0.32696710042111166,1.332656803936792,2.007567445616587e-10,
geometric,5.0,10,2016,true,88,0.7055567641964192,22,2.620781951588273,41,0.4659090909090909,0.26,0,-2.2110442809067066,-1.350626557953927,0.17681508896446463,False,3.1430153256562776,0.7377597882090708,1.1283418643870391e-11,
geometric,5.0,10,2017,discovered,309,0.9285502981909347,1,1.7790452098075766,309,1.0,0.0,0,3.7502634785816475,2.4277637278661692,0.01519223687179386,False,-491323.59773891355,715.8278029219769,0.0014732342078787042,
geometric,5.0,10,2017,true,85,0.7495547715751405,47,5.352345888068478,19,0.2235294117647059,0.56,0,0.0013550353693858597,0.2903934656246774,0.7715152421139002,False,-27505.78696542083,79.16566098382451,3.1143645173870027e-06,
geometric,5.0,11,2010,discovered,68,0.9284691227016683,1,1.9603786401125918,68,1.0,0.45,0,-0.3605541689100282,-0.44041112628806933,0.6596393679202822,False,-11.932648395598955,3.3547116894914857,4.718003765447065e-09,
geometric,5.0,11,2010,true,32,0.8715282068622285,4,2.1056787623016544,22,0.6875,0.17,0,-1.6334017571346302,-1.0875524588551584,0.27679272804167687,False,1.6272240150103976,0.9394495496754509,1.9753088054130785e-12,
geometric,5.0,11,2011,discovered,131,0.9292238340284119,3,2.47656628071758,40,0.3053435114503817,0.71,0,-0.6698331125303809,-0.7881938608830911,0.43058331952805295,False,-0.4386167071307666,1.26756159259076,2.7711166694643907e-12,
geometric,5.0,11,2011,true,61,0.8406732206232563,4,2.084835945816225,40,0.6557377049180327,0.04,0,-2.51480307448748,-1.3794693534237183,0.16775008892206855,False,1.4953027636723801,1.0280138127501763,5.542233338928781e-13,
geometric,5.0,11,2012,discovered,176,0.9185478394157124,1,1.8821308825973124,176,1.0,0.05,0,-0.17376078832656017,-0.1285733107162932,0.897695285950646,False,-19.058931670689752,4.353787940032534,5.5234465889952844e-08,
geometric,5.0,11,2012,true,70,0.6704521053812326,18,4.3845318181532535,17,0.24285714285714285,0.91,0,-0.12130968781290719,-0.36241073640387333,0.7170451175600191,False,1.593165018656016,0.725425281856091,3.247180302423658e-12,
geometric,5.0,11,2013,discovered,134,0.9468479823626733,1,1.8458390990666658,134,1.0,0.35,0,-1.1120598621808577,-0.7510769335679132,0.4526063567312538,False,-9.599040052477111,3.2907693690781232,1.5159344002313446e-08,
geometric,5.0,11,2013,true,56,0.7816346544207262,7,2.2144526409817855,35,0.625,0.11,0,-1.8074814433472022,-1.2185812787925525,0.22300315821813232,False,1.9300370972195862,0.9977642924209462,2.0818902157770935e-10,
geometric,5.0,11,2014,discovered,235,0.9197123858262016,1,1.833333328586717,235,1.0,0.03,0,0.26273072147601617,0.18147956330724,0.8559911729223101,False,-37.40018008598304,6.16486646000368,2.760657480394002e-08,
geometric,5.0,11,2014,true,84,0.6934776796541164,26,3.739756382754608,23,0.27380952380952384,0.33,0,-1.6566320090613589,-1.1508952438540576,0.2497753347081002,False,3.385859622177718,0.3866285376621695,2.5295321393059567e-11,
geometric,5.0,11,2015,discovered,410,0.9100128693941578,1,1.8364331306463035,410,1.0,0.0,0,8.689156654213479,5.216064909665408,1.8276415325990365e-07,False,-895321.5505241314,932.2022078413339,0.004736748458526563,
geometric,5.0,11,2015,true,92,0.6983568603199372,41,3.225980430978602,31,0.33695652173913043,0.1,0,-0.5113957899172785,-0.7180829366840452,0.47270615052976794,False,2.9145600494011363,0.8345276339827288,1.2590817277668975e-11,
geometric,5.0,11,2016,discovered,308,0.9240974023060242,1,1.822860185562424,308,1.0,0.0,0,3.72768112714051,2.522151988236333,0.011663929957140691,False,-544964.4503338747,732.2326438106696,0.0016552448341826675,
geometric,5.0,11,2016,true,89,0.658614188576588,33,3.335579610647442,22,0.24719101123595505,0.54,0,-0.8447337766583756,-0.8851939959587584,0.37605201001288546,False,3.371533534687294,0.5841828616280131,3.09398728859378e-10,
geometric,5.0,11,2017,discovered,325,0.9223921097021518,1,1.8464748746630402,325,1.0,0.0,0,5.246857453883154,3.4438534687808766,0.0005734864205172815,False,-571792.1137386134,739.432395332153,0.002556862272285798,
geometric,5.0,11,2017,true,90,0.7624255300393106,45,3.7323931832989876,19,0.2111111111111111,0.93,0,-0.47252967434635806,-0.6556669349885261,0.5120384479384659,False,3.4617071910139265,0.5871262836708413,4.575895218295045e-12,
geometric,5.0,12,2010,discovered,75,0.9207456063739006,1,2.002913062646661,75,1.0,0.04,0,-0.7853311144599635,-0.6989920821523533,0.4845569790694083,False,-5.995460753200058,2.4393212361526735,9.450218385609332e-10,
geometric,5.0,12,2010,true,36,0.7936649767341271,9,3.5240897094272916,11,0.3055555555555556,0.69,0,0.011529281650031642,0.38628545282493976,0.699285272980786,False,-76848.87451838737,171.1982218888506,2.2260424884734675e-05,
geometric,5.0,12,2011,discovered,105,0.9397356421456728,1,1.7846749944754698,105,1.0,0.01,0,-4.492578726123242,-1.8982976461454761,0.05765688387896169,False,-1.103390641530737,1.7070329840996723,2.0463630789890885e-12,
geometric,5.0,12,2011,true,51,0.7834973054357852,8,2.668202913569972,29,0.5686274509803921,0.6,0,-0.659820161088051,-0.8361405261361161,0.4030758518835026,False,1.3336542373222755,0.995226102673419,4.916955731459893e-12,
geometric,5.0,12,2012,discovered,147,0.9253170587003476,1,1.889236025012364,147,1.0,0.13,0,0.4216751236868621,0.4301373526682071,0.6670957300747671,False,-170.41286169954446,12.468398345590588,0.0017251620562888093,
geometric,5.0,12,2012,true,60,0.7146975869630533,24,5.120104045964573,12,0.2,0.75,0,-0.0007191797531191924,-0.018161967150442826,0.9855096434456116,False,-11.854032117745902,1.9239583067508632,2.117959070346842e-06,
geometric,5.0,12,2013,discovered,140,0.9339560738671064,1,1.8384999825142876,140,1.0,0.14,0,-1.6785284638043816,-0.9832849045217829,0.32546723750040196,False,-5.957075217972431,2.7230502443210836,2.4488144845236093e-10,
geometric,5.0,12,2013,true,65,0.8211129793261496,4,1.965427896224632,46,0.7076923076923077,0.01,0,-4.6586932928194535,-1.902646622618933,0.05708667124016854,False,1.8977834682960761,0.940933323148518,3.666400516522117e-12,
geometric,5.0,12,2014,discovered,225,0.9168641520270979,1,1.8732517490759484,225,1.0,0.18,0,1.0417277235678313,0.8835556559406182,0.3769361257962819,False,-251790.73183978588,481.53804915080093,0.0003470069086688454,
geometric,5.0,12,2014,true,76,0.7350142258573464,20,3.232862642999519,33,0.4342105263157895,0.38,0,-0.6436945839855532,-0.7772467622943008,0.4370131978990729,False,2.3500063849596433,0.783146855513579,6.8942540565331e-10,
geometric,5.0,12,2015,discovered,392,0.9194216965991759,10,2.1917900477212173,62,0.15816326530612246,0.28,0,-1.8598284789490505,-1.3143950146610068,0.18871330728291547,False,1.6912362920271915,1.2636170859214606,5.74402747588465e-11,
geometric,5.0,12,2015,true,94,0.737472837132126,13,1.993966180610319,66,0.7021276595744681,0.0,0,-8.088831605207686,-2.43900964558598,0.014727575145920602,False,3.2301780044027617,0.8514042578952011,3.922195901395753e-12,
geometric,5.0,12,2016,discovered,303,0.917174773351641,1,1.9951183678501656,303,1.0,0.0,0,4.052470157548442,3.0384974051435574,0.0023776115241008738,False,-805158.6556124256,805.356495455648,0.0024449718266623677,
geometric,5.0,12,2016,true,85,0.7115435919386998,28,3.1493284390286194,30,0.35294117647058826,0.08,0,-3.1156900982527787,-1.5992741487456832,0.10975970097874503,False,3.6078953197728305,0.422881437738083,6.636469151999336e-11,
geometric,5.0,12,2017,discovered,279,0.9290595212702545,1,1.7164396634626944,279,1.0,0.0,0,1.9397042106235673,1.2845060685191405,0.1989649416020236,False,-107196.40784478978,349.3603908308668,0.00012501702076406218,
geometric,5.0,12,2017,true,90,0.6714121445938966,53,6.523299786832946,12,0.13333333333333333,0.83,0,-0.2568478101115135,-0.49500430631432785,0.6205970807522874,False,3.7523991673011334,0.3057624153197776,4.590106073010247e-12,
geometric,5.0,13,2010,discovered,59,0.8792090950418897,1,1.9415877010444818,59,1.0,0.0,0,0.2693137857553862,0.44469108062158086,0.6565430159529625,False,-50.432587127510715,6.658133581910011,1.2056731250709163e-05,
geometric,5.0,13,2010,true,35,0.7852015088706316,4,2.1213722563629136,24,0.6857142857142857,0.01,0,-4.1675717331074935,-1.7221738318234607,0.08503803368216248,False,2.0552860279387013,0.6225668630352207,2.9274360713316128e-12,
geometric,5.0,13,2011,discovered,108,0.9310061859821195,1,1.9672732494657978,108,1.0,0.72,0,-0.0472978840258963,-0.05519355222625806,0.9559842656853739,False,-48.953174277731705,6.462444578781889,9.376697983043414e-05,
geometric,5.0,13,2011,true,49,0.7206814141319745,12,3.4843527088997748,20,0.40816326530612246,0.27,0,-0.6015807782900358,-0.7658602085538556,0.4437594845883025,False,2.2180189963204913,0.5963786835993644,1.4210854715202004e-14,
geometric,5.0,13,2012,discovered,175,0.9171125051547778,15,4.002011444439805,15,0.08571428571428572,0.8,0,-0.13293070089988923,-0.3761420387053987,0.7068113028654994,False,1.4988372269536856,0.7626354176137369,5.684341886080802e-14,
geometric,5.0,13,2012,true,66,0.683602024452596,18,4.057114764620214,20,0.30303030303030304,0.3,0,-0.03928575847689153,-0.21790072463425705,0.8275064625357745,False,-0.9578742712196027,1.1946649662244289,3.8786576084248736e-07,
geometric,5.0,13,2013,discovered,118,0.9173511531754472,1,1.7733517410478232,118,1.0,0.0,0,-0.2839075595622249,-0.21087881842542286,0.832981832907126,False,-13.236586585487752,3.9934042426357803,2.6261915309078177e-08,
geometric,5.0,13,2013,true,59,0.778484762105645,23,5.156431364885108,11,0.1864406779661017,0.77,0,-0.03175594691058592,-0.18573369761642863,0.8526536012109054,False,0.9651024866202141,0.7860212768158995,1.7118324535658758e-09,
geometric,5.0,13,2014,discovered,221,0.9196682310059126,1,1.874461296003056,221,1.0,0.0,0,2.402476031294479,2.0146971665607953,0.04393638928118097,False,-132179.90021715715,349.0559062552339,0.0009019423077916144,
geometric,5.0,13,2014,true,76,0.6835891700484797,26,3.8115457168678892,24,0.3157894736842105,0.34,0,-0.8724267867221842,-0.9387894583155697,0.34783885233077494,False,3.12851253012163,0.49401088548035,3.33386651618639e-11,
geometric,5.0,13,2015,discovered,386,0.9085851948057111,1,1.8456911299221725,386,1.0,0.0,0,8.717649523363345,5.358639641401913,8.385091367959696e-08,False,-10000.00013754771,97.98203150514371,0.0,
geometric,5.0,13,2015,true,89,0.6503983598361125,38,3.138245165788764,32,0.3595505617977528,0.16,0,-0.5392771432885506,-0.6592134180803555,0.5097587316712282,False,2.8271782467128044,0.8623979447401413,4.204423476039665e-10,
geometric,5.0,13,2016,discovered,303,0.9198785044411938,1,1.8295289972546271,303,1.0,0.01,0,3.9175700612778996,2.67358583585669,0.007504506843058597,False,-472734.3504660714,679.1991498764237,0.0019347617107996484,
geometric,5.0,13,2016,true,91,0.7400912260682244,23,2.6974304667007587,39,0.42857142857142855,0.13,0,-1.9717688899508778,-1.4045272745509252,0.16016189570934447,False,3.1463119406654108,0.7228822999873059,1.2505552149377763e-12,
geometric,5.0,13,2017,discovered,322,0.9286285471273727,1,1.8476248249632894,322,1.0,0.0,0,3.2569156991886272,2.182785693872572,0.029051595699737517,False,-482122.9432652989,677.6832745877938,0.0014746559982086183,
geometric,5.0,13,2017,true,93,0.7083921332791391,49,4.268876924018267,19,0.20430107526881722,0.24,0,-0.31712171400059397,-0.4780307950939549,0.6326282868970501,False,3.3595611778414947,0.5652433556227301,6.59809984426829e-11,
geometric,5.0,14,2010,discovered,78,0.9398168096912671,1,1.9713973226288122,78,1.0,0.56,0,-0.5286820108911656,-0.5593809773522106,0.5759017409973337,False,-10.385451126321117,3.134437049100736,1.8121681932825595e-10,
geometric,5.0,14,2010,true,36,0.7806103991771217,6,2.6035531835332173,20,0.5555555555555556,0.15,0,-1.3209882812141043,-1.0366698642695489,0.29988974117507805,False,1.9301521080993933,0.6749498235556822,1.5631940186722204e-13,
geometric,5.0,14,2011,discovered,128,0.9062395634976972,1,2.0492958656984075,128,1.0,0.22,0,0.06622935738262653,0.08066051790475011,0.9357119366103972,False,-53.799247497875065,6.476582300794095,7.152212808136937e-05,
geometric,5.0,14,2011,true,62,0.7549196235624996,17,7.29112111332763,12,0.1935483870967742,0.64,0,0.0012939150704660562,0.15781735201449668,0.8746007250776484,False,-26916.029401539297,64.63362103312731,3.4478434827178717e-06,
geometric,5.0,14,2012,discovered,163,0.91740587594971,1,1.976022210362239,163,1.0,0.01,0,0.6904305535189419,0.7650442858260477,0.4442451741795327,False,-215129.55250808503,419.6715307914139,0.0001634562559047481,
geometric,5.0,14,2012,true,62,0.8069419566869088,22,3.8237084111396604,14,0.22580645161290322,0.95,0,-0.0011239479107345574,-0.025569727698099468,0.9796005319693171,False,-20.17284781442986,2.8883722844562305,0.00010699012880621694,
geometric,5.0,14,2013,discovered,146,0.9234655255051989,1,2.0028535180718627,146,1.0,0.4,0,1.1761026910876518,1.3248751886520918,0.18521255136878179,False,-502848.141828634,633.1839458142039,0.0007074074537740671,
geometric,5.0,14,2013,true,60,0.7111324968173148,21,5.280436284422297,12,0.2,0.46,0,-0.13252535352852624,-0.3303909590961293,0.7411045719597034,False,2.38499701297784,0.493765493900564,3.133493464702042e-12,
geometric,5.0,14,2014,discovered,241,0.9098449273095646,1,1.874879901904645,241,1.0,0.0,0,3.0208758725173386,2.452658272224898,0.014180498111706918,False,-491489.89890023513,673.1848830916641,0.00140744107284263,
geometric,5.0,14,2014,true,82,0.7187524689377941,20,3.0367418988040584,30,0.36585365853658536,0.03,0,-3.6018693005608253,-1.726163227509093,0.08431805151966561,False,3.320947642769085,0.4174086538744111,9.521272659185342e-13,
geometric,5.0,14,2015,discovered,384,0.9296925575113442,1,1.7880293582406366,384,1.0,0.0,0,5.302980339371844,3.064638871129864,0.002179329709987539,False,-573496.4766363432,768.9347060921064,0.0024843655919539742,
geometric,5.0,14,2015,true,87,0.7224539538210125,32,2.6480727888376054,38,0.4367816091954023,0.07,0,-1.8853619122657195,-1.215234044194153,0.22427683937367504,False,3.4692193968248235,0.7511303299396666,3.2741809263825417e-11,
geometric,5.0,14,2016,discovered,278,0.9186477881458146,1,1.9704960447549014,278,1.0,0.01,0,3.2641866240230577,2.5411361673884723,0.01104928780045023,False,-669615.2588947832,743.9235501123745,0.002004363101150375,
geometric,5.0,14,2016,true,81,0.7190049452691684,16,2.3371772788008913,48,0.5925925925925926,0.0,0,-4.339422290187292,-1.8078302381603997,0.07063292600625196,False,3.1440759159731497,0.7218584912719642,1.3073986337985843e-12,
geometric,5.0,14,2017,discovered,338,0.937125325974396,1,2.0113519364623076,338,1.0,0.7,0,1.671695741652699,1.152628708423278,0.24906281456023438,False,-615301.439263993,696.9241744609964,0.0014512769139400916,
geometric,5.0,14,2017,true,96,0.7244558675221252,12,2.097106999202813,60,0.625,0.0,0,-6.321459412985904,-2.1944217485019424,0.028205103811472582,False,3.013766740382712,0.8233224842694243,1.2221335055073723e-12,
geometric,5.0,15,2010,discovered,65,0.9015486833976538,1,2.0191564124086847,65,1.0,0.21,0,-1.0454989714283318,-0.8996784622427189,0.3682913883606218,False,-2.940237173848299,1.8472998950939195,3.693401140481001e-11,
geometric,5.0,15,2010,true,39,0.7126262592977833,10,4.721122264537097,12,0.3076923076923077,0.57,0,0.0005828927641129411,0.03318094303568091,0.973530295008541,False,-16222.936431278195,64.8029536943251,2.586493792477995e-07,
geometric,5.0,15,2011,discovered,99,0.9192142137112486,1,1.8168808973426007,99,1.0,0.06,0,-2.003819961239494,-1.1167107085816965,0.26411803767944386,False,-3.043455820398262,2.1758240007386167,1.0737721822806634e-09,
geometric,5.0,15,2011,true,45,0.7934195639550312,12,2.9782082205807208,16,0.35555555555555557,0.59,0,-0.16085746829727476,-0.4552301794695441,0.64894365078545,False,0.8279876814465583,1.1152986683273771,5.329283681021479e-10,
geometric,5.0,15,2012,discovered,150,0.9296451902530308,1,1.941114859925342,150,1.0,0.04,0,0.557794850498051,0.6005295943017668,0.5481533438846304,False,-226092.54973043245,438.51305226828754,0.0001731590564304497,
geometric,5.0,15,2012,true,63,0.7656852073785065,16,3.0058563353728607,24,0.38095238095238093,0.46,0,-0.9829417860527219,-0.9419032003346509,0.3462422014825689,False,2.65761056304113,0.6613308521571648,1.4210854715202004e-13,
geometric,5.0,15,2013,discovered,150,0.9248366651551481,1,1.8893192693518923,150,1.0,0.06,0,0.27545166053573755,0.26223126666066815,0.7931431492784593,False,-61.16956198296563,7.538152080308134,0.0001967819277979288,
geometric,5.0,15,2013,true,63,0.8355637645311926,9,2.5453682543170553,30,0.47619047619047616,0.75,0,-0.49849476276537974,-0.7156794787491864,0.47418928495615853,False,0.9501209619286966,1.2060691040994014,1.67361235980934e-10,
geometric,5.0,15,2014,discovered,263,0.9270094179026898,1,1.821314869562263,263,1.0,0.04,0,-1.0400509695903786,-0.5902332668501302,0.5550342720151791,False,-16.76488078277876,4.278122546158687,1.42728481478116e-07,
geometric,5.0,15,2014,true,83,0.7169516874201574,10,2.2596204819904284,54,0.6506024096385542,0.0,0,-6.972571377059589,-2.374147301951112,0.01758953177165701,False,2.8399033145395123,0.6519521447160851,2.9558577807620168e-12,
geometric,5.0,15,2015,discovered,397,0.9156856258755042,1,1.9812222244272053,397,1.0,0.0,0,7.273456389885297,4.1239027184950885,3.7250627363225704e-05,False,-925620.8220557997,871.0524070008529,0.0058976557265850715,
geometric,5.0,15,2015,true,90,0.6437919821956863,64,5.360969031073863,18,0.2,0.77,0,-0.5414102327499286,-0.6804102469186962,0.4962447346140223,False,4.0165955567696,0.34288409643491624,5.258016244624741e-13,
geometric,5.0,15,2016,discovered,281,0.9239987826358167,1,1.7619125768640813,281,1.0,0.01,0,3.0900489275458822,2.0678983288657395,0.038649584603501805,False,-256615.25532046336,523.3868029699519,0.0009557708981446922,
geometric,5.0,15,2016,true,85,0.7134066860441923,45,4.5082274873696075,19,0.2235294117647059,0.62,0,-0.17327757321374992,-0.37561116182144205,0.7072059914914723,False,2.8316626755996372,0.6461402882236058,3.411173565837089e-10,
geometric,5.0,15,2017,discovered,350,0.9262048205495115,1,1.9577671693247385,350,1.0,0.02,0,3.2028415425417336,2.2338240915400767,0.025494649719596668,False,-235520.0117636199,444.0009356780164,0.00179318736991263,
geometric,5.0,15,2017,true,92,0.7583621802766637,50,4.8482744443266155,14,0.15217391304347827,0.98,0,0.0009189307859713836,0.20407681665247637,0.8382934707219112,False,-36245.602355275165,96.67749630281449,1.7431357264285907e-05,
geometric,5.0,16,2010,discovered,74,0.8974295799791391,1,2.092718396920411,74,1.0,0.09,0,0.5590727186297952,1.0178615876180297,0.3087437386265358,False,-388959.9548091859,532.3960951264856,0.0002457921909808647,
geometric,5.0,16,2010,true,42,0.7972907971889488,6,2.6803008950929357,21,0.5,0.64,0,-1.080860044707078,-0.9130226069780875,0.3612306518407489,False,1.7823287425927168,0.7121739904642714,4.547473508864641e-13,
geometric,5.0,16,2011,discovered,126,0.9330641421271431,1,1.8522556756071429,126,1.0,0.07,0,-2.5460370795089746,-1.3744538189928779,0.1693008378038332,False,-3.3517959477164623,2.180345069307655,5.735785180149833e-10,
geometric,5.0,16,2011,true,55,0.7497058349788754,7,2.764485983720349,32,0.5818181818181818,0.13,0,-0.48229931613898414,-0.6226079444573048,0.5335421892822694,False,0.7408421589799417,1.0780420871179075,3.936406756110955e-12,
geometric,5.0,16,2012,discovered,161,0.902236036973822,6,2.6481730412587208,39,0.2422360248447205,0.22,0,-0.9424053210650309,-0.9474603632236168,0.3434042446140497,False,1.1029352927027547,0.9774847636926522,6.608047442568932e-12,
geometric,5.0,16,2012,true,68,0.7255170812042575,8,2.431027403509742,41,0.6029411764705882,0.06,0,-3.6343978596195443,-1.6166326430676552,0.10595760128926446,False,2.3980659512019153,0.6750746839489858,5.968558980384842e-13,
geometric,5.0,16,2013,discovered,125,0.9104232514321914,1,1.9637091957499688,125,1.0,0.28,0,0.4302426352464199,0.5435958236791736,0.586719634319425,False,-74584.95894691737,248.71058010997746,1.7263018889934756e-05,
geometric,5.0,16,2013,true,57,0.7525130907733433,19,3.806686684907967,13,0.22807017543859648,0.45,0,-0.49852488379518567,-0.6450928051282383,0.5188670461342481,False,2.83779841979893,0.483439165311882,3.552713678800501e-14,
geometric,5.0,16,2014,discovered,229,0.9066144332459971,1,1.8859883682409508,229,1.0,0.0,0,3.317630492404431,2.7914081181769625,0.005247925507185471,False,-619107.2837594748,750.8557959487882,0.0017246619045181433,
geometric,5.0,16,2014,true,77,0.642883021775173,41,7.5597561974953535,11,0.14285714285714285,0.54,0,-0.0065468820983412,-0.08317744086574837,0.9337104501518099,False,0.005490546342657811,0.7768843853972623,1.8202754858975823e-08,
geometric,5.0,16,2015,discovered,410,0.930095385253373,1,1.8941495213523247,410,1.0,0.0,0,5.599709572179057,3.302718573888764,0.0009575243209450837,False,-291637.0696222383,512.7849345787001,0.0033647714708422427,
geometric,5.0,16,2015,true,94,0.6979521395255198,60,4.859003889663821,23,0.24468085106382978,0.47,0,-0.48959427247654297,-0.6810929610303728,0.4958126707294005,False,3.777901204257076,0.4394552832698292,5.400124791776761e-13,
geometric,5.0,16,2016,discovered,327,0.9092800342877122,1,1.8195615374382657,327,1.0,0.0,0,3.7622009907289415,2.512245996805628,0.011996543116041113,False,-504284.5450439523,705.7126983596912,0.0010770211383714923,
geometric,5.0,16,2016,true,88,0.7126607408235307,11,2.0893482565992287,65,0.7386363636363636,0.0,0,-6.562368819998875,-2.26678656437657,0.02340326728016851,False,2.9043449272073727,0.8448732463042402,1.0231815394945443e-11,
geometric,5.0,16,2017,discovered,352,0.9039478944247947,1,1.995995389171001,352,1.0,0.0,0,5.182193953480574,3.7551396523707643,0.00017324485250240035,False,-869659.3549378973,836.8287726617957,0.002913863786488946,
geometric,5.0,16,2017,true,86,0.7341096911217536,42,3.702954396153876,24,0.27906976744186046,0.59,0,-0.706756675742183,-0.7862283240403691,0.4317337352156091,False,3.4920234806016244,0.5578102148357824,1.1240786079724785e-11,
geometric,5.0,17,2010,discovered,66,0.9312772854000999,1,2.0034298178339474,66,1.0,0.74,0,-0.5186226531746991,-0.5730672812736927,0.5665991395963149,False,-8.284519632114161,2.789414954104688,8.463558742732857e-10,
geometric,5.0,17,2010,true,39,0.767453138216918,8,3.5808298550316455,16,0.41025641025641024,0.64,0,-0.6292010841244267,-0.6777877878473264,0.49790625521821086,False,1.9719670291314877,0.5113277107799725,4.050093593832571e-13,
geometric,5.0,17,2011,discovered,119,0.8973804942014497,1,2.026389013016631,119,1.0,0.05,0,1.1793147183247519,1.6389384647230896,0.10122607588333266,False,-449710.2369382505,591.7240418124333,0.0005146524536030483,
geometric,5.0,17,2011,true,58,0.7495516920128348,12,3.4860212382592533,19,0.3275862068965517,0.63,0,-0.5036455255134706,-0.6705421493541618,0.5025122467014249,False,2.1314072058990754,0.6258910194421209,2.4655832930875476e-12,
geometric,5.0,17,2012,discovered,164,0.9166606268133909,1,1.9312845632276292,164,1.0,0.01,0,0.40031527419305757,0.4048042751401166,0.6856213860612221,False,-108.48978735927898,9.733522805688999,0.0006643471499501175,
geometric,5.0,17,2012,true,67,0.7771702670872837,8,2.4965375302307202,41,0.6119402985074627,0.2,0,-0.9727146243045732,-0.9411698216053391,0.3466178392882743,False,1.2848955317670632,1.0990046552523534,3.410605131648481e-12,
geometric,5.0,17,2013,discovered,135,0.9167494165653587,1,1.9549577714362154,135,1.0,0.22,0,-0.30669291732416504,-0.2793249775726071,0.7799954394949641,False,-17.368188834957714,3.9872495055925925,9.45993861023453e-09,
geometric,5.0,17,2013,true,58,0.7827914751995461,10,2.6915296472244563,27,0.46551724137931033,0.16,0,-0.9861238907254113,-0.9268093210139746,0.35402554457786695,False,2.059625346025684,0.8188082779437599,7.545963853772264e-12,
geometric,5.0,17,2014,discovered,246,0.8995708146609751,1,1.9225891600709875,246,1.0,0.0,0,2.002971398469999,1.7654662688648015,0.07748543442719576,False,-391861.46093769436,583.917489385206,0.0006964680078453966,
geometric,5.0,17,2014,true,83,0.7904254602076347,19,2.8721568315369947,30,0.3614457831325301,0.15,0,-1.1218595096382038,-0.9617604141635077,0.33616996711067904,False,2.7585620265725224,0.7361814290891749,4.234834705130197e-12,
geometric,5.0,17,2015,discovered,390,0.9148292510705862,1,1.70018397359071,390,1.0,0.0,0,2.774078086496562,1.4076975395376543,0.1592206507146815,False,-86.17000561357922,10.16277423132248,0.0007848833602110972,
geometric,5.0,17,2015,true,95,0.6288572468679381,17,2.119019063495638,67,0.7052631578947368,0.0,0,-9.051943925895959,-2.700593009965429,0.0069215980596511704,False,3.4692036602603107,0.7240672211460615,3.410605131648481e-12,
geometric,5.0,17,2016,discovered,315,0.9146247252029639,1,1.7953500527475008,315,1.0,0.0,0,2.992995206989338,1.9575887641360432,0.05027828684150482,False,-282388.6997953423,536.3864007343612,0.0006195159194248845,
geometric,5.0,17,2016,true,93,0.702869427324741,33,4.182228684479113,25,0.26881720430107525,0.92,0,0.0019674698119107603,0.20515089214148094,0.8374542357350813,False,-16811.382175696017,72.2805376765461,9.230570867657661e-07,
geometric,5.0,17,2017,discovered,319,0.9268859640397618,1,1.806702577395045,319,1.0,0.0,0,3.4032119774540632,2.2352941396986465,0.025398044552781236,False,-378882.6079289338,616.8322064027582,0.0013144818567525363,
geometric,5.0,17,2017,true,89,0.6759522324056271,46,4.237763180196375,18,0.20224719101123595,0.35,0,-0.148974057688251,-0.3535101787812818,0.7237059991981019,False,2.672250091450027,0.7223706623609941,3.0256330774136586e-10,
geometric,5.0,18,2010,discovered,63,0.9030510602756923,1,2.0581771192336675,63,1.0,0.16,0,-0.574408471955095,-0.6357497659242851,0.5249395340161799,False,-5.329827647956401,2.2521036907683243,5.718149509448267e-09,
geometric,5.0,18,2010,true,36,0.8012202558858589,8,3.0616593192603,16,0.4444444444444444,0.35,0,-0.621946916918406,-0.723978115195213,0.46907917085004947,False,1.9227684577277204,0.6495328595783214,3.389288849575678e-12,
geometric,5.0,18,2011,discovered,110,0.9076310123578529,1,1.9021748369905114,110,1.0,0.2,0,-2.04605181432662,-1.2027567147250158,0.2290704795854165,False,-2.9867379973608594,2.017359872331079,8.071765478234738e-11,
geometric,5.0,18,2011,true,52,0.6915316399550191,16,4.684603968775032,10,0.19230769230769232,0.84,0,-0.24604901511482113,-0.4878610171180299,0.62564828836657,False,2.510647444129689,0.4321062809694418,3.232969447708456e-13,
geometric,5.0,18,2012,discovered,173,0.938043910570059,1,1.9657860354228924,173,1.0,0.1,0,-0.46413905516398746,-0.377690648000959,0.7056604159267583,False,-24.83294846821304,4.6762620216751865,6.831695031905838e-07,
geometric,5.0,18,2012,true,73,0.7836026909548824,9,2.321775238884421,35,0.4794520547945205,0.14,0,-2.9012008737524635,-1.582307351693673,0.11357942326609959,False,2.5129507520412764,0.7537658667505032,1.2789769243681803e-12,
geometric,5.0,18,2013,discovered,161,0.8894916667383571,1,1.8993515011718278,161,1.0,0.0,0,-0.33985377618630164,-0.26517770374963595,0.790872570069711,False,-13.902771654896,3.732433129536046,1.3852724123353255e-07,
geometric,5.0,18,2013,true,66,0.6949475637284482,11,3.590825764784111,29,0.4393939393939394,0.25,0,-0.8868675142197853,-0.9122054388334065,0.36166058138575086,False,2.15252489577207,0.5668096127556862,5.130118552187923e-12,
geometric,5.0,18,2014,discovered,244,0.9114403647268042,1,1.8483841426538337,244,1.0,0.0,0,1.3860726248582909,1.112749071570733,0.26581621373833897,False,-68334.42995583452,254.75044428482852,3.446070786594646e-05,
geometric,5.0,18,2014,true,78,0.6863768199341068,21,3.2148549578035106,32,0.41025641025641024,0.04,0,-2.7530663993748425,-1.362627282387965,0.17300000601406706,False,3.258396213104761,0.44367514527812163,3.552713678800501e-13,
geometric,5.0,18,2015,discovered,388,0.9143106244571989,34,3.9978667148391915,16,0.041237113402061855,0.72,0,-0.05438601114814201,-0.24001693641978697,0.810317126955673,False,0.8967009274565468,1.0342498069693997,2.683194111341436e-09,
geometric,5.0,18,2015,true,94,0.6626973093952018,53,4.370007230725752,25,0.26595744680851063,0.65,0,-0.2681963926264008,-0.41909121269205785,0.6751494724838203,False,3.1064890961301823,0.6382382582575923,6.67057520331582e-11,
geometric,5.0,18,2016,discovered,285,0.9228932964428014,1,1.8512330438488358,285,1.0,0.0,0,4.412090426087715,3.117003606858304,0.0018269933687764545,False,-699361.6224078612,815.3094439961301,0.00244739269510319,
geometric,5.0,18,2016,true,84,0.6999847158755634,32,3.5453919555776863,26,0.30952380952380953,0.04,0,-1.0622229332883704,-1.0173045000117442,0.30900859654679047,False,3.3821918011469645,0.5230261771421387,1.6910917111090384e-12,
geometric,5.0,18,2017,discovered,320,0.9059193779795832,1,1.953862879518668,320,1.0,0.0,0,6.509314762596128,4.7269853728754265,2.2787767338093708e-06,False,-923850.2207693306,883.4199069357917,0.004054350424667064,
geometric,5.0,18,2017,true,89,0.6681244485250177,54,6.629585938773146,14,0.15730337078651685,0.72,0,-0.31820380306421026,-0.4982276298783942,0.618323610064237,False,3.7952096296925104,0.2936886368442098,4.547473508864641e-13,
geometric,5.0,19,2010,discovered,83,0.9008758273663835,1,1.9991094150291022,83,1.0,0.04,0,0.2831398461564796,0.472817634406799,0.6363432918394851,False,-132951.27559056057,325.8534677092546,3.766369900404243e-05,
geometric,5.0,19,2010,true,42,0.8257682181088556,10,3.979089202939827,12,0.2857142857142857,0.09,0,-0.006196490165180535,-0.055294897169338914,0.9559035274176017,False,-4.886822649190056,1.5907424165731079,3.63862699970241e-07,
geometric,5.0,19,2011,discovered,109,0.9405121740164892,1,1.8654826453112603,109,1.0,0.19,0,-1.4232307241875581,-0.936621350069848,0.3489533657589228,False,-5.4364842332355945,2.5746886527798294,3.3277558486588532e-09,
geometric,5.0,19,2011,true,58,0.855564846615593,3,1.892188477669036,46,0.7931034482758621,0.03,0,-4.506312657832912,-1.9127532831785552,0.05577964437015711,False,1.59003739270063,1.0327886095474055,1.0317080523236655e-11,
geometric,5.0,19,2012,discovered,152,0.9075966999434532,15,5.038342699979086,11,0.07236842105263158,0.47,0,-0.11194306135399756,-0.357460857202315,0.7207468244777048,False,1.940127959707574,0.5371579126877667,2.4868995751603507e-13,
geometric,5.0,19,2012,true,59,0.6849339336923461,15,3.586537596122383,24,0.4067796610169492,0.18,0,-0.9250057036065251,-0.888685539554993,0.3741721047325124,False,2.5904676232685357,0.523113319977384,3.437605755607365e-11,
geometric,5.0,19,2013,discovered,166,0.9334093977551335,1,1.9390320209379985,166,1.0,0.27,0,-1.0454032154073376,-0.7249758985603101,0.4684668163614226,False,-10.410704610913088,3.201341163052861,5.782169409940252e-09,
geometric,5.0,19,2013,true,66,0.7733478953467641,13,2.9961065659026067,22,0.3333333333333333,0.01,0,-2.5463712161021763,-1.5704661149819523,0.11630671160335967,False,2.883389751078452,0.43026758356202,3.552713678800501e-13,
geometric,5.0,19,2014,discovered,233,0.9287902180106137,1,1.903013456300731,233,1.0,0.04,0,1.6759072798886976,1.3820965259362157,0.16694206505110576,False,-372829.41414853383,575.9423338697418,0.0007375971563305939,
geometric,5.0,19,2014,true,81,0.705077105713047,15,2.7635956417047574,46,0.5679012345679012,0.22,0,-1.9427448772731633,-1.2557686006337452,0.209199878930725,False,2.593904351450938,0.7448254531549002,8.72546479513403e-11,
geometric,5.0,19,2015,discovered,410,0.92860712523842,1,1.9447169123203314,410,1.0,0.0,0,5.447487034302751,3.188649269360825,0.0014293919010804537,False,-624896.6448381961,729.1301386004933,0.0037005493895776453,
geometric,5.0,19,2015,true,96,0.6845783862801046,71,5.809190790446438,12,0.125,0.83,0,-0.004115541155467639,-0.06647939201133182,0.9469961642015547,False,-2.6507712445248575,1.2298830165644081,1.5666319939100504e-06,
geometric,5.0,19,2016,discovered,297,0.9323278012746967,1,1.9405180495289212,297,1.0,0.0,0,4.647806607697038,3.0953299014970757,0.0019659409887025155,False,-911929.4304670307,883.3553351095073,0.003352020484271634,
geometric,5.0,19,2016,true,79,0.6819961025135978,23,2.8384446425942653,37,0.46835443037974683,0.42,0,-1.259797919251132,-1.0112287855602675,0.3119069414983321,False,2.8802792981812946,0.777294420818132,1.9775825421675108e-10,
geometric,5.0,19,2017,discovered,298,0.9163259443034876,1,1.682082973040829,298,1.0,0.0,0,-0.8275783233132685,-0.33876428270676945,0.7347873101734678,False,-12.148777717683252,4.155044974904519,1.4071019904804416e-09,
geometric,5.0,19,2017,true,91,0.7691345713584749,25,2.652023409477038,35,0.38461538461538464,0.09,0,-3.82169332247123,-1.7792200913055392,0.07520368570778975,False,3.5924863797673705,0.5389234459230015,2.5352164811920375e-10,
geometric,5.0,20,2010,discovered,72,0.901344857350837,1,1.9504827555786375,72,1.0,0.06,0,-1.924023749630333,-1.196820520434691,0.23137651819634453,False,-1.582705630778381,1.602723614279827,6.110667527536862e-13,
geometric,5.0,20,2010,true,34,0.7853353286494286,7,3.1193598194193646,17,0.5,0.07,0,-0.4037223378698207,-0.7868586068753461,0.43136464097997307,False,1.3980344570484193,0.7663806861821372,5.329070518200751e-13,
geometric,5.0,20,2011,discovered,109,0.8999662653474688,1,1.9050208968767088,109,1.0,0.03,0,-0.30133290050753003,-0.2651865159271384,0.7908657818925671,False,-11.651653956133572,3.438925925925551,5.905178568355041e-10,
geometric,5.0,20,2011,true,53,0.7152232662788449,5,2.2647288569356294,42,0.7924528301886793,0.03,0,-4.886714672985796,-1.9692973298413912,0.04891895764259064,False,2.0798944502621817,0.6699338699579234,7.247535904753022e-13,
geometric,5.0,20,2012,discovered,159,0.9172219055777657,1,1.8217830258730403,159,1.0,0.18,0,1.4194087286676194,1.371815783960137,0.17012079236526578,False,-377347.3476939009,609.3175926657941,0.0004374728478069301,
geometric,5.0,20,2012,true,66,0.7496916116767129,17,3.435922706952197,21,0.3181818181818182,0.03,0,-1.7128708864315607,-1.053805560446947,0.2919719472277178,False,3.012011371386455,0.41090100217080383,1.2562395568238571e-11,
geometric,5.0,20,2013,discovered,147,0.8933827837459849,1,2.108898310443055,147,1.0,0.21,0,1.1796966872301338,1.581738167013419,0.113709355834779,False,-617948.7929922264,666.1210943994782,0.000623238185653463,
geometric,5.0,20,2013,true,68,0.7869808222114529,5,2.2375880513164623,48,0.7058823529411765,0.01,0,-3.078127485845279,-1.4740186187566247,0.14047657820699372,False,1.7468408188282103,0.8906358403234482,1.2505552149377763e-12,
geometric,5.0,20,2014,discovered,216,0.9238121501108246,1,1.8749813695419808,216,1.0,0.05,0,1.69271322137247,1.4440777550538435,0.14871710463578483,False,-384666.5262762983,594.9184573966951,0.0006225633997019031,
geometric,5.0,20,2014,true,74,0.669911888284315,22,3.456984165780944,28,0.3783783783783784,0.45,0,-1.5780812705282363,-1.163310230606643,0.24470365633258928,False,3.145287614695814,0.47617920974867406,9.947598300641403e-14,
geometric,5.0,20,2015,discovered,380,0.9217394983023052,1,1.8165902938334761,380,1.0,0.0,0,7.1171982748372375,4.240370446303276,2.2315120130809863e-05,False,-544574.3921119247,735.9911929584789,0.00394464268356387,
geometric,5.0,20,2015,true,91,0.7078271121901156,36,3.147618739557317,41,0.45054945054945056,0.13,0,-1.5919123801898127,-1.1484536023729035,0.2507813564050545,False,3.4548288685464006,0.6330496958322859,1.9895196601282805e-12,
geometric,5.0,20,2016,discovered,326,0.9045577686680609,1,2.0947498801509274,326,1.0,0.01,0,4.625091031114691,3.507569422458918,0.0004522203432578982,False,-946881.6589939619,831.36032970488,0.00330428669713001,
geometric,5.0,20,2016,true,85,0.6785264726966974,52,7.34345665453293,14,0.16470588235294117,0.77,0,-0.030467486018592282,-0.18272470091269333,0.8550140335248939,False,2.2691075467560413,0.555908820724912,2.5995205987783265e-10,
geometric,5.0,20,2017,discovered,316,0.9141828004954026,1,1.774775344569678,316,1.0,0.0,0,2.831110400232232,1.8417028344227078,0.0655186293863021,False,-136943.86975675583,378.76555054498306,0.0004667304201575462,
geometric,5.0,20,2017,true,89,0.6824035473750807,53,5.572219689061307,13,0.14606741573033707,0.7,0,-0.2068854091986756,-0.4824115894804426,0.6295135897916406,False,3.5677291859115408,0.4103296564903981,1.1723955140041653e-11,
geometric,5.0,21,2010,discovered,57,0.8901045492928887,1,1.8940326590343057,57,1.0,0.05,0,0.25186056872783436,0.40503143958428617,0.6854544011278831,False,-45.46350754628028,6.514788354238238,7.690411436556133e-06,
geometric,5.0,21,2010,true,32,0.7832785116907247,7,2.633087584094671,18,0.5625,0.52,0,-1.1277529911364006,-1.034909822314722,0.3007110270751189,False,2.055164097380847,0.681179306155101,5.684341886080802e-14,
geometric,5.0,21,2011,discovered,104,0.9156096169239227,1,1.8901911139185494,104,1.0,0.1,0,0.8723530741708416,1.0902665502835422,0.2755957453121731,False,-316376.63307963463,534.6386101026204,0.00023011700341157848,
geometric,5.0,21,2011,true,51,0.8182439297095718,16,3.328138337167687,12,0.23529411764705882,0.77,0,-0.018458519977309962,-0.13509644272463536,0.8925356226899008,False,-3.0440418327979835,1.6675594670285323,1.5789893836881674e-09,
geometric,5.0,21,2012,discovered,153,0.9413645348199359,1,1.770223476555023,153,1.0,0.4,0,-0.6621424132963973,-0.45211729538332823,0.6511844846376861,False,-15.572184581496094,4.298286180021672,5.377154366215109e-08,
geometric,5.0,21,2012,true,63,0.7440728283175345,13,2.859702777011274,27,0.42857142857142855,0.01,0,-1.4839329107662524,-1.0951041220624946,0.27347102301360027,False,2.610973943155138,0.635268713518236,2.2737367544323206e-13,
geometric,5.0,21,2013,discovered,148,0.8812873364370332,8,2.8903441042831743,23,0.1554054054054054,0.9,0,-0.5432590600786948,-0.6809184351034203,0.49592310246751004,False,1.475652553856517,0.860559672618012,4.774847184307873e-12,
geometric,5.0,21,2013,true,63,0.8191753176655046,17,3.2880602507575425,17,0.2698412698412698,0.19,0,-0.46613111004753094,-0.6050532572796006,0.5451436107597502,False,2.4801702137579054,0.6743647578418716,4.831690603168681e-13,
geometric,5.0,21,2014,discovered,226,0.9225474587503305,1,1.7855551709273971,226,1.0,0.01,0,-0.6754705225072613,-0.36188029346549777,0.7174414868552793,False,-13.67975940151791,4.012933252672573,4.90786248974473e-07,
geometric,5.0,21,2014,true,87,0.733578644479374,29,4.304645386742622,20,0.22988505747126436,0.97,0,-0.05805684389634358,-0.2488798663353263,0.8034537097017316,False,0.6609827824538457,0.9873300904151963,1.8146550928577199e-09,
geometric,5.0,21,2015,discovered,413,0.9182707257761574,1,1.7777849269788062,413,1.0,0.0,0,5.2290662937179455,2.9894714545288354,0.002794605588062835,False,-491288.37821268116,716.5210753890441,0.002147925825738639,
geometric,5.0,21,2015,true,97,0.7092359231355042,44,3.4983068068322476,34,0.35051546391752575,0.59,0,-1.1470356854695707,-0.9853656675111926,0.32444448742077747,False,3.5991796998257555,0.5740610957969428,4.7492676458205096e-11,
geometric,5.0,21,2016,discovered,297,0.8914829655092118,1,2.1960718787243767,297,1.0,0.05,0,4.149808797320403,3.1226371187180995,0.001792385919684173,False,-10000.000092953233,81.64121679825993,0.0,
geometric,5.0,21,2016,true,86,0.6895864913153046,24,2.805192037183516,35,0.4069767441860465,0.03,0,-2.8749227166278266,-1.4162957090587227,0.1566889436379531,False,3.4231514675209382,0.5570251201249784,3.211653165635653e-12,
geometric,5.0,21,2017,discovered,327,0.926466568362489,1,1.7811256725255742,327,1.0,0.0,0,2.2185277469933435,1.4040266173532505,0.16031092359161203,False,-167712.3280114048,417.172492475257,0.000419355445956171,
geometric,5.0,21,2017,true,91,0.6924612086866,27,2.9057892378612404,39,0.42857142857142855,0.18,0,-2.918348455031829,-1.479758758817378,0.13893763834151587,False,3.4934122827535874,0.5489497802493027,2.0179413695586845e-12,
geometric,5.0,22,2010,discovered,63,0.8942096871921629,1,2.1349753760894123,63,1.0,0.06,0,0.06370860354805297,0.12218177509527912,0.9027550596741347,False,-74.55633657123377,7.286831954972446,0.00040317017597146787,
geometric,5.0,22,2010,true,39,0.764823112924868,5,2.7130871090380233,25,0.6410256410256411,0.21,0,-2.0878718904441094,-1.2868800972524268,0.1981360833718666,False,1.845967613511932,0.5653598739866501,6.394884621840902e-14,
geometric,5.0,22,2011,discovered,125,0.9218190902533957,1,1.988244116696437,125,1.0,0.03,0,-3.0671595986315534,-1.5295876608821766,0.1261188256058966,False,-1.8541529698008508,1.6280308580635816,1.0842882147699129e-09,
geometric,5.0,22,2011,true,55,0.831418278519005,6,2.39735674461284,33,0.6,0.11,0,-0.4237900244462143,-0.5407527532815634,0.5886780122107395,False,-0.17888122382011806,1.4697340655064002,1.6960655102593591e-10,
geometric,5.0,22,2012,discovered,185,0.916849767831789,1,2.0561478877724677,185,1.0,0.07,0,0.7954058068640464,0.8640281869047045,0.38757240657273495,False,-255782.1015840651,439.1731664030549,0.0003802989322139183,
geometric,5.0,22,2012,true,74,0.8019210649951076,9,2.5620748606778134,37,0.5,0.44,0,-1.4823301889915843,-1.185805077974056,0.23569928569769238,False,2.0044307001392188,0.8569308771394158,3.992255415141699e-10,
geometric,5.0,22,2013,discovered,156,0.9365584809636807,1,1.9297607298347907,156,1.0,0.36,0,0.26679133815597833,0.27296772569651345,0.784878024906815,False,-59987.640797563436,227.22907865165058,1.8434853700455278e-05,
geometric,5.0,22,2013,true,63,0.7890939506563757,11,2.946054439037839,24,0.38095238095238093,0.33,0,-0.34505488878311397,-0.5871689252214174,0.5570902602901531,False,1.2603301072697035,0.9997119285405401,2.135180920959101e-10,
geometric,5.0,22,2014,discovered,249,0.9428822594880811,1,1.9573132280615297,249,1.0,0.21,0,0.7301264090606745,0.5692380878499689,0.5691945761411881,False,-338858.2505954335,532.0179228489649,0.0006185148004078656,
geometric,5.0,22,2014,true,79,0.8051324875847641,9,2.1365553385878333,52,0.6582278481012658,0.01,0,-4.756874196593557,-1.9225880855249764,0.05453180148879163,False,2.622372836266327,0.8427536000811898,2.120259523508139e-10,
geometric,5.0,22,2015,discovered,381,0.9289320416946298,1,1.9056401299817871,381,1.0,0.02,0,5.9049686035311435,3.5324130333006187,0.00041178564387386526,False,-265125.5391941848,485.8974818148257,0.004235595714817464,
geometric,5.0,22,2015,true,92,0.6675637927658046,51,3.8667483417728086,26,0.2826086956521739,0.15,0,-0.8169634219698287,-0.8097885885590635,0.41806169229163415,False,3.73591418335503,0.513643584393066,7.783285127516137e-11,
geometric,5.0,22,2016,discovered,319,0.9139600424861498,1,2.0180417039638683,319,1.0,0.0,0,3.9683932928643095,2.955930046004655,0.003117277843316305,False,-850636.8686438368,817.936613919702,0.0026827001456695143,
geometric,5.0,22,2016,true,88,0.666199598900136,45,6.15395124827608,17,0.19318181818181818,0.41,0,0.003704787503188811,0.7578022489831662,0.4485693758205228,False,-75520.33475801138,120.5094296791146,3.336306326673366e-05,
geometric,5.0,22,2017,discovered,316,0.928789045858985,1,1.834913632195008,316,1.0,0.0,0,3.6231564188066274,2.4207118074930762,0.015490152293833765,False,-485787.1851930969,685.9206770869622,0.0016446981826447882,
geometric,5.0,22,2017,true,90,0.751301203133599,23,2.837706645734896,39,0.43333333333333335,0.69,0,-0.9236073680146601,-0.9496495490464777,0.34229035273614894,False,2.556617114412403,0.8901554202345112,4.757794158649631e-11,
geometric,5.0,23,2010,discovered,83,0.9226097738501674,1,2.0582204987139656,83,1.0,0.2,0,-1.5012131429295956,-1.076175458824545,0.28184879312886124,False,-2.560781601152766,1.7181468250701395,1.2860823517257813e-11,
geometric,5.0,23,2010,true,42,0.8336996636092545,6,2.4152031004164134,18,0.42857142857142855,0.04,0,-1.5945189150176953,-1.2219391723283644,0.22173063053824027,False,2.1057979794437434,0.6773810579950384,1.0658141036401503e-13,
geometric,5.0,23,2011,discovered,98,0.9114815550298927,1,2.0229048770084828,98,1.0,0.3,0,-1.0024828603655158,-0.8462256236978121,0.39742689011388077,False,-5.275652051879492,2.2900874092156798,2.3783286451362073e-10,
geometric,5.0,23,2011,true,51,0.7829235031544866,15,3.8947342736169275,13,0.2549019607843137,0.4,0,-0.06479519835721614,-0.24180286718044275,0.8089329171413486,False,0.6756164227746106,0.9452466479893264,2.913225216616411e-13,
geometric,5.0,23,2012,discovered,164,0.9077801874253975,1,2.017794829744848,164,1.0,0.12,0,1.5450365008063596,1.7360345703985436,0.08255772210827755,False,-669614.2324347385,725.2380941821507,0.0008409692081841058,
geometric,5.0,23,2012,true,66,0.7363252171631568,9,2.482308931861833,42,0.6363636363636364,0.2,0,-2.23190716459921,-1.4661683882220893,0.1426024183236729,False,2.2186680945793142,0.8070283855030663,1.921307557495311e-11,
geometric,5.0,23,2013,discovered,129,0.910116456222484,1,1.951991342951239,129,1.0,0.06,0,-0.9114702648818227,-0.6709294533741538,0.5022654721056435,False,-7.322463110144804,2.734759164722519,4.5422154926200164e-09,
geometric,5.0,23,2013,true,60,0.7795075658070492,11,2.9110969481209406,24,0.4,0.16,0,-0.9479530738649031,-0.8418579003225155,0.39986749784238396,False,2.2468367213810256,0.7008059504553705,3.268496584496461e-13,
geometric,5.0,23,2014,discovered,271,0.9116122897322395,1,1.9417920675154055,271,1.0,0.0,0,3.369228498633089,2.6759195294379126,0.007452453625666453,False,-512068.5521786036,660.8869803415071,0.0016303488891935558,
geometric,5.0,23,2014,true,81,0.7199354845836057,39,5.093240963442218,14,0.1728395061728395,0.6,0,-0.042973745159665455,-0.23728305089863608,0.8124372101045119,False,1.5929924040192567,0.7807990816160858,6.462741453105991e-10,
geometric,5.0,23,2015,discovered,405,0.9229524104267095,1,1.830223934448577,405,1.0,0.0,0,6.441247360513856,3.7957718594765395,0.00014718480521138888,False,-755134.0640874171,858.5915235237035,0.003522390511534468,
geometric,5.0,23,2015,true,92,0.6901980981215657,23,2.229722956348599,49,0.532608695652174,0.0,0,-7.646305251944742,-2.375037766010367,0.0175471547322932,False,3.7650604337112292,0.617109886373512,2.8421709430404007e-13,
geometric,5.0,23,2016,discovered,316,0.9091738926186055,1,1.9883830932470374,316,1.0,0.0,0,4.62667582187791,3.5495123502676016,0.00038594536122823597,False,-679857.9952625318,742.9008744626151,0.002725312756410858,
geometric,5.0,23,2016,true,87,0.7024730224688205,34,3.687674097653341,24,0.27586206896551724,0.08,0,-2.832098121426322,-1.5284584728933859,0.12639874649051305,False,3.7726695288700656,0.31974864427863864,8.782308213994838e-11,
geometric,5.0,23,2017,discovered,335,0.9357824824507568,1,1.8418290348000042,335,1.0,0.0,0,1.9039893696763954,1.223486913053399,0.22114584413715,False,-327116.8285027223,559.7219929224487,0.0006342091464830446,
geometric,5.0,23,2017,true,87,0.7682518328426545,51,4.77637237717041,19,0.21839080459770116,0.81,0,-0.16627618345308415,-0.3930290360038286,0.6942980358823365,False,2.991951658361108,0.6082389813672306,1.715250164124882e-11,
geometric,5.0,24,2010,discovered,78,0.9263249909209949,1,1.9541249085354595,78,1.0,0.13,0,-1.8147917828533,-1.1688184031186373,0.24247680415836503,False,-2.1131835315740632,1.7361036676758537,3.845457285933662e-11,
geometric,5.0,24,2010,true,40,0.7538013625332755,6,3.0062072361930494,22,0.55,0.15,0,-0.709304987741439,-0.7569160688370132,0.4491001477622838,False,1.4904962393463348,0.7129890092027444,1.7763568394002505e-13,
geometric,5.0,24,2011,discovered,118,0.9328471219489806,1,1.9112540712973767,118,1.0,0.63,0,0.07459116638552243,0.08225450257948959,0.9344443334460203,False,-78.11155102191896,8.37918570832559,0.0002826279663281639,
geometric,5.0,24,2011,true,53,0.798393606505359,3,1.793626783794348,44,0.8301886792452831,0.0,0,-6.927971254247643,-2.2725710071923997,0.023052044452240857,False,1.9683589770512258,0.9320175513188265,8.526512829121202e-13,
geometric,5.0,24,2012,discovered,147,0.9156839868346204,1,1.9793169136612783,147,1.0,0.21,0,1.1440856432440598,1.308695831184535,0.1906374044211574,False,-566440.8324580858,680.32378439896,0.0005229871567280497,
geometric,5.0,24,2012,true,66,0.761551152518963,21,4.394637535487591,14,0.21212121212121213,0.51,0,-0.8318502192666934,-0.8523253941456541,0.3940335154266711,False,3.1003294148254867,0.3358812028699539,3.282707439211663e-12,
geometric,5.0,24,2013,discovered,153,0.9108843240153852,1,1.9298893357881612,153,1.0,0.01,0,-1.2454023374384011,-0.8172341327063944,0.4137946400314385,False,-6.957114536073705,2.7161941860944516,3.603020104492316e-09,
geometric,5.0,24,2013,true,61,0.8394317476965552,5,2.116729535695118,45,0.7377049180327869,0.08,0,-1.810054519039436,-1.147436667368867,0.25120119407196795,False,1.2846675304228232,1.1989483154531702,6.579625733138528e-11,
geometric,5.0,24,2014,discovered,257,0.8885208673277734,1,2.047534907713468,257,1.0,0.0,0,4.648631413833419,4.25517539168774,2.0888520885837796e-05,False,-807509.1438522965,786.0687644235674,0.002775031892269908,
geometric,5.0,24,2014,true,83,0.6547585160289722,28,4.34105448108323,23,0.27710843373493976,0.97,0,-0.12466628610733643,-0.31442931291832277,0.7531949957630077,False,1.679628137750794,0.8043306077615927,1.2292389328649733e-11,
geometric,5.0,24,2015,discovered,414,0.9134226300311503,1,1.893617472517703,414,1.0,0.0,0,9.46900475295028,5.483360935139501,4.173203516395971e-08,False,-939522.4709538172,922.5779878328061,0.0065232529250351945,
geometric,5.0,24,2015,true,93,0.632078117459678,42,3.059623641053094,35,0.3763440860215054,0.02,0,-3.8385304913780542,-1.7386135305347217,0.08210276491801466,False,4.041773934467998,0.43216965983022804,1.5631940186722204e-12,
geometric,5.0,24,2016,discovered,298,0.9130321856193476,1,1.8737528681742384,298,1.0,0.0,0,3.2615668446067865,2.431410038567643,0.015040182780608044,False,-556097.7600948744,716.3146852020817,0.0013976504687889246,
geometric,5.0,24,2016,true,90,0.6777174092836662,30,3.371754781066554,28,0.3111111111111111,0.53,0,-0.2390439277237908,-0.44688789381593286,0.6549560053622188,False,1.8317144604028501,0.9818573761047235,3.907416612491943e-10,
geometric,5.0,24,2017,discovered,328,0.9327603244129269,1,1.8392004090814094,328,1.0,0.03,0,2.1293161081076004,1.3972764340297807,0.16233045960512604,False,-379272.9973495049,603.7987137799615,0.0007305722883756971,
geometric,5.0,24,2017,true,85,0.6643486443983292,31,3.3730810341442656,35,0.4117647058823529,0.07,0,-2.5623204429505333,-1.3364637455365636,0.18139774281815302,False,3.5871067427247603,0.4445580970041832,4.547473508864641e-13,
geometric,5.0,25,2010,discovered,65,0.8716021148388922,4,2.9846195018225297,16,0.24615384615384617,0.33,0,-0.2080800929782458,-0.40279576594436783,0.6870984762024077,False,0.0977788836621224,0.9911674176928356,2.0598633909685304e-11,
geometric,5.0,25,2010,true,37,0.6957881265889287,5,2.4359897909504236,23,0.6216216216216216,0.04,0,-3.2325412783383722,-1.5660777605036649,0.11733041384614336,False,2.088648665176698,0.5365597455994002,4.973799150320701e-14,
geometric,5.0,25,2011,discovered,93,0.9212768640751455,1,1.9073812556309204,93,1.0,0.29,0,0.2740736504662522,0.3571619668580943,0.7209705566519743,False,-125.95762225053564,10.623895811261983,0.001303262708205466,
geometric,5.0,25,2011,true,45,0.7788945216136676,5,2.011093989080874,31,0.6888888888888889,0.12,0,-3.944551128609259,-1.8122875068742725,0.0699417839162669,False,2.238002233476422,0.8124320650443704,1.8474111129762605e-12,
geometric,5.0,25,2012,discovered,178,0.9165129535061198,1,2.0831623339579446,178,1.0,0.24,0,0.6386090947797278,0.7095722661814093,0.4779694229917061,False,-231841.31300508577,412.5802316751058,0.0002788946294458583,
geometric,5.0,25,2012,true,74,0.7578608841129765,15,3.201976902878849,23,0.3108108108108108,0.11,0,-0.40079091697014047,-0.705748478013619,0.48034456764030387,False,1.9245271693802712,0.8279070926070632,1.880096078821225e-11,
geometric,5.0,25,2013,discovered,160,0.9274514835815704,1,1.7900131718464816,160,1.0,0.0,0,-5.571904478041482,-1.9962387485314796,0.045907941596978,False,-1.5296611311459962,1.8295446674115279,1.808189153962303e-10,
geometric,5.0,25,2013,true,63,0.8087566596293336,9,3.0041915340441148,33,0.5238095238095238,0.16,0,-0.30469119605003225,-0.5044824416416179,0.6139223976982274,False,0.41039823204549386,1.12797439372086,6.963318810448982e-13,
geometric,5.0,25,2014,discovered,246,0.9107718385513313,1,2.106113682091183,246,1.0,0.05,0,2.2064544311902186,2.005442946432102,0.04491571435775466,False,-406691.1984834139,541.2335324343151,0.0014070674678805517,
geometric,5.0,25,2014,true,76,0.7468645672479238,18,2.6420348307298935,33,0.4342105263157895,0.02,0,-3.7057716340646842,-1.6793319474452395,0.0930873680219222,False,3.271428468057894,0.5341815802817141,1.7493562154413667e-11,
geometric,5.0,25,2015,discovered,416,0.9188068094994398,1,1.8077174723643608,416,1.0,0.0,0,7.741713191088585,4.425202349875361,9.635192453139739e-06,False,-791560.1618290527,892.489798160909,0.0042345730635133805,
geometric,5.0,25,2015,true,95,0.6591811589629364,24,2.432187781721617,53,0.5578947368421052,0.0,0,-3.7375728971764977,-1.7026990881955837,0.08862439560597181,False,3.406824544418129,0.7495199130021469,1.5631940186722204e-12,
geometric,5.0,25,2016,discovered,324,0.9230924255012586,1,1.87594264345962,324,1.0,0.0,0,3.0675833523105984,2.087388084190408,0.03685306821391781,False,-481828.88643074734,665.6438844299078,0.0012478422531785327,
geometric,5.0,25,2016,true,91,0.7522260017780064,51,5.588804925432677,13,0.14285714285714285,0.7,0,-0.016008521739365733,-0.12885300671190975,0.8974739617962306,False,0.508964503307759,0.9106300329609927,5.199465391569902e-08,
geometric,5.0,25,2017,discovered,293,0.9269240765441655,1,1.7698871121108242,293,1.0,0.0,0,2.622427276747448,1.7369696562889465,0.08239252698964468,False,-313341.4577249823,574.9050306154568,0.0007254715428643976,
geometric,5.0,25,2017,true,87,0.661380529411862,39,4.028283966259991,24,0.27586206896551724,0.01,0,-0.7805867680158425,-0.7895437485852304,0.42979427061905917,False,3.493590601980941,0.47951322547026803,1.7053025658242404e-13,
geometric,5.0,26,2010,discovered,72,0.8730052253417045,8,6.876092337620816,11,0.1527777777777778,0.97,0,-0.0207797812830659,-0.1546419098324387,0.8771036281353701,False,0.11468793730485763,0.6080499399856996,8.01438915232211e-11,
geometric,5.0,26,2010,true,34,0.6581567001109561,11,5.8971567379106675,10,0.29411764705882354,0.24,0,-0.4096533994459588,-0.5723611919431537,0.5670773016000343,False,2.364578532473404,0.2627518639884014,1.3500311979441904e-12,
geometric,5.0,26,2011,discovered,109,0.9330591165640342,1,1.792457628704147,109,1.0,0.04,0,-1.7294768392294575,-1.0133281557398253,0.31090344320747443,False,-4.540591333621691,2.5507338713277257,1.3926637620897964e-12,
geometric,5.0,26,2011,true,45,0.818706682960471,17,3.3385824439362146,12,0.26666666666666666,0.28,0,-0.2400184320858303,-0.4234592673786304,0.6719602111356069,False,2.2401082777840644,0.7389593667252535,2.0392576516314875e-12,
geometric,5.0,26,2012,discovered,147,0.9053778472568197,1,1.769575523052111,147,1.0,0.01,0,-1.8384394669966948,-0.9779226782265757,0.32811256783027065,False,-5.426473233751908,2.779454411786641,3.275602011854062e-09,
geometric,5.0,26,2012,true,71,0.7156392429391718,22,4.632378443910303,14,0.19718309859154928,0.23,0,-0.39031046317156726,-0.6353167904031158,0.5252218250467822,False,2.8843795206288467,0.4205028122017253,3.637978807091713e-12,
geometric,5.0,26,2013,discovered,128,0.9056105553444014,1,1.8809897013709906,128,1.0,0.23,0,0.2140046436203582,0.214203267278992,0.8303885482949829,False,-34.85350969802143,5.780708537487454,3.005155804203241e-07,
geometric,5.0,26,2013,true,55,0.7434770848992562,19,5.154863734362334,15,0.2727272727272727,0.46,0,0.0013051706207907188,0.1421337009723532,0.8869743988710909,False,-17155.30299139881,63.60487105061998,5.788133421447128e-07,
geometric,5.0,26,2014,discovered,230,0.8951418013667041,1,1.9720535297375428,230,1.0,0.0,0,4.107054018195445,3.795369472948965,0.00014742374194733095,False,-659403.9457136097,738.5334854261542,0.0022625560231972486,
geometric,5.0,26,2014,true,80,0.7151401955878616,10,2.2056126600221733,51,0.6375,0.0,0,-6.448145767643976,-2.314846935954159,0.020621310241468502,False,2.8558047498549115,0.6883513031983205,9.833911462919787e-12,
geometric,5.0,26,2015,discovered,439,0.9284957093961075,2,1.754648227072097,161,0.36674259681093396,0.05,0,-3.9805362198664973,-1.6954503349730994,0.0899900241921307,False,-1.452359748359895,2.224986391010299,5.9867488744203e-10,
geometric,5.0,26,2015,true,94,0.7161710832815037,42,3.1082764992696497,38,0.40425531914893614,0.1,0,-2.1921635662483085,-1.3120224018112312,0.18951257612048233,False,3.8149438138097302,0.5527499086246039,1.1397105481592007e-11,
geometric,5.0,26,2016,discovered,333,0.9236335317997808,1,1.9957056358594514,333,1.0,0.0,0,3.867594045834579,2.7390861503380224,0.006161022684684557,False,-567020.7132522212,675.4028084999534,0.0024330799524250324,
geometric,5.0,26,2016,true,89,0.7472049216339982,34,3.425077873170212,25,0.2808988764044944,0.4,0,-1.1331368646583693,-1.014364393714571,0.3104089078667963,False,3.489670326773498,0.5276556750899485,5.115907697472721e-13,
geometric,5.0,26,2017,discovered,333,0.928061043287599,1,1.8184899799750112,333,1.0,0.0,0,4.8043851865596165,2.9814783490558914,0.0028686032983692997,False,-611565.8539075777,778.2671017249363,0.002532326323489542,
geometric,5.0,26,2017,true,92,0.7569018764234943,36,3.7565959095389827,26,0.2826086956521739,0.15,0,-1.1140390163049032,-0.9936250559891658,0.3204054411071072,False,3.5282369603391723,0.47424983956013417,2.6716406864579767e-12,
geometric,5.0,27,2010,discovered,55,0.8475583188447392,1,2.316892771819459,55,1.0,0.2,0,0.031114710172023496,0.08289607758937947,0.9339341729383246,False,-54.43556752396315,5.780359765550533,3.0603088163161374e-05,
geometric,5.0,27,2010,true,40,0.8245646035277584,6,3.12404483627702,19,0.475,0.48,0,-0.0017143882238386254,-0.022173632303570136,0.9823094507919043,False,-154364.85307491312,262.26918887333983,3.814357296505477e-05,
geometric,5.0,27,2011,discovered,128,0.9110526015484979,1,2.0613983423772964,128,1.0,0.04,0,0.27263525920698295,0.35882554542261946,0.7197256011026641,False,-97052.8029430484,269.6728622227749,2.8941592063347343e-05,
geometric,5.0,27,2011,true,60,0.7869990318293716,8,2.987375750731504,27,0.45,0.45,0,-0.6651963997629071,-0.721677104281788,0.47049302189551545,False,1.5489110863385813,0.8043559347261455,5.684341886080802e-14,
geometric,5.0,27,2012,discovered,160,0.9161702364569994,1,2.0299668779649536,160,1.0,0.1,0,0.6061875139189157,0.7042311737194894,0.48128882033979103,False,-316742.7794352416,495.06490637117207,0.0002001741868298268,
geometric,5.0,27,2012,true,68,0.7302533489617894,22,4.81160531150129,13,0.19117647058823528,0.78,0,-0.25233043338203576,-0.46036977764982207,0.6452508238623405,False,2.7191099169607305,0.45686289907192495,7.673861546209082e-12,
geometric,5.0,27,2013,discovered,148,0.9149102175599994,1,1.7883486689799108,148,1.0,0.0,0,-0.7849410392896363,-0.48884650743425534,0.6249503692492632,False,-9.465492843578684,3.4181801304537713,6.445475264627021e-09,
geometric,5.0,27,2013,true,63,0.727748001898932,12,3.341592563960659,29,0.4603174603174603,0.29,0,-0.06659135641606007,-0.21769129254069278,0.8276696485343854,False,-1.8078545654613767,1.4508824271635528,1.8690826664169435e-09,
geometric,5.0,27,2014,discovered,252,0.9295534992434792,1,1.9456457941462844,252,1.0,0.21,0,1.2286349521398092,1.0041444988402595,0.3153089693765657,False,-339190.15335883806,535.9004693768966,0.0005730231378038297,
geometric,5.0,27,2014,true,74,0.7915703878652635,6,1.8600382616420073,59,0.7972972972972973,0.0,0,-8.162350974626946,-2.6898833860974696,0.0071476991394862485,False,2.5872726277883453,0.9274349662038547,1.5347723092418164e-12,
geometric,5.0,27,2015,discovered,408,0.927265150900792,1,1.922694881638281,408,1.0,0.0,0,6.986488452214143,4.058405785861452,4.9408859278495145e-05,False,-819882.1835710384,846.3442930135859,0.004887203417638375,
geometric,5.0,27,2015,true,95,0.668299994120093,19,2.206780751138931,59,0.6210526315789474,0.0,0,-5.436664797876284,-2.2287051298591316,0.025833530718648624,False,3.3684927809326792,0.7956068143988391,1.1937117960769683e-11,
geometric,5.0,27,2016,discovered,334,0.9228494807506245,1,1.9764950164034187,334,1.0,0.0,0,4.96244205453729,3.3162567674716628,0.000912319648458213,False,-875505.3886282255,848.5248660651963,0.003493242668810126,
geometric,5.0,27,2016,true,89,0.7045269877614918,36,3.428869459642928,27,0.30337078651685395,0.08,0,-2.1831716211367627,-1.3942617795562022,0.16323856805240178,False,3.764184757565399,0.4169656927134543,4.334310688136611e-12,
geometric,5.0,27,2017,discovered,364,0.9310707477214043,1,1.9647206616086403,364,1.0,0.1,0,2.7148599974252194,1.8227235347741797,0.06834527394122988,False,-435263.73186340055,601.0811344132696,0.0015878060012255446,
geometric,5.0,27,2017,true,90,0.6814735747568864,39,3.8765758864192312,25,0.2777777777777778,0.77,0,-0.05890256031047425,-0.23777543542783977,0.8120552720090164,False,0.10169794702422719,1.2038527853131056,2.5143776838376652e-08,
geometric,5.0,28,2010,discovered,64,0.9063074722358356,1,1.931354626184641,64,1.0,0.05,0,-2.2976353962496376,-1.3791564938159226,0.16784650867947115,False,-0.9964016140833475,1.454584305646396,2.6290081223123707e-12,
geometric,5.0,28,2010,true,32,0.8092884779585451,6,2.7063222490947196,18,0.5625,0.59,0,-0.8436456750188417,-0.8862243228841611,0.3754966593637735,False,1.7131651471758986,0.7314001106712574,4.68247662865906e-12,
geometric,5.0,28,2011,discovered,112,0.8728382258380476,1,1.9527690321905364,112,1.0,0.01,0,0.7251916427176441,1.022110256339665,0.30672871941603685,False,-142732.71063065037,346.30942367284695,4.8038117711257655e-05,
geometric,5.0,28,2011,true,55,0.7724725856624228,11,3.0129612261684593,20,0.36363636363636365,0.04,0,-1.0768618074539855,-0.8472181233547814,0.3968735536019484,False,2.4323163711848537,0.5878545537599011,2.2026824808563106e-13,
geometric,5.0,28,2012,discovered,171,0.8825618027506491,1,2.093716270941216,171,1.0,0.0,0,2.288657573338128,2.8006538833558086,0.005099918567925923,False,-851012.3429782591,788.2560572874219,0.001294532676183735,
geometric,5.0,28,2012,true,69,0.6702575131362094,21,6.1454960773172385,17,0.2463768115942029,0.79,0,-0.05563881114574354,-0.21933793116148853,0.8263868164080246,False,1.4826733244452777,0.6044903661064912,1.0079048706757021e-10,
geometric,5.0,28,2013,discovered,135,0.9195298854213608,1,2.1316565752623786,135,1.0,0.47,0,0.3803568755549729,0.48257910906299767,0.6293946154301036,False,-371991.71250043006,510.890664288822,0.000302191037008015,
geometric,5.0,28,2013,true,60,0.8272164026069289,10,2.4853000583971583,26,0.43333333333333335,0.11,0,-2.088445960622038,-1.3259755583710564,0.18484779341779412,False,2.5709139868622897,0.6799258538998395,2.4158453015843406e-13,
geometric,5.0,28,2014,discovered,213,0.9151456968027262,1,1.651520454856504,213,1.0,0.0,0,-5.019139111072771,-1.6555396610550661,0.09781507822062484,False,-3.238822118652113,2.6147947294825133,6.476739145000465e-10,
geometric,5.0,28,2014,true,72,0.8097198394090745,8,2.0667781645803815,49,0.6805555555555556,0.03,0,-2.9390226016778924,-1.47508594660292,0.1401894381931515,False,2.2079382744689378,1.0745059010549243,9.521272659185342e-12,
geometric,5.0,28,2015,discovered,388,0.9232030552428567,1,1.7974720343827097,388,1.0,0.0,0,7.193108330036191,4.1642963043455214,3.123143086142365e-05,False,-773207.1380115848,888.10944523582,0.004173205028564553,
geometric,5.0,28,2015,true,93,0.6815920374877563,53,4.349434560228674,27,0.2903225806451613,0.55,0,-0.31077953608943965,-0.5356689773819074,0.592187347655127,False,3.1654681240928286,0.6266447359071502,8.897416137187975e-11,
geometric,5.0,28,2016,discovered,318,0.9150326528248051,1,1.8292429319913257,318,1.0,0.0,0,3.7032438976950655,2.5504642039198053,0.010757957099525527,False,-529129.5340730054,718.4692393061205,0.0014188287068463978,
geometric,5.0,28,2016,true,86,0.7018702537843228,19,2.619248728246517,43,0.5,0.15,0,-2.7002554134613668,-1.5334910895149707,0.12515490044732328,False,3.082991428344742,0.6938428773394092,1.6629542187729385e-10,
geometric,5.0,28,2017,discovered,328,0.9341824091851807,1,1.8482686017297076,328,1.0,0.04,0,2.6887291247314185,1.772549283141828,0.07630342203238721,False,-474832.81685997325,672.0205135900119,0.0012893660759800696,
geometric,5.0,28,2017,true,89,0.7171587381174098,21,2.4440173031591272,41,0.4606741573033708,0.0,0,-4.6658535803794425,-1.9190239695210929,0.05498130043522175,False,3.484674258447715,0.6053422356551833,2.4556356947869062e-11,
geometric,5.0,29,2010,discovered,63,0.8961156296931378,1,2.190869868840132,63,1.0,0.46,0,-0.6196492370641113,-0.7291297580110611,0.465922293145172,False,-4.365595503287846,1.9355661336101921,3.8551206671399996e-10,
geometric,5.0,29,2010,true,38,0.8027576221923657,6,2.803402026721135,21,0.5526315789473685,0.82,0,-0.15434499082033337,-0.3555295686336124,0.7221928973606242,False,-0.7249509630569486,1.3508359264474505,3.3423219747419353e-10,
geometric,5.0,29,2011,discovered,110,0.9186151495878587,1,1.9528791255394136,110,1.0,0.39,0,0.2669209935483412,0.3342494856340437,0.7381913050085431,False,-140.7400503421056,10.93166476961451,0.0012044634154335654,
geometric,5.0,29,2011,true,61,0.801890339003476,11,3.036159426525943,19,0.3114754098360656,0.37,0,-1.1211616191846643,-1.0207713271273158,0.30736279203150696,False,2.474197681683375,0.5605773987082496,4.106937012693379e-12,
geometric,5.0,29,2012,discovered,165,0.9157649439261633,1,1.853165273319621,165,1.0,0.03,0,-0.8968599901775693,-0.5651795373567285,0.5719516533927094,False,-9.549662717575972,3.2684067081896764,3.1913032216834836e-09,
geometric,5.0,29,2012,true,68,0.7780489940219525,13,2.8664215764796577,25,0.36764705882352944,0.66,0,-0.07878351210330248,-0.283248712252143,0.776986189620131,False,-2.0411672611094684,1.7077304023942084,3.3777780572563643e-10,
geometric,5.0,29,2013,discovered,133,0.9161632089594105,1,1.8656617031661415,133,1.0,0.0,0,-2.7693542610421176,-1.370493369550382,0.1705329437489217,False,-2.7887393208706577,2.0297155600424035,1.1937117960769683e-11,
geometric,5.0,29,2013,true,60,0.7200830115955074,15,4.613404814426835,17,0.2833333333333333,0.76,0,0.005171849570121623,0.3337244412540609,0.738587504473408,False,-70713.75793519214,138.14557931249388,1.2713146134046838e-05,
geometric,5.0,29,2014,discovered,236,0.9259955546592004,1,1.8263922310620049,236,1.0,0.05,0,1.6047329167806836,1.2554519681387095,0.2093147340884317,False,-211849.12498730913,454.99417328502375,0.00042930793370032916,
geometric,5.0,29,2014,true,83,0.812421876300942,29,3.5583331683700226,19,0.2289156626506024,0.83,0,-0.1134092189880036,-0.3306946274708485,0.7408751608556765,False,1.3790680561848547,1.0189601885367099,2.539479737606598e-11,
geometric,5.0,29,2015,discovered,394,0.9190969162908977,1,1.7533365835103223,394,1.0,0.0,0,5.14284691004152,2.9010857239237824,0.003718721317040771,False,-563954.609368069,780.9239215575449,0.0017286031452385942,
geometric,5.0,29,2015,true,94,0.6895564971170056,38,2.9365806796106178,34,0.3617021276595745,0.01,0,-3.2891547642284085,-1.6041589335235957,0.10867902420039467,False,3.9241523443981245,0.48528640056355005,9.094947017729282e-13,
geometric,5.0,29,2016,discovered,297,0.9328427011890298,1,1.8165659507218126,297,1.0,0.03,0,2.616786135080554,1.7686049267431807,0.07695982800975375,False,-527255.3768729386,722.7027893116201,0.00108778255253128,
geometric,5.0,29,2016,true,94,0.7686805356717246,51,4.933847457391504,14,0.14893617021276595,0.59,0,-0.7229590009877547,-0.8062746309459188,0.42008451487589626,False,3.947310579092463,0.30893774040774596,1.3073986337985843e-12,
geometric,5.0,29,2017,discovered,325,0.9231139733986914,1,1.9461954455475012,325,1.0,0.03,0,3.495884849553013,2.501770170938141,0.012357411617814335,False,-703728.3879394789,772.6953845862045,0.0021043587148597,
geometric,5.0,29,2017,true,88,0.6892854540444662,16,2.2658796313656264,53,0.6022727272727273,0.01,0,-5.5097594354103006,-2.0396755556978605,0.04138265113736585,False,3.2312071629647603,0.7183152214534996,7.02016222930979e-12,
