kind,config,sweep,policy,law,level,statistic,auc,lo,hi,r2_zipf,r2_law,cuts_zipf,cuts_law,share_zipf,share_law
finch,primary,rep1000,skip,uniform,repeats=1,observed_mean_r2,0.9855555555555555,0.9577777777777777,1.0,0.9228711718503102,0.8914472913403996,11.396777777777777,10.826222222222222,0.7666666666666667,0.7666666666666667
finch,primary,rep1000,skip,uniform,repeats=1,shuffle_z,0.36,0.22219444444444444,0.5044444444444445,0.9228711718503102,0.8914472913403996,11.396777777777777,10.826222222222222,0.7666666666666667,0.7666666666666667
finch,primary,rep1000,skip,uniform,repeats=1,rotate_z,0.6166666666666667,0.4721944444444444,0.7566666666666667,0.9228711718503102,0.8914472913403996,11.396777777777777,10.826222222222222,0.7666666666666667,0.7666666666666667
finch,primary,rep1000,skip,uniform,repeats=1,bigram_z,0.3477777777777778,0.21886111111111112,0.4888888888888889,0.9228711718503102,0.8914472913403996,11.396777777777777,10.826222222222222,0.7666666666666667,0.7666666666666667
finch,primary,rep1000,skip,uniform,repeats=1,observed_mean_slope,0.19444444444444445,0.09,0.31555555555555553,0.9228711718503102,0.8914472913403996,11.396777777777777,10.826222222222222,0.7666666666666667,0.7666666666666667
finch,primary,rep1000,skip,uniform,repeats=1,observed_mean_unit_types,0.15611111111111112,0.06554166666666668,0.25666666666666665,0.9228711718503102,0.8914472913403996,11.396777777777777,10.826222222222222,0.7666666666666667,0.7666666666666667
finch,primary,rep1000,skip,lognormal,repeats=1,observed_mean_r2,0.6355555555555555,0.49333333333333335,0.77,0.9228711718503102,0.917248062650947,11.396777777777777,11.154555555555554,0.7666666666666667,0.7
finch,primary,rep1000,skip,lognormal,repeats=1,shuffle_z,0.6033333333333334,0.45444444444444443,0.7477777777777778,0.9228711718503102,0.917248062650947,11.396777777777777,11.154555555555554,0.7666666666666667,0.7
finch,primary,rep1000,skip,lognormal,repeats=1,rotate_z,0.6255555555555555,0.46775,0.7622222222222222,0.9228711718503102,0.917248062650947,11.396777777777777,11.154555555555554,0.7666666666666667,0.7
finch,primary,rep1000,skip,lognormal,repeats=1,bigram_z,0.5922222222222222,0.44775,0.7389166666666666,0.9228711718503102,0.917248062650947,11.396777777777777,11.154555555555554,0.7666666666666667,0.7
finch,primary,rep1000,skip,lognormal,repeats=1,observed_mean_slope,0.5922222222222222,0.44219444444444445,0.7311388888888888,0.9228711718503102,0.917248062650947,11.396777777777777,11.154555555555554,0.7666666666666667,0.7
finch,primary,rep1000,skip,lognormal,repeats=1,observed_mean_unit_types,0.7,0.563875,0.8239027777777777,0.9228711718503102,0.917248062650947,11.396777777777777,11.154555555555554,0.7666666666666667,0.7
finch,primary,rep1000,skip,geometric,repeats=1,observed_mean_r2,0.6311111111111111,0.4799722222222222,0.7688888888888888,0.9228711718503102,0.9154585379838294,11.396777777777777,11.539777777777779,0.7666666666666667,0.5333333333333333
finch,primary,rep1000,skip,geometric,repeats=1,shuffle_z,0.6422222222222222,0.49333333333333335,0.7777777777777778,0.9228711718503102,0.9154585379838294,11.396777777777777,11.539777777777779,0.7666666666666667,0.5333333333333333
finch,primary,rep1000,skip,geometric,repeats=1,rotate_z,0.7211111111111111,0.5911111111111111,0.8444444444444444,0.9228711718503102,0.9154585379838294,11.396777777777777,11.539777777777779,0.7666666666666667,0.5333333333333333
finch,primary,rep1000,skip,geometric,repeats=1,bigram_z,0.6566666666666666,0.5077777777777778,0.7955833333333332,0.9228711718503102,0.9154585379838294,11.396777777777777,11.539777777777779,0.7666666666666667,0.5333333333333333
finch,primary,rep1000,skip,geometric,repeats=1,observed_mean_slope,0.6766666666666666,0.5355555555555556,0.8066666666666666,0.9228711718503102,0.9154585379838294,11.396777777777777,11.539777777777779,0.7666666666666667,0.5333333333333333
finch,primary,rep1000,skip,geometric,repeats=1,observed_mean_unit_types,0.69,0.5511111111111111,0.8088888888888889,0.9228711718503102,0.9154585379838294,11.396777777777777,11.539777777777779,0.7666666666666667,0.5333333333333333
finch,primary,rep1000,zero,uniform,repeats=1,observed_mean_r2,0.9855555555555555,0.9588888888888889,1.0,0.9228711718503102,0.8914472913403996,11.396777777777777,10.826222222222222,0.7666666666666667,0.7666666666666667
finch,primary,rep1000,zero,uniform,repeats=1,shuffle_z,0.4633333333333333,0.31777777777777777,0.6133333333333333,0.9228711718503102,0.8914472913403996,11.396777777777777,10.826222222222222,0.7666666666666667,0.7666666666666667
finch,primary,rep1000,zero,uniform,repeats=1,rotate_z,0.6233333333333333,0.47775,0.7711388888888887,0.9228711718503102,0.8914472913403996,11.396777777777777,10.826222222222222,0.7666666666666667,0.7666666666666667
finch,primary,rep1000,zero,uniform,repeats=1,bigram_z,0.36,0.22655555555555554,0.5066944444444443,0.9228711718503102,0.8914472913403996,11.396777777777777,10.826222222222222,0.7666666666666667,0.7666666666666667
finch,primary,rep1000,zero,uniform,repeats=1,observed_mean_slope,0.19444444444444445,0.09327777777777778,0.3111111111111111,0.9228711718503102,0.8914472913403996,11.396777777777777,10.826222222222222,0.7666666666666667,0.7666666666666667
finch,primary,rep1000,zero,uniform,repeats=1,observed_mean_unit_types,0.15611111111111112,0.06552777777777778,0.2611666666666664,0.9228711718503102,0.8914472913403996,11.396777777777777,10.826222222222222,0.7666666666666667,0.7666666666666667
finch,primary,rep1000,zero,lognormal,repeats=1,observed_mean_r2,0.6355555555555555,0.49,0.7711111111111111,0.9228711718503102,0.917248062650947,11.396777777777777,11.154555555555554,0.7666666666666667,0.7
finch,primary,rep1000,zero,lognormal,repeats=1,shuffle_z,0.5866666666666667,0.43772222222222223,0.7322499999999998,0.9228711718503102,0.917248062650947,11.396777777777777,11.154555555555554,0.7666666666666667,0.7
finch,primary,rep1000,zero,lognormal,repeats=1,rotate_z,0.6177777777777778,0.4710833333333333,0.7544444444444445,0.9228711718503102,0.917248062650947,11.396777777777777,11.154555555555554,0.7666666666666667,0.7
finch,primary,rep1000,zero,lognormal,repeats=1,bigram_z,0.5922222222222222,0.44666666666666666,0.7322222222222222,0.9228711718503102,0.917248062650947,11.396777777777777,11.154555555555554,0.7666666666666667,0.7
finch,primary,rep1000,zero,lognormal,repeats=1,observed_mean_slope,0.5922222222222222,0.44663888888888886,0.7411388888888888,0.9228711718503102,0.917248062650947,11.396777777777777,11.154555555555554,0.7666666666666667,0.7
finch,primary,rep1000,zero,lognormal,repeats=1,observed_mean_unit_types,0.7,0.5660972222222223,0.8261388888888888,0.9228711718503102,0.917248062650947,11.396777777777777,11.154555555555554,0.7666666666666667,0.7
finch,primary,rep1000,zero,geometric,repeats=1,observed_mean_r2,0.6311111111111111,0.4866666666666667,0.7633333333333333,0.9228711718503102,0.9154585379838294,11.396777777777777,11.539777777777779,0.7666666666666667,0.5
finch,primary,rep1000,zero,geometric,repeats=1,shuffle_z,0.6711111111111111,0.5255277777777778,0.8011111111111111,0.9228711718503102,0.9154585379838294,11.396777777777777,11.539777777777779,0.7666666666666667,0.5
finch,primary,rep1000,zero,geometric,repeats=1,rotate_z,0.7177777777777777,0.57775,0.8411388888888888,0.9228711718503102,0.9154585379838294,11.396777777777777,11.539777777777779,0.7666666666666667,0.5
finch,primary,rep1000,zero,geometric,repeats=1,bigram_z,0.6566666666666666,0.5011111111111111,0.8044444444444444,0.9228711718503102,0.9154585379838294,11.396777777777777,11.539777777777779,0.7666666666666667,0.5
finch,primary,rep1000,zero,geometric,repeats=1,observed_mean_slope,0.6766666666666666,0.5288888888888889,0.8111111111111111,0.9228711718503102,0.9154585379838294,11.396777777777777,11.539777777777779,0.7666666666666667,0.5
finch,primary,rep1000,zero,geometric,repeats=1,observed_mean_unit_types,0.69,0.5522222222222222,0.8144444444444444,0.9228711718503102,0.9154585379838294,11.396777777777777,11.539777777777779,0.7666666666666667,0.5
finch,primary,sigma0.5,skip,lognormal,repeats=1,observed_mean_r2,0.8277777777777777,0.7155555555555555,0.9233333333333333,0.9228711718503102,0.9059773053827999,11.396777777777777,11.101111111111113,0.7666666666666667,0.8666666666666667
finch,primary,sigma0.5,skip,lognormal,repeats=1,shuffle_z,0.5,0.3543888888888889,0.6522222222222223,0.9228711718503102,0.9059773053827999,11.396777777777777,11.101111111111113,0.7666666666666667,0.8666666666666667
finch,primary,sigma0.5,skip,lognormal,repeats=1,rotate_z,0.4,0.2611111111111111,0.543361111111111,0.9228711718503102,0.9059773053827999,11.396777777777777,11.101111111111113,0.7666666666666667,0.8666666666666667
finch,primary,sigma0.5,skip,lognormal,repeats=1,bigram_z,0.39111111111111113,0.25666666666666665,0.5388888888888889,0.9228711718503102,0.9059773053827999,11.396777777777777,11.101111111111113,0.7666666666666667,0.8666666666666667
finch,primary,sigma0.5,skip,lognormal,repeats=1,observed_mean_slope,0.3088888888888889,0.1744166666666667,0.45111111111111113,0.9228711718503102,0.9059773053827999,11.396777777777777,11.101111111111113,0.7666666666666667,0.8666666666666667
finch,primary,sigma0.5,skip,lognormal,repeats=1,observed_mean_unit_types,0.24555555555555555,0.12441666666666666,0.37666666666666665,0.9228711718503102,0.9059773053827999,11.396777777777777,11.101111111111113,0.7666666666666667,0.8666666666666667
finch,primary,sigma1.5,skip,lognormal,repeats=1,observed_mean_r2,0.6866666666666666,0.5466388888888889,0.8188888888888889,0.9228711718503102,0.9136518879532365,11.396777777777777,10.39011111111111,0.7666666666666667,0.3
finch,primary,sigma1.5,skip,lognormal,repeats=1,shuffle_z,0.7111111111111111,0.5755555555555556,0.8322222222222222,0.9228711718503102,0.9136518879532365,11.396777777777777,10.39011111111111,0.7666666666666667,0.3
finch,primary,sigma1.5,skip,lognormal,repeats=1,rotate_z,0.8133333333333334,0.6988888888888889,0.91,0.9228711718503102,0.9136518879532365,11.396777777777777,10.39011111111111,0.7666666666666667,0.3
finch,primary,sigma1.5,skip,lognormal,repeats=1,bigram_z,0.8022222222222222,0.6821944444444444,0.9055555555555556,0.9228711718503102,0.9136518879532365,11.396777777777777,10.39011111111111,0.7666666666666667,0.3
finch,primary,sigma1.5,skip,lognormal,repeats=1,observed_mean_slope,0.6922222222222222,0.5510833333333334,0.8189166666666665,0.9228711718503102,0.9136518879532365,11.396777777777777,10.39011111111111,0.7666666666666667,0.3
finch,primary,sigma1.5,skip,lognormal,repeats=1,observed_mean_unit_types,0.9455555555555556,0.8655555555555555,0.9944444444444445,0.9228711718503102,0.9136518879532365,11.396777777777777,10.39011111111111,0.7666666666666667,0.3
finch,primary,sigma2,skip,lognormal,repeats=1,observed_mean_r2,0.76,0.6310833333333333,0.8778055555555554,0.9228711718503102,0.9060450827070565,11.396777777777777,9.321555555555555,0.7666666666666667,0.06666666666666667
finch,primary,sigma2,skip,lognormal,repeats=1,shuffle_z,0.7933333333333333,0.6711111111111111,0.8944444444444445,0.9228711718503102,0.9060450827070565,11.396777777777777,9.321555555555555,0.7666666666666667,0.06666666666666667
finch,primary,sigma2,skip,lognormal,repeats=1,rotate_z,0.9277777777777778,0.8566666666666667,0.9833333333333333,0.9228711718503102,0.9060450827070565,11.396777777777777,9.321555555555555,0.7666666666666667,0.06666666666666667
finch,primary,sigma2,skip,lognormal,repeats=1,bigram_z,0.8355555555555556,0.7233333333333334,0.9266944444444443,0.9228711718503102,0.9060450827070565,11.396777777777777,9.321555555555555,0.7666666666666667,0.06666666666666667
finch,primary,sigma2,skip,lognormal,repeats=1,observed_mean_slope,0.6866666666666666,0.5366666666666666,0.8166666666666667,0.9228711718503102,0.9060450827070565,11.396777777777777,9.321555555555555,0.7666666666666667,0.06666666666666667
finch,primary,sigma2,skip,lognormal,repeats=1,observed_mean_unit_types,0.9811111111111112,0.9365833333333333,1.0,0.9228711718503102,0.9060450827070565,11.396777777777777,9.321555555555555,0.7666666666666667,0.06666666666666667
finch,primary,base,skip,uniform,repeats=1,observed_mean_r2,0.9855555555555555,0.9577777777777777,1.0,0.9228711718503102,0.8914472913403996,11.396777777777777,10.826222222222222,0.7666666666666667,0.8333333333333334
finch,primary,base,skip,uniform,repeats=1,shuffle_z,0.4911111111111111,0.3466666666666667,0.6388888888888888,0.9228711718503102,0.8914472913403996,11.396777777777777,10.826222222222222,0.7666666666666667,0.8333333333333334
finch,primary,base,skip,uniform,repeats=1,rotate_z,0.5933333333333334,0.4488611111111111,0.7389166666666666,0.9228711718503102,0.8914472913403996,11.396777777777777,10.826222222222222,0.7666666666666667,0.8333333333333334
finch,primary,base,skip,uniform,repeats=1,bigram_z,0.37555555555555553,0.24,0.5188888888888888,0.9228711718503102,0.8914472913403996,11.396777777777777,10.826222222222222,0.7666666666666667,0.8333333333333334
finch,primary,base,skip,uniform,repeats=1,observed_mean_slope,0.19444444444444445,0.09,0.31555555555555553,0.9228711718503102,0.8914472913403996,11.396777777777777,10.826222222222222,0.7666666666666667,0.8333333333333334
finch,primary,base,skip,uniform,repeats=1,observed_mean_unit_types,0.15611111111111112,0.06554166666666668,0.25666666666666665,0.9228711718503102,0.8914472913403996,11.396777777777777,10.826222222222222,0.7666666666666667,0.8333333333333334
finch,primary,base,skip,lognormal,repeats=1,observed_mean_r2,0.6355555555555555,0.49333333333333335,0.77,0.9228711718503102,0.917248062650947,11.396777777777777,11.154555555555554,0.7666666666666667,0.7
finch,primary,base,skip,lognormal,repeats=1,shuffle_z,0.6411111111111111,0.49333333333333335,0.7833333333333333,0.9228711718503102,0.917248062650947,11.396777777777777,11.154555555555554,0.7666666666666667,0.7
finch,primary,base,skip,lognormal,repeats=1,rotate_z,0.5666666666666667,0.40994444444444444,0.7089166666666665,0.9228711718503102,0.917248062650947,11.396777777777777,11.154555555555554,0.7666666666666667,0.7
finch,primary,base,skip,lognormal,repeats=1,bigram_z,0.5966666666666667,0.45222222222222225,0.7388888888888889,0.9228711718503102,0.917248062650947,11.396777777777777,11.154555555555554,0.7666666666666667,0.7
finch,primary,base,skip,lognormal,repeats=1,observed_mean_slope,0.5922222222222222,0.44219444444444445,0.7311388888888888,0.9228711718503102,0.917248062650947,11.396777777777777,11.154555555555554,0.7666666666666667,0.7
finch,primary,base,skip,lognormal,repeats=1,observed_mean_unit_types,0.7,0.563875,0.8239027777777777,0.9228711718503102,0.917248062650947,11.396777777777777,11.154555555555554,0.7666666666666667,0.7
finch,primary,base,skip,geometric,repeats=1,observed_mean_r2,0.6311111111111111,0.4799722222222222,0.7688888888888888,0.9228711718503102,0.9154585379838294,11.396777777777777,11.539777777777779,0.7666666666666667,0.5
finch,primary,base,skip,geometric,repeats=1,shuffle_z,0.6988888888888889,0.5577777777777778,0.8333888888888886,0.9228711718503102,0.9154585379838294,11.396777777777777,11.539777777777779,0.7666666666666667,0.5
finch,primary,base,skip,geometric,repeats=1,rotate_z,0.6644444444444444,0.5233333333333333,0.8,0.9228711718503102,0.9154585379838294,11.396777777777777,11.539777777777779,0.7666666666666667,0.5
finch,primary,base,skip,geometric,repeats=1,bigram_z,0.6711111111111111,0.5265833333333333,0.8111388888888887,0.9228711718503102,0.9154585379838294,11.396777777777777,11.539777777777779,0.7666666666666667,0.5
finch,primary,base,skip,geometric,repeats=1,observed_mean_slope,0.6766666666666666,0.5355555555555556,0.8066666666666666,0.9228711718503102,0.9154585379838294,11.396777777777777,11.539777777777779,0.7666666666666667,0.5
finch,primary,base,skip,geometric,repeats=1,observed_mean_unit_types,0.69,0.5511111111111111,0.8088888888888889,0.9228711718503102,0.9154585379838294,11.396777777777777,11.539777777777779,0.7666666666666667,0.5
finch,primary,base,zero,uniform,repeats=1,observed_mean_r2,0.9855555555555555,0.9588888888888889,1.0,0.9228711718503102,0.8914472913403996,11.396777777777777,10.826222222222222,0.7666666666666667,0.8333333333333334
finch,primary,base,zero,uniform,repeats=1,shuffle_z,0.5588888888888889,0.4066388888888889,0.704472222222222,0.9228711718503102,0.8914472913403996,11.396777777777777,10.826222222222222,0.7666666666666667,0.8333333333333334
finch,primary,base,zero,uniform,repeats=1,rotate_z,0.5988888888888889,0.4533333333333333,0.7455833333333332,0.9228711718503102,0.8914472913403996,11.396777777777777,10.826222222222222,0.7666666666666667,0.8333333333333334
finch,primary,base,zero,uniform,repeats=1,bigram_z,0.3811111111111111,0.24108333333333334,0.5267222222222219,0.9228711718503102,0.8914472913403996,11.396777777777777,10.826222222222222,0.7666666666666667,0.8333333333333334
finch,primary,base,zero,uniform,repeats=1,observed_mean_slope,0.19444444444444445,0.09327777777777778,0.3111111111111111,0.9228711718503102,0.8914472913403996,11.396777777777777,10.826222222222222,0.7666666666666667,0.8333333333333334
finch,primary,base,zero,uniform,repeats=1,observed_mean_unit_types,0.15611111111111112,0.06552777777777778,0.2611666666666664,0.9228711718503102,0.8914472913403996,11.396777777777777,10.826222222222222,0.7666666666666667,0.8333333333333334
finch,primary,base,zero,lognormal,repeats=1,observed_mean_r2,0.6355555555555555,0.49,0.7711111111111111,0.9228711718503102,0.917248062650947,11.396777777777777,11.154555555555554,0.7666666666666667,0.6333333333333333
finch,primary,base,zero,lognormal,repeats=1,shuffle_z,0.6122222222222222,0.4633333333333333,0.7477777777777778,0.9228711718503102,0.917248062650947,11.396777777777777,11.154555555555554,0.7666666666666667,0.6333333333333333
finch,primary,base,zero,lognormal,repeats=1,rotate_z,0.5622222222222222,0.41,0.7055833333333332,0.9228711718503102,0.917248062650947,11.396777777777777,11.154555555555554,0.7666666666666667,0.6333333333333333
finch,primary,base,zero,lognormal,repeats=1,bigram_z,0.6011111111111112,0.45663888888888887,0.7366944444444443,0.9228711718503102,0.917248062650947,11.396777777777777,11.154555555555554,0.7666666666666667,0.6333333333333333
finch,primary,base,zero,lognormal,repeats=1,observed_mean_slope,0.5922222222222222,0.44663888888888886,0.7411388888888888,0.9228711718503102,0.917248062650947,11.396777777777777,11.154555555555554,0.7666666666666667,0.6333333333333333
finch,primary,base,zero,lognormal,repeats=1,observed_mean_unit_types,0.7,0.5660972222222223,0.8261388888888888,0.9228711718503102,0.917248062650947,11.396777777777777,11.154555555555554,0.7666666666666667,0.6333333333333333
finch,primary,base,zero,geometric,repeats=1,observed_mean_r2,0.6311111111111111,0.4866666666666667,0.7633333333333333,0.9228711718503102,0.9154585379838294,11.396777777777777,11.539777777777779,0.7666666666666667,0.5
finch,primary,base,zero,geometric,repeats=1,shuffle_z,0.6933333333333334,0.55,0.8144444444444444,0.9228711718503102,0.9154585379838294,11.396777777777777,11.539777777777779,0.7666666666666667,0.5
finch,primary,base,zero,geometric,repeats=1,rotate_z,0.6566666666666666,0.5110833333333333,0.7900555555555553,0.9228711718503102,0.9154585379838294,11.396777777777777,11.539777777777779,0.7666666666666667,0.5
finch,primary,base,zero,geometric,repeats=1,bigram_z,0.6711111111111111,0.5254166666666666,0.8077777777777778,0.9228711718503102,0.9154585379838294,11.396777777777777,11.539777777777779,0.7666666666666667,0.5
finch,primary,base,zero,geometric,repeats=1,observed_mean_slope,0.6766666666666666,0.5288888888888889,0.8111111111111111,0.9228711718503102,0.9154585379838294,11.396777777777777,11.539777777777779,0.7666666666666667,0.5
finch,primary,base,zero,geometric,repeats=1,observed_mean_unit_types,0.69,0.5522222222222222,0.8144444444444444,0.9228711718503102,0.9154585379838294,11.396777777777777,11.539777777777779,0.7666666666666667,0.5
finch,primary,tail0.01,skip,geometric,repeats=1,observed_mean_r2,0.56,0.4122222222222222,0.7155833333333331,0.9228711718503102,0.9176016764003331,11.396777777777777,11.080888888888891,0.7666666666666667,0.13333333333333333
finch,primary,tail0.01,skip,geometric,repeats=1,shuffle_z,0.8288888888888889,0.7033055555555556,0.9277777777777778,0.9228711718503102,0.9176016764003331,11.396777777777777,11.080888888888891,0.7666666666666667,0.13333333333333333
finch,primary,tail0.01,skip,geometric,repeats=1,rotate_z,0.8755555555555555,0.77775,0.9511111111111111,0.9228711718503102,0.9176016764003331,11.396777777777777,11.080888888888891,0.7666666666666667,0.13333333333333333
finch,primary,tail0.01,skip,geometric,repeats=1,bigram_z,0.8677777777777778,0.7533055555555556,0.9522222222222222,0.9228711718503102,0.9176016764003331,11.396777777777777,11.080888888888891,0.7666666666666667,0.13333333333333333
finch,primary,tail0.01,skip,geometric,repeats=1,observed_mean_slope,0.9133333333333333,0.8188611111111112,0.9844444444444445,0.9228711718503102,0.9176016764003331,11.396777777777777,11.080888888888891,0.7666666666666667,0.13333333333333333
finch,primary,tail0.01,skip,geometric,repeats=1,observed_mean_unit_types,0.9911111111111112,0.9688888888888889,1.0,0.9228711718503102,0.9176016764003331,11.396777777777777,11.080888888888891,0.7666666666666667,0.13333333333333333
finch,primary,tail0.2,skip,geometric,repeats=1,observed_mean_r2,0.8055555555555556,0.6855277777777778,0.9088888888888889,0.9228711718503102,0.9080071570919094,11.396777777777777,11.235000000000001,0.7666666666666667,0.9
finch,primary,tail0.2,skip,geometric,repeats=1,shuffle_z,0.5388888888888889,0.38555555555555554,0.6856111111111108,0.9228711718503102,0.9080071570919094,11.396777777777777,11.235000000000001,0.7666666666666667,0.9
finch,primary,tail0.2,skip,geometric,repeats=1,rotate_z,0.45111111111111113,0.31444444444444447,0.6022222222222222,0.9228711718503102,0.9080071570919094,11.396777777777777,11.235000000000001,0.7666666666666667,0.9
finch,primary,tail0.2,skip,geometric,repeats=1,bigram_z,0.37,0.23108333333333334,0.5055555555555555,0.9228711718503102,0.9080071570919094,11.396777777777777,11.235000000000001,0.7666666666666667,0.9
finch,primary,tail0.2,skip,geometric,repeats=1,observed_mean_slope,0.2877777777777778,0.15997222222222224,0.43222222222222223,0.9228711718503102,0.9080071570919094,11.396777777777777,11.235000000000001,0.7666666666666667,0.9
finch,primary,tail0.2,skip,geometric,repeats=1,observed_mean_unit_types,0.1988888888888889,0.09111111111111111,0.32002777777777763,0.9228711718503102,0.9080071570919094,11.396777777777777,11.235000000000001,0.7666666666666667,0.9
finch,primary,thr0.3,skip,uniform,repeats=1,observed_mean_r2,0.8622222222222222,0.7499722222222223,0.9522222222222222,0.8158767192714296,0.7655427279108277,6.5601111111111114,5.879888888888888,0.36666666666666664,0.16666666666666666
finch,primary,thr0.3,skip,uniform,repeats=1,shuffle_z,0.8033333333333333,0.6833055555555556,0.9033333333333333,0.8158767192714296,0.7655427279108277,6.5601111111111114,5.879888888888888,0.36666666666666664,0.16666666666666666
finch,primary,thr0.3,skip,uniform,repeats=1,rotate_z,0.5966666666666667,0.4399722222222222,0.7322499999999998,0.8158767192714296,0.7655427279108277,6.5601111111111114,5.879888888888888,0.36666666666666664,0.16666666666666666
finch,primary,thr0.3,skip,uniform,repeats=1,bigram_z,0.16555555555555557,0.06888888888888889,0.2866666666666667,0.8158767192714296,0.7655427279108277,6.5601111111111114,5.879888888888888,0.36666666666666664,0.16666666666666666
finch,primary,thr0.3,skip,uniform,repeats=1,observed_mean_slope,0.2611111111111111,0.14666666666666667,0.3933333333333333,0.8158767192714296,0.7655427279108277,6.5601111111111114,5.879888888888888,0.36666666666666664,0.16666666666666666
finch,primary,thr0.3,skip,uniform,repeats=1,observed_mean_unit_types,0.6338888888888888,0.48277777777777775,0.775,0.8158767192714296,0.7655427279108277,6.5601111111111114,5.879888888888888,0.36666666666666664,0.16666666666666666
finch,primary,thr0.3,skip,lognormal,repeats=1,observed_mean_r2,0.5322222222222223,0.3844444444444444,0.6822222222222222,0.8158767192714296,0.8127838429422083,6.5601111111111114,6.321666666666666,0.36666666666666664,0.26666666666666666
finch,primary,thr0.3,skip,lognormal,repeats=1,shuffle_z,0.6122222222222222,0.4621944444444444,0.7577777777777778,0.8158767192714296,0.8127838429422083,6.5601111111111114,6.321666666666666,0.36666666666666664,0.26666666666666666
finch,primary,thr0.3,skip,lognormal,repeats=1,rotate_z,0.6433333333333333,0.5010833333333333,0.7766666666666666,0.8158767192714296,0.8127838429422083,6.5601111111111114,6.321666666666666,0.36666666666666664,0.26666666666666666
finch,primary,thr0.3,skip,lognormal,repeats=1,bigram_z,0.43,0.28555555555555556,0.5811388888888888,0.8158767192714296,0.8127838429422083,6.5601111111111114,6.321666666666666,0.36666666666666664,0.26666666666666666
finch,primary,thr0.3,skip,lognormal,repeats=1,observed_mean_slope,0.5644444444444444,0.4122222222222222,0.7022222222222222,0.8158767192714296,0.8127838429422083,6.5601111111111114,6.321666666666666,0.36666666666666664,0.26666666666666666
finch,primary,thr0.3,skip,lognormal,repeats=1,observed_mean_unit_types,0.8733333333333333,0.7705416666666667,0.9583333333333334,0.8158767192714296,0.8127838429422083,6.5601111111111114,6.321666666666666,0.36666666666666664,0.26666666666666666
finch,primary,thr0.3,skip,geometric,repeats=1,observed_mean_r2,0.6455555555555555,0.4988888888888889,0.7722499999999999,0.8158767192714296,0.7975761093538244,6.5601111111111114,6.299333333333334,0.36666666666666664,0.16666666666666666
finch,primary,thr0.3,skip,geometric,repeats=1,shuffle_z,0.5655555555555556,0.41330555555555554,0.7100277777777776,0.8158767192714296,0.7975761093538244,6.5601111111111114,6.299333333333334,0.36666666666666664,0.16666666666666666
finch,primary,thr0.3,skip,geometric,repeats=1,rotate_z,0.7244444444444444,0.5877777777777777,0.8444722222222221,0.8158767192714296,0.7975761093538244,6.5601111111111114,6.299333333333334,0.36666666666666664,0.16666666666666666
finch,primary,thr0.3,skip,geometric,repeats=1,bigram_z,0.48444444444444446,0.34330555555555553,0.6433333333333333,0.8158767192714296,0.7975761093538244,6.5601111111111114,6.299333333333334,0.36666666666666664,0.16666666666666666
finch,primary,thr0.3,skip,geometric,repeats=1,observed_mean_slope,0.5344444444444445,0.38,0.6778055555555554,0.8158767192714296,0.7975761093538244,6.5601111111111114,6.299333333333334,0.36666666666666664,0.16666666666666666
finch,primary,thr0.3,skip,geometric,repeats=1,observed_mean_unit_types,0.845,0.7360972222222223,0.9427777777777778,0.8158767192714296,0.7975761093538244,6.5601111111111114,6.299333333333334,0.36666666666666664,0.16666666666666666
finch,primary,thr0.3,zero,uniform,repeats=1,observed_mean_r2,0.8666666666666667,0.7621666666666667,0.9522222222222222,0.8158767192714296,0.7646611395443765,6.5601111111111114,5.879888888888888,0.4,0.26666666666666666
finch,primary,thr0.3,zero,uniform,repeats=1,shuffle_z,0.07444444444444444,0.02,0.14558333333333318,0.8158767192714296,0.7646611395443765,6.5601111111111114,5.879888888888888,0.4,0.26666666666666666
finch,primary,thr0.3,zero,uniform,repeats=1,rotate_z,0.5222222222222223,0.37333333333333335,0.6755555555555556,0.8158767192714296,0.7646611395443765,6.5601111111111114,5.879888888888888,0.4,0.26666666666666666
finch,primary,thr0.3,zero,uniform,repeats=1,bigram_z,0.13666666666666666,0.057749999999999996,0.24113888888888874,0.8158767192714296,0.7646611395443765,6.5601111111111114,5.879888888888888,0.4,0.26666666666666666
finch,primary,thr0.3,zero,uniform,repeats=1,observed_mean_slope,0.2611111111111111,0.14555555555555555,0.39555555555555555,0.8158767192714296,0.7646611395443765,6.5601111111111114,5.879888888888888,0.4,0.26666666666666666
finch,primary,thr0.3,zero,uniform,repeats=1,observed_mean_unit_types,0.6338888888888888,0.4799722222222222,0.7755833333333332,0.8158767192714296,0.7646611395443765,6.5601111111111114,5.879888888888888,0.4,0.26666666666666666
finch,primary,thr0.3,zero,lognormal,repeats=1,observed_mean_r2,0.5322222222222223,0.37222222222222223,0.6844999999999997,0.8158767192714296,0.8127838429422083,6.5601111111111114,6.321666666666666,0.4,0.3333333333333333
finch,primary,thr0.3,zero,lognormal,repeats=1,shuffle_z,0.38333333333333336,0.24330555555555558,0.5344444444444445,0.8158767192714296,0.8127838429422083,6.5601111111111114,6.321666666666666,0.4,0.3333333333333333
finch,primary,thr0.3,zero,lognormal,repeats=1,rotate_z,0.56,0.4121944444444444,0.7089166666666665,0.8158767192714296,0.8127838429422083,6.5601111111111114,6.321666666666666,0.4,0.3333333333333333
finch,primary,thr0.3,zero,lognormal,repeats=1,bigram_z,0.38555555555555554,0.24775000000000003,0.5255555555555556,0.8158767192714296,0.8127838429422083,6.5601111111111114,6.321666666666666,0.4,0.3333333333333333
finch,primary,thr0.3,zero,lognormal,repeats=1,observed_mean_slope,0.5644444444444444,0.4111111111111111,0.7078055555555554,0.8158767192714296,0.8127838429422083,6.5601111111111114,6.321666666666666,0.4,0.3333333333333333
finch,primary,thr0.3,zero,lognormal,repeats=1,observed_mean_unit_types,0.8733333333333333,0.7744444444444445,0.9555555555555556,0.8158767192714296,0.8127838429422083,6.5601111111111114,6.321666666666666,0.4,0.3333333333333333
finch,primary,thr0.3,zero,geometric,repeats=1,observed_mean_r2,0.65,0.5088611111111111,0.7888888888888889,0.8158767192714296,0.79504386109207,6.5601111111111114,6.299333333333334,0.4,0.16666666666666666
finch,primary,thr0.3,zero,geometric,repeats=1,shuffle_z,0.6544444444444445,0.506638888888889,0.7889166666666665,0.8158767192714296,0.79504386109207,6.5601111111111114,6.299333333333334,0.4,0.16666666666666666
finch,primary,thr0.3,zero,geometric,repeats=1,rotate_z,0.7044444444444444,0.5633333333333334,0.8288888888888889,0.8158767192714296,0.79504386109207,6.5601111111111114,6.299333333333334,0.4,0.16666666666666666
finch,primary,thr0.3,zero,geometric,repeats=1,bigram_z,0.47888888888888886,0.33,0.6344999999999997,0.8158767192714296,0.79504386109207,6.5601111111111114,6.299333333333334,0.4,0.16666666666666666
finch,primary,thr0.3,zero,geometric,repeats=1,observed_mean_slope,0.5344444444444445,0.3811111111111111,0.6788888888888889,0.8158767192714296,0.79504386109207,6.5601111111111114,6.299333333333334,0.4,0.16666666666666666
finch,primary,thr0.3,zero,geometric,repeats=1,observed_mean_unit_types,0.845,0.7344305555555556,0.943361111111111,0.8158767192714296,0.79504386109207,6.5601111111111114,6.299333333333334,0.4,0.16666666666666666
finch,primary,thr0.7,skip,uniform,repeats=1,observed_mean_r2,1.0,1.0,1.0,0.9258862375689298,0.8645916320990144,15.56788888888889,15.472888888888889,0.0,0.0
finch,primary,thr0.7,skip,uniform,repeats=1,shuffle_z,0.9422222222222222,0.8788888888888889,0.9888888888888889,0.9258862375689298,0.8645916320990144,15.56788888888889,15.472888888888889,0.0,0.0
finch,primary,thr0.7,skip,uniform,repeats=1,rotate_z,0.9588888888888889,0.9088611111111111,0.9944444444444445,0.9258862375689298,0.8645916320990144,15.56788888888889,15.472888888888889,0.0,0.0
finch,primary,thr0.7,skip,uniform,repeats=1,bigram_z,0.9744444444444444,0.92,1.0,0.9258862375689298,0.8645916320990144,15.56788888888889,15.472888888888889,0.0,0.0
finch,primary,thr0.7,skip,uniform,repeats=1,observed_mean_slope,0.025555555555555557,0.0044166666666666686,0.06111111111111111,0.9258862375689298,0.8645916320990144,15.56788888888889,15.472888888888889,0.0,0.0
finch,primary,thr0.7,skip,uniform,repeats=1,observed_mean_unit_types,0.12833333333333333,0.05,0.23,0.9258862375689298,0.8645916320990144,15.56788888888889,15.472888888888889,0.0,0.0
finch,primary,thr0.7,skip,lognormal,repeats=1,observed_mean_r2,0.7344444444444445,0.6077777777777778,0.8511388888888888,0.9258862375689298,0.9167735963723777,15.56788888888889,15.530222222222221,0.0,0.0
finch,primary,thr0.7,skip,lognormal,repeats=1,shuffle_z,0.6855555555555556,0.5455277777777778,0.8200277777777776,0.9258862375689298,0.9167735963723777,15.56788888888889,15.530222222222221,0.0,0.0
finch,primary,thr0.7,skip,lognormal,repeats=1,rotate_z,0.6844444444444444,0.5433055555555556,0.8144444444444444,0.9258862375689298,0.9167735963723777,15.56788888888889,15.530222222222221,0.0,0.0
finch,primary,thr0.7,skip,lognormal,repeats=1,bigram_z,0.6766666666666666,0.5377777777777778,0.8055555555555556,0.9258862375689298,0.9167735963723777,15.56788888888889,15.530222222222221,0.0,0.0
finch,primary,thr0.7,skip,lognormal,repeats=1,observed_mean_slope,0.7844444444444445,0.6533055555555556,0.9,0.9258862375689298,0.9167735963723777,15.56788888888889,15.530222222222221,0.0,0.0
finch,primary,thr0.7,skip,lognormal,repeats=1,observed_mean_unit_types,0.7411111111111112,0.6094305555555556,0.8511388888888888,0.9258862375689298,0.9167735963723777,15.56788888888889,15.530222222222221,0.0,0.0
finch,primary,thr0.7,skip,geometric,repeats=1,observed_mean_r2,0.5922222222222222,0.4455,0.7333611111111109,0.9258862375689298,0.9205004305927497,15.56788888888889,15.955333333333332,0.0,0.0
finch,primary,thr0.7,skip,geometric,repeats=1,shuffle_z,0.6711111111111111,0.53,0.8155555555555556,0.9258862375689298,0.9205004305927497,15.56788888888889,15.955333333333332,0.0,0.0
finch,primary,thr0.7,skip,geometric,repeats=1,rotate_z,0.6033333333333334,0.45555555555555555,0.7478055555555554,0.9258862375689298,0.9205004305927497,15.56788888888889,15.955333333333332,0.0,0.0
finch,primary,thr0.7,skip,geometric,repeats=1,bigram_z,0.5655555555555556,0.4088611111111111,0.71,0.9258862375689298,0.9205004305927497,15.56788888888889,15.955333333333332,0.0,0.0
finch,primary,thr0.7,skip,geometric,repeats=1,observed_mean_slope,0.8188888888888889,0.7066666666666667,0.9155555555555556,0.9258862375689298,0.9205004305927497,15.56788888888889,15.955333333333332,0.0,0.0
finch,primary,thr0.7,skip,geometric,repeats=1,observed_mean_unit_types,0.7133333333333334,0.5822083333333333,0.8377777777777777,0.9258862375689298,0.9205004305927497,15.56788888888889,15.955333333333332,0.0,0.0
finch,primary,thr0.7,zero,uniform,repeats=1,observed_mean_r2,1.0,1.0,1.0,0.9258862375689298,0.8645916320990144,15.56788888888889,15.472888888888889,0.0,0.0
finch,primary,thr0.7,zero,uniform,repeats=1,shuffle_z,0.9422222222222222,0.8788888888888889,0.9888888888888889,0.9258862375689298,0.8645916320990144,15.56788888888889,15.472888888888889,0.0,0.0
finch,primary,thr0.7,zero,uniform,repeats=1,rotate_z,0.9588888888888889,0.9055555555555556,0.9955555555555555,0.9258862375689298,0.8645916320990144,15.56788888888889,15.472888888888889,0.0,0.0
finch,primary,thr0.7,zero,uniform,repeats=1,bigram_z,0.9744444444444444,0.92,1.0,0.9258862375689298,0.8645916320990144,15.56788888888889,15.472888888888889,0.0,0.0
finch,primary,thr0.7,zero,uniform,repeats=1,observed_mean_slope,0.025555555555555557,0.0033333333333333335,0.06222222222222222,0.9258862375689298,0.8645916320990144,15.56788888888889,15.472888888888889,0.0,0.0
finch,primary,thr0.7,zero,uniform,repeats=1,observed_mean_unit_types,0.12833333333333333,0.045,0.23004166666666645,0.9258862375689298,0.8645916320990144,15.56788888888889,15.472888888888889,0.0,0.0
finch,primary,thr0.7,zero,lognormal,repeats=1,observed_mean_r2,0.7344444444444445,0.5922222222222222,0.8533333333333334,0.9258862375689298,0.9167735963723777,15.56788888888889,15.530222222222221,0.0,0.0
finch,primary,thr0.7,zero,lognormal,repeats=1,shuffle_z,0.6844444444444444,0.5444166666666667,0.8200277777777776,0.9258862375689298,0.9167735963723777,15.56788888888889,15.530222222222221,0.0,0.0
finch,primary,thr0.7,zero,lognormal,repeats=1,rotate_z,0.6844444444444444,0.5377500000000001,0.8177777777777778,0.9258862375689298,0.9167735963723777,15.56788888888889,15.530222222222221,0.0,0.0
finch,primary,thr0.7,zero,lognormal,repeats=1,bigram_z,0.6766666666666666,0.5388611111111111,0.8111388888888887,0.9258862375689298,0.9167735963723777,15.56788888888889,15.530222222222221,0.0,0.0
finch,primary,thr0.7,zero,lognormal,repeats=1,observed_mean_slope,0.7844444444444445,0.66,0.9000277777777776,0.9258862375689298,0.9167735963723777,15.56788888888889,15.530222222222221,0.0,0.0
finch,primary,thr0.7,zero,lognormal,repeats=1,observed_mean_unit_types,0.7411111111111112,0.608875,0.8522777777777775,0.9258862375689298,0.9167735963723777,15.56788888888889,15.530222222222221,0.0,0.0
finch,primary,thr0.7,zero,geometric,repeats=1,observed_mean_r2,0.5922222222222222,0.45111111111111113,0.7311111111111112,0.9258862375689298,0.9205004305927497,15.56788888888889,15.955333333333332,0.0,0.0
finch,primary,thr0.7,zero,geometric,repeats=1,shuffle_z,0.67,0.5233333333333333,0.8044444444444444,0.9258862375689298,0.9205004305927497,15.56788888888889,15.955333333333332,0.0,0.0
finch,primary,thr0.7,zero,geometric,repeats=1,rotate_z,0.6033333333333334,0.45769444444444446,0.74,0.9258862375689298,0.9205004305927497,15.56788888888889,15.955333333333332,0.0,0.0
finch,primary,thr0.7,zero,geometric,repeats=1,bigram_z,0.5655555555555556,0.4166388888888889,0.7022222222222222,0.9258862375689298,0.9205004305927497,15.56788888888889,15.955333333333332,0.0,0.0
finch,primary,thr0.7,zero,geometric,repeats=1,observed_mean_slope,0.8188888888888889,0.7077222222222221,0.9155555555555556,0.9258862375689298,0.9205004305927497,15.56788888888889,15.955333333333332,0.0,0.0
finch,primary,thr0.7,zero,geometric,repeats=1,observed_mean_unit_types,0.7133333333333334,0.5805138888888889,0.8394583333333332,0.9258862375689298,0.9205004305927497,15.56788888888889,15.955333333333332,0.0,0.0
finch,primary,zipfexp0.8,skip,uniform,repeats=1,observed_mean_r2,0.9511111111111111,0.886638888888889,0.9955555555555555,0.9164859788971776,0.8914472913403996,11.392,10.826222222222222,0.7666666666666667,0.8333333333333334
finch,primary,zipfexp0.8,skip,uniform,repeats=1,shuffle_z,0.44666666666666666,0.30774999999999997,0.5966944444444443,0.9164859788971776,0.8914472913403996,11.392,10.826222222222222,0.7666666666666667,0.8333333333333334
finch,primary,zipfexp0.8,skip,uniform,repeats=1,rotate_z,0.63,0.48441666666666666,0.7633333333333333,0.9164859788971776,0.8914472913403996,11.392,10.826222222222222,0.7666666666666667,0.8333333333333334
finch,primary,zipfexp0.8,skip,uniform,repeats=1,bigram_z,0.41333333333333333,0.26663888888888887,0.5589166666666665,0.9164859788971776,0.8914472913403996,11.392,10.826222222222222,0.7666666666666667,0.8333333333333334
finch,primary,zipfexp0.8,skip,uniform,repeats=1,observed_mean_slope,0.2544444444444444,0.13444444444444445,0.38555555555555554,0.9164859788971776,0.8914472913403996,11.392,10.826222222222222,0.7666666666666667,0.8333333333333334
finch,primary,zipfexp0.8,skip,uniform,repeats=1,observed_mean_unit_types,0.24222222222222223,0.1266388888888889,0.3655555555555556,0.9164859788971776,0.8914472913403996,11.392,10.826222222222222,0.7666666666666667,0.8333333333333334
finch,primary,zipfexp0.8,skip,lognormal,repeats=1,observed_mean_r2,0.4855555555555556,0.3466666666666667,0.6289444444444442,0.9164859788971776,0.917248062650947,11.392,11.154555555555554,0.7666666666666667,0.7
finch,primary,zipfexp0.8,skip,lognormal,repeats=1,shuffle_z,0.6177777777777778,0.4677777777777778,0.7611111111111111,0.9164859788971776,0.917248062650947,11.392,11.154555555555554,0.7666666666666667,0.7
finch,primary,zipfexp0.8,skip,lognormal,repeats=1,rotate_z,0.62,0.4643888888888889,0.7588888888888888,0.9164859788971776,0.917248062650947,11.392,11.154555555555554,0.7666666666666667,0.7
finch,primary,zipfexp0.8,skip,lognormal,repeats=1,bigram_z,0.6277777777777778,0.48441666666666666,0.7633611111111109,0.9164859788971776,0.917248062650947,11.392,11.154555555555554,0.7666666666666667,0.7
finch,primary,zipfexp0.8,skip,lognormal,repeats=1,observed_mean_slope,0.7211111111111111,0.5822222222222222,0.8477777777777777,0.9164859788971776,0.917248062650947,11.392,11.154555555555554,0.7666666666666667,0.7
finch,primary,zipfexp0.8,skip,lognormal,repeats=1,observed_mean_unit_types,0.8216666666666667,0.7149861111111111,0.9111111111111111,0.9164859788971776,0.917248062650947,11.392,11.154555555555554,0.7666666666666667,0.7
finch,primary,zipfexp0.8,skip,geometric,repeats=1,observed_mean_r2,0.4922222222222222,0.3377777777777778,0.6422222222222222,0.9164859788971776,0.9154585379838294,11.392,11.539777777777779,0.7666666666666667,0.5
finch,primary,zipfexp0.8,skip,geometric,repeats=1,shuffle_z,0.6744444444444444,0.5344166666666668,0.8144444444444444,0.9164859788971776,0.9154585379838294,11.392,11.539777777777779,0.7666666666666667,0.5
finch,primary,zipfexp0.8,skip,geometric,repeats=1,rotate_z,0.7055555555555556,0.58,0.8288888888888889,0.9164859788971776,0.9154585379838294,11.392,11.539777777777779,0.7666666666666667,0.5
finch,primary,zipfexp0.8,skip,geometric,repeats=1,bigram_z,0.6977777777777778,0.5533333333333333,0.8322499999999998,0.9164859788971776,0.9154585379838294,11.392,11.539777777777779,0.7666666666666667,0.5
finch,primary,zipfexp0.8,skip,geometric,repeats=1,observed_mean_slope,0.7755555555555556,0.6499722222222223,0.8878055555555554,0.9164859788971776,0.9154585379838294,11.392,11.539777777777779,0.7666666666666667,0.5
finch,primary,zipfexp0.8,skip,geometric,repeats=1,observed_mean_unit_types,0.8438888888888889,0.7377777777777778,0.93,0.9164859788971776,0.9154585379838294,11.392,11.539777777777779,0.7666666666666667,0.5
finch,primary,zipfexp1.2,skip,uniform,repeats=1,observed_mean_r2,0.9911111111111112,0.9688888888888889,1.0,0.9262654747630906,0.8914472913403996,11.134000000000004,10.826222222222222,0.6,0.8333333333333334
finch,primary,zipfexp1.2,skip,uniform,repeats=1,shuffle_z,0.3477777777777778,0.21219444444444446,0.4866944444444443,0.9262654747630906,0.8914472913403996,11.134000000000004,10.826222222222222,0.6,0.8333333333333334
finch,primary,zipfexp1.2,skip,uniform,repeats=1,rotate_z,0.5177777777777778,0.36774999999999997,0.6689166666666665,0.9262654747630906,0.8914472913403996,11.134000000000004,10.826222222222222,0.6,0.8333333333333334
finch,primary,zipfexp1.2,skip,uniform,repeats=1,bigram_z,0.25555555555555554,0.13444444444444445,0.38666666666666666,0.9262654747630906,0.8914472913403996,11.134000000000004,10.826222222222222,0.6,0.8333333333333334
finch,primary,zipfexp1.2,skip,uniform,repeats=1,observed_mean_slope,0.18,0.08222222222222222,0.29444444444444445,0.9262654747630906,0.8914472913403996,11.134000000000004,10.826222222222222,0.6,0.8333333333333334
finch,primary,zipfexp1.2,skip,uniform,repeats=1,observed_mean_unit_types,0.06388888888888888,0.012222222222222223,0.13333333333333333,0.9262654747630906,0.8914472913403996,11.134000000000004,10.826222222222222,0.6,0.8333333333333334
finch,primary,zipfexp1.2,skip,lognormal,repeats=1,observed_mean_r2,0.7222222222222222,0.5977222222222222,0.8411111111111111,0.9262654747630906,0.917248062650947,11.134000000000004,11.154555555555554,0.6,0.7
finch,primary,zipfexp1.2,skip,lognormal,repeats=1,shuffle_z,0.5322222222222223,0.38555555555555554,0.6844444444444444,0.9262654747630906,0.917248062650947,11.134000000000004,11.154555555555554,0.6,0.7
finch,primary,zipfexp1.2,skip,lognormal,repeats=1,rotate_z,0.49444444444444446,0.3388888888888889,0.6488888888888888,0.9262654747630906,0.917248062650947,11.134000000000004,11.154555555555554,0.6,0.7
finch,primary,zipfexp1.2,skip,lognormal,repeats=1,bigram_z,0.45555555555555555,0.30444444444444446,0.6000277777777776,0.9262654747630906,0.917248062650947,11.134000000000004,11.154555555555554,0.6,0.7
finch,primary,zipfexp1.2,skip,lognormal,repeats=1,observed_mean_slope,0.5366666666666666,0.38333333333333336,0.68,0.9262654747630906,0.917248062650947,11.134000000000004,11.154555555555554,0.6,0.7
finch,primary,zipfexp1.2,skip,lognormal,repeats=1,observed_mean_unit_types,0.5038888888888889,0.35883333333333334,0.6466944444444442,0.9262654747630906,0.917248062650947,11.134000000000004,11.154555555555554,0.6,0.7
finch,primary,zipfexp1.2,skip,geometric,repeats=1,observed_mean_r2,0.6966666666666667,0.5577500000000001,0.8244444444444444,0.9262654747630906,0.9154585379838294,11.134000000000004,11.539777777777779,0.6,0.5
finch,primary,zipfexp1.2,skip,geometric,repeats=1,shuffle_z,0.5577777777777778,0.4088611111111111,0.7022222222222222,0.9262654747630906,0.9154585379838294,11.134000000000004,11.539777777777779,0.6,0.5
finch,primary,zipfexp1.2,skip,geometric,repeats=1,rotate_z,0.6033333333333334,0.4633055555555555,0.7477777777777778,0.9262654747630906,0.9154585379838294,11.134000000000004,11.539777777777779,0.6,0.5
finch,primary,zipfexp1.2,skip,geometric,repeats=1,bigram_z,0.5522222222222222,0.4021944444444444,0.7022499999999998,0.9262654747630906,0.9154585379838294,11.134000000000004,11.539777777777779,0.6,0.5
finch,primary,zipfexp1.2,skip,geometric,repeats=1,observed_mean_slope,0.6122222222222222,0.46552777777777776,0.7522499999999999,0.9262654747630906,0.9154585379838294,11.134000000000004,11.539777777777779,0.6,0.5
finch,primary,zipfexp1.2,skip,geometric,repeats=1,observed_mean_unit_types,0.5061111111111111,0.3599861111111111,0.6538888888888889,0.9262654747630906,0.9154585379838294,11.134000000000004,11.539777777777779,0.6,0.5
finch,sensA,base,skip,uniform,repeats=1,observed_mean_r2,0.9733333333333334,0.9066666666666666,1.0,0.8806878257952423,0.8309131805364206,11.120444444444447,10.274444444444445,0.06666666666666667,0.0
finch,sensA,base,skip,uniform,repeats=1,shuffle_z,0.38222222222222224,0.19111111111111112,0.6088888888888889,0.8806878257952423,0.8309131805364206,11.120444444444447,10.274444444444445,0.06666666666666667,0.0
finch,sensA,base,skip,uniform,repeats=1,rotate_z,0.6044444444444445,0.39111111111111113,0.8044444444444444,0.8806878257952423,0.8309131805364206,11.120444444444447,10.274444444444445,0.06666666666666667,0.0
finch,sensA,base,skip,uniform,repeats=1,bigram_z,0.30666666666666664,0.12,0.5155555555555555,0.8806878257952423,0.8309131805364206,11.120444444444447,10.274444444444445,0.06666666666666667,0.0
finch,sensA,base,skip,uniform,repeats=1,observed_mean_slope,0.07111111111111111,0.0,0.17777777777777778,0.8806878257952423,0.8309131805364206,11.120444444444447,10.274444444444445,0.06666666666666667,0.0
finch,sensA,base,skip,uniform,repeats=1,observed_mean_unit_types,0.0,0.0,0.0,0.8806878257952423,0.8309131805364206,11.120444444444447,10.274444444444445,0.06666666666666667,0.0
finch,sensA,base,skip,lognormal,repeats=1,observed_mean_r2,0.6711111111111111,0.4621111111111111,0.8622222222222222,0.8806878257952423,0.8697729473822943,11.120444444444447,10.622222222222224,0.06666666666666667,0.0
finch,sensA,base,skip,lognormal,repeats=1,shuffle_z,0.4666666666666667,0.26666666666666666,0.6844444444444444,0.8806878257952423,0.8697729473822943,11.120444444444447,10.622222222222224,0.06666666666666667,0.0
finch,sensA,base,skip,lognormal,repeats=1,rotate_z,0.5644444444444444,0.35555555555555557,0.7866666666666666,0.8806878257952423,0.8697729473822943,11.120444444444447,10.622222222222224,0.06666666666666667,0.0
finch,sensA,base,skip,lognormal,repeats=1,bigram_z,0.4222222222222222,0.21322222222222223,0.64,0.8806878257952423,0.8697729473822943,11.120444444444447,10.622222222222224,0.06666666666666667,0.0
finch,sensA,base,skip,lognormal,repeats=1,observed_mean_slope,0.4622222222222222,0.24888888888888888,0.6756666666666661,0.8806878257952423,0.8697729473822943,11.120444444444447,10.622222222222224,0.06666666666666667,0.0
finch,sensA,base,skip,lognormal,repeats=1,observed_mean_unit_types,0.6022222222222222,0.391,0.7911111111111111,0.8806878257952423,0.8697729473822943,11.120444444444447,10.622222222222224,0.06666666666666667,0.0
finch,sensA,base,skip,geometric,repeats=1,observed_mean_r2,0.4533333333333333,0.24444444444444444,0.6667777777777771,0.8806878257952423,0.8828169351172975,11.120444444444447,11.666222222222222,0.06666666666666667,0.06666666666666667
finch,sensA,base,skip,geometric,repeats=1,shuffle_z,0.35555555555555557,0.16,0.5734444444444439,0.8806878257952423,0.8828169351172975,11.120444444444447,11.666222222222222,0.06666666666666667,0.06666666666666667
finch,sensA,base,skip,geometric,repeats=1,rotate_z,0.5377777777777778,0.3288888888888889,0.7466666666666667,0.8806878257952423,0.8828169351172975,11.120444444444447,11.666222222222222,0.06666666666666667,0.06666666666666667
finch,sensA,base,skip,geometric,repeats=1,bigram_z,0.5288888888888889,0.30666666666666664,0.7288888888888889,0.8806878257952423,0.8828169351172975,11.120444444444447,11.666222222222222,0.06666666666666667,0.06666666666666667
finch,sensA,base,skip,geometric,repeats=1,observed_mean_slope,0.7288888888888889,0.5333333333333333,0.8888888888888888,0.8806878257952423,0.8828169351172975,11.120444444444447,11.666222222222222,0.06666666666666667,0.06666666666666667
finch,sensA,base,skip,geometric,repeats=1,observed_mean_unit_types,0.7288888888888889,0.5377777777777778,0.9023333333333328,0.8806878257952423,0.8828169351172975,11.120444444444447,11.666222222222222,0.06666666666666667,0.06666666666666667
finch,sensA,base,zero,uniform,repeats=1,observed_mean_r2,0.9733333333333334,0.9066666666666666,1.0,0.8806878257952423,0.8309131805364206,11.120444444444447,10.274444444444445,0.06666666666666667,0.0
finch,sensA,base,zero,uniform,repeats=1,shuffle_z,0.41333333333333333,0.2222222222222222,0.6267777777777772,0.8806878257952423,0.8309131805364206,11.120444444444447,10.274444444444445,0.06666666666666667,0.0
finch,sensA,base,zero,uniform,repeats=1,rotate_z,0.6,0.391,0.7911111111111111,0.8806878257952423,0.8309131805364206,11.120444444444447,10.274444444444445,0.06666666666666667,0.0
finch,sensA,base,zero,uniform,repeats=1,bigram_z,0.3111111111111111,0.12444444444444444,0.5244444444444445,0.8806878257952423,0.8309131805364206,11.120444444444447,10.274444444444445,0.06666666666666667,0.0
finch,sensA,base,zero,uniform,repeats=1,observed_mean_slope,0.07111111111111111,0.0,0.18222222222222223,0.8806878257952423,0.8309131805364206,11.120444444444447,10.274444444444445,0.06666666666666667,0.0
finch,sensA,base,zero,uniform,repeats=1,observed_mean_unit_types,0.0,0.0,0.0,0.8806878257952423,0.8309131805364206,11.120444444444447,10.274444444444445,0.06666666666666667,0.0
finch,sensA,base,zero,lognormal,repeats=1,observed_mean_r2,0.6711111111111111,0.48444444444444446,0.8577777777777778,0.8806878257952423,0.8697729473822943,11.120444444444447,10.622222222222224,0.06666666666666667,0.0
finch,sensA,base,zero,lognormal,repeats=1,shuffle_z,0.4311111111111111,0.22666666666666666,0.6533333333333333,0.8806878257952423,0.8697729473822943,11.120444444444447,10.622222222222224,0.06666666666666667,0.0
finch,sensA,base,zero,lognormal,repeats=1,rotate_z,0.5644444444444444,0.35555555555555557,0.7822222222222223,0.8806878257952423,0.8697729473822943,11.120444444444447,10.622222222222224,0.06666666666666667,0.0
finch,sensA,base,zero,lognormal,repeats=1,bigram_z,0.4266666666666667,0.22666666666666666,0.6444444444444445,0.8806878257952423,0.8697729473822943,11.120444444444447,10.622222222222224,0.06666666666666667,0.0
finch,sensA,base,zero,lognormal,repeats=1,observed_mean_slope,0.4622222222222222,0.2577777777777778,0.68,0.8806878257952423,0.8697729473822943,11.120444444444447,10.622222222222224,0.06666666666666667,0.0
finch,sensA,base,zero,lognormal,repeats=1,observed_mean_unit_types,0.6022222222222222,0.3955,0.8044444444444444,0.8806878257952423,0.8697729473822943,11.120444444444447,10.622222222222224,0.06666666666666667,0.0
finch,sensA,base,zero,geometric,repeats=1,observed_mean_r2,0.4533333333333333,0.24,0.6755555555555556,0.8806878257952423,0.8828169351172975,11.120444444444447,11.666222222222222,0.06666666666666667,0.06666666666666667
finch,sensA,base,zero,geometric,repeats=1,shuffle_z,0.32,0.1288888888888889,0.52,0.8806878257952423,0.8828169351172975,11.120444444444447,11.666222222222222,0.06666666666666667,0.06666666666666667
finch,sensA,base,zero,geometric,repeats=1,rotate_z,0.5555555555555556,0.351,0.7644444444444445,0.8806878257952423,0.8828169351172975,11.120444444444447,11.666222222222222,0.06666666666666667,0.06666666666666667
finch,sensA,base,zero,geometric,repeats=1,bigram_z,0.5288888888888889,0.3198888888888889,0.7422222222222222,0.8806878257952423,0.8828169351172975,11.120444444444447,11.666222222222222,0.06666666666666667,0.06666666666666667
finch,sensA,base,zero,geometric,repeats=1,observed_mean_slope,0.7288888888888889,0.5376666666666667,0.8933333333333333,0.8806878257952423,0.8828169351172975,11.120444444444447,11.666222222222222,0.06666666666666667,0.06666666666666667
finch,sensA,base,zero,geometric,repeats=1,observed_mean_unit_types,0.7288888888888889,0.5287777777777778,0.8977777777777778,0.8806878257952423,0.8828169351172975,11.120444444444447,11.666222222222222,0.06666666666666667,0.06666666666666667
finch,sensB,base,skip,uniform,repeats=2,observed_mean_r2,0.8666666666666667,0.7111111111111111,0.9866666666666667,0.8891352267152622,0.8653582183178525,11.454000000000002,11.181777777777777,0.0,0.0
finch,sensB,base,skip,uniform,repeats=2,shuffle_z,0.28,0.11555555555555555,0.48,0.8891352267152622,0.8653582183178525,11.454000000000002,11.181777777777777,0.0,0.0
finch,sensB,base,skip,uniform,repeats=2,rotate_z,0.5022222222222222,0.27555555555555555,0.7155555555555555,0.8891352267152622,0.8653582183178525,11.454000000000002,11.181777777777777,0.0,0.0
finch,sensB,base,skip,uniform,repeats=2,bigram_z,0.13777777777777778,0.02666666666666667,0.29333333333333333,0.8891352267152622,0.8653582183178525,11.454000000000002,11.181777777777777,0.0,0.0
finch,sensB,base,skip,uniform,repeats=2,observed_mean_slope,0.14666666666666667,0.022222222222222223,0.3111111111111111,0.8891352267152622,0.8653582183178525,11.454000000000002,11.181777777777777,0.0,0.0
finch,sensB,base,skip,uniform,repeats=2,observed_mean_unit_types,0.022222222222222223,0.0,0.07111111111111111,0.8891352267152622,0.8653582183178525,11.454000000000002,11.181777777777777,0.0,0.0
finch,sensB,base,skip,lognormal,repeats=2,observed_mean_r2,0.43555555555555553,0.24,0.6533333333333333,0.8891352267152622,0.8937267901254503,11.454000000000002,11.696000000000002,0.0,0.0
finch,sensB,base,skip,lognormal,repeats=2,shuffle_z,0.5511111111111111,0.3422222222222222,0.76,0.8891352267152622,0.8937267901254503,11.454000000000002,11.696000000000002,0.0,0.0
finch,sensB,base,skip,lognormal,repeats=2,rotate_z,0.4533333333333333,0.23555555555555555,0.6755555555555556,0.8891352267152622,0.8937267901254503,11.454000000000002,11.696000000000002,0.0,0.0
finch,sensB,base,skip,lognormal,repeats=2,bigram_z,0.5066666666666667,0.28444444444444444,0.7288888888888889,0.8891352267152622,0.8937267901254503,11.454000000000002,11.696000000000002,0.0,0.0
finch,sensB,base,skip,lognormal,repeats=2,observed_mean_slope,0.5822222222222222,0.36,0.7911111111111111,0.8891352267152622,0.8937267901254503,11.454000000000002,11.696000000000002,0.0,0.0
finch,sensB,base,skip,lognormal,repeats=2,observed_mean_unit_types,0.6777777777777778,0.48,0.8577777777777778,0.8891352267152622,0.8937267901254503,11.454000000000002,11.696000000000002,0.0,0.0
finch,sensB,base,skip,geometric,repeats=2,observed_mean_r2,0.5377777777777778,0.3333333333333333,0.7377777777777778,0.8891352267152622,0.8867692459676205,11.454000000000002,11.819555555555555,0.0,0.0
finch,sensB,base,skip,geometric,repeats=2,shuffle_z,0.5022222222222222,0.28888888888888886,0.72,0.8891352267152622,0.8867692459676205,11.454000000000002,11.819555555555555,0.0,0.0
finch,sensB,base,skip,geometric,repeats=2,rotate_z,0.5511111111111111,0.3288888888888889,0.7512222222222216,0.8891352267152622,0.8867692459676205,11.454000000000002,11.819555555555555,0.0,0.0
finch,sensB,base,skip,geometric,repeats=2,bigram_z,0.4622222222222222,0.24444444444444444,0.6711111111111111,0.8891352267152622,0.8867692459676205,11.454000000000002,11.819555555555555,0.0,0.0
finch,sensB,base,skip,geometric,repeats=2,observed_mean_slope,0.6533333333333333,0.4444444444444444,0.8355555555555556,0.8891352267152622,0.8867692459676205,11.454000000000002,11.819555555555555,0.0,0.0
finch,sensB,base,skip,geometric,repeats=2,observed_mean_unit_types,0.62,0.4043333333333333,0.8088888888888889,0.8891352267152622,0.8867692459676205,11.454000000000002,11.819555555555555,0.0,0.0
finch,sensB,base,zero,uniform,repeats=2,observed_mean_r2,0.8666666666666667,0.7066666666666667,0.9911111111111112,0.8891352267152622,0.8653582183178525,11.454000000000002,11.181777777777777,0.0,0.0
finch,sensB,base,zero,uniform,repeats=2,shuffle_z,0.4222222222222222,0.21766666666666665,0.6444444444444445,0.8891352267152622,0.8653582183178525,11.454000000000002,11.181777777777777,0.0,0.0
finch,sensB,base,zero,uniform,repeats=2,rotate_z,0.48,0.2577777777777778,0.6977777777777778,0.8891352267152622,0.8653582183178525,11.454000000000002,11.181777777777777,0.0,0.0
finch,sensB,base,zero,uniform,repeats=2,bigram_z,0.14222222222222222,0.02666666666666667,0.29777777777777775,0.8891352267152622,0.8653582183178525,11.454000000000002,11.181777777777777,0.0,0.0
finch,sensB,base,zero,uniform,repeats=2,observed_mean_slope,0.14666666666666667,0.022222222222222223,0.3333333333333333,0.8891352267152622,0.8653582183178525,11.454000000000002,11.181777777777777,0.0,0.0
finch,sensB,base,zero,uniform,repeats=2,observed_mean_unit_types,0.022222222222222223,0.0,0.08444444444444445,0.8891352267152622,0.8653582183178525,11.454000000000002,11.181777777777777,0.0,0.0
finch,sensB,base,zero,lognormal,repeats=2,observed_mean_r2,0.43555555555555553,0.23555555555555555,0.64,0.8891352267152622,0.8937267901254503,11.454000000000002,11.696000000000002,0.0,0.0
finch,sensB,base,zero,lognormal,repeats=2,shuffle_z,0.5244444444444445,0.3154444444444444,0.7422222222222222,0.8891352267152622,0.8937267901254503,11.454000000000002,11.696000000000002,0.0,0.0
finch,sensB,base,zero,lognormal,repeats=2,rotate_z,0.4533333333333333,0.25333333333333335,0.6577777777777778,0.8891352267152622,0.8937267901254503,11.454000000000002,11.696000000000002,0.0,0.0
finch,sensB,base,zero,lognormal,repeats=2,bigram_z,0.5066666666666667,0.28444444444444444,0.7244444444444444,0.8891352267152622,0.8937267901254503,11.454000000000002,11.696000000000002,0.0,0.0
finch,sensB,base,zero,lognormal,repeats=2,observed_mean_slope,0.5822222222222222,0.35555555555555557,0.7822222222222223,0.8891352267152622,0.8937267901254503,11.454000000000002,11.696000000000002,0.0,0.0
finch,sensB,base,zero,lognormal,repeats=2,observed_mean_unit_types,0.6777777777777778,0.4666666666666667,0.8688888888888889,0.8891352267152622,0.8937267901254503,11.454000000000002,11.696000000000002,0.0,0.0
finch,sensB,base,zero,geometric,repeats=2,observed_mean_r2,0.5377777777777778,0.3244444444444444,0.76,0.8891352267152622,0.8867692459676205,11.454000000000002,11.819555555555555,0.0,0.0
finch,sensB,base,zero,geometric,repeats=2,shuffle_z,0.44,0.22666666666666666,0.6711111111111111,0.8891352267152622,0.8867692459676205,11.454000000000002,11.819555555555555,0.0,0.0
finch,sensB,base,zero,geometric,repeats=2,rotate_z,0.5555555555555556,0.3377777777777778,0.7644444444444445,0.8891352267152622,0.8867692459676205,11.454000000000002,11.819555555555555,0.0,0.0
finch,sensB,base,zero,geometric,repeats=2,bigram_z,0.4622222222222222,0.25333333333333335,0.6844444444444444,0.8891352267152622,0.8867692459676205,11.454000000000002,11.819555555555555,0.0,0.0
finch,sensB,base,zero,geometric,repeats=2,observed_mean_slope,0.6533333333333333,0.4622222222222222,0.8355555555555556,0.8891352267152622,0.8867692459676205,11.454000000000002,11.819555555555555,0.0,0.0
finch,sensB,base,zero,geometric,repeats=2,observed_mean_unit_types,0.62,0.4177777777777778,0.8133333333333334,0.8891352267152622,0.8867692459676205,11.454000000000002,11.819555555555555,0.0,0.0
whale,,rep1000,skip,uniform,repeats=1,observed_mean_r2,1.0,1.0,1.0,0.943164289794926,0.8330776872859694,232.16848484848487,203.37212121212121,1.0,0.6666666666666666
whale,,rep1000,skip,uniform,repeats=1,shuffle_z,0.9944444444444445,0.9777777777777777,1.0,0.943164289794926,0.8330776872859694,232.16848484848487,203.37212121212121,1.0,0.6666666666666666
whale,,rep1000,skip,uniform,repeats=1,rotate_z,0.9988888888888889,0.9933333333333333,1.0,0.943164289794926,0.8330776872859694,232.16848484848487,203.37212121212121,1.0,0.6666666666666666
whale,,rep1000,skip,uniform,repeats=1,bigram_z,0.8322222222222222,0.7155555555555555,0.9355555555555556,0.943164289794926,0.8330776872859694,232.16848484848487,203.37212121212121,1.0,0.6666666666666666
whale,,rep1000,skip,uniform,repeats=1,observed_mean_slope,0.0,0.0,0.0,0.943164289794926,0.8330776872859694,232.16848484848487,203.37212121212121,1.0,0.6666666666666666
whale,,rep1000,skip,uniform,repeats=1,observed_mean_unit_types,0.0,0.0,0.0,0.943164289794926,0.8330776872859694,232.16848484848487,203.37212121212121,1.0,0.6666666666666666
whale,,rep1000,skip,lognormal,repeats=1,observed_mean_r2,1.0,1.0,1.0,0.943164289794926,0.9173194459076789,232.16848484848487,225.89878787878789,1.0,1.0
whale,,rep1000,skip,lognormal,repeats=1,shuffle_z,0.6022222222222222,0.4555,0.7444444444444445,0.943164289794926,0.9173194459076789,232.16848484848487,225.89878787878789,1.0,1.0
whale,,rep1000,skip,lognormal,repeats=1,rotate_z,0.61,0.4633333333333333,0.7577777777777778,0.943164289794926,0.9173194459076789,232.16848484848487,225.89878787878789,1.0,1.0
whale,,rep1000,skip,lognormal,repeats=1,bigram_z,0.5,0.3522222222222222,0.6477777777777778,0.943164289794926,0.9173194459076789,232.16848484848487,225.89878787878789,1.0,1.0
whale,,rep1000,skip,lognormal,repeats=1,observed_mean_slope,0.31,0.17666666666666667,0.4489166666666665,0.943164289794926,0.9173194459076789,232.16848484848487,225.89878787878789,1.0,1.0
whale,,rep1000,skip,lognormal,repeats=1,observed_mean_unit_types,0.07333333333333333,0.02,0.1511111111111111,0.943164289794926,0.9173194459076789,232.16848484848487,225.89878787878789,1.0,1.0
whale,,rep1000,skip,geometric,repeats=1,observed_mean_r2,1.0,1.0,1.0,0.943164289794926,0.8924975039714259,232.16848484848487,220.30606060606058,1.0,1.0
whale,,rep1000,skip,geometric,repeats=1,shuffle_z,0.7733333333333333,0.6410833333333333,0.8889166666666665,0.943164289794926,0.8924975039714259,232.16848484848487,220.30606060606058,1.0,1.0
whale,,rep1000,skip,geometric,repeats=1,rotate_z,0.8822222222222222,0.79,0.9622222222222222,0.943164289794926,0.8924975039714259,232.16848484848487,220.30606060606058,1.0,1.0
whale,,rep1000,skip,geometric,repeats=1,bigram_z,0.7477777777777778,0.6121944444444445,0.8622222222222222,0.943164289794926,0.8924975039714259,232.16848484848487,220.30606060606058,1.0,1.0
whale,,rep1000,skip,geometric,repeats=1,observed_mean_slope,0.04,0.0033333333333333335,0.09222222222222222,0.943164289794926,0.8924975039714259,232.16848484848487,220.30606060606058,1.0,1.0
whale,,rep1000,skip,geometric,repeats=1,observed_mean_unit_types,0.0033333333333333335,0.0,0.015555555555555555,0.943164289794926,0.8924975039714259,232.16848484848487,220.30606060606058,1.0,1.0
whale,,rep1000,skip,uniform,repeats=5,observed_mean_r2,1.0,1.0,1.0,0.9340542645671127,0.9028416969257564,155.14181818181817,138.23393939393938,0.0,0.0
whale,,rep1000,skip,uniform,repeats=5,shuffle_z,0.31222222222222223,0.17888888888888888,0.4566944444444443,0.9340542645671127,0.9028416969257564,155.14181818181817,138.23393939393938,0.0,0.0
whale,,rep1000,skip,uniform,repeats=5,rotate_z,0.6033333333333334,0.46444444444444444,0.7355833333333331,0.9340542645671127,0.9028416969257564,155.14181818181817,138.23393939393938,0.0,0.0
whale,,rep1000,skip,uniform,repeats=5,bigram_z,0.0,0.0,0.0,0.9340542645671127,0.9028416969257564,155.14181818181817,138.23393939393938,0.0,0.0
whale,,rep1000,skip,uniform,repeats=5,observed_mean_slope,0.0033333333333333335,0.0,0.013333333333333334,0.9340542645671127,0.9028416969257564,155.14181818181817,138.23393939393938,0.0,0.0
whale,,rep1000,skip,uniform,repeats=5,observed_mean_unit_types,0.0,0.0,0.0,0.9340542645671127,0.9028416969257564,155.14181818181817,138.23393939393938,0.0,0.0
whale,,rep1000,skip,lognormal,repeats=5,observed_mean_r2,0.9433333333333334,0.8755555555555555,0.99,0.9340542645671127,0.9232562709460718,155.14181818181817,147.4127272727273,0.0,0.0
whale,,rep1000,skip,lognormal,repeats=5,shuffle_z,0.3522222222222222,0.21775,0.4888888888888889,0.9340542645671127,0.9232562709460718,155.14181818181817,147.4127272727273,0.0,0.0
whale,,rep1000,skip,lognormal,repeats=5,rotate_z,0.5588888888888889,0.41441666666666666,0.703361111111111,0.9340542645671127,0.9232562709460718,155.14181818181817,147.4127272727273,0.0,0.0
whale,,rep1000,skip,lognormal,repeats=5,bigram_z,0.07222222222222222,0.021111111111111112,0.14,0.9340542645671127,0.9232562709460718,155.14181818181817,147.4127272727273,0.0,0.0
whale,,rep1000,skip,lognormal,repeats=5,observed_mean_slope,0.17888888888888888,0.08333333333333333,0.28444444444444444,0.9340542645671127,0.9232562709460718,155.14181818181817,147.4127272727273,0.0,0.0
whale,,rep1000,skip,lognormal,repeats=5,observed_mean_unit_types,0.024444444444444446,0.0033333333333333335,0.06,0.9340542645671127,0.9232562709460718,155.14181818181817,147.4127272727273,0.0,0.0
whale,,rep1000,skip,geometric,repeats=5,observed_mean_r2,0.9866666666666667,0.96,1.0,0.9340542645671127,0.9178396403158514,155.14181818181817,142.8339393939394,0.0,0.0
whale,,rep1000,skip,geometric,repeats=5,shuffle_z,0.24444444444444444,0.12330555555555556,0.3744722222222221,0.9340542645671127,0.9178396403158514,155.14181818181817,142.8339393939394,0.0,0.0
whale,,rep1000,skip,geometric,repeats=5,rotate_z,0.4311111111111111,0.2866388888888889,0.5766666666666667,0.9340542645671127,0.9178396403158514,155.14181818181817,142.8339393939394,0.0,0.0
whale,,rep1000,skip,geometric,repeats=5,bigram_z,0.0,0.0,0.0,0.9340542645671127,0.9178396403158514,155.14181818181817,142.8339393939394,0.0,0.0
whale,,rep1000,skip,geometric,repeats=5,observed_mean_slope,0.04,0.005555555555555556,0.09555555555555556,0.9340542645671127,0.9178396403158514,155.14181818181817,142.8339393939394,0.0,0.0
whale,,rep1000,skip,geometric,repeats=5,observed_mean_unit_types,0.0,0.0,0.0,0.9340542645671127,0.9178396403158514,155.14181818181817,142.8339393939394,0.0,0.0
whale,,sigma0.5,skip,lognormal,repeats=1,observed_mean_r2,1.0,1.0,1.0,0.943164289794926,0.8714878034982253,232.16848484848487,212.15454545454548,1.0,1.0
whale,,sigma0.5,skip,lognormal,repeats=1,shuffle_z,0.8,0.6766666666666666,0.9022222222222223,0.943164289794926,0.8714878034982253,232.16848484848487,212.15454545454548,1.0,1.0
whale,,sigma0.5,skip,lognormal,repeats=1,rotate_z,0.9166666666666666,0.8411111111111111,0.9755555555555555,0.943164289794926,0.8714878034982253,232.16848484848487,212.15454545454548,1.0,1.0
whale,,sigma0.5,skip,lognormal,repeats=1,bigram_z,0.7455555555555555,0.6099444444444444,0.87,0.943164289794926,0.8714878034982253,232.16848484848487,212.15454545454548,1.0,1.0
whale,,sigma0.5,skip,lognormal,repeats=1,observed_mean_slope,0.0,0.0,0.0,0.943164289794926,0.8714878034982253,232.16848484848487,212.15454545454548,1.0,1.0
whale,,sigma0.5,skip,lognormal,repeats=1,observed_mean_unit_types,0.0,0.0,0.0,0.943164289794926,0.8714878034982253,232.16848484848487,212.15454545454548,1.0,1.0
whale,,sigma0.5,skip,lognormal,repeats=5,observed_mean_r2,1.0,1.0,1.0,0.9340542645671127,0.9111797029406153,155.14181818181817,138.52,0.0,0.0
whale,,sigma0.5,skip,lognormal,repeats=5,shuffle_z,0.2411111111111111,0.13333333333333333,0.373361111111111,0.9340542645671127,0.9111797029406153,155.14181818181817,138.52,0.0,0.0
whale,,sigma0.5,skip,lognormal,repeats=5,rotate_z,0.4822222222222222,0.3333333333333333,0.6277777777777778,0.9340542645671127,0.9111797029406153,155.14181818181817,138.52,0.0,0.0
whale,,sigma0.5,skip,lognormal,repeats=5,bigram_z,0.0,0.0,0.0,0.9340542645671127,0.9111797029406153,155.14181818181817,138.52,0.0,0.0
whale,,sigma0.5,skip,lognormal,repeats=5,observed_mean_slope,0.0033333333333333335,0.0,0.013333333333333334,0.9340542645671127,0.9111797029406153,155.14181818181817,138.52,0.0,0.0
whale,,sigma0.5,skip,lognormal,repeats=5,observed_mean_unit_types,0.0,0.0,0.0,0.9340542645671127,0.9111797029406153,155.14181818181817,138.52,0.0,0.0
whale,,sigma1.5,skip,lognormal,repeats=1,observed_mean_r2,0.5966666666666667,0.44555555555555554,0.7389166666666666,0.943164289794926,0.9409654809428506,232.16848484848487,236.63333333333335,1.0,0.9666666666666667
whale,,sigma1.5,skip,lognormal,repeats=1,shuffle_z,0.3811111111111111,0.23666666666666666,0.5355833333333332,0.943164289794926,0.9409654809428506,232.16848484848487,236.63333333333335,1.0,0.9666666666666667
whale,,sigma1.5,skip,lognormal,repeats=1,rotate_z,0.6266666666666667,0.48330555555555554,0.7655833333333332,0.943164289794926,0.9409654809428506,232.16848484848487,236.63333333333335,1.0,0.9666666666666667
whale,,sigma1.5,skip,lognormal,repeats=1,bigram_z,0.8688888888888889,0.76,0.9522222222222222,0.943164289794926,0.9409654809428506,232.16848484848487,236.63333333333335,1.0,0.9666666666666667
whale,,sigma1.5,skip,lognormal,repeats=1,observed_mean_slope,1.0,1.0,1.0,0.943164289794926,0.9409654809428506,232.16848484848487,236.63333333333335,1.0,0.9666666666666667
whale,,sigma1.5,skip,lognormal,repeats=1,observed_mean_unit_types,0.9966666666666667,0.9866666666666667,1.0,0.943164289794926,0.9409654809428506,232.16848484848487,236.63333333333335,1.0,0.9666666666666667
whale,,sigma1.5,skip,lognormal,repeats=5,observed_mean_r2,0.5466666666666666,0.4066388888888889,0.6977777777777778,0.9340542645671127,0.9332061321193537,155.14181818181817,153.4539393939394,0.0,0.0
whale,,sigma1.5,skip,lognormal,repeats=5,shuffle_z,0.39222222222222225,0.25552777777777774,0.5422222222222223,0.9340542645671127,0.9332061321193537,155.14181818181817,153.4539393939394,0.0,0.0
whale,,sigma1.5,skip,lognormal,repeats=5,rotate_z,0.5066666666666667,0.36330555555555555,0.6466944444444442,0.9340542645671127,0.9332061321193537,155.14181818181817,153.4539393939394,0.0,0.0
whale,,sigma1.5,skip,lognormal,repeats=5,bigram_z,0.49666666666666665,0.34444444444444444,0.6422222222222222,0.9340542645671127,0.9332061321193537,155.14181818181817,153.4539393939394,0.0,0.0
whale,,sigma1.5,skip,lognormal,repeats=5,observed_mean_slope,0.7788888888888889,0.6588333333333333,0.8889166666666665,0.9340542645671127,0.9332061321193537,155.14181818181817,153.4539393939394,0.0,0.0
whale,,sigma1.5,skip,lognormal,repeats=5,observed_mean_unit_types,0.8977777777777778,0.7955555555555556,0.9744444444444444,0.9340542645671127,0.9332061321193537,155.14181818181817,153.4539393939394,0.0,0.0
whale,,sigma2,skip,lognormal,repeats=1,observed_mean_r2,0.22333333333333333,0.1066388888888889,0.3488888888888889,0.943164289794926,0.9479554521041844,232.16848484848487,231.32545454545456,1.0,0.9333333333333333
whale,,sigma2,skip,lognormal,repeats=1,shuffle_z,0.6466666666666666,0.5033055555555556,0.7844444444444445,0.943164289794926,0.9479554521041844,232.16848484848487,231.32545454545456,1.0,0.9333333333333333
whale,,sigma2,skip,lognormal,repeats=1,rotate_z,0.8666666666666667,0.7633333333333333,0.9477777777777778,0.943164289794926,0.9479554521041844,232.16848484848487,231.32545454545456,1.0,0.9333333333333333
whale,,sigma2,skip,lognormal,repeats=1,bigram_z,0.9844444444444445,0.9588888888888889,1.0,0.943164289794926,0.9479554521041844,232.16848484848487,231.32545454545456,1.0,0.9333333333333333
whale,,sigma2,skip,lognormal,repeats=1,observed_mean_slope,1.0,1.0,1.0,0.943164289794926,0.9479554521041844,232.16848484848487,231.32545454545456,1.0,0.9333333333333333
whale,,sigma2,skip,lognormal,repeats=1,observed_mean_unit_types,1.0,1.0,1.0,0.943164289794926,0.9479554521041844,232.16848484848487,231.32545454545456,1.0,0.9333333333333333
whale,,sigma2,skip,lognormal,repeats=5,observed_mean_r2,0.1988888888888889,0.09886111111111111,0.3166944444444443,0.9340542645671127,0.9394778456680756,155.14181818181817,153.71575757575755,0.0,0.0
whale,,sigma2,skip,lognormal,repeats=5,shuffle_z,0.7188888888888889,0.59,0.8377777777777777,0.9340542645671127,0.9394778456680756,155.14181818181817,153.71575757575755,0.0,0.0
whale,,sigma2,skip,lognormal,repeats=5,rotate_z,0.5722222222222222,0.42777777777777776,0.7077777777777777,0.9340542645671127,0.9394778456680756,155.14181818181817,153.71575757575755,0.0,0.0
whale,,sigma2,skip,lognormal,repeats=5,bigram_z,0.9111111111111111,0.8366666666666667,0.9677777777777777,0.9340542645671127,0.9394778456680756,155.14181818181817,153.71575757575755,0.0,0.0
whale,,sigma2,skip,lognormal,repeats=5,observed_mean_slope,0.9611111111111111,0.9133333333333333,0.9933333333333333,0.9340542645671127,0.9394778456680756,155.14181818181817,153.71575757575755,0.0,0.0
whale,,sigma2,skip,lognormal,repeats=5,observed_mean_unit_types,1.0,1.0,1.0,0.9340542645671127,0.9394778456680756,155.14181818181817,153.71575757575755,0.0,0.0
song,,ppc20,skip,uniform,stickiness=0,observed_mean_r2,1.0,1.0,1.0,0.8977454455873861,0.7672517324049161,198.78727272727266,229.50424242424242,0.0,0.0
song,,ppc20,skip,uniform,stickiness=0,shuffle_z,0.9933333333333333,0.9777777777777777,1.0,0.8977454455873861,0.7672517324049161,198.78727272727266,229.50424242424242,0.0,0.0
song,,ppc20,skip,uniform,stickiness=0,rotate_z,0.99,0.9666666666666667,1.0,0.8977454455873861,0.7672517324049161,198.78727272727266,229.50424242424242,0.0,0.0
song,,ppc20,skip,uniform,stickiness=0,bigram_z,0.9377777777777778,0.8622222222222222,0.9911111111111112,0.8977454455873861,0.7672517324049161,198.78727272727266,229.50424242424242,0.0,0.0
song,,ppc20,skip,uniform,stickiness=0,observed_mean_slope,0.7988888888888889,0.6788611111111111,0.9011388888888887,0.8977454455873861,0.7672517324049161,198.78727272727266,229.50424242424242,0.0,0.0
song,,ppc20,skip,uniform,stickiness=0,observed_mean_unit_types,0.96,0.9133333333333333,0.9944444444444445,0.8977454455873861,0.7672517324049161,198.78727272727266,229.50424242424242,0.0,0.0
song,,ppc20,skip,lognormal,stickiness=0,observed_mean_r2,0.4855555555555556,0.3299722222222222,0.6366944444444443,0.8977454455873861,0.8968584823674419,198.78727272727266,208.5030303030303,0.0,0.0
song,,ppc20,skip,lognormal,stickiness=0,shuffle_z,0.44222222222222224,0.29330555555555554,0.5900277777777776,0.8977454455873861,0.8968584823674419,198.78727272727266,208.5030303030303,0.0,0.0
song,,ppc20,skip,lognormal,stickiness=0,rotate_z,0.4955555555555556,0.33775,0.6455833333333332,0.8977454455873861,0.8968584823674419,198.78727272727266,208.5030303030303,0.0,0.0
song,,ppc20,skip,lognormal,stickiness=0,bigram_z,0.48777777777777775,0.3366388888888889,0.6255555555555555,0.8977454455873861,0.8968584823674419,198.78727272727266,208.5030303030303,0.0,0.0
song,,ppc20,skip,lognormal,stickiness=0,observed_mean_slope,0.8766666666666667,0.7799444444444444,0.9566666666666667,0.8977454455873861,0.8968584823674419,198.78727272727266,208.5030303030303,0.0,0.0
song,,ppc20,skip,lognormal,stickiness=0,observed_mean_unit_types,0.7183333333333334,0.5822083333333333,0.8455833333333331,0.8977454455873861,0.8968584823674419,198.78727272727266,208.5030303030303,0.0,0.0
song,,ppc20,skip,geometric,stickiness=0,observed_mean_r2,0.6211111111111111,0.47888888888888886,0.7544722222222221,0.8977454455873861,0.8919861324331568,198.78727272727266,220.8830303030303,0.0,0.0
song,,ppc20,skip,geometric,stickiness=0,shuffle_z,0.4211111111111111,0.2833333333333333,0.5666944444444443,0.8977454455873861,0.8919861324331568,198.78727272727266,220.8830303030303,0.0,0.0
song,,ppc20,skip,geometric,stickiness=0,rotate_z,0.6333333333333333,0.47552777777777777,0.7788888888888889,0.8977454455873861,0.8919861324331568,198.78727272727266,220.8830303030303,0.0,0.0
song,,ppc20,skip,geometric,stickiness=0,bigram_z,0.56,0.4110833333333333,0.7066666666666667,0.8977454455873861,0.8919861324331568,198.78727272727266,220.8830303030303,0.0,0.0
song,,ppc20,skip,geometric,stickiness=0,observed_mean_slope,0.9755555555555555,0.9166666666666666,1.0,0.8977454455873861,0.8919861324331568,198.78727272727266,220.8830303030303,0.0,0.0
song,,ppc20,skip,geometric,stickiness=0,observed_mean_unit_types,0.8183333333333334,0.7010833333333334,0.915,0.8977454455873861,0.8919861324331568,198.78727272727266,220.8830303030303,0.0,0.0
song,,ppc20,skip,uniform,stickiness=0.8,observed_mean_r2,0.9833333333333333,0.9533333333333334,1.0,0.9131156447170604,0.8666265970318975,175.97272727272727,199.79333333333332,0.0,0.0
song,,ppc20,skip,uniform,stickiness=0.8,shuffle_z,0.6355555555555555,0.4855555555555556,0.7700555555555553,0.9131156447170604,0.8666265970318975,175.97272727272727,199.79333333333332,0.0,0.0
song,,ppc20,skip,uniform,stickiness=0.8,rotate_z,0.8111111111111111,0.6922222222222222,0.9122499999999999,0.9131156447170604,0.8666265970318975,175.97272727272727,199.79333333333332,0.0,0.0
song,,ppc20,skip,uniform,stickiness=0.8,bigram_z,0.3377777777777778,0.20555555555555555,0.4777777777777778,0.9131156447170604,0.8666265970318975,175.97272727272727,199.79333333333332,0.0,0.0
song,,ppc20,skip,uniform,stickiness=0.8,observed_mean_slope,0.9433333333333334,0.8722222222222222,0.9911111111111112,0.9131156447170604,0.8666265970318975,175.97272727272727,199.79333333333332,0.0,0.0
song,,ppc20,skip,uniform,stickiness=0.8,observed_mean_unit_types,0.7416666666666667,0.6055277777777778,0.8606249999999995,0.9131156447170604,0.8666265970318975,175.97272727272727,199.79333333333332,0.0,0.0
song,,ppc20,skip,lognormal,stickiness=0.8,observed_mean_r2,0.4311111111111111,0.2777777777777778,0.577833333333333,0.9131156447170604,0.9157942381026444,175.97272727272727,190.2072727272727,0.0,0.0
song,,ppc20,skip,lognormal,stickiness=0.8,shuffle_z,0.40444444444444444,0.2511111111111111,0.5522222222222222,0.9131156447170604,0.9157942381026444,175.97272727272727,190.2072727272727,0.0,0.0
song,,ppc20,skip,lognormal,stickiness=0.8,rotate_z,0.47555555555555556,0.3277777777777778,0.6222222222222222,0.9131156447170604,0.9157942381026444,175.97272727272727,190.2072727272727,0.0,0.0
song,,ppc20,skip,lognormal,stickiness=0.8,bigram_z,0.5166666666666667,0.36777777777777776,0.6566666666666666,0.9131156447170604,0.9157942381026444,175.97272727272727,190.2072727272727,0.0,0.0
song,,ppc20,skip,lognormal,stickiness=0.8,observed_mean_slope,0.8788888888888889,0.7810833333333334,0.954472222222222,0.9131156447170604,0.9157942381026444,175.97272727272727,190.2072727272727,0.0,0.0
song,,ppc20,skip,lognormal,stickiness=0.8,observed_mean_unit_types,0.7433333333333333,0.6177638888888889,0.8644444444444445,0.9131156447170604,0.9157942381026444,175.97272727272727,190.2072727272727,0.0,0.0
song,,ppc20,skip,geometric,stickiness=0.8,observed_mean_r2,0.43555555555555553,0.28775,0.5822222222222222,0.9131156447170604,0.915965122412277,175.97272727272727,193.5642424242424,0.0,0.0
song,,ppc20,skip,geometric,stickiness=0.8,shuffle_z,0.2411111111111111,0.12222222222222222,0.38,0.9131156447170604,0.915965122412277,175.97272727272727,193.5642424242424,0.0,0.0
song,,ppc20,skip,geometric,stickiness=0.8,rotate_z,0.3244444444444444,0.19111111111111112,0.4622222222222222,0.9131156447170604,0.915965122412277,175.97272727272727,193.5642424242424,0.0,0.0
song,,ppc20,skip,geometric,stickiness=0.8,bigram_z,0.37,0.2344166666666667,0.5111388888888887,0.9131156447170604,0.915965122412277,175.97272727272727,193.5642424242424,0.0,0.0
song,,ppc20,skip,geometric,stickiness=0.8,observed_mean_slope,0.8966666666666666,0.8066666666666666,0.9644722222222221,0.9131156447170604,0.915965122412277,175.97272727272727,193.5642424242424,0.0,0.0
song,,ppc20,skip,geometric,stickiness=0.8,observed_mean_unit_types,0.7644444444444445,0.6310833333333333,0.8789027777777777,0.9131156447170604,0.915965122412277,175.97272727272727,193.5642424242424,0.0,0.0
song,,ppc80,skip,uniform,stickiness=0,observed_mean_r2,1.0,1.0,1.0,0.9091376671127035,0.8040532076019237,179.39333333333335,211.71272727272728,0.0,0.0
song,,ppc80,skip,uniform,stickiness=0,shuffle_z,0.9355555555555556,0.8654999999999999,0.9844444444444445,0.9091376671127035,0.8040532076019237,179.39333333333335,211.71272727272728,0.0,0.0
song,,ppc80,skip,uniform,stickiness=0,rotate_z,0.9911111111111112,0.9722222222222222,1.0,0.9091376671127035,0.8040532076019237,179.39333333333335,211.71272727272728,0.0,0.0
song,,ppc80,skip,uniform,stickiness=0,bigram_z,0.8855555555555555,0.79,0.9566666666666667,0.9091376671127035,0.8040532076019237,179.39333333333335,211.71272727272728,0.0,0.0
song,,ppc80,skip,uniform,stickiness=0,observed_mean_slope,0.92,0.8333055555555556,0.9844444444444445,0.9091376671127035,0.8040532076019237,179.39333333333335,211.71272727272728,0.0,0.0
song,,ppc80,skip,uniform,stickiness=0,observed_mean_unit_types,0.9811111111111112,0.9510833333333334,0.9988888888888889,0.9091376671127035,0.8040532076019237,179.39333333333335,211.71272727272728,0.0,0.0
song,,ppc80,skip,lognormal,stickiness=0,observed_mean_r2,0.5155555555555555,0.37330555555555556,0.6655833333333332,0.9091376671127035,0.9087447083385634,179.39333333333335,189.4969696969697,0.0,0.0
song,,ppc80,skip,lognormal,stickiness=0,shuffle_z,0.33111111111111113,0.19555555555555557,0.46555555555555556,0.9091376671127035,0.9087447083385634,179.39333333333335,189.4969696969697,0.0,0.0
song,,ppc80,skip,lognormal,stickiness=0,rotate_z,0.42444444444444446,0.2788888888888889,0.5789166666666665,0.9091376671127035,0.9087447083385634,179.39333333333335,189.4969696969697,0.0,0.0
song,,ppc80,skip,lognormal,stickiness=0,bigram_z,0.39666666666666667,0.2633333333333333,0.5355833333333332,0.9091376671127035,0.9087447083385634,179.39333333333335,189.4969696969697,0.0,0.0
song,,ppc80,skip,lognormal,stickiness=0,observed_mean_slope,0.8855555555555555,0.7921944444444445,0.963361111111111,0.9091376671127035,0.9087447083385634,179.39333333333335,189.4969696969697,0.0,0.0
song,,ppc80,skip,lognormal,stickiness=0,observed_mean_unit_types,0.7744444444444445,0.6505416666666667,0.882236111111111,0.9091376671127035,0.9087447083385634,179.39333333333335,189.4969696969697,0.0,0.0
song,,ppc80,skip,geometric,stickiness=0,observed_mean_r2,0.6444444444444445,0.49774999999999997,0.78,0.9091376671127035,0.904186010751005,179.39333333333335,197.03090909090912,0.0,0.0
song,,ppc80,skip,geometric,stickiness=0,shuffle_z,0.29888888888888887,0.17555555555555555,0.4300277777777776,0.9091376671127035,0.904186010751005,179.39333333333335,197.03090909090912,0.0,0.0
song,,ppc80,skip,geometric,stickiness=0,rotate_z,0.49333333333333335,0.3366388888888889,0.6389166666666665,0.9091376671127035,0.904186010751005,179.39333333333335,197.03090909090912,0.0,0.0
song,,ppc80,skip,geometric,stickiness=0,bigram_z,0.49777777777777776,0.3522222222222222,0.6411666666666663,0.9091376671127035,0.904186010751005,179.39333333333335,197.03090909090912,0.0,0.0
song,,ppc80,skip,geometric,stickiness=0,observed_mean_slope,0.9533333333333334,0.8966388888888889,0.9933333333333333,0.9091376671127035,0.904186010751005,179.39333333333335,197.03090909090912,0.0,0.0
song,,ppc80,skip,geometric,stickiness=0,observed_mean_unit_types,0.8,0.685,0.8994444444444445,0.9091376671127035,0.904186010751005,179.39333333333335,197.03090909090912,0.0,0.0
song,,ppc80,skip,uniform,stickiness=0.8,observed_mean_r2,0.9588888888888889,0.9077777777777778,0.9922222222222222,0.930427010059882,0.9031749729598886,156.59878787878787,166.75393939393942,0.0,0.0
song,,ppc80,skip,uniform,stickiness=0.8,shuffle_z,0.5266666666666666,0.37219444444444444,0.6755555555555556,0.930427010059882,0.9031749729598886,156.59878787878787,166.75393939393942,0.0,0.0
song,,ppc80,skip,uniform,stickiness=0.8,rotate_z,0.41555555555555557,0.27111111111111114,0.564472222222222,0.930427010059882,0.9031749729598886,156.59878787878787,166.75393939393942,0.0,0.0
song,,ppc80,skip,uniform,stickiness=0.8,bigram_z,0.08777777777777777,0.029972222222222223,0.16224999999999984,0.930427010059882,0.9031749729598886,156.59878787878787,166.75393939393942,0.0,0.0
song,,ppc80,skip,uniform,stickiness=0.8,observed_mean_slope,0.5166666666666667,0.3688611111111111,0.6544722222222221,0.930427010059882,0.9031749729598886,156.59878787878787,166.75393939393942,0.0,0.0
song,,ppc80,skip,uniform,stickiness=0.8,observed_mean_unit_types,0.09944444444444445,0.035555555555555556,0.18222222222222223,0.930427010059882,0.9031749729598886,156.59878787878787,166.75393939393942,0.0,0.0
song,,ppc80,skip,lognormal,stickiness=0.8,observed_mean_r2,0.4033333333333333,0.24888888888888888,0.5455833333333332,0.930427010059882,0.9334353737921729,156.59878787878787,162.59878787878787,0.0,0.0
song,,ppc80,skip,lognormal,stickiness=0.8,shuffle_z,0.3622222222222222,0.2288888888888889,0.5078055555555554,0.930427010059882,0.9334353737921729,156.59878787878787,162.59878787878787,0.0,0.0
song,,ppc80,skip,lognormal,stickiness=0.8,rotate_z,0.3022222222222222,0.17777777777777778,0.44555555555555554,0.930427010059882,0.9334353737921729,156.59878787878787,162.59878787878787,0.0,0.0
song,,ppc80,skip,lognormal,stickiness=0.8,bigram_z,0.42333333333333334,0.2866666666666667,0.5755833333333332,0.930427010059882,0.9334353737921729,156.59878787878787,162.59878787878787,0.0,0.0
song,,ppc80,skip,lognormal,stickiness=0.8,observed_mean_slope,0.6633333333333333,0.516638888888889,0.7955555555555556,0.930427010059882,0.9334353737921729,156.59878787878787,162.59878787878787,0.0,0.0
song,,ppc80,skip,lognormal,stickiness=0.8,observed_mean_unit_types,0.595,0.44663888888888886,0.7389027777777777,0.930427010059882,0.9334353737921729,156.59878787878787,162.59878787878787,0.0,0.0
song,,ppc80,skip,geometric,stickiness=0.8,observed_mean_r2,0.2822222222222222,0.16330555555555556,0.42333333333333334,0.930427010059882,0.938597683290949,156.59878787878787,166.55030303030304,0.0,0.0
song,,ppc80,skip,geometric,stickiness=0.8,shuffle_z,0.27666666666666667,0.15441666666666667,0.4077777777777778,0.930427010059882,0.938597683290949,156.59878787878787,166.55030303030304,0.0,0.0
song,,ppc80,skip,geometric,stickiness=0.8,rotate_z,0.12444444444444444,0.04666666666666667,0.2222222222222222,0.930427010059882,0.938597683290949,156.59878787878787,166.55030303030304,0.0,0.0
song,,ppc80,skip,geometric,stickiness=0.8,bigram_z,0.22555555555555556,0.11555555555555555,0.3522222222222222,0.930427010059882,0.938597683290949,156.59878787878787,166.55030303030304,0.0,0.0
song,,ppc80,skip,geometric,stickiness=0.8,observed_mean_slope,0.6588888888888889,0.5133333333333333,0.7944444444444444,0.930427010059882,0.938597683290949,156.59878787878787,166.55030303030304,0.0,0.0
song,,ppc80,skip,geometric,stickiness=0.8,observed_mean_unit_types,0.47055555555555556,0.32054166666666667,0.6166805555555555,0.930427010059882,0.938597683290949,156.59878787878787,166.55030303030304,0.0,0.0
song,,rep1000,skip,uniform,stickiness=0,observed_mean_r2,1.0,1.0,1.0,0.9056609273338289,0.7964210642779468,185.71454545454543,219.49757575757576,0.0,0.0
song,,rep1000,skip,uniform,stickiness=0,shuffle_z,0.9833333333333333,0.9522222222222222,1.0,0.9056609273338289,0.7964210642779468,185.71454545454543,219.49757575757576,0.0,0.0
song,,rep1000,skip,uniform,stickiness=0,rotate_z,0.9666666666666667,0.9188611111111111,0.9966666666666667,0.9056609273338289,0.7964210642779468,185.71454545454543,219.49757575757576,0.0,0.0
song,,rep1000,skip,uniform,stickiness=0,bigram_z,0.8033333333333333,0.6766666666666666,0.9133333333333333,0.9056609273338289,0.7964210642779468,185.71454545454543,219.49757575757576,0.0,0.0
song,,rep1000,skip,uniform,stickiness=0,observed_mean_slope,0.8455555555555555,0.7355555555555555,0.9277777777777778,0.9056609273338289,0.7964210642779468,185.71454545454543,219.49757575757576,0.0,0.0
song,,rep1000,skip,uniform,stickiness=0,observed_mean_unit_types,0.9033333333333333,0.8183333333333334,0.9655555555555555,0.9056609273338289,0.7964210642779468,185.71454545454543,219.49757575757576,0.0,0.0
song,,rep1000,skip,lognormal,stickiness=0,observed_mean_r2,0.5033333333333333,0.3588611111111111,0.6489166666666665,0.9056609273338289,0.9059387516150521,185.71454545454543,192.93636363636364,0.0,0.0
song,,rep1000,skip,lognormal,stickiness=0,shuffle_z,0.3322222222222222,0.1966388888888889,0.47336111111111095,0.9056609273338289,0.9059387516150521,185.71454545454543,192.93636363636364,0.0,0.0
song,,rep1000,skip,lognormal,stickiness=0,rotate_z,0.4388888888888889,0.28994444444444445,0.5777777777777777,0.9056609273338289,0.9059387516150521,185.71454545454543,192.93636363636364,0.0,0.0
song,,rep1000,skip,lognormal,stickiness=0,bigram_z,0.43222222222222223,0.28330555555555553,0.5744444444444444,0.9056609273338289,0.9059387516150521,185.71454545454543,192.93636363636364,0.0,0.0
song,,rep1000,skip,lognormal,stickiness=0,observed_mean_slope,0.79,0.6755555555555556,0.89,0.9056609273338289,0.9059387516150521,185.71454545454543,192.93636363636364,0.0,0.0
song,,rep1000,skip,lognormal,stickiness=0,observed_mean_unit_types,0.715,0.5777638888888889,0.835,0.9056609273338289,0.9059387516150521,185.71454545454543,192.93636363636364,0.0,0.0
song,,rep1000,skip,geometric,stickiness=0,observed_mean_r2,0.6111111111111112,0.46552777777777776,0.7522499999999999,0.9056609273338289,0.9000185735117552,185.71454545454543,204.64181818181817,0.0,0.0
song,,rep1000,skip,geometric,stickiness=0,shuffle_z,0.25555555555555554,0.13775,0.3878888888888883,0.9056609273338289,0.9000185735117552,185.71454545454543,204.64181818181817,0.0,0.0
song,,rep1000,skip,geometric,stickiness=0,rotate_z,0.5088888888888888,0.3599722222222222,0.6611111111111111,0.9056609273338289,0.9000185735117552,185.71454545454543,204.64181818181817,0.0,0.0
song,,rep1000,skip,geometric,stickiness=0,bigram_z,0.45666666666666667,0.3088888888888889,0.6066666666666667,0.9056609273338289,0.9000185735117552,185.71454545454543,204.64181818181817,0.0,0.0
song,,rep1000,skip,geometric,stickiness=0,observed_mean_slope,0.9244444444444444,0.8510833333333334,0.9766666666666667,0.9056609273338289,0.9000185735117552,185.71454545454543,204.64181818181817,0.0,0.0
song,,rep1000,skip,geometric,stickiness=0,observed_mean_unit_types,0.7355555555555555,0.6033194444444445,0.8505555555555555,0.9056609273338289,0.9000185735117552,185.71454545454543,204.64181818181817,0.0,0.0
song,,rep1000,skip,uniform,stickiness=0.8,observed_mean_r2,0.9866666666666667,0.9610833333333334,1.0,0.9265574513934343,0.9026607271220796,163.82545454545456,176.58545454545455,0.0,0.0
song,,rep1000,skip,uniform,stickiness=0.8,shuffle_z,0.41444444444444445,0.2733333333333333,0.5577777777777778,0.9265574513934343,0.9026607271220796,163.82545454545456,176.58545454545455,0.0,0.0
song,,rep1000,skip,uniform,stickiness=0.8,rotate_z,0.3688888888888889,0.22333333333333333,0.5144999999999997,0.9265574513934343,0.9026607271220796,163.82545454545456,176.58545454545455,0.0,0.0
song,,rep1000,skip,uniform,stickiness=0.8,bigram_z,0.09222222222222222,0.012194444444444447,0.1922222222222222,0.9265574513934343,0.9026607271220796,163.82545454545456,176.58545454545455,0.0,0.0
song,,rep1000,skip,uniform,stickiness=0.8,observed_mean_slope,0.7977777777777778,0.6766388888888889,0.9022222222222223,0.9265574513934343,0.9026607271220796,163.82545454545456,176.58545454545455,0.0,0.0
song,,rep1000,skip,uniform,stickiness=0.8,observed_mean_unit_types,0.3005555555555556,0.1716388888888889,0.4366944444444443,0.9265574513934343,0.9026607271220796,163.82545454545456,176.58545454545455,0.0,0.0
song,,rep1000,skip,lognormal,stickiness=0.8,observed_mean_r2,0.2822222222222222,0.15333333333333332,0.4244722222222221,0.9265574513934343,0.9333672000875821,163.82545454545456,175.78242424242418,0.0,0.0
song,,rep1000,skip,lognormal,stickiness=0.8,shuffle_z,0.39222222222222225,0.2588888888888889,0.5378055555555554,0.9265574513934343,0.9333672000875821,163.82545454545456,175.78242424242418,0.0,0.0
song,,rep1000,skip,lognormal,stickiness=0.8,rotate_z,0.26222222222222225,0.14883333333333332,0.3955833333333332,0.9265574513934343,0.9333672000875821,163.82545454545456,175.78242424242418,0.0,0.0
song,,rep1000,skip,lognormal,stickiness=0.8,bigram_z,0.37555555555555553,0.2311111111111111,0.5277777777777778,0.9265574513934343,0.9333672000875821,163.82545454545456,175.78242424242418,0.0,0.0
song,,rep1000,skip,lognormal,stickiness=0.8,observed_mean_slope,0.7611111111111111,0.63775,0.8777777777777778,0.9265574513934343,0.9333672000875821,163.82545454545456,175.78242424242418,0.0,0.0
song,,rep1000,skip,lognormal,stickiness=0.8,observed_mean_unit_types,0.6305555555555555,0.48444444444444446,0.7772222222222223,0.9265574513934343,0.9333672000875821,163.82545454545456,175.78242424242418,0.0,0.0
song,,rep1000,skip,geometric,stickiness=0.8,observed_mean_r2,0.30666666666666664,0.16775,0.4489166666666665,0.9265574513934343,0.9324662873719379,163.82545454545456,176.63696969696971,0.0,0.0
song,,rep1000,skip,geometric,stickiness=0.8,shuffle_z,0.17666666666666667,0.07777777777777778,0.2811111111111111,0.9265574513934343,0.9324662873719379,163.82545454545456,176.63696969696971,0.0,0.0
song,,rep1000,skip,geometric,stickiness=0.8,rotate_z,0.19555555555555557,0.09222222222222222,0.31333333333333335,0.9265574513934343,0.9324662873719379,163.82545454545456,176.63696969696971,0.0,0.0
song,,rep1000,skip,geometric,stickiness=0.8,bigram_z,0.25222222222222224,0.13441666666666668,0.3877777777777778,0.9265574513934343,0.9324662873719379,163.82545454545456,176.63696969696971,0.0,0.0
song,,rep1000,skip,geometric,stickiness=0.8,observed_mean_slope,0.8344444444444444,0.7266666666666667,0.9266666666666666,0.9265574513934343,0.9324662873719379,163.82545454545456,176.63696969696971,0.0,0.0
song,,rep1000,skip,geometric,stickiness=0.8,observed_mean_unit_types,0.6622222222222223,0.5172222222222222,0.8005555555555556,0.9265574513934343,0.9324662873719379,163.82545454545456,176.63696969696971,0.0,0.0
song,,sigma0.5,skip,lognormal,stickiness=0,observed_mean_r2,0.9977777777777778,0.99,1.0,0.9056609273338289,0.8433747393977443,185.71454545454543,215.46303030303028,0.0,0.0
song,,sigma0.5,skip,lognormal,stickiness=0,shuffle_z,0.8,0.6755277777777778,0.9011388888888887,0.9056609273338289,0.8433747393977443,185.71454545454543,215.46303030303028,0.0,0.0
song,,sigma0.5,skip,lognormal,stickiness=0,rotate_z,0.9522222222222222,0.8911111111111111,0.9911111111111112,0.9056609273338289,0.8433747393977443,185.71454545454543,215.46303030303028,0.0,0.0
song,,sigma0.5,skip,lognormal,stickiness=0,bigram_z,0.8733333333333333,0.7721666666666667,0.9522222222222222,0.9056609273338289,0.8433747393977443,185.71454545454543,215.46303030303028,0.0,0.0
song,,sigma0.5,skip,lognormal,stickiness=0,observed_mean_slope,0.9377777777777778,0.8733333333333333,0.9811388888888888,0.9056609273338289,0.8433747393977443,185.71454545454543,215.46303030303028,0.0,0.0
song,,sigma0.5,skip,lognormal,stickiness=0,observed_mean_unit_types,0.9066666666666666,0.8166388888888889,0.9678055555555554,0.9056609273338289,0.8433747393977443,185.71454545454543,215.46303030303028,0.0,0.0
song,,sigma0.5,skip,lognormal,stickiness=0.8,observed_mean_r2,0.8266666666666667,0.7055555555555556,0.92,0.9265574513934343,0.9130991411958429,163.82545454545456,179.04424242424244,0.0,0.0
song,,sigma0.5,skip,lognormal,stickiness=0.8,shuffle_z,0.3622222222222222,0.23219444444444445,0.5055833333333332,0.9265574513934343,0.9130991411958429,163.82545454545456,179.04424242424244,0.0,0.0
song,,sigma0.5,skip,lognormal,stickiness=0.8,rotate_z,0.42,0.2766388888888889,0.5644444444444444,0.9265574513934343,0.9130991411958429,163.82545454545456,179.04424242424244,0.0,0.0
song,,sigma0.5,skip,lognormal,stickiness=0.8,bigram_z,0.25666666666666665,0.1388888888888889,0.39444444444444443,0.9265574513934343,0.9130991411958429,163.82545454545456,179.04424242424244,0.0,0.0
song,,sigma0.5,skip,lognormal,stickiness=0.8,observed_mean_slope,0.8255555555555556,0.7188888888888889,0.92,0.9265574513934343,0.9130991411958429,163.82545454545456,179.04424242424244,0.0,0.0
song,,sigma0.5,skip,lognormal,stickiness=0.8,observed_mean_unit_types,0.4738888888888889,0.33443055555555556,0.6205694444444443,0.9265574513934343,0.9130991411958429,163.82545454545456,179.04424242424244,0.0,0.0
song,,sigma1.5,skip,lognormal,stickiness=0,observed_mean_r2,0.05555555555555555,0.012222222222222223,0.12113888888888874,0.9056609273338289,0.9308133644235215,185.71454545454543,170.9278787878788,0.0,0.0
song,,sigma1.5,skip,lognormal,stickiness=0,shuffle_z,0.2722222222222222,0.14777777777777779,0.4078055555555554,0.9056609273338289,0.9308133644235215,185.71454545454543,170.9278787878788,0.0,0.0
song,,sigma1.5,skip,lognormal,stickiness=0,rotate_z,0.1388888888888889,0.052222222222222225,0.2411111111111111,0.9056609273338289,0.9308133644235215,185.71454545454543,170.9278787878788,0.0,0.0
song,,sigma1.5,skip,lognormal,stickiness=0,bigram_z,0.13,0.04888888888888889,0.22444444444444445,0.9056609273338289,0.9308133644235215,185.71454545454543,170.9278787878788,0.0,0.0
song,,sigma1.5,skip,lognormal,stickiness=0,observed_mean_slope,0.6244444444444445,0.4710833333333333,0.7555833333333332,0.9056609273338289,0.9308133644235215,185.71454545454543,170.9278787878788,0.0,0.0
song,,sigma1.5,skip,lognormal,stickiness=0,observed_mean_unit_types,0.7627777777777778,0.631638888888889,0.8750138888888888,0.9056609273338289,0.9308133644235215,185.71454545454543,170.9278787878788,0.0,0.0
song,,sigma1.5,skip,lognormal,stickiness=0.8,observed_mean_r2,0.10777777777777778,0.021111111111111112,0.21894444444444414,0.9265574513934343,0.9401585853528935,163.82545454545456,150.01818181818183,0.0,0.0
song,,sigma1.5,skip,lognormal,stickiness=0.8,shuffle_z,0.36444444444444446,0.22886111111111113,0.5133611111111109,0.9265574513934343,0.9401585853528935,163.82545454545456,150.01818181818183,0.0,0.0
song,,sigma1.5,skip,lognormal,stickiness=0.8,rotate_z,0.16666666666666666,0.06552777777777778,0.28002777777777765,0.9265574513934343,0.9401585853528935,163.82545454545456,150.01818181818183,0.0,0.0
song,,sigma1.5,skip,lognormal,stickiness=0.8,bigram_z,0.3388888888888889,0.20444444444444446,0.4744722222222221,0.9265574513934343,0.9401585853528935,163.82545454545456,150.01818181818183,0.0,0.0
song,,sigma1.5,skip,lognormal,stickiness=0.8,observed_mean_slope,0.59,0.4488888888888889,0.7322222222222222,0.9265574513934343,0.9401585853528935,163.82545454545456,150.01818181818183,0.0,0.0
song,,sigma1.5,skip,lognormal,stickiness=0.8,observed_mean_unit_types,0.8455555555555555,0.74,0.9322222222222222,0.9265574513934343,0.9401585853528935,163.82545454545456,150.01818181818183,0.0,0.0
song,,sigma2,skip,lognormal,stickiness=0,observed_mean_r2,0.03777777777777778,0.0022222222222222222,0.09666666666666666,0.9056609273338289,0.9392877471546136,185.71454545454543,138.25757575757578,0.0,0.0
song,,sigma2,skip,lognormal,stickiness=0,shuffle_z,0.40444444444444444,0.25775,0.5544444444444444,0.9056609273338289,0.9392877471546136,185.71454545454543,138.25757575757578,0.0,0.0
song,,sigma2,skip,lognormal,stickiness=0,rotate_z,0.08333333333333333,0.02666666666666667,0.16002777777777763,0.9056609273338289,0.9392877471546136,185.71454545454543,138.25757575757578,0.0,0.0
song,,sigma2,skip,lognormal,stickiness=0,bigram_z,0.058888888888888886,0.012222222222222223,0.12447222222222207,0.9056609273338289,0.9392877471546136,185.71454545454543,138.25757575757578,0.0,0.0
song,,sigma2,skip,lognormal,stickiness=0,observed_mean_slope,0.54,0.39,0.6822222222222222,0.9056609273338289,0.9392877471546136,185.71454545454543,138.25757575757578,0.0,0.0
song,,sigma2,skip,lognormal,stickiness=0,observed_mean_unit_types,0.9038888888888889,0.8149722222222222,0.9689166666666665,0.9056609273338289,0.9392877471546136,185.71454545454543,138.25757575757578,0.0,0.0
song,,sigma2,skip,lognormal,stickiness=0.8,observed_mean_r2,0.10555555555555556,0.035527777777777776,0.19444444444444445,0.9265574513934343,0.9413146513566545,163.82545454545456,139.89878787878789,0.0,0.0
song,,sigma2,skip,lognormal,stickiness=0.8,shuffle_z,0.5,0.3477777777777778,0.6544999999999997,0.9265574513934343,0.9413146513566545,163.82545454545456,139.89878787878789,0.0,0.0
song,,sigma2,skip,lognormal,stickiness=0.8,rotate_z,0.22666666666666666,0.11444444444444445,0.3500277777777776,0.9265574513934343,0.9413146513566545,163.82545454545456,139.89878787878789,0.0,0.0
song,,sigma2,skip,lognormal,stickiness=0.8,bigram_z,0.43,0.29330555555555554,0.5844722222222221,0.9265574513934343,0.9413146513566545,163.82545454545456,139.89878787878789,0.0,0.0
song,,sigma2,skip,lognormal,stickiness=0.8,observed_mean_slope,0.6222222222222222,0.46444444444444444,0.7677777777777778,0.9265574513934343,0.9413146513566545,163.82545454545456,139.89878787878789,0.0,0.0
song,,sigma2,skip,lognormal,stickiness=0.8,observed_mean_unit_types,0.9877777777777778,0.9644166666666667,1.0,0.9265574513934343,0.9413146513566545,163.82545454545456,139.89878787878789,0.0,0.0
song,,base,skip,uniform,stickiness=0,observed_mean_r2,1.0,1.0,1.0,0.9056609273338289,0.7964210642779468,185.71454545454543,219.49757575757576,0.0,0.0
song,,base,skip,uniform,stickiness=0,shuffle_z,0.9655555555555555,0.9110833333333334,1.0,0.9056609273338289,0.7964210642779468,185.71454545454543,219.49757575757576,0.0,0.0
song,,base,skip,uniform,stickiness=0,rotate_z,0.9644444444444444,0.9133333333333333,0.9966666666666667,0.9056609273338289,0.7964210642779468,185.71454545454543,219.49757575757576,0.0,0.0
song,,base,skip,uniform,stickiness=0,bigram_z,0.8044444444444444,0.6788333333333333,0.9133333333333333,0.9056609273338289,0.7964210642779468,185.71454545454543,219.49757575757576,0.0,0.0
song,,base,skip,uniform,stickiness=0,observed_mean_slope,0.8455555555555555,0.7355555555555555,0.9277777777777778,0.9056609273338289,0.7964210642779468,185.71454545454543,219.49757575757576,0.0,0.0
song,,base,skip,uniform,stickiness=0,observed_mean_unit_types,0.9033333333333333,0.8183333333333334,0.9655555555555555,0.9056609273338289,0.7964210642779468,185.71454545454543,219.49757575757576,0.0,0.0
song,,base,skip,lognormal,stickiness=0,observed_mean_r2,0.5033333333333333,0.3588611111111111,0.6489166666666665,0.9056609273338289,0.9059387516150521,185.71454545454543,192.93636363636364,0.0,0.0
song,,base,skip,lognormal,stickiness=0,shuffle_z,0.3511111111111111,0.2111111111111111,0.49669444444444427,0.9056609273338289,0.9059387516150521,185.71454545454543,192.93636363636364,0.0,0.0
song,,base,skip,lognormal,stickiness=0,rotate_z,0.43222222222222223,0.2832777777777778,0.5722222222222222,0.9056609273338289,0.9059387516150521,185.71454545454543,192.93636363636364,0.0,0.0
song,,base,skip,lognormal,stickiness=0,bigram_z,0.4388888888888889,0.2866666666666667,0.58,0.9056609273338289,0.9059387516150521,185.71454545454543,192.93636363636364,0.0,0.0
song,,base,skip,lognormal,stickiness=0,observed_mean_slope,0.79,0.6755555555555556,0.89,0.9056609273338289,0.9059387516150521,185.71454545454543,192.93636363636364,0.0,0.0
song,,base,skip,lognormal,stickiness=0,observed_mean_unit_types,0.715,0.5777638888888889,0.835,0.9056609273338289,0.9059387516150521,185.71454545454543,192.93636363636364,0.0,0.0
song,,base,skip,geometric,stickiness=0,observed_mean_r2,0.6111111111111112,0.46552777777777776,0.7522499999999999,0.9056609273338289,0.9000185735117552,185.71454545454543,204.64181818181817,0.0,0.0
song,,base,skip,geometric,stickiness=0,shuffle_z,0.2633333333333333,0.14222222222222222,0.3988888888888889,0.9056609273338289,0.9000185735117552,185.71454545454543,204.64181818181817,0.0,0.0
song,,base,skip,geometric,stickiness=0,rotate_z,0.5055555555555555,0.35777777777777775,0.6578055555555554,0.9056609273338289,0.9000185735117552,185.71454545454543,204.64181818181817,0.0,0.0
song,,base,skip,geometric,stickiness=0,bigram_z,0.4577777777777778,0.31,0.6077777777777778,0.9056609273338289,0.9000185735117552,185.71454545454543,204.64181818181817,0.0,0.0
song,,base,skip,geometric,stickiness=0,observed_mean_slope,0.9244444444444444,0.8510833333333334,0.9766666666666667,0.9056609273338289,0.9000185735117552,185.71454545454543,204.64181818181817,0.0,0.0
song,,base,skip,geometric,stickiness=0,observed_mean_unit_types,0.7355555555555555,0.6033194444444445,0.8505555555555555,0.9056609273338289,0.9000185735117552,185.71454545454543,204.64181818181817,0.0,0.0
song,,base,skip,uniform,stickiness=0.8,observed_mean_r2,0.9866666666666667,0.9610833333333334,1.0,0.9265574513934343,0.9026607271220796,163.82545454545456,176.58545454545455,0.0,0.0
song,,base,skip,uniform,stickiness=0.8,shuffle_z,0.34444444444444444,0.2111111111111111,0.48444444444444446,0.9265574513934343,0.9026607271220796,163.82545454545456,176.58545454545455,0.0,0.0
song,,base,skip,uniform,stickiness=0.8,rotate_z,0.38555555555555554,0.23777777777777778,0.5300277777777777,0.9265574513934343,0.9026607271220796,163.82545454545456,176.58545454545455,0.0,0.0
song,,base,skip,uniform,stickiness=0.8,bigram_z,0.09444444444444444,0.016666666666666666,0.1922222222222222,0.9265574513934343,0.9026607271220796,163.82545454545456,176.58545454545455,0.0,0.0
song,,base,skip,uniform,stickiness=0.8,observed_mean_slope,0.7977777777777778,0.6766388888888889,0.9022222222222223,0.9265574513934343,0.9026607271220796,163.82545454545456,176.58545454545455,0.0,0.0
song,,base,skip,uniform,stickiness=0.8,observed_mean_unit_types,0.3005555555555556,0.1716388888888889,0.4366944444444443,0.9265574513934343,0.9026607271220796,163.82545454545456,176.58545454545455,0.0,0.0
song,,base,skip,lognormal,stickiness=0.8,observed_mean_r2,0.2822222222222222,0.15333333333333332,0.4244722222222221,0.9265574513934343,0.9333672000875821,163.82545454545456,175.78242424242418,0.0,0.0
song,,base,skip,lognormal,stickiness=0.8,shuffle_z,0.3466666666666667,0.21886111111111112,0.4811111111111111,0.9265574513934343,0.9333672000875821,163.82545454545456,175.78242424242418,0.0,0.0
song,,base,skip,lognormal,stickiness=0.8,rotate_z,0.27,0.15555555555555556,0.4100277777777776,0.9265574513934343,0.9333672000875821,163.82545454545456,175.78242424242418,0.0,0.0
song,,base,skip,lognormal,stickiness=0.8,bigram_z,0.37555555555555553,0.22777777777777777,0.5233333333333333,0.9265574513934343,0.9333672000875821,163.82545454545456,175.78242424242418,0.0,0.0
song,,base,skip,lognormal,stickiness=0.8,observed_mean_slope,0.7611111111111111,0.63775,0.8777777777777778,0.9265574513934343,0.9333672000875821,163.82545454545456,175.78242424242418,0.0,0.0
song,,base,skip,lognormal,stickiness=0.8,observed_mean_unit_types,0.6305555555555555,0.48444444444444446,0.7772222222222223,0.9265574513934343,0.9333672000875821,163.82545454545456,175.78242424242418,0.0,0.0
song,,base,skip,geometric,stickiness=0.8,observed_mean_r2,0.30666666666666664,0.16775,0.4489166666666665,0.9265574513934343,0.9324662873719379,163.82545454545456,176.63696969696971,0.0,0.0
song,,base,skip,geometric,stickiness=0.8,shuffle_z,0.25,0.13330555555555557,0.3811111111111111,0.9265574513934343,0.9324662873719379,163.82545454545456,176.63696969696971,0.0,0.0
song,,base,skip,geometric,stickiness=0.8,rotate_z,0.1922222222222222,0.09108333333333334,0.30444444444444446,0.9265574513934343,0.9324662873719379,163.82545454545456,176.63696969696971,0.0,0.0
song,,base,skip,geometric,stickiness=0.8,bigram_z,0.2611111111111111,0.1388888888888889,0.39555555555555555,0.9265574513934343,0.9324662873719379,163.82545454545456,176.63696969696971,0.0,0.0
song,,base,skip,geometric,stickiness=0.8,observed_mean_slope,0.8344444444444444,0.7266666666666667,0.9266666666666666,0.9265574513934343,0.9324662873719379,163.82545454545456,176.63696969696971,0.0,0.0
song,,base,skip,geometric,stickiness=0.8,observed_mean_unit_types,0.6622222222222223,0.5172222222222222,0.8005555555555556,0.9265574513934343,0.9324662873719379,163.82545454545456,176.63696969696971,0.0,0.0
song,,base,zero,uniform,stickiness=0,observed_mean_r2,1.0,1.0,1.0,0.9056609273338289,0.7964210642779468,185.71454545454543,219.49757575757576,0.0,0.0
song,,base,zero,uniform,stickiness=0,shuffle_z,0.9655555555555555,0.9055277777777778,1.0,0.9056609273338289,0.7964210642779468,185.71454545454543,219.49757575757576,0.0,0.0
song,,base,zero,uniform,stickiness=0,rotate_z,0.9644444444444444,0.9199722222222223,0.9966666666666667,0.9056609273338289,0.7964210642779468,185.71454545454543,219.49757575757576,0.0,0.0
song,,base,zero,uniform,stickiness=0,bigram_z,0.8044444444444444,0.6833333333333333,0.9066666666666666,0.9056609273338289,0.7964210642779468,185.71454545454543,219.49757575757576,0.0,0.0
song,,base,zero,uniform,stickiness=0,observed_mean_slope,0.8455555555555555,0.73775,0.93,0.9056609273338289,0.7964210642779468,185.71454545454543,219.49757575757576,0.0,0.0
song,,base,zero,uniform,stickiness=0,observed_mean_unit_types,0.9033333333333333,0.8221944444444444,0.9655833333333331,0.9056609273338289,0.7964210642779468,185.71454545454543,219.49757575757576,0.0,0.0
song,,base,zero,lognormal,stickiness=0,observed_mean_r2,0.5033333333333333,0.35994444444444446,0.65,0.9056609273338289,0.9059387516150521,185.71454545454543,192.93636363636364,0.0,0.0
song,,base,zero,lognormal,stickiness=0,shuffle_z,0.3511111111111111,0.21555555555555556,0.5,0.9056609273338289,0.9059387516150521,185.71454545454543,192.93636363636364,0.0,0.0
song,,base,zero,lognormal,stickiness=0,rotate_z,0.43222222222222223,0.29330555555555554,0.5833333333333334,0.9056609273338289,0.9059387516150521,185.71454545454543,192.93636363636364,0.0,0.0
song,,base,zero,lognormal,stickiness=0,bigram_z,0.4388888888888889,0.2999722222222222,0.5822222222222222,0.9056609273338289,0.9059387516150521,185.71454545454543,192.93636363636364,0.0,0.0
song,,base,zero,lognormal,stickiness=0,observed_mean_slope,0.79,0.67,0.8888888888888888,0.9056609273338289,0.9059387516150521,185.71454545454543,192.93636363636364,0.0,0.0
song,,base,zero,lognormal,stickiness=0,observed_mean_unit_types,0.715,0.5822222222222222,0.8389166666666665,0.9056609273338289,0.9059387516150521,185.71454545454543,192.93636363636364,0.0,0.0
song,,base,zero,geometric,stickiness=0,observed_mean_r2,0.6111111111111112,0.4588888888888889,0.7566944444444443,0.9056609273338289,0.9000185735117552,185.71454545454543,204.64181818181817,0.0,0.0
song,,base,zero,geometric,stickiness=0,shuffle_z,0.2633333333333333,0.14222222222222222,0.39666666666666667,0.9056609273338289,0.9000185735117552,185.71454545454543,204.64181818181817,0.0,0.0
song,,base,zero,geometric,stickiness=0,rotate_z,0.5055555555555555,0.3566666666666667,0.6556111111111108,0.9056609273338289,0.9000185735117552,185.71454545454543,204.64181818181817,0.0,0.0
song,,base,zero,geometric,stickiness=0,bigram_z,0.4577777777777778,0.3121666666666667,0.6011388888888888,0.9056609273338289,0.9000185735117552,185.71454545454543,204.64181818181817,0.0,0.0
song,,base,zero,geometric,stickiness=0,observed_mean_slope,0.9244444444444444,0.85,0.9788888888888889,0.9056609273338289,0.9000185735117552,185.71454545454543,204.64181818181817,0.0,0.0
song,,base,zero,geometric,stickiness=0,observed_mean_unit_types,0.7355555555555555,0.6016527777777778,0.8555555555555555,0.9056609273338289,0.9000185735117552,185.71454545454543,204.64181818181817,0.0,0.0
song,,base,zero,uniform,stickiness=0.8,observed_mean_r2,0.9866666666666667,0.9622222222222222,1.0,0.9265574513934343,0.9026607271220796,163.82545454545456,176.58545454545455,0.0,0.0
song,,base,zero,uniform,stickiness=0.8,shuffle_z,0.34444444444444444,0.21444444444444444,0.49224999999999985,0.9265574513934343,0.9026607271220796,163.82545454545456,176.58545454545455,0.0,0.0
song,,base,zero,uniform,stickiness=0.8,rotate_z,0.38555555555555554,0.24444444444444444,0.5278055555555554,0.9265574513934343,0.9026607271220796,163.82545454545456,176.58545454545455,0.0,0.0
song,,base,zero,uniform,stickiness=0.8,bigram_z,0.09444444444444444,0.022194444444444447,0.19336111111111096,0.9265574513934343,0.9026607271220796,163.82545454545456,176.58545454545455,0.0,0.0
song,,base,zero,uniform,stickiness=0.8,observed_mean_slope,0.7977777777777778,0.6733055555555556,0.9011388888888887,0.9265574513934343,0.9026607271220796,163.82545454545456,176.58545454545455,0.0,0.0
song,,base,zero,uniform,stickiness=0.8,observed_mean_unit_types,0.3005555555555556,0.17,0.44224999999999987,0.9265574513934343,0.9026607271220796,163.82545454545456,176.58545454545455,0.0,0.0
song,,base,zero,lognormal,stickiness=0.8,observed_mean_r2,0.2822222222222222,0.16,0.4144722222222221,0.9265574513934343,0.9333672000875821,163.82545454545456,175.78242424242418,0.0,0.0
song,,base,zero,lognormal,stickiness=0.8,shuffle_z,0.3466666666666667,0.2111111111111111,0.48777777777777775,0.9265574513934343,0.9333672000875821,163.82545454545456,175.78242424242418,0.0,0.0
song,,base,zero,lognormal,stickiness=0.8,rotate_z,0.27,0.15330555555555556,0.4066944444444443,0.9265574513934343,0.9333672000875821,163.82545454545456,175.78242424242418,0.0,0.0
song,,base,zero,lognormal,stickiness=0.8,bigram_z,0.37555555555555553,0.24108333333333334,0.5311388888888887,0.9265574513934343,0.9333672000875821,163.82545454545456,175.78242424242418,0.0,0.0
song,,base,zero,lognormal,stickiness=0.8,observed_mean_slope,0.7611111111111111,0.6333333333333333,0.8788888888888889,0.9265574513934343,0.9333672000875821,163.82545454545456,175.78242424242418,0.0,0.0
song,,base,zero,lognormal,stickiness=0.8,observed_mean_unit_types,0.6305555555555555,0.4899722222222222,0.7666805555555555,0.9265574513934343,0.9333672000875821,163.82545454545456,175.78242424242418,0.0,0.0
song,,base,zero,geometric,stickiness=0.8,observed_mean_r2,0.30666666666666664,0.1766388888888889,0.45111111111111113,0.9265574513934343,0.9324662873719379,163.82545454545456,176.63696969696971,0.0,0.0
song,,base,zero,geometric,stickiness=0.8,shuffle_z,0.25,0.1366388888888889,0.3789166666666665,0.9265574513934343,0.9324662873719379,163.82545454545456,176.63696969696971,0.0,0.0
song,,base,zero,geometric,stickiness=0.8,rotate_z,0.1922222222222222,0.09444444444444444,0.31222222222222223,0.9265574513934343,0.9324662873719379,163.82545454545456,176.63696969696971,0.0,0.0
song,,base,zero,geometric,stickiness=0.8,bigram_z,0.2611111111111111,0.1388888888888889,0.3988888888888889,0.9265574513934343,0.9324662873719379,163.82545454545456,176.63696969696971,0.0,0.0
song,,base,zero,geometric,stickiness=0.8,observed_mean_slope,0.8344444444444444,0.7288611111111112,0.9288888888888889,0.9265574513934343,0.9324662873719379,163.82545454545456,176.63696969696971,0.0,0.0
song,,base,zero,geometric,stickiness=0.8,observed_mean_unit_types,0.6622222222222223,0.5161111111111111,0.7944444444444444,0.9265574513934343,0.9324662873719379,163.82545454545456,176.63696969696971,0.0,0.0
song,,tail0.01,skip,geometric,stickiness=0,observed_mean_r2,0.025555555555555557,0.0,0.07111111111111111,0.9056609273338289,0.9314291586441429,185.71454545454543,194.00787878787878,0.0,0.0
song,,tail0.01,skip,geometric,stickiness=0,shuffle_z,0.07888888888888888,0.024444444444444446,0.15333333333333332,0.9056609273338289,0.9314291586441429,185.71454545454543,194.00787878787878,0.0,0.0
song,,tail0.01,skip,geometric,stickiness=0,rotate_z,0.1322222222222222,0.04888888888888889,0.22777777777777777,0.9056609273338289,0.9314291586441429,185.71454545454543,194.00787878787878,0.0,0.0
song,,tail0.01,skip,geometric,stickiness=0,bigram_z,0.18666666666666668,0.08108333333333333,0.29672222222222194,0.9056609273338289,0.9314291586441429,185.71454545454543,194.00787878787878,0.0,0.0
song,,tail0.01,skip,geometric,stickiness=0,observed_mean_slope,0.9377777777777778,0.8788888888888889,0.9822222222222222,0.9056609273338289,0.9314291586441429,185.71454545454543,194.00787878787878,0.0,0.0
song,,tail0.01,skip,geometric,stickiness=0,observed_mean_unit_types,0.8311111111111111,0.7205555555555555,0.9227916666666666,0.9056609273338289,0.9314291586441429,185.71454545454543,194.00787878787878,0.0,0.0
song,,tail0.01,skip,geometric,stickiness=0.8,observed_mean_r2,0.058888888888888886,0.006666666666666667,0.1266944444444443,0.9265574513934343,0.944821487074842,163.82545454545456,172.50606060606063,0.0,0.0
song,,tail0.01,skip,geometric,stickiness=0.8,shuffle_z,0.22111111111111112,0.11222222222222222,0.3466666666666667,0.9265574513934343,0.944821487074842,163.82545454545456,172.50606060606063,0.0,0.0
song,,tail0.01,skip,geometric,stickiness=0.8,rotate_z,0.10333333333333333,0.034444444444444444,0.19333333333333333,0.9265574513934343,0.944821487074842,163.82545454545456,172.50606060606063,0.0,0.0
song,,tail0.01,skip,geometric,stickiness=0.8,bigram_z,0.35333333333333333,0.21888888888888888,0.5022499999999999,0.9265574513934343,0.944821487074842,163.82545454545456,172.50606060606063,0.0,0.0
song,,tail0.01,skip,geometric,stickiness=0.8,observed_mean_slope,0.8988888888888888,0.8133333333333334,0.9633333333333334,0.9265574513934343,0.944821487074842,163.82545454545456,172.50606060606063,0.0,0.0
song,,tail0.01,skip,geometric,stickiness=0.8,observed_mean_unit_types,0.9361111111111111,0.8649861111111111,0.9855555555555555,0.9265574513934343,0.944821487074842,163.82545454545456,172.50606060606063,0.0,0.0
song,,tail0.2,skip,geometric,stickiness=0,observed_mean_r2,1.0,1.0,1.0,0.9056609273338289,0.8390208504654459,185.71454545454543,219.46181818181822,0.0,0.0
song,,tail0.2,skip,geometric,stickiness=0,shuffle_z,0.8911111111111111,0.7966666666666666,0.9633333333333334,0.9056609273338289,0.8390208504654459,185.71454545454543,219.46181818181822,0.0,0.0
song,,tail0.2,skip,geometric,stickiness=0,rotate_z,0.95,0.8922222222222222,0.9922222222222222,0.9056609273338289,0.8390208504654459,185.71454545454543,219.46181818181822,0.0,0.0
song,,tail0.2,skip,geometric,stickiness=0,bigram_z,0.8744444444444445,0.7788888888888889,0.9511388888888888,0.9056609273338289,0.8390208504654459,185.71454545454543,219.46181818181822,0.0,0.0
song,,tail0.2,skip,geometric,stickiness=0,observed_mean_slope,0.8688888888888889,0.7699722222222223,0.943361111111111,0.9056609273338289,0.8390208504654459,185.71454545454543,219.46181818181822,0.0,0.0
song,,tail0.2,skip,geometric,stickiness=0,observed_mean_unit_types,0.9194444444444444,0.8422222222222222,0.9766666666666667,0.9056609273338289,0.8390208504654459,185.71454545454543,219.46181818181822,0.0,0.0
song,,tail0.2,skip,geometric,stickiness=0.8,observed_mean_r2,0.7633333333333333,0.6333333333333333,0.8811388888888887,0.9265574513934343,0.9171506298234373,163.82545454545456,177.95454545454544,0.0,0.0
song,,tail0.2,skip,geometric,stickiness=0.8,shuffle_z,0.30777777777777776,0.18222222222222223,0.44447222222222205,0.9265574513934343,0.9171506298234373,163.82545454545456,177.95454545454544,0.0,0.0
song,,tail0.2,skip,geometric,stickiness=0.8,rotate_z,0.2588888888888889,0.13555555555555557,0.39111111111111113,0.9265574513934343,0.9171506298234373,163.82545454545456,177.95454545454544,0.0,0.0
song,,tail0.2,skip,geometric,stickiness=0.8,bigram_z,0.16,0.06333333333333334,0.2766944444444443,0.9265574513934343,0.9171506298234373,163.82545454545456,177.95454545454544,0.0,0.0
song,,tail0.2,skip,geometric,stickiness=0.8,observed_mean_slope,0.7988888888888889,0.6777777777777778,0.9089166666666665,0.9265574513934343,0.9171506298234373,163.82545454545456,177.95454545454544,0.0,0.0
song,,tail0.2,skip,geometric,stickiness=0.8,observed_mean_unit_types,0.42777777777777776,0.2833333333333333,0.5816666666666667,0.9265574513934343,0.9171506298234373,163.82545454545456,177.95454545454544,0.0,0.0
song,,themes12,skip,uniform,stickiness=0,observed_mean_r2,1.0,1.0,1.0,0.9159199890057932,0.8044728690566961,188.349696969697,220.4818181818182,0.0,0.0
song,,themes12,skip,uniform,stickiness=0,shuffle_z,0.9722222222222222,0.93,0.9966666666666667,0.9159199890057932,0.8044728690566961,188.349696969697,220.4818181818182,0.0,0.0
song,,themes12,skip,uniform,stickiness=0,rotate_z,0.99,0.9688888888888889,1.0,0.9159199890057932,0.8044728690566961,188.349696969697,220.4818181818182,0.0,0.0
song,,themes12,skip,uniform,stickiness=0,bigram_z,0.8788888888888889,0.7744444444444445,0.9588888888888889,0.9159199890057932,0.8044728690566961,188.349696969697,220.4818181818182,0.0,0.0
song,,themes12,skip,uniform,stickiness=0,observed_mean_slope,0.8455555555555555,0.7455555555555555,0.9277777777777778,0.9159199890057932,0.8044728690566961,188.349696969697,220.4818181818182,0.0,0.0
song,,themes12,skip,uniform,stickiness=0,observed_mean_unit_types,0.9566666666666667,0.9044444444444445,0.9933333333333333,0.9159199890057932,0.8044728690566961,188.349696969697,220.4818181818182,0.0,0.0
song,,themes12,skip,lognormal,stickiness=0,observed_mean_r2,0.5422222222222223,0.39772222222222225,0.6922499999999998,0.9159199890057932,0.9138398916702241,188.349696969697,200.08848484848482,0.0,0.0
song,,themes12,skip,lognormal,stickiness=0,shuffle_z,0.45444444444444443,0.31333333333333335,0.6011111111111112,0.9159199890057932,0.9138398916702241,188.349696969697,200.08848484848482,0.0,0.0
song,,themes12,skip,lognormal,stickiness=0,rotate_z,0.47333333333333333,0.32,0.6255833333333332,0.9159199890057932,0.9138398916702241,188.349696969697,200.08848484848482,0.0,0.0
song,,themes12,skip,lognormal,stickiness=0,bigram_z,0.4111111111111111,0.26555555555555554,0.5511388888888887,0.9159199890057932,0.9138398916702241,188.349696969697,200.08848484848482,0.0,0.0
song,,themes12,skip,lognormal,stickiness=0,observed_mean_slope,0.9188888888888889,0.8422222222222222,0.9755555555555555,0.9159199890057932,0.9138398916702241,188.349696969697,200.08848484848482,0.0,0.0
song,,themes12,skip,lognormal,stickiness=0,observed_mean_unit_types,0.7005555555555556,0.5644305555555555,0.8283472222222221,0.9159199890057932,0.9138398916702241,188.349696969697,200.08848484848482,0.0,0.0
song,,themes12,skip,geometric,stickiness=0,observed_mean_r2,0.67,0.5311111111111111,0.8011388888888887,0.9159199890057932,0.909694018535347,188.349696969697,209.85272727272732,0.0,0.0
song,,themes12,skip,geometric,stickiness=0,shuffle_z,0.3566666666666667,0.22886111111111113,0.5011388888888887,0.9159199890057932,0.909694018535347,188.349696969697,209.85272727272732,0.0,0.0
song,,themes12,skip,geometric,stickiness=0,rotate_z,0.4444444444444444,0.29555555555555557,0.5855555555555556,0.9159199890057932,0.909694018535347,188.349696969697,209.85272727272732,0.0,0.0
song,,themes12,skip,geometric,stickiness=0,bigram_z,0.3088888888888889,0.17555555555555555,0.44333333333333336,0.9159199890057932,0.909694018535347,188.349696969697,209.85272727272732,0.0,0.0
song,,themes12,skip,geometric,stickiness=0,observed_mean_slope,0.9933333333333333,0.9766666666666667,1.0,0.9159199890057932,0.909694018535347,188.349696969697,209.85272727272732,0.0,0.0
song,,themes12,skip,geometric,stickiness=0,observed_mean_unit_types,0.7866666666666666,0.6738611111111111,0.8955833333333332,0.9159199890057932,0.909694018535347,188.349696969697,209.85272727272732,0.0,0.0
song,,themes12,skip,uniform,stickiness=0.8,observed_mean_r2,0.9844444444444445,0.9566666666666667,1.0,0.9285808882424027,0.9021946268156277,168.67515151515153,174.2454545454546,0.0,0.0
song,,themes12,skip,uniform,stickiness=0.8,shuffle_z,0.33666666666666667,0.20552777777777778,0.4766944444444443,0.9285808882424027,0.9021946268156277,168.67515151515153,174.2454545454546,0.0,0.0
song,,themes12,skip,uniform,stickiness=0.8,rotate_z,0.3233333333333333,0.19333333333333333,0.46447222222222206,0.9285808882424027,0.9021946268156277,168.67515151515153,174.2454545454546,0.0,0.0
song,,themes12,skip,uniform,stickiness=0.8,bigram_z,0.0,0.0,0.0,0.9285808882424027,0.9021946268156277,168.67515151515153,174.2454545454546,0.0,0.0
song,,themes12,skip,uniform,stickiness=0.8,observed_mean_slope,0.6133333333333333,0.4621944444444444,0.7577777777777778,0.9285808882424027,0.9021946268156277,168.67515151515153,174.2454545454546,0.0,0.0
song,,themes12,skip,uniform,stickiness=0.8,observed_mean_unit_types,0.10388888888888889,0.035555555555555556,0.18666666666666668,0.9285808882424027,0.9021946268156277,168.67515151515153,174.2454545454546,0.0,0.0
song,,themes12,skip,lognormal,stickiness=0.8,observed_mean_r2,0.4488888888888889,0.30333333333333334,0.5944722222222221,0.9285808882424027,0.9297852807131011,168.67515151515153,174.96606060606064,0.0,0.0
song,,themes12,skip,lognormal,stickiness=0.8,shuffle_z,0.3711111111111111,0.23777777777777778,0.5178055555555554,0.9285808882424027,0.9297852807131011,168.67515151515153,174.96606060606064,0.0,0.0
song,,themes12,skip,lognormal,stickiness=0.8,rotate_z,0.23555555555555555,0.12444444444444444,0.3644722222222221,0.9285808882424027,0.9297852807131011,168.67515151515153,174.96606060606064,0.0,0.0
song,,themes12,skip,lognormal,stickiness=0.8,bigram_z,0.2911111111111111,0.16886111111111113,0.4211111111111111,0.9285808882424027,0.9297852807131011,168.67515151515153,174.96606060606064,0.0,0.0
song,,themes12,skip,lognormal,stickiness=0.8,observed_mean_slope,0.7677777777777778,0.6477222222222222,0.8811111111111111,0.9285808882424027,0.9297852807131011,168.67515151515153,174.96606060606064,0.0,0.0
song,,themes12,skip,lognormal,stickiness=0.8,observed_mean_unit_types,0.5844444444444444,0.4444444444444444,0.7283472222222221,0.9285808882424027,0.9297852807131011,168.67515151515153,174.96606060606064,0.0,0.0
song,,themes12,skip,geometric,stickiness=0.8,observed_mean_r2,0.41,0.2677777777777778,0.5611111111111111,0.9285808882424027,0.9309790404591493,168.67515151515153,183.40121212121213,0.0,0.0
song,,themes12,skip,geometric,stickiness=0.8,shuffle_z,0.2588888888888889,0.14219444444444446,0.39111111111111113,0.9285808882424027,0.9309790404591493,168.67515151515153,183.40121212121213,0.0,0.0
song,,themes12,skip,geometric,stickiness=0.8,rotate_z,0.11,0.04441666666666667,0.20224999999999985,0.9285808882424027,0.9309790404591493,168.67515151515153,183.40121212121213,0.0,0.0
song,,themes12,skip,geometric,stickiness=0.8,bigram_z,0.10444444444444445,0.03888888888888889,0.1878055555555554,0.9285808882424027,0.9309790404591493,168.67515151515153,183.40121212121213,0.0,0.0
song,,themes12,skip,geometric,stickiness=0.8,observed_mean_slope,0.8655555555555555,0.7644444444444445,0.9444444444444444,0.9285808882424027,0.9309790404591493,168.67515151515153,183.40121212121213,0.0,0.0
song,,themes12,skip,geometric,stickiness=0.8,observed_mean_unit_types,0.5533333333333333,0.40215277777777775,0.6988888888888889,0.9285808882424027,0.9309790404591493,168.67515151515153,183.40121212121213,0.0,0.0
song,,themes4,skip,uniform,stickiness=0,observed_mean_r2,0.9766666666666667,0.9377777777777778,1.0,0.8768731549720337,0.7833607436896496,185.20727272727274,220.28060606060612,0.0,0.0
song,,themes4,skip,uniform,stickiness=0,shuffle_z,0.7977777777777778,0.6721944444444445,0.9033333333333333,0.8768731549720337,0.7833607436896496,185.20727272727274,220.28060606060612,0.0,0.0
song,,themes4,skip,uniform,stickiness=0,rotate_z,0.9044444444444445,0.8122222222222222,0.9744444444444444,0.8768731549720337,0.7833607436896496,185.20727272727274,220.28060606060612,0.0,0.0
song,,themes4,skip,uniform,stickiness=0,bigram_z,0.7222222222222222,0.5811111111111111,0.8466666666666667,0.8768731549720337,0.7833607436896496,185.20727272727274,220.28060606060612,0.0,0.0
song,,themes4,skip,uniform,stickiness=0,observed_mean_slope,0.7488888888888889,0.6033333333333334,0.8711388888888887,0.8768731549720337,0.7833607436896496,185.20727272727274,220.28060606060612,0.0,0.0
song,,themes4,skip,uniform,stickiness=0,observed_mean_unit_types,0.7983333333333333,0.6722083333333334,0.9100138888888888,0.8768731549720337,0.7833607436896496,185.20727272727274,220.28060606060612,0.0,0.0
song,,themes4,skip,lognormal,stickiness=0,observed_mean_r2,0.34555555555555556,0.21441666666666667,0.4922222222222222,0.8768731549720337,0.888953538443274,185.20727272727274,185.1369696969697,0.0,0.0
song,,themes4,skip,lognormal,stickiness=0,shuffle_z,0.31333333333333335,0.18666666666666668,0.4577777777777778,0.8768731549720337,0.888953538443274,185.20727272727274,185.1369696969697,0.0,0.0
song,,themes4,skip,lognormal,stickiness=0,rotate_z,0.30666666666666664,0.18333333333333332,0.4444444444444444,0.8768731549720337,0.888953538443274,185.20727272727274,185.1369696969697,0.0,0.0
song,,themes4,skip,lognormal,stickiness=0,bigram_z,0.31222222222222223,0.17991666666666667,0.4388888888888889,0.8768731549720337,0.888953538443274,185.20727272727274,185.1369696969697,0.0,0.0
song,,themes4,skip,lognormal,stickiness=0,observed_mean_slope,0.6611111111111111,0.5155555555555555,0.7989166666666665,0.8768731549720337,0.888953538443274,185.20727272727274,185.1369696969697,0.0,0.0
song,,themes4,skip,lognormal,stickiness=0,observed_mean_unit_types,0.5872222222222222,0.43166666666666664,0.7433749999999998,0.8768731549720337,0.888953538443274,185.20727272727274,185.1369696969697,0.0,0.0
song,,themes4,skip,geometric,stickiness=0,observed_mean_r2,0.20333333333333334,0.10327777777777777,0.32002777777777763,0.8768731549720337,0.9000919130483922,185.20727272727274,197.3739393939394,0.0,0.0
song,,themes4,skip,geometric,stickiness=0,shuffle_z,0.22444444444444445,0.11886111111111111,0.34894444444444417,0.8768731549720337,0.9000919130483922,185.20727272727274,197.3739393939394,0.0,0.0
song,,themes4,skip,geometric,stickiness=0,rotate_z,0.22666666666666666,0.11333333333333333,0.35444444444444445,0.8768731549720337,0.9000919130483922,185.20727272727274,197.3739393939394,0.0,0.0
song,,themes4,skip,geometric,stickiness=0,bigram_z,0.2411111111111111,0.12441666666666666,0.3788888888888889,0.8768731549720337,0.9000919130483922,185.20727272727274,197.3739393939394,0.0,0.0
song,,themes4,skip,geometric,stickiness=0,observed_mean_slope,0.75,0.6222222222222222,0.8666666666666667,0.8768731549720337,0.9000919130483922,185.20727272727274,197.3739393939394,0.0,0.0
song,,themes4,skip,geometric,stickiness=0,observed_mean_unit_types,0.5866666666666667,0.43277777777777776,0.7322222222222222,0.8768731549720337,0.9000919130483922,185.20727272727274,197.3739393939394,0.0,0.0
song,,themes4,skip,uniform,stickiness=0.8,observed_mean_r2,0.8855555555555555,0.7866666666666666,0.96,0.9274725554955185,0.8967451204743393,156.10242424242426,180.86424242424243,0.0,0.0
song,,themes4,skip,uniform,stickiness=0.8,shuffle_z,0.49,0.34555555555555556,0.6366666666666667,0.9274725554955185,0.8967451204743393,156.10242424242426,180.86424242424243,0.0,0.0
song,,themes4,skip,uniform,stickiness=0.8,rotate_z,0.5277777777777778,0.38108333333333333,0.6844444444444444,0.9274725554955185,0.8967451204743393,156.10242424242426,180.86424242424243,0.0,0.0
song,,themes4,skip,uniform,stickiness=0.8,bigram_z,0.4777777777777778,0.3288611111111111,0.63,0.9274725554955185,0.8967451204743393,156.10242424242426,180.86424242424243,0.0,0.0
song,,themes4,skip,uniform,stickiness=0.8,observed_mean_slope,0.7366666666666667,0.61,0.8477777777777777,0.9274725554955185,0.8967451204743393,156.10242424242426,180.86424242424243,0.0,0.0
song,,themes4,skip,uniform,stickiness=0.8,observed_mean_unit_types,0.475,0.3283333333333333,0.6228055555555554,0.9274725554955185,0.8967451204743393,156.10242424242426,180.86424242424243,0.0,0.0
song,,themes4,skip,lognormal,stickiness=0.8,observed_mean_r2,0.3466666666666667,0.20775000000000002,0.4878055555555554,0.9274725554955185,0.9336063849541366,156.10242424242426,151.50727272727272,0.0,0.0
song,,themes4,skip,lognormal,stickiness=0.8,shuffle_z,0.38333333333333336,0.24333333333333335,0.5278055555555554,0.9274725554955185,0.9336063849541366,156.10242424242426,151.50727272727272,0.0,0.0
song,,themes4,skip,lognormal,stickiness=0.8,rotate_z,0.26666666666666666,0.14777777777777779,0.40224999999999983,0.9274725554955185,0.9336063849541366,156.10242424242426,151.50727272727272,0.0,0.0
song,,themes4,skip,lognormal,stickiness=0.8,bigram_z,0.35333333333333333,0.21888888888888888,0.5,0.9274725554955185,0.9336063849541366,156.10242424242426,151.50727272727272,0.0,0.0
song,,themes4,skip,lognormal,stickiness=0.8,observed_mean_slope,0.4622222222222222,0.3155,0.6188888888888889,0.9274725554955185,0.9336063849541366,156.10242424242426,151.50727272727272,0.0,0.0
song,,themes4,skip,lognormal,stickiness=0.8,observed_mean_unit_types,0.4388888888888889,0.2866527777777778,0.5855694444444444,0.9274725554955185,0.9336063849541366,156.10242424242426,151.50727272727272,0.0,0.0
song,,themes4,skip,geometric,stickiness=0.8,observed_mean_r2,0.26222222222222225,0.14333333333333334,0.3977777777777778,0.9274725554955185,0.9367992923252818,156.10242424242426,155.32424242424247,0.0,0.0
song,,themes4,skip,geometric,stickiness=0.8,shuffle_z,0.2588888888888889,0.14330555555555557,0.3966944444444443,0.9274725554955185,0.9367992923252818,156.10242424242426,155.32424242424247,0.0,0.0
song,,themes4,skip,geometric,stickiness=0.8,rotate_z,0.19,0.09222222222222222,0.31333333333333335,0.9274725554955185,0.9367992923252818,156.10242424242426,155.32424242424247,0.0,0.0
song,,themes4,skip,geometric,stickiness=0.8,bigram_z,0.33666666666666667,0.2111111111111111,0.4800277777777776,0.9274725554955185,0.9367992923252818,156.10242424242426,155.32424242424247,0.0,0.0
song,,themes4,skip,geometric,stickiness=0.8,observed_mean_slope,0.5233333333333333,0.37666666666666665,0.6788888888888889,0.9274725554955185,0.9367992923252818,156.10242424242426,155.32424242424247,0.0,0.0
song,,themes4,skip,geometric,stickiness=0.8,observed_mean_unit_types,0.5211111111111111,0.36769444444444443,0.6683333333333333,0.9274725554955185,0.9367992923252818,156.10242424242426,155.32424242424247,0.0,0.0
song,,thr0.25,skip,uniform,stickiness=0,observed_mean_r2,0.9611111111111111,0.9111111111111111,0.9933333333333333,0.9201256874080294,0.8899096565745929,95.80303030303031,100.32121212121211,0.1,0.0
song,,thr0.25,skip,uniform,stickiness=0,shuffle_z,0.35444444444444445,0.22,0.5011388888888887,0.9201256874080294,0.8899096565745929,95.80303030303031,100.32121212121211,0.1,0.0
song,,thr0.25,skip,uniform,stickiness=0,rotate_z,0.6722222222222223,0.5322222222222223,0.8055833333333332,0.9201256874080294,0.8899096565745929,95.80303030303031,100.32121212121211,0.1,0.0
song,,thr0.25,skip,uniform,stickiness=0,bigram_z,0.042222222222222223,0.0,0.1078055555555554,0.9201256874080294,0.8899096565745929,95.80303030303031,100.32121212121211,0.1,0.0
song,,thr0.25,skip,uniform,stickiness=0,observed_mean_slope,0.35555555555555557,0.21777777777777776,0.5000277777777776,0.9201256874080294,0.8899096565745929,95.80303030303031,100.32121212121211,0.1,0.0
song,,thr0.25,skip,uniform,stickiness=0,observed_mean_unit_types,0.08611111111111111,0.02775,0.16777777777777778,0.9201256874080294,0.8899096565745929,95.80303030303031,100.32121212121211,0.1,0.0
song,,thr0.25,skip,lognormal,stickiness=0,observed_mean_r2,0.6088888888888889,0.4588611111111111,0.7489166666666666,0.9201256874080294,0.9163872121595449,95.80303030303031,92.00363636363637,0.1,0.1
song,,thr0.25,skip,lognormal,stickiness=0,shuffle_z,0.4411111111111111,0.2988611111111111,0.5922222222222222,0.9201256874080294,0.9163872121595449,95.80303030303031,92.00363636363637,0.1,0.1
song,,thr0.25,skip,lognormal,stickiness=0,rotate_z,0.5366666666666666,0.3888888888888889,0.6777777777777778,0.9201256874080294,0.9163872121595449,95.80303030303031,92.00363636363637,0.1,0.1
song,,thr0.25,skip,lognormal,stickiness=0,bigram_z,0.34555555555555556,0.21,0.4900277777777776,0.9201256874080294,0.9163872121595449,95.80303030303031,92.00363636363637,0.1,0.1
song,,thr0.25,skip,lognormal,stickiness=0,observed_mean_slope,0.37333333333333335,0.23333333333333334,0.5189166666666665,0.9201256874080294,0.9163872121595449,95.80303030303031,92.00363636363637,0.1,0.1
song,,thr0.25,skip,lognormal,stickiness=0,observed_mean_unit_types,0.4083333333333333,0.26666666666666666,0.5528194444444442,0.9201256874080294,0.9163872121595449,95.80303030303031,92.00363636363637,0.1,0.1
song,,thr0.25,skip,geometric,stickiness=0,observed_mean_r2,0.6955555555555556,0.5566388888888889,0.8222499999999998,0.9201256874080294,0.9108707986377322,95.80303030303031,92.19454545454545,0.1,0.03333333333333333
song,,thr0.25,skip,geometric,stickiness=0,shuffle_z,0.28888888888888886,0.16777777777777778,0.4244722222222221,0.9201256874080294,0.9108707986377322,95.80303030303031,92.19454545454545,0.1,0.03333333333333333
song,,thr0.25,skip,geometric,stickiness=0,rotate_z,0.5277777777777778,0.37777777777777777,0.6766944444444443,0.9201256874080294,0.9108707986377322,95.80303030303031,92.19454545454545,0.1,0.03333333333333333
song,,thr0.25,skip,geometric,stickiness=0,bigram_z,0.18222222222222223,0.08,0.3,0.9201256874080294,0.9108707986377322,95.80303030303031,92.19454545454545,0.1,0.03333333333333333
song,,thr0.25,skip,geometric,stickiness=0,observed_mean_slope,0.33,0.19666666666666666,0.47444444444444445,0.9201256874080294,0.9108707986377322,95.80303030303031,92.19454545454545,0.1,0.03333333333333333
song,,thr0.25,skip,geometric,stickiness=0,observed_mean_unit_types,0.2688888888888889,0.14273611111111112,0.39447222222222206,0.9201256874080294,0.9108707986377322,95.80303030303031,92.19454545454545,0.1,0.03333333333333333
song,,thr0.25,skip,uniform,stickiness=0.8,observed_mean_r2,0.9,0.8111111111111111,0.9711111111111111,0.9060917224510529,0.8813307886846183,77.51818181818182,72.35575757575756,0.0,0.16666666666666666
song,,thr0.25,skip,uniform,stickiness=0.8,shuffle_z,0.24,0.13666666666666666,0.36336111111111097,0.9060917224510529,0.8813307886846183,77.51818181818182,72.35575757575756,0.0,0.16666666666666666
song,,thr0.25,skip,uniform,stickiness=0.8,rotate_z,0.18444444444444444,0.08555555555555555,0.30669444444444427,0.9060917224510529,0.8813307886846183,77.51818181818182,72.35575757575756,0.0,0.16666666666666666
song,,thr0.25,skip,uniform,stickiness=0.8,bigram_z,0.0011111111111111111,0.0,0.006666666666666667,0.9060917224510529,0.8813307886846183,77.51818181818182,72.35575757575756,0.0,0.16666666666666666
song,,thr0.25,skip,uniform,stickiness=0.8,observed_mean_slope,0.013333333333333334,0.0,0.035555555555555556,0.9060917224510529,0.8813307886846183,77.51818181818182,72.35575757575756,0.0,0.16666666666666666
song,,thr0.25,skip,uniform,stickiness=0.8,observed_mean_unit_types,0.027777777777777776,0.002194444444444446,0.07224999999999984,0.9060917224510529,0.8813307886846183,77.51818181818182,72.35575757575756,0.0,0.16666666666666666
song,,thr0.25,skip,lognormal,stickiness=0.8,observed_mean_r2,0.5044444444444445,0.35330555555555554,0.6600277777777777,0.9060917224510529,0.9066665528792783,77.51818181818182,74.97333333333331,0.0,0.0
song,,thr0.25,skip,lognormal,stickiness=0.8,shuffle_z,0.4166666666666667,0.27555555555555555,0.5544444444444444,0.9060917224510529,0.9066665528792783,77.51818181818182,74.97333333333331,0.0,0.0
song,,thr0.25,skip,lognormal,stickiness=0.8,rotate_z,0.47888888888888886,0.3277777777777778,0.63,0.9060917224510529,0.9066665528792783,77.51818181818182,74.97333333333331,0.0,0.0
song,,thr0.25,skip,lognormal,stickiness=0.8,bigram_z,0.3111111111111111,0.18108333333333335,0.4478055555555554,0.9060917224510529,0.9066665528792783,77.51818181818182,74.97333333333331,0.0,0.0
song,,thr0.25,skip,lognormal,stickiness=0.8,observed_mean_slope,0.28555555555555556,0.1655277777777778,0.42336111111111097,0.9060917224510529,0.9066665528792783,77.51818181818182,74.97333333333331,0.0,0.0
song,,thr0.25,skip,lognormal,stickiness=0.8,observed_mean_unit_types,0.5094444444444445,0.3594305555555556,0.6627916666666666,0.9060917224510529,0.9066665528792783,77.51818181818182,74.97333333333331,0.0,0.0
song,,thr0.25,skip,geometric,stickiness=0.8,observed_mean_r2,0.5955555555555555,0.4499722222222222,0.7322499999999998,0.9060917224510529,0.9029855283607195,77.51818181818182,71.65333333333334,0.0,0.06666666666666667
song,,thr0.25,skip,geometric,stickiness=0.8,shuffle_z,0.16777777777777778,0.07444444444444444,0.2811111111111111,0.9060917224510529,0.9029855283607195,77.51818181818182,71.65333333333334,0.0,0.06666666666666667
song,,thr0.25,skip,geometric,stickiness=0.8,rotate_z,0.2777777777777778,0.1511111111111111,0.4111388888888887,0.9060917224510529,0.9029855283607195,77.51818181818182,71.65333333333334,0.0,0.06666666666666667
song,,thr0.25,skip,geometric,stickiness=0.8,bigram_z,0.09666666666666666,0.02666666666666667,0.18224999999999986,0.9060917224510529,0.9029855283607195,77.51818181818182,71.65333333333334,0.0,0.06666666666666667
song,,thr0.25,skip,geometric,stickiness=0.8,observed_mean_slope,0.13444444444444445,0.05,0.2388888888888889,0.9060917224510529,0.9029855283607195,77.51818181818182,71.65333333333334,0.0,0.06666666666666667
song,,thr0.25,skip,geometric,stickiness=0.8,observed_mean_unit_types,0.3672222222222222,0.22555555555555556,0.516125,0.9060917224510529,0.9029855283607195,77.51818181818182,71.65333333333334,0.0,0.06666666666666667
song,,thr0.75,skip,uniform,stickiness=0,observed_mean_r2,1.0,1.0,1.0,0.8552323423980972,0.5919596432522728,297.23333333333335,327.44121212121206,0.0,0.0
song,,thr0.75,skip,uniform,stickiness=0,shuffle_z,1.0,1.0,1.0,0.8552323423980972,0.5919596432522728,297.23333333333335,327.44121212121206,0.0,0.0
song,,thr0.75,skip,uniform,stickiness=0,rotate_z,1.0,1.0,1.0,0.8552323423980972,0.5919596432522728,297.23333333333335,327.44121212121206,0.0,0.0
song,,thr0.75,skip,uniform,stickiness=0,bigram_z,1.0,1.0,1.0,0.8552323423980972,0.5919596432522728,297.23333333333335,327.44121212121206,0.0,0.0
song,,thr0.75,skip,uniform,stickiness=0,observed_mean_slope,0.0,0.0,0.0,0.8552323423980972,0.5919596432522728,297.23333333333335,327.44121212121206,0.0,0.0
song,,thr0.75,skip,uniform,stickiness=0,observed_mean_unit_types,0.98,0.9444444444444444,1.0,0.8552323423980972,0.5919596432522728,297.23333333333335,327.44121212121206,0.0,0.0
song,,thr0.75,skip,lognormal,stickiness=0,observed_mean_r2,0.7822222222222223,0.6521944444444445,0.8933333333333333,0.8552323423980972,0.8325481097511129,297.23333333333335,301.7806060606061,0.0,0.0
song,,thr0.75,skip,lognormal,stickiness=0,shuffle_z,0.5955555555555555,0.4410833333333333,0.736722222222222,0.8552323423980972,0.8325481097511129,297.23333333333335,301.7806060606061,0.0,0.0
song,,thr0.75,skip,lognormal,stickiness=0,rotate_z,0.5833333333333334,0.43222222222222223,0.7266944444444443,0.8552323423980972,0.8325481097511129,297.23333333333335,301.7806060606061,0.0,0.0
song,,thr0.75,skip,lognormal,stickiness=0,bigram_z,0.7044444444444444,0.5688333333333333,0.8255555555555556,0.8552323423980972,0.8325481097511129,297.23333333333335,301.7806060606061,0.0,0.0
song,,thr0.75,skip,lognormal,stickiness=0,observed_mean_slope,0.6955555555555556,0.5521944444444444,0.8211111111111111,0.8552323423980972,0.8325481097511129,297.23333333333335,301.7806060606061,0.0,0.0
song,,thr0.75,skip,lognormal,stickiness=0,observed_mean_unit_types,0.7122222222222222,0.5722222222222222,0.835,0.8552323423980972,0.8325481097511129,297.23333333333335,301.7806060606061,0.0,0.0
song,,thr0.75,skip,geometric,stickiness=0,observed_mean_r2,0.9688888888888889,0.9277777777777778,0.9966666666666667,0.8552323423980972,0.8165718516867326,297.23333333333335,317.39575757575756,0.0,0.0
song,,thr0.75,skip,geometric,stickiness=0,shuffle_z,0.7188888888888889,0.5810833333333334,0.8355833333333332,0.8552323423980972,0.8165718516867326,297.23333333333335,317.39575757575756,0.0,0.0
song,,thr0.75,skip,geometric,stickiness=0,rotate_z,0.7377777777777778,0.6022222222222222,0.8589166666666666,0.8552323423980972,0.8165718516867326,297.23333333333335,317.39575757575756,0.0,0.0
song,,thr0.75,skip,geometric,stickiness=0,bigram_z,0.89,0.7966666666666666,0.9600277777777776,0.8552323423980972,0.8165718516867326,297.23333333333335,317.39575757575756,0.0,0.0
song,,thr0.75,skip,geometric,stickiness=0,observed_mean_slope,0.7155555555555555,0.5777777777777777,0.8366944444444443,0.8552323423980972,0.8165718516867326,297.23333333333335,317.39575757575756,0.0,0.0
song,,thr0.75,skip,geometric,stickiness=0,observed_mean_unit_types,0.8122222222222222,0.6960694444444444,0.9100277777777777,0.8552323423980972,0.8165718516867326,297.23333333333335,317.39575757575756,0.0,0.0
song,,thr0.75,skip,uniform,stickiness=0.8,observed_mean_r2,1.0,1.0,1.0,0.8690672150113682,0.7130684664142598,271.66545454545457,303.5375757575757,0.0,0.0
song,,thr0.75,skip,uniform,stickiness=0.8,shuffle_z,1.0,1.0,1.0,0.8690672150113682,0.7130684664142598,271.66545454545457,303.5375757575757,0.0,0.0
song,,thr0.75,skip,uniform,stickiness=0.8,rotate_z,0.9988888888888889,0.9933333333333333,1.0,0.8690672150113682,0.7130684664142598,271.66545454545457,303.5375757575757,0.0,0.0
song,,thr0.75,skip,uniform,stickiness=0.8,bigram_z,1.0,1.0,1.0,0.8690672150113682,0.7130684664142598,271.66545454545457,303.5375757575757,0.0,0.0
song,,thr0.75,skip,uniform,stickiness=0.8,observed_mean_slope,0.014444444444444444,0.0,0.042222222222222223,0.8690672150113682,0.7130684664142598,271.66545454545457,303.5375757575757,0.0,0.0
song,,thr0.75,skip,uniform,stickiness=0.8,observed_mean_unit_types,0.8255555555555556,0.7133333333333334,0.9278055555555554,0.8690672150113682,0.7130684664142598,271.66545454545457,303.5375757575757,0.0,0.0
song,,thr0.75,skip,lognormal,stickiness=0.8,observed_mean_r2,0.6711111111111111,0.5188888888888888,0.8011111111111111,0.8690672150113682,0.8581343383289298,271.66545454545457,294.5672727272727,0.0,0.0
song,,thr0.75,skip,lognormal,stickiness=0.8,shuffle_z,0.49,0.33555555555555555,0.6466666666666666,0.8690672150113682,0.8581343383289298,271.66545454545457,294.5672727272727,0.0,0.0
song,,thr0.75,skip,lognormal,stickiness=0.8,rotate_z,0.3488888888888889,0.2111111111111111,0.5033333333333333,0.8690672150113682,0.8581343383289298,271.66545454545457,294.5672727272727,0.0,0.0
song,,thr0.75,skip,lognormal,stickiness=0.8,bigram_z,0.4722222222222222,0.31775,0.6189722222222218,0.8690672150113682,0.8581343383289298,271.66545454545457,294.5672727272727,0.0,0.0
song,,thr0.75,skip,lognormal,stickiness=0.8,observed_mean_slope,0.8233333333333334,0.7055555555555556,0.9288888888888889,0.8690672150113682,0.8581343383289298,271.66545454545457,294.5672727272727,0.0,0.0
song,,thr0.75,skip,lognormal,stickiness=0.8,observed_mean_unit_types,0.7666666666666667,0.6416527777777778,0.8811527777777776,0.8690672150113682,0.8581343383289298,271.66545454545457,294.5672727272727,0.0,0.0
song,,thr0.75,skip,geometric,stickiness=0.8,observed_mean_r2,0.9444444444444444,0.8811111111111111,0.9911111111111112,0.8690672150113682,0.8432369121316236,271.66545454545457,297.9466666666666,0.0,0.0
song,,thr0.75,skip,geometric,stickiness=0.8,shuffle_z,0.5611111111111111,0.40552777777777776,0.7066666666666667,0.8690672150113682,0.8432369121316236,271.66545454545457,297.9466666666666,0.0,0.0
song,,thr0.75,skip,geometric,stickiness=0.8,rotate_z,0.28,0.1566388888888889,0.41333333333333333,0.8690672150113682,0.8432369121316236,271.66545454545457,297.9466666666666,0.0,0.0
song,,thr0.75,skip,geometric,stickiness=0.8,bigram_z,0.6255555555555555,0.47888888888888886,0.7611111111111111,0.8690672150113682,0.8432369121316236,271.66545454545457,297.9466666666666,0.0,0.0
song,,thr0.75,skip,geometric,stickiness=0.8,observed_mean_slope,0.7966666666666666,0.6788888888888889,0.9000277777777776,0.8690672150113682,0.8432369121316236,271.66545454545457,297.9466666666666,0.0,0.0
song,,thr0.75,skip,geometric,stickiness=0.8,observed_mean_unit_types,0.8083333333333333,0.6811111111111111,0.9133472222222221,0.8690672150113682,0.8432369121316236,271.66545454545457,297.9466666666666,0.0,0.0
song,,variants2,skip,uniform,stickiness=0,observed_mean_r2,0.9977777777777778,0.9888888888888889,1.0,0.8999470143876016,0.8097617630880858,169.29454545454544,207.96060606060607,0.0,0.0
song,,variants2,skip,uniform,stickiness=0,shuffle_z,0.8566666666666667,0.75,0.9377777777777778,0.8999470143876016,0.8097617630880858,169.29454545454544,207.96060606060607,0.0,0.0
song,,variants2,skip,uniform,stickiness=0,rotate_z,0.9155555555555556,0.8366666666666667,0.9744444444444444,0.8999470143876016,0.8097617630880858,169.29454545454544,207.96060606060607,0.0,0.0
song,,variants2,skip,uniform,stickiness=0,bigram_z,0.7611111111111111,0.6299444444444444,0.8800277777777776,0.8999470143876016,0.8097617630880858,169.29454545454544,207.96060606060607,0.0,0.0
song,,variants2,skip,uniform,stickiness=0,observed_mean_slope,0.8755555555555555,0.7733055555555556,0.9533333333333334,0.8999470143876016,0.8097617630880858,169.29454545454544,207.96060606060607,0.0,0.0
song,,variants2,skip,uniform,stickiness=0,observed_mean_unit_types,0.7861111111111111,0.6572222222222223,0.9033333333333333,0.8999470143876016,0.8097617630880858,169.29454545454544,207.96060606060607,0.0,0.0
song,,variants2,skip,lognormal,stickiness=0,observed_mean_r2,0.30333333333333334,0.1666111111111111,0.45,0.8999470143876016,0.9078971229774596,169.29454545454544,174.26606060606056,0.0,0.0
song,,variants2,skip,lognormal,stickiness=0,shuffle_z,0.24222222222222223,0.12666666666666668,0.3788888888888889,0.8999470143876016,0.9078971229774596,169.29454545454544,174.26606060606056,0.0,0.0
song,,variants2,skip,lognormal,stickiness=0,rotate_z,0.28888888888888886,0.16111111111111112,0.4288888888888889,0.8999470143876016,0.9078971229774596,169.29454545454544,174.26606060606056,0.0,0.0
song,,variants2,skip,lognormal,stickiness=0,bigram_z,0.3377777777777778,0.19555555555555557,0.4777777777777778,0.8999470143876016,0.9078971229774596,169.29454545454544,174.26606060606056,0.0,0.0
song,,variants2,skip,lognormal,stickiness=0,observed_mean_slope,0.6555555555555556,0.5133055555555556,0.79,0.8999470143876016,0.9078971229774596,169.29454545454544,174.26606060606056,0.0,0.0
song,,variants2,skip,lognormal,stickiness=0,observed_mean_unit_types,0.565,0.42277777777777775,0.7105694444444444,0.8999470143876016,0.9078971229774596,169.29454545454544,174.26606060606056,0.0,0.0
song,,variants2,skip,geometric,stickiness=0,observed_mean_r2,0.36444444444444446,0.21888888888888888,0.5122222222222222,0.8999470143876016,0.9055219412959056,169.29454545454544,184.37696969696967,0.0,0.0
song,,variants2,skip,geometric,stickiness=0,shuffle_z,0.22333333333333333,0.11333333333333333,0.3578055555555554,0.8999470143876016,0.9055219412959056,169.29454545454544,184.37696969696967,0.0,0.0
song,,variants2,skip,geometric,stickiness=0,rotate_z,0.34555555555555556,0.20222222222222222,0.4855555555555556,0.8999470143876016,0.9055219412959056,169.29454545454544,184.37696969696967,0.0,0.0
song,,variants2,skip,geometric,stickiness=0,bigram_z,0.43777777777777777,0.30441666666666667,0.5888888888888889,0.8999470143876016,0.9055219412959056,169.29454545454544,184.37696969696967,0.0,0.0
song,,variants2,skip,geometric,stickiness=0,observed_mean_slope,0.8288888888888889,0.7121944444444445,0.9211111111111111,0.8999470143876016,0.9055219412959056,169.29454545454544,184.37696969696967,0.0,0.0
song,,variants2,skip,geometric,stickiness=0,observed_mean_unit_types,0.67,0.5249861111111112,0.8005694444444443,0.8999470143876016,0.9055219412959056,169.29454545454544,184.37696969696967,0.0,0.0
song,,variants2,skip,uniform,stickiness=0.8,observed_mean_r2,0.9266666666666666,0.8610833333333334,0.9777777777777777,0.9190512175058994,0.8947614237831478,159.31030303030306,185.49575757575758,0.0,0.0
song,,variants2,skip,uniform,stickiness=0.8,shuffle_z,0.5233333333333333,0.37,0.6733333333333333,0.9190512175058994,0.8947614237831478,159.31030303030306,185.49575757575758,0.0,0.0
song,,variants2,skip,uniform,stickiness=0.8,rotate_z,0.43777777777777777,0.29441666666666666,0.5877777777777777,0.9190512175058994,0.8947614237831478,159.31030303030306,185.49575757575758,0.0,0.0
song,,variants2,skip,uniform,stickiness=0.8,bigram_z,0.21333333333333335,0.10555555555555556,0.3422222222222222,0.9190512175058994,0.8947614237831478,159.31030303030306,185.49575757575758,0.0,0.0
song,,variants2,skip,uniform,stickiness=0.8,observed_mean_slope,0.8866666666666667,0.7977500000000001,0.9566944444444443,0.9190512175058994,0.8947614237831478,159.31030303030306,185.49575757575758,0.0,0.0
song,,variants2,skip,uniform,stickiness=0.8,observed_mean_unit_types,0.5844444444444444,0.43222222222222223,0.7289027777777777,0.9190512175058994,0.8947614237831478,159.31030303030306,185.49575757575758,0.0,0.0
song,,variants2,skip,lognormal,stickiness=0.8,observed_mean_r2,0.2388888888888889,0.11444444444444445,0.36669444444444427,0.9190512175058994,0.9280436394766151,159.31030303030306,161.7090909090909,0.0,0.0
song,,variants2,skip,lognormal,stickiness=0.8,shuffle_z,0.3566666666666667,0.22333333333333333,0.5078055555555554,0.9190512175058994,0.9280436394766151,159.31030303030306,161.7090909090909,0.0,0.0
song,,variants2,skip,lognormal,stickiness=0.8,rotate_z,0.18888888888888888,0.08777777777777777,0.2989166666666665,0.9190512175058994,0.9280436394766151,159.31030303030306,161.7090909090909,0.0,0.0
song,,variants2,skip,lognormal,stickiness=0.8,bigram_z,0.3088888888888889,0.18,0.45222222222222225,0.9190512175058994,0.9280436394766151,159.31030303030306,161.7090909090909,0.0,0.0
song,,variants2,skip,lognormal,stickiness=0.8,observed_mean_slope,0.6377777777777778,0.4888611111111111,0.7677777777777778,0.9190512175058994,0.9280436394766151,159.31030303030306,161.7090909090909,0.0,0.0
song,,variants2,skip,lognormal,stickiness=0.8,observed_mean_unit_types,0.6594444444444445,0.5188611111111111,0.7883749999999998,0.9190512175058994,0.9280436394766151,159.31030303030306,161.7090909090909,0.0,0.0
song,,variants2,skip,geometric,stickiness=0.8,observed_mean_r2,0.16777777777777778,0.07219444444444444,0.28336111111111095,0.9190512175058994,0.9334156880461212,159.31030303030306,168.67575757575756,0.0,0.0
song,,variants2,skip,geometric,stickiness=0.8,shuffle_z,0.22555555555555556,0.11222222222222222,0.35333333333333333,0.9190512175058994,0.9334156880461212,159.31030303030306,168.67575757575756,0.0,0.0
song,,variants2,skip,geometric,stickiness=0.8,rotate_z,0.09777777777777778,0.02666666666666667,0.1866944444444443,0.9190512175058994,0.9334156880461212,159.31030303030306,168.67575757575756,0.0,0.0
song,,variants2,skip,geometric,stickiness=0.8,bigram_z,0.2288888888888889,0.11219444444444444,0.3611111111111111,0.9190512175058994,0.9334156880461212,159.31030303030306,168.67575757575756,0.0,0.0
song,,variants2,skip,geometric,stickiness=0.8,observed_mean_slope,0.6622222222222223,0.5232777777777777,0.7944444444444444,0.9190512175058994,0.9334156880461212,159.31030303030306,168.67575757575756,0.0,0.0
song,,variants2,skip,geometric,stickiness=0.8,observed_mean_unit_types,0.6033333333333334,0.4566527777777778,0.7461111111111111,0.9190512175058994,0.9334156880461212,159.31030303030306,168.67575757575756,0.0,0.0
song,,variants5,skip,uniform,stickiness=0,observed_mean_r2,1.0,1.0,1.0,0.9228051158157887,0.8066376612674273,199.8648484848485,221.2072727272727,0.0,0.0
song,,variants5,skip,uniform,stickiness=0,shuffle_z,0.9788888888888889,0.9477500000000001,0.9988888888888889,0.9228051158157887,0.8066376612674273,199.8648484848485,221.2072727272727,0.0,0.0
song,,variants5,skip,uniform,stickiness=0,rotate_z,0.9955555555555555,0.9822222222222222,1.0,0.9228051158157887,0.8066376612674273,199.8648484848485,221.2072727272727,0.0,0.0
song,,variants5,skip,uniform,stickiness=0,bigram_z,0.94,0.87775,0.9833333333333333,0.9228051158157887,0.8066376612674273,199.8648484848485,221.2072727272727,0.0,0.0
song,,variants5,skip,uniform,stickiness=0,observed_mean_slope,0.74,0.6066666666666667,0.8544722222222221,0.9228051158157887,0.8066376612674273,199.8648484848485,221.2072727272727,0.0,0.0
song,,variants5,skip,uniform,stickiness=0,observed_mean_unit_types,0.9455555555555556,0.8855555555555555,0.9855555555555555,0.9228051158157887,0.8066376612674273,199.8648484848485,221.2072727272727,0.0,0.0
song,,variants5,skip,lognormal,stickiness=0,observed_mean_r2,0.7755555555555556,0.6477777777777778,0.8855555555555555,0.9228051158157887,0.912705966279653,199.8648484848485,210.62121212121215,0.0,0.0
song,,variants5,skip,lognormal,stickiness=0,shuffle_z,0.4166666666666667,0.27111111111111114,0.563361111111111,0.9228051158157887,0.912705966279653,199.8648484848485,210.62121212121215,0.0,0.0
song,,variants5,skip,lognormal,stickiness=0,rotate_z,0.5722222222222222,0.42333333333333334,0.7144722222222221,0.9228051158157887,0.912705966279653,199.8648484848485,210.62121212121215,0.0,0.0
song,,variants5,skip,lognormal,stickiness=0,bigram_z,0.5088888888888888,0.3510833333333333,0.653361111111111,0.9228051158157887,0.912705966279653,199.8648484848485,210.62121212121215,0.0,0.0
song,,variants5,skip,lognormal,stickiness=0,observed_mean_slope,0.9077777777777778,0.8266666666666667,0.9677777777777777,0.9228051158157887,0.912705966279653,199.8648484848485,210.62121212121215,0.0,0.0
song,,variants5,skip,lognormal,stickiness=0,observed_mean_unit_types,0.8188888888888889,0.7077222222222221,0.917236111111111,0.9228051158157887,0.912705966279653,199.8648484848485,210.62121212121215,0.0,0.0
song,,variants5,skip,geometric,stickiness=0,observed_mean_r2,0.9155555555555556,0.8388888888888889,0.9755833333333331,0.9228051158157887,0.9070346607605175,199.8648484848485,221.5709090909091,0.0,0.0
song,,variants5,skip,geometric,stickiness=0,shuffle_z,0.47888888888888886,0.33552777777777776,0.6288888888888889,0.9228051158157887,0.9070346607605175,199.8648484848485,221.5709090909091,0.0,0.0
song,,variants5,skip,geometric,stickiness=0,rotate_z,0.6222222222222222,0.48,0.7600555555555553,0.9228051158157887,0.9070346607605175,199.8648484848485,221.5709090909091,0.0,0.0
song,,variants5,skip,geometric,stickiness=0,bigram_z,0.4711111111111111,0.31552777777777774,0.6188888888888889,0.9228051158157887,0.9070346607605175,199.8648484848485,221.5709090909091,0.0,0.0
song,,variants5,skip,geometric,stickiness=0,observed_mean_slope,0.98,0.9477777777777778,1.0,0.9228051158157887,0.9070346607605175,199.8648484848485,221.5709090909091,0.0,0.0
song,,variants5,skip,geometric,stickiness=0,observed_mean_unit_types,0.82,0.7049861111111111,0.9188888888888889,0.9228051158157887,0.9070346607605175,199.8648484848485,221.5709090909091,0.0,0.0
song,,variants5,skip,uniform,stickiness=0.8,observed_mean_r2,1.0,1.0,1.0,0.9320821183978263,0.9095319746792339,164.7666666666667,165.09636363636363,0.0,0.03333333333333333
song,,variants5,skip,uniform,stickiness=0.8,shuffle_z,0.33,0.20108333333333334,0.4711388888888887,0.9320821183978263,0.9095319746792339,164.7666666666667,165.09636363636363,0.0,0.03333333333333333
song,,variants5,skip,uniform,stickiness=0.8,rotate_z,0.21222222222222223,0.1111111111111111,0.3322499999999998,0.9320821183978263,0.9095319746792339,164.7666666666667,165.09636363636363,0.0,0.03333333333333333
song,,variants5,skip,uniform,stickiness=0.8,bigram_z,0.0,0.0,0.0,0.9320821183978263,0.9095319746792339,164.7666666666667,165.09636363636363,0.0,0.03333333333333333
song,,variants5,skip,uniform,stickiness=0.8,observed_mean_slope,0.4666666666666667,0.3188888888888889,0.6188888888888889,0.9320821183978263,0.9095319746792339,164.7666666666667,165.09636363636363,0.0,0.03333333333333333
song,,variants5,skip,uniform,stickiness=0.8,observed_mean_unit_types,0.0033333333333333335,0.0,0.013333333333333334,0.9320821183978263,0.9095319746792339,164.7666666666667,165.09636363636363,0.0,0.03333333333333333
song,,variants5,skip,lognormal,stickiness=0.8,observed_mean_r2,0.38,0.23777777777777778,0.5344722222222221,0.9320821183978263,0.935040691762482,164.7666666666667,175.16909090909087,0.0,0.06666666666666667
song,,variants5,skip,lognormal,stickiness=0.8,shuffle_z,0.3433333333333333,0.1988888888888889,0.4878055555555554,0.9320821183978263,0.935040691762482,164.7666666666667,175.16909090909087,0.0,0.06666666666666667
song,,variants5,skip,lognormal,stickiness=0.8,rotate_z,0.2688888888888889,0.14666666666666667,0.4011111111111111,0.9320821183978263,0.935040691762482,164.7666666666667,175.16909090909087,0.0,0.06666666666666667
song,,variants5,skip,lognormal,stickiness=0.8,bigram_z,0.19,0.09888888888888889,0.3011111111111111,0.9320821183978263,0.935040691762482,164.7666666666667,175.16909090909087,0.0,0.06666666666666667
song,,variants5,skip,lognormal,stickiness=0.8,observed_mean_slope,0.79,0.6655277777777778,0.89,0.9320821183978263,0.935040691762482,164.7666666666667,175.16909090909087,0.0,0.06666666666666667
song,,variants5,skip,lognormal,stickiness=0.8,observed_mean_unit_types,0.5777777777777777,0.42830555555555555,0.717236111111111,0.9320821183978263,0.935040691762482,164.7666666666667,175.16909090909087,0.0,0.06666666666666667
song,,variants5,skip,geometric,stickiness=0.8,observed_mean_r2,0.36444444444444446,0.2243888888888889,0.5111388888888887,0.9320821183978263,0.9351874309932603,164.7666666666667,174.83212121212122,0.0,0.06666666666666667
song,,variants5,skip,geometric,stickiness=0.8,shuffle_z,0.2088888888888889,0.10333333333333333,0.3277777777777778,0.9320821183978263,0.9351874309932603,164.7666666666667,174.83212121212122,0.0,0.06666666666666667
song,,variants5,skip,geometric,stickiness=0.8,rotate_z,0.10444444444444445,0.03222222222222222,0.19333333333333333,0.9320821183978263,0.9351874309932603,164.7666666666667,174.83212121212122,0.0,0.06666666666666667
song,,variants5,skip,geometric,stickiness=0.8,bigram_z,0.05555555555555555,0.012194444444444447,0.1178055555555554,0.9320821183978263,0.9351874309932603,164.7666666666667,174.83212121212122,0.0,0.06666666666666667
song,,variants5,skip,geometric,stickiness=0.8,observed_mean_slope,0.8922222222222222,0.7999444444444445,0.9644444444444444,0.9320821183978263,0.9351874309932603,164.7666666666667,174.83212121212122,0.0,0.06666666666666667
song,,variants5,skip,geometric,stickiness=0.8,observed_mean_unit_types,0.49666666666666665,0.35555555555555557,0.6483472222222221,0.9320821183978263,0.9351874309932603,164.7666666666667,174.83212121212122,0.0,0.06666666666666667
song,,zipfexp0.8,skip,uniform,stickiness=0,observed_mean_r2,0.9988888888888889,0.9933333333333333,1.0,0.8832832185110548,0.7964210642779468,205.02606060606058,219.49757575757576,0.0,0.0
song,,zipfexp0.8,skip,uniform,stickiness=0,shuffle_z,0.9233333333333333,0.8422222222222222,0.9833333333333333,0.8832832185110548,0.7964210642779468,205.02606060606058,219.49757575757576,0.0,0.0
song,,zipfexp0.8,skip,uniform,stickiness=0,rotate_z,0.8455555555555555,0.7433333333333333,0.9344444444444444,0.8832832185110548,0.7964210642779468,205.02606060606058,219.49757575757576,0.0,0.0
song,,zipfexp0.8,skip,uniform,stickiness=0,bigram_z,0.6511111111111111,0.5021666666666667,0.783361111111111,0.8832832185110548,0.7964210642779468,205.02606060606058,219.49757575757576,0.0,0.0
song,,zipfexp0.8,skip,uniform,stickiness=0,observed_mean_slope,0.7022222222222222,0.5633333333333334,0.824472222222222,0.8832832185110548,0.7964210642779468,205.02606060606058,219.49757575757576,0.0,0.0
song,,zipfexp0.8,skip,uniform,stickiness=0,observed_mean_unit_types,0.81,0.6855,0.91,0.8832832185110548,0.7964210642779468,205.02606060606058,219.49757575757576,0.0,0.0
song,,zipfexp0.8,skip,lognormal,stickiness=0,observed_mean_r2,0.16,0.06219444444444444,0.2677777777777778,0.8832832185110548,0.9059387516150521,205.02606060606058,192.93636363636364,0.0,0.0
song,,zipfexp0.8,skip,lognormal,stickiness=0,shuffle_z,0.27666666666666667,0.15222222222222223,0.4144999999999997,0.8832832185110548,0.9059387516150521,205.02606060606058,192.93636363636364,0.0,0.0
song,,zipfexp0.8,skip,lognormal,stickiness=0,rotate_z,0.19333333333333333,0.09222222222222222,0.3044722222222221,0.8832832185110548,0.9059387516150521,205.02606060606058,192.93636363636364,0.0,0.0
song,,zipfexp0.8,skip,lognormal,stickiness=0,bigram_z,0.22111111111111112,0.10777777777777778,0.35555555555555557,0.8832832185110548,0.9059387516150521,205.02606060606058,192.93636363636364,0.0,0.0
song,,zipfexp0.8,skip,lognormal,stickiness=0,observed_mean_slope,0.6388888888888888,0.49333333333333335,0.7689166666666665,0.8832832185110548,0.9059387516150521,205.02606060606058,192.93636363636364,0.0,0.0
song,,zipfexp0.8,skip,lognormal,stickiness=0,observed_mean_unit_types,0.525,0.3749722222222222,0.6733333333333333,0.8832832185110548,0.9059387516150521,205.02606060606058,192.93636363636364,0.0,0.0
song,,zipfexp0.8,skip,geometric,stickiness=0,observed_mean_r2,0.21333333333333335,0.09777777777777778,0.35005555555555523,0.8832832185110548,0.9000185735117552,205.02606060606058,204.64181818181817,0.0,0.0
song,,zipfexp0.8,skip,geometric,stickiness=0,shuffle_z,0.18777777777777777,0.08438888888888889,0.3088888888888889,0.8832832185110548,0.9000185735117552,205.02606060606058,204.64181818181817,0.0,0.0
song,,zipfexp0.8,skip,geometric,stickiness=0,rotate_z,0.24666666666666667,0.13330555555555557,0.3789166666666665,0.8832832185110548,0.9000185735117552,205.02606060606058,204.64181818181817,0.0,0.0
song,,zipfexp0.8,skip,geometric,stickiness=0,bigram_z,0.23333333333333334,0.11886111111111111,0.36444444444444446,0.8832832185110548,0.9000185735117552,205.02606060606058,204.64181818181817,0.0,0.0
song,,zipfexp0.8,skip,geometric,stickiness=0,observed_mean_slope,0.8277777777777777,0.7133055555555556,0.9255555555555556,0.8832832185110548,0.9000185735117552,205.02606060606058,204.64181818181817,0.0,0.0
song,,zipfexp0.8,skip,geometric,stickiness=0,observed_mean_unit_types,0.5755555555555556,0.4199583333333333,0.7183333333333334,0.8832832185110548,0.9000185735117552,205.02606060606058,204.64181818181817,0.0,0.0
song,,zipfexp0.8,skip,uniform,stickiness=0.8,observed_mean_r2,0.8533333333333334,0.7522222222222222,0.9388888888888889,0.9197170546382197,0.9026607271220796,170.87515151515152,176.58545454545455,0.0,0.0
song,,zipfexp0.8,skip,uniform,stickiness=0.8,shuffle_z,0.37666666666666665,0.23775000000000002,0.5233333333333333,0.9197170546382197,0.9026607271220796,170.87515151515152,176.58545454545455,0.0,0.0
song,,zipfexp0.8,skip,uniform,stickiness=0.8,rotate_z,0.4022222222222222,0.25552777777777774,0.5522222222222222,0.9197170546382197,0.9026607271220796,170.87515151515152,176.58545454545455,0.0,0.0
song,,zipfexp0.8,skip,uniform,stickiness=0.8,bigram_z,0.09444444444444444,0.022194444444444447,0.19111111111111112,0.9197170546382197,0.9026607271220796,170.87515151515152,176.58545454545455,0.0,0.0
song,,zipfexp0.8,skip,uniform,stickiness=0.8,observed_mean_slope,0.7033333333333334,0.5633055555555556,0.8355833333333332,0.9197170546382197,0.9026607271220796,170.87515151515152,176.58545454545455,0.0,0.0
song,,zipfexp0.8,skip,uniform,stickiness=0.8,observed_mean_unit_types,0.3433333333333333,0.20831944444444445,0.492833333333333,0.9197170546382197,0.9026607271220796,170.87515151515152,176.58545454545455,0.0,0.0
song,,zipfexp0.8,skip,lognormal,stickiness=0.8,observed_mean_r2,0.18333333333333332,0.08772222222222222,0.3,0.9197170546382197,0.9333672000875821,170.87515151515152,175.78242424242418,0.0,0.0
song,,zipfexp0.8,skip,lognormal,stickiness=0.8,shuffle_z,0.39111111111111113,0.2477777777777778,0.5355555555555556,0.9197170546382197,0.9333672000875821,170.87515151515152,175.78242424242418,0.0,0.0
song,,zipfexp0.8,skip,lognormal,stickiness=0.8,rotate_z,0.2822222222222222,0.16444444444444445,0.41780555555555543,0.9197170546382197,0.9333672000875821,170.87515151515152,175.78242424242418,0.0,0.0
song,,zipfexp0.8,skip,lognormal,stickiness=0.8,bigram_z,0.35444444444444445,0.21888888888888888,0.5,0.9197170546382197,0.9333672000875821,170.87515151515152,175.78242424242418,0.0,0.0
song,,zipfexp0.8,skip,lognormal,stickiness=0.8,observed_mean_slope,0.6855555555555556,0.5455277777777778,0.8200555555555552,0.9197170546382197,0.9333672000875821,170.87515151515152,175.78242424242418,0.0,0.0
song,,zipfexp0.8,skip,lognormal,stickiness=0.8,observed_mean_unit_types,0.6994444444444444,0.5583333333333333,0.8266805555555554,0.9197170546382197,0.9333672000875821,170.87515151515152,175.78242424242418,0.0,0.0
song,,zipfexp0.8,skip,geometric,stickiness=0.8,observed_mean_r2,0.19555555555555557,0.09666666666666666,0.31777777777777777,0.9197170546382197,0.9324662873719379,170.87515151515152,176.63696969696971,0.0,0.0
song,,zipfexp0.8,skip,geometric,stickiness=0.8,shuffle_z,0.27555555555555555,0.15444444444444444,0.41333333333333333,0.9197170546382197,0.9324662873719379,170.87515151515152,176.63696969696971,0.0,0.0
song,,zipfexp0.8,skip,geometric,stickiness=0.8,rotate_z,0.21,0.10333333333333333,0.3289166666666665,0.9197170546382197,0.9324662873719379,170.87515151515152,176.63696969696971,0.0,0.0
song,,zipfexp0.8,skip,geometric,stickiness=0.8,bigram_z,0.26555555555555554,0.14444444444444443,0.3977777777777778,0.9197170546382197,0.9324662873719379,170.87515151515152,176.63696969696971,0.0,0.0
song,,zipfexp0.8,skip,geometric,stickiness=0.8,observed_mean_slope,0.7766666666666666,0.6488611111111111,0.8822222222222222,0.9197170546382197,0.9324662873719379,170.87515151515152,176.63696969696971,0.0,0.0
song,,zipfexp0.8,skip,geometric,stickiness=0.8,observed_mean_unit_types,0.7188888888888889,0.585,0.8433472222222221,0.9197170546382197,0.9324662873719379,170.87515151515152,176.63696969696971,0.0,0.0
song,,zipfexp1.2,skip,uniform,stickiness=0,observed_mean_r2,1.0,1.0,1.0,0.9231734248457172,0.7964210642779468,172.6848484848485,219.49757575757576,0.0,0.0
song,,zipfexp1.2,skip,uniform,stickiness=0,shuffle_z,0.9544444444444444,0.89,0.9989166666666666,0.9231734248457172,0.7964210642779468,172.6848484848485,219.49757575757576,0.0,0.0
song,,zipfexp1.2,skip,uniform,stickiness=0,rotate_z,0.9988888888888889,0.9933333333333333,1.0,0.9231734248457172,0.7964210642779468,172.6848484848485,219.49757575757576,0.0,0.0
song,,zipfexp1.2,skip,uniform,stickiness=0,bigram_z,0.9477777777777778,0.8810555555555555,0.9944444444444445,0.9231734248457172,0.7964210642779468,172.6848484848485,219.49757575757576,0.0,0.0
song,,zipfexp1.2,skip,uniform,stickiness=0,observed_mean_slope,0.9844444444444445,0.9466666666666667,1.0,0.9231734248457172,0.7964210642779468,172.6848484848485,219.49757575757576,0.0,0.0
song,,zipfexp1.2,skip,uniform,stickiness=0,observed_mean_unit_types,0.9455555555555556,0.8855277777777778,0.9866666666666667,0.9231734248457172,0.7964210642779468,172.6848484848485,219.49757575757576,0.0,0.0
song,,zipfexp1.2,skip,lognormal,stickiness=0,observed_mean_r2,0.8555555555555555,0.7466666666666667,0.943361111111111,0.9231734248457172,0.9059387516150521,172.6848484848485,192.93636363636364,0.0,0.0
song,,zipfexp1.2,skip,lognormal,stickiness=0,shuffle_z,0.3244444444444444,0.18327777777777776,0.4677777777777778,0.9231734248457172,0.9059387516150521,172.6848484848485,192.93636363636364,0.0,0.0
song,,zipfexp1.2,skip,lognormal,stickiness=0,rotate_z,0.7588888888888888,0.6255555555555555,0.8711111111111111,0.9231734248457172,0.9059387516150521,172.6848484848485,192.93636363636364,0.0,0.0
song,,zipfexp1.2,skip,lognormal,stickiness=0,bigram_z,0.7977777777777778,0.6644166666666667,0.9,0.9231734248457172,0.9059387516150521,172.6848484848485,192.93636363636364,0.0,0.0
song,,zipfexp1.2,skip,lognormal,stickiness=0,observed_mean_slope,0.9611111111111111,0.9088888888888889,0.9955555555555555,0.9231734248457172,0.9059387516150521,172.6848484848485,192.93636363636364,0.0,0.0
song,,zipfexp1.2,skip,lognormal,stickiness=0,observed_mean_unit_types,0.825,0.7033194444444445,0.9161111111111111,0.9231734248457172,0.9059387516150521,172.6848484848485,192.93636363636364,0.0,0.0
song,,zipfexp1.2,skip,geometric,stickiness=0,observed_mean_r2,0.92,0.8399722222222222,0.9811111111111112,0.9231734248457172,0.9000185735117552,172.6848484848485,204.64181818181817,0.0,0.0
song,,zipfexp1.2,skip,geometric,stickiness=0,shuffle_z,0.21888888888888888,0.10444444444444445,0.3455833333333332,0.9231734248457172,0.9000185735117552,172.6848484848485,204.64181818181817,0.0,0.0
song,,zipfexp1.2,skip,geometric,stickiness=0,rotate_z,0.7911111111111111,0.6633055555555556,0.9000277777777776,0.9231734248457172,0.9000185735117552,172.6848484848485,204.64181818181817,0.0,0.0
song,,zipfexp1.2,skip,geometric,stickiness=0,bigram_z,0.7822222222222223,0.66,0.8922499999999999,0.9231734248457172,0.9000185735117552,172.6848484848485,204.64181818181817,0.0,0.0
song,,zipfexp1.2,skip,geometric,stickiness=0,observed_mean_slope,0.9922222222222222,0.9711111111111111,1.0,0.9231734248457172,0.9000185735117552,172.6848484848485,204.64181818181817,0.0,0.0
song,,zipfexp1.2,skip,geometric,stickiness=0,observed_mean_unit_types,0.8383333333333334,0.7333333333333333,0.9277777777777778,0.9231734248457172,0.9000185735117552,172.6848484848485,204.64181818181817,0.0,0.0
song,,zipfexp1.2,skip,uniform,stickiness=0.8,observed_mean_r2,0.9988888888888889,0.9933333333333333,1.0,0.9331288263287735,0.9026607271220796,151.9521212121212,176.58545454545455,0.0,0.0
song,,zipfexp1.2,skip,uniform,stickiness=0.8,shuffle_z,0.2911111111111111,0.16555555555555557,0.43222222222222223,0.9331288263287735,0.9026607271220796,151.9521212121212,176.58545454545455,0.0,0.0
song,,zipfexp1.2,skip,uniform,stickiness=0.8,rotate_z,0.45111111111111113,0.3065833333333333,0.6066666666666667,0.9331288263287735,0.9026607271220796,151.9521212121212,176.58545454545455,0.0,0.0
song,,zipfexp1.2,skip,uniform,stickiness=0.8,bigram_z,0.11,0.02666666666666667,0.21336111111111097,0.9331288263287735,0.9026607271220796,151.9521212121212,176.58545454545455,0.0,0.0
song,,zipfexp1.2,skip,uniform,stickiness=0.8,observed_mean_slope,0.9444444444444444,0.8822222222222222,0.9855555555555555,0.9331288263287735,0.9026607271220796,151.9521212121212,176.58545454545455,0.0,0.0
song,,zipfexp1.2,skip,uniform,stickiness=0.8,observed_mean_unit_types,0.2511111111111111,0.12555555555555556,0.38612499999999994,0.9331288263287735,0.9026607271220796,151.9521212121212,176.58545454545455,0.0,0.0
song,,zipfexp1.2,skip,lognormal,stickiness=0.8,observed_mean_r2,0.4888888888888889,0.33666666666666667,0.6388888888888888,0.9331288263287735,0.9333672000875821,151.9521212121212,175.78242424242418,0.0,0.0
song,,zipfexp1.2,skip,lognormal,stickiness=0.8,shuffle_z,0.31333333333333335,0.1811111111111111,0.44666666666666666,0.9331288263287735,0.9333672000875821,151.9521212121212,175.78242424242418,0.0,0.0
song,,zipfexp1.2,skip,lognormal,stickiness=0.8,rotate_z,0.31666666666666665,0.19111111111111112,0.46555555555555556,0.9331288263287735,0.9333672000875821,151.9521212121212,175.78242424242418,0.0,0.0
song,,zipfexp1.2,skip,lognormal,stickiness=0.8,bigram_z,0.43222222222222223,0.28555555555555556,0.5811388888888888,0.9331288263287735,0.9333672000875821,151.9521212121212,175.78242424242418,0.0,0.0
song,,zipfexp1.2,skip,lognormal,stickiness=0.8,observed_mean_slope,0.9111111111111111,0.8277777777777777,0.9733333333333334,0.9331288263287735,0.9333672000875821,151.9521212121212,175.78242424242418,0.0,0.0
song,,zipfexp1.2,skip,lognormal,stickiness=0.8,observed_mean_unit_types,0.6461111111111111,0.5088888888888888,0.7844444444444445,0.9331288263287735,0.9333672000875821,151.9521212121212,175.78242424242418,0.0,0.0
song,,zipfexp1.2,skip,geometric,stickiness=0.8,observed_mean_r2,0.5055555555555555,0.3522222222222222,0.65,0.9331288263287735,0.9324662873719379,151.9521212121212,176.63696969696971,0.0,0.0
song,,zipfexp1.2,skip,geometric,stickiness=0.8,shuffle_z,0.2,0.09222222222222222,0.3278055555555554,0.9331288263287735,0.9324662873719379,151.9521212121212,176.63696969696971,0.0,0.0
song,,zipfexp1.2,skip,geometric,stickiness=0.8,rotate_z,0.23444444444444446,0.12219444444444444,0.3600277777777776,0.9331288263287735,0.9324662873719379,151.9521212121212,176.63696969696971,0.0,0.0
song,,zipfexp1.2,skip,geometric,stickiness=0.8,bigram_z,0.3233333333333333,0.19666666666666666,0.4688888888888889,0.9331288263287735,0.9324662873719379,151.9521212121212,176.63696969696971,0.0,0.0
song,,zipfexp1.2,skip,geometric,stickiness=0.8,observed_mean_slope,0.9366666666666666,0.87,0.9833333333333333,0.9331288263287735,0.9324662873719379,151.9521212121212,176.63696969696971,0.0,0.0
song,,zipfexp1.2,skip,geometric,stickiness=0.8,observed_mean_unit_types,0.6833333333333333,0.5299861111111112,0.8133472222222221,0.9331288263287735,0.9324662873719379,151.9521212121212,176.63696969696971,0.0,0.0
whale,,base,skip,uniform,repeats=1,observed_mean_r2,1.0,1.0,1.0,0.943164289794926,0.8330776872859694,232.16848484848487,203.37212121212121,1.0,0.6666666666666666
whale,,base,skip,uniform,repeats=1,shuffle_z,0.8933333333333333,0.8033333333333333,0.9600277777777776,0.943164289794926,0.8330776872859694,232.16848484848487,203.37212121212121,1.0,0.6666666666666666
whale,,base,skip,uniform,repeats=1,rotate_z,0.9988888888888889,0.9933333333333333,1.0,0.943164289794926,0.8330776872859694,232.16848484848487,203.37212121212121,1.0,0.6666666666666666
whale,,base,skip,uniform,repeats=1,bigram_z,0.8688888888888889,0.7610833333333333,0.9589166666666665,0.943164289794926,0.8330776872859694,232.16848484848487,203.37212121212121,1.0,0.6666666666666666
whale,,base,skip,lognormal,repeats=1,observed_mean_r2,1.0,1.0,1.0,0.943164289794926,0.9173194459076789,232.16848484848487,225.89878787878789,1.0,1.0
whale,,base,skip,lognormal,repeats=1,shuffle_z,0.5811111111111111,0.42444444444444446,0.723361111111111,0.943164289794926,0.9173194459076789,232.16848484848487,225.89878787878789,1.0,1.0
whale,,base,skip,lognormal,repeats=1,rotate_z,0.5911111111111111,0.4388888888888889,0.7366944444444443,0.943164289794926,0.9173194459076789,232.16848484848487,225.89878787878789,1.0,1.0
whale,,base,skip,lognormal,repeats=1,bigram_z,0.5066666666666667,0.35,0.6555555555555556,0.943164289794926,0.9173194459076789,232.16848484848487,225.89878787878789,1.0,1.0
whale,,base,skip,geometric,repeats=1,observed_mean_r2,1.0,1.0,1.0,0.943164289794926,0.8924975039714259,232.16848484848487,220.30606060606058,1.0,1.0
whale,,base,skip,geometric,repeats=1,shuffle_z,0.6188888888888889,0.4766666666666667,0.7555555555555555,0.943164289794926,0.8924975039714259,232.16848484848487,220.30606060606058,1.0,1.0
whale,,base,skip,geometric,repeats=1,rotate_z,0.8755555555555555,0.7822222222222223,0.9533333333333334,0.943164289794926,0.8924975039714259,232.16848484848487,220.30606060606058,1.0,1.0
whale,,base,skip,geometric,repeats=1,bigram_z,0.7733333333333333,0.6455555555555555,0.8866944444444443,0.943164289794926,0.8924975039714259,232.16848484848487,220.30606060606058,1.0,1.0
whale,,base,skip,uniform,repeats=5,observed_mean_r2,1.0,1.0,1.0,0.9340542645671127,0.9028416969257564,155.14181818181817,138.23393939393938,0.0,0.0
whale,,base,skip,uniform,repeats=5,shuffle_z,0.2966666666666667,0.17327777777777778,0.43005555555555525,0.9340542645671127,0.9028416969257564,155.14181818181817,138.23393939393938,0.0,0.0
whale,,base,skip,uniform,repeats=5,rotate_z,0.5944444444444444,0.4488611111111111,0.7277777777777777,0.9340542645671127,0.9028416969257564,155.14181818181817,138.23393939393938,0.0,0.0
whale,,base,skip,uniform,repeats=5,bigram_z,0.0,0.0,0.0,0.9340542645671127,0.9028416969257564,155.14181818181817,138.23393939393938,0.0,0.0
whale,,base,skip,lognormal,repeats=5,observed_mean_r2,0.9433333333333334,0.8733055555555556,0.9911111111111112,0.9340542645671127,0.9232562709460718,155.14181818181817,147.4127272727273,0.0,0.0
whale,,base,skip,lognormal,repeats=5,shuffle_z,0.3188888888888889,0.1866388888888889,0.4533333333333333,0.9340542645671127,0.9232562709460718,155.14181818181817,147.4127272727273,0.0,0.0
whale,,base,skip,lognormal,repeats=5,rotate_z,0.5477777777777778,0.40555555555555556,0.6922499999999998,0.9340542645671127,0.9232562709460718,155.14181818181817,147.4127272727273,0.0,0.0
whale,,base,skip,lognormal,repeats=5,bigram_z,0.08777777777777777,0.03,0.15777777777777777,0.9340542645671127,0.9232562709460718,155.14181818181817,147.4127272727273,0.0,0.0
whale,,base,skip,geometric,repeats=5,observed_mean_r2,0.9866666666666667,0.9577777777777777,1.0,0.9340542645671127,0.9178396403158514,155.14181818181817,142.8339393939394,0.0,0.0
whale,,base,skip,geometric,repeats=5,shuffle_z,0.24666666666666667,0.13444444444444445,0.3744722222222221,0.9340542645671127,0.9178396403158514,155.14181818181817,142.8339393939394,0.0,0.0
whale,,base,skip,geometric,repeats=5,rotate_z,0.46111111111111114,0.3111111111111111,0.6088888888888889,0.9340542645671127,0.9178396403158514,155.14181818181817,142.8339393939394,0.0,0.0
whale,,base,skip,geometric,repeats=5,bigram_z,0.0,0.0,0.0,0.9340542645671127,0.9178396403158514,155.14181818181817,142.8339393939394,0.0,0.0
whale,,base,zero,uniform,repeats=1,observed_mean_r2,1.0,1.0,1.0,0.943164289794926,0.8330776872859694,232.16848484848487,203.37212121212121,1.0,0.6666666666666666
whale,,base,zero,uniform,repeats=1,shuffle_z,0.9277777777777778,0.8621944444444445,0.9788888888888889,0.943164289794926,0.8330776872859694,232.16848484848487,203.37212121212121,1.0,0.6666666666666666
whale,,base,zero,uniform,repeats=1,rotate_z,0.9988888888888889,0.9933333333333333,1.0,0.943164289794926,0.8330776872859694,232.16848484848487,203.37212121212121,1.0,0.6666666666666666
whale,,base,zero,uniform,repeats=1,bigram_z,0.8688888888888889,0.7655555555555555,0.9555833333333332,0.943164289794926,0.8330776872859694,232.16848484848487,203.37212121212121,1.0,0.6666666666666666
whale,,base,zero,lognormal,repeats=1,observed_mean_r2,1.0,1.0,1.0,0.943164289794926,0.9173194459076789,232.16848484848487,225.89878787878789,1.0,1.0
whale,,base,zero,lognormal,repeats=1,shuffle_z,0.5811111111111111,0.42774999999999996,0.7189166666666665,0.943164289794926,0.9173194459076789,232.16848484848487,225.89878787878789,1.0,1.0
whale,,base,zero,lognormal,repeats=1,rotate_z,0.5911111111111111,0.43777777777777777,0.7444722222222221,0.943164289794926,0.9173194459076789,232.16848484848487,225.89878787878789,1.0,1.0
whale,,base,zero,lognormal,repeats=1,bigram_z,0.5066666666666667,0.3566388888888889,0.6488888888888888,0.943164289794926,0.9173194459076789,232.16848484848487,225.89878787878789,1.0,1.0
whale,,base,zero,geometric,repeats=1,observed_mean_r2,1.0,1.0,1.0,0.943164289794926,0.8924975039714259,232.16848484848487,220.30606060606058,1.0,1.0
whale,,base,zero,geometric,repeats=1,shuffle_z,0.6933333333333334,0.5532777777777778,0.8211111111111111,0.943164289794926,0.8924975039714259,232.16848484848487,220.30606060606058,1.0,1.0
whale,,base,zero,geometric,repeats=1,rotate_z,0.8755555555555555,0.7844444444444445,0.953361111111111,0.943164289794926,0.8924975039714259,232.16848484848487,220.30606060606058,1.0,1.0
whale,,base,zero,geometric,repeats=1,bigram_z,0.7733333333333333,0.6455,0.8889166666666665,0.943164289794926,0.8924975039714259,232.16848484848487,220.30606060606058,1.0,1.0
whale,,base,zero,uniform,repeats=5,observed_mean_r2,1.0,1.0,1.0,0.9340542645671127,0.9028416969257564,155.14181818181817,138.23393939393938,0.0,0.0
whale,,base,zero,uniform,repeats=5,shuffle_z,0.2966666666666667,0.1688888888888889,0.43113888888888874,0.9340542645671127,0.9028416969257564,155.14181818181817,138.23393939393938,0.0,0.0
whale,,base,zero,uniform,repeats=5,rotate_z,0.5944444444444444,0.45108333333333334,0.7366666666666667,0.9340542645671127,0.9028416969257564,155.14181818181817,138.23393939393938,0.0,0.0
whale,,base,zero,uniform,repeats=5,bigram_z,0.0,0.0,0.0,0.9340542645671127,0.9028416969257564,155.14181818181817,138.23393939393938,0.0,0.0
whale,,base,zero,lognormal,repeats=5,observed_mean_r2,0.9433333333333334,0.8822222222222222,0.99,0.9340542645671127,0.9232562709460718,155.14181818181817,147.4127272727273,0.0,0.0
whale,,base,zero,lognormal,repeats=5,shuffle_z,0.3233333333333333,0.19444444444444445,0.4666666666666667,0.9340542645671127,0.9232562709460718,155.14181818181817,147.4127272727273,0.0,0.0
whale,,base,zero,lognormal,repeats=5,rotate_z,0.5477777777777778,0.39775,0.693361111111111,0.9340542645671127,0.9232562709460718,155.14181818181817,147.4127272727273,0.0,0.0
whale,,base,zero,lognormal,repeats=5,bigram_z,0.08777777777777777,0.03,0.1622222222222222,0.9340542645671127,0.9232562709460718,155.14181818181817,147.4127272727273,0.0,0.0
whale,,base,zero,geometric,repeats=5,observed_mean_r2,0.9866666666666667,0.96,1.0,0.9340542645671127,0.9178396403158514,155.14181818181817,142.8339393939394,0.0,0.0
whale,,base,zero,geometric,repeats=5,shuffle_z,0.24666666666666667,0.1288888888888889,0.38113888888888875,0.9340542645671127,0.9178396403158514,155.14181818181817,142.8339393939394,0.0,0.0
whale,,base,zero,geometric,repeats=5,rotate_z,0.46111111111111114,0.3199444444444445,0.6066666666666667,0.9340542645671127,0.9178396403158514,155.14181818181817,142.8339393939394,0.0,0.0
whale,,base,zero,geometric,repeats=5,bigram_z,0.0,0.0,0.0,0.9340542645671127,0.9178396403158514,155.14181818181817,142.8339393939394,0.0,0.0
whale,,tail0.01,skip,geometric,repeats=1,observed_mean_r2,1.0,1.0,1.0,0.943164289794926,0.9064344046624148,232.16848484848487,230.56484848484848,1.0,1.0
whale,,tail0.01,skip,geometric,repeats=1,shuffle_z,0.7655555555555555,0.6355555555555555,0.8766944444444443,0.943164289794926,0.9064344046624148,232.16848484848487,230.56484848484848,1.0,1.0
whale,,tail0.01,skip,geometric,repeats=1,rotate_z,0.8788888888888889,0.78,0.9555833333333332,0.943164289794926,0.9064344046624148,232.16848484848487,230.56484848484848,1.0,1.0
whale,,tail0.01,skip,geometric,repeats=1,bigram_z,0.9611111111111111,0.91,0.9966666666666667,0.943164289794926,0.9064344046624148,232.16848484848487,230.56484848484848,1.0,1.0
whale,,tail0.01,skip,geometric,repeats=1,observed_mean_slope,0.9977777777777778,0.9899722222222223,1.0,0.943164289794926,0.9064344046624148,232.16848484848487,230.56484848484848,1.0,1.0
whale,,tail0.01,skip,geometric,repeats=1,observed_mean_unit_types,0.945,0.8777777777777778,0.9900277777777776,0.943164289794926,0.9064344046624148,232.16848484848487,230.56484848484848,1.0,1.0
whale,,tail0.01,skip,geometric,repeats=5,observed_mean_r2,0.9244444444444444,0.8511111111111112,0.9811111111111112,0.9340542645671127,0.9243994994957009,155.14181818181817,150.94121212121215,0.0,0.0
whale,,tail0.01,skip,geometric,repeats=5,shuffle_z,0.2388888888888889,0.12777777777777777,0.36224999999999985,0.9340542645671127,0.9243994994957009,155.14181818181817,150.94121212121215,0.0,0.0
whale,,tail0.01,skip,geometric,repeats=5,rotate_z,0.4711111111111111,0.32222222222222224,0.6200277777777776,0.9340542645671127,0.9243994994957009,155.14181818181817,150.94121212121215,0.0,0.0
whale,,tail0.01,skip,geometric,repeats=5,bigram_z,0.044444444444444446,0.01,0.1,0.9340542645671127,0.9243994994957009,155.14181818181817,150.94121212121215,0.0,0.0
whale,,tail0.01,skip,geometric,repeats=5,observed_mean_slope,0.4577777777777778,0.3111111111111111,0.6100277777777776,0.9340542645671127,0.9243994994957009,155.14181818181817,150.94121212121215,0.0,0.0
whale,,tail0.01,skip,geometric,repeats=5,observed_mean_unit_types,0.41333333333333333,0.27998611111111116,0.5622499999999998,0.9340542645671127,0.9243994994957009,155.14181818181817,150.94121212121215,0.0,0.0
whale,,tail0.2,skip,geometric,repeats=1,observed_mean_r2,1.0,1.0,1.0,0.943164289794926,0.8653143833754772,232.16848484848487,210.88121212121214,1.0,0.9333333333333333
whale,,tail0.2,skip,geometric,repeats=1,shuffle_z,0.77,0.6444166666666667,0.8744444444444445,0.943164289794926,0.8653143833754772,232.16848484848487,210.88121212121214,1.0,0.9333333333333333
whale,,tail0.2,skip,geometric,repeats=1,rotate_z,0.9655555555555555,0.9177777777777778,0.9988888888888889,0.943164289794926,0.8653143833754772,232.16848484848487,210.88121212121214,1.0,0.9333333333333333
whale,,tail0.2,skip,geometric,repeats=1,bigram_z,0.6855555555555556,0.5366666666666666,0.8211388888888888,0.943164289794926,0.8653143833754772,232.16848484848487,210.88121212121214,1.0,0.9333333333333333
whale,,tail0.2,skip,geometric,repeats=1,observed_mean_slope,0.0,0.0,0.0,0.943164289794926,0.8653143833754772,232.16848484848487,210.88121212121214,1.0,0.9333333333333333
whale,,tail0.2,skip,geometric,repeats=1,observed_mean_unit_types,0.0,0.0,0.0,0.943164289794926,0.8653143833754772,232.16848484848487,210.88121212121214,1.0,0.9333333333333333
whale,,tail0.2,skip,geometric,repeats=5,observed_mean_r2,0.9988888888888889,0.9933333333333333,1.0,0.9340542645671127,0.9069922832794389,155.14181818181817,139.7163636363636,0.0,0.0
whale,,tail0.2,skip,geometric,repeats=5,shuffle_z,0.31222222222222223,0.18216666666666667,0.44666666666666666,0.9340542645671127,0.9069922832794389,155.14181818181817,139.7163636363636,0.0,0.0
whale,,tail0.2,skip,geometric,repeats=5,rotate_z,0.5788888888888889,0.43,0.7122222222222222,0.9340542645671127,0.9069922832794389,155.14181818181817,139.7163636363636,0.0,0.0
whale,,tail0.2,skip,geometric,repeats=5,bigram_z,0.005555555555555556,0.0,0.02,0.9340542645671127,0.9069922832794389,155.14181818181817,139.7163636363636,0.0,0.0
whale,,tail0.2,skip,geometric,repeats=5,observed_mean_slope,0.006666666666666667,0.0,0.02666666666666667,0.9340542645671127,0.9069922832794389,155.14181818181817,139.7163636363636,0.0,0.0
whale,,tail0.2,skip,geometric,repeats=5,observed_mean_unit_types,0.0,0.0,0.0,0.9340542645671127,0.9069922832794389,155.14181818181817,139.7163636363636,0.0,0.0
whale,,thr0.25,skip,uniform,repeats=1,observed_mean_r2,1.0,1.0,1.0,0.861046045422544,0.722256001378582,145.78969696969696,114.56727272727271,0.9666666666666667,0.06666666666666667
whale,,thr0.25,skip,uniform,repeats=1,shuffle_z,0.9866666666666667,0.9544166666666667,1.0,0.861046045422544,0.722256001378582,145.78969696969696,114.56727272727271,0.9666666666666667,0.06666666666666667
whale,,thr0.25,skip,uniform,repeats=1,rotate_z,0.88,0.7788888888888889,0.9611111111111111,0.861046045422544,0.722256001378582,145.78969696969696,114.56727272727271,0.9666666666666667,0.06666666666666667
whale,,thr0.25,skip,uniform,repeats=1,bigram_z,0.008888888888888889,0.0,0.02666666666666667,0.861046045422544,0.722256001378582,145.78969696969696,114.56727272727271,0.9666666666666667,0.06666666666666667
whale,,thr0.25,skip,uniform,repeats=1,observed_mean_slope,0.0,0.0,0.0,0.861046045422544,0.722256001378582,145.78969696969696,114.56727272727271,0.9666666666666667,0.06666666666666667
whale,,thr0.25,skip,uniform,repeats=1,observed_mean_unit_types,0.022222222222222223,0.0,0.08,0.861046045422544,0.722256001378582,145.78969696969696,114.56727272727271,0.9666666666666667,0.06666666666666667
whale,,thr0.25,skip,lognormal,repeats=1,observed_mean_r2,0.9988888888888889,0.9933333333333333,1.0,0.861046045422544,0.8138345691087501,145.78969696969696,139.47272727272727,0.9666666666666667,0.06666666666666667
whale,,thr0.25,skip,lognormal,repeats=1,shuffle_z,0.9933333333333333,0.9755277777777778,1.0,0.861046045422544,0.8138345691087501,145.78969696969696,139.47272727272727,0.9666666666666667,0.06666666666666667
whale,,thr0.25,skip,lognormal,repeats=1,rotate_z,0.8566666666666667,0.7466666666666667,0.9455555555555556,0.861046045422544,0.8138345691087501,145.78969696969696,139.47272727272727,0.9666666666666667,0.06666666666666667
whale,,thr0.25,skip,lognormal,repeats=1,bigram_z,0.3088888888888889,0.18441666666666667,0.4566944444444443,0.861046045422544,0.8138345691087501,145.78969696969696,139.47272727272727,0.9666666666666667,0.06666666666666667
whale,,thr0.25,skip,lognormal,repeats=1,observed_mean_slope,0.013333333333333334,0.0,0.045583333333333184,0.861046045422544,0.8138345691087501,145.78969696969696,139.47272727272727,0.9666666666666667,0.06666666666666667
whale,,thr0.25,skip,lognormal,repeats=1,observed_mean_unit_types,0.056666666666666664,0.006666666666666667,0.1378055555555554,0.861046045422544,0.8138345691087501,145.78969696969696,139.47272727272727,0.9666666666666667,0.06666666666666667
whale,,thr0.25,skip,geometric,repeats=1,observed_mean_r2,1.0,1.0,1.0,0.861046045422544,0.7818620406461907,145.78969696969696,132.57030303030302,0.9666666666666667,0.0
whale,,thr0.25,skip,geometric,repeats=1,shuffle_z,1.0,1.0,1.0,0.861046045422544,0.7818620406461907,145.78969696969696,132.57030303030302,0.9666666666666667,0.0
whale,,thr0.25,skip,geometric,repeats=1,rotate_z,0.9622222222222222,0.8866666666666667,1.0,0.861046045422544,0.7818620406461907,145.78969696969696,132.57030303030302,0.9666666666666667,0.0
whale,,thr0.25,skip,geometric,repeats=1,bigram_z,0.3422222222222222,0.2066388888888889,0.4789166666666665,0.861046045422544,0.7818620406461907,145.78969696969696,132.57030303030302,0.9666666666666667,0.0
whale,,thr0.25,skip,geometric,repeats=1,observed_mean_slope,0.0,0.0,0.0,0.861046045422544,0.7818620406461907,145.78969696969696,132.57030303030302,0.9666666666666667,0.0
whale,,thr0.25,skip,geometric,repeats=1,observed_mean_unit_types,0.027777777777777776,0.0,0.09,0.861046045422544,0.7818620406461907,145.78969696969696,132.57030303030302,0.9666666666666667,0.0
whale,,thr0.25,skip,uniform,repeats=5,observed_mean_r2,1.0,1.0,1.0,0.8559228843916299,0.7211479134344958,65.86424242424242,45.632727272727266,0.0,0.0
whale,,thr0.25,skip,uniform,repeats=5,shuffle_z,1.0,1.0,1.0,0.8559228843916299,0.7211479134344958,65.86424242424242,45.632727272727266,0.0,0.0
whale,,thr0.25,skip,uniform,repeats=5,rotate_z,0.6888888888888889,0.5444444444444444,0.8111388888888887,0.8559228843916299,0.7211479134344958,65.86424242424242,45.632727272727266,0.0,0.0
whale,,thr0.25,skip,uniform,repeats=5,bigram_z,0.03333333333333333,0.0011111111111111111,0.0811111111111111,0.8559228843916299,0.7211479134344958,65.86424242424242,45.632727272727266,0.0,0.0
whale,,thr0.25,skip,uniform,repeats=5,observed_mean_slope,0.0011111111111111111,0.0,0.006666666666666667,0.8559228843916299,0.7211479134344958,65.86424242424242,45.632727272727266,0.0,0.0
whale,,thr0.25,skip,uniform,repeats=5,observed_mean_unit_types,0.14444444444444443,0.05441666666666666,0.24666666666666667,0.8559228843916299,0.7211479134344958,65.86424242424242,45.632727272727266,0.0,0.0
whale,,thr0.25,skip,lognormal,repeats=5,observed_mean_r2,0.9711111111111111,0.9255555555555556,0.9988888888888889,0.8559228843916299,0.7914908957134901,65.86424242424242,55.350303030303024,0.0,0.0
whale,,thr0.25,skip,lognormal,repeats=5,shuffle_z,0.83,0.7233055555555556,0.9255833333333332,0.8559228843916299,0.7914908957134901,65.86424242424242,55.350303030303024,0.0,0.0
whale,,thr0.25,skip,lognormal,repeats=5,rotate_z,0.6666666666666666,0.5211111111111111,0.8022222222222222,0.8559228843916299,0.7914908957134901,65.86424242424242,55.350303030303024,0.0,0.0
whale,,thr0.25,skip,lognormal,repeats=5,bigram_z,0.27444444444444444,0.15777777777777777,0.40224999999999983,0.8559228843916299,0.7914908957134901,65.86424242424242,55.350303030303024,0.0,0.0
whale,,thr0.25,skip,lognormal,repeats=5,observed_mean_slope,0.023333333333333334,0.0,0.07666666666666666,0.8559228843916299,0.7914908957134901,65.86424242424242,55.350303030303024,0.0,0.0
whale,,thr0.25,skip,lognormal,repeats=5,observed_mean_unit_types,0.12444444444444444,0.04554166666666667,0.2222222222222222,0.8559228843916299,0.7914908957134901,65.86424242424242,55.350303030303024,0.0,0.0
whale,,thr0.25,skip,geometric,repeats=5,observed_mean_r2,0.9911111111111112,0.9688888888888889,1.0,0.8559228843916299,0.7730804732762783,65.86424242424242,52.198181818181816,0.0,0.0
whale,,thr0.25,skip,geometric,repeats=5,shuffle_z,0.9911111111111112,0.97,1.0,0.8559228843916299,0.7730804732762783,65.86424242424242,52.198181818181816,0.0,0.0
whale,,thr0.25,skip,geometric,repeats=5,rotate_z,0.5955555555555555,0.45,0.7366944444444443,0.8559228843916299,0.7730804732762783,65.86424242424242,52.198181818181816,0.0,0.0
whale,,thr0.25,skip,geometric,repeats=5,bigram_z,0.07777777777777778,0.017777777777777778,0.15558333333333318,0.8559228843916299,0.7730804732762783,65.86424242424242,52.198181818181816,0.0,0.0
whale,,thr0.25,skip,geometric,repeats=5,observed_mean_slope,0.01,0.0,0.03666666666666667,0.8559228843916299,0.7730804732762783,65.86424242424242,52.198181818181816,0.0,0.0
whale,,thr0.25,skip,geometric,repeats=5,observed_mean_unit_types,0.04777777777777778,0.0077777777777777776,0.10113888888888874,0.8559228843916299,0.7730804732762783,65.86424242424242,52.198181818181816,0.0,0.0
whale,,thr0.75,skip,uniform,repeats=1,observed_mean_r2,1.0,1.0,1.0,0.956069800870553,0.8295493817506672,321.2490909090909,309.75939393939393,0.8666666666666667,0.0
whale,,thr0.75,skip,uniform,repeats=1,shuffle_z,1.0,1.0,1.0,0.956069800870553,0.8295493817506672,321.2490909090909,309.75939393939393,0.8666666666666667,0.0
whale,,thr0.75,skip,uniform,repeats=1,rotate_z,1.0,1.0,1.0,0.956069800870553,0.8295493817506672,321.2490909090909,309.75939393939393,0.8666666666666667,0.0
whale,,thr0.75,skip,uniform,repeats=1,bigram_z,1.0,1.0,1.0,0.956069800870553,0.8295493817506672,321.2490909090909,309.75939393939393,0.8666666666666667,0.0
whale,,thr0.75,skip,uniform,repeats=1,observed_mean_slope,0.0,0.0,0.0,0.956069800870553,0.8295493817506672,321.2490909090909,309.75939393939393,0.8666666666666667,0.0
whale,,thr0.75,skip,uniform,repeats=1,observed_mean_unit_types,0.0,0.0,0.0,0.956069800870553,0.8295493817506672,321.2490909090909,309.75939393939393,0.8666666666666667,0.0
whale,,thr0.75,skip,lognormal,repeats=1,observed_mean_r2,1.0,1.0,1.0,0.956069800870553,0.9168048001482011,321.2490909090909,319.5951515151515,0.8666666666666667,0.23333333333333334
whale,,thr0.75,skip,lognormal,repeats=1,shuffle_z,0.8544444444444445,0.7522222222222222,0.9411111111111111,0.956069800870553,0.9168048001482011,321.2490909090909,319.5951515151515,0.8666666666666667,0.23333333333333334
whale,,thr0.75,skip,lognormal,repeats=1,rotate_z,0.9911111111111112,0.9733333333333334,1.0,0.956069800870553,0.9168048001482011,321.2490909090909,319.5951515151515,0.8666666666666667,0.23333333333333334
whale,,thr0.75,skip,lognormal,repeats=1,bigram_z,1.0,1.0,1.0,0.956069800870553,0.9168048001482011,321.2490909090909,319.5951515151515,0.8666666666666667,0.23333333333333334
whale,,thr0.75,skip,lognormal,repeats=1,observed_mean_slope,0.6644444444444444,0.5144444444444445,0.793361111111111,0.956069800870553,0.9168048001482011,321.2490909090909,319.5951515151515,0.8666666666666667,0.23333333333333334
whale,,thr0.75,skip,lognormal,repeats=1,observed_mean_unit_types,0.15833333333333333,0.07111111111111111,0.2688888888888889,0.956069800870553,0.9168048001482011,321.2490909090909,319.5951515151515,0.8666666666666667,0.23333333333333334
whale,,thr0.75,skip,geometric,repeats=1,observed_mean_r2,1.0,1.0,1.0,0.956069800870553,0.8881200007172756,321.2490909090909,316.960606060606,0.8666666666666667,0.0
whale,,thr0.75,skip,geometric,repeats=1,shuffle_z,0.9977777777777778,0.99,1.0,0.956069800870553,0.8881200007172756,321.2490909090909,316.960606060606,0.8666666666666667,0.0
whale,,thr0.75,skip,geometric,repeats=1,rotate_z,1.0,1.0,1.0,0.956069800870553,0.8881200007172756,321.2490909090909,316.960606060606,0.8666666666666667,0.0
whale,,thr0.75,skip,geometric,repeats=1,bigram_z,1.0,1.0,1.0,0.956069800870553,0.8881200007172756,321.2490909090909,316.960606060606,0.8666666666666667,0.0
whale,,thr0.75,skip,geometric,repeats=1,observed_mean_slope,0.23555555555555555,0.12333333333333334,0.36561111111111083,0.956069800870553,0.8881200007172756,321.2490909090909,316.960606060606,0.8666666666666667,0.0
whale,,thr0.75,skip,geometric,repeats=1,observed_mean_unit_types,0.005555555555555556,0.0,0.02,0.956069800870553,0.8881200007172756,321.2490909090909,316.960606060606,0.8666666666666667,0.0
whale,,thr0.75,skip,uniform,repeats=5,observed_mean_r2,1.0,1.0,1.0,0.9175093094140868,0.8649559496288547,279.5436363636364,273.4751515151516,0.0,0.0
whale,,thr0.75,skip,uniform,repeats=5,shuffle_z,0.7688888888888888,0.6410833333333333,0.8766666666666667,0.9175093094140868,0.8649559496288547,279.5436363636364,273.4751515151516,0.0,0.0
whale,,thr0.75,skip,uniform,repeats=5,rotate_z,0.9888888888888889,0.9666666666666667,1.0,0.9175093094140868,0.8649559496288547,279.5436363636364,273.4751515151516,0.0,0.0
whale,,thr0.75,skip,uniform,repeats=5,bigram_z,0.9455555555555556,0.88,0.9933333333333333,0.9175093094140868,0.8649559496288547,279.5436363636364,273.4751515151516,0.0,0.0
whale,,thr0.75,skip,uniform,repeats=5,observed_mean_slope,0.0,0.0,0.0,0.9175093094140868,0.8649559496288547,279.5436363636364,273.4751515151516,0.0,0.0
whale,,thr0.75,skip,uniform,repeats=5,observed_mean_unit_types,0.0,0.0,0.0,0.9175093094140868,0.8649559496288547,279.5436363636364,273.4751515151516,0.0,0.0
whale,,thr0.75,skip,lognormal,repeats=5,observed_mean_r2,0.9855555555555555,0.9511111111111111,1.0,0.9175093094140868,0.8938882737336858,279.5436363636364,278.02303030303034,0.0,0.0
whale,,thr0.75,skip,lognormal,repeats=5,shuffle_z,0.5033333333333333,0.3521666666666667,0.6455555555555555,0.9175093094140868,0.8938882737336858,279.5436363636364,278.02303030303034,0.0,0.0
whale,,thr0.75,skip,lognormal,repeats=5,rotate_z,0.7422222222222222,0.6110833333333334,0.8611388888888888,0.9175093094140868,0.8938882737336858,279.5436363636364,278.02303030303034,0.0,0.0
whale,,thr0.75,skip,lognormal,repeats=5,bigram_z,0.89,0.7977777777777778,0.9633333333333334,0.9175093094140868,0.8938882737336858,279.5436363636364,278.02303030303034,0.0,0.0
whale,,thr0.75,skip,lognormal,repeats=5,observed_mean_slope,0.15333333333333332,0.06,0.2611111111111111,0.9175093094140868,0.8938882737336858,279.5436363636364,278.02303030303034,0.0,0.0
whale,,thr0.75,skip,lognormal,repeats=5,observed_mean_unit_types,0.01,0.0,0.030569444444444368,0.9175093094140868,0.8938882737336858,279.5436363636364,278.02303030303034,0.0,0.0
whale,,thr0.75,skip,geometric,repeats=5,observed_mean_r2,0.9988888888888889,0.9933333333333333,1.0,0.9175093094140868,0.8789831531678531,279.5436363636364,274.53212121212124,0.0,0.0
whale,,thr0.75,skip,geometric,repeats=5,shuffle_z,0.6488888888888888,0.5122222222222222,0.7877777777777778,0.9175093094140868,0.8789831531678531,279.5436363636364,274.53212121212124,0.0,0.0
whale,,thr0.75,skip,geometric,repeats=5,rotate_z,0.8722222222222222,0.7710833333333333,0.9533333333333334,0.9175093094140868,0.8789831531678531,279.5436363636364,274.53212121212124,0.0,0.0
whale,,thr0.75,skip,geometric,repeats=5,bigram_z,0.9477777777777778,0.8855555555555555,0.9977777777777778,0.9175093094140868,0.8789831531678531,279.5436363636364,274.53212121212124,0.0,0.0
whale,,thr0.75,skip,geometric,repeats=5,observed_mean_slope,0.02666666666666667,0.0011111111111111111,0.06555555555555556,0.9175093094140868,0.8789831531678531,279.5436363636364,274.53212121212124,0.0,0.0
whale,,thr0.75,skip,geometric,repeats=5,observed_mean_unit_types,0.0011111111111111111,0.0,0.006666666666666667,0.9175093094140868,0.8789831531678531,279.5436363636364,274.53212121212124,0.0,0.0
whale,,zipfexp0.8,skip,uniform,repeats=1,observed_mean_r2,1.0,1.0,1.0,0.9294305486191233,0.8330776872859694,228.01515151515153,203.37212121212121,1.0,0.6666666666666666
whale,,zipfexp0.8,skip,uniform,repeats=1,shuffle_z,0.9,0.8144166666666667,0.9644444444444444,0.9294305486191233,0.8330776872859694,228.01515151515153,203.37212121212121,1.0,0.6666666666666666
whale,,zipfexp0.8,skip,uniform,repeats=1,rotate_z,1.0,1.0,1.0,0.9294305486191233,0.8330776872859694,228.01515151515153,203.37212121212121,1.0,0.6666666666666666
whale,,zipfexp0.8,skip,uniform,repeats=1,bigram_z,0.9911111111111112,0.9733333333333334,1.0,0.9294305486191233,0.8330776872859694,228.01515151515153,203.37212121212121,1.0,0.6666666666666666
whale,,zipfexp0.8,skip,uniform,repeats=1,observed_mean_slope,0.0,0.0,0.0,0.9294305486191233,0.8330776872859694,228.01515151515153,203.37212121212121,1.0,0.6666666666666666
whale,,zipfexp0.8,skip,uniform,repeats=1,observed_mean_unit_types,0.0,0.0,0.0,0.9294305486191233,0.8330776872859694,228.01515151515153,203.37212121212121,1.0,0.6666666666666666
whale,,zipfexp0.8,skip,lognormal,repeats=1,observed_mean_r2,0.9422222222222222,0.8755555555555555,0.9888888888888889,0.9294305486191233,0.9173194459076789,228.01515151515153,225.89878787878789,1.0,1.0
whale,,zipfexp0.8,skip,lognormal,repeats=1,shuffle_z,0.6488888888888888,0.5021944444444445,0.7866666666666666,0.9294305486191233,0.9173194459076789,228.01515151515153,225.89878787878789,1.0,1.0
whale,,zipfexp0.8,skip,lognormal,repeats=1,rotate_z,0.5855555555555556,0.4311111111111111,0.7344444444444445,0.9294305486191233,0.9173194459076789,228.01515151515153,225.89878787878789,1.0,1.0
whale,,zipfexp0.8,skip,lognormal,repeats=1,bigram_z,0.7977777777777778,0.6733333333333333,0.8988888888888888,0.9294305486191233,0.9173194459076789,228.01515151515153,225.89878787878789,1.0,1.0
whale,,zipfexp0.8,skip,lognormal,repeats=1,observed_mean_slope,0.9244444444444444,0.8421944444444445,0.9811111111111112,0.9294305486191233,0.9173194459076789,228.01515151515153,225.89878787878789,1.0,1.0
whale,,zipfexp0.8,skip,lognormal,repeats=1,observed_mean_unit_types,0.9144444444444444,0.8377777777777777,0.9744444444444444,0.9294305486191233,0.9173194459076789,228.01515151515153,225.89878787878789,1.0,1.0
whale,,zipfexp0.8,skip,geometric,repeats=1,observed_mean_r2,1.0,1.0,1.0,0.9294305486191233,0.8924975039714259,228.01515151515153,220.30606060606058,1.0,1.0
whale,,zipfexp0.8,skip,geometric,repeats=1,shuffle_z,0.6833333333333333,0.5488888888888889,0.8144444444444444,0.9294305486191233,0.8924975039714259,228.01515151515153,220.30606060606058,1.0,1.0
whale,,zipfexp0.8,skip,geometric,repeats=1,rotate_z,0.8933333333333333,0.8033333333333333,0.9577777777777777,0.9294305486191233,0.8924975039714259,228.01515151515153,220.30606060606058,1.0,1.0
whale,,zipfexp0.8,skip,geometric,repeats=1,bigram_z,0.9344444444444444,0.8633333333333333,0.9811111111111112,0.9294305486191233,0.8924975039714259,228.01515151515153,220.30606060606058,1.0,1.0
whale,,zipfexp0.8,skip,geometric,repeats=1,observed_mean_slope,0.61,0.47441666666666665,0.7588888888888888,0.9294305486191233,0.8924975039714259,228.01515151515153,220.30606060606058,1.0,1.0
whale,,zipfexp0.8,skip,geometric,repeats=1,observed_mean_unit_types,0.5872222222222222,0.4394166666666667,0.725,0.9294305486191233,0.8924975039714259,228.01515151515153,220.30606060606058,1.0,1.0
whale,,zipfexp0.8,skip,uniform,repeats=5,observed_mean_r2,1.0,1.0,1.0,0.9272330694407896,0.9028416969257564,150.8830303030303,138.23393939393938,0.0,0.0
whale,,zipfexp0.8,skip,uniform,repeats=5,shuffle_z,0.41,0.26219444444444445,0.56,0.9272330694407896,0.9028416969257564,150.8830303030303,138.23393939393938,0.0,0.0
whale,,zipfexp0.8,skip,uniform,repeats=5,rotate_z,0.6455555555555555,0.49441666666666667,0.7766666666666666,0.9272330694407896,0.9028416969257564,150.8830303030303,138.23393939393938,0.0,0.0
whale,,zipfexp0.8,skip,uniform,repeats=5,bigram_z,0.022222222222222223,0.0011111111111111111,0.05555555555555555,0.9272330694407896,0.9028416969257564,150.8830303030303,138.23393939393938,0.0,0.0
whale,,zipfexp0.8,skip,uniform,repeats=5,observed_mean_slope,0.02,0.0,0.05444444444444444,0.9272330694407896,0.9028416969257564,150.8830303030303,138.23393939393938,0.0,0.0
whale,,zipfexp0.8,skip,uniform,repeats=5,observed_mean_unit_types,0.0022222222222222222,0.0,0.01,0.9272330694407896,0.9028416969257564,150.8830303030303,138.23393939393938,0.0,0.0
whale,,zipfexp0.8,skip,lognormal,repeats=5,observed_mean_r2,0.7111111111111111,0.5755555555555556,0.8355555555555556,0.9272330694407896,0.9232562709460718,150.8830303030303,147.4127272727273,0.0,0.0
whale,,zipfexp0.8,skip,lognormal,repeats=5,shuffle_z,0.43666666666666665,0.28886111111111107,0.5811111111111111,0.9272330694407896,0.9232562709460718,150.8830303030303,147.4127272727273,0.0,0.0
whale,,zipfexp0.8,skip,lognormal,repeats=5,rotate_z,0.5966666666666667,0.4499722222222222,0.7355833333333331,0.9272330694407896,0.9232562709460718,150.8830303030303,147.4127272727273,0.0,0.0
whale,,zipfexp0.8,skip,lognormal,repeats=5,bigram_z,0.31333333333333335,0.18666666666666668,0.45222222222222225,0.9272330694407896,0.9232562709460718,150.8830303030303,147.4127272727273,0.0,0.0
whale,,zipfexp0.8,skip,lognormal,repeats=5,observed_mean_slope,0.5,0.3511111111111111,0.6433611111111109,0.9272330694407896,0.9232562709460718,150.8830303030303,147.4127272727273,0.0,0.0
whale,,zipfexp0.8,skip,lognormal,repeats=5,observed_mean_unit_types,0.5972222222222222,0.4555,0.7344583333333332,0.9272330694407896,0.9232562709460718,150.8830303030303,147.4127272727273,0.0,0.0
whale,,zipfexp0.8,skip,geometric,repeats=5,observed_mean_r2,0.9122222222222223,0.8377777777777777,0.9688888888888889,0.9272330694407896,0.9178396403158514,150.8830303030303,142.8339393939394,0.0,0.0
whale,,zipfexp0.8,skip,geometric,repeats=5,shuffle_z,0.3466666666666667,0.21222222222222223,0.49666666666666665,0.9272330694407896,0.9178396403158514,150.8830303030303,142.8339393939394,0.0,0.0
whale,,zipfexp0.8,skip,geometric,repeats=5,rotate_z,0.4922222222222222,0.34444444444444444,0.6378055555555554,0.9272330694407896,0.9178396403158514,150.8830303030303,142.8339393939394,0.0,0.0
whale,,zipfexp0.8,skip,geometric,repeats=5,bigram_z,0.07444444444444444,0.009972222222222224,0.16002777777777763,0.9272330694407896,0.9178396403158514,150.8830303030303,142.8339393939394,0.0,0.0
whale,,zipfexp0.8,skip,geometric,repeats=5,observed_mean_slope,0.24666666666666667,0.13666666666666666,0.38333333333333336,0.9272330694407896,0.9178396403158514,150.8830303030303,142.8339393939394,0.0,0.0
whale,,zipfexp0.8,skip,geometric,repeats=5,observed_mean_unit_types,0.195,0.09555555555555556,0.31722222222222224,0.9272330694407896,0.9178396403158514,150.8830303030303,142.8339393939394,0.0,0.0
whale,,zipfexp1.2,skip,uniform,repeats=1,observed_mean_r2,1.0,1.0,1.0,0.95278520578638,0.8330776872859694,234.86121212121216,203.37212121212121,1.0,0.6666666666666666
whale,,zipfexp1.2,skip,uniform,repeats=1,shuffle_z,0.9233333333333333,0.84,0.98,0.95278520578638,0.8330776872859694,234.86121212121216,203.37212121212121,1.0,0.6666666666666666
whale,,zipfexp1.2,skip,uniform,repeats=1,rotate_z,1.0,1.0,1.0,0.95278520578638,0.8330776872859694,234.86121212121216,203.37212121212121,1.0,0.6666666666666666
whale,,zipfexp1.2,skip,uniform,repeats=1,bigram_z,0.29888888888888887,0.16777777777777778,0.443361111111111,0.95278520578638,0.8330776872859694,234.86121212121216,203.37212121212121,1.0,0.6666666666666666
whale,,zipfexp1.2,skip,uniform,repeats=1,observed_mean_slope,0.0,0.0,0.0,0.95278520578638,0.8330776872859694,234.86121212121216,203.37212121212121,1.0,0.6666666666666666
whale,,zipfexp1.2,skip,uniform,repeats=1,observed_mean_unit_types,0.0,0.0,0.0,0.95278520578638,0.8330776872859694,234.86121212121216,203.37212121212121,1.0,0.6666666666666666
whale,,zipfexp1.2,skip,lognormal,repeats=1,observed_mean_r2,1.0,1.0,1.0,0.95278520578638,0.9173194459076789,234.86121212121216,225.89878787878789,1.0,1.0
whale,,zipfexp1.2,skip,lognormal,repeats=1,shuffle_z,0.6811111111111111,0.5311111111111111,0.8111111111111111,0.95278520578638,0.9173194459076789,234.86121212121216,225.89878787878789,1.0,1.0
whale,,zipfexp1.2,skip,lognormal,repeats=1,rotate_z,0.3566666666666667,0.22108333333333335,0.5011111111111111,0.95278520578638,0.9173194459076789,234.86121212121216,225.89878787878789,1.0,1.0
whale,,zipfexp1.2,skip,lognormal,repeats=1,bigram_z,0.08,0.02666666666666667,0.15,0.95278520578638,0.9173194459076789,234.86121212121216,225.89878787878789,1.0,1.0
whale,,zipfexp1.2,skip,lognormal,repeats=1,observed_mean_slope,0.0,0.0,0.0,0.95278520578638,0.9173194459076789,234.86121212121216,225.89878787878789,1.0,1.0
whale,,zipfexp1.2,skip,lognormal,repeats=1,observed_mean_unit_types,0.0,0.0,0.0,0.95278520578638,0.9173194459076789,234.86121212121216,225.89878787878789,1.0,1.0
whale,,zipfexp1.2,skip,geometric,repeats=1,observed_mean_r2,1.0,1.0,1.0,0.95278520578638,0.8924975039714259,234.86121212121216,220.30606060606058,1.0,1.0
whale,,zipfexp1.2,skip,geometric,repeats=1,shuffle_z,0.7077777777777777,0.5644444444444444,0.824472222222222,0.95278520578638,0.8924975039714259,234.86121212121216,220.30606060606058,1.0,1.0
whale,,zipfexp1.2,skip,geometric,repeats=1,rotate_z,0.7611111111111111,0.6355277777777778,0.8700277777777776,0.95278520578638,0.8924975039714259,234.86121212121216,220.30606060606058,1.0,1.0
whale,,zipfexp1.2,skip,geometric,repeats=1,bigram_z,0.22666666666666666,0.1111111111111111,0.3578055555555554,0.95278520578638,0.8924975039714259,234.86121212121216,220.30606060606058,1.0,1.0
whale,,zipfexp1.2,skip,geometric,repeats=1,observed_mean_slope,0.0,0.0,0.0,0.95278520578638,0.8924975039714259,234.86121212121216,220.30606060606058,1.0,1.0
whale,,zipfexp1.2,skip,geometric,repeats=1,observed_mean_unit_types,0.0,0.0,0.0,0.95278520578638,0.8924975039714259,234.86121212121216,220.30606060606058,1.0,1.0
whale,,zipfexp1.2,skip,uniform,repeats=5,observed_mean_r2,1.0,1.0,1.0,0.9382858188413902,0.9028416969257564,155.1836363636363,138.23393939393938,0.0,0.0
whale,,zipfexp1.2,skip,uniform,repeats=5,shuffle_z,0.20333333333333334,0.09,0.3188888888888889,0.9382858188413902,0.9028416969257564,155.1836363636363,138.23393939393938,0.0,0.0
whale,,zipfexp1.2,skip,uniform,repeats=5,rotate_z,0.4577777777777778,0.3055555555555556,0.6055555555555555,0.9382858188413902,0.9028416969257564,155.1836363636363,138.23393939393938,0.0,0.0
whale,,zipfexp1.2,skip,uniform,repeats=5,bigram_z,0.0,0.0,0.0,0.9382858188413902,0.9028416969257564,155.1836363636363,138.23393939393938,0.0,0.0
whale,,zipfexp1.2,skip,uniform,repeats=5,observed_mean_slope,0.0,0.0,0.0,0.9382858188413902,0.9028416969257564,155.1836363636363,138.23393939393938,0.0,0.0
whale,,zipfexp1.2,skip,uniform,repeats=5,observed_mean_unit_types,0.0,0.0,0.0,0.9382858188413902,0.9028416969257564,155.1836363636363,138.23393939393938,0.0,0.0
whale,,zipfexp1.2,skip,lognormal,repeats=5,observed_mean_r2,0.9844444444444445,0.9566666666666667,1.0,0.9382858188413902,0.9232562709460718,155.1836363636363,147.4127272727273,0.0,0.0
whale,,zipfexp1.2,skip,lognormal,repeats=5,shuffle_z,0.2477777777777778,0.12886111111111112,0.38,0.9382858188413902,0.9232562709460718,155.1836363636363,147.4127272727273,0.0,0.0
whale,,zipfexp1.2,skip,lognormal,repeats=5,rotate_z,0.4088888888888889,0.2644444444444444,0.5611388888888887,0.9382858188413902,0.9232562709460718,155.1836363636363,147.4127272727273,0.0,0.0
whale,,zipfexp1.2,skip,lognormal,repeats=5,bigram_z,0.0,0.0,0.0,0.9382858188413902,0.9232562709460718,155.1836363636363,147.4127272727273,0.0,0.0
whale,,zipfexp1.2,skip,lognormal,repeats=5,observed_mean_slope,0.034444444444444444,0.0,0.09333333333333334,0.9382858188413902,0.9232562709460718,155.1836363636363,147.4127272727273,0.0,0.0
whale,,zipfexp1.2,skip,lognormal,repeats=5,observed_mean_unit_types,0.0,0.0,0.0,0.9382858188413902,0.9232562709460718,155.1836363636363,147.4127272727273,0.0,0.0
whale,,zipfexp1.2,skip,geometric,repeats=5,observed_mean_r2,0.9988888888888889,0.9933333333333333,1.0,0.9382858188413902,0.9178396403158514,155.1836363636363,142.8339393939394,0.0,0.0
whale,,zipfexp1.2,skip,geometric,repeats=5,shuffle_z,0.16777777777777778,0.07,0.28888888888888886,0.9382858188413902,0.9178396403158514,155.1836363636363,142.8339393939394,0.0,0.0
whale,,zipfexp1.2,skip,geometric,repeats=5,rotate_z,0.3,0.17775000000000002,0.44222222222222224,0.9382858188413902,0.9178396403158514,155.1836363636363,142.8339393939394,0.0,0.0
whale,,zipfexp1.2,skip,geometric,repeats=5,bigram_z,0.0,0.0,0.0,0.9382858188413902,0.9178396403158514,155.1836363636363,142.8339393939394,0.0,0.0
whale,,zipfexp1.2,skip,geometric,repeats=5,observed_mean_slope,0.0077777777777777776,0.0,0.025555555555555557,0.9382858188413902,0.9178396403158514,155.1836363636363,142.8339393939394,0.0,0.0
whale,,zipfexp1.2,skip,geometric,repeats=5,observed_mean_unit_types,0.0,0.0,0.0,0.9382858188413902,0.9178396403158514,155.1836363636363,142.8339393939394,0.0,0.0
