regime,law,set,dataset,threshold,n_elements,length_range,n_themes,variants_per_theme,phrases_per_cycle,stickiness,n_words,shape_exponent,observed_mean_r2,observed_undefined_groups,observed_mean_slope,observed_mean_unit_types,cuts_per_sequence,elements_total,shape_sigma,shape_tail
song,zipf,holdout,0,0.5,29,4-8,15,8,21.42550588434493,0.9164165284427568,120,1.0748094174524332,0.934131245740095,0,-0.8462758882275658,287.75,156.25454545454545,45560,,
song,zipf,holdout,1,0.5,53,4-8,16,6,68.46341475302276,0.5071307432538302,96,0.7737458847255538,0.9065527244849346,0,-0.8596782400616158,256.5,167.12727272727273,45489,,
song,zipf,holdout,2,0.5,36,1-3,2,8,144.49594941713394,0.9356128540286005,16,0.5776666743608506,0.7890861524520973,0,-1.0789999869792144,106.5,154.4909090909091,45524,,
song,zipf,holdout,3,0.5,51,4-8,13,6,119.96980736051329,0.4954951043574764,78,0.6948868017490138,0.8974974594414309,0,-0.9071875358461238,214.25,160.52727272727273,46146,,
song,zipf,holdout,4,0.5,48,2-8,6,6,99.70278995821315,0.0876789574222714,36,0.9002517782232622,0.849149839558633,0,-1.1183561526802541,108.875,225.0,46001,,
song,zipf,holdout,5,0.5,32,1-3,3,8,115.79194751618783,0.9365839580478407,24,1.4347853641371437,0.7999492333717605,0,-0.8777419226662024,110.5,91.18181818181819,45699,,
song,zipf,holdout,6,0.5,18,4-8,6,7,106.81284432952803,0.6715749784780205,42,1.3811092662768503,0.9487168731136988,0,-1.1209779122006656,140.75,127.67272727272727,46031,,
song,zipf,holdout,7,0.5,12,1-3,7,8,136.7226865380419,0.04778636286564712,56,1.59609952698134,0.9377642209531436,0,-0.9327591064659543,222.125,130.96363636363637,45928,,
song,zipf,holdout,8,0.5,45,4-8,10,5,17.233717287029926,0.3225712646309618,50,0.6849482679155587,0.8833239572094991,0,-1.0429495152885755,167.875,182.43636363636364,45569,,
song,zipf,holdout,9,0.5,60,2-8,6,4,110.54155695096524,0.5879264859238839,24,1.2420795233928505,0.9186290477904497,0,-1.1967124294094464,103.375,129.8,45452,,
song,zipf,holdout,10,0.5,41,2-8,2,2,34.41793217353213,0.07389383692054362,4,1.3284756331899326,0.9387586274473173,0,-1.4368271053925805,36.875,142.3090909090909,45716,,
song,zipf,holdout,11,0.5,25,1-3,10,5,102.48359572712714,0.10580875933504062,50,0.8354759906588287,0.9406264382886131,0,-0.962866810001975,319.25,222.07272727272726,45809,,
song,zipf,holdout,12,0.5,34,2-4,7,3,10.000219905183291,0.08411609900360083,21,0.5172603037275458,0.7643255127150426,0,-1.4884696286585561,59.25,293.7818181818182,45885,,
song,zipf,holdout,13,0.5,53,1-3,8,4,17.243622123492496,0.6686680091620312,32,1.5416352426038096,0.9425466053154458,0,-0.9876246348446606,213.25,137.87272727272727,45792,,
song,zipf,holdout,14,0.5,46,2-4,3,5,95.79575811138629,0.13729569844174885,15,0.8894505695450221,0.8507232001595435,0,-1.495332751364331,62.0,220.4181818181818,45848,,
song,zipf,holdout,15,0.5,16,1-3,4,4,138.80081027855977,0.7070522534461108,16,1.5910674912211589,0.9095057761641716,0,-1.0337462934715909,134.375,118.83636363636364,46008,,
song,zipf,holdout,16,0.5,36,2-8,13,3,58.59292850778227,0.7635461693266465,39,0.8964379074742824,0.9110032493829656,0,-1.098817965683724,143.875,158.87272727272727,45377,,
song,zipf,holdout,17,0.5,60,4-8,4,8,113.22561437921657,0.48310013828898424,32,1.4559808893047304,0.9157708405587266,0,-1.0827200895931972,114.5,117.38181818181818,45649,,
song,zipf,holdout,18,0.5,28,4-8,11,3,110.94039380776711,0.1931879002992407,33,1.451082763118971,0.9458097256376563,0,-1.1744101431276652,119.75,149.61818181818182,45403,,
song,zipf,holdout,19,0.5,29,2-8,16,6,109.87186651862856,0.30644975070117525,96,0.8775303681492188,0.9235674762306647,0,-0.8507025020881084,277.0,166.4909090909091,45695,,
song,zipf,holdout,20,0.5,24,1-3,4,7,150.627703283021,0.5678460507600546,28,1.3216227636826,0.9453815824749929,0,-0.9868592136522769,220.625,168.63636363636363,46122,,
song,zipf,holdout,21,0.5,16,2-4,9,5,152.96984848563943,0.7966107552900646,45,0.9027283983921588,0.9214343212235717,0,-1.1247583069655471,193.625,150.72727272727272,46122,,
song,zipf,holdout,22,0.5,15,4-8,15,2,77.60276392040451,0.3824464066529506,30,0.5725360599712206,0.8847038815976351,0,-1.0609618592077639,141.375,149.25454545454545,45514,,
song,zipf,holdout,23,0.5,35,2-4,16,6,95.40765951121934,0.39528008250134533,96,1.4775513062174195,0.9114134578187233,0,-0.8434455173028961,199.75,131.45454545454547,45885,,
song,zipf,holdout,24,0.5,48,4-8,10,7,133.71408621406326,0.6037494299445096,70,1.2473452498127813,0.9341912987800278,0,-1.001669763517882,165.75,135.14545454545456,45426,,
song,zipf,holdout,25,0.5,21,1-3,4,3,127.58192556718028,0.2550002826392595,12,1.1588277381604941,0.9484476329831386,0,-1.138076301279821,155.5,150.36363636363637,45901,,
song,zipf,holdout,26,0.5,15,1-3,13,8,152.5054714386453,0.1734428358620475,104,1.4907212601607198,0.9367987914409601,0,-0.9420127556488751,259.125,200.27272727272728,45746,,
song,zipf,holdout,27,0.5,20,1-3,7,5,150.4679495821052,0.9474398559869202,35,0.6242450394989709,0.8025166527920337,0,-1.014614765729523,161.25,144.0,45975,,
song,zipf,holdout,28,0.5,14,1-3,15,6,56.14633667463942,0.3542084741010005,90,1.400348964857765,0.9102928047515574,0,-0.820815634265441,283.5,163.6727272727273,45683,,
song,zipf,holdout,29,0.5,12,1-3,4,3,15.527803686083995,0.2278169130883688,12,0.5353795627300878,0.9261758574207073,0,-1.030114156550357,247.125,208.2,45848,,
song,zipf,holdout,30,0.5,15,2-4,8,8,145.58058471430968,0.6596444543392572,64,0.69170355525579,0.9272034784196571,0,-0.9339152670508255,288.75,167.07272727272726,45633,,
song,zipf,holdout,31,0.5,54,4-8,11,6,50.26745193473243,0.44467593794754207,66,0.926382422404562,0.8941224795501933,0,-0.8926116801830501,210.75,160.56363636363636,45642,,
song,zipf,holdout,32,0.5,60,2-8,16,1,104.91132306771483,0.2985492082077378,16,1.5381091420843052,0.9097659551214096,0,-1.2297566790720023,62.5,95.38181818181818,45805,,
song,zipf,holdout,33,0.5,51,4-8,5,2,117.53523700431771,0.34305252185635854,10,0.5356646291537538,0.8003251969190976,0,-1.4827535394693216,46.375,167.27272727272728,45899,,
song,zipf,holdout,34,0.5,54,4-8,3,6,47.43226740246959,0.6242826423061738,18,0.7518462818036302,0.8232652512391083,0,-1.2763839717824366,68.625,194.03636363636363,45668,,
song,zipf,holdout,35,0.5,52,4-8,5,2,124.86876100118599,0.5551609852483622,10,1.2712019846077136,0.9106997151064558,0,-1.4214597996315674,56.0,103.63636363636364,45661,,
song,zipf,holdout,36,0.5,52,4-8,15,8,103.35166961886068,0.7050663108541467,120,1.1182161303504023,0.9527033766034521,0,-0.9609526612191537,214.125,162.3272727272727,45699,,
song,zipf,holdout,37,0.5,42,1-3,7,3,22.24024234133469,0.22101511703504376,21,1.5780836524751714,0.9460231743885144,0,-1.0042465038906565,152.875,122.23636363636363,45611,,
song,zipf,holdout,38,0.5,56,2-8,9,6,100.60306561797474,0.5732198225094808,54,0.7322695928714491,0.8959472800156458,0,-0.9953605119569827,177.625,153.54545454545453,46065,,
song,zipf,holdout,39,0.5,25,4-8,10,2,128.68271788159512,0.8281648746296826,20,1.3788368022649573,0.9006029160626587,0,-1.3050491294596847,70.0,127.85454545454546,45960,,
song,zipf,holdout,40,0.5,54,4-8,2,3,8.817713143675073,0.7336836647476992,6,1.432253302405688,0.8922220060113373,0,-1.4194273206380048,33.5,123.0,45797,,
song,zipf,holdout,41,0.5,51,2-4,3,5,66.06163557699705,0.9053338442362008,15,1.3539141972038786,0.8968114178527868,0,-1.1979562426349752,81.75,116.32727272727273,46237,,
song,zipf,holdout,42,0.5,13,1-3,15,3,154.58005024322452,0.6336903840727542,45,1.2492981894108732,0.9343147828950342,0,-0.9823218888052198,195.5,143.83636363636364,45715,,
song,zipf,holdout,43,0.5,48,4-8,5,6,8.522566170756466,0.31545438694751393,30,1.2418554387859189,0.9101212823387115,0,-1.2029865697039308,112.125,174.03636363636363,45874,,
song,zipf,holdout,44,0.5,49,2-8,8,3,55.11213134113072,0.8169508041011806,24,1.218429392084768,0.9209784735708624,0,-1.2251843482792442,91.0,153.96363636363637,45527,,
song,zipf,holdout,45,0.5,23,2-8,4,6,112.40863781374568,0.7825352438727352,24,0.7325222909024685,0.9111454054118493,0,-1.2843505057444737,108.5,151.70909090909092,45735,,
song,zipf,holdout,46,0.5,21,2-8,13,3,13.181633392210774,0.1159439242857683,39,1.5047000238712989,0.9505527506564461,0,-1.1599880175410726,153.875,170.94545454545454,46000,,
song,zipf,holdout,47,0.5,51,2-4,2,3,115.72852452253412,0.09226557177812542,6,0.8943821158882086,0.9461616248311152,0,-1.660402161990206,42.375,150.21818181818182,45916,,
song,zipf,holdout,48,0.5,25,1-3,2,5,113.43467667762015,0.4820370419774762,10,0.7258112379167292,0.9427471744089692,0,-1.3190065579865096,129.125,230.52727272727273,45367,,
song,zipf,holdout,49,0.5,27,2-8,4,8,105.84370568578592,0.8345962643667931,32,0.6502826300568599,0.914888220134106,0,-1.2813106114937516,115.5,149.6,46340,,
song,zipf,holdout,50,0.5,20,2-4,12,1,32.95055382857871,0.6153804875255813,12,1.52137328009029,0.9242711503655215,0,-1.158617447661845,85.625,97.85454545454546,45772,,
song,zipf,holdout,51,0.5,45,2-4,10,4,156.6778571073557,0.03351388507443656,40,0.91337032554522,0.9186602041921977,0,-1.1932198799958744,169.75,202.4181818181818,45686,,
song,zipf,holdout,52,0.5,37,1-3,14,7,36.21743781359202,0.5701535087517482,98,1.2357143729521658,0.9222462489696215,0,-0.8370303077059027,310.875,162.52727272727273,45648,,
song,zipf,holdout,53,0.5,52,2-8,13,5,17.9906195054169,0.7076326286037616,65,0.5680025362000484,0.8590172900434364,0,-1.0219163643362847,193.0,188.43636363636364,45671,,
song,zipf,holdout,54,0.5,57,4-8,10,5,120.04855251437726,0.014484770636991473,50,1.1902030279638378,0.9185212217627859,0,-0.9474193431474167,165.875,143.6909090909091,45776,,
song,zipf,holdout,55,0.5,46,4-8,16,8,31.244185865152808,0.40506469056924865,128,1.5125265504939776,0.9380724827053907,0,-0.8824863512670091,212.375,141.83636363636364,45681,,
song,zipf,holdout,56,0.5,35,1-3,3,7,80.18131038709244,0.8722510152766203,21,0.9382713840578858,0.9104309266947721,0,-1.013960028167696,149.875,129.76363636363635,45979,,
song,zipf,holdout,57,0.5,51,2-8,14,8,62.00204613407178,0.5557048432698914,112,1.440622936888487,0.9459149028269833,0,-0.9544849129606582,203.875,142.16363636363636,45532,,
song,zipf,holdout,58,0.5,18,4-8,14,6,141.543878298521,0.12871768639939277,84,1.1066734589783818,0.942598659950284,0,-0.8672868053214096,254.625,152.78181818181818,45786,,
song,zipf,holdout,59,0.5,30,2-8,10,7,144.3903746649345,0.7344161938574273,70,1.5631282411333334,0.9591656859194888,0,-1.1669344412278284,129.25,136.76363636363635,46126,,
song,zipf,holdout,60,0.5,41,1-3,12,7,132.28389266168136,0.6924618048344123,84,1.482249317785318,0.9165717208590555,0,-0.8086301521087405,217.75,96.43636363636364,45800,,
song,zipf,holdout,61,0.5,55,1-3,13,8,106.86539338119233,0.4297630448666858,104,1.0323491692271562,0.9236400451430995,0,-0.7954005985618703,379.375,195.65454545454546,45648,,
song,zipf,holdout,62,0.5,46,2-8,7,2,93.70473870564926,0.9003365394549963,14,1.1702495642642519,0.9239397893275624,0,-1.4098208975265467,67.875,102.67272727272727,45799,,
song,zipf,holdout,63,0.5,47,4-8,2,4,155.46647151919493,0.11812863046340451,8,0.7556456470005045,0.8068081826898424,0,-1.3299911841506764,36.75,175.6727272727273,45861,,
song,zipf,holdout,64,0.5,24,2-8,13,1,41.30490630344218,0.6453943550194905,13,1.0011313027583912,0.8296284521746364,0,-1.3947351949609577,52.25,169.1818181818182,45970,,
song,zipf,holdout,65,0.5,17,4-8,6,1,52.6994864021665,0.551392177189383,6,0.940738794543017,0.8382614238215882,0,-1.8463370223059568,26.625,150.36363636363637,45779,,
song,zipf,holdout,66,0.5,16,2-8,2,7,65.39470598463805,0.2759822975198699,14,1.169755271944541,0.9148679586057686,0,-1.3522498832506966,86.125,159.83636363636364,45555,,
song,zipf,holdout,67,0.5,49,4-8,2,5,122.32610445168955,0.7470483551061076,10,1.175292539920206,0.8971680685799576,0,-1.5603523504145205,44.5,162.1090909090909,45957,,
song,zipf,holdout,68,0.5,56,4-8,16,3,102.72515516334143,0.8294279494826301,48,1.574520238025387,0.9466549163705498,0,-1.0273767975408203,129.75,102.27272727272727,45908,,
song,zipf,holdout,69,0.5,28,2-4,15,7,99.57252064193769,0.10410712036898069,105,0.7576197107631599,0.9365621304123737,0,-0.8975029585566403,356.0,220.83636363636364,45753,,
song,zipf,holdout,70,0.5,28,1-3,2,1,84.57101309347975,0.746516877107763,2,0.6554821028207043,0.7194673134938006,1,-0.9302554720851969,34.75,83.16363636363636,45632,,
song,zipf,holdout,71,0.5,33,1-3,11,3,76.07642234902663,0.891558272918415,33,0.8259499357219067,0.9350874920866008,0,-1.0187973302753193,186.5,176.4181818181818,45663,,
song,zipf,holdout,72,0.5,22,1-3,9,6,93.53035264935563,0.7697579881000597,54,0.8441679152507748,0.9302379804188593,0,-0.9419757950558209,276.0,172.96363636363637,45822,,
song,zipf,holdout,73,0.5,54,4-8,12,4,41.46670140057167,0.3457994548407705,48,0.8064467090663178,0.8782067208524897,0,-0.996022615813842,159.0,174.5818181818182,45670,,
song,zipf,holdout,74,0.5,22,1-3,10,8,124.29109895233711,0.34960386584720404,80,0.5884128937191628,0.9120916922337012,0,-0.7942591106656377,448.5,212.45454545454547,45694,,
song,zipf,holdout,75,0.5,57,1-3,4,5,114.33122548011086,0.8432054151623226,20,1.0310405007674772,0.8959017775238014,0,-0.830414564859534,164.625,99.34545454545454,45617,,
song,zipf,holdout,76,0.5,56,2-8,7,5,125.56396582393685,0.7472066854584308,35,1.1285512468937609,0.9245623121989548,0,-1.1563665772157818,115.875,151.87272727272727,45017,,
song,zipf,holdout,77,0.5,39,2-8,10,6,114.19935874360792,0.5336132539911518,60,0.6366930312865606,0.8923809982789138,0,-1.015918956710853,189.75,167.47272727272727,45739,,
song,zipf,holdout,78,0.5,36,2-4,16,2,144.06719413431085,0.6615086833572035,32,1.435501132133108,0.9557590685160829,0,-1.067615732615608,126.75,114.98181818181818,45641,,
song,zipf,holdout,79,0.5,39,1-3,6,6,34.298257970805686,0.059590970221326256,36,0.5171077259979691,0.9352158349827917,0,-1.1312808866075765,286.25,286.8,45828,,
song,zipf,holdout,80,0.5,37,1-3,2,2,134.55359616093486,0.04778537096828772,4,1.391762623244052,0.9500967119576483,0,-1.3604186643173577,75.125,96.87272727272727,45738,,
song,zipf,holdout,81,0.5,32,2-4,14,8,62.92466083249547,0.674494196500752,112,1.3372301433155158,0.9460236528993795,0,-0.8867921622951354,244.75,145.2,45812,,
song,zipf,holdout,82,0.5,42,2-8,14,1,105.79670245053568,0.46028010575523676,14,1.1407491073065223,0.872098329527715,0,-1.4877820804068258,56.375,128.29090909090908,45776,,
song,zipf,holdout,83,0.5,24,4-8,14,4,67.96298851848405,0.09987301264370613,56,0.5774564098660856,0.9038662625160694,0,-0.8831689405519623,234.375,155.94545454545454,45654,,
song,zipf,holdout,84,0.5,19,2-8,15,7,120.78826065710753,0.4449631824116546,105,1.3572681125241721,0.9562203117434589,0,-0.9722131785856194,202.375,159.8,45900,,
song,zipf,holdout,85,0.5,12,2-8,11,3,59.42171335195263,0.2825305791097924,33,1.2784279246278625,0.9474227207005577,0,-1.1190079866802978,153.375,156.2,45817,,
song,zipf,holdout,86,0.5,46,2-4,2,5,141.83415109115617,0.894136669232249,10,1.4689549120982537,0.8662923046829094,0,-1.1335063112978827,72.125,83.65454545454546,45846,,
song,zipf,holdout,87,0.5,56,2-8,5,7,42.55052966995612,0.14200790796076945,35,0.5760037238371649,0.7660376312486037,0,-1.1454435259703637,98.375,216.52727272727273,45771,,
song,zipf,holdout,88,0.5,23,2-4,2,7,98.52330071056844,0.5951838592622428,14,1.1815364174215737,0.9448304818367086,0,-1.3047577036752818,108.0,150.36363636363637,45433,,
song,zipf,holdout,89,0.5,35,2-8,11,4,8.843221810918287,0.7919287906574959,44,1.180347249654617,0.9404889166429645,0,-1.1226971083454864,162.625,201.0,46032,,
song,zipf,holdout,90,0.5,35,2-8,2,5,155.1414988568587,0.627948933885609,10,1.5659820203909356,0.9277550489706614,0,-1.302698575184981,72.75,103.07272727272728,46361,,
song,zipf,holdout,91,0.5,23,1-3,4,6,12.87857040106579,0.8825771741540508,24,0.8845176192686717,0.9518977924589272,0,-1.137074899199864,187.125,220.23636363636365,45432,,
song,zipf,holdout,92,0.5,57,4-8,7,3,23.066984702458317,0.6222334664300423,21,1.068746323274444,0.8605603439497997,0,-1.1926672575711514,84.25,149.78181818181818,45877,,
song,zipf,holdout,93,0.5,15,1-3,7,3,54.16298945574045,0.7086946023100474,21,0.5445835104559158,0.9451340745202302,0,-1.1633603284019842,183.375,228.29090909090908,45611,,
song,zipf,holdout,94,0.5,45,4-8,16,3,117.55557607314918,0.13526240549402355,48,1.389397760994008,0.9478609693376947,0,-1.0474296912746484,144.25,156.8909090909091,45809,,
song,zipf,holdout,95,0.5,37,4-8,9,1,152.00703278877367,0.8450911900247351,9,0.8152227500627851,0.8285250605445076,0,-1.8748134037624988,31.25,142.98181818181817,45371,,
song,zipf,holdout,96,0.5,38,2-4,5,3,120.7400234098841,0.5891070027545756,15,0.8829166620980544,0.9419824968288035,0,-1.2530750153155898,118.875,133.6727272727273,45763,,
song,zipf,holdout,97,0.5,26,2-4,2,1,148.16575856971943,0.9330969825258643,2,1.4825103546708631,0.6022314250783128,1,-0.2392720882701385,27.75,3.7636363636363637,45815,,
song,zipf,holdout,98,0.5,51,2-8,2,6,105.86731365285215,0.020365905710342164,12,1.4566553081751643,0.872412549140408,0,-1.2812568603653203,65.5,124.69090909090909,45712,,
song,zipf,holdout,99,0.5,42,2-8,9,5,26.51463229375676,0.2510760880164485,45,0.8295466559590978,0.8857963855584567,0,-1.0815199433638836,155.0,199.03636363636363,45407,,
song,zipf,holdout,100,0.5,28,2-8,2,5,55.94110314653369,0.33916742564842123,10,0.8170508639774804,0.8236556898660832,0,-1.5061780798817803,45.125,181.4909090909091,45543,,
song,zipf,holdout,101,0.5,35,2-8,13,4,31.306260451688903,0.38014455808339465,52,0.7558806507997441,0.8897935985884442,0,-1.0197480077191619,189.625,187.9090909090909,45322,,
song,zipf,holdout,102,0.5,55,4-8,12,4,46.013160924742,0.3703600715110526,48,0.6280083957150467,0.846191791828125,0,-0.9847983777284883,155.5,176.9090909090909,45759,,
song,zipf,holdout,103,0.5,53,1-3,10,8,113.78746354985374,0.8580320971789848,80,0.844177972293034,0.9201082862700023,0,-0.9432067736841461,253.625,178.56363636363636,45835,,
song,zipf,holdout,104,0.5,20,2-8,10,1,147.35224070025163,0.9044915627317676,10,0.7718962373860359,0.8501710169473634,0,-1.7410592540157348,34.125,159.3090909090909,46101,,
song,zipf,holdout,105,0.5,57,2-4,9,5,85.72265307050414,0.7329257880486578,45,1.3615744808509795,0.9421879323297213,0,-0.9845565287025994,154.875,120.94545454545455,45667,,
song,zipf,holdout,106,0.5,37,2-8,14,7,9.283607082281412,0.8139518314133278,98,1.064507665402619,0.935907330029928,0,-0.934999396903751,265.0,191.21818181818182,45890,,
song,zipf,holdout,107,0.5,34,4-8,9,5,9.678023267378318,0.8981211752160465,45,0.8084540557262768,0.9024192962960909,0,-1.0499418650242536,169.5,173.25454545454545,45651,,
song,zipf,holdout,108,0.5,45,1-3,8,4,23.046733334183067,0.8365786037852027,32,1.5604931525599064,0.9248828560355544,0,-0.8573007530323372,197.0,125.45454545454545,45960,,
song,zipf,holdout,109,0.5,53,2-8,13,3,155.401985727317,0.048861249877942825,39,1.1183393988410733,0.93057568508192,0,-1.0623609100596538,146.5,157.34545454545454,45660,,
song,zipf,holdout,110,0.5,40,2-4,9,8,101.15793554630108,0.4352559038529563,72,1.1469117449721002,0.9381881597758923,0,-0.9933134300152706,219.625,173.76363636363635,45773,,
song,zipf,holdout,111,0.5,33,2-4,16,7,50.12189017690935,0.6152390655997667,112,0.7245386952860491,0.932274822856192,0,-0.8872471730905577,351.75,207.78181818181818,45840,,
song,zipf,holdout,112,0.5,51,1-3,5,3,101.91098127627643,0.38069563009121143,15,0.7386760807486414,0.9563585257276734,0,-1.0675538179035071,187.375,153.9090909090909,46008,,
song,zipf,holdout,113,0.5,43,2-4,4,7,52.743172319168416,0.48528134782445337,28,1.5270812973841341,0.9427149950245994,0,-1.0837174598901198,131.375,137.0909090909091,45681,,
song,zipf,holdout,114,0.5,60,4-8,3,1,88.06976763643345,0.9349744250307476,3,0.8004329192205866,0.7279270414907177,0,-1.2535576458157087,21.5,44.127272727272725,45820,,
song,zipf,holdout,115,0.5,49,2-4,16,8,62.399590496651385,0.3238894800644943,128,1.1815801891788276,0.9442375650443874,0,-0.8641450107452349,309.625,177.98181818181817,45816,,
song,zipf,holdout,116,0.5,42,2-8,5,5,109.93750025350303,0.42673522623131527,25,1.0188698198754174,0.9020247100146548,0,-1.1960472308879613,122.875,159.0909090909091,45940,,
song,zipf,holdout,117,0.5,36,2-4,8,2,156.68807774891152,0.7954819624190325,16,0.6681239305239587,0.9160854521000403,0,-1.391263795246028,95.25,177.94545454545454,45819,,
song,zipf,holdout,118,0.5,26,1-3,9,6,92.87526478444072,0.8124939633847991,54,1.1713387206854877,0.9435709162127395,0,-0.9678461266488929,222.5,145.27272727272728,45822,,
song,zipf,holdout,119,0.5,51,2-4,13,2,89.24578500413905,0.6751190245254656,26,1.0406584537768016,0.9397150301630602,0,-1.1564977787264166,131.875,125.14545454545454,45701,,
song,zipf,holdout,120,0.5,52,2-8,6,6,138.22160545689923,0.14252300938638857,36,1.2293728868497227,0.9270587119037337,0,-1.1730673190918899,117.375,170.92727272727274,45880,,
song,zipf,holdout,121,0.5,14,4-8,7,6,98.57920252231828,0.29318257169841105,42,1.481603507522338,0.9584286301140428,0,-1.2219719404413052,124.75,192.76363636363635,45989,,
song,zipf,holdout,122,0.5,42,1-3,6,8,126.51368753765851,0.20465746061184947,48,1.424671060486245,0.9437999298284869,0,-0.9121746815870209,242.375,170.83636363636364,45726,,
song,zipf,holdout,123,0.5,13,1-3,2,7,19.665672765631893,0.06282037986903961,14,0.9585981040512281,0.9354091692940416,0,-1.1378934480233807,260.75,252.70909090909092,45626,,
song,zipf,holdout,124,0.5,59,4-8,5,3,60.78537465210637,0.07779215735853089,15,0.6132881628645283,0.7795998161604243,0,-1.2252311271257654,56.625,200.74545454545455,45654,,
song,zipf,holdout,125,0.5,33,4-8,6,8,28.377865293248888,0.7990583483655905,48,1.485574865899568,0.9414105352219154,0,-1.1837335445352855,118.0,166.07272727272726,46005,,
song,zipf,holdout,126,0.5,29,4-8,15,1,155.34890345772862,0.7362547791773562,15,0.6251944720034663,0.8244710670811009,0,-1.4885951765460268,49.375,154.56363636363636,45358,,
song,zipf,holdout,127,0.5,17,2-8,13,7,31.90262367204552,0.6305262366329433,91,0.9877971054665609,0.9347531582657973,0,-0.8267828009892209,307.25,166.29090909090908,45471,,
song,zipf,holdout,128,0.5,22,1-3,12,3,66.50398021887585,0.689862128698665,36,1.098307114408978,0.9452444134119689,0,-0.9753189023661815,238.875,170.74545454545455,45915,,
song,zipf,holdout,129,0.5,21,4-8,8,3,142.55540776481308,0.6621076295198229,24,0.5113674790674049,0.8919822545521782,0,-1.287220269137262,101.125,170.76363636363635,46074,,
song,zipf,holdout,130,0.5,42,4-8,10,8,111.12395457563522,0.6543929293878369,80,0.9546365446456607,0.9271377014848272,0,-0.9672074661337646,202.0,171.9090909090909,45736,,
song,zipf,holdout,131,0.5,16,1-3,12,4,82.03371535789279,0.0912683069864169,48,1.4730380485727115,0.9364714538195873,0,-0.9119215964398149,214.25,159.3090909090909,45673,,
song,zipf,holdout,132,0.5,19,1-3,6,2,155.01583165049234,0.490576026993661,12,1.5813522742136634,0.9160961606944781,0,-1.0839268120193157,111.375,124.18181818181819,45754,,
song,zipf,holdout,133,0.5,14,2-4,3,2,29.609757575799854,0.6623595606506861,6,1.5700902145343718,0.9429618189794255,0,-1.3792741556684134,64.25,131.5090909090909,45705,,
song,zipf,holdout,134,0.5,49,1-3,8,7,54.99461277744607,0.5869569193128309,56,1.3066814464579486,0.9434127143477485,0,-0.9026962531366722,271.125,169.0,45699,,
song,zipf,holdout,135,0.5,47,4-8,13,6,139.81357278761467,0.8206946963521387,78,0.5101921933557889,0.9063956082910232,0,-0.9901298031988545,182.75,127.03636363636363,45850,,
song,zipf,holdout,136,0.5,48,2-4,5,2,112.74056172568267,0.5034095664965196,10,1.4885156520160554,0.9457320208049657,0,-1.4396269714512826,63.875,135.74545454545455,45846,,
song,zipf,holdout,137,0.5,52,4-8,13,4,78.36217608825037,0.3156647102414057,52,0.5079254095202637,0.848325937033859,0,-0.9779099996956133,161.625,171.16363636363636,45708,,
song,zipf,holdout,138,0.5,52,1-3,10,1,127.3051513599536,0.3581001019708839,10,1.0997686955506234,0.8522078879336038,0,-0.9794763793623833,82.125,91.78181818181818,45723,,
song,zipf,holdout,139,0.5,18,2-4,6,5,126.2251778490332,0.898699407306163,30,0.5581676764967074,0.9060311051658166,0,-1.269970280060591,128.625,162.12727272727273,46075,,
song,zipf,holdout,140,0.5,16,1-3,2,6,75.42725489717874,0.8488675923210353,12,0.7356948667273265,0.9187940168000874,0,-0.994160671546098,148.125,142.36363636363637,45762,,
song,zipf,holdout,141,0.5,52,1-3,8,2,13.59528278734481,0.5300577225444376,16,1.0160101002263564,0.9573525317487358,0,-1.196460330643703,170.0,223.63636363636363,45554,,
song,zipf,holdout,142,0.5,42,2-8,14,3,9.333908695504125,0.910713809282221,42,1.5202438569852976,0.938107854971437,0,-1.0290629176103792,149.75,130.3272727272727,45352,,
song,zipf,holdout,143,0.5,35,2-4,7,6,73.8506434033552,0.2681232032776727,42,0.7247609985870762,0.9064286962794499,0,-1.1548796496475195,198.125,224.76363636363635,45892,,
song,zipf,holdout,144,0.5,24,2-8,10,7,149.71197874374687,0.2839163011528322,70,0.7893142339478512,0.9294827599872542,0,-0.9431110817345439,262.0,169.83636363636364,45569,,
song,zipf,holdout,145,0.5,20,1-3,5,5,70.82094256879165,0.9266769519970621,25,0.7375785465127174,0.8552716999816083,0,-0.9685553465102932,165.625,171.05454545454546,46115,,
song,zipf,holdout,146,0.5,36,1-3,12,5,128.58451288746767,0.41939294476166006,60,1.5383053052281286,0.9178698588078695,0,-0.8204591385994999,217.25,129.3090909090909,45983,,
song,zipf,holdout,147,0.5,45,1-3,6,7,92.67664887345751,0.5786390032235611,42,1.2359438394306497,0.9472081418835269,0,-0.9551602815157638,226.75,158.03636363636363,46033,,
song,zipf,holdout,148,0.5,57,1-3,4,8,61.51222783167325,0.7376834005295076,32,0.6175230181317978,0.9524211908029552,0,-0.9964371368729488,218.125,169.36363636363637,45862,,
song,zipf,holdout,149,0.5,12,2-8,6,2,71.32672597180469,0.3337692023736019,12,0.693535728410062,0.8962354244257362,0,-1.3309103698882851,68.5,130.76363636363635,45537,,
song,zipf,holdout,150,0.5,51,2-8,4,1,127.03952790440096,0.8840407999801982,4,1.1134831580095215,0.796405500678548,0,-1.6371023053295317,26.5,65.4,45876,,
song,zipf,holdout,151,0.5,42,2-4,2,2,69.89845467365663,0.689014303703274,4,1.211421064992365,0.8949224367053039,0,-1.2415182470776387,51.625,84.67272727272727,45619,,
song,zipf,holdout,152,0.5,53,2-8,4,6,35.61597698101316,0.22033333492917812,24,1.5223075473581815,0.9411091091579334,0,-1.1794232204648571,105.375,139.5090909090909,45824,,
song,zipf,holdout,153,0.5,17,2-8,12,5,58.20615150258215,0.8707147609397812,60,0.7418956451344241,0.9152852816142939,0,-0.963537681488294,211.0,150.76363636363635,46271,,
song,zipf,holdout,154,0.5,48,4-8,8,5,151.30325097329194,0.5288241755098639,40,1.3946095723029222,0.9351807051945621,0,-1.0760624880755199,124.0,146.16363636363636,45552,,
song,zipf,holdout,155,0.5,16,2-4,8,6,116.95315916968654,0.09883413824313864,48,1.3063327651420122,0.9563718001516506,0,-1.0119062224814668,204.375,184.92727272727274,45726,,
song,zipf,holdout,156,0.5,33,2-4,16,3,98.62566621645479,0.9182883586392135,48,1.389866025679202,0.9549369719865305,0,-1.072349097967523,136.75,125.2909090909091,45595,,
song,zipf,holdout,157,0.5,13,4-8,15,4,90.7027683151571,0.8538968397679031,60,1.2789528928337086,0.9513144138540474,0,-1.0159432526979573,161.0,152.43636363636364,46070,,
song,zipf,holdout,158,0.5,18,4-8,12,4,62.60239471449157,0.9408022070034276,48,1.4964866446652807,0.9564816677671162,0,-1.1766413520222,123.25,154.52727272727273,45696,,
song,zipf,holdout,159,0.5,48,2-8,8,8,92.67409965224662,0.7722340089812848,64,1.0401264260634977,0.9339660913210832,0,-1.0408667604693778,171.0,150.63636363636363,46260,,
song,zipf,holdout,160,0.5,25,2-4,13,8,34.404899445477255,0.41370254678177054,104,1.3519786339988302,0.9392513436116726,0,-0.9085856305696445,277.625,167.5090909090909,45739,,
song,zipf,holdout,161,0.5,12,4-8,6,6,123.88063234464076,0.7742211361489217,36,0.7050478946937415,0.9149977420093436,0,-1.1367327603080148,148.375,151.29090909090908,45895,,
song,zipf,holdout,162,0.5,13,4-8,7,2,119.47123877801405,0.3426480843077813,14,0.7012444019561852,0.9006429476549714,0,-1.3831349380309743,70.25,155.6727272727273,45503,,
song,zipf,holdout,163,0.5,22,1-3,7,8,149.60942307029364,0.09273644624824162,56,0.8568461599196571,0.9472989283882574,0,-0.9650530896608661,324.25,239.16363636363636,45743,,
song,zipf,holdout,164,0.5,23,1-3,13,5,58.792628796372455,0.8183569630046232,65,1.3184158108296784,0.9248032820528975,0,-0.894661359490913,233.0,149.23636363636365,46022,,
song,zipf,holdout,165,0.5,41,4-8,2,5,115.1781423411743,0.23667084173225802,10,0.7911340322491989,0.787537526535691,0,-1.2815180635315833,43.25,187.1818181818182,45750,,
song,zipf,holdout,166,0.5,47,4-8,13,1,123.92931309441055,0.14994620795764288,13,1.3486786959600383,0.8613341918865806,0,-1.465318940177514,47.5,103.0909090909091,45708,,
song,zipf,holdout,167,0.5,24,2-4,5,8,129.65778175651272,0.5244284729419707,40,1.0355280857097364,0.9499184057286567,0,-1.1446554092645216,178.375,195.98181818181817,45744,,
song,zipf,holdout,168,0.5,38,2-8,12,4,107.56730330387197,0.13170302377275062,48,1.2038955293160538,0.9409112081611474,0,-1.1014619042693314,156.25,158.56363636363636,45766,,
song,zipf,holdout,169,0.5,41,1-3,7,1,23.246400329819885,0.02403216613103763,7,1.5299653990074502,0.9134914785162689,0,-1.130873322355721,89.5,94.50909090909092,45782,,
song,zipf,holdout,170,0.5,28,2-8,14,3,154.57884946212343,0.35878232697931367,42,0.8571821477481227,0.9239199586649119,0,-1.1447817066272767,144.25,186.98181818181817,45590,,
song,zipf,holdout,171,0.5,36,2-8,14,1,159.97536861698487,0.6800356102025735,14,0.7030935632800165,0.8571109970236428,0,-1.575175854647069,49.125,145.6909090909091,46343,,
song,zipf,holdout,172,0.5,38,2-8,16,5,146.166692772008,0.2809764231730307,80,1.447042330002109,0.9385920626253568,0,-1.0363323634262642,170.625,126.96363636363637,45769,,
song,zipf,holdout,173,0.5,39,2-4,16,1,67.6891560104442,0.21717151651914987,16,1.4608062167032334,0.948271984798423,0,-1.2402195287719726,83.75,94.94545454545455,45813,,
song,zipf,holdout,174,0.5,42,1-3,6,5,98.27247931262697,0.5390574441059893,30,1.2493179658500828,0.9398070572005299,0,-0.9403855590181072,218.75,148.8,45757,,
song,zipf,holdout,175,0.5,17,2-8,5,6,125.82317290774003,0.29616530347870357,30,1.0219893395723636,0.9447245969013116,0,-1.1600350174239338,158.5,168.87272727272727,45137,,
song,zipf,holdout,176,0.5,34,2-8,14,2,65.62442349034053,0.45721644785262266,28,0.8884126843616721,0.9008832738812169,0,-1.1695140564589266,118.125,164.6727272727273,45771,,
song,zipf,holdout,177,0.5,32,2-8,4,7,84.40534180068605,0.08991423389003454,28,1.2627855912821335,0.9246236804587147,0,-1.1888850197886307,117.375,203.3090909090909,45894,,
song,zipf,holdout,178,0.5,19,2-8,10,5,96.20856552603807,0.8148327901971035,50,0.834755652604949,0.9291315217790763,0,-1.0738841289684407,174.875,142.70909090909092,45396,,
song,zipf,holdout,179,0.5,49,4-8,14,3,53.129473337757574,0.26069748182951963,42,1.448437148645408,0.940006040826715,0,-1.092524387778118,133.375,145.14545454545456,45665,,
song,zipf,holdout,180,0.5,51,1-3,5,7,74.21382536692512,0.3200770772787389,35,0.8441139996933038,0.9487477322754239,0,-1.047447207229621,283.625,229.6909090909091,45744,,
song,zipf,holdout,181,0.5,58,4-8,12,4,33.89440239033936,0.25972637004405197,48,0.7475810639500108,0.8460995306403325,0,-1.0414553895999448,148.125,194.25454545454545,45704,,
song,zipf,holdout,182,0.5,38,2-4,6,2,114.28444407802992,0.08236316613501522,12,0.58876807530009,0.9283006908556035,0,-1.524734948502819,69.375,188.12727272727273,45827,,
song,zipf,holdout,183,0.5,28,4-8,13,3,149.3450886114185,0.5602701568190886,39,1.279330562197148,0.9409420389545934,0,-1.1310382043904093,127.375,137.5818181818182,45941,,
song,zipf,holdout,184,0.5,34,4-8,15,6,142.5567096669683,0.21988037988749937,90,0.9137634722385224,0.9252145879243532,0,-0.842578835665422,264.625,155.4181818181818,45998,,
song,zipf,holdout,185,0.5,49,1-3,3,5,19.011458097343976,0.14865136618021302,15,0.5662108695886714,0.9494154114386575,0,-1.4168645807345621,161.25,304.76363636363635,45848,,
song,zipf,holdout,186,0.5,39,2-4,12,4,75.01371812494327,0.6311096289922229,48,1.1540309708806364,0.9419956254974833,0,-1.0187299591977828,173.5,142.21818181818182,45616,,
song,zipf,holdout,187,0.5,46,1-3,13,2,50.09254096989306,0.09476979314234621,26,0.7654955967617569,0.9477591771196896,0,-1.1258595000962797,202.0,195.61818181818182,45819,,
song,zipf,holdout,188,0.5,36,2-4,13,6,97.75287298258029,0.524865516833577,78,1.291956854593181,0.9502577302168392,0,-0.9258765219554044,229.625,144.2,45834,,
song,zipf,holdout,189,0.5,16,4-8,4,2,43.6508423733333,0.2486048559563242,8,0.6259613142749325,0.8130615742597604,0,-1.3968820760452432,35.75,167.72727272727272,45760,,
song,zipf,holdout,190,0.5,39,4-8,12,7,33.91190381766427,0.4432833090367078,84,1.075569742064988,0.9411171579533968,0,-0.9332079528024821,233.625,185.1090909090909,46217,,
song,zipf,holdout,191,0.5,39,2-4,3,6,140.80747397648082,0.6364334370518986,18,1.0027043899595394,0.9412096249410633,0,-1.2360286436807155,109.25,176.25454545454545,46088,,
song,zipf,holdout,192,0.5,57,2-8,14,3,67.45311277161905,0.4412700434358893,42,0.9238932379564491,0.9027910940333552,0,-1.0424771778897015,157.625,175.01818181818183,45704,,
song,zipf,holdout,193,0.5,16,1-3,6,7,93.86817097249008,0.8835703576424956,42,0.9917129918918055,0.9074195876966865,0,-1.006621154926358,187.125,164.63636363636363,45562,,
song,zipf,holdout,194,0.5,44,1-3,8,7,19.27777996211828,0.7958484342071399,56,1.5374664296281495,0.9289337882894706,0,-0.9294285420269248,209.5,125.07272727272728,45592,,
song,zipf,holdout,195,0.5,28,1-3,15,6,91.41277916310571,0.6860699828672678,90,0.9160388408390995,0.9310371853929483,0,-0.847823790732174,347.125,182.6727272727273,45773,,
song,zipf,holdout,196,0.5,23,1-3,5,7,63.5373787304931,0.25486402634442845,35,0.5907804515987332,0.9423298230220905,0,-1.0483501435284222,302.75,258.8,45934,,
song,zipf,holdout,197,0.5,27,2-8,13,2,149.40943025117872,0.44146680941460115,26,0.7377767145433647,0.8663013060655269,0,-1.2691017631600672,102.625,174.4181818181818,46069,,
song,zipf,holdout,198,0.5,53,2-4,3,6,86.89262059691984,0.2682170324117751,18,1.3292249444131177,0.9232684707734591,0,-1.3102896692604638,85.875,170.01818181818183,45859,,
song,zipf,holdout,199,0.5,28,1-3,16,8,17.50748249787202,0.5199333498557522,128,1.5024362459496465,0.9369896102836692,0,-0.9147082080124368,279.75,179.14545454545456,45873,,
song,zipf,holdout,200,0.5,54,2-8,2,3,35.0034050082717,0.8345669054833057,6,0.5212060760184692,0.8994043228825102,0,-1.5274648260015946,35.5,173.70909090909092,45615,,
song,zipf,holdout,201,0.5,15,1-3,8,6,74.2609800745888,0.6184631361559355,48,0.6947151876439523,0.9122100048337578,0,-0.8991043852435733,331.375,196.98181818181817,45876,,
song,zipf,holdout,202,0.5,16,1-3,3,7,125.3599698989935,0.8901404112164029,21,0.9221188738381316,0.8751039808763321,0,-1.0771188731492285,155.625,174.03636363636363,45335,,
song,zipf,holdout,203,0.5,14,2-4,3,8,65.84546480221483,0.8671777975020916,24,1.354495943535759,0.9445208846566553,0,-1.3183281262562683,106.125,183.56363636363636,46057,,
song,zipf,holdout,204,0.5,49,1-3,6,3,128.11783245707744,0.2581141965499032,18,1.120134161890228,0.9441569062479787,0,-1.0011603026369775,192.25,150.25454545454545,45791,,
song,zipf,holdout,205,0.5,13,2-4,5,7,116.69231490571015,0.7909449502238471,35,1.39838794170528,0.9453567759148818,0,-1.1650659928200846,151.125,140.01818181818183,45585,,
song,zipf,holdout,206,0.5,43,4-8,6,2,67.20232055704096,0.8010264786255825,12,0.6328085034707435,0.8353014375038069,0,-1.3974686539901975,52.375,170.4,45909,,
song,zipf,holdout,207,0.5,52,2-4,12,8,91.3045855498507,0.2771278470649453,96,1.2608088534316937,0.9406224539304044,0,-0.9039366191323819,248.625,160.87272727272727,45712,,
song,zipf,holdout,208,0.5,54,4-8,6,2,121.42458643960379,0.42634837656224234,12,0.5179456663532668,0.8665202381912842,0,-1.5526966213630375,53.5,142.14545454545456,45572,,
song,zipf,holdout,209,0.5,51,2-4,4,5,32.44263252987255,0.22238490337142164,20,1.2497006342013388,0.9364626773941771,0,-1.3402039309044018,100.25,197.9090909090909,45529,,
song,zipf,holdout,210,0.5,38,2-8,6,2,57.73231225999126,0.4091870860182631,12,1.4502382272821075,0.9125511221874238,0,-1.4339235905756387,61.375,134.96363636363637,45817,,
song,zipf,holdout,211,0.5,43,2-8,3,8,131.10888295751357,0.32436895222224543,24,1.02672313450035,0.8996219842583464,0,-1.1954148032726666,111.625,164.07272727272726,46100,,
song,zipf,holdout,212,0.5,12,4-8,16,6,25.827736381608727,0.700955938305445,96,1.2586706297692474,0.9444861524381207,0,-0.9109987308953214,260.625,158.05454545454546,45868,,
song,zipf,holdout,213,0.5,28,4-8,6,2,81.68099600143789,0.7667426728136317,12,1.4371398988697326,0.9025018612278625,0,-1.4239485867132866,53.0,121.98181818181818,46075,,
song,zipf,holdout,214,0.5,33,4-8,6,5,109.14712967301844,0.19070443850728078,30,0.6777173379377205,0.8799404076436335,0,-1.1249535649729832,124.75,163.03636363636363,45901,,
song,zipf,holdout,215,0.5,49,4-8,7,4,118.8236648742279,0.5654936195485883,28,1.2016088615226548,0.9091811197654123,0,-1.1282569525854198,109.5,127.05454545454545,45840,,
song,zipf,holdout,216,0.5,42,1-3,13,3,30.85866804369502,0.17739284052126908,39,0.5603960054097942,0.9461852948049381,0,-1.1186894817250619,270.375,266.94545454545454,45582,,
song,zipf,holdout,217,0.5,54,2-8,2,1,28.68360916880534,0.8321423280854472,2,1.1710216305188896,0.8364106024608029,0,-1.208838023557539,23.875,40.345454545454544,45690,,
song,zipf,holdout,218,0.5,44,1-3,6,2,156.72347926129936,0.9487955284569223,12,1.1494352327409958,0.7389978980538714,0,-0.6915927555300567,103.75,56.054545454545455,46162,,
song,zipf,holdout,219,0.5,38,1-3,6,3,101.91669226517966,0.2910086460725755,18,1.3584029791831496,0.9478059389287435,0,-0.9176340591829627,171.125,113.49090909090908,45901,,
song,zipf,holdout,220,0.5,43,2-4,4,3,84.4974716432084,0.8201398130920494,12,0.6521385549316805,0.9216933380030554,0,-1.204906766597834,95.75,115.6,45415,,
song,zipf,holdout,221,0.5,14,4-8,6,8,67.12858555435821,0.9477695459493203,48,0.6094628988388222,0.8786496069694376,0,-1.2298631495934762,131.125,153.36363636363637,45558,,
song,zipf,holdout,222,0.5,37,4-8,4,7,38.44704975792358,0.504231618712399,28,1.5506747041671474,0.9369001742155624,0,-1.190428370326387,109.625,137.87272727272727,45796,,
song,zipf,holdout,223,0.5,12,2-4,10,2,37.135976909586475,0.03893410595473771,20,1.3805557595330984,0.9481055728573652,0,-1.2448727609891723,104.375,177.76363636363635,45701,,
song,zipf,holdout,224,0.5,23,2-4,4,5,118.92552489315446,0.4704287684727553,20,1.1159663851147212,0.943650803417506,0,-1.2512845772736059,131.5,175.6,45830,,
song,zipf,holdout,225,0.5,53,2-8,16,8,43.783890325030406,0.6652129541553022,128,0.8665407992449219,0.9329985814055454,0,-0.8392163174866911,286.25,163.12727272727273,45548,,
song,zipf,holdout,226,0.5,44,1-3,14,3,143.64514511046536,0.8184475956268714,42,0.569077442881304,0.9358732177758917,0,-1.0428132283582685,237.375,176.56363636363636,45602,,
song,zipf,holdout,227,0.5,21,1-3,12,1,75.5958429630157,0.8417530369295045,12,0.6116465078785728,0.9332230882662162,0,-1.2631668026742027,92.25,161.6727272727273,45998,,
song,zipf,holdout,228,0.5,13,2-8,13,8,155.9756808211735,0.039309535188513905,104,0.9386744908926586,0.931977255987616,0,-0.7656010484541269,358.25,161.5818181818182,45665,,
song,zipf,holdout,229,0.5,59,2-8,3,6,48.462084914779524,0.4346819830603548,18,1.5779903899906176,0.9250542915118842,0,-1.2218369251436263,97.25,138.43636363636364,45770,,
song,zipf,holdout,230,0.5,60,2-8,15,8,152.3011671462637,0.1940157373754444,120,1.3398674741228838,0.9392509697542152,0,-0.8480884907416988,223.75,135.3090909090909,45707,,
song,zipf,holdout,231,0.5,42,2-4,16,2,74.43336455807206,0.8573896697735295,32,0.5981868498409806,0.9349722481524989,0,-1.2278385793968902,140.25,187.9090909090909,45599,,
song,zipf,holdout,232,0.5,41,2-8,16,1,14.844179822320942,0.26517117506186316,16,0.9403445668334376,0.8750089748672543,0,-1.280726933726273,76.375,151.38181818181818,45395,,
song,zipf,holdout,233,0.5,18,1-3,3,1,102.77792940192509,0.7965896499879689,3,1.3137723913596666,0.8085800608575945,1,-0.8013770872475785,43.75,43.61818181818182,45702,,
song,zipf,holdout,234,0.5,56,2-4,4,3,91.63124978284444,0.643199143961037,12,1.5774905558085388,0.9367278057413152,0,-1.079142081232596,80.0,94.49090909090908,45688,,
song,zipf,holdout,235,0.5,54,2-4,3,5,79.29765346534884,0.5325203650329488,15,0.8347052796927552,0.9117460950831275,0,-1.3301608531972693,86.0,182.5090909090909,45599,,
song,zipf,holdout,236,0.5,51,1-3,8,3,84.52568414312272,0.2616468653820142,24,1.3554789763176611,0.9406406920784512,0,-0.94781687702739,174.75,125.0,45796,,
song,zipf,holdout,237,0.5,18,4-8,4,2,46.39456061279192,0.5514838901266721,8,1.165634498082487,0.8950398471871538,0,-1.4893870249227994,48.375,141.92727272727274,45662,,
song,zipf,holdout,238,0.5,55,4-8,8,6,114.00844813656975,0.46968491927727307,48,0.5832008957125968,0.8645594863433719,0,-1.0219968495322467,159.375,159.65454545454546,45957,,
song,zipf,holdout,239,0.5,21,1-3,11,4,112.7558156832315,0.2758192524272814,44,0.7154915692844606,0.9363970155679475,0,-0.9201881297954898,311.75,206.92727272727274,45512,,
song,zipf,holdout,240,0.5,31,4-8,9,1,76.5136751704557,0.0832665378674529,9,0.5101153755030309,0.8280361270124812,0,-1.6345669854289655,33.0,175.3090909090909,45945,,
song,zipf,holdout,241,0.5,26,4-8,7,8,116.88825773390573,0.4065396196718223,56,0.536234232735032,0.8975987051914813,0,-0.9122681002583137,223.625,154.27272727272728,45376,,
song,zipf,holdout,242,0.5,38,2-4,16,1,27.061308714597807,0.1685677461549873,16,1.4665518268650746,0.9171217177889378,0,-1.2107923123469506,79.5,127.47272727272727,45716,,
song,zipf,holdout,243,0.5,43,2-4,11,6,148.4019400803051,0.5507613155915138,66,1.5857685314781593,0.9388555420172853,0,-0.9700782698906496,169.125,117.0,45783,,
song,zipf,holdout,244,0.5,19,2-4,16,1,112.71481127972159,0.21302700100899424,16,1.5107610155776923,0.9473330272967075,0,-1.406877387612741,64.5,122.81818181818181,45755,,
song,zipf,holdout,245,0.5,18,2-8,4,8,138.94837025179865,0.23985050170714503,32,1.2046231198867634,0.9485612318544216,0,-1.1512012257543036,151.25,182.43636363636364,45897,,
song,zipf,holdout,246,0.5,58,1-3,14,3,138.03207024865446,0.1566204656674852,42,1.2483331756608085,0.9258041009082714,0,-0.8944820113909624,226.5,141.5090909090909,45822,,
song,zipf,holdout,247,0.5,41,1-3,15,2,87.91878891154418,0.8234380308385755,30,0.9686959398758878,0.9293876838052055,0,-0.924292862273235,194.25,140.8909090909091,45624,,
song,zipf,holdout,248,0.5,50,2-4,15,6,158.31535683599802,0.577420606425892,90,0.7116862976804674,0.9353864702376473,0,-0.9355912409524422,277.25,178.85454545454544,45758,,
song,zipf,holdout,249,0.5,18,1-3,12,4,112.82683173690171,0.912028791580022,48,0.7309921558710354,0.8916669434229874,0,-0.9977154928905196,215.875,147.05454545454546,45860,,
song,zipf,holdout,250,0.5,34,2-8,15,1,68.27835526753128,0.4213264951583106,15,0.8199125106816918,0.8815832649954438,0,-1.4127627860083969,65.5,147.98181818181817,45832,,
song,zipf,holdout,251,0.5,51,1-3,6,1,65.12592695910902,0.24496903993733143,6,0.7558516644685381,0.8525087067683885,0,-0.9680311251585426,67.5,72.92727272727272,45566,,
song,zipf,holdout,252,0.5,21,2-8,2,4,77.52321740731051,0.5644860523553102,8,0.8480493459862684,0.889727588141231,0,-1.6543742406645823,49.25,162.56363636363636,45913,,
song,zipf,holdout,253,0.5,23,2-4,2,1,98.57269086322471,0.6559815877136282,2,1.0025707515042117,0.6560889145039209,1,-0.8888834719248901,20.875,111.98181818181818,45915,,
song,zipf,holdout,254,0.5,50,4-8,3,2,50.66415028736142,0.13696615589636407,6,0.6035188313133861,0.8479076435267193,0,-1.6428119811005317,27.75,140.96363636363637,45890,,
song,zipf,holdout,255,0.5,43,4-8,13,5,49.30168737236538,0.16929432005217904,65,1.443050797120121,0.946683458016629,0,-1.0196324608496692,163.25,138.54545454545453,45878,,
song,zipf,holdout,256,0.5,32,2-4,13,8,149.47368016815412,0.45805982123046485,104,1.2782848998186849,0.9344512165678702,0,-0.9048818603263176,250.125,163.0,45618,,
song,zipf,holdout,257,0.5,53,4-8,7,2,16.15554123171748,0.677108965899986,14,1.497514267538636,0.9135553476264742,0,-1.1877384832551543,69.0,112.81818181818181,45970,,
song,zipf,holdout,258,0.5,43,4-8,7,6,141.89856242196208,0.22297718690371718,42,1.2965075830219779,0.9162821128193609,0,-0.9883433430950457,148.625,135.9090909090909,45856,,
song,zipf,holdout,259,0.5,56,4-8,5,5,82.41083895818264,0.38847609465967253,25,1.2307213715893093,0.9064227644495477,0,-1.2055487740735809,100.5,159.16363636363636,45808,,
song,zipf,holdout,260,0.5,36,2-4,2,6,8.417563251018432,0.26404092824644115,12,0.8060056448204194,0.8478191503464998,0,-1.6979518510070672,48.125,267.6363636363636,45712,,
song,zipf,holdout,261,0.5,40,2-8,3,2,111.91609414991227,0.2096782073273342,6,0.7897126279992617,0.8732509362525969,0,-1.7065056774217093,35.25,149.29090909090908,45868,,
song,zipf,holdout,262,0.5,34,4-8,6,6,28.69010458817919,0.6284641433769702,36,1.0623758343935528,0.8947833773339886,0,-1.1006809474941568,129.75,179.72727272727272,45774,,
song,zipf,holdout,263,0.5,18,1-3,6,2,142.006454408238,0.8426706005599639,12,0.6103545968692405,0.819678369539067,0,-0.8423067606060413,141.5,106.2,46561,,
song,zipf,holdout,264,0.5,31,1-3,9,4,46.493560774193135,0.940719483958156,36,0.7870682009128029,0.944469321520645,0,-1.0801176846015785,190.0,184.8,45882,,
song,zipf,holdout,265,0.5,50,4-8,2,8,25.076316451444235,0.8279341848848103,16,0.6860266877323004,0.8692887476879514,0,-1.4020426752419115,66.375,177.72727272727272,45642,,
song,zipf,holdout,266,0.5,48,1-3,5,5,76.0487685303543,0.8212333684512536,25,0.5847817442520133,0.9387465303538454,0,-1.048094425870954,188.125,160.45454545454547,45962,,
song,zipf,holdout,267,0.5,41,2-4,8,1,156.63226507080975,0.028251556328563958,8,1.5497670461440154,0.8666152447423947,0,-1.2196467926757626,49.875,55.81818181818182,45583,,
song,zipf,holdout,268,0.5,57,2-8,3,6,98.3296500868051,0.025616653195328458,18,1.1161165614014936,0.8782791309965566,0,-1.2369849002459858,80.875,163.8,45405,,
song,zipf,holdout,269,0.5,37,1-3,9,8,124.69820050064212,0.42256774390269963,72,1.5119074897186755,0.916113327223792,0,-0.863759718925805,268.0,160.2,45990,,
song,zipf,holdout,270,0.5,47,4-8,14,5,94.45998869040463,0.13940040548895152,70,0.7365437276723759,0.8915590995604132,0,-0.9290998669171213,210.75,163.36363636363637,45515,,
song,zipf,holdout,271,0.5,26,4-8,11,5,125.3017789914808,0.7534170574042,55,1.2813208965922533,0.9319798813189529,0,-1.0890330059224524,140.875,138.38181818181818,45624,,
song,zipf,holdout,272,0.5,57,4-8,10,2,35.81290130196461,0.2217931470564017,20,0.7755091351298811,0.8066899200953386,0,-1.188393546486183,79.75,179.43636363636364,45774,,
song,zipf,holdout,273,0.5,37,1-3,12,8,145.80031034041,0.43621273130775373,96,1.4202638239576966,0.9245371236668127,0,-0.8117393773868602,263.125,131.72727272727272,45981,,
song,zipf,holdout,274,0.5,30,4-8,4,7,109.41498039348568,0.23148867790647998,28,1.521014651132053,0.9399095188398172,0,-1.1906177268146236,114.0,148.29090909090908,45664,,
song,zipf,holdout,275,0.5,24,4-8,8,1,33.530645001880245,0.830481814681425,8,1.2862219071757055,0.8466615669252089,0,-1.5295064229384319,34.0,171.0,45559,,
song,zipf,holdout,276,0.5,13,2-4,3,4,28.259147639187663,0.8490762922996544,12,0.8639529669272226,0.9437843849237371,0,-1.3536282771548862,96.75,165.07272727272726,46155,,
song,zipf,holdout,277,0.5,35,4-8,7,4,108.08552672929055,0.3785425977337885,28,1.0729369448288493,0.8989077872958129,0,-1.164100117692369,106.5,157.38181818181818,45919,,
song,zipf,holdout,278,0.5,22,1-3,13,6,147.7298996708498,0.41491578975297205,78,0.8153631022790931,0.9187570290543443,0,-0.8565564328000946,365.125,192.74545454545455,45670,,
song,zipf,holdout,279,0.5,30,2-4,9,3,59.1332962784373,0.6316749618590938,27,1.1181321183437847,0.9482892548689617,0,-1.2052605161854804,125.625,157.21818181818182,45831,,
song,zipf,holdout,280,0.5,52,4-8,9,2,54.203977544598835,0.7329984774482685,18,1.532826227810808,0.9360905862404096,0,-1.271231837248909,80.75,122.21818181818182,45645,,
song,zipf,holdout,281,0.5,14,2-4,9,2,123.5537626672605,0.13378035980432484,18,0.7102940897499778,0.9382520752092234,0,-1.3726211871070284,110.625,190.25454545454545,45611,,
song,zipf,holdout,282,0.5,48,2-8,5,3,103.92540600002279,0.1283796002992764,15,0.5771769366286054,0.7677814366129108,0,-1.241121599145675,64.125,198.5818181818182,46051,,
song,zipf,holdout,283,0.5,33,4-8,4,2,147.11375505545502,0.46913600463231464,8,0.8607890167727392,0.8697497782416441,0,-1.575312787141776,46.25,146.6909090909091,45566,,
song,zipf,holdout,284,0.5,51,2-4,11,8,92.9250676788609,0.9141139817397415,88,1.5328966922571108,0.9239778524811129,0,-0.8935492080353369,155.375,88.72727272727273,45551,,
song,zipf,holdout,285,0.5,36,2-8,8,8,115.51949465061823,0.7116947658896816,64,0.6286855218226767,0.9178443026949892,0,-0.9986832161729094,198.625,147.2,45901,,
song,zipf,holdout,286,0.5,33,1-3,5,2,78.52947893158311,0.22964482823668167,10,1.0700283616475512,0.9494559183418604,0,-1.1741282314301427,123.0,147.5818181818182,45809,,
song,zipf,holdout,287,0.5,60,1-3,5,6,76.24093068889131,0.4442064256437536,30,0.5424828854254959,0.954494664694303,0,-1.1733088368466031,215.0,264.6909090909091,45403,,
song,zipf,holdout,288,0.5,44,1-3,10,4,83.93019782653501,0.11459596261882601,40,0.5865640656656682,0.9405062534320014,0,-1.1084233676054573,260.75,268.3454545454546,45797,,
song,zipf,holdout,289,0.5,21,2-4,5,7,62.88896926832779,0.6459633710595369,35,1.516010591119946,0.949955422575316,0,-1.092233421413332,147.375,145.78181818181818,45623,,
song,zipf,holdout,290,0.5,59,2-4,11,5,156.27768015557632,0.2110884903500898,55,0.7505836693067143,0.9265599700008156,0,-1.1256141050050483,199.125,220.83636363636364,45823,,
song,zipf,holdout,291,0.5,15,2-8,7,3,142.92442719764924,0.8449318787570992,21,0.7209749377843649,0.905397703712199,0,-1.3678000951508937,96.0,142.05454545454546,46056,,
song,zipf,holdout,292,0.5,58,4-8,10,5,51.106572592959054,0.5233446266557975,50,1.1248238916652333,0.9029825404044797,0,-1.0036578464698507,156.5,148.6,45669,,
song,zipf,holdout,293,0.5,54,2-8,10,2,53.35012590306778,0.028409481644769106,20,0.9084832372358873,0.8629129819417418,0,-1.23178533011448,88.25,207.47272727272727,45816,,
song,zipf,holdout,294,0.5,23,2-8,14,1,49.895040950566546,0.5989322809300951,14,1.0914934963344618,0.8806228557546758,0,-1.3883522721258803,59.375,137.27272727272728,45720,,
song,zipf,holdout,295,0.5,41,1-3,8,4,52.39973378145055,0.942352152078637,32,1.559410306940092,0.9189530798614829,0,-0.8639523878629372,167.125,96.63636363636364,46040,,
song,zipf,holdout,296,0.5,35,1-3,6,6,20.935216244987533,0.3324479066530585,36,0.9891980963449647,0.9393031636002915,0,-1.1440181571809478,233.75,280.6909090909091,46014,,
song,zipf,holdout,297,0.5,44,2-4,9,2,135.23589254878866,0.4364271492645905,18,1.1203362205462248,0.9421101239954037,0,-1.1453460894080192,109.625,115.72727272727273,45966,,
song,zipf,holdout,298,0.5,53,4-8,13,4,67.75491769779508,0.2990293890797235,52,1.366785362952195,0.9484058441090523,0,-1.0084219915147683,156.375,136.92727272727274,45639,,
song,zipf,holdout,299,0.5,55,2-8,15,5,115.78512235401557,0.8461393524528675,75,1.4759486768947694,0.9433003001789688,0,-1.0623705319918582,149.25,115.41818181818182,45639,,
song,zipf,holdout,300,0.5,39,4-8,6,3,78.81267894659473,0.08752373493769001,18,0.6977472547119589,0.800957876516498,0,-1.2372888783621194,69.125,177.98181818181817,45779,,
song,zipf,holdout,301,0.5,41,4-8,10,7,123.25562778157854,0.42677459411488644,70,0.5061893392799551,0.8899505479412709,0,-0.9122075077830253,224.25,167.5818181818182,45966,,
song,zipf,holdout,302,0.5,47,2-8,13,8,13.974471445281445,0.6734674502327522,104,0.9131654082026849,0.9217619010104339,0,-0.9123361005930181,281.375,185.74545454545455,46001,,
song,zipf,holdout,303,0.5,51,4-8,14,5,62.5228912600376,0.5771912531318774,70,1.4423742674353475,0.95209849023887,0,-0.9581899537285173,174.25,120.65454545454546,45759,,
song,zipf,holdout,304,0.5,42,1-3,8,7,118.46311576760738,0.2373927819123735,56,0.9104188637546677,0.9406365182411092,0,-0.9528585610533611,322.875,232.12727272727273,45929,,
song,zipf,holdout,305,0.5,19,4-8,9,5,112.94743180086458,0.14466914612581394,45,0.5938038222644028,0.9065192313843178,0,-0.9366596648887932,211.625,172.56363636363636,45755,,
song,zipf,holdout,306,0.5,40,2-4,9,6,79.38499498910153,0.7766527190044947,54,1.2599394938977295,0.9341964251670717,0,-0.9785178581706812,179.25,125.41818181818182,46068,,
song,zipf,holdout,307,0.5,14,1-3,9,4,21.12728250625337,0.48160905579334395,36,0.9388459926962609,0.9252641252843271,0,-0.9059678469992323,312.625,213.74545454545455,45713,,
song,zipf,holdout,308,0.5,16,2-8,6,7,67.54223254435925,0.043752570205595205,42,0.9859939916851136,0.9428908157219347,0,-1.0280186023475903,204.0,169.76363636363635,45764,,
song,zipf,holdout,309,0.5,35,2-4,14,4,132.0100373105008,0.25655316215203877,56,1.4472705566453063,0.9541682682358991,0,-1.0696119889150704,177.625,150.5818181818182,45758,,
song,zipf,holdout,310,0.5,36,2-4,10,4,60.29809694245733,0.6875492062791433,40,1.4881131062383477,0.9416331025109972,0,-1.0918250657850523,136.0,122.03636363636363,45766,,
song,zipf,holdout,311,0.5,31,2-8,15,4,28.158757117204097,0.5841776941741839,60,0.9475622003018584,0.9341981935096688,0,-0.9751083403798847,208.5,156.4909090909091,45959,,
song,zipf,holdout,312,0.5,44,2-4,10,2,68.27947374194012,0.027424592567619987,20,0.6680580792920211,0.880785860980792,0,-1.2859389794404583,101.0,193.21818181818182,45889,,
song,zipf,holdout,313,0.5,43,2-4,14,6,84.71516509641656,0.3459103974249949,84,0.5998468328338222,0.9007173522708543,0,-1.0336898998849504,252.25,242.78181818181818,45518,,
song,zipf,holdout,314,0.5,31,2-4,5,2,129.62190567625214,0.6094988903862657,10,1.4218290479749682,0.9326427339809145,0,-1.3009221384393777,70.0,101.9090909090909,45613,,
song,zipf,holdout,315,0.5,46,1-3,9,4,158.68015551337274,0.14240622466676778,36,0.8965862029459072,0.945305305183798,0,-1.0530082052078142,232.375,212.14545454545456,45852,,
song,zipf,holdout,316,0.5,45,1-3,12,1,74.63642764800714,0.3153857078720131,12,1.5672350490595155,0.9320844742745134,0,-0.9690572383601177,91.875,72.6,45895,,
song,zipf,holdout,317,0.5,17,2-8,11,8,21.743996551959235,0.48318338166947483,88,0.6829874566322793,0.9123671400283715,0,-0.7333442434119415,396.625,173.34545454545454,45629,,
song,zipf,holdout,318,0.5,44,1-3,10,1,157.13037955791162,0.619923122360294,10,1.0942111924904414,0.8374008308658529,0,-0.991770278992284,79.375,74.27272727272727,45766,,
song,zipf,holdout,319,0.5,59,4-8,9,7,70.52230930616281,0.14915451623380452,63,1.422914936168381,0.9512357853285591,0,-1.0322718781808782,164.125,155.94545454545454,45759,,
song,zipf,holdout,320,0.5,34,1-3,11,5,25.194742865713536,0.3104666233596833,55,1.0494454704104115,0.942160415782328,0,-0.9937717566474776,305.625,225.61818181818182,45530,,
song,zipf,holdout,321,0.5,27,4-8,12,2,132.79531399855895,0.3364383136246322,24,1.3438239396883183,0.9135477117919196,0,-1.230898833820802,87.75,138.01818181818183,45795,,
song,zipf,holdout,322,0.5,25,1-3,7,3,38.03457010815804,0.10815935002750142,21,1.588780834680989,0.9413501457141122,0,-0.9570353832104297,196.75,135.21818181818182,45553,,
song,zipf,holdout,323,0.5,19,2-4,6,5,99.79572755146782,0.3109671346929649,30,1.5093997719221384,0.9459296628517078,0,-1.0354550125181519,142.375,121.6,45773,,
song,zipf,holdout,324,0.5,19,2-8,7,4,93.36509957665798,0.3237180316005583,28,1.3591864046981526,0.941953435349771,0,-1.223769006563987,129.75,156.85454545454544,45528,,
song,zipf,holdout,325,0.5,22,4-8,4,5,76.33675316524851,0.8031010975396066,20,1.1874575586408982,0.9093998307877171,0,-1.3472965999118305,77.75,148.56363636363636,45754,,
song,zipf,holdout,326,0.5,45,2-4,5,5,150.03270095267638,0.512763610363078,25,1.1511483742681492,0.9466087517834247,0,-1.201444882016368,127.125,160.5818181818182,45832,,
song,zipf,holdout,327,0.5,51,4-8,7,7,78.104279276239,0.16951048914072292,49,1.0903582738864697,0.8945249666394708,0,-0.966873336569883,170.625,167.5090909090909,45698,,
song,zipf,holdout,328,0.5,14,1-3,15,1,129.48427549681807,0.25462185911685337,15,0.9306357025589675,0.9216667663197806,0,-1.1745029805355764,90.375,131.78181818181818,45726,,
song,zipf,holdout,329,0.5,17,2-4,12,3,27.759742222476014,0.5032136668087555,36,1.594038764692433,0.9476171951783288,0,-1.0545165746747243,156.625,170.70909090909092,45741,,
song,zipf,holdout,330,0.5,48,4-8,4,3,47.62256241680928,0.050368863180301066,12,1.5453888612290803,0.9128989821947987,0,-1.3130444354526687,68.5,117.52727272727273,45689,,
song,zipf,holdout,331,0.5,18,4-8,14,6,107.95067684967509,0.18575789916722638,84,0.7410547396926874,0.9198314900900417,0,-0.7570301836453763,346.25,161.23636363636365,45665,,
song,zipf,holdout,332,0.5,13,1-3,15,6,78.05198558468139,0.04169446706584604,90,1.0156493103207063,0.8985632730800043,0,-0.708520233842964,435.75,184.21818181818182,45581,,
song,zipf,holdout,333,0.5,24,2-4,5,3,78.39006428932164,0.12237179654626601,15,0.7992929031760391,0.9414702550792786,0,-1.40216620642282,95.75,195.8,45947,,
song,zipf,holdout,334,0.5,19,4-8,15,8,64.7292093039393,0.2658816520875804,120,1.5371271829516027,0.9555923229722054,0,-1.00550302641068,196.5,164.4181818181818,45720,,
song,zipf,holdout,335,0.5,29,4-8,14,7,33.41813069667737,0.5491078538055768,98,0.9253581603537986,0.9348104036066744,0,-0.8297131953766521,299.375,156.4,45893,,
song,zipf,holdout,336,0.5,50,2-8,16,8,9.652454944545951,0.19259884607181463,128,0.7123977442483204,0.9095633413008944,0,-0.8518772691381151,325.125,196.2,45983,,
song,zipf,holdout,337,0.5,45,2-8,6,1,144.96713711144545,0.2515809256788792,6,1.5383194016695385,0.8672037918514244,0,-1.4825721332430801,29.875,47.10909090909091,46586,,
song,zipf,holdout,338,0.5,19,2-8,2,6,11.641463539775277,0.1639002828613773,12,0.9105086039989468,0.9197105851929517,0,-1.494727944255644,79.5,205.01818181818183,45731,,
song,zipf,holdout,339,0.5,44,2-4,11,4,73.42438910750757,0.5315893493329282,44,1.1468091525232513,0.9345899949766088,0,-1.0790857154970133,177.0,167.63636363636363,45776,,
song,zipf,holdout,340,0.5,49,4-8,3,2,32.25967527938664,0.1241065013421237,6,1.1679833091624872,0.8803631554657653,0,-1.4441344646584189,37.375,113.18181818181819,45749,,
song,zipf,holdout,341,0.5,12,2-4,14,4,96.94662894855988,0.7291454470318074,56,1.5698310909994961,0.9532869521125612,0,-1.0418152105394336,157.125,131.38181818181818,45757,,
song,zipf,holdout,342,0.5,17,4-8,10,7,118.0986750955829,0.639338412860679,70,1.0615178532634801,0.9311590813602669,0,-0.9888295255499957,215.25,151.3090909090909,46066,,
song,zipf,holdout,343,0.5,50,1-3,5,6,85.87308358874047,0.2964412496626058,30,0.7107875029667554,0.9491426568794297,0,-1.0870648463080883,258.375,234.34545454545454,45708,,
song,zipf,holdout,344,0.5,24,4-8,11,4,94.95087968751612,0.7978166416244277,44,0.5257710704373031,0.903275225454771,0,-1.0505588063215991,157.625,132.36363636363637,45585,,
song,zipf,holdout,345,0.5,20,1-3,10,4,81.02218963830109,0.0986212273269464,40,1.044862269438779,0.9394518745487026,0,-1.0546788394746671,222.375,223.8181818181818,45827,,
song,zipf,holdout,346,0.5,42,4-8,14,4,156.87082819611416,0.35880396610179627,56,0.5338113435415569,0.866211238382733,0,-0.9943585002101567,165.625,159.72727272727272,45428,,
song,zipf,holdout,347,0.5,44,2-8,9,1,123.04597498842982,0.2766029717824706,9,1.2615829181699498,0.8875945670312764,0,-1.6003941283868008,39.875,115.36363636363636,46292,,
song,zipf,holdout,348,0.5,20,2-8,4,6,34.61798586616412,0.17991011347969046,24,1.0371225210072814,0.9295045637602181,0,-1.2715719531292322,123.625,176.56363636363636,45791,,
song,zipf,holdout,349,0.5,26,1-3,9,1,126.87367113142635,0.2846996625143445,9,0.9748559503683052,0.8502555928333437,0,-0.9964484676854077,71.875,101.2,45680,,
song,zipf,holdout,350,0.5,33,4-8,10,1,13.9335347745076,0.885533472817946,10,1.0528961652909365,0.8419907105946747,0,-1.387771352417011,51.75,150.0909090909091,45571,,
song,zipf,holdout,351,0.5,27,2-8,13,2,53.93432334823471,0.5498207647721851,26,1.214735065536419,0.9336261243746434,0,-1.1958788320555156,107.875,143.61818181818182,45861,,
song,zipf,holdout,352,0.5,29,2-8,11,1,112.23473139404192,0.2714568672482433,11,0.6484540978095377,0.8565564735030823,0,-1.6342752658838164,47.875,137.05454545454546,45611,,
song,zipf,holdout,353,0.5,42,4-8,6,8,105.92192369798582,0.7270537398699525,48,1.3651575504456233,0.9387294836695452,0,-1.1475720563645904,122.375,176.74545454545455,45960,,
song,zipf,holdout,354,0.5,33,2-4,9,5,60.59543364735919,0.7733108960482588,45,0.8132266484428798,0.9499269467919202,0,-1.138639595232854,174.875,182.6727272727273,45794,,
song,zipf,holdout,355,0.5,25,4-8,6,6,152.518853477666,0.4435645804456173,36,1.0378776612083054,0.9251050176302422,0,-1.1507949214464341,131.375,178.3272727272727,46113,,
song,zipf,holdout,356,0.5,34,2-8,15,4,71.79516509920398,0.04448083822850812,60,0.5790663714657144,0.8790619627330496,0,-0.9661010880483301,198.625,194.4181818181818,45790,,
song,zipf,holdout,357,0.5,26,4-8,3,5,96.62591320246868,0.04320067767756783,15,1.1002001492046711,0.8829815995737511,0,-1.272866643633552,76.375,135.47272727272727,45569,,
song,zipf,holdout,358,0.5,43,2-4,12,4,107.27580877340142,0.003272948807074527,48,1.4424001096237014,0.94716125512605,0,-1.0137388311856,158.5,134.92727272727274,45834,,
song,zipf,holdout,359,0.5,18,2-8,7,1,97.59872259786049,0.16714110309259075,7,0.7934220788449868,0.8464968224616425,0,-1.85835801993616,32.875,131.1090909090909,45852,,
song,zipf,holdout,360,0.5,40,2-4,14,5,21.75347509890836,0.4608249442268672,70,1.201159597535278,0.9381926109679468,0,-1.0630510286205368,206.875,194.3272727272727,45889,,
song,zipf,holdout,361,0.5,42,2-8,2,7,155.46016528544234,0.8395364679553691,14,1.2447544122895877,0.9322841697741261,0,-1.4239694700280439,68.5,131.03636363636363,45980,,
song,zipf,holdout,362,0.5,25,1-3,3,6,45.85580216970666,0.5288119042015462,18,1.0905974233285889,0.9458053183227528,0,-1.0231384776294585,211.0,182.76363636363635,45706,,
song,zipf,holdout,363,0.5,59,2-8,6,7,70.34133672248348,0.4338886600074487,42,0.6971566010434593,0.871698712787236,0,-1.0814318404620318,152.625,186.07272727272726,45838,,
song,zipf,holdout,364,0.5,23,4-8,2,3,158.05075750994556,0.7277646913789241,6,1.3603024084380295,0.8734445692090073,0,-1.6840606187884286,35.875,151.83636363636364,45650,,
song,zipf,holdout,365,0.5,18,4-8,2,7,137.12133861486208,0.631643240042863,14,0.6032378329898398,0.8860274714645826,0,-1.3286942642613426,87.75,151.61818181818182,45696,,
song,zipf,holdout,366,0.5,14,2-4,16,3,86.76978588815568,0.13420476324236166,48,0.6567844921554723,0.9397942900587674,0,-0.935346058872241,280.625,188.47272727272727,45653,,
song,zipf,holdout,367,0.5,42,2-8,10,5,85.69299078656792,0.33696538919922536,50,0.5599097390620958,0.8695453002789527,0,-1.0549632961350102,165.375,180.85454545454544,45967,,
song,zipf,holdout,368,0.5,40,2-8,10,1,31.908325953213982,0.3085672120337863,10,0.7731877324239986,0.9143393830989006,0,-1.4480004467571375,56.75,107.85454545454546,45605,,
song,zipf,holdout,369,0.5,40,2-8,12,3,131.91002175587914,0.7335816844162985,36,1.4122839063819739,0.9446907523468164,0,-1.1660981193523567,107.25,136.3090909090909,45799,,
song,zipf,holdout,370,0.5,58,2-4,11,8,44.1824356888394,0.09787257770957822,88,1.075989907033188,0.9318688271091495,0,-1.0080752639743218,245.375,212.14545454545456,45731,,
song,zipf,holdout,371,0.5,31,1-3,2,3,70.20624131525068,0.1698762129816875,6,1.3846912730025185,0.9509319993403635,0,-1.352304355042317,95.75,182.0,45756,,
song,zipf,holdout,372,0.5,27,4-8,11,4,53.251623580025395,0.21617146015389443,44,0.6345543787209891,0.8782313353370511,0,-1.019855364465676,168.625,167.6727272727273,45790,,
song,zipf,holdout,373,0.5,30,2-4,8,5,61.336072987860675,0.42632834406407494,40,0.5132265810190086,0.917398854400214,0,-1.1690561649626474,182.625,217.76363636363635,45635,,
song,zipf,holdout,374,0.5,41,4-8,9,2,123.26930389588973,0.5647575945964995,18,0.5122566373661757,0.8075363873492074,0,-1.2885606540709857,65.875,188.5090909090909,45521,,
song,zipf,holdout,375,0.5,30,1-3,2,5,70.89836940414159,0.6921663768114859,10,0.7403323288322701,0.9453211439474909,0,-1.2285954757480748,114.625,159.07272727272726,45568,,
song,zipf,holdout,376,0.5,30,1-3,16,8,45.528668052340294,0.7470217125430934,128,0.6862725151881277,0.9238222333058549,0,-0.8214763874998108,452.125,218.65454545454546,46076,,
song,zipf,holdout,377,0.5,33,4-8,16,3,80.95553991911085,0.2079400800315036,48,0.5225148111965764,0.8806183147404336,0,-0.9778519902153369,172.625,159.27272727272728,45626,,
song,zipf,holdout,378,0.5,17,2-4,10,2,110.17143918667566,0.2435451419316378,20,1.4270922188524047,0.9461091499591912,0,-1.1661198698241992,107.25,157.27272727272728,45716,,
song,zipf,holdout,379,0.5,21,4-8,14,4,31.492703528318998,0.8997145816143618,56,0.7277945360806757,0.9248852745313587,0,-0.9329395800808529,219.75,154.4,45524,,
song,zipf,holdout,380,0.5,39,1-3,9,2,149.3671105081876,0.2095473709856074,18,1.4689244587657002,0.9077130860279587,0,-0.8693808480002527,138.0,93.4,45897,,
song,zipf,holdout,381,0.5,59,2-4,10,8,55.5011137074207,0.3745042480467592,80,0.8478851933714631,0.9278759860156418,0,-1.02213293679117,248.375,210.76363636363635,45762,,
song,zipf,holdout,382,0.5,55,4-8,6,3,100.58636761542779,0.9233367486944581,18,1.5609256714332251,0.9282437896691245,0,-1.3357475184063465,59.875,84.52727272727273,45875,,
song,zipf,holdout,383,0.5,17,2-4,12,5,144.92728955021593,0.17485326697103729,60,1.1539342396756374,0.9512407989269558,0,-0.9991462072283614,239.5,182.12727272727273,45697,,
song,zipf,holdout,384,0.5,13,2-8,10,7,23.5205341795955,0.19750347952812805,70,0.923889860513404,0.9364121484742776,0,-0.8403126769770588,328.375,173.85454545454544,45830,,
song,zipf,holdout,385,0.5,23,2-4,3,3,54.89083434861078,0.2676350851174864,9,0.7480806087213114,0.9385137488613697,0,-1.6629329258623418,61.125,232.74545454545455,45893,,
song,zipf,holdout,386,0.5,44,4-8,14,7,65.12232831571123,0.8694881911941321,98,0.6241825415369557,0.9126812414124323,0,-0.8570902537600704,233.0,137.61818181818182,46350,,
song,zipf,holdout,387,0.5,28,2-8,6,7,110.43709132291431,0.22781409662121913,42,0.8086677340835731,0.9124496242430149,0,-1.0756616410954174,161.25,163.36363636363637,45865,,
song,zipf,holdout,388,0.5,19,4-8,12,8,69.79229408371157,0.20237533711720648,96,1.286962114482853,0.9510497231797517,0,-0.9156113987561945,242.625,154.56363636363636,45801,,
song,zipf,holdout,389,0.5,13,4-8,5,4,18.09326047114949,0.8933902582584726,20,0.9218580899798948,0.9020794201842195,0,-1.2855910388289171,100.75,160.5818181818182,45892,,
song,zipf,holdout,390,0.5,13,1-3,3,6,21.20163094032117,0.41798330255722205,18,1.1267348859994035,0.9392458591871108,0,-1.0245548151881954,226.375,212.27272727272728,45932,,
song,zipf,holdout,391,0.5,49,4-8,15,8,102.51565761501024,0.5557334758452427,120,1.2027011996898502,0.9459960207380165,0,-0.9110713558133576,231.5,147.94545454545454,45735,,
song,zipf,holdout,392,0.5,15,2-8,16,3,88.63922131133475,0.12010969709246778,48,0.8216943978835949,0.9212945729790457,0,-0.9120721962761811,220.875,158.87272727272727,45905,,
song,zipf,holdout,393,0.5,50,1-3,3,8,48.44931302408937,0.12820617146243032,24,0.7015151578315473,0.946439389303021,0,-1.281629573763802,203.5,294.58181818181816,45734,,
song,zipf,holdout,394,0.5,51,2-4,15,6,89.81864570669016,0.8312039752616636,90,1.1206754274580955,0.9495888041174377,0,-0.984884901340822,218.5,161.16363636363636,45307,,
song,zipf,holdout,395,0.5,25,2-4,3,8,157.29230264622709,0.8739749102486458,24,1.502835982556415,0.9279955136482443,0,-1.2333386487016127,102.625,100.21818181818182,46265,,
song,zipf,holdout,396,0.5,43,2-4,12,8,106.87225626018387,0.8162861484871263,96,1.1652180911720322,0.9476221255189037,0,-0.9701618371333253,226.375,166.34545454545454,45826,,
song,zipf,holdout,397,0.5,45,2-8,7,8,86.51193622221419,0.8901993657474372,56,0.6143730909694676,0.9040226106176509,0,-1.1208042586337466,155.875,144.34545454545454,45432,,
song,zipf,holdout,398,0.5,28,2-4,10,6,118.05452931556947,0.8058690992959964,60,1.418474456414932,0.9516059831132814,0,-1.089879102156626,149.5,148.4181818181818,45518,,
song,zipf,holdout,399,0.5,55,2-4,11,1,146.53073745093525,0.6627069200564685,11,1.2921383573865746,0.8815496177034189,0,-1.308588452231554,58.125,90.74545454545455,45520,,
song,zipf,holdout,400,0.5,14,2-4,3,6,115.75793644566632,0.6712871563210457,18,1.3249584919613588,0.9582933289900024,0,-1.2863172832130303,117.25,166.12727272727273,45824,,
song,zipf,holdout,401,0.5,36,2-8,4,7,131.27467578677695,0.3509745826430961,28,1.5112304427581587,0.939434353522246,0,-1.2712435050962525,106.0,151.87272727272727,46213,,
song,zipf,holdout,402,0.5,47,2-4,8,7,121.17267616597081,0.39134367671083753,56,1.3867457523542375,0.9510617066118761,0,-0.9816036983419246,192.0,145.65454545454546,45993,,
song,zipf,holdout,403,0.5,26,2-8,3,5,60.339080889130145,0.16467059210512044,15,1.2589753093803127,0.8979320966600364,0,-1.380240791786771,87.875,182.52727272727273,45838,,
song,zipf,holdout,404,0.5,12,1-3,13,5,142.00633140090156,0.8530210074041569,65,1.5821562781231548,0.912169503420737,0,-1.048687301910299,145.625,120.34545454545454,45719,,
song,zipf,holdout,405,0.5,29,2-4,8,4,27.602444038319348,0.4384738465606752,32,1.59643741098837,0.947845970015586,0,-1.0422161299244692,143.5,135.74545454545455,45936,,
song,zipf,holdout,406,0.5,31,2-8,15,8,77.25225238073045,0.1631543062580509,120,1.1516240019571755,0.9398415936963711,0,-0.854813169148663,297.625,168.0909090909091,45803,,
song,zipf,holdout,407,0.5,46,1-3,5,2,138.35840495463555,0.13382588324797615,10,0.5385459001180217,0.9482178925869944,0,-1.131242970551316,129.125,122.9090909090909,46019,,
song,zipf,holdout,408,0.5,33,4-8,10,8,39.74726897654286,0.6365808229747938,80,0.5579022289163151,0.9155566249689661,0,-0.8786783644872944,260.75,155.0909090909091,45653,,
song,zipf,holdout,409,0.5,29,2-8,13,8,74.0571350429362,0.8953058066100568,104,1.0100432158943962,0.9375348611248382,0,-0.9819972682815207,218.125,164.8909090909091,47105,,
song,zipf,holdout,410,0.5,25,1-3,13,8,45.148966095086735,0.26982451603741986,104,0.5613618510239592,0.917392460199455,0,-0.8315272149695169,496.25,266.1454545454545,45751,,
song,zipf,holdout,411,0.5,50,2-4,6,1,30.34905165709796,0.512215359011368,6,1.1771693567253716,0.8982535353872942,0,-1.1808043737306444,48.375,73.2909090909091,45628,,
song,zipf,holdout,412,0.5,14,4-8,4,2,159.349027359706,0.5401555371085286,8,0.9470328177827703,0.8782678766441985,0,-1.7053830813152573,39.875,160.72727272727272,45740,,
song,zipf,holdout,413,0.5,50,2-8,6,6,22.492489565339373,0.5793323150658621,36,0.5604163464490142,0.8302982940990375,0,-1.1386813128430706,125.75,173.98181818181817,45659,,
song,zipf,holdout,414,0.5,27,1-3,16,4,28.441085935819068,0.19813301168727496,64,0.6926440125596589,0.9328555712074621,0,-0.9281036617323736,395.0,238.96363636363637,45575,,
song,zipf,holdout,415,0.5,51,4-8,16,7,33.783373464778705,0.637840820934158,112,1.4233549815031168,0.9517671582758771,0,-0.9444639072546527,203.125,132.43636363636364,45544,,
song,zipf,holdout,416,0.5,48,2-8,4,2,100.03399291779289,0.020840947637353762,8,0.6248551409256744,0.8360612986469598,0,-1.5978173918474265,40.625,193.0909090909091,45796,,
song,zipf,holdout,417,0.5,28,2-4,7,4,111.70639165359417,0.1274612920656217,28,0.9887377774805364,0.9442603491684708,0,-1.1915610965099575,153.0,188.52727272727273,45930,,
song,zipf,holdout,418,0.5,41,1-3,7,7,58.60142623638467,0.2388772350343168,49,1.2253112971609408,0.9326583913188111,0,-0.8989168492807055,268.875,172.45454545454547,45947,,
song,zipf,holdout,419,0.5,42,2-4,10,8,15.011203070939237,0.23739089848268485,80,1.507326219228144,0.9469043584901045,0,-1.0095647796586613,204.75,162.96363636363637,45556,,
song,zipf,holdout,420,0.5,34,2-4,11,7,35.51695625416777,0.019974977297692265,77,0.5859217292126605,0.911003608273113,0,-1.1147179982460962,231.0,272.58181818181816,45834,,
song,zipf,holdout,421,0.5,34,2-8,8,4,39.994543471890054,0.8696639671685401,32,0.9005606650589979,0.9176670676390246,0,-1.195198410549108,119.25,146.2,45334,,
song,zipf,holdout,422,0.5,31,2-8,8,5,124.6812769437004,0.478876468831338,40,1.121021392257191,0.9242476098888304,0,-1.1142704659594909,148.625,161.74545454545455,45853,,
song,zipf,holdout,423,0.5,22,2-4,5,4,85.96253088830589,0.8245957049839948,20,0.5334947413150715,0.9468501747765876,0,-1.3169101654471196,118.25,180.45454545454547,45762,,
song,zipf,holdout,424,0.5,39,4-8,4,2,92.07357397472666,0.7519542543694337,8,1.413284906636544,0.9016189033671789,0,-1.636567056249846,44.25,123.85454545454546,45509,,
song,zipf,holdout,425,0.5,44,1-3,12,6,18.809026429751516,0.9250286795241303,72,0.6760128532468287,0.93457693761126,0,-0.9537884288315452,368.5,251.4,45515,,
song,zipf,holdout,426,0.5,51,1-3,16,6,122.82118195302586,0.2543995964088438,96,1.1809719312565476,0.9234089089179459,0,-0.8103787331668294,340.25,169.94545454545454,45675,,
song,zipf,holdout,427,0.5,12,2-4,8,2,47.22412438843935,0.909809188291748,16,0.635063597806121,0.9449733396384014,0,-1.4511813394418807,97.75,184.94545454545454,45903,,
song,zipf,holdout,428,0.5,42,1-3,16,3,73.5504506894216,0.7045036012399929,48,1.4273135916631068,0.9280533256711855,0,-0.8261159930285634,210.875,109.65454545454546,45769,,
song,zipf,holdout,429,0.5,60,4-8,12,7,106.13129757946291,0.8670033398924675,84,0.9140540910683113,0.9171816220474744,0,-0.9944601277475968,180.375,146.2,46090,,
song,zipf,holdout,430,0.5,37,2-8,11,5,73.22310665968715,0.051236923322840036,55,1.4318849597889969,0.9503577073001519,0,-0.9889173200194983,166.25,138.54545454545453,45593,,
song,zipf,holdout,431,0.5,16,2-8,2,1,96.24125083833609,0.6893440466775661,2,0.5156935980581108,0.7536447699283416,0,-1.5359843607062529,17.875,52.90909090909091,45845,,
song,zipf,holdout,432,0.5,36,1-3,15,6,48.166856107342014,0.2323419948007382,90,0.8970624391722916,0.9387979895816263,0,-0.8880202518099074,392.5,227.01818181818183,45773,,
song,zipf,holdout,433,0.5,32,2-8,4,5,9.962980183647941,0.6089041138834924,20,0.7773565949679837,0.8600316868606572,0,-1.2960657866746412,94.5,216.63636363636363,46118,,
song,zipf,holdout,434,0.5,46,4-8,10,7,70.32195154023583,0.6724492976286413,70,1.0598032559751474,0.9370910075256469,0,-0.9962744218656655,183.625,152.72727272727272,45814,,
song,zipf,holdout,435,0.5,32,4-8,12,3,109.38459889895313,0.9108433487255213,36,1.163797189225443,0.9106328371413781,0,-1.1737969863950863,105.0,126.12727272727273,46013,,
song,zipf,holdout,436,0.5,26,4-8,2,7,26.9925970847909,0.31021339209836307,14,1.4871380913560142,0.9129860149779537,0,-1.3181671025369628,70.5,128.78181818181818,45765,,
song,zipf,holdout,437,0.5,34,2-8,2,3,42.50168767150873,0.7893467390542735,6,1.3835928927368453,0.8987947419214878,0,-1.4206659727586166,44.375,102.0,45862,,
song,zipf,holdout,438,0.5,57,2-8,11,7,28.930777256643566,0.6901305079269386,77,0.7997683942576912,0.8887635233751707,0,-0.929350327863435,219.25,181.98181818181817,45878,,
song,zipf,holdout,439,0.5,13,2-8,6,6,156.27576689748997,0.5605057850741875,36,0.7741344600191538,0.9274052480545136,0,-1.04685311817141,195.625,143.8,46081,,
song,zipf,holdout,440,0.5,41,4-8,5,8,101.69115045238209,0.0660654942533282,40,1.1299726509800432,0.9084022110732732,0,-1.0451315054692478,152.5,163.78181818181818,45562,,
song,zipf,holdout,441,0.5,30,2-8,9,1,149.728609658262,0.36399094730745934,9,1.2888124857447711,0.8830406547951142,0,-1.7160307265794421,33.5,137.05454545454546,45034,,
song,zipf,holdout,442,0.5,17,1-3,5,7,38.140620611413226,0.46796572563415345,35,0.7925663235839866,0.9338882899268961,0,-0.993512855302627,300.125,217.4181818181818,45735,,
song,zipf,holdout,443,0.5,55,2-4,9,3,57.94494130455959,0.6283423450952292,27,1.5318759626422915,0.9498308053892602,0,-1.0523478032088716,121.25,115.2,45844,,
song,zipf,holdout,444,0.5,57,1-3,2,5,91.70735187761632,0.47395857068632496,10,1.0622928827194777,0.9557929913577018,0,-1.2819726961891118,116.625,173.6727272727273,45665,,
song,zipf,holdout,445,0.5,43,1-3,15,4,121.0604628597241,0.8098736215744707,60,1.0933008274206308,0.9187332507546019,0,-0.9112559553837482,234.5,154.72727272727272,45665,,
song,zipf,holdout,446,0.5,17,2-4,13,4,130.08688468982578,0.8538548228423877,52,1.5828739106492749,0.9424914037042497,0,-1.0976159446048783,129.375,134.6909090909091,45734,,
song,zipf,holdout,447,0.5,32,2-4,9,6,107.29854680916858,0.7752211727562134,54,1.124138324511685,0.9441436680385054,0,-1.0451912447681315,190.75,151.54545454545453,45801,,
song,zipf,holdout,448,0.5,57,2-4,15,8,104.29496604901699,0.12177711196628332,120,0.6584370201883536,0.8950577308887501,0,-0.9310853084006974,310.125,232.6909090909091,45502,,
song,zipf,holdout,449,0.5,51,2-8,16,3,49.096146952863705,0.29263725220884856,48,1.0239701912976655,0.9121917365658534,0,-1.0233659929336691,166.5,192.16363636363636,45465,,
song,zipf,holdout,450,0.5,55,2-8,15,6,82.28703756598914,0.27308228298300674,90,0.6234993049151647,0.8902939944974751,0,-0.9231146584518541,234.0,187.94545454545454,45480,,
song,zipf,holdout,451,0.5,16,2-8,11,5,64.86534215881139,0.1853373340155281,55,1.2413294142760178,0.9397154008798706,0,-0.9883517364331568,202.125,168.98181818181817,46023,,
song,zipf,holdout,452,0.5,43,2-8,10,4,13.850412559565756,0.1319157014246314,40,0.5764743339302214,0.8341780556658405,0,-1.155696062515418,130.0,218.9090909090909,45898,,
song,zipf,holdout,453,0.5,50,2-8,10,5,119.98074302562654,0.1757477309627289,50,0.8714003857891729,0.9033601750236491,0,-1.0258023199694848,172.375,188.1818181818182,45501,,
song,zipf,holdout,454,0.5,23,2-4,4,2,111.5514117971503,0.17246679513616014,8,0.984402820030785,0.9387040772509041,0,-1.509794752898948,62.25,171.5090909090909,45731,,
song,zipf,holdout,455,0.5,54,2-4,5,2,134.08313320327653,0.2497718291928855,10,0.542024017442617,0.939199175677189,0,-1.425317253684312,72.0,159.72727272727272,45893,,
song,zipf,holdout,456,0.5,57,4-8,2,8,130.7702137522659,0.9080870800104877,16,0.8863595541094486,0.890133566821245,0,-1.5593042616087633,57.625,124.41818181818182,45837,,
song,zipf,holdout,457,0.5,56,4-8,9,1,89.87550010410662,0.4464892969535915,9,0.6463798849779051,0.8590149389652277,0,-1.6869945072548402,37.125,129.6909090909091,45348,,
song,zipf,holdout,458,0.5,27,2-4,5,7,77.069726818977,0.9429847565621892,35,1.2269015246939783,0.9378488280293847,0,-1.1918514197798513,119.375,122.25454545454545,45551,,
song,zipf,holdout,459,0.5,23,4-8,10,8,110.23046419015259,0.5054347826422926,80,0.9145390163994835,0.9294415423082287,0,-0.8711798193282259,263.875,145.8909090909091,45464,,
song,zipf,holdout,460,0.5,57,1-3,10,1,8.670776039678193,0.20798054446310377,10,1.5420259948903174,0.944698391495539,0,-1.303965039879723,89.5,164.63636363636363,45871,,
song,zipf,holdout,461,0.5,51,2-8,6,7,61.78032014482114,0.6021785460927882,42,1.0018070759195188,0.9178830638531179,0,-1.1209396804210616,145.0,166.3272727272727,46189,,
song,zipf,holdout,462,0.5,15,1-3,12,5,93.93337448886858,0.32174666676852454,60,0.9773688131884244,0.9319002677502447,0,-0.8398022790343747,351.25,181.34545454545454,45552,,
song,zipf,holdout,463,0.5,19,2-4,14,6,86.92650621530768,0.93074460593717,84,1.2115092820724858,0.9489700551698179,0,-1.068113571926617,188.5,165.1090909090909,45455,,
song,zipf,holdout,464,0.5,44,2-4,4,7,72.34003716124931,0.6050792844310137,28,0.8586180133119921,0.9277129710278509,0,-1.2249699520706816,132.375,184.21818181818182,45826,,
song,zipf,holdout,465,0.5,27,2-4,10,2,78.67495978146755,0.22696715589483982,20,1.3743223696719473,0.9491519177736116,0,-1.2435574524388295,100.75,175.1818181818182,45787,,
song,zipf,holdout,466,0.5,28,1-3,7,5,92.43995937183068,0.3466200158718399,35,1.0051205719741345,0.9322705653114981,0,-0.938087172565889,284.625,181.5818181818182,45837,,
song,zipf,holdout,467,0.5,39,4-8,9,3,59.500569535180034,0.5170689530466657,27,1.0486989510380849,0.9038353974560385,0,-1.1423349556565259,116.75,156.63636363636363,45699,,
song,zipf,holdout,468,0.5,35,1-3,4,8,63.99109762844367,0.45113500725275996,32,0.5151427146004001,0.9494935127345973,0,-1.0794900864167989,254.125,232.54545454545453,45655,,
song,zipf,holdout,469,0.5,37,2-4,11,5,69.61737311931626,0.9485874632434618,55,0.6028245935674069,0.928429201405168,0,-1.127183580592901,187.625,173.3272727272727,45778,,
song,zipf,holdout,470,0.5,23,2-8,12,5,96.06145344546448,0.059646922832580496,60,1.3414355800588977,0.9502120557670239,0,-1.0032385771872725,194.5,181.9090909090909,45820,,
song,zipf,holdout,471,0.5,52,4-8,6,1,80.50249495823796,0.5111320232117443,6,1.1960410868201712,0.9139560010275409,0,-1.785165125328447,29.625,94.85454545454546,45644,,
song,zipf,holdout,472,0.5,55,2-4,5,4,152.00717894919188,0.40793644747937596,20,1.147602136985996,0.9360946558133034,0,-1.2717385870778117,108.5,172.5090909090909,45599,,
song,zipf,holdout,473,0.5,51,1-3,16,4,89.89567904304603,0.5502616401288518,64,0.5154452430506056,0.9364933484799377,0,-0.9663876431399964,322.625,238.07272727272726,45865,,
song,zipf,holdout,474,0.5,18,2-4,2,5,29.37377102941076,0.0374512377640013,10,1.4721660220144228,0.947884307313172,0,-1.4018852176753627,78.125,167.01818181818183,45660,,
song,zipf,holdout,475,0.5,55,4-8,10,8,144.39777328314472,0.8321877588232215,80,1.585991344037181,0.9570895330655802,0,-1.0827303612715118,123.5,96.54545454545455,45794,,
song,zipf,holdout,476,0.5,30,1-3,16,6,88.17097162918118,0.7849920168153006,96,1.34926931235089,0.9150649432635884,0,-0.8534115801327784,246.5,134.4909090909091,45836,,
song,zipf,holdout,477,0.5,58,4-8,9,3,46.10221531259818,0.5487876115262119,27,1.444547393014245,0.9295944527945881,0,-1.1234673209258406,104.875,131.45454545454547,45472,,
song,zipf,holdout,478,0.5,34,2-4,14,8,89.23097521359654,0.40943504321986496,112,0.6136004488444471,0.9298297452614575,0,-0.8945680610101099,348.25,224.3090909090909,45938,,
song,zipf,holdout,479,0.5,36,2-8,5,7,143.13012381060324,0.11174383308834929,35,0.7839039759037143,0.8779212227032414,0,-1.1776380960432684,137.5,187.45454545454547,46034,,
song,zipf,holdout,480,0.5,15,1-3,11,1,27.250237610927336,0.9249634100634276,11,0.5282156295498699,0.9400503201010484,0,-1.262548467593052,110.25,203.6727272727273,45843,,
song,zipf,holdout,481,0.5,18,2-4,2,4,77.55101183869539,0.1132567997696882,8,1.314137006542972,0.918612788011449,0,-1.5001131118694224,61.125,189.27272727272728,45785,,
song,zipf,holdout,482,0.5,50,2-4,8,4,67.85523070269227,0.803676279694729,32,1.3418092116139368,0.945249306778084,0,-1.125353850447374,130.375,138.45454545454547,45872,,
song,zipf,holdout,483,0.5,46,1-3,9,2,24.158377774716293,0.5262998290241095,18,1.2378918414909381,0.9514062609654488,0,-1.0571790259628688,161.75,157.4,45761,,
song,zipf,holdout,484,0.5,45,2-8,16,1,121.31016840756836,0.3932943618990073,16,0.6462524491438401,0.8296787920414658,0,-1.4768757223620927,54.25,164.72727272727272,45567,,
song,zipf,holdout,485,0.5,42,4-8,15,2,8.922485364884245,0.37202470477857447,30,1.5123702445772569,0.9319842757176081,0,-1.1497189555588871,115.375,154.6,45707,,
song,zipf,holdout,486,0.5,28,2-8,2,5,117.01728985604669,0.721969749402308,10,0.9978265788532292,0.9266065623501315,0,-1.4268083962115912,69.125,134.0909090909091,45695,,
song,zipf,holdout,487,0.5,41,1-3,8,5,154.4935620998299,0.09729220454909104,40,1.4056176486030263,0.928250154249219,0,-0.9628205460824327,192.125,153.94545454545454,45814,,
song,zipf,holdout,488,0.5,43,1-3,14,7,35.75672842591267,0.8327473031250244,98,1.4253416605727298,0.9330014616536104,0,-0.8211972698826517,271.375,141.70909090909092,45779,,
song,zipf,holdout,489,0.5,13,2-4,3,2,25.816823009327102,0.5610673493554529,6,1.449893578072805,0.9414876758708506,0,-1.3807903767950154,72.75,124.21818181818182,45519,,
song,zipf,holdout,490,0.5,22,1-3,13,8,68.35732473180879,0.8125708114314876,104,1.3817625195098993,0.9328397741674745,0,-0.8675759466371902,250.75,130.6909090909091,45831,,
song,zipf,holdout,491,0.5,20,1-3,4,5,99.5348875641705,0.6379999287016872,20,1.4638206942435816,0.9391494726787806,0,-0.9828687932875816,159.75,122.85454545454546,45492,,
song,zipf,holdout,492,0.5,57,2-4,7,5,11.638930086165319,0.3350786810134915,35,0.8107367112738915,0.8773962167042351,0,-1.405225912148477,111.125,266.1272727272727,46017,,
song,zipf,holdout,493,0.5,15,1-3,11,6,10.054702182745633,0.8604564743060321,66,0.7417370572920778,0.9020542850098495,0,-0.7900530678227327,471.5,217.8181818181818,45717,,
song,zipf,holdout,494,0.5,50,2-8,3,1,49.31932523934961,0.7308460868183249,3,0.9461976212773924,0.8161249399067907,0,-1.4457061654727028,26.375,64.0909090909091,45820,,
song,zipf,holdout,495,0.5,28,4-8,3,5,12.86228876876328,0.6885267132118388,15,1.160232648804742,0.8403414660208555,0,-1.3185961517915117,68.0,172.8181818181818,45722,,
song,zipf,holdout,496,0.5,40,2-8,10,8,27.556313559484956,0.5027666093811471,80,0.8733872072342483,0.9211645854163342,0,-0.9566233816654915,245.875,197.8,45882,,
song,zipf,holdout,497,0.5,50,2-4,5,4,142.20165470613316,0.3506603753412409,20,0.9849325949871317,0.9280187213773182,0,-1.2754286673485669,118.875,186.92727272727274,45945,,
song,zipf,holdout,498,0.5,37,2-8,9,3,44.80387537523707,0.7344217467843467,27,1.1671428434045497,0.913353288409388,0,-1.1829031766449805,109.75,149.76363636363635,46090,,
song,zipf,holdout,499,0.5,32,4-8,15,5,122.82698163565041,0.24221647618071404,75,1.1010925352213476,0.9406456110078047,0,-0.8899216866323356,220.375,148.27272727272728,45720,,
song,uniform,holdout,0,0.5,22,2-4,16,2,71.97381163109425,0.4752070464880705,32,,0.9183231033788499,0,-1.1569886512781409,160.125,195.78181818181818,45725,,
song,uniform,holdout,1,0.5,34,2-8,6,7,39.732241759290716,0.1187153650779179,42,,0.7632955579972946,0,-1.0986347019925322,130.625,200.87272727272727,45812,,
song,uniform,holdout,2,0.5,31,2-8,14,5,34.208339314469285,0.1359224688853384,70,,0.8755197425783454,0,-0.8775773676468497,265.875,186.0909090909091,45679,,
song,uniform,holdout,3,0.5,34,1-3,7,3,34.69408665627614,0.6483591624665641,21,,0.946164000086634,0,-1.1012908893376419,210.75,210.65454545454546,45506,,
song,uniform,holdout,4,0.5,39,2-4,7,8,124.43501111509138,0.34624519068743925,56,,0.857689833275279,0,-1.147993205877218,191.375,240.01818181818183,45801,,
song,uniform,holdout,5,0.5,37,2-4,9,4,67.53602076468451,0.29351441152579505,36,,0.8254639159901136,0,-1.288739075434825,128.375,254.63636363636363,45732,,
song,uniform,holdout,6,0.5,30,1-3,9,6,58.006379421848656,0.07008140828832367,54,,0.9184872332372109,0,-1.02354875670235,351.375,272.1090909090909,45734,,
song,uniform,holdout,7,0.5,54,4-8,8,5,99.98835067709032,0.36031351296253866,40,,0.7727801003664451,0,-1.0297306965882174,118.25,173.92727272727274,45924,,
song,uniform,holdout,8,0.5,26,2-4,6,3,111.98135257219022,0.22671003788145688,18,,0.9001186270440593,0,-1.3392106859119801,118.75,215.4181818181818,45824,,
song,uniform,holdout,9,0.5,29,2-8,13,5,156.53892596247354,0.7924890937291187,65,,0.8906881958746311,0,-0.9962719190078244,196.25,133.87272727272727,46606,,
song,uniform,holdout,10,0.5,32,2-8,5,4,127.9384834844013,0.17214581005887009,20,,0.8400252414967323,0,-1.353505577552788,86.5,201.4,45678,,
song,uniform,holdout,11,0.5,38,2-8,4,6,153.20078676871265,0.43533244565940005,24,,0.80680942736042,0,-1.2832768412284614,89.75,193.8909090909091,46280,,
song,uniform,holdout,12,0.5,24,2-4,5,6,48.469902544093074,0.882026371855888,30,,0.8886442510428623,0,-1.0611715672166957,169.5,147.52727272727273,45396,,
song,uniform,holdout,13,0.5,59,1-3,11,3,139.4843410947208,0.6910010405337897,33,,0.9040659271545542,0,-0.9744196609416544,226.625,196.85454545454544,45536,,
song,uniform,holdout,14,0.5,50,2-4,8,7,117.77579369589222,0.161501006039984,56,,0.7981805570848062,0,-1.2033504241958262,161.125,276.0181818181818,45776,,
song,uniform,holdout,15,0.5,29,2-4,9,4,52.75212769044664,0.38865502623118287,36,,0.8954763551539173,0,-1.2387779538945725,167.375,242.9090909090909,45942,,
song,uniform,holdout,16,0.5,51,2-8,5,7,13.390823928109567,0.8041889842103634,35,,0.8408189521052896,0,-1.1524513102344325,134.375,184.16363636363636,45277,,
song,uniform,holdout,17,0.5,28,2-4,12,1,132.24081366980786,0.16959882017541159,12,,0.8716335938999578,0,-1.6468515863254192,54.375,194.45454545454547,45783,,
song,uniform,holdout,18,0.5,25,2-4,6,5,58.30091055792447,0.659872930291931,30,,0.9253517213068602,0,-1.1874869607950638,168.375,193.36363636363637,45758,,
song,uniform,holdout,19,0.5,22,4-8,11,2,155.39523001691123,0.1802935990474035,22,,0.8059637826759587,0,-1.2322415993774714,80.625,162.5090909090909,45695,,
song,uniform,holdout,20,0.5,41,2-4,3,4,118.05578335111063,0.2871506165676155,12,,0.854299611973011,0,-1.6213013125493707,66.375,237.6909090909091,45793,,
song,uniform,holdout,21,0.5,12,2-4,9,4,150.9958457286023,0.09324289485919555,36,,0.9247680879009963,0,-0.9719220733766298,265.875,171.34545454545454,45814,,
song,uniform,holdout,22,0.5,36,2-8,4,8,114.74585163124463,0.08397340716260168,32,,0.7175623098175972,0,-1.1140146911007522,92.625,219.0,45605,,
song,uniform,holdout,23,0.5,49,2-8,11,2,11.99865878865609,0.15329325797822735,22,,0.6544909019841629,0,-1.2331027944699646,67.5,226.78181818181818,45268,,
song,uniform,holdout,24,0.5,38,4-8,2,8,127.22758173080508,0.334716863267069,16,,0.720628289806617,0,-1.25354726765304,61.125,207.70909090909092,45516,,
song,uniform,holdout,25,0.5,36,4-8,9,2,62.318758978033365,0.46339734347569816,18,,0.8216468092094606,0,-1.3504467275111072,71.5,152.3090909090909,45473,,
song,uniform,holdout,26,0.5,39,4-8,10,3,14.732788939159988,0.5753345017986786,30,,0.7660887810386068,0,-1.117690683808259,95.625,175.78181818181818,45841,,
song,uniform,holdout,27,0.5,51,4-8,11,5,159.4899475617616,0.8349348722815605,55,,0.9022804496254755,0,-1.0467654839541702,153.125,113.14545454545454,45784,,
song,uniform,holdout,28,0.5,38,4-8,8,3,91.52969514721477,0.019166097005061205,24,,0.731450665734846,0,-1.12751914724577,78.75,187.83636363636364,45710,,
song,uniform,holdout,29,0.5,56,1-3,14,3,42.77954699478837,0.4586947727957379,42,,0.9346883753478721,0,-1.1145024369111094,259.375,274.54545454545456,45388,,
song,uniform,holdout,30,0.5,57,4-8,16,1,53.43424896585098,0.45860304106094074,16,,0.7370206317980389,0,-1.2005853506049067,54.5,174.9090909090909,45699,,
song,uniform,holdout,31,0.5,52,4-8,15,1,29.431121790242265,0.6853123794973858,15,,0.7233604787372477,0,-1.2659464734894714,58.5,162.47272727272727,46101,,
song,uniform,holdout,32,0.5,13,2-8,11,4,62.56261047935647,0.4148416428473088,44,,0.9054853298256353,0,-0.9587351168057856,247.25,175.36363636363637,45722,,
song,uniform,holdout,33,0.5,52,2-4,9,1,97.83042666642805,0.3863025286820099,9,,0.8319147746046953,0,-1.552800716925564,48.75,166.3090909090909,45761,,
song,uniform,holdout,34,0.5,14,4-8,8,1,8.993832718289731,0.10431593905904185,8,,0.7297134486257525,0,-1.3746726576750912,36.75,176.76363636363635,45676,,
song,uniform,holdout,35,0.5,43,2-4,7,6,36.169044964421545,0.3836400355651029,42,,0.8353020919637418,0,-1.2950209333162073,139.125,268.2909090909091,45911,,
song,uniform,holdout,36,0.5,34,1-3,11,1,93.62215962809863,0.42340680268314995,11,,0.8587231157644707,0,-0.9816461658706943,99.375,114.56363636363636,45678,,
song,uniform,holdout,37,0.5,34,2-4,4,4,31.156699995675694,0.3169954833785096,16,,0.8447201683383592,0,-1.603147460977345,70.0,253.47272727272727,45676,,
song,uniform,holdout,38,0.5,47,2-8,6,1,148.59166262898322,0.8432556142468202,6,,0.7861252548274036,0,-1.7203985656577656,27.25,106.9090909090909,45372,,
song,uniform,holdout,39,0.5,34,2-4,16,1,113.73165618521759,0.2514531602221872,16,,0.8860942886455614,0,-1.3648204361495468,76.375,166.8,45814,,
song,uniform,holdout,40,0.5,20,1-3,9,3,74.85315918680125,0.909245124018288,27,,0.8786479634605295,0,-1.0363411987628648,191.25,177.0909090909091,45498,,
song,uniform,holdout,41,0.5,36,4-8,2,6,64.39539382114633,0.006265007821671165,12,,0.7055974967070164,0,-1.2583878969278974,52.5,206.61818181818182,45718,,
song,uniform,holdout,42,0.5,60,4-8,3,1,64.73873919882784,0.8339962569084192,3,,0.819146837060619,1,-1.940291149253995,18.125,107.0909090909091,45731,,
song,uniform,holdout,43,0.5,49,4-8,15,1,49.352943584722276,0.08996559931589963,15,,0.7217404658164528,0,-1.3508972037763676,55.75,176.16363636363636,45609,,
song,uniform,holdout,44,0.5,13,1-3,8,1,35.14803992163061,0.36981904642580954,8,,0.9000668294824229,0,-1.321428140843211,80.875,157.3272727272727,45695,,
song,uniform,holdout,45,0.5,33,2-8,12,7,36.3782887600557,0.4881133654488965,84,,0.8771476771567177,0,-0.8322747217227413,298.5,176.47272727272727,45887,,
song,uniform,holdout,46,0.5,57,1-3,10,4,136.07386468266455,0.16918847708541257,40,,0.9247596339188944,0,-1.1578746660831345,255.75,291.27272727272725,45803,,
song,uniform,holdout,47,0.5,56,2-8,9,1,14.792757639005721,0.49853741955401293,9,,0.7741589108122395,0,-1.4785439543027328,33.875,174.03636363636363,45842,,
song,uniform,holdout,48,0.5,57,2-8,9,1,77.97899186455342,0.8194608804552419,9,,0.8461669996328929,0,-1.5505134445513424,40.125,138.6909090909091,46010,,
song,uniform,holdout,49,0.5,59,1-3,5,2,32.50864049867201,0.15829400279794512,10,,0.9139482741630893,0,-1.2524086302180577,157.125,206.4181818181818,45762,,
song,uniform,holdout,50,0.5,60,1-3,8,6,130.97596078180064,0.9411396607309093,48,,0.8415217696679904,0,-1.0319586253895956,189.75,164.07272727272726,45752,,
song,uniform,holdout,51,0.5,59,2-8,4,3,88.20087566486838,0.009438859583898073,12,,0.6807659926698333,0,-1.1872285470091057,34.625,213.27272727272728,45884,,
song,uniform,holdout,52,0.5,39,1-3,16,1,127.99395116328013,0.14820186157831533,16,,0.900394338998325,0,-1.2521572939235488,95.25,188.38181818181818,45609,,
song,uniform,holdout,53,0.5,15,1-3,7,5,31.01634531723941,0.3689129746863685,35,,0.9119477180116415,0,-0.9214329669387463,354.25,225.65454545454546,45666,,
song,uniform,holdout,54,0.5,20,2-8,11,7,146.0232955133611,0.07633137776172373,77,,0.9075058037753063,0,-0.7523556524135191,364.625,174.01818181818183,45912,,
song,uniform,holdout,55,0.5,32,1-3,15,1,77.19240454366486,0.9155323466164769,15,,0.9296907713894194,0,-1.2063471713173521,112.625,186.36363636363637,45863,,
song,uniform,holdout,56,0.5,58,4-8,14,1,83.49962711624606,0.10108294171014216,14,,0.7624794626582589,0,-1.4310692241191947,52.0,167.5090909090909,45786,,
song,uniform,holdout,57,0.5,13,4-8,2,6,65.85344303054006,0.03136071506027089,12,,0.7965256489753549,0,-1.2942495212553038,65.125,180.07272727272726,45712,,
song,uniform,holdout,58,0.5,57,2-4,15,3,60.55098221416543,0.10649925045344528,45,,0.7876238535450203,0,-1.2154496886257948,131.625,256.56363636363636,45796,,
song,uniform,holdout,59,0.5,15,1-3,8,6,108.47828948615447,0.4264257885774634,48,,0.8890713061949334,0,-0.7900180144168282,415.0,196.8909090909091,45776,,
song,uniform,holdout,60,0.5,36,1-3,16,1,119.36729994612791,0.8595060529051813,16,,0.8742442339487718,0,-1.1136557521903465,112.0,144.8,45612,,
song,uniform,holdout,61,0.5,55,2-8,10,5,110.41528886504362,0.10186126989955274,50,,0.734001624826354,0,-1.0492670806753386,126.75,199.83636363636364,46506,,
song,uniform,holdout,62,0.5,19,2-4,13,6,117.8474778407521,0.3444404507810722,78,,0.9067054741493201,0,-0.8324646966162079,382.625,191.74545454545455,45898,,
song,uniform,holdout,63,0.5,14,2-8,11,5,144.75459687678548,0.043622248384307456,55,,0.9157773120024435,0,-0.8189967939830742,302.75,152.45454545454547,45754,,
song,uniform,holdout,64,0.5,21,2-8,5,8,154.39082865890427,0.36760316135115706,40,,0.9043485286728191,0,-1.0495869884852445,204.625,180.8181818181818,46176,,
song,uniform,holdout,65,0.5,42,2-8,12,6,68.4525318079341,0.24943006879063306,72,,0.8273145652209022,0,-0.9271853965420458,213.625,182.0,46223,,
song,uniform,holdout,66,0.5,16,2-8,8,3,41.51822305754136,0.2213173470868577,24,,0.8848931403325851,0,-1.134635192142638,128.75,164.56363636363636,46198,,
song,uniform,holdout,67,0.5,43,2-8,12,2,137.40622768186003,0.14041152846746927,24,,0.8254878488019138,0,-1.2457163201877335,91.75,168.36363636363637,45418,,
song,uniform,holdout,68,0.5,22,2-4,9,7,33.753955990539396,0.6228646451156679,63,,0.9151899630686263,0,-0.9219107130013908,321.125,207.36363636363637,46078,,
song,uniform,holdout,69,0.5,47,2-8,3,2,21.724097275191635,0.5681506326007961,6,,0.8994223648493442,0,-1.3869283108226313,47.875,106.12727272727273,45703,,
song,uniform,holdout,70,0.5,13,2-8,15,1,13.79074630596133,0.2208311505653215,15,,0.8982632583198734,0,-1.308682252827701,100.5,157.12727272727273,45713,,
song,uniform,holdout,71,0.5,19,2-8,14,5,148.56415429598022,0.9316376697773466,70,,0.8694478889354413,0,-1.0639516824047304,169.0,133.3090909090909,45471,,
song,uniform,holdout,72,0.5,40,1-3,7,6,139.15685992829756,0.7773636126774531,42,,0.8945149676408384,0,-0.9098631599338962,258.625,167.45454545454547,45879,,
song,uniform,holdout,73,0.5,46,2-4,13,7,153.34954154127462,0.4410390989849535,91,,0.883875272996002,0,-1.0074917388082918,270.5,228.25454545454545,45868,,
song,uniform,holdout,74,0.5,35,1-3,10,7,145.059169513622,0.493782851889419,70,,0.9180814042400295,0,-0.9382062158138924,364.5,240.5818181818182,45704,,
song,uniform,holdout,75,0.5,52,4-8,11,8,57.94537209127003,0.25154027550959845,88,,0.8162270294850996,0,-0.8302842123213041,223.375,156.52727272727273,45903,,
song,uniform,holdout,76,0.5,51,2-8,11,8,130.88364233671575,0.8302151914604579,88,,0.8897120291724967,0,-0.9362207519513441,210.625,133.61818181818182,45377,,
song,uniform,holdout,77,0.5,14,2-4,3,2,75.20788146983013,0.17558930121917876,6,,0.9152477934977712,0,-1.7017716502565996,46.75,168.29090909090908,45858,,
song,uniform,holdout,78,0.5,43,2-4,12,5,63.47964746710737,0.7531435911326227,60,,0.9197317060439167,0,-1.0612713555618454,222.875,209.6727272727273,45644,,
song,uniform,holdout,79,0.5,44,2-4,8,7,81.63958659085769,0.09118906507192406,56,,0.7622304994175564,0,-1.16997154020669,148.5,268.9818181818182,45753,,
song,uniform,holdout,80,0.5,21,2-4,6,2,61.00195914337846,0.45714639144540564,12,,0.9269104052235453,0,-1.545823174545768,83.0,205.29090909090908,45810,,
song,uniform,holdout,81,0.5,55,2-8,11,3,26.980702465680455,0.27089327099200466,33,,0.7035664545253446,0,-1.0348746108634752,93.375,212.1090909090909,45832,,
song,uniform,holdout,82,0.5,30,1-3,2,1,74.3329940970271,0.78172746179931,2,,0.7878706829477272,0,-0.5195057518454088,42.0,13.254545454545454,45830,,
song,uniform,holdout,83,0.5,25,2-8,12,3,9.740881202106092,0.8756237357389761,36,,0.8386601219679206,0,-1.1438253237000569,153.25,201.4,45815,,
song,uniform,holdout,84,0.5,25,2-8,5,8,71.61594448552188,0.0344585985801165,40,,0.8399369224405362,0,-1.0921759356896705,165.375,199.23636363636365,45435,,
song,uniform,holdout,85,0.5,36,2-4,13,5,126.27464223511106,0.9387666112558057,65,,0.872008634860984,0,-1.0171536499246012,199.75,145.56363636363636,45662,,
song,uniform,holdout,86,0.5,32,1-3,6,1,146.28730975968423,0.16462968962640068,6,,0.7476959478203742,0,-0.9432348426252666,59.875,68.72727272727273,45629,,
song,uniform,holdout,87,0.5,48,2-8,7,7,156.51831186002727,0.25937350275910886,49,,0.7954027234461554,0,-1.0666611091660307,139.0,200.5818181818182,45731,,
song,uniform,holdout,88,0.5,20,2-8,12,8,73.12064065557114,0.8836483147720503,96,,0.8908125646621059,0,-0.894943168189013,263.375,146.4,45361,,
song,uniform,holdout,89,0.5,45,2-4,7,2,69.16535055062525,0.6206147098542721,14,,0.9370054147161166,0,-1.497332595187841,84.5,225.9090909090909,45757,,
song,uniform,holdout,90,0.5,51,2-4,16,6,98.60790912026741,0.40920127683905144,96,,0.8599612417345203,0,-0.995302741536028,263.5,243.0909090909091,45744,,
song,uniform,holdout,91,0.5,48,1-3,15,6,47.0863265605501,0.2963510189154036,90,,0.8990184912572644,0,-0.9629584485809274,400.125,293.27272727272725,45686,,
song,uniform,holdout,92,0.5,38,1-3,13,1,158.22447905509958,0.7407469381704281,13,,0.8346093960652033,0,-1.1626025515249236,89.5,148.21818181818182,45733,,
song,uniform,holdout,93,0.5,20,2-4,7,1,43.58168830468723,0.21736082550798752,7,,0.9326288475353972,0,-1.622339270158174,47.875,176.78181818181818,45715,,
song,uniform,holdout,94,0.5,35,1-3,6,3,78.70730972482507,0.1439640426242906,18,,0.9216132111086288,0,-1.219162570312807,173.5,238.03636363636363,45760,,
song,uniform,holdout,95,0.5,42,2-4,6,3,55.497127725987795,0.9045798494135674,18,,0.9170706739445471,0,-1.3739434494709348,95.25,185.96363636363637,45682,,
song,uniform,holdout,96,0.5,43,2-4,14,7,8.434424337586837,0.6270583846662824,98,,0.791227625644292,0,-1.0619679068909096,257.0,274.2,45805,,
song,uniform,holdout,97,0.5,54,2-8,3,6,96.68400078873722,0.8772924476466244,18,,0.8713770576936801,0,-1.4783433643939015,70.875,161.3272727272727,44682,,
song,uniform,holdout,98,0.5,48,2-8,3,2,87.22086665684016,0.49316819040795024,6,,0.8281661775522966,0,-1.6476309653050543,31.25,163.1818181818182,46743,,
song,uniform,holdout,99,0.5,14,1-3,15,2,20.85168024431831,0.17308187492399146,30,,0.9378775197896174,0,-1.0190335587713688,318.0,235.8181818181818,45963,,
song,uniform,holdout,100,0.5,41,1-3,12,1,103.56838350628523,0.16558013607443695,12,,0.8712095819518288,0,-1.1090098824552088,94.25,132.12727272727273,45346,,
song,uniform,holdout,101,0.5,38,2-8,7,3,140.83222282022714,0.25194401378964193,21,,0.767257673014792,0,-1.2891233110099454,74.375,201.29090909090908,46055,,
song,uniform,holdout,102,0.5,49,2-8,11,5,23.49866823943085,0.40127006376937724,55,,0.7678117844467625,0,-1.0240284098412156,150.625,200.61818181818182,45638,,
song,uniform,holdout,103,0.5,43,4-8,9,6,69.17551374985544,0.15981631868400603,54,,0.7948890576713346,0,-0.9789881487950973,154.0,174.4181818181818,45779,,
song,uniform,holdout,104,0.5,43,2-4,12,1,51.22108002909356,0.8951541674842539,12,,0.9080029835731421,0,-1.5147701122180968,64.0,194.85454545454544,45906,,
song,uniform,holdout,105,0.5,34,4-8,12,8,149.44050944219316,0.5434460858688462,96,,0.8927595868015674,0,-0.7876530558417711,295.875,150.0909090909091,45605,,
song,uniform,holdout,106,0.5,59,4-8,4,2,14.822840711157145,0.5831829171739805,8,,0.7611518783186706,0,-1.1320261741794642,27.75,178.6,45409,,
song,uniform,holdout,107,0.5,54,4-8,11,3,52.03643837719191,0.936352259712896,33,,0.8491761323663014,0,-1.1121138136619482,105.25,148.56363636363636,45648,,
song,uniform,holdout,108,0.5,18,2-8,10,4,157.89115744115583,0.30105487583412893,40,,0.894731212630713,0,-1.0568448411527671,189.0,169.38181818181818,45609,,
song,uniform,holdout,109,0.5,49,1-3,5,6,150.72325520569066,0.5611405513951622,30,,0.9448644528459431,0,-1.1991831217086153,193.875,249.0909090909091,45513,,
song,uniform,holdout,110,0.5,20,2-8,4,1,115.66819808542486,0.6982426677554029,4,,0.745356204013883,0,-1.8419766809918006,21.75,150.63636363636363,45660,,
song,uniform,holdout,111,0.5,55,2-8,2,1,42.78899304423072,0.18931702684028967,2,,0.7863950704115918,0,-0.5294236113321013,31.625,10.236363636363636,45560,,
song,uniform,holdout,112,0.5,22,1-3,4,2,148.74576317381045,0.9481296232566272,8,,0.5911181070600542,0,-0.7378221793790987,88.25,122.07272727272728,46281,,
song,uniform,holdout,113,0.5,39,2-4,11,4,137.0130268294852,0.8836273843878371,44,,0.9035133676157593,0,-1.1265259395906129,177.75,154.8909090909091,45883,,
song,uniform,holdout,114,0.5,22,2-8,15,3,153.26591840769197,0.49762436125574067,45,,0.8915813534928266,0,-1.0665774724954167,179.25,165.92727272727274,46089,,
song,uniform,holdout,115,0.5,19,1-3,6,8,118.49502370089982,0.1077333363338937,48,,0.9221712773852531,0,-1.006872442362189,355.75,265.8545454545455,45973,,
song,uniform,holdout,116,0.5,54,1-3,13,8,86.41229587691754,0.1277598354258483,104,,0.8909343700466067,0,-0.9357275442461891,428.75,301.8727272727273,45674,,
song,uniform,holdout,117,0.5,18,4-8,8,5,74.31327760983761,0.7717437437159136,40,,0.8997198175475216,0,-1.078511763371304,171.25,147.8909090909091,45864,,
song,uniform,holdout,118,0.5,13,4-8,14,8,116.0014810547657,0.3091279904122682,112,,0.8716985042387303,0,-0.5429373940851546,393.5,103.8,45784,,
song,uniform,holdout,119,0.5,41,4-8,9,2,71.71958624867779,0.4938760870730937,18,,0.8210520182442277,0,-1.2525677882910133,79.0,156.70909090909092,45895,,
song,uniform,holdout,120,0.5,22,4-8,10,8,105.70643393352351,0.3509359706019355,80,,0.9034364292191895,0,-0.7701775729214121,341.25,160.1090909090909,45562,,
song,uniform,holdout,121,0.5,49,2-4,6,4,57.30719068214022,0.33310616834795825,24,,0.8450344229683886,0,-1.4534019526474622,94.625,248.1818181818182,45647,,
song,uniform,holdout,122,0.5,35,2-8,10,7,52.58066297775561,0.6094815794889978,70,,0.8968284892783391,0,-0.930392233796392,241.0,160.92727272727274,45618,,
song,uniform,holdout,123,0.5,21,4-8,13,5,151.6786883793721,0.7765986003021899,65,,0.8866575505996933,0,-0.9866924356449309,210.5,149.87272727272727,45869,,
song,uniform,holdout,124,0.5,47,4-8,2,4,110.47571364878863,0.7179214146360566,8,,0.8971185841975633,0,-1.6879238420951037,43.125,141.1818181818182,45987,,
song,uniform,holdout,125,0.5,16,2-4,15,5,102.5430759442093,0.016500983932209726,75,,0.9105439102278097,0,-0.749310044187907,439.75,188.4909090909091,45823,,
song,uniform,holdout,126,0.5,57,4-8,7,3,80.57686103567701,0.7373445121593518,21,,0.8074854130973734,0,-1.306101243099587,76.5,166.70909090909092,46185,,
song,uniform,holdout,127,0.5,40,1-3,12,5,116.02692660042176,0.8092609577528935,60,,0.9123002448449704,0,-0.911639852093005,294.5,183.65454545454546,45330,,
song,uniform,holdout,128,0.5,54,4-8,11,6,86.26160334306556,0.8656299566130801,66,,0.8766691267631896,0,-0.977017848952435,169.125,138.4909090909091,46141,,
song,uniform,holdout,129,0.5,58,2-4,11,4,102.25474804437161,0.8761000066257639,44,,0.9056413778863901,0,-1.2195507839199862,155.375,196.52727272727273,46242,,
song,uniform,holdout,130,0.5,50,4-8,12,1,125.81556728502922,0.623386715056959,12,,0.7730912120172899,0,-1.5146427694280984,41.5,189.5090909090909,45510,,
song,uniform,holdout,131,0.5,60,4-8,7,4,135.44637041367213,0.7712355123863623,28,,0.8383148507121627,0,-1.1934181251543174,97.5,163.07272727272726,45950,,
song,uniform,holdout,132,0.5,60,4-8,14,7,129.77278779612493,0.6117451529265746,98,,0.8840324694127102,0,-0.8139526720856942,240.0,128.63636363636363,46109,,
song,uniform,holdout,133,0.5,13,4-8,7,7,154.57024549584537,0.4141345737129894,49,,0.9141658392792442,0,-0.8430119388125616,271.375,144.87272727272727,45728,,
song,uniform,holdout,134,0.5,48,2-8,11,1,65.82257466254873,0.6219668624116642,11,,0.8546102957975803,0,-1.6190262469963248,46.125,171.0909090909091,45481,,
song,uniform,holdout,135,0.5,16,4-8,3,1,52.32638676594857,0.16609709393132635,3,,0.672751830733348,0,-1.5280779836397975,17.75,178.07272727272726,45600,,
song,uniform,holdout,136,0.5,22,2-8,5,1,16.62984034028837,0.8151808518053288,5,,0.7871045728065367,0,-1.7166187093803513,31.75,161.36363636363637,45740,,
song,uniform,holdout,137,0.5,33,2-4,16,5,57.568864356207214,0.1897791233940284,80,,0.875927590152876,0,-0.9897226632451912,278.75,232.27272727272728,45859,,
song,uniform,holdout,138,0.5,46,2-4,16,1,78.1276128192461,0.19317273508452404,16,,0.9140621769707424,0,-1.4426945946768395,76.75,176.56363636363636,45678,,
song,uniform,holdout,139,0.5,47,2-8,4,1,131.28409837032376,0.8034871741562357,4,,0.7398644680459958,1,-1.7653096379672595,19.75,125.7090909090909,45191,,
song,uniform,holdout,140,0.5,59,2-8,4,7,59.95387065465321,0.2641383804131536,28,,0.7098350849576132,0,-1.2109357096765203,86.0,223.92727272727274,45582,,
song,uniform,holdout,141,0.5,44,4-8,5,3,42.25973723758321,0.49548358588120495,15,,0.7331734682562903,0,-1.3306954553942028,56.25,187.03636363636363,45670,,
song,uniform,holdout,142,0.5,48,4-8,13,7,39.16845880426448,0.8249103275465138,91,,0.8822584202577581,0,-0.8227685145231999,256.0,142.03636363636363,45753,,
song,uniform,holdout,143,0.5,30,2-4,10,6,125.82589446022114,0.07416125925679332,60,,0.861960174103534,0,-1.1170384825216861,210.125,268.2181818181818,45848,,
song,uniform,holdout,144,0.5,25,2-8,8,4,48.68412476818062,0.5614328860772907,32,,0.8720344890920458,0,-1.1359078376906964,144.875,180.34545454545454,46090,,
song,uniform,holdout,145,0.5,51,2-4,4,8,32.67080061389061,0.895579331543895,32,,0.9259952690650298,0,-1.1914229222971282,147.375,171.94545454545454,45462,,
song,uniform,holdout,146,0.5,23,2-8,4,2,89.90803770473505,0.348894904875698,8,,0.8534067012070172,0,-1.4935621905149599,42.875,149.8181818181818,45740,,
song,uniform,holdout,147,0.5,57,4-8,2,2,54.36537432078101,0.06730013829907196,4,,0.8617041160337047,0,-1.8111166217275572,22.875,108.9090909090909,45851,,
song,uniform,holdout,148,0.5,20,2-8,4,1,102.72842938038994,0.5144379490078799,4,,0.7830910227276062,0,-1.1994407822743347,37.5,60.85454545454545,45171,,
song,uniform,holdout,149,0.5,14,2-4,12,8,122.97357604688833,0.2040043193879947,96,,0.8390217817436547,0,-0.5675985750335613,527.875,149.65454545454546,45601,,
song,uniform,holdout,150,0.5,29,4-8,4,3,142.40004040815847,0.7480519322533393,12,,0.8548766948683277,0,-1.591155427036378,57.25,166.4909090909091,45781,,
song,uniform,holdout,151,0.5,18,2-8,5,7,17.187449771976816,0.29057991253508864,35,,0.9020466941406151,0,-1.0366165391124156,222.0,182.16363636363636,45958,,
song,uniform,holdout,152,0.5,45,1-3,11,3,137.94550552552747,0.79085420883385,33,,0.9071827651706545,0,-0.9486792201315497,228.125,187.36363636363637,46300,,
song,uniform,holdout,153,0.5,18,4-8,3,8,33.40241705221591,0.6501449246886265,24,,0.8695116657500438,0,-1.2227771998358439,133.75,167.2,45868,,
song,uniform,holdout,154,0.5,17,4-8,8,4,150.38699031415229,0.03191415868742293,32,,0.8637323668336306,0,-1.0385151589523192,161.5,177.94545454545454,45718,,
song,uniform,holdout,155,0.5,52,2-8,6,3,136.83076330929242,0.45694488317760057,18,,0.8107540859687927,0,-1.28980052184034,75.25,177.4909090909091,45669,,
song,uniform,holdout,156,0.5,59,1-3,5,8,36.248684382068205,0.8260902870475463,40,,0.932495692429216,0,-0.9680050791005221,248.75,195.54545454545453,45704,,
song,uniform,holdout,157,0.5,37,4-8,6,3,112.06937182007321,0.8846744094200749,18,,0.8429195767006836,0,-1.529707612519542,64.125,156.85454545454544,46045,,
song,uniform,holdout,158,0.5,39,2-4,6,2,25.68635178026457,0.925471087630912,12,,0.8978693938858764,0,-1.3236261140351115,71.25,180.83636363636364,45598,,
song,uniform,holdout,159,0.5,12,2-8,13,5,69.76026728050996,0.32962385098318714,65,,0.8846397280787504,0,-0.6766455592916323,345.625,124.21818181818182,45397,,
song,uniform,holdout,160,0.5,45,2-4,15,4,9.924236680301226,0.3292715849779485,60,,0.7067338426871943,0,-1.1797455182489132,141.5,293.0181818181818,45729,,
song,uniform,holdout,161,0.5,43,1-3,14,1,57.58410117829374,0.3794877115245794,14,,0.8951075935276871,0,-1.137582462327809,99.25,191.8181818181818,45785,,
song,uniform,holdout,162,0.5,30,1-3,15,7,84.74506328431927,0.4019461808948477,105,,0.9037932098867627,0,-0.8374961545428754,465.75,243.8,45593,,
song,uniform,holdout,163,0.5,41,2-8,5,4,65.72749058333673,0.860922635236962,20,,0.8908780411446364,0,-1.422065136755548,81.125,152.3272727272727,46127,,
song,uniform,holdout,164,0.5,42,4-8,11,3,158.99842707485752,0.5779016041546062,33,,0.8646142455532853,0,-1.1313643741947264,114.875,149.38181818181818,45763,,
song,uniform,holdout,165,0.5,44,4-8,14,8,28.235656360123393,0.11981115074891507,112,,0.8322449033721501,0,-0.7119670210172437,326.125,166.74545454545455,45860,,
song,uniform,holdout,166,0.5,38,1-3,3,8,124.07718215581559,0.2289396139678657,24,,0.9331810857720466,0,-1.2467626753694003,208.5,277.6545454545454,45518,,
song,uniform,holdout,167,0.5,39,2-8,14,7,61.15072286765422,0.5029129349392809,98,,0.8853544647102309,0,-0.8161430501859166,303.75,167.05454545454546,45247,,
song,uniform,holdout,168,0.5,56,1-3,15,3,43.603517941997225,0.1469880859576782,45,,0.9144985273717683,0,-1.170463423244942,255.0,291.4727272727273,45605,,
song,uniform,holdout,169,0.5,31,4-8,15,8,154.11259803479595,0.48740322569022254,120,,0.8867756656614498,0,-0.7024074960059499,364.125,149.72727272727272,45524,,
song,uniform,holdout,170,0.5,49,4-8,5,1,57.4288192737966,0.04899827288856789,5,,0.882210488449813,0,-1.750322748106465,27.375,102.03636363636363,45427,,
song,uniform,holdout,171,0.5,26,2-8,9,3,74.26350652439886,0.9428230529424714,27,,0.8820506425106465,0,-1.3094108189756684,98.625,155.0,44497,,
song,uniform,holdout,172,0.5,50,1-3,12,5,53.617026468222626,0.5737671640953317,60,,0.938443679377077,0,-1.0241904850713572,308.0,264.5272727272727,45603,,
song,uniform,holdout,173,0.5,18,1-3,14,2,51.08062857814716,0.838478627480673,28,,0.9343139696732121,0,-0.9803956325960621,215.125,196.47272727272727,45870,,
song,uniform,holdout,174,0.5,48,2-8,15,5,84.83013979785304,0.7187495252683768,75,,0.8984008269728077,0,-0.9190031043565363,226.125,144.54545454545453,45788,,
song,uniform,holdout,175,0.5,39,4-8,8,8,17.46211875195882,0.5695126966419763,64,,0.8424378756128718,0,-0.8920809697270518,226.125,157.4181818181818,45645,,
song,uniform,holdout,176,0.5,20,2-4,3,8,15.241423464164907,0.6332391991019823,24,,0.926430923041033,0,-1.2285271194000562,176.25,201.23636363636365,45703,,
song,uniform,holdout,177,0.5,53,2-8,8,4,47.82878329300054,0.16199695871197306,32,,0.7100477989922842,0,-1.1505269127059852,87.5,215.70909090909092,45318,,
song,uniform,holdout,178,0.5,45,2-8,14,6,69.12640347465914,0.153021899507599,84,,0.8246721389075607,0,-0.8768607161852623,229.5,175.34545454545454,45820,,
song,uniform,holdout,179,0.5,16,4-8,14,6,113.22846362393882,0.12008158388986447,84,,0.8972584536376298,0,-0.6491814576727406,388.75,139.6727272727273,46008,,
song,uniform,holdout,180,0.5,32,2-8,16,8,67.64334887089194,0.4959872069361953,128,,0.8797332862264948,0,-0.6908457592377928,400.5,163.47272727272727,45678,,
song,uniform,holdout,181,0.5,17,4-8,10,7,53.596774094151264,0.5339055349131961,70,,0.9011081270928065,0,-0.8091567378718639,329.375,160.87272727272727,45713,,
song,uniform,holdout,182,0.5,54,2-8,15,5,48.43592133026999,0.7680331799937141,75,,0.8898648494679184,0,-0.9401726894959306,220.75,161.56363636363636,46347,,
song,uniform,holdout,183,0.5,35,4-8,4,7,127.86839740413374,0.6869881850540053,28,,0.8501578861888694,0,-1.1608601240501826,109.375,155.1818181818182,45714,,
song,uniform,holdout,184,0.5,49,1-3,16,1,53.0207827367906,0.21189410081245577,16,,0.9264322187962108,0,-1.1529495124850127,122.25,186.72727272727272,45852,,
song,uniform,holdout,185,0.5,51,4-8,11,7,32.25703968217449,0.9055640281697512,77,,0.8670076850098054,0,-0.8531697228205393,220.0,140.78181818181818,45725,,
song,uniform,holdout,186,0.5,35,2-8,15,1,36.97126583544622,0.30254099578665367,15,,0.8212046021879633,0,-1.3662735651810864,66.5,179.16363636363636,46044,,
song,uniform,holdout,187,0.5,58,2-4,6,6,74.44864123630654,0.6994960976429017,36,,0.9259534071779418,0,-1.201628112937132,154.125,195.65454545454546,46030,,
song,uniform,holdout,188,0.5,38,1-3,15,5,136.60494642888796,0.4866404249006157,75,,0.9192496768924451,0,-0.9323798680051176,362.25,226.1818181818182,45940,,
song,uniform,holdout,189,0.5,26,2-8,5,3,138.3916475104647,0.4591710535876693,15,,0.839386309022258,0,-1.4647994748577848,62.0,172.27272727272728,45540,,
song,uniform,holdout,190,0.5,55,4-8,6,4,155.0822520448119,0.7995775030332687,24,,0.8398724974304155,0,-1.3121963279141733,83.25,163.63636363636363,45417,,
song,uniform,holdout,191,0.5,44,2-4,6,8,47.86147361332605,0.058072885999261956,48,,0.7125996037599985,0,-1.2042638738501235,118.125,292.4727272727273,45708,,
song,uniform,holdout,192,0.5,22,2-4,12,4,84.66887570822358,0.12840569096080715,48,,0.9099781919610055,0,-1.0814110835416288,241.5,223.05454545454546,45544,,
song,uniform,holdout,193,0.5,24,4-8,12,8,74.28084824042001,0.7057413847825338,96,,0.8887297152636298,0,-0.7780985290321687,309.125,141.8,45665,,
song,uniform,holdout,194,0.5,48,2-4,16,7,87.44584532005065,0.8426627588864,112,,0.9073412984882332,0,-0.9128930623789165,311.875,180.21818181818182,45738,,
song,uniform,holdout,195,0.5,20,1-3,7,4,84.92600266665691,0.7131784433878801,28,,0.9196696674519783,0,-0.9893487386251479,238.375,176.05454545454546,45674,,
song,uniform,holdout,196,0.5,20,2-8,3,5,71.16151743612758,0.5467126755174196,15,,0.8593919820843625,0,-1.4232225349381176,81.625,189.03636363636363,45989,,
song,uniform,holdout,197,0.5,59,1-3,13,6,41.72565088621042,0.2062962006129227,78,,0.8922203921882627,0,-1.0572371979613857,338.25,311.03636363636366,45813,,
song,uniform,holdout,198,0.5,22,2-8,9,3,84.82326562939178,0.3943420972684245,27,,0.867411353602716,0,-1.2057241906802947,122.125,170.85454545454544,45887,,
song,uniform,holdout,199,0.5,59,2-8,11,7,133.68012713464816,0.37130703896950706,77,,0.8139202830252142,0,-0.9078132436744828,201.75,181.98181818181817,45939,,
song,uniform,holdout,200,0.5,39,4-8,9,3,109.05506348825492,0.7865182269763074,27,,0.8783453325935358,0,-1.2393974711708626,103.75,128.4,45851,,
song,uniform,holdout,201,0.5,49,2-8,10,7,25.220613223002854,0.6717618670878861,70,,0.8455887310229717,0,-0.9641542543831798,206.25,179.4,45912,,
song,uniform,holdout,202,0.5,12,2-4,13,8,97.78652204395938,0.3233635797302522,104,,0.8173520906337737,0,-0.5310000900957568,484.375,137.16363636363636,45822,,
song,uniform,holdout,203,0.5,16,4-8,4,8,80.88749432468614,0.8614308500906629,32,,0.8838284295632104,0,-1.2518224713013184,124.5,153.78181818181818,45781,,
song,uniform,holdout,204,0.5,56,1-3,2,7,70.88863707670575,0.7045305777362377,14,,0.9289719407668867,0,-1.0439799509474024,158.375,173.0,45615,,
song,uniform,holdout,205,0.5,25,2-4,2,6,146.20890051966168,0.5742258075066751,12,,0.9196916468332574,0,-1.582209898838694,76.125,219.5818181818182,45568,,
song,uniform,holdout,206,0.5,42,4-8,9,1,21.98391987833037,0.7102971614492894,9,,0.7133449167685728,0,-1.4375278327229974,36.25,186.0,45837,,
song,uniform,holdout,207,0.5,25,4-8,12,7,51.977419161318565,0.6897813441702199,84,,0.8877473536837736,0,-0.7947374270230687,299.625,157.52727272727273,45727,,
song,uniform,holdout,208,0.5,52,1-3,9,4,55.503150079641166,0.23835277483036646,36,,0.9335502384511684,0,-1.1651354686753732,247.625,275.94545454545454,45799,,
song,uniform,holdout,209,0.5,13,2-4,10,6,63.441011021350995,0.6171758899376552,60,,0.8719850190355701,0,-0.7993241211968556,346.0,164.56363636363636,46034,,
song,uniform,holdout,210,0.5,26,1-3,4,1,133.53998060057975,0.7499445893925171,4,,0.7186563166906087,0,-0.7263131399930662,51.25,56.018181818181816,45630,,
song,uniform,holdout,211,0.5,31,2-4,16,7,147.793185093902,0.15800275918265727,112,,0.893654774927028,0,-0.8462177153336654,384.625,219.25454545454545,45813,,
song,uniform,holdout,212,0.5,21,2-4,8,5,41.73715947845897,0.5981835121451389,40,,0.9184889619405854,0,-1.088333175109031,225.875,198.65454545454546,45704,,
song,uniform,holdout,213,0.5,42,1-3,4,6,9.726826712530737,0.2175622596090943,24,,0.8900817711703308,0,-1.3751820710197966,173.0,311.6181818181818,45781,,
song,uniform,holdout,214,0.5,23,2-8,10,7,84.51376036820832,0.939495686661818,70,,0.8850582084159617,0,-1.0355805032650807,180.25,131.27272727272728,45980,,
song,uniform,holdout,215,0.5,33,1-3,5,8,80.85606639536577,0.8981686490040717,40,,0.840363151431158,0,-0.897107395736486,217.875,153.05454545454546,45060,,
song,uniform,holdout,216,0.5,46,2-8,10,6,81.2796839213118,0.20127862747978334,60,,0.8209161483694466,0,-0.9759067053377984,181.25,191.76363636363635,45617,,
song,uniform,holdout,217,0.5,17,2-8,14,8,115.5257337654096,0.07411765963681936,112,,0.8738562577411576,0,-0.5544868901153375,490.125,139.25454545454545,45685,,
song,uniform,holdout,218,0.5,39,4-8,15,8,110.89901803720213,0.8907317860776748,120,,0.9008424879996292,0,-0.8834626621864595,232.75,121.65454545454546,45347,,
song,uniform,holdout,219,0.5,18,2-4,11,8,63.430038857985,0.556839356997188,88,,0.8913712341457334,0,-0.7839868904965734,420.125,190.12727272727273,45831,,
song,uniform,holdout,220,0.5,22,4-8,11,6,81.23576261155368,0.201309273102098,66,,0.8949680329760757,0,-0.8177893846615542,302.0,166.8181818181818,45652,,
song,uniform,holdout,221,0.5,24,2-8,14,5,63.365084624901776,0.6182142077978102,70,,0.887276392508332,0,-0.8571075783729567,265.75,156.96363636363637,45940,,
song,uniform,holdout,222,0.5,29,2-8,11,3,103.2932942910451,0.5280213604669977,33,,0.884085373486347,0,-1.1556860857802578,141.25,164.9090909090909,45921,,
song,uniform,holdout,223,0.5,20,2-8,13,8,54.62054928223143,0.0724476050939897,104,,0.877491425399676,0,-0.6116233177807723,464.125,155.16363636363636,45677,,
song,uniform,holdout,224,0.5,14,4-8,16,1,130.93668549597612,0.6181623752204828,16,,0.7794477689360743,0,-1.4473114097778628,53.625,151.9090909090909,45825,,
song,uniform,holdout,225,0.5,54,4-8,3,8,53.08313456279638,0.04579906807495532,24,,0.5396151522152471,0,-0.9163684317477279,61.125,212.01818181818183,45782,,
song,uniform,holdout,226,0.5,19,1-3,14,8,60.84688527298722,0.4538011540036974,112,,0.838826437287363,0,-0.6167971935741536,592.5,194.72727272727272,45707,,
song,uniform,holdout,227,0.5,36,4-8,13,6,22.79312285766432,0.7205438001461927,78,,0.8619024686695796,0,-0.8413284770873715,260.0,162.65454545454546,45810,,
song,uniform,holdout,228,0.5,45,4-8,7,3,141.29639694736431,0.6071598579353054,21,,0.8466528688778012,0,-1.3062070916664617,83.875,153.05454545454546,45987,,
song,uniform,holdout,229,0.5,25,1-3,15,1,154.51910932493647,0.7444898332788907,15,,0.8375415447309191,0,-1.1072772750273479,94.5,149.85454545454544,45697,,
song,uniform,holdout,230,0.5,48,1-3,4,1,54.171220621663316,0.6358249495830987,4,,0.7951551867805698,0,-0.8202104379482652,55.375,41.07272727272727,46093,,
song,uniform,holdout,231,0.5,25,4-8,15,6,85.24852791645178,0.01899591748713975,90,,0.8857864896198316,0,-0.6661655668818547,373.875,150.01818181818183,45559,,
song,uniform,holdout,232,0.5,26,2-4,14,5,9.583699400938517,0.938989200988813,70,,0.887103421624545,0,-1.0230912955090194,303.0,252.25454545454545,45813,,
song,uniform,holdout,233,0.5,25,4-8,16,6,53.970125505207726,0.33100200353158377,96,,0.8822362224986473,0,-0.6829651541962554,375.625,153.92727272727274,45771,,
song,uniform,holdout,234,0.5,29,4-8,4,2,138.95559491869878,0.4062044071252493,8,,0.8724813332265433,0,-1.641247889769254,39.5,150.01818181818183,45693,,
song,uniform,holdout,235,0.5,56,2-8,5,3,66.0379160999039,0.7115311143658308,15,,0.8895954539406505,0,-1.4238086493100175,69.0,164.61818181818182,45266,,
song,uniform,holdout,236,0.5,28,2-4,2,8,17.490668106395844,0.7651879755229761,16,,0.9301477560890778,0,-1.4212390593705697,102.375,208.6909090909091,45839,,
song,uniform,holdout,237,0.5,27,4-8,4,4,11.79718127355977,0.3797928040740727,16,,0.679464488802946,0,-1.1087026570064014,57.875,198.63636363636363,45772,,
song,uniform,holdout,238,0.5,15,2-8,15,1,28.91255520115856,0.5647932493689884,15,,0.8792001248189041,0,-1.388403977090065,85.0,154.4181818181818,46141,,
song,uniform,holdout,239,0.5,17,1-3,9,2,57.933230956362195,0.02302458064348345,18,,0.8903732703906997,0,-1.0664106710803387,209.875,212.54545454545453,45717,,
song,uniform,holdout,240,0.5,19,4-8,6,1,69.36644987963402,0.27215554962922167,6,,0.7838343863129447,0,-1.6006102226900771,28.0,135.65454545454546,45709,,
song,uniform,holdout,241,0.5,39,2-4,8,6,154.24506371721003,0.804735874072033,48,,0.9165442277989566,0,-1.0369876293885931,205.0,154.8181818181818,45834,,
song,uniform,holdout,242,0.5,46,2-4,8,2,130.3695550850108,0.37351863346202924,16,,0.9187946869454366,0,-1.4612233050741725,88.25,209.63636363636363,45517,,
song,uniform,holdout,243,0.5,20,2-4,7,1,19.483923551533067,0.5198513265237291,7,,0.8584063582769558,0,-1.5752912065498772,50.0,199.5818181818182,45752,,
song,uniform,holdout,244,0.5,40,1-3,6,4,59.56484762302848,0.269930801379838,24,,0.9221936085643292,0,-1.1790049858265865,222.5,250.29090909090908,45864,,
song,uniform,holdout,245,0.5,53,4-8,11,3,77.56405687490921,0.23259511697603893,33,,0.7420457687116362,0,-1.0457343206761491,106.125,187.56363636363636,45902,,
song,uniform,holdout,246,0.5,13,1-3,7,3,148.35855125255978,0.1614281810658919,21,,0.9406988115248678,0,-1.0991472331638947,220.875,213.8909090909091,45833,,
song,uniform,holdout,247,0.5,32,2-4,12,1,71.67251537575487,0.2170677200388932,12,,0.9150841264763343,0,-1.4263479682412459,71.375,160.8,45691,,
song,uniform,holdout,248,0.5,60,4-8,14,5,27.065849799403182,0.6636012574123552,70,,0.7984489850261811,0,-0.8719158256138415,187.5,162.8,45321,,
song,uniform,holdout,249,0.5,31,4-8,10,6,24.821882428493698,0.047990015994537935,60,,0.8587041986906898,0,-0.8647514338464962,239.375,168.12727272727273,45827,,
song,uniform,holdout,250,0.5,22,2-4,8,2,135.41856950561052,0.4333963973799846,16,,0.9283038925889364,0,-1.433866971102822,96.75,184.8181818181818,45954,,
song,uniform,holdout,251,0.5,42,1-3,5,1,134.49089051525127,0.517904288454413,5,,0.6957879750514137,0,-0.7711203851400418,56.625,56.41818181818182,45719,,
song,uniform,holdout,252,0.5,60,1-3,12,5,81.31912565325453,0.3323829540968043,60,,0.9117738299444442,0,-1.0889987968516106,298.25,289.6181818181818,45708,,
song,uniform,holdout,253,0.5,49,1-3,9,3,68.2002483863561,0.09281777290860738,27,,0.909224484715871,0,-1.0824619967539202,262.25,252.25454545454545,45764,,
song,uniform,holdout,254,0.5,58,2-8,8,5,33.89235019462019,0.1737622260801363,40,,0.6609269419654521,0,-1.007610124909666,97.0,208.0,45697,,
song,uniform,holdout,255,0.5,45,2-8,3,5,117.49024530134933,0.35797791110493865,15,,0.7417169761940428,0,-1.3696847258920521,54.75,204.38181818181818,45629,,
song,uniform,holdout,256,0.5,45,2-4,5,4,85.77069447684946,0.6975056182436548,20,,0.9360170740000494,0,-1.3317184328015212,111.125,200.61818181818182,45930,,
song,uniform,holdout,257,0.5,45,4-8,10,6,101.33037722383804,0.9445449706595489,60,,0.8806527927024838,0,-1.1309639572608547,135.125,121.94545454545455,46162,,
song,uniform,holdout,258,0.5,60,1-3,12,7,85.21192469639502,0.43158819453438374,84,,0.9108155937586614,0,-1.000551412030237,360.25,276.3272727272727,45919,,
song,uniform,holdout,259,0.5,26,4-8,12,3,11.724152044998867,0.5572258785428433,36,,0.8480671573591346,0,-1.0798143661734882,155.875,178.1818181818182,45897,,
song,uniform,holdout,260,0.5,31,1-3,11,2,52.401724241260325,0.9160187757837549,22,,0.9160200727443963,0,-1.0588004315163049,167.0,193.43636363636364,45838,,
song,uniform,holdout,261,0.5,28,1-3,6,1,47.540448368712674,0.6972934508494277,6,,0.7875043224129452,0,-0.9103689545448264,69.125,75.2,45994,,
song,uniform,holdout,262,0.5,29,1-3,2,7,132.76304312248354,0.5358490668306185,14,,0.9618334007781811,0,-1.2848210454279445,138.875,223.1818181818182,46071,,
song,uniform,holdout,263,0.5,32,2-4,14,5,61.155742709084784,0.7928065314862214,70,,0.9261375677685091,0,-0.9570989752696089,284.875,184.16363636363636,45930,,
song,uniform,holdout,264,0.5,34,4-8,2,1,157.7354757572421,0.07925947515141886,2,,0.6624198805322072,0,-1.8920469290244095,11.875,106.05454545454545,45527,,
song,uniform,holdout,265,0.5,26,4-8,2,1,119.16537645153188,0.07951452242920755,2,,0.6662965589099215,2,-1.6491743331325617,15.0,61.527272727272724,45738,,
song,uniform,holdout,266,0.5,28,2-8,4,2,19.28572650003898,0.3092870559636123,8,,0.8190415294304798,0,-1.6524612004344168,47.625,191.4181818181818,45796,,
song,uniform,holdout,267,0.5,54,2-4,16,4,10.106181389778886,0.0349599594736541,64,,0.6528076372068385,0,-1.0800663972743023,135.25,292.09090909090907,45550,,
song,uniform,holdout,268,0.5,49,2-8,10,5,52.68740533674415,0.058639696561706006,50,,0.7386155023979242,0,-1.0158159173933228,128.75,205.12727272727273,45590,,
song,uniform,holdout,269,0.5,45,2-8,8,7,124.88072088483233,0.47670620013503423,56,,0.8526832105564636,0,-1.0484251826424695,174.25,166.6909090909091,45969,,
song,uniform,holdout,270,0.5,30,1-3,5,7,25.210389327645647,0.12322779812165441,35,,0.9264394791765461,0,-1.1417552467768668,283.875,311.76363636363635,45945,,
song,uniform,holdout,271,0.5,58,2-4,9,1,36.058276335544065,0.43931719729686397,9,,0.8840147711766332,0,-1.380582668421265,49.25,149.9090909090909,45872,,
song,uniform,holdout,272,0.5,28,2-8,14,1,88.54695057459388,0.3020392040333442,14,,0.8350388665084658,0,-1.4997452890991785,53.125,171.12727272727273,45507,,
song,uniform,holdout,273,0.5,56,4-8,13,6,54.22301422234733,0.002540591039612966,78,,0.7669548667121332,0,-0.8323661669546203,199.875,179.0909090909091,45854,,
song,uniform,holdout,274,0.5,14,2-8,11,6,142.28506079739952,0.5965285571599928,66,,0.9046142454378399,0,-0.8710274643988667,269.625,136.45454545454547,45622,,
song,uniform,holdout,275,0.5,34,2-4,15,7,111.02183048029335,0.1611588796559505,105,,0.8826481157194774,0,-0.9102982903785303,338.0,241.47272727272727,45769,,
song,uniform,holdout,276,0.5,37,1-3,4,1,127.76834977511793,0.0543154241042161,4,,0.7570603436523023,0,-0.8129978530405572,55.875,68.45454545454545,45912,,
song,uniform,holdout,277,0.5,29,4-8,3,8,82.59899106756575,0.23558682172289383,24,,0.7830879940001344,0,-1.225845424999579,97.5,183.78181818181818,45543,,
song,uniform,holdout,278,0.5,13,4-8,16,2,122.97660000991993,0.08029220822453471,32,,0.8315064458666983,0,-1.0388045817934706,131.25,158.70909090909092,45794,,
song,uniform,holdout,279,0.5,54,1-3,8,7,138.12723422005047,0.0832113685553572,56,,0.9162466462859962,0,-1.0757447247507703,315.5,295.6727272727273,45707,,
song,uniform,holdout,280,0.5,29,2-8,7,2,91.94586818186538,0.1101545821664089,14,,0.7969446785484878,0,-1.4217261120016578,58.625,172.94545454545454,45587,,
song,uniform,holdout,281,0.5,27,1-3,12,4,18.73800886774977,0.47266808411014527,48,,0.9190048663047594,0,-1.0868559586603268,319.625,297.8727272727273,45481,,
song,uniform,holdout,282,0.5,42,1-3,7,4,84.3579368116159,0.7284036826794642,28,,0.9301029082024868,0,-1.0277476399454346,195.875,209.61818181818182,45899,,
song,uniform,holdout,283,0.5,59,4-8,9,4,139.6492262318062,0.5414300008303576,36,,0.8379155894251011,0,-1.080376926238237,121.0,149.9090909090909,45627,,
song,uniform,holdout,284,0.5,49,2-8,14,6,145.17044021826896,0.5770260471936629,84,,0.8896526524117073,0,-0.8865744409382944,241.75,148.3090909090909,45800,,
song,uniform,holdout,285,0.5,44,2-4,9,3,99.22368400475435,0.08335443659873737,27,,0.8435546743335518,0,-1.3997899146290467,108.0,243.85454545454544,45683,,
song,uniform,holdout,286,0.5,54,4-8,5,6,77.26098096574245,0.04499821054995353,30,,0.6166423527740816,0,-0.9989889465602244,78.5,199.74545454545455,45974,,
song,uniform,holdout,287,0.5,18,2-8,8,5,23.17704337132029,0.3289217061939875,40,,0.8892736420117993,0,-1.01666251608481,213.25,197.36363636363637,45839,,
song,uniform,holdout,288,0.5,37,2-4,14,6,130.84183313556022,0.3838321603088765,84,,0.9001308304486111,0,-1.0000131944620243,282.875,222.4,45720,,
song,uniform,holdout,289,0.5,25,4-8,3,7,151.2387615382027,0.2746638933664601,21,,0.8213931505563044,0,-1.2938643232446743,87.5,178.83636363636364,46087,,
song,uniform,holdout,290,0.5,60,2-8,13,8,119.36279484001423,0.7214796795370164,104,,0.9005735631249034,0,-0.85562484912232,253.625,136.98181818181817,45403,,
song,uniform,holdout,291,0.5,27,4-8,10,5,157.89669980992295,0.7006003228100621,50,,0.8857995371180467,0,-1.0328226170713404,173.25,145.0,45965,,
song,uniform,holdout,292,0.5,37,2-8,12,8,36.357336797331214,0.877932142842915,96,,0.9062356355856809,0,-0.8377788844022189,280.125,149.29090909090908,45506,,
song,uniform,holdout,293,0.5,19,2-4,4,1,18.82158066632545,0.6895917112918727,4,,0.8223544179233647,0,-1.662042676888504,24.125,181.16363636363636,45784,,
song,uniform,holdout,294,0.5,25,1-3,9,4,117.22351106718128,0.01139441130265359,36,,0.9355665626488302,0,-1.140812403925902,255.125,262.6363636363636,45687,,
song,uniform,holdout,295,0.5,20,1-3,2,2,39.703000980464616,0.5247949823337849,4,,0.901539583830826,0,-1.3014523658256967,74.625,146.98181818181817,45720,,
song,uniform,holdout,296,0.5,60,2-8,8,6,66.87418662735556,0.5676608394417063,48,,0.837408176515392,0,-1.070237906692184,153.375,192.05454545454546,45513,,
song,uniform,holdout,297,0.5,27,2-8,13,1,69.47578753648202,0.16091125046177315,13,,0.8825875710316903,0,-1.540223414405557,54.25,142.9090909090909,45860,,
song,uniform,holdout,298,0.5,32,1-3,13,3,159.96598212872945,0.2585829342536518,39,,0.9361606534836562,0,-1.082672463323518,255.25,240.96363636363637,45656,,
song,uniform,holdout,299,0.5,32,2-8,10,8,55.007682511052636,0.5945617017212973,80,,0.8977455927472544,0,-0.8662102485522616,277.0,159.23636363636365,45465,,
song,uniform,holdout,300,0.5,19,4-8,8,2,34.64358956033981,0.5454170970973543,16,,0.7929219706279764,0,-1.3057585016293283,72.625,178.27272727272728,46170,,
song,uniform,holdout,301,0.5,22,1-3,14,6,82.38358163913557,0.07113265936386062,84,,0.9086119311604535,0,-0.8161703286855676,480.375,245.01818181818183,45647,,
song,uniform,holdout,302,0.5,13,2-8,9,5,154.84846044729326,0.6929765447513192,45,,0.9070454516586819,0,-1.0371790072177538,191.125,151.92727272727274,45561,,
song,uniform,holdout,303,0.5,21,2-8,3,1,42.03367948098729,0.9021442011044075,3,,0.8216465014220815,0,-2.0463914326841577,15.875,156.23636363636365,45773,,
song,uniform,holdout,304,0.5,57,2-8,6,4,154.91453776893994,0.656356674582983,24,,0.8428839642930918,0,-1.3252952334536732,86.25,174.98181818181817,45125,,
song,uniform,holdout,305,0.5,43,4-8,6,5,122.82240697110036,0.12997285518929516,30,,0.7198014203725968,0,-1.0372810556453322,93.375,205.6727272727273,45547,,
song,uniform,holdout,306,0.5,54,1-3,3,4,66.2383551206259,0.5766484501101791,12,,0.9377422751120882,0,-1.1963017983400897,142.25,183.47272727272727,45556,,
song,uniform,holdout,307,0.5,27,2-4,10,7,85.68544293718523,0.6988030465248106,70,,0.9205187859760312,0,-0.9219530695431489,287.625,170.96363636363637,45603,,
song,uniform,holdout,308,0.5,46,1-3,15,3,116.6279244773827,0.20820790131129363,45,,0.9251186840270811,0,-1.0716283092678824,280.75,237.0909090909091,45968,,
song,uniform,holdout,309,0.5,60,2-4,11,3,96.99764934054183,0.7090638022441669,33,,0.9218312838730114,0,-1.2011217841934378,145.5,210.65454545454546,45852,,
song,uniform,holdout,310,0.5,59,2-8,12,6,51.556721933508975,0.1851722751318802,72,,0.7547366920294089,0,-0.9166744777922095,174.5,192.74545454545455,45827,,
song,uniform,holdout,311,0.5,51,1-3,10,1,32.3856640387083,0.3208115022730768,10,,0.8758019811968991,0,-1.2647170727765138,85.875,159.61818181818182,45614,,
song,uniform,holdout,312,0.5,12,1-3,10,6,123.51962665935515,0.1784666777092219,60,,0.8760411526481373,0,-0.7213290788620448,473.625,189.92727272727274,45527,,
song,uniform,holdout,313,0.5,20,2-4,7,1,39.99706197279663,0.6513396157247393,7,,0.8959808140174772,0,-1.6374258382770637,47.625,164.4909090909091,45674,,
song,uniform,holdout,314,0.5,44,4-8,16,6,71.0351782405539,0.5235356887747554,96,,0.8675544736678578,0,-0.7794460761504634,274.625,148.29090909090908,45969,,
song,uniform,holdout,315,0.5,30,2-8,8,4,101.26739433746665,0.8682350438172994,32,,0.8988141748739129,0,-1.2583672969179227,117.875,142.76363636363635,45920,,
song,uniform,holdout,316,0.5,20,1-3,14,6,107.25414777164386,0.44311507915845255,84,,0.8795916226744095,0,-0.7419275898469797,483.0,193.4909090909091,45646,,
song,uniform,holdout,317,0.5,42,2-8,5,1,75.05478628222234,0.8658663034163494,5,,0.8260519482317965,0,-1.8035198978605782,30.25,130.65454545454546,45787,,
song,uniform,holdout,318,0.5,17,1-3,4,4,80.98332109659331,0.16589375585970065,16,,0.9373021661217911,0,-1.2607100925113197,168.125,262.2181818181818,45697,,
song,uniform,holdout,319,0.5,13,2-8,12,4,153.7723434629281,0.4153399796218499,48,,0.9098032843645182,0,-0.9290679694094293,238.75,157.74545454545455,45327,,
song,uniform,holdout,320,0.5,36,2-8,4,3,71.00148833271669,0.6641258122160433,12,,0.8799617087030726,0,-1.5355647914793522,66.125,186.76363636363635,46194,,
song,uniform,holdout,321,0.5,42,2-4,5,3,113.65353036980655,0.9317456735446652,15,,0.8760600338948528,0,-1.5070742613393278,79.75,170.23636363636365,45748,,
song,uniform,holdout,322,0.5,25,1-3,3,7,84.7414239508129,0.7683851768180026,21,,0.9211614898988808,0,-1.0971372712457135,188.875,189.63636363636363,45891,,
song,uniform,holdout,323,0.5,38,1-3,4,1,53.10347649942,0.24113697111092655,4,,0.800569229351659,0,-1.166655043155168,45.125,131.5818181818182,45952,,
song,uniform,holdout,324,0.5,57,1-3,8,4,158.49635005260868,0.10487278578866614,32,,0.9209883393250797,0,-1.2217245957001097,215.25,277.58181818181816,45827,,
song,uniform,holdout,325,0.5,19,2-4,6,8,114.66948208757064,0.5520263496360932,48,,0.9169656573321278,0,-0.9676482014365679,285.75,187.14545454545456,45608,,
song,uniform,holdout,326,0.5,30,2-4,4,2,78.07374248205389,0.8342531651016137,8,,0.8912951961885051,0,-1.3900250382596586,68.125,169.52727272727273,45746,,
song,uniform,holdout,327,0.5,41,2-4,11,8,156.91949756498,0.5884485764905111,88,,0.9127370740441265,0,-0.9523378910904756,289.375,193.92727272727274,45797,,
song,uniform,holdout,328,0.5,52,1-3,15,8,84.8467455457485,0.8489650026011457,120,,0.891710485453012,0,-0.8060762777352402,404.375,185.3272727272727,45950,,
song,uniform,holdout,329,0.5,57,1-3,5,6,36.93393921318483,0.4981834580835749,30,,0.948092572334561,0,-1.187885109925245,227.875,261.8909090909091,45496,,
song,uniform,holdout,330,0.5,45,4-8,2,8,54.132687843284366,0.5516644117828048,16,,0.7229334065646252,0,-1.354343788422326,61.75,194.36363636363637,45840,,
song,uniform,holdout,331,0.5,55,4-8,6,5,140.28121466717116,0.09927618899166021,30,,0.6935998881691441,0,-1.00881743302199,85.0,215.8,45862,,
song,uniform,holdout,332,0.5,43,2-4,15,7,34.29813619378151,0.12077904027926713,105,,0.8138081244170872,0,-0.9878244527272915,274.5,263.3090909090909,45861,,
song,uniform,holdout,333,0.5,30,4-8,8,8,43.09902143244533,0.3187249504395349,64,,0.8739002953923365,0,-0.8839377023008947,245.125,159.65454545454546,45870,,
song,uniform,holdout,334,0.5,23,2-4,7,3,88.30156322938646,0.11297432379470479,21,,0.8928648046481639,0,-1.4431801914584228,107.625,235.47272727272727,45850,,
song,uniform,holdout,335,0.5,22,4-8,2,3,104.70873287221771,0.9267690633117277,6,,0.856320471110904,0,-1.8567506096512405,29.5,160.92727272727274,45455,,
song,uniform,holdout,336,0.5,35,1-3,5,2,139.38151790281702,0.8935034659121786,10,,0.8191280792426413,0,-0.9258203913119036,124.0,160.47272727272727,45888,,
song,uniform,holdout,337,0.5,36,2-8,4,1,154.34255454299395,0.18252439392488673,4,,0.7432541192482649,0,-1.3961515121434611,24.375,102.83636363636364,46355,,
song,uniform,holdout,338,0.5,14,2-8,10,5,66.24865515068149,0.43065842736414206,50,,0.9132569511148925,0,-0.8778422341630294,279.0,155.6727272727273,45652,,
song,uniform,holdout,339,0.5,46,4-8,5,8,18.980630762404143,0.1675912494822213,40,,0.7156546718296461,0,-1.0313458820935464,113.375,189.45454545454547,45637,,
song,uniform,holdout,340,0.5,46,1-3,10,3,136.60658480989858,0.03826752629011865,30,,0.9197412678338316,0,-1.2200401642498222,210.25,244.4,45646,,
song,uniform,holdout,341,0.5,44,1-3,13,6,77.4132012125595,0.8302349443029307,78,,0.9073320459134474,0,-0.8576574372906045,335.5,201.2,45610,,
song,uniform,holdout,342,0.5,33,2-8,2,3,18.32224836065284,0.44598424272990655,6,,0.8064784519921963,0,-1.6735648092367164,28.0,171.25454545454545,45700,,
song,uniform,holdout,343,0.5,25,2-8,6,6,136.4090372219173,0.19542815453183318,36,,0.8343286938871327,0,-1.1324321467823324,145.125,189.85454545454544,45762,,
song,uniform,holdout,344,0.5,60,2-8,12,3,27.847400790139424,0.08844425325433539,36,,0.6284854419147998,0,-0.9254864423801845,90.875,215.74545454545455,45707,,
song,uniform,holdout,345,0.5,34,2-8,16,5,34.91234598615142,0.5228332458473123,80,,0.8656998443627122,0,-0.8806365092399528,274.0,180.34545454545454,46101,,
song,uniform,holdout,346,0.5,35,2-8,15,1,102.64104569854078,0.8480158936953232,15,,0.853400026824596,0,-1.5107850877203641,62.375,142.1818181818182,45812,,
song,uniform,holdout,347,0.5,26,4-8,3,2,129.01929799460163,0.5263371521237056,6,,0.7437619737225412,0,-1.5521904085198686,25.0,186.85454545454544,46086,,
song,uniform,holdout,348,0.5,59,2-4,8,7,117.23534029899763,0.027889328920538622,56,,0.6783689990827717,0,-1.0711173073330125,132.5,301.92727272727274,45822,,
song,uniform,holdout,349,0.5,20,2-8,9,6,132.8090792895842,0.45510460239811446,54,,0.895897460316968,0,-0.931704395986675,239.375,162.85454545454544,45158,,
song,uniform,holdout,350,0.5,44,1-3,5,2,153.1342511084686,0.7403641042542108,10,,0.886332510206046,0,-0.8775465775004123,132.125,130.6909090909091,45360,,
song,uniform,holdout,351,0.5,49,2-8,10,1,80.82317564063658,0.12804820429626318,10,,0.8735385162522977,0,-1.6019658261622114,46.5,161.83636363636364,45768,,
song,uniform,holdout,352,0.5,54,2-4,7,4,119.14009961619806,0.9422715921238953,28,,0.874908390371824,0,-1.2438380666718802,112.625,157.27272727272728,45516,,
song,uniform,holdout,353,0.5,38,2-8,5,8,74.6811229844391,0.22220541153329126,40,,0.7939622273829956,0,-1.1182466193214506,140.75,202.72727272727272,45596,,
song,uniform,holdout,354,0.5,30,2-8,10,4,122.06746346090134,0.3473934081284657,40,,0.8639280812724919,0,-1.099221630844611,160.0,172.23636363636365,45823,,
song,uniform,holdout,355,0.5,42,2-8,3,3,25.498982497665768,0.515130437644419,9,,0.7354343911933436,0,-1.4016841174521275,38.0,209.5090909090909,45239,,
song,uniform,holdout,356,0.5,13,2-8,11,6,146.1970653103917,0.015818904930397542,66,,0.905964283183635,0,-0.6566226678190152,377.875,130.87272727272727,45656,,
song,uniform,holdout,357,0.5,47,1-3,9,6,149.37673583037088,0.9264868290686321,54,,0.8321962436086355,0,-0.9240003921269941,226.375,138.21818181818182,46254,,
song,uniform,holdout,358,0.5,55,4-8,12,2,75.83501343797917,0.028738348989097544,24,,0.7089202956542218,0,-1.120609197777529,73.75,175.5090909090909,45835,,
song,uniform,holdout,359,0.5,23,1-3,10,2,68.08443827304652,0.4675957577320683,20,,0.9460273597463951,0,-1.159990124933212,179.625,214.3272727272727,45596,,
song,uniform,holdout,360,0.5,35,2-4,10,1,47.638929255750895,0.4840975017317251,10,,0.9066619441173501,0,-1.491331560866997,53.5,159.0909090909091,45812,,
song,uniform,holdout,361,0.5,22,4-8,8,8,10.326740688425986,0.36789080231285387,64,,0.8857429984049623,0,-0.7451199714237238,354.75,151.85454545454544,45863,,
song,uniform,holdout,362,0.5,24,4-8,3,4,68.41225418621352,0.27467921943207985,12,,0.7870398702566308,0,-1.3589476346297555,56.875,163.36363636363637,45599,,
song,uniform,holdout,363,0.5,23,2-8,6,2,103.46729537751565,0.23351485963086363,12,,0.8749114838211163,0,-1.5635484460376246,59.5,163.8,45432,,
song,uniform,holdout,364,0.5,23,4-8,16,1,154.62267292161624,0.8748480621519364,16,,0.8265591358614128,0,-1.5238713194613118,51.75,161.6909090909091,45920,,
song,uniform,holdout,365,0.5,32,4-8,13,4,28.53532413064901,0.7475659530890655,52,,0.86052714424,0,-0.9310009028535047,197.875,154.05454545454546,45954,,
song,uniform,holdout,366,0.5,50,4-8,10,4,36.46142475440446,0.7378644326992756,40,,0.8406780219253642,0,-1.0670164890813378,136.875,153.1818181818182,45921,,
song,uniform,holdout,367,0.5,29,2-4,8,3,78.84825392518424,0.3500619661443786,24,,0.9069607312318153,0,-1.3670040344362335,120.5,219.2,45843,,
song,uniform,holdout,368,0.5,13,2-8,15,2,86.86428096727478,0.6289573666109181,30,,0.8955373359792007,0,-1.1250545897484732,147.875,146.4,45731,,
song,uniform,holdout,369,0.5,48,4-8,14,2,68.87981263513748,0.48802831490743737,28,,0.7538835932341723,0,-1.029318328933598,93.125,179.65454545454546,45428,,
song,uniform,holdout,370,0.5,33,1-3,6,4,28.935991909668562,0.9077251144423604,24,,0.9361552088836985,0,-1.1132026518736047,177.125,209.87272727272727,45507,,
song,uniform,holdout,371,0.5,20,4-8,14,5,110.38962696773031,0.2556914544794184,70,,0.8945168096016383,0,-0.807263338519812,295.75,163.6,46047,,
song,uniform,holdout,372,0.5,15,1-3,9,6,30.202558146836086,0.21009919617124345,54,,0.8810256086127541,0,-0.7741422277565083,487.0,221.8909090909091,45721,,
song,uniform,holdout,373,0.5,24,4-8,6,6,112.09759569624119,0.17358501690318148,36,,0.8564270700473415,0,-1.0409146851828766,158.0,162.52727272727273,45625,,
song,uniform,holdout,374,0.5,58,2-4,3,4,38.003284735967355,0.5129238325438068,12,,0.8779586040530438,0,-1.524214078248316,58.625,222.56363636363636,45755,,
song,uniform,holdout,375,0.5,27,2-4,9,1,144.44987252611296,0.2849472368058363,9,,0.8687614573673481,0,-1.9480766861520573,37.75,207.70909090909092,45843,,
song,uniform,holdout,376,0.5,59,1-3,11,5,158.86886654118436,0.17949055510166725,55,,0.9197349646061687,0,-1.0858938721438545,310.25,275.43636363636364,45805,,
song,uniform,holdout,377,0.5,43,2-4,2,7,132.7107305638064,0.5502213445784747,14,,0.9228426720851474,0,-1.4337711500757493,89.375,198.4909090909091,45954,,
song,uniform,holdout,378,0.5,54,2-8,14,8,153.65253703599146,0.5707797801888251,112,,0.8885362707724298,0,-0.825338123162563,282.625,154.8181818181818,46092,,
song,uniform,holdout,379,0.5,30,2-8,4,7,140.6143792356059,0.17063072504954951,28,,0.8042507045545454,0,-1.2449477174688355,105.0,194.3272727272727,45936,,
song,uniform,holdout,380,0.5,57,2-8,15,3,93.45770682453761,0.7890693354717359,45,,0.8864683989936142,0,-1.0692318182180212,152.5,155.0909090909091,45988,,
song,uniform,holdout,381,0.5,38,1-3,7,2,10.758160526163094,0.4355740708006631,14,,0.9367881772563691,0,-1.2435365909452072,171.375,279.4,45920,,
song,uniform,holdout,382,0.5,56,1-3,3,6,53.229856189272006,0.4591634610232911,18,,0.952234854681277,0,-1.2718776290344986,163.875,246.6909090909091,46044,,
song,uniform,holdout,383,0.5,38,1-3,4,4,115.05286527684729,0.5149883798861554,16,,0.9570740730113427,0,-1.2944126011599733,137.75,223.54545454545453,45916,,
song,uniform,holdout,384,0.5,12,1-3,12,6,89.54416627120389,0.41439217643637255,72,,0.8288428837272436,0,-0.6317078825952849,489.25,163.4181818181818,45726,,
song,uniform,holdout,385,0.5,50,2-4,15,4,14.21263123076967,0.7471224620871906,60,,0.771008638759145,0,-1.1850758020983534,157.875,277.5090909090909,46150,,
song,uniform,holdout,386,0.5,27,2-4,11,3,11.959172624435736,0.587864515042472,33,,0.8476468516141329,0,-1.3344012566026056,138.5,255.6,45692,,
song,uniform,holdout,387,0.5,16,2-4,3,4,79.71409308074522,0.39667322340021494,12,,0.936884984341604,0,-1.444473908429936,99.875,210.92727272727274,45495,,
song,uniform,holdout,388,0.5,23,2-4,13,3,110.87345575751745,0.3695487871831745,39,,0.9160489186212516,0,-1.1426417366164334,197.125,216.01818181818183,45982,,
song,uniform,holdout,389,0.5,36,1-3,7,1,156.85890620995744,0.6881103075783594,7,,0.700833400267922,0,-0.7526112262381899,68.0,78.65454545454546,45590,,
song,uniform,holdout,390,0.5,48,1-3,8,3,77.41517266945594,0.7136972340069261,24,,0.9261781157469153,0,-1.1221747005692322,168.0,217.14545454545456,46154,,
song,uniform,holdout,391,0.5,21,2-4,9,7,32.300470988895555,0.7733932680665571,63,,0.9086391593187679,0,-0.909793731122324,308.25,183.74545454545455,45847,,
song,uniform,holdout,392,0.5,27,2-8,9,2,112.81458018068966,0.06448313534416095,18,,0.8429176307307638,0,-1.4461508680376538,74.25,175.23636363636365,45842,,
song,uniform,holdout,393,0.5,39,1-3,7,3,91.93733257226954,0.4145501101300016,21,,0.9532414156328686,0,-1.1595154565761443,188.0,235.4,45837,,
song,uniform,holdout,394,0.5,50,2-4,7,6,30.2849880895987,0.8605717439008316,42,,0.9241127272513955,0,-1.0828575610754791,176.0,177.87272727272727,45730,,
song,uniform,holdout,395,0.5,19,1-3,8,4,33.45655648490953,0.6491199499497536,32,,0.9369170555751398,0,-0.9644068361511976,296.25,222.4,45645,,
song,uniform,holdout,396,0.5,20,1-3,11,3,130.6973134300742,0.4431567120809441,33,,0.9376244752287979,0,-1.0346440993546202,260.0,209.6909090909091,45814,,
song,uniform,holdout,397,0.5,15,2-4,9,3,107.87291919418922,0.7270545079514245,27,,0.9094460166244873,0,-1.1282307409909134,175.875,162.52727272727273,45703,,
song,uniform,holdout,398,0.5,32,2-8,5,2,134.76334722692388,0.31668387850515695,10,,0.8450561552924161,0,-1.500232317373271,60.0,167.56363636363636,46275,,
song,uniform,holdout,399,0.5,36,4-8,9,7,93.6451516705445,0.7828155913424498,63,,0.9061955793637715,0,-0.9280014043541447,189.125,108.45454545454545,45880,,
song,uniform,holdout,400,0.5,37,2-8,10,4,138.76828813025003,0.3744656389373842,40,,0.8472392060641667,0,-1.1075154668611413,142.0,172.4909090909091,45808,,
song,uniform,holdout,401,0.5,29,1-3,3,4,106.0079988861808,0.0381009168111961,12,,0.9176200839776669,0,-1.4938215230659095,108.875,286.92727272727274,45757,,
song,uniform,holdout,402,0.5,53,4-8,10,7,43.863745285993865,0.8842348755597348,70,,0.866575102647241,0,-0.9271362473128708,192.75,129.83636363636364,45715,,
song,uniform,holdout,403,0.5,41,4-8,8,2,105.28750652998744,0.7375472923759449,16,,0.8185095885353708,0,-1.3970023568468388,65.375,160.78181818181818,45719,,
song,uniform,holdout,404,0.5,20,4-8,6,7,74.5293939917487,0.03243625439486835,42,,0.8965022482361,0,-0.9275470154115592,237.625,163.1818181818182,45831,,
song,uniform,holdout,405,0.5,58,2-8,11,2,88.95861663335346,0.6654888212614497,22,,0.8422005950441005,0,-1.3086471721591102,87.5,175.92727272727274,45765,,
song,uniform,holdout,406,0.5,58,2-4,15,1,84.23742690827146,0.7529211803683036,15,,0.8986629787281575,0,-1.5397364089828547,65.875,193.9090909090909,45739,,
song,uniform,holdout,407,0.5,23,2-4,12,4,43.95571312864844,0.5828471937797541,48,,0.9187056504692248,0,-1.120848988724541,225.75,230.63636363636363,45898,,
song,uniform,holdout,408,0.5,45,2-4,14,6,133.2348525143608,0.09538697682591443,84,,0.803293377609821,0,-1.0415848019094462,224.125,261.5090909090909,45647,,
song,uniform,holdout,409,0.5,31,2-8,10,2,109.81097867406898,0.6148594445362856,20,,0.8751666737401174,0,-1.3692299559457042,90.0,162.21818181818182,46088,,
song,uniform,holdout,410,0.5,14,1-3,9,8,20.738358573171418,0.47209815888636225,72,,0.8170144079091277,0,-0.6054883702337116,580.75,177.8,45922,,
song,uniform,holdout,411,0.5,31,4-8,12,5,124.55473949083921,0.7473108462593815,60,,0.8936581132056163,0,-0.9943548409730042,184.125,143.12727272727273,45961,,
song,uniform,holdout,412,0.5,53,1-3,2,8,106.68097826530165,0.4660637614702184,16,,0.9498481419655578,0,-1.2388061301207007,181.375,223.6,45755,,
song,uniform,holdout,413,0.5,12,4-8,9,2,131.61711424856577,0.3698223429391503,18,,0.8669839488303728,0,-1.2682936640790134,94.125,131.25454545454545,45901,,
song,uniform,holdout,414,0.5,28,2-8,9,1,124.1719527923327,0.8223209372047952,9,,0.816063743044211,0,-1.6854055903153013,36.625,154.6,45608,,
song,uniform,holdout,415,0.5,56,2-8,3,1,127.47650926592615,0.2716731872900997,3,,0.7497418143287516,0,-1.67789464043705,17.625,70.2909090909091,45237,,
song,uniform,holdout,416,0.5,59,1-3,10,2,130.15703731009512,0.01600372176747896,20,,0.9129139068269675,0,-1.1903294188789744,172.375,169.72727272727272,45897,,
song,uniform,holdout,417,0.5,57,1-3,16,3,13.780830916373382,0.4720057887184528,48,,0.9067226350744462,0,-1.1581456636733176,274.25,303.72727272727275,45697,,
song,uniform,holdout,418,0.5,24,4-8,15,3,157.0166682782167,0.5460794627890398,45,,0.8711351752171328,0,-1.0637649748987232,160.5,158.9090909090909,45784,,
song,uniform,holdout,419,0.5,60,4-8,5,6,117.5219766678117,0.9470224015375825,30,,0.8459855199795933,0,-1.381315050011689,79.0,143.4181818181818,45436,,
song,uniform,holdout,420,0.5,52,4-8,5,2,19.798737727252185,0.47078922961828795,10,,0.6930676188157556,0,-1.3806106802973883,37.75,193.0,45827,,
song,uniform,holdout,421,0.5,21,2-4,8,3,85.66622907751214,0.7403059587810019,24,,0.9239343280262726,0,-1.2420622393414218,142.375,176.4909090909091,45932,,
song,uniform,holdout,422,0.5,12,4-8,14,6,77.9465224855546,0.4487102987542454,84,,0.8993083823701495,0,-0.6769500118740669,334.5,119.69090909090909,45919,,
song,uniform,holdout,423,0.5,30,1-3,4,6,106.31889603326935,0.4950807191023482,24,,0.9487179587512538,0,-1.085174496651939,243.5,231.8,45890,,
song,uniform,holdout,424,0.5,60,4-8,15,4,38.679651105242144,0.40335848991263396,60,,0.7513921677456232,0,-0.8676717130850217,157.625,185.38181818181818,45970,,
song,uniform,holdout,425,0.5,19,1-3,4,5,27.405650104470798,0.9228528298735285,20,,0.8861682118143994,0,-1.0312671768628896,169.75,190.07272727272726,45833,,
song,uniform,holdout,426,0.5,12,2-4,7,2,71.00543203600131,0.6779278731257773,14,,0.88525566062767,0,-1.151324846826359,120.375,162.54545454545453,45882,,
song,uniform,holdout,427,0.5,25,4-8,13,7,142.3371874233643,0.5559492149004029,91,,0.8861310606450699,0,-0.8053868398223016,303.75,147.3090909090909,45804,,
song,uniform,holdout,428,0.5,38,1-3,7,2,29.379939892895965,0.02842002947724218,14,,0.9132161470120432,0,-1.282950085346564,160.25,243.14545454545456,45749,,
song,uniform,holdout,429,0.5,18,4-8,3,3,23.352568767936578,0.8954550403758164,9,,0.9094136205428238,0,-1.5407843688050484,52.625,131.94545454545454,45471,,
song,uniform,holdout,430,0.5,32,2-8,8,5,19.557835528537083,0.5769608815973268,40,,0.8395420843185519,0,-1.1100522248301699,158.125,182.87272727272727,45741,,
song,uniform,holdout,431,0.5,14,1-3,11,4,61.41216539691965,8.240179404073178e-06,44,,0.9206157010129916,0,-0.9226264039791833,352.375,238.47272727272727,45576,,
song,uniform,holdout,432,0.5,43,1-3,9,6,136.22490636224407,0.0071993913116607244,54,,0.9107826091163875,0,-1.0846700778910883,305.875,293.56363636363636,45749,,
song,uniform,holdout,433,0.5,26,2-4,2,4,26.19443042830336,0.01210840153093204,8,,0.685320959886607,0,-1.372651623219459,28.5,273.0,45821,,
song,uniform,holdout,434,0.5,58,4-8,7,1,136.606894510016,0.4808140919485466,7,,0.8502126995728922,0,-1.9083350796584826,28.5,141.72727272727272,46271,,
song,uniform,holdout,435,0.5,53,2-4,5,1,153.6332722755946,0.5653964720338756,5,,0.6958340858505441,0,-0.9201782468210622,40.875,70.83636363636364,46196,,
song,uniform,holdout,436,0.5,56,4-8,14,2,116.9343611469067,0.889775441090562,28,,0.8186204162043332,0,-1.2497902701600307,87.375,164.0909090909091,45132,,
song,uniform,holdout,437,0.5,24,2-8,4,4,113.42443104752624,0.28644328872633046,16,,0.7986399057712814,0,-1.40555707426961,69.5,204.45454545454547,45878,,
song,uniform,holdout,438,0.5,25,1-3,11,7,104.42815286816489,0.1876175736946821,77,,0.908082132538266,0,-0.9291078158713828,409.875,272.3272727272727,45766,,
song,uniform,holdout,439,0.5,36,1-3,4,2,12.409095895332761,0.8339429223846884,8,,0.8775354779263986,0,-1.315753391282208,85.75,187.21818181818182,45744,,
song,uniform,holdout,440,0.5,37,2-4,9,4,65.55298384810771,0.1344267500187124,36,,0.8271495762425285,0,-1.2857966833914787,135.625,260.1090909090909,45836,,
song,uniform,holdout,441,0.5,36,2-8,14,7,84.28722318190228,0.85544652403363,98,,0.8879015941522712,0,-0.891811248957868,246.125,143.5090909090909,45441,,
song,uniform,holdout,442,0.5,12,4-8,8,1,62.83083853632876,0.8795596068700526,8,,0.827457735568119,0,-1.8934632363282433,33.75,169.36363636363637,45728,,
song,uniform,holdout,443,0.5,38,4-8,2,6,87.28229024223161,0.2523770308575243,12,,0.5673062035264658,0,-1.1166092542109838,33.375,221.36363636363637,45606,,
song,uniform,holdout,444,0.5,56,2-4,12,2,100.54557046193992,0.17675032863118445,24,,0.8445433313402242,0,-1.347550974045208,117.125,221.4909090909091,45786,,
song,uniform,holdout,445,0.5,30,1-3,2,6,46.7640700827702,0.657241637552781,12,,0.953016456045469,0,-1.1280827394552957,173.625,179.8181818181818,45675,,
song,uniform,holdout,446,0.5,52,2-8,10,6,138.34161932049912,0.15212479747327617,60,,0.7762902031329935,0,-0.9905978261982753,160.375,195.9090909090909,46011,,
song,uniform,holdout,447,0.5,18,2-4,16,6,8.887868881998667,0.04535688296314732,96,,0.8555796167690277,0,-0.661859175950413,576.5,202.5090909090909,45671,,
song,uniform,holdout,448,0.5,53,2-4,15,1,86.87371133318,0.13223335898832536,15,,0.9096921075206286,0,-1.4868587654324077,70.25,187.6727272727273,45757,,
song,uniform,holdout,449,0.5,51,1-3,9,5,107.83651748796969,0.14561383898813646,45,,0.8972646712127677,0,-1.182435239992361,235.875,303.92727272727274,45588,,
song,uniform,holdout,450,0.5,48,1-3,13,8,155.29127509807122,0.577681321199086,104,,0.910988516222636,0,-0.8707975144064688,393.625,233.23636363636365,46202,,
song,uniform,holdout,451,0.5,45,2-4,4,4,76.97459173316564,0.033955593353142285,16,,0.7366274977156319,0,-1.5883880726898059,47.25,284.3818181818182,45756,,
song,uniform,holdout,452,0.5,56,1-3,16,4,122.82254750087489,0.7686876433363906,64,,0.9115307291601975,0,-0.8921016242706111,310.625,197.74545454545455,45992,,
song,uniform,holdout,453,0.5,19,1-3,9,4,81.04848355422477,0.30320632321215335,36,,0.9296429833703515,0,-1.0737374197521166,260.5,248.36363636363637,45729,,
song,uniform,holdout,454,0.5,55,2-8,14,5,131.57097377236695,0.6094827852434934,70,,0.8777857302907403,0,-0.980254534016454,209.375,170.07272727272726,45736,,
song,uniform,holdout,455,0.5,57,2-4,8,1,97.41617599996749,0.830887590423162,8,,0.8530535777773101,0,-1.2242899863449401,60.625,96.67272727272727,45850,,
song,uniform,holdout,456,0.5,33,1-3,16,7,129.6124112332364,0.5199929160256299,112,,0.9045233327967239,0,-0.8368434301349995,445.125,228.34545454545454,45428,,
song,uniform,holdout,457,0.5,55,1-3,6,8,47.80607084263496,0.31464235145687347,48,,0.9213495785824392,0,-1.102949040944984,312.125,303.3818181818182,45803,,
song,uniform,holdout,458,0.5,39,1-3,8,7,28.83030155282237,0.46948995752606343,56,,0.916186688541206,0,-1.060824644197496,316.25,295.4,45831,,
song,uniform,holdout,459,0.5,26,2-8,10,3,89.11161133411132,0.7266652393828689,30,,0.895050832411881,0,-1.2009507828562798,129.375,150.21818181818182,45251,,
song,uniform,holdout,460,0.5,39,2-4,5,5,136.804217616154,0.5122525565372473,25,,0.8953376368824555,0,-1.411334518278789,106.25,231.12727272727273,45683,,
song,uniform,holdout,461,0.5,57,4-8,5,6,56.28925043541805,0.8583682902528701,30,,0.8581211892131926,0,-1.1596848716085968,106.0,152.0,45972,,
song,uniform,holdout,462,0.5,15,2-8,11,8,106.28634549662476,0.25776595731658664,88,,0.8948815261132452,0,-0.6687261362394125,423.625,144.65454545454546,45612,,
song,uniform,holdout,463,0.5,27,2-8,6,8,59.635352656202684,0.9086442444786705,48,,0.8836296570516466,0,-1.1336152014906493,151.25,130.85454545454544,45566,,
song,uniform,holdout,464,0.5,18,2-8,12,7,78.0485025687869,0.06523621348602844,84,,0.8973122593850411,0,-0.6716941892208355,418.375,154.92727272727274,45941,,
song,uniform,holdout,465,0.5,60,4-8,3,6,145.2442180644967,0.8318461884347006,18,,0.7985252142780797,0,-1.4375363929858402,59.875,189.78181818181818,45770,,
song,uniform,holdout,466,0.5,19,1-3,13,4,130.6092775102519,0.48612327640778663,52,,0.9032507013413968,0,-0.8605281291256912,362.875,203.6,45888,,
song,uniform,holdout,467,0.5,46,4-8,15,1,77.92805187347557,0.12429358739137514,15,,0.7821836020238087,0,-1.4265481700415013,50.5,153.23636363636365,45577,,
song,uniform,holdout,468,0.5,41,2-8,14,2,128.2559197042574,0.23913392203871683,28,,0.8108357722934305,0,-1.2343987677654868,98.25,188.05454545454546,45592,,
song,uniform,holdout,469,0.5,32,2-8,2,7,76.2952398996309,0.3265589658191237,14,,0.7294786891865883,0,-1.4403366309742462,48.125,244.2,45347,,
song,uniform,holdout,470,0.5,50,2-8,5,5,156.18976245859048,0.36589399408263773,25,,0.7543284631306185,0,-1.2431623036906791,82.125,216.36363636363637,46097,,
song,uniform,holdout,471,0.5,45,2-8,10,1,100.30111181644997,0.8391346108609156,10,,0.8749734456257474,0,-1.6073739537004386,45.0,138.87272727272727,45168,,
song,uniform,holdout,472,0.5,39,4-8,7,5,70.2883722910164,0.8274118035860487,35,,0.8762332445074763,0,-1.1622127586781512,121.25,140.63636363636363,45529,,
song,uniform,holdout,473,0.5,37,2-8,15,6,99.92601528024817,0.38087910226248867,90,,0.8706210605499658,0,-0.8332742374348481,289.0,171.56363636363636,45423,,
song,uniform,holdout,474,0.5,60,2-8,5,2,19.622613713438227,0.060759171590803976,10,,0.7366718130703663,0,-1.3006369968598348,38.625,193.76363636363635,45577,,
song,uniform,holdout,475,0.5,46,2-8,7,1,20.00980849191094,0.17318436650386887,7,,0.8091898677801407,0,-1.6565525387641853,32.5,186.27272727272728,45652,,
song,uniform,holdout,476,0.5,31,1-3,13,6,110.26561269571576,0.09708563751877235,78,,0.9143964479357751,0,-0.9587253107580194,383.875,269.6181818181818,45838,,
song,uniform,holdout,477,0.5,36,2-8,3,5,79.42145993239261,0.9069696787356399,15,,0.8890305187172436,0,-1.545246312147164,64.125,144.47272727272727,45396,,
song,uniform,holdout,478,0.5,33,2-4,5,7,144.4748041252838,0.914668269765094,35,,0.8984526165408107,0,-1.29632487396029,128.125,173.76363636363635,45544,,
song,uniform,holdout,479,0.5,18,2-4,13,6,29.37292024301794,0.8802158615210643,78,,0.8892852557614539,0,-0.7981075731585467,378.5,171.01818181818183,45712,,
song,uniform,holdout,480,0.5,40,4-8,15,1,55.976051043317966,0.6166952414291825,15,,0.7522729314303784,0,-1.3784235144614363,55.375,173.54545454545453,45680,,
song,uniform,holdout,481,0.5,59,1-3,12,6,40.159928818823865,0.6151464206203392,72,,0.9166696658349509,0,-1.0390355485397074,312.0,275.1272727272727,45883,,
song,uniform,holdout,482,0.5,38,1-3,2,5,52.54472482000954,0.23915990042732022,10,,0.9053027669054018,0,-1.5364185584368635,89.125,303.7090909090909,45848,,
song,uniform,holdout,483,0.5,15,2-8,15,1,71.05945629904397,0.6576213349252208,15,,0.8543064207194254,0,-1.5517638123407562,61.125,176.96363636363637,45772,,
song,uniform,holdout,484,0.5,48,4-8,2,1,100.6709751975553,0.6657455808963264,2,,0.729093885061626,2,-1.3243523189861817,13.0,93.38181818181818,45595,,
song,uniform,holdout,485,0.5,42,4-8,10,1,61.65544066706776,0.7216079617191847,10,,0.7370696208938834,0,-1.4247048263386466,36.5,180.74545454545455,45670,,
song,uniform,holdout,486,0.5,54,4-8,10,1,45.91431518187816,0.9295487789365068,10,,0.7327631456086532,0,-1.3441958052442273,34.75,150.47272727272727,45794,,
song,uniform,holdout,487,0.5,59,1-3,9,5,19.450038887495452,0.5462705869610779,45,,0.9260775061052713,0,-1.1340879592212931,275.75,284.90909090909093,45745,,
song,uniform,holdout,488,0.5,32,1-3,10,8,120.50943519153326,0.16124116955287845,80,,0.9119626204779745,0,-0.9271145375013539,414.875,277.5272727272727,45793,,
song,uniform,holdout,489,0.5,50,2-4,10,5,61.1892017816879,0.7006895086055123,50,,0.9218236758963199,0,-1.1100291286134645,196.875,208.8,45847,,
song,uniform,holdout,490,0.5,41,2-4,8,5,71.42991095572624,0.6724926803849255,40,,0.9129258448515054,0,-1.1912987035849654,179.25,196.6,46076,,
song,uniform,holdout,491,0.5,22,2-4,10,3,115.00564761806773,0.3794620771820662,30,,0.9216876757985086,0,-1.2333665695558442,163.25,208.45454545454547,45523,,
song,uniform,holdout,492,0.5,30,2-8,2,6,102.4601552183532,0.63071589749606,12,,0.8152202742511491,0,-1.5356945131408115,57.625,203.23636363636365,45551,,
song,uniform,holdout,493,0.5,39,2-4,4,1,92.80115859086602,0.7409129610656968,4,,0.7940504305484202,0,-1.0412465738519425,44.875,50.654545454545456,45668,,
song,uniform,holdout,494,0.5,58,2-8,8,4,47.807479154461134,0.6367468867187309,32,,0.8111473124231945,0,-1.167627200589623,114.625,189.34545454545454,45326,,
song,uniform,holdout,495,0.5,27,4-8,13,2,121.8836193578671,0.6978711612430621,26,,0.8842778838791809,0,-1.2691023578775869,104.75,138.27272727272728,45746,,
song,uniform,holdout,496,0.5,47,4-8,9,1,51.58999648356072,0.6617898240485425,9,,0.7123420556315513,0,-1.4319217249041958,35.375,165.34545454545454,45624,,
song,uniform,holdout,497,0.5,32,2-4,7,8,28.785626947128364,0.5671697004863532,56,,0.8886904948135896,0,-1.1174450582761943,225.75,235.21818181818182,45544,,
song,uniform,holdout,498,0.5,54,2-4,16,4,97.13859305958437,0.2633298890679986,64,,0.8210221932739611,0,-1.1325245658977445,178.75,250.76363636363635,45707,,
song,uniform,holdout,499,0.5,18,2-8,2,2,72.15136263656252,0.46827029900237804,4,,0.9029090807645128,0,-1.8566234880174775,25.375,143.4909090909091,46169,,
song,lognormal,holdout,0,0.5,15,1-3,12,4,141.1038193325601,0.5748133870757496,48,,0.9007555334563455,0,-0.839876369289009,140.75,86.74545454545455,45568,3.1393480451220688,
song,lognormal,holdout,1,0.5,47,2-4,7,3,149.8758946705723,0.6061679372064716,21,,0.8760975318846143,0,-0.928589694327012,69.25,36.654545454545456,45847,2.8412895480009435,
song,lognormal,holdout,2,0.5,41,2-4,11,3,70.19737146183598,0.5397708107884641,33,,0.9463533108166275,0,-1.0030837808674,134.125,105.7090909090909,45693,2.286142597241274,
song,lognormal,holdout,3,0.5,24,2-4,7,5,110.03144736380864,0.16371819537410773,35,,0.9322775074876253,0,-1.2926070321375502,155.5,244.07272727272726,45702,0.7799795630346813,
song,lognormal,holdout,4,0.5,16,2-4,14,7,142.6254832193064,0.5168820709392064,98,,0.930712492307318,0,-0.9004739871108265,254.875,163.5818181818182,45864,1.740149655506154,
song,lognormal,holdout,5,0.5,55,1-3,14,3,82.17237781062505,0.2644820233482716,42,,0.9194832686268182,0,-0.8689502268559133,179.625,102.63636363636364,45905,2.195235661698469,
song,lognormal,holdout,6,0.5,17,1-3,16,5,136.30210863901277,0.8901742087217589,80,,0.9265622744205504,0,-0.9503267196606919,209.375,131.56363636363636,45632,1.6938295913871777,
song,lognormal,holdout,7,0.5,21,2-8,6,7,66.84181014305732,0.5214605836881907,42,,0.9342722978548957,0,-1.124627182077517,121.0,128.83636363636364,45600,1.9853164907045897,
song,lognormal,holdout,8,0.5,19,4-8,13,5,155.77118442400413,0.4314017756812233,65,,0.9269190956070728,0,-0.9304486406086678,223.125,161.76363636363635,45941,1.126398390478343,
song,lognormal,holdout,9,0.5,51,1-3,11,1,102.94286345986488,0.5407990983457969,11,,0.9069508449986157,0,-1.003011047815121,88.375,112.2909090909091,45668,0.7358481592295842,
song,lognormal,holdout,10,0.5,45,2-8,13,7,131.124160564193,0.13371020695855643,91,,0.9260586344319143,0,-1.0207744538974919,143.875,141.54545454545453,45589,2.1912721581700745,
song,lognormal,holdout,11,0.5,32,4-8,11,8,53.14146842407348,0.15827643450353412,88,,0.9406248626137339,0,-1.141549119993982,169.5,172.94545454545454,45820,2.4991018418252406,
song,lognormal,holdout,12,0.5,26,2-4,9,3,30.357284195981542,0.2870659639013966,27,,0.9434899307061064,0,-1.2910731874053565,110.875,187.21818181818182,45536,1.5485823664702454,
song,lognormal,holdout,13,0.5,31,2-4,9,6,142.36343916537942,0.5123246042843674,54,,0.910244859885134,0,-0.8897973623095277,94.625,63.527272727272724,45768,3.3853573988092553,
song,lognormal,holdout,14,0.5,54,1-3,2,5,141.55687430649476,0.2283675702329518,10,,0.9274383807070854,0,-1.191649909801515,97.75,78.74545454545455,45723,2.668001907306633,
song,lognormal,holdout,15,0.5,28,2-8,9,8,109.1717477976636,0.3317093175076251,72,,0.9399732653851816,0,-1.0227893006116275,229.75,189.29090909090908,46045,1.1171960792267563,
song,lognormal,holdout,16,0.5,44,2-4,8,3,44.841931226088036,0.04255089894663959,24,,0.944187153037876,0,-1.1480207434740255,89.75,96.45454545454545,45540,2.503994055872262,
song,lognormal,holdout,17,0.5,27,2-4,15,4,116.65441521472573,0.2855493438243744,60,,0.9526045080538663,0,-1.1706306456274014,123.0,192.3090909090909,45739,2.60174480908482,
song,lognormal,holdout,18,0.5,16,1-3,10,1,80.26454458751958,0.781321863735977,10,,0.9062631854281953,0,-0.9619846824700559,79.25,76.10909090909091,45710,1.992262737677382,
song,lognormal,holdout,19,0.5,13,4-8,3,3,31.947613506764938,0.5233097271658514,9,,0.9106107257320152,0,-1.6720780663438186,42.375,178.63636363636363,45938,2.099307500507757,
song,lognormal,holdout,20,0.5,22,2-4,14,4,113.5685232992679,0.8393252759523231,56,,0.9448126317348409,0,-1.0749101427906442,151.25,151.1818181818182,46407,1.92273339986213,
song,lognormal,holdout,21,0.5,42,2-4,13,2,26.686415871711638,0.9197315097485339,26,,0.8662973900911459,0,-1.3467775142559442,102.375,255.96363636363637,45528,0.43221367202575955,
song,lognormal,holdout,22,0.5,28,2-4,13,5,58.09705240052518,0.4135138561273141,65,,0.9437456979091334,0,-1.080455045027898,179.5,177.54545454545453,45764,1.9642892033201929,
song,lognormal,holdout,23,0.5,23,2-4,10,1,132.21731059583396,0.8988673377379983,10,,0.8686862534105412,0,-1.132459524514855,46.75,57.45454545454545,45460,2.3959663275073853,
song,lognormal,holdout,24,0.5,12,2-4,14,4,120.9813918229513,0.1294510362072643,56,,0.9334026307454247,0,-0.8883215892045926,291.625,162.23636363636365,45926,1.0260640162172312,
song,lognormal,holdout,25,0.5,37,4-8,8,6,130.74032815905147,0.21009304722619893,48,,0.9244303918306225,0,-1.109870083558004,147.625,175.72727272727272,45763,1.292676571952411,
song,lognormal,holdout,26,0.5,56,2-4,15,7,116.81310176631128,0.43697650935964,105,,0.9401860430506301,0,-1.0363459808364308,114.875,127.92727272727272,45825,3.142154734238218,
song,lognormal,holdout,27,0.5,14,2-8,16,6,111.07671304669518,0.9177006689955937,96,,0.8918692987734289,0,-0.975338295750195,223.25,139.70909090909092,46466,0.26869043609643395,
song,lognormal,holdout,28,0.5,32,2-8,7,4,52.54950141998122,0.07077694391907102,28,,0.9258590837176123,0,-1.2655896855487647,107.125,179.14545454545456,45923,1.4267438068640836,
song,lognormal,holdout,29,0.5,53,4-8,4,7,23.13891699382118,0.34966886560060395,28,,0.8162174055680551,0,-1.1980884600171415,86.125,199.12727272727273,45903,0.7723883236587026,
song,lognormal,holdout,30,0.5,35,4-8,8,4,23.798238596502333,0.47375438212151116,32,,0.8516668113542762,0,-1.161577289317168,119.875,179.4909090909091,45817,0.46907679612786873,
song,lognormal,holdout,31,0.5,19,2-4,6,7,111.07729352338592,0.025601652501928196,42,,0.956454740663221,0,-1.151088637289652,142.5,164.4,45771,2.1719743793178354,
song,lognormal,holdout,32,0.5,43,2-8,13,2,81.3844492373584,0.6917203463802464,26,,0.8932922840192901,0,-1.2706680688523821,108.25,172.6909090909091,45934,0.24902347163223648,
song,lognormal,holdout,33,0.5,36,4-8,2,8,43.11961794474975,0.7729013706878439,16,,0.9032826474766134,0,-1.3094420250029977,63.875,115.10909090909091,45843,2.4326850948098495,
song,lognormal,holdout,34,0.5,24,1-3,13,5,120.52818453848536,0.09780001472895306,65,,0.9166593461413195,0,-1.0061142017646783,138.0,123.54545454545455,45831,2.94266656180126,
song,lognormal,holdout,35,0.5,53,1-3,12,5,29.666508799640187,0.9321996024133601,60,,0.9323792072873895,0,-0.9453006519595879,228.625,170.21818181818182,45615,1.5095977980944137,
song,lognormal,holdout,36,0.5,32,4-8,7,8,84.19515927482713,0.9331847223209905,56,,0.9040309378681612,0,-1.1610515893450546,128.375,132.6727272727273,46439,1.0441807597509412,
song,lognormal,holdout,37,0.5,40,1-3,8,2,127.54408545921882,0.592576931336228,16,,0.8923824741156069,0,-0.9349537486014382,162.625,112.76363636363637,45509,1.4288273244714522,
song,lognormal,holdout,38,0.5,40,2-4,13,7,127.81273330872973,0.1311723930079584,91,,0.9389745728558347,0,-0.9778408137558998,168.75,114.7090909090909,45648,2.6977317174723994,
song,lognormal,holdout,39,0.5,60,1-3,2,4,44.23098263510695,0.19984875716844874,8,,0.9235836530937891,0,-1.0793212023776524,127.75,130.98181818181817,45521,1.7029755837242095,
song,lognormal,holdout,40,0.5,34,2-8,14,8,142.2953777238515,0.294975786989569,112,,0.9552505802228384,0,-1.1415159630728022,165.125,181.8,45993,2.5039951166250205,
song,lognormal,holdout,41,0.5,45,2-4,7,8,36.9784976449385,0.8345445922965788,56,,0.9479573547973579,0,-1.103868822141045,170.375,187.74545454545455,45598,1.5291688336845846,
song,lognormal,holdout,42,0.5,14,2-4,14,8,45.44487853405761,0.5613496154731653,112,,0.8309073857424552,0,-0.5897537782405229,500.625,147.94545454545454,45799,0.36909893138569844,
song,lognormal,holdout,43,0.5,16,2-4,9,2,137.8388809921329,0.8463280722811531,18,,0.875084361005597,0,-1.143925770424576,55.25,74.67272727272727,45572,3.1737328958397724,
song,lognormal,holdout,44,0.5,52,1-3,10,8,67.4156687022473,0.06256224967380493,80,,0.9302382905379377,0,-1.0291727215187605,365.0,301.72727272727275,45665,0.5811035033090712,
song,lognormal,holdout,45,0.5,15,2-4,16,3,115.70705867435035,0.35908369908681176,48,,0.9324579550040013,0,-1.2741227033849136,98.0,116.14545454545454,45839,3.4658055346025094,
song,lognormal,holdout,46,0.5,32,4-8,10,5,46.43100137989665,0.4687363226239937,50,,0.8546536245938574,0,-0.9756494069718091,184.5,172.5818181818182,45530,0.2778057203298655,
song,lognormal,holdout,47,0.5,27,1-3,11,3,25.528656011668176,0.6855935400465066,33,,0.8705611080654398,1,-0.7896087241165828,154.875,88.6,45604,2.943534289292323,
song,lognormal,holdout,48,0.5,14,4-8,12,8,154.71147813035245,0.9333799238937611,96,,0.946968775773016,0,-1.296779572819457,104.375,160.47272727272727,45960,2.146546255706696,
song,lognormal,holdout,49,0.5,30,2-4,2,6,55.235101921959284,0.5246358380788629,12,,0.9364383713464471,0,-1.3440444548265464,87.375,160.36363636363637,45767,1.522216369074787,
song,lognormal,holdout,50,0.5,26,2-4,13,2,61.07268386829696,0.06109405637302655,26,,0.9421038531087116,0,-1.2124231739686524,113.25,137.14545454545456,45887,1.9438823855579481,
song,lognormal,holdout,51,0.5,45,1-3,11,6,50.95556957678856,0.5971933995825512,66,,0.9257505511465272,0,-0.9019688983005965,168.875,120.52727272727273,45925,3.1662972608476356,
song,lognormal,holdout,52,0.5,13,2-8,8,5,94.14827316549133,0.6620959224843656,40,,0.9033042850210182,0,-1.033676962387964,202.0,154.36363636363637,45453,0.35788605617448555,
song,lognormal,holdout,53,0.5,45,2-4,11,3,57.51442081952737,0.28096589581609593,33,,0.9542396687161507,0,-1.1024007454525653,134.5,142.87272727272727,45707,2.080035897459289,
song,lognormal,holdout,54,0.5,25,2-4,8,3,137.96251016402866,0.7766978942268987,24,,0.9454909931114566,0,-1.1599500467450523,91.5,142.3090909090909,45385,1.9352411184627896,
song,lognormal,holdout,55,0.5,55,2-8,9,7,136.36972161467858,0.011379221562101227,63,,0.9229262477130051,0,-0.9973264722086342,160.5,156.47272727272727,45279,1.5715575045301429,
song,lognormal,holdout,56,0.5,53,2-8,15,2,149.54233778691318,0.13696534215395276,30,,0.9279649330546154,0,-1.3316804767211208,58.75,107.98181818181818,45821,2.8993551270029925,
song,lognormal,holdout,57,0.5,53,2-4,10,6,121.15045034107294,0.8403503401929875,60,,0.9293224085068541,0,-1.0837999075709168,128.375,126.2909090909091,46191,2.5380193790367063,
song,lognormal,holdout,58,0.5,60,2-8,6,6,100.11698360028791,0.37768751508303217,36,,0.7923839800578611,0,-1.1505198786648778,112.125,192.70909090909092,45342,0.21879723272097829,
song,lognormal,holdout,59,0.5,45,2-4,2,1,82.92595971964317,0.38316039421519543,2,,0.6999101676606002,0,-0.5334093488484415,28.875,16.490909090909092,45763,1.67387310724666,
song,lognormal,holdout,60,0.5,47,4-8,16,3,9.388912012483505,0.5615651707167096,48,,0.9217565937275557,0,-1.2029932026313972,101.875,129.63636363636363,45674,2.4018904481927064,
song,lognormal,holdout,61,0.5,16,4-8,12,5,27.51354500999178,0.5510803569462508,60,,0.9055256843274556,0,-0.8307914438865406,294.0,158.6909090909091,46084,0.5470825469994028,
song,lognormal,holdout,62,0.5,33,2-4,6,3,62.33379378811898,0.5014949979417921,18,,0.9346931396850844,0,-1.3968875379404584,102.125,199.43636363636364,45707,0.6746536975070657,
song,lognormal,holdout,63,0.5,15,4-8,6,4,70.09362243438628,0.5408135505311268,24,,0.9304940168760514,0,-1.23151649191444,113.0,144.0909090909091,45828,1.0371190570739661,
song,lognormal,holdout,64,0.5,39,2-4,13,2,10.580616253275586,0.47020356844710903,26,,0.8976827689614792,0,-1.4588098849700681,89.5,271.3454545454546,45804,1.0561636268396133,
song,lognormal,holdout,65,0.5,56,2-8,10,5,70.0070143146613,0.6003274806667611,50,,0.9260818654737552,0,-1.0767761368763493,80.75,93.7090909090909,45874,3.0242356709365605,
song,lognormal,holdout,66,0.5,23,1-3,4,5,157.97222897794444,0.33003950446564256,20,,0.921511664295578,0,-1.1206592914900615,107.75,139.4181818181818,45644,2.8611603007677733,
song,lognormal,holdout,67,0.5,47,2-4,11,4,107.2097325187708,0.7112700802270775,44,,0.86132780565244,0,-0.9255867332988965,88.625,84.58181818181818,45686,3.495559968117084,
song,lognormal,holdout,68,0.5,37,4-8,5,2,96.47033743310743,0.2732269877956335,10,,0.8890617924910191,0,-1.6321190197813942,43.875,101.10909090909091,45637,1.942370450084573,
song,lognormal,holdout,69,0.5,27,1-3,14,6,104.76565091769737,0.12492931845478533,84,,0.941250160342066,0,-0.9068784694514953,382.5,233.01818181818183,45896,1.2846506517139964,
song,lognormal,holdout,70,0.5,58,2-4,10,3,33.204802900162555,0.814716393967704,30,,0.944752454983222,0,-1.0880248582147107,80.5,119.92727272727272,45837,3.0037967710918925,
song,lognormal,holdout,71,0.5,60,4-8,14,5,145.07249207979282,0.3004255025446252,70,,0.9282683189861226,0,-1.040040770742254,158.25,143.2,45478,2.1350635596969494,
song,lognormal,holdout,72,0.5,22,2-8,7,5,88.28176728390793,0.1606383803414323,35,,0.9094434230560637,0,-1.351926209659939,66.875,169.0909090909091,45693,3.4174244854094935,
song,lognormal,holdout,73,0.5,40,1-3,9,4,19.52353184275751,0.2755397484589781,36,,0.9590323861911351,0,-1.1242000056747177,194.25,174.6909090909091,45751,1.7971177401056226,
song,lognormal,holdout,74,0.5,20,1-3,5,8,59.04362761466748,0.4177431573746607,40,,0.9278756628092617,0,-0.9348115429985191,223.625,130.45454545454547,45845,2.3916290012946604,
song,lognormal,holdout,75,0.5,24,2-4,12,8,56.602599405205204,0.5356340236361468,96,,0.9296621346416174,0,-0.9656537457895329,152.125,114.61818181818182,45732,2.439971594626104,
song,lognormal,holdout,76,0.5,18,4-8,15,4,74.59387989066023,0.2426831441836,60,,0.9045465005677333,0,-0.8500276506471052,276.5,163.52727272727273,45778,0.21775670648291542,
song,lognormal,holdout,77,0.5,47,2-4,12,5,36.8135907531108,0.0945843664368099,60,,0.9458417862791825,0,-1.1114995344712577,185.25,195.6,45745,1.6123741990643918,
song,lognormal,holdout,78,0.5,57,2-8,6,3,73.52510366359567,0.7202196858331764,18,,0.9289761890017307,0,-1.1284595974851053,55.5,78.05454545454545,45884,2.2337017840470272,
song,lognormal,holdout,79,0.5,51,4-8,7,5,92.09216806025968,0.6312614744339775,35,,0.9463749345264336,0,-1.2775692812120225,80.375,155.85454545454544,45571,2.503611414452362,
song,lognormal,holdout,80,0.5,28,2-8,12,1,32.156801316214114,0.2602041552131453,12,,0.8932572652316473,0,-1.28773990067605,52.375,106.87272727272727,45711,1.8598364285503377,
song,lognormal,holdout,81,0.5,35,1-3,16,7,141.58319605316163,0.532273370101252,112,,0.9190200557175823,0,-0.8334612235380332,415.75,228.83636363636364,45877,0.6784873128018329,
song,lognormal,holdout,82,0.5,51,2-4,6,4,8.537826140991516,0.4102264848681795,24,,0.9263167620173702,0,-1.4546991316459648,61.875,129.6909090909091,45933,3.4382034025460664,
song,lognormal,holdout,83,0.5,18,2-8,3,2,89.48659859807522,0.4026313677283732,6,,0.9071133461180148,0,-1.714330905065989,52.25,148.63636363636363,45595,0.6745106353983213,
song,lognormal,holdout,84,0.5,33,4-8,5,8,155.97279928486415,0.7393717864697082,40,,0.923006984355544,0,-1.1866518943629263,122.375,158.21818181818182,45731,1.2196758509137808,
song,lognormal,holdout,85,0.5,43,2-4,9,6,104.11186877385964,0.9387483118659402,54,,0.8948119830214872,0,-1.121601222100196,170.875,153.9090909090909,46325,0.2286397927151965,
song,lognormal,holdout,86,0.5,38,2-4,5,3,96.67705148436478,0.5278377366811766,15,,0.9484921488740715,0,-1.374801081505582,96.125,161.87272727272727,45928,0.838972048399339,
song,lognormal,holdout,87,0.5,53,2-8,11,3,66.68796926653846,0.3715616187482602,33,,0.9297032106517917,0,-1.0090660729052405,68.375,55.6,46004,3.458881706004867,
song,lognormal,holdout,88,0.5,41,2-4,4,7,11.127145987502303,0.8692366296631194,28,,0.9323833524719731,0,-1.1954167039843147,76.625,88.7090909090909,45717,2.9422349623334827,
song,lognormal,holdout,89,0.5,37,4-8,7,1,62.294167749495365,0.8248888457700966,7,,0.8986078077050451,0,-1.616194662674415,32.875,88.56363636363636,45752,1.1211631423410409,
song,lognormal,holdout,90,0.5,49,1-3,13,8,51.4736499357612,0.5490338552976559,104,,0.9245332816849303,0,-0.9128718992141112,257.625,177.47272727272727,46032,2.2112791612237275,
song,lognormal,holdout,91,0.5,28,2-8,9,5,127.03661475771972,0.3008667211020471,45,,0.9189815303748693,0,-1.111930598825105,164.875,188.1818181818182,45555,1.0155438860170498,
song,lognormal,holdout,92,0.5,46,2-4,7,2,44.32534594031544,0.10829541116641428,14,,0.9474684352919904,0,-1.2753071012944535,83.75,150.0,45924,1.2418643854515372,
song,lognormal,holdout,93,0.5,34,1-3,16,4,158.6754727943285,0.10976194002333324,64,,0.8915314933678814,0,-0.8470743459652694,172.25,109.41818181818182,45550,2.366610803303943,
song,lognormal,holdout,94,0.5,25,1-3,2,4,12.05316973105604,0.9123361841481339,8,,0.8563804603540836,0,-1.1162033909092917,63.125,97.6,45879,2.694854319224849,
song,lognormal,holdout,95,0.5,27,4-8,15,5,158.16892637547744,0.19072876567510147,75,,0.9287659946031739,0,-0.993324108897405,208.25,157.4181818181818,45408,1.2884735888957268,
song,lognormal,holdout,96,0.5,15,2-8,7,7,151.93578712959462,0.32733493957047893,49,,0.9453404561785892,0,-1.1584013684967351,107.75,133.36363636363637,45675,2.35306589880648,
song,lognormal,holdout,97,0.5,49,4-8,2,5,104.3068526194515,0.28412051762410173,10,,0.9038550901269279,0,-1.4518977412252894,49.25,101.45454545454545,45784,2.6182481404525997,
song,lognormal,holdout,98,0.5,32,2-4,2,1,48.89895057824528,0.20501843799844197,2,,0.8739936280264121,1,-0.9497612067304868,27.5,52.56363636363636,45760,1.7655736734601346,
song,lognormal,holdout,99,0.5,34,4-8,15,2,21.302293604143234,0.4571638079977039,30,,0.8534635912858228,0,-1.1235898690671038,112.5,180.23636363636365,45922,0.6753773872019371,
song,lognormal,holdout,100,0.5,29,2-8,10,8,116.17904663683679,0.6895212341643255,80,,0.9465917431350341,0,-1.0263532038117593,186.625,155.5090909090909,45967,1.5315246554104225,
song,lognormal,holdout,101,0.5,42,1-3,2,4,27.779789345744113,0.17976139818612216,8,,0.9568860525884192,0,-1.3682628555600331,120.125,230.96363636363637,45950,0.655349058791632,
song,lognormal,holdout,102,0.5,48,2-4,12,1,46.71381346278281,0.17803155650656957,12,,0.9216337397788223,0,-1.0799360917208383,69.125,73.72727272727273,45932,1.7410796129658552,
song,lognormal,holdout,103,0.5,24,2-4,12,1,31.334726856445563,0.4423242406160639,12,,0.9267114253208368,0,-1.5146113471435503,68.0,191.27272727272728,45893,0.36395828027098837,
song,lognormal,holdout,104,0.5,28,2-8,3,4,63.94335810600208,0.2787719975903859,12,,0.842754777969485,0,-1.574747561937568,43.25,188.01818181818183,45761,1.3018848349579704,
song,lognormal,holdout,105,0.5,26,1-3,14,6,92.65523599476208,0.10259388241142214,84,,0.911204764252173,0,-0.8827088671562182,456.875,260.8909090909091,45552,0.21504331886939487,
song,lognormal,holdout,106,0.5,27,2-8,11,3,150.6969453161535,0.7253373748420623,33,,0.9250348506305739,0,-1.3261914077605006,62.875,119.74545454545455,45592,2.866652287455224,
song,lognormal,holdout,107,0.5,52,4-8,5,5,158.54016938641018,0.24655726652246554,25,,0.9271440215697715,0,-1.2934293962500514,91.75,139.96363636363637,45694,1.8189084727882403,
song,lognormal,holdout,108,0.5,43,2-8,11,8,107.41477953558187,0.5276695464792938,88,,0.9270129709768798,0,-1.153180889916186,110.5,140.61818181818182,45934,3.4142806136457184,
song,lognormal,holdout,109,0.5,38,4-8,5,1,25.276021451707244,0.011539928033669605,5,,0.906038383057988,0,-1.366091301449965,41.375,58.61818181818182,45803,1.728623329829606,
song,lognormal,holdout,110,0.5,53,2-8,8,5,62.4630471274464,0.40039495117844315,40,,0.7874235774170851,0,-1.1063794047455626,123.875,196.5818181818182,45571,0.20916492698195352,
song,lognormal,holdout,111,0.5,44,4-8,16,1,9.88964669541479,0.6931205374400039,16,,0.9085440604623503,0,-1.4643185085943737,49.125,101.81818181818181,45806,3.3815284490672233,
song,lognormal,holdout,112,0.5,56,1-3,8,8,139.05381427005733,0.9473743880959956,64,,0.8255906885120283,0,-0.99673195778644,200.375,153.12727272727273,45750,0.3656579144017821,
song,lognormal,holdout,113,0.5,19,4-8,15,1,35.192939414091704,0.696993974603386,15,,0.9182486622352929,0,-1.3908876569068895,63.375,158.12727272727273,45801,1.4124922748856514,
song,lognormal,holdout,114,0.5,20,2-4,15,2,119.84789742520218,0.19620012058967876,30,,0.9442855587365044,0,-1.1596513206661214,150.5,167.2,45970,0.7825331254375254,
song,lognormal,holdout,115,0.5,53,1-3,5,5,69.5210390432392,0.012200340984131385,25,,0.8969610688747609,0,-0.8073009627200245,114.75,82.36363636363636,45781,3.013939731937896,
song,lognormal,holdout,116,0.5,34,2-4,6,4,74.15496849420737,0.7850864509337468,24,,0.9376595201476758,0,-1.2157456599740502,124.25,175.96363636363637,45904,0.5795877325714858,
song,lognormal,holdout,117,0.5,21,2-8,11,1,58.406479048300355,0.8881237701819067,11,,0.8943465497280338,0,-1.5143504896498037,42.875,111.63636363636364,45728,2.2359142651958783,
song,lognormal,holdout,118,0.5,20,4-8,13,3,120.56453963858435,0.5301768993740156,39,,0.9475566303654503,0,-1.21159687979587,109.25,139.8909090909091,46089,2.032512593087537,
song,lognormal,holdout,119,0.5,38,2-8,3,7,123.39246650469164,0.574044429524634,21,,0.9000496683495833,0,-1.0787061336296815,69.125,95.16363636363636,46007,2.4571026377154164,
song,lognormal,holdout,120,0.5,53,1-3,3,5,139.49514675877575,0.9461399744550846,15,,0.621165858880695,0,-0.5998183865356028,82.75,37.30909090909091,45535,1.4208764956408237,
song,lognormal,holdout,121,0.5,37,2-8,6,4,140.81152123594987,0.7373034559544163,24,,0.9425450861682971,0,-1.3668810438640189,68.125,97.32727272727273,45444,2.0276782458134814,
song,lognormal,holdout,122,0.5,30,1-3,3,8,74.18875570609487,0.4611902823902872,24,,0.9567336701770899,0,-1.1685118427087624,197.625,240.0,45883,0.8124887767277045,
song,lognormal,holdout,123,0.5,35,4-8,8,8,133.4487806136458,0.08041527195812308,64,,0.8896312324460257,0,-0.9788716068470574,195.125,181.14545454545456,45441,0.7901489522659142,
song,lognormal,holdout,124,0.5,43,2-4,11,1,143.74826744568566,0.20379494036923157,11,,0.8933671191142922,0,-1.428802640717275,56.375,138.85454545454544,45864,0.642189384125797,
song,lognormal,holdout,125,0.5,31,2-4,4,4,38.7431454052782,0.9246042157551811,16,,0.9169631378694431,0,-1.227729268657026,69.0,102.38181818181818,45655,2.2223172976467302,
song,lognormal,holdout,126,0.5,24,2-8,5,6,59.46579342146103,0.2773707911330009,30,,0.9555696986410431,0,-1.2402015427685114,107.0,112.89090909090909,45784,2.2626226340739874,
song,lognormal,holdout,127,0.5,48,2-4,7,6,104.29127098669261,0.6543697337207203,42,,0.923783767948257,0,-1.157251047562792,169.5,209.27272727272728,46026,0.417172050169184,
song,lognormal,holdout,128,0.5,50,4-8,11,7,23.89160202574028,0.8614654760511541,77,,0.8769051612452625,0,-0.9065458383049809,210.25,154.65454545454546,45428,0.46679500911604815,
song,lognormal,holdout,129,0.5,19,1-3,2,5,116.50585515033268,0.8278843416971348,10,,0.8530802251928082,0,-0.8300190948534502,97.125,65.63636363636364,45919,2.744897848330996,
song,lognormal,holdout,130,0.5,25,2-8,4,7,135.66262350682024,0.8434689959031244,28,,0.9255153616677433,0,-1.3851970140861196,57.75,114.03636363636363,45707,2.868577712985488,
song,lognormal,holdout,131,0.5,48,4-8,12,4,129.29038133563665,0.05086811769756803,48,,0.9283530047494774,0,-1.1703552954576302,103.625,138.01818181818183,46010,2.565443698246338,
song,lognormal,holdout,132,0.5,56,4-8,15,6,151.61115075938815,0.46700911162165415,90,,0.9581625903232771,0,-1.099117176654264,138.75,142.70909090909092,45685,2.3020822050007688,
song,lognormal,holdout,133,0.5,15,2-4,8,6,9.602436294898318,0.853591723808268,48,,0.949553636870234,0,-1.1175451030760628,213.75,243.3090909090909,45924,1.6812389669931271,
song,lognormal,holdout,134,0.5,30,1-3,11,7,67.83412026071667,0.32087021376011815,77,,0.9283639997484954,0,-0.9365939608137601,352.125,229.52727272727273,45900,1.1659488890919858,
song,lognormal,holdout,135,0.5,58,2-4,11,4,107.75805074282947,0.893785572166511,44,,0.9182632069885166,0,-0.9922056887644795,106.0,68.85454545454546,45450,2.338922471713752,
song,lognormal,holdout,136,0.5,54,2-4,16,5,67.9612573239364,0.5889438153539909,80,,0.9590431339445453,0,-1.03434256480189,203.375,180.4909090909091,45738,1.6990089011386338,
song,lognormal,holdout,137,0.5,16,2-8,6,4,67.77696385785323,0.5648143050494625,24,,0.8855097573676406,0,-1.2424909843415004,122.125,187.8909090909091,46350,0.5127786367129241,
song,lognormal,holdout,138,0.5,37,1-3,2,4,110.73225780294841,0.44457354138642224,8,,0.8865871047215379,1,-0.9269522606086861,118.25,87.85454545454546,45782,1.5772157643853133,
song,lognormal,holdout,139,0.5,17,1-3,3,3,124.73219033564443,0.0733048056358829,9,,0.9409938941979349,0,-1.4136317806786365,88.625,177.8909090909091,45851,1.6171507146501538,
song,lognormal,holdout,140,0.5,17,2-8,6,3,82.91733135455577,0.49229384888751904,18,,0.9382587948516954,0,-1.4097507143412291,71.25,122.54545454545455,45624,2.2437080348738667,
song,lognormal,holdout,141,0.5,55,2-4,4,5,158.1854421825346,0.7729019040956857,20,,0.9445918832252579,0,-1.2028945332196403,105.75,149.2,45445,1.317477920659841,
song,lognormal,holdout,142,0.5,51,2-8,15,2,90.1427708021037,0.6638530634535548,30,,0.8947151193579319,0,-1.2421580461933928,110.875,165.5818181818182,45769,0.3805832968451187,
song,lognormal,holdout,143,0.5,43,1-3,8,3,100.9589146985298,0.9282702453524172,24,,0.8656439420538806,0,-0.7184729074583355,107.25,46.58181818181818,45782,2.2306881668102765,
song,lognormal,holdout,144,0.5,57,4-8,6,4,49.10927359127009,0.6559646664892222,24,,0.8458883872752492,0,-1.1879756829383523,94.875,164.03636363636363,45463,0.8805039075511072,
song,lognormal,holdout,145,0.5,21,2-8,11,1,35.60693020827435,0.8644479425932705,11,,0.8611327898231729,0,-1.6064067244636009,52.75,150.23636363636365,45723,0.47014609830423154,
song,lognormal,holdout,146,0.5,33,1-3,14,8,99.75471459266805,0.19465637492892773,112,,0.9291811592998027,0,-0.907636107747231,451.75,267.6545454545454,45798,0.8307684669932609,
song,lognormal,holdout,147,0.5,13,4-8,15,8,98.93601701505834,0.5958154671435348,120,,0.9418571779196712,0,-0.9598474541558195,199.75,149.94545454545454,46034,2.0702422116283277,
song,lognormal,holdout,148,0.5,38,4-8,13,2,62.50884456476963,0.9459284469600655,26,,0.9184483433351937,0,-1.2998205937681,52.875,163.38181818181818,45527,2.5508933587030875,
song,lognormal,holdout,149,0.5,22,2-8,14,5,64.00572139300169,0.3771610460969694,70,,0.9530720650667281,0,-1.0331780010182512,200.25,159.70909090909092,45872,1.8513057350709716,
song,lognormal,holdout,150,0.5,19,4-8,11,6,15.163732958253956,0.37659597926899074,66,,0.9287588949119806,0,-0.860904109705571,294.25,170.98181818181817,45912,1.0276681791849032,
song,lognormal,holdout,151,0.5,43,4-8,8,3,74.27771572354145,0.8857014057864434,24,,0.9275661050772437,0,-1.4192742085925512,50.75,112.58181818181818,46031,2.7397176233280627,
song,lognormal,holdout,152,0.5,36,1-3,15,3,159.2599948813167,0.9114837067383953,45,,0.8690246534203934,0,-0.7996090183111204,138.625,84.67272727272727,45889,2.135650960072622,
song,lognormal,holdout,153,0.5,38,2-4,16,5,140.36385137490905,0.03677794239923206,80,,0.912474630444962,0,-0.8601086975680272,136.5,87.61818181818182,45759,2.622544532696153,
song,lognormal,holdout,154,0.5,43,2-4,13,1,108.31717866858956,0.12262097119488972,13,,0.9148492033418718,0,-1.2612400731615523,75.625,108.54545454545455,45897,0.48371444491171556,
song,lognormal,holdout,155,0.5,57,2-4,3,7,74.9346572769769,0.5757808280481465,21,,0.9444992318021312,0,-1.048989644735286,92.5,101.0,45801,2.605135501451002,
song,lognormal,holdout,156,0.5,36,2-4,16,7,61.96108702272508,0.6035189097427719,112,,0.9233137824559484,0,-0.9294955905424078,321.125,215.56363636363636,45635,0.982473777392131,
song,lognormal,holdout,157,0.5,40,4-8,11,7,35.83261985114204,0.5142419361009439,77,,0.8628776811857134,0,-0.8677844216614599,246.125,165.98181818181817,45877,0.2468219269149016,
song,lognormal,holdout,158,0.5,13,1-3,4,4,148.33996489395113,0.7617252267415722,16,,0.9023198937680642,0,-0.933743155900751,152.25,122.89090909090909,45995,1.1116464674494446,
song,lognormal,holdout,159,0.5,14,4-8,11,5,153.70958640610039,0.6867253657761778,55,,0.9302853980526914,0,-1.0416707359870743,171.75,143.61818181818182,45881,1.263597506009935,
song,lognormal,holdout,160,0.5,38,1-3,5,4,73.07154403819828,0.5089015608689481,20,,0.8748825934482417,0,-0.7591006845495492,91.5,46.41818181818182,45807,3.0896914120953793,
song,lognormal,holdout,161,0.5,60,2-8,16,4,56.8320526009748,0.3733166947192194,64,,0.9335905323267362,0,-1.1318313065919683,113.25,153.78181818181818,46000,2.6181261952033883,
song,lognormal,holdout,162,0.5,33,2-4,8,7,37.36996256202103,0.3602871221254049,56,,0.9416330097782537,0,-1.0806226827496692,173.625,160.14545454545456,45730,2.1578879098176005,
song,lognormal,holdout,163,0.5,34,4-8,10,4,99.90117536213074,0.8763693826254741,40,,0.922568333701576,0,-1.1843842465070051,83.75,91.83636363636364,45465,2.6601035946477274,
song,lognormal,holdout,164,0.5,37,4-8,10,2,130.4408303989947,0.6838306463542659,20,,0.9224137183443575,0,-1.5689870869905604,42.75,131.83636363636364,45863,3.353862749468965,
song,lognormal,holdout,165,0.5,30,2-8,6,3,48.76849448358431,0.915162918508668,18,,0.9003980211844775,0,-1.6952877368352355,48.375,75.76363636363637,46029,2.905680746087302,
song,lognormal,holdout,166,0.5,49,2-4,11,3,149.37471492613804,0.4048921724446097,33,,0.8325889837133715,0,-0.9381628703079741,79.25,90.61818181818182,45612,2.716635459046775,
song,lognormal,holdout,167,0.5,58,4-8,7,2,10.152020259723198,0.6578253544510619,14,,0.8407225198107939,0,-1.3355630364625715,55.75,154.27272727272728,45686,0.9627432409872183,
song,lognormal,holdout,168,0.5,51,4-8,13,3,54.86141869122714,0.3026727807818613,39,,0.9068743719519151,0,-0.9975075843950624,74.875,57.85454545454545,45828,3.0907417317454087,
song,lognormal,holdout,169,0.5,25,2-4,14,3,96.87297490336786,0.4945237397332776,42,,0.9068818606104807,0,-0.9869757135898627,81.25,81.27272727272727,45793,3.3799499280857415,
song,lognormal,holdout,170,0.5,40,4-8,12,1,80.85285721823648,0.5753979646677593,12,,0.8961234355729832,0,-1.449418660080846,40.75,68.61818181818182,45763,2.660564459695007,
song,lognormal,holdout,171,0.5,32,4-8,7,4,45.40948675767669,0.7135046029712606,28,,0.9344586664888077,0,-1.221049030543234,48.25,81.98181818181818,45731,3.331320697779295,
song,lognormal,holdout,172,0.5,40,2-4,7,6,112.29161113124712,0.600278087489307,42,,0.9410495799137631,0,-1.1670223554320969,169.375,183.12727272727273,45664,0.8586164090456703,
song,lognormal,holdout,173,0.5,39,2-4,9,2,123.10804106090312,0.5410118898327575,18,,0.9422031116419006,0,-1.221800499390187,99.875,138.8,45895,1.5022108535193097,
song,lognormal,holdout,174,0.5,41,1-3,8,2,101.57313241794905,0.2470305129571072,16,,0.8625869310160068,0,-0.9704784354343601,87.625,63.70909090909091,45550,3.3316946781026884,
song,lognormal,holdout,175,0.5,33,4-8,5,5,138.64895238088485,0.4994688252648325,25,,0.8990435402135706,0,-1.1625234961627688,54.125,74.30909090909091,45882,3.2172558671506946,
song,lognormal,holdout,176,0.5,32,2-8,7,3,155.07476437591282,0.6509848826554077,21,,0.9421536390678922,0,-1.289457776556403,79.375,99.96363636363637,45519,1.9886665626438125,
song,lognormal,holdout,177,0.5,26,2-8,14,2,22.042456336201084,0.7043747366822937,28,,0.9343230229288754,0,-1.235293980512792,99.875,145.83636363636364,46011,2.2173889231846347,
song,lognormal,holdout,178,0.5,49,4-8,5,2,97.92820768822324,0.888387415877784,10,,0.8913723799306986,0,-1.420532555250439,33.0,124.12727272727273,46057,2.5162172414917725,
song,lognormal,holdout,179,0.5,29,1-3,11,7,65.16646846860439,0.52754571662374,77,,0.9331080691053638,0,-0.8999486549917862,337.375,194.12727272727273,45667,1.2038118459462317,
song,lognormal,holdout,180,0.5,48,4-8,7,3,62.59533245461418,0.378073126768358,21,,0.9251081788870967,0,-1.249622697030313,63.0,90.34545454545454,45896,2.6249810940835356,
song,lognormal,holdout,181,0.5,32,2-4,8,1,72.2108568729126,0.6219331196201242,8,,0.9357021914283152,1,-1.2960424360058094,50.0,63.03636363636364,45806,2.4554042447711173,
song,lognormal,holdout,182,0.5,40,1-3,11,7,148.48891546497399,0.84857810993393,77,,0.9109763294817814,0,-0.9419615940875687,158.625,91.96363636363637,45698,2.3983377761691917,
song,lognormal,holdout,183,0.5,14,2-4,2,2,135.80307505253916,0.3834884859146907,4,,0.9328437935337069,0,-1.3221099644568146,51.25,107.7090909090909,45840,0.7005723236080481,
song,lognormal,holdout,184,0.5,45,2-8,16,6,106.91313172056611,0.7769656768813435,96,,0.9438374160397859,0,-1.0029006864836782,152.625,124.87272727272727,45852,2.181462960800462,
song,lognormal,holdout,185,0.5,36,4-8,11,2,158.25427898237098,0.8327630848134848,22,,0.8978284243662279,0,-1.3822978447821666,36.625,62.236363636363635,45571,3.1238600159409846,
song,lognormal,holdout,186,0.5,22,2-8,10,1,92.09501620109333,0.636818934610356,10,,0.9085507238907522,0,-1.614078124312268,42.75,125.25454545454545,45819,1.1566088476015786,
song,lognormal,holdout,187,0.5,33,2-4,16,7,137.55032224780288,0.07903099386151659,112,,0.9047140473049177,0,-0.8784125161569135,224.5,166.29090909090908,45901,2.1185242708062892,
song,lognormal,holdout,188,0.5,23,2-8,16,2,9.97233178707314,0.3163091099755473,32,,0.901117135721618,0,-1.1732079289081965,148.0,196.87272727272727,45822,0.5906475511666742,
song,lognormal,holdout,189,0.5,57,1-3,3,1,19.25810693477463,0.07923623174546703,3,,0.7515675585477704,0,-0.6295704547118319,44.5,33.56363636363636,45739,2.93106801505752,
song,lognormal,holdout,190,0.5,39,1-3,4,1,55.616269308971454,0.6981633899688433,4,,0.8019285130159688,0,-0.7521959745449038,51.625,26.454545454545453,45718,2.873092414102347,
song,lognormal,holdout,191,0.5,13,4-8,16,5,81.16071542594311,0.853055007536493,80,,0.8961493377072793,0,-0.8714830361675425,245.625,134.27272727272728,45552,0.3944937007105654,
song,lognormal,holdout,192,0.5,30,2-4,5,7,49.32511956106388,0.5793529346635812,35,,0.9309631217401858,0,-1.2226230626122039,162.375,222.92727272727274,45760,0.3743032630586105,
song,lognormal,holdout,193,0.5,52,2-8,5,3,95.0796516271067,0.6530909503271562,15,,0.9143837091496687,0,-1.3416708974663871,40.125,93.92727272727272,45635,3.2324061753602154,
song,lognormal,holdout,194,0.5,56,4-8,2,1,90.91966478353605,0.14835768408255473,2,,0.6724421537711626,2,-0.6547230487864092,15.625,65.89090909090909,45643,1.7351982226390097,
song,lognormal,holdout,195,0.5,30,4-8,9,7,131.70912557555155,0.23437280597992138,63,,0.9338012751630005,0,-0.9848979557242769,196.375,170.3272727272727,45763,1.2933099717110876,
song,lognormal,holdout,196,0.5,39,2-4,9,3,79.49757453893463,0.6926637969669772,27,,0.9019047990842612,0,-1.1081976220237297,71.375,141.98181818181817,45646,3.404660045067072,
song,lognormal,holdout,197,0.5,37,2-4,8,8,11.291985837543939,0.25788485899160374,64,,0.8989714491022158,0,-1.210385065008353,211.5,266.7818181818182,45679,0.6547212421406903,
song,lognormal,holdout,198,0.5,45,1-3,9,4,59.54058484931465,0.8062041524263419,36,,0.9472083638290889,0,-0.9601042677812371,214.0,163.70909090909092,46012,1.194083143587071,
song,lognormal,holdout,199,0.5,49,1-3,7,6,19.231758772322802,0.7317465689035745,42,,0.9406929734429567,0,-1.1278853069030108,263.875,266.6545454545454,45557,0.21355699077697415,
song,lognormal,holdout,200,0.5,39,2-4,5,5,110.74580021616423,0.8876011833840308,25,,0.9223969634716748,0,-1.2174298787165703,106.75,121.6,45912,1.1653336787995274,
song,lognormal,holdout,201,0.5,42,4-8,2,6,120.8937219961983,0.18964520559820178,12,,0.9106407620070942,0,-1.3694061531942685,41.375,115.10909090909091,45424,2.809387110000936,
song,lognormal,holdout,202,0.5,22,1-3,5,3,58.02554215631795,0.057053481671013075,15,,0.9240082128526739,0,-1.0280606985325136,127.125,114.43636363636364,45713,2.0379629546139033,
song,lognormal,holdout,203,0.5,32,4-8,14,8,75.99615487128099,0.49062711794961905,112,,0.8804907150585622,0,-0.7222982239831869,352.5,156.98181818181817,45562,0.2725534969724741,
song,lognormal,holdout,204,0.5,23,4-8,5,4,88.7746429402461,0.36914457712718163,20,,0.9357345265395881,0,-1.4375765895435682,45.375,95.67272727272727,45869,2.772123020446545,
song,lognormal,holdout,205,0.5,43,2-4,13,6,36.9086291041383,0.29176081768687784,78,,0.9487489357816639,0,-1.0655037873428785,232.625,223.16363636363636,45888,1.3069178281500438,
song,lognormal,holdout,206,0.5,29,2-8,8,5,49.466775040754364,0.6758413089369599,40,,0.9422190789426187,0,-1.1967834509864645,69.5,105.76363636363637,45877,3.2419229074207263,
song,lognormal,holdout,207,0.5,15,2-4,8,3,18.519421208786696,0.9438945671032593,24,,0.9493475822356177,0,-1.2291306779662574,144.625,202.36363636363637,45628,0.9419828945271886,
song,lognormal,holdout,208,0.5,59,2-8,4,1,77.54742041556969,0.46661503193498177,4,,0.7238796052280663,0,-1.2188212020836702,31.5,69.07272727272728,46103,0.2245949065898745,
song,lognormal,holdout,209,0.5,38,2-8,10,4,42.067994630693015,0.18196578905356364,40,,0.9001203594915357,0,-1.110974250112878,153.25,171.4,46199,0.9701410210948829,
song,lognormal,holdout,210,0.5,20,2-8,3,1,26.63927992168947,0.5016404095920651,3,,0.8791522825158409,0,-1.4933006202149157,26.625,134.38181818181818,45764,0.7150205113184174,
song,lognormal,holdout,211,0.5,53,2-8,14,5,27.376763906617867,0.5227732355224785,70,,0.9245213266289956,0,-0.9586763092677306,134.0,114.81818181818181,45886,2.306550272412725,
song,lognormal,holdout,212,0.5,30,4-8,12,5,39.117862047872684,0.5969618458076689,60,,0.9397017154836064,0,-1.2453174011758634,101.5,139.6,45754,3.0531382793580755,
song,lognormal,holdout,213,0.5,53,1-3,3,5,99.29504731467013,0.8686700093366445,15,,0.8975737568909615,0,-0.9530144884585203,121.5,108.21818181818182,45585,1.3062439685872047,
song,lognormal,holdout,214,0.5,30,4-8,10,5,68.41872435937707,0.08450643886158213,50,,0.9356712653436075,0,-1.0757973119104771,111.875,104.58181818181818,45812,2.706653450961581,
song,lognormal,holdout,215,0.5,43,2-4,5,5,59.47881566631825,0.7680823395915184,25,,0.9167885478654997,0,-0.9981200414406259,74.0,48.49090909090909,45661,3.2179194637212745,
song,lognormal,holdout,216,0.5,20,4-8,13,4,57.93198241286217,0.5280078676998998,52,,0.9424397104810319,0,-1.0368736198067539,178.25,183.43636363636364,45917,1.2581483460054532,
song,lognormal,holdout,217,0.5,53,4-8,6,8,38.46245618975661,0.6472046493982091,48,,0.914658026414642,0,-1.1304931763127712,131.25,173.78181818181818,45807,1.5788866084269446,
song,lognormal,holdout,218,0.5,36,1-3,10,8,66.63958086249357,0.8232332123363739,80,,0.9281916505168144,0,-0.8712188449059164,173.125,128.0,45735,3.1519808102900857,
song,lognormal,holdout,219,0.5,60,2-4,15,4,65.18605727143287,0.2508310601640198,60,,0.9241459251007083,0,-0.9643359634326021,141.625,104.07272727272728,45637,2.5320321244448856,
song,lognormal,holdout,220,0.5,18,4-8,2,2,153.95240299077832,0.8724667193303453,4,,0.8500831563575704,0,-1.9166841201246192,24.75,137.5818181818182,46020,0.67853393256076,
song,lognormal,holdout,221,0.5,31,1-3,16,3,83.8781594805114,0.7094644827058089,48,,0.9377292947767173,0,-0.9571857122407268,281.25,187.05454545454546,45625,0.38715638052915774,
song,lognormal,holdout,222,0.5,43,1-3,9,5,20.652335017111692,0.6177577259871913,45,,0.9407294918596929,0,-1.07178331266469,261.75,250.83636363636364,45818,1.1674117226143654,
song,lognormal,holdout,223,0.5,33,2-4,14,1,57.14985664951584,0.10074975905871636,14,,0.883462901745216,0,-1.0114748182976654,62.625,58.63636363636363,45820,3.3729995680829528,
song,lognormal,holdout,224,0.5,27,2-4,11,7,48.58386912313185,0.16954971716838685,77,,0.9293223102058707,0,-0.9924816852362878,129.375,126.52727272727273,45659,3.110058090491429,
song,lognormal,holdout,225,0.5,54,4-8,2,6,54.328817295157265,0.7470712067841936,12,,0.8618070305095089,0,-1.419068736752163,54.5,144.94545454545454,45846,0.6253561759776584,
song,lognormal,holdout,226,0.5,24,1-3,7,6,111.06095374560508,0.6035792417679934,42,,0.9409784706047407,0,-1.0283910923344135,218.625,175.3090909090909,45769,1.2130601627508582,
song,lognormal,holdout,227,0.5,23,2-8,3,7,145.7159665259029,0.7964671376211743,21,,0.9317201111995288,0,-1.3808163486283893,68.0,99.0909090909091,46178,1.9575539406504385,
song,lognormal,holdout,228,0.5,18,1-3,16,4,85.42189093384772,0.03710302377025691,64,,0.9297364636272939,0,-0.843627061361995,347.375,178.6,45627,1.237838629273432,
song,lognormal,holdout,229,0.5,17,2-4,5,8,107.98445720767306,0.6141387475977627,40,,0.887293113211739,0,-0.9526504094692827,116.625,93.47272727272727,45980,2.97246386130508,
song,lognormal,holdout,230,0.5,33,2-4,4,6,29.46073152744989,0.8302486853590322,24,,0.9443363910610744,0,-1.171501080727902,120.875,130.1090909090909,45842,1.5043061919808731,
song,lognormal,holdout,231,0.5,30,2-4,7,2,30.76042472537793,0.5908048664940675,14,,0.9149914260904373,0,-1.0765826662943256,68.25,130.03636363636363,45768,2.1186112332220506,
song,lognormal,holdout,232,0.5,16,1-3,2,3,38.77412386383453,0.5618878207492641,6,,0.9312261142019244,0,-1.077738470008093,121.375,115.52727272727273,45741,1.265661951620267,
song,lognormal,holdout,233,0.5,14,1-3,13,8,37.04250428678877,0.7345926478364688,104,,0.9279062968208028,0,-0.860280606248955,213.25,124.05454545454545,45493,2.924054771357797,
song,lognormal,holdout,234,0.5,14,1-3,11,1,44.72991619243104,0.4785785810257326,11,,0.9408277964965451,0,-1.3399228502239389,86.625,182.03636363636363,45826,0.5679308223586541,
song,lognormal,holdout,235,0.5,14,2-8,2,4,82.78785194410771,0.9325630215959575,8,,0.841517997683084,0,-1.7227370421897037,34.75,132.76363636363635,45952,2.2015002137789343,
song,lognormal,holdout,236,0.5,34,1-3,3,4,124.5459451821824,0.9099312764425855,12,,0.835555721494418,0,-0.7995256764838264,100.875,52.56363636363636,45689,1.8388701629518127,
song,lognormal,holdout,237,0.5,33,4-8,8,3,140.2136875296532,0.5696231846904795,24,,0.9016730743711693,0,-1.299758016413814,87.125,190.61818181818182,45570,0.9198200705667727,
song,lognormal,holdout,238,0.5,20,4-8,3,3,46.72366260845429,0.3176774932068233,9,,0.9049097523218995,0,-1.6321915074149334,38.75,111.81818181818181,45844,2.4420558730440103,
song,lognormal,holdout,239,0.5,15,4-8,2,7,28.601321856761437,0.8164984484360639,14,,0.920599535697432,0,-1.4250149689429732,77.75,139.87272727272727,45997,0.747574680084387,
song,lognormal,holdout,240,0.5,29,4-8,14,8,75.04577929573182,0.8812087881059278,112,,0.8985305822377305,0,-0.853802559687229,258.5,143.78181818181818,45701,0.6769557766111085,
song,lognormal,holdout,241,0.5,45,2-8,12,4,105.76273972546643,0.4119322939003876,48,,0.92469804269612,0,-1.2014354608513844,99.75,114.4,45784,2.644909793093197,
song,lognormal,holdout,242,0.5,23,2-4,2,3,145.9136152568677,0.5128760130848997,6,,0.9137896600352502,0,-1.3550082774188643,54.625,137.45454545454547,45771,1.243575282182477,
song,lognormal,holdout,243,0.5,45,2-8,12,7,155.34008936121037,0.6610984075011697,84,,0.9372271231381406,0,-1.0148843056484613,173.125,148.76363636363635,45330,1.7055725844720324,
song,lognormal,holdout,244,0.5,26,2-4,3,8,83.9276836095869,0.19938296925019963,24,,0.9026979432808285,0,-1.451796716856395,118.75,250.0909090909091,45642,0.7851437498745906,
song,lognormal,holdout,245,0.5,56,2-4,8,8,108.7742677286299,0.35493176613908123,64,,0.9367707767060205,0,-1.0482196130006987,189.5,193.05454545454546,45709,1.534458680150693,
song,lognormal,holdout,246,0.5,42,1-3,6,3,85.69797375918095,0.14228146863720656,18,,0.9404003720640073,0,-1.0653396084847704,141.625,155.5090909090909,45951,1.6656122402135192,
song,lognormal,holdout,247,0.5,29,1-3,16,4,73.36565072273943,0.8605307656503979,64,,0.9274537937029705,0,-0.914080443748683,304.125,188.43636363636364,45424,0.525602411728744,
song,lognormal,holdout,248,0.5,49,2-4,2,5,118.3100568099688,0.6344564867951394,10,,0.9437081310256563,0,-1.361650393597957,78.5,157.6,45949,0.7642040470701448,
song,lognormal,holdout,249,0.5,41,1-3,16,4,76.75488991161771,0.8514691998902932,64,,0.8804993920438928,0,-0.7773176781763669,140.75,68.72727272727273,45673,2.679568056587831,
song,lognormal,holdout,250,0.5,24,4-8,2,4,30.69806551364394,0.22797485446320725,8,,0.7689029745486002,0,-1.4483861482988725,42.0,172.2,45725,0.529565270480172,
song,lognormal,holdout,251,0.5,55,4-8,6,3,69.27315334439879,0.5355900982714176,18,,0.932552816722954,0,-1.4922519975963486,57.5,114.27272727272727,45956,2.500980722064367,
song,lognormal,holdout,252,0.5,43,1-3,9,5,63.89938518927502,0.5369572399925011,45,,0.943395007484185,0,-1.0007573009738215,275.875,225.27272727272728,45615,0.7682220245958356,
song,lognormal,holdout,253,0.5,19,2-4,16,2,140.68841501988075,0.3960012558274165,32,,0.9344764457967327,0,-1.2326102756354063,70.0,96.94545454545455,45688,2.852845450303698,
song,lognormal,holdout,254,0.5,14,2-4,15,3,32.29902836601627,0.23951616381559163,45,,0.9562981994165833,0,-1.0617738681660476,178.5,157.76363636363635,45697,1.9196558117460847,
song,lognormal,holdout,255,0.5,12,2-4,10,3,21.001026839800836,0.4313360472281402,30,,0.854743054752962,0,-0.8957703859752272,72.25,85.18181818181819,45840,3.4535389751394616,
song,lognormal,holdout,256,0.5,50,4-8,14,8,44.68771029608492,0.19060622985549458,112,,0.938394778438961,0,-0.9747194722602603,124.25,85.0909090909091,45724,3.250545342011147,
song,lognormal,holdout,257,0.5,45,2-8,13,2,137.792141398788,0.7290128864746854,26,,0.9103975203167705,0,-1.2864229742144278,98.5,145.78181818181818,45018,0.832295615149405,
song,lognormal,holdout,258,0.5,58,2-4,7,5,89.34101698590773,0.5629901478453218,35,,0.937870410467787,0,-1.1098925367205317,134.75,147.92727272727274,45503,1.6814020232368836,
song,lognormal,holdout,259,0.5,22,2-8,13,6,64.88813355275462,0.3783024711556741,78,,0.9299294699865693,0,-0.9880458644110557,208.125,167.4181818181818,45811,1.849030489681285,
song,lognormal,holdout,260,0.5,40,1-3,2,8,128.7430808274347,0.9257923796618378,16,,0.7882213092663839,0,-0.7276541201251984,105.25,73.4,46916,1.6870545231407204,
song,lognormal,holdout,261,0.5,52,2-4,11,3,97.28864055085933,0.809682233611633,33,,0.9549856690626207,0,-1.1271263501111743,122.0,152.5818181818182,45870,1.3217112808948908,
song,lognormal,holdout,262,0.5,58,1-3,7,2,102.0367919209135,0.929317106671952,14,,0.8449332514849435,0,-0.8498399604959531,115.0,101.87272727272727,45814,1.149575298601821,
song,lognormal,holdout,263,0.5,50,1-3,13,5,126.13534168652916,0.8293418822381496,65,,0.8606617042699203,0,-0.7563455892958781,124.375,92.76363636363637,46178,3.299938773381506,
song,lognormal,holdout,264,0.5,44,4-8,5,8,44.29449413702852,0.3818748679180265,40,,0.9325410932675586,0,-1.1729192650877855,75.75,95.38181818181818,45691,3.109254290737787,
song,lognormal,holdout,265,0.5,26,2-8,16,2,95.75155325497155,0.38467100795265613,32,,0.8976194070923933,0,-1.1450052833483704,132.125,157.1090909090909,46278,0.41474196581871714,
song,lognormal,holdout,266,0.5,14,1-3,12,3,124.64997387635678,0.45105327533705303,36,,0.9183891619788652,0,-0.9372913823839037,236.125,170.4909090909091,45964,1.2544277470554135,
song,lognormal,holdout,267,0.5,25,2-4,15,4,138.62517621945457,0.3455896391425805,60,,0.9421721209664375,0,-1.0604674635101516,149.375,134.14545454545456,45781,2.2057976111127644,
song,lognormal,holdout,268,0.5,36,1-3,3,3,109.5588106895484,0.48602078350987005,9,,0.9582904714831706,0,-1.309250942906457,109.625,203.03636363636363,45961,0.20705739025626946,
song,lognormal,holdout,269,0.5,41,2-8,6,1,75.03344557198245,0.5551417422965296,6,,0.8009462137054156,0,-2.0743677759656314,22.25,101.30909090909091,45635,2.9870244811001685,
song,lognormal,holdout,270,0.5,24,4-8,9,5,28.127086922056165,0.5317538059291451,45,,0.9528665863131467,0,-1.1498626834494716,140.625,167.38181818181818,45643,1.9096396496885923,
song,lognormal,holdout,271,0.5,36,1-3,15,4,114.24543529396477,0.3664098149590929,60,,0.9435995813357392,0,-0.9429166616882646,353.375,225.98181818181817,45841,0.6634656790504566,
song,lognormal,holdout,272,0.5,15,2-8,15,3,118.49755076854193,0.2945076547399241,45,,0.9472798886529932,0,-1.1961171623836773,106.5,160.76363636363635,45636,2.444078818039578,
song,lognormal,holdout,273,0.5,22,4-8,4,6,124.69653945503913,0.045232663548299905,24,,0.9187619636882506,0,-1.3122206353618941,107.375,185.03636363636363,45995,1.2909491053427828,
song,lognormal,holdout,274,0.5,31,2-8,3,8,138.46150498091077,0.8769821020447064,24,,0.894365955323212,0,-1.3546344087273683,88.625,129.12727272727273,46131,0.22348775965229783,
song,lognormal,holdout,275,0.5,31,2-8,7,8,106.33117102189762,0.20994352141235648,56,,0.9248736355557117,0,-1.0513765079699458,192.875,195.36363636363637,45793,0.9478457183693125,
song,lognormal,holdout,276,0.5,49,1-3,12,8,28.637533705825884,0.04430592435640901,96,,0.936548148409057,0,-1.0269309397253805,350.125,291.54545454545456,45712,1.0224407969170934,
song,lognormal,holdout,277,0.5,19,2-4,14,1,113.88486311551756,0.7730837084404794,14,,0.920676242359615,0,-1.5339665149009338,66.5,163.65454545454546,45697,0.6219163556985763,
song,lognormal,holdout,278,0.5,32,4-8,8,8,96.04075713114896,0.30378499951846116,64,,0.9008266150189084,0,-0.9222114511650222,229.125,167.3272727272727,46057,0.6440101424871565,
song,lognormal,holdout,279,0.5,49,2-8,5,3,100.26375720631043,0.32172477600618443,15,,0.9307331066778141,1,-1.5600336568341702,57.5,73.25454545454545,45688,2.818191122102062,
song,lognormal,holdout,280,0.5,22,2-8,5,4,112.72663781757481,0.48912137163834185,20,,0.9145624293534907,0,-1.2722167631178807,100.875,163.47272727272727,45904,1.1488974086982566,
song,lognormal,holdout,281,0.5,25,2-4,3,4,100.54771452781202,0.38111953125475323,12,,0.9484973796948583,0,-1.3557112813669208,87.75,132.5090909090909,45564,1.1974696598431156,
song,lognormal,holdout,282,0.5,57,1-3,4,1,28.75811162160563,0.13560752971724907,4,,0.8501686252942181,0,-1.010464844225963,57.375,106.6,45494,1.1357544510814852,
song,lognormal,holdout,283,0.5,36,2-8,8,4,21.039814184345918,0.6578939169374016,32,,0.9429341085331111,0,-1.2304490514133257,114.125,141.0909090909091,45613,2.0484860400080867,
song,lognormal,holdout,284,0.5,37,4-8,15,1,117.17054917833529,0.30410724835249514,15,,0.8954045262427119,0,-1.338109198231452,34.375,72.32727272727273,45701,3.4936385592543404,
song,lognormal,holdout,285,0.5,27,2-8,10,7,137.3181031965222,0.4777588717164156,70,,0.9380491149870795,0,-1.0173746328708937,182.875,145.83636363636364,45458,1.5563881751447333,
song,lognormal,holdout,286,0.5,13,1-3,4,3,79.31127882974356,0.4409093642441991,12,,0.8823427586898148,0,-1.0783289167062795,96.625,114.63636363636364,45865,2.3686196950562977,
song,lognormal,holdout,287,0.5,39,4-8,3,7,117.53960091471974,0.5466986006893941,21,,0.9286621988759496,0,-1.3705264678034415,60.25,129.98181818181817,45555,2.6849201687042985,
song,lognormal,holdout,288,0.5,26,1-3,11,2,35.16401463831745,0.21816321912589026,22,,0.923129684019319,0,-1.023833415414491,93.75,82.96363636363637,45615,3.2275165015959146,
song,lognormal,holdout,289,0.5,19,4-8,10,5,28.621370663505342,0.7581620639196753,50,,0.9097666765549529,0,-0.907036429117166,234.75,158.54545454545453,45434,0.42119740277760487,
song,lognormal,holdout,290,0.5,23,2-4,10,2,32.70895434901465,0.5198837692094693,20,,0.9205438798126533,0,-1.3554402970421777,116.375,211.34545454545454,45758,0.2471818946995932,
song,lognormal,holdout,291,0.5,52,2-4,15,1,50.39128270159677,0.7813451628757565,15,,0.9587720392623673,0,-1.30554941733595,75.5,152.0,45896,1.325903057491475,
song,lognormal,holdout,292,0.5,43,1-3,3,1,117.82076544738874,0.4782292814260732,3,,0.7174259059851521,1,-0.4875787985593556,44.25,9.854545454545455,45899,1.9835222248348063,
song,lognormal,holdout,293,0.5,39,2-8,14,1,93.02219361053668,0.007925286209670762,14,,0.9444901684838878,0,-1.4469648858048292,50.125,93.94545454545455,46021,1.8902496140261906,
song,lognormal,holdout,294,0.5,58,2-4,12,3,32.36319736788223,0.6373868050802635,36,,0.9337445743942998,0,-1.1498246387182451,95.625,116.43636363636364,45712,2.6077580009941013,
song,lognormal,holdout,295,0.5,58,2-8,5,3,27.209376210324393,0.8850987631725651,15,,0.8318906522972551,0,-0.8754704532645672,47.625,45.61818181818182,45791,3.219434993272024,
song,lognormal,holdout,296,0.5,48,2-8,15,2,70.34744897187525,0.6556930395686836,30,,0.9485634384553817,0,-1.1999341525111433,98.75,128.3090909090909,45778,1.852275466603497,
song,lognormal,holdout,297,0.5,59,2-4,2,6,38.261568271855516,0.8736787836256275,12,,0.924354356811506,0,-1.1129909192240355,77.75,113.96363636363637,45499,1.8554661852449779,
song,lognormal,holdout,298,0.5,33,2-8,5,6,123.50758267627906,0.5264612026405157,30,,0.891219099539817,0,-1.181898773857215,128.25,181.01818181818183,45809,0.8155026129482441,
song,lognormal,holdout,299,0.5,36,1-3,15,7,97.0823775549582,0.5582381644906435,105,,0.9223141587646413,0,-0.8822522616131401,207.375,129.54545454545453,45679,3.2291249305591516,
song,lognormal,holdout,300,0.5,15,4-8,3,3,59.477504346918856,0.339141777124556,9,,0.8888965595275404,0,-1.4733177608596135,47.75,178.43636363636364,45779,1.2361542525693021,
song,lognormal,holdout,301,0.5,25,1-3,3,6,95.54353041161087,0.24614876428087992,18,,0.954399864576122,0,-1.1110968109679669,150.375,161.52727272727273,45725,1.864352313367834,
song,lognormal,holdout,302,0.5,13,2-4,5,2,72.96611545441839,0.610145088312678,10,,0.9398351397684102,0,-1.4472433742589115,75.5,163.29090909090908,45692,1.2176311705345146,
song,lognormal,holdout,303,0.5,35,2-8,7,5,124.72295538434227,0.5782083471921396,35,,0.9273355167531412,0,-1.159866495787897,121.75,165.29090909090908,46118,1.2018849403064966,
song,lognormal,holdout,304,0.5,38,2-4,16,2,150.07115835711286,0.8746654756109546,32,,0.8429166028496919,0,-0.8686332554407384,75.625,38.654545454545456,45771,3.2919459303604865,
song,lognormal,holdout,305,0.5,14,2-4,5,3,58.728584347395554,0.34943757814721765,15,,0.9488356760783971,0,-1.2233448921949068,96.75,161.36363636363637,45585,1.6865446713826218,
song,lognormal,holdout,306,0.5,40,2-8,10,7,40.629726563173115,0.14087102645996374,70,,0.9373753632592322,0,-0.9763109072485797,130.125,89.30909090909091,46319,2.877619676154484,
song,lognormal,holdout,307,0.5,25,2-4,10,3,81.31250501489495,0.8479274488344923,30,,0.9507952998032911,0,-1.2096230904516596,130.375,148.83636363636364,45671,1.070769628416844,
song,lognormal,holdout,308,0.5,41,1-3,9,6,58.098084335493716,0.867093909611004,54,,0.9093214001523425,0,-0.819213680460442,188.625,115.69090909090909,45568,2.1322595922685035,
song,lognormal,holdout,309,0.5,57,4-8,4,2,138.48354992118882,0.19964651406954018,8,,0.9360767172383305,1,-1.6885619457724788,35.5,83.07272727272728,45736,2.383051654039159,
song,lognormal,holdout,310,0.5,54,1-3,8,2,76.01640229141981,0.8185269015685238,16,,0.8774638884129313,0,-0.7503696339704492,118.375,49.50909090909091,45754,2.110015375163265,
song,lognormal,holdout,311,0.5,47,1-3,5,7,13.159833378875677,0.8104441558960982,35,,0.9428980737763771,0,-1.1356407396827175,176.25,203.3272727272727,45654,1.7971518599596625,
song,lognormal,holdout,312,0.5,51,4-8,10,1,148.97566519911143,0.40775732594553293,10,,0.9150473862912396,0,-1.5325516070445309,38.75,80.96363636363637,45769,1.2586203402975622,
song,lognormal,holdout,313,0.5,38,4-8,8,1,20.473441801648384,0.04685744513016535,8,,0.8615154388100913,0,-1.4134324242412428,35.75,122.89090909090909,45962,1.2793777863122135,
song,lognormal,holdout,314,0.5,19,2-4,11,2,104.33674154430915,0.7462811176363827,22,,0.9307254512878412,0,-1.272095947236042,120.5,160.8181818181818,45482,0.716235379716095,
song,lognormal,holdout,315,0.5,38,2-4,6,7,25.013295889535353,0.26237516279170753,42,,0.9484906016873096,0,-1.3300238482853926,121.5,214.03636363636363,45620,1.8206739280849538,
song,lognormal,holdout,316,0.5,24,4-8,2,5,143.39999627046504,0.13955311024244188,10,,0.8233375998107026,0,-1.9003099217379615,27.75,107.32727272727273,45737,3.1137396982281347,
song,lognormal,holdout,317,0.5,25,2-4,10,8,79.37415632370326,0.4928811404955931,80,,0.9388993106494219,0,-1.0475131472168704,162.0,144.85454545454544,45849,2.5908473811250152,
song,lognormal,holdout,318,0.5,24,1-3,5,5,46.341411260041085,0.3609168920414154,25,,0.9524693269991716,0,-1.1128200315349375,154.25,195.6727272727273,45978,2.4195285847642287,
song,lognormal,holdout,319,0.5,42,2-8,6,3,98.03254147603299,0.18989734236103697,18,,0.8429476959420159,0,-1.306430742701533,68.375,201.87272727272727,45935,0.6305232740649681,
song,lognormal,holdout,320,0.5,49,1-3,2,3,41.81399666680241,0.617550113702705,6,,0.8804371609662394,1,-0.9834026233903804,64.25,56.38181818181818,45733,2.6291795551603614,
song,lognormal,holdout,321,0.5,17,4-8,16,4,20.76759166323718,0.6479475579548841,64,,0.9507718374294776,0,-1.1969287408591271,128.625,131.6727272727273,45986,2.6905890778053627,
song,lognormal,holdout,322,0.5,52,1-3,9,4,68.8089357384261,0.8321853515900677,36,,0.900709460338003,0,-0.8766083989245836,155.375,102.01818181818182,45945,1.9695477470919867,
song,lognormal,holdout,323,0.5,24,4-8,16,4,74.22288455994027,0.4155140291147445,64,,0.9325313889547187,0,-0.951137658006106,193.375,149.43636363636364,45629,1.4992960508915423,
song,lognormal,holdout,324,0.5,13,4-8,5,8,116.65964108124876,0.06965103227071709,40,,0.9281390109289697,0,-0.907510707740051,264.875,157.8,45764,0.43753865749391296,
song,lognormal,holdout,325,0.5,12,2-4,2,3,108.95795445803779,0.35268286761080947,6,,0.929329999534177,0,-1.5640966088893564,61.125,110.61818181818182,45767,2.2628452888980637,
song,lognormal,holdout,326,0.5,52,1-3,15,3,48.12839576096778,0.6821867178828543,45,,0.9290562509770488,0,-0.8970438485547829,156.125,104.2909090909091,45807,2.414428434873933,
song,lognormal,holdout,327,0.5,26,2-4,7,1,128.52048887793717,0.8287042055754438,7,,0.8377320398575634,0,-1.152184004263252,41.75,69.10909090909091,45736,2.740190065919886,
song,lognormal,holdout,328,0.5,40,1-3,3,8,141.95564295966662,0.7418217996013823,24,,0.944764016782981,0,-1.042291690958693,181.125,175.45454545454547,45530,0.45225393467188246,
song,lognormal,holdout,329,0.5,34,2-4,10,7,68.75818605900588,0.1684888674962214,70,,0.8897336665584696,0,-1.0935444913506176,221.25,256.05454545454546,45878,0.46070459132655256,
song,lognormal,holdout,330,0.5,36,1-3,10,2,116.44991009791687,0.001051543013671985,20,,0.8073504438136963,0,-0.8340715809428869,101.25,80.87272727272727,45743,2.647431760499178,
song,lognormal,holdout,331,0.5,22,4-8,16,6,41.64021018061062,0.9360912031704517,96,,0.8890074310100593,0,-0.7869986666122778,311.375,160.83636363636364,45374,0.2236617122109563,
song,lognormal,holdout,332,0.5,28,4-8,4,3,107.9277594303058,0.45320144652418337,12,,0.8419169872852797,0,-1.470840782641502,55.625,175.29090909090908,45915,0.40997306687342927,
song,lognormal,holdout,333,0.5,18,1-3,8,1,143.36990569821094,0.05395817417479808,8,,0.8286818743877333,0,-0.9363001810128422,56.625,65.10909090909091,46021,1.9991667032391645,
song,lognormal,holdout,334,0.5,24,1-3,12,1,9.592556266313993,0.06327307199833522,12,,0.9332055187494778,0,-1.2248069127566787,114.875,139.45454545454547,45683,1.9598787236625617,
song,lognormal,holdout,335,0.5,27,2-8,11,4,121.2820559873556,0.06451923823679558,44,,0.943647540061709,0,-1.139390699541405,132.25,125.2,45860,2.013018788879978,
song,lognormal,holdout,336,0.5,57,1-3,16,4,36.12922375765645,0.054552302840366385,64,,0.9288436666570437,0,-1.0853629695497937,316.5,302.72727272727275,45861,0.44021677752714944,
song,lognormal,holdout,337,0.5,36,4-8,12,5,115.36826820117145,0.5622395680556734,60,,0.9038619914385976,0,-1.0087100360257568,75.75,86.50909090909092,45686,2.62102280472374,
song,lognormal,holdout,338,0.5,32,4-8,14,7,104.6076428530002,0.4637773910197633,98,,0.9228981576826765,0,-0.9504803543086792,146.375,161.87272727272727,45796,2.293802298054802,
song,lognormal,holdout,339,0.5,13,2-8,16,1,149.84808252460488,0.0576212196972464,16,,0.9302118074384882,0,-1.5919554498393818,50.625,102.18181818181819,45798,1.589480685398714,
song,lognormal,holdout,340,0.5,28,4-8,6,7,32.97010375116365,0.04072282300214514,42,,0.9295313847577129,0,-1.0124872837257457,128.125,131.3090909090909,45714,1.8352319411775762,
song,lognormal,holdout,341,0.5,30,2-8,3,6,96.98485646295786,0.6365461197363442,18,,0.9380113080020529,0,-1.2805772829047013,67.375,101.47272727272727,45329,3.106925915880052,
song,lognormal,holdout,342,0.5,40,2-4,12,1,136.69887386041617,0.6255112477783085,12,,0.9059622511260352,0,-1.3870061574920403,62.5,102.63636363636364,45691,1.077303506049505,
song,lognormal,holdout,343,0.5,28,4-8,3,4,52.95714445389714,0.5738759323163078,12,,0.8901844524985469,0,-1.4735520717613328,61.625,135.07272727272726,45847,1.2038568674459071,
song,lognormal,holdout,344,0.5,12,2-4,16,8,105.89703282100606,0.7453410723697639,128,,0.9348607637154907,0,-0.9379427510799172,238.125,142.2,45799,2.145779270540644,
song,lognormal,holdout,345,0.5,31,4-8,10,6,130.968773824808,0.4525426672251079,60,,0.923962427428286,0,-1.0748776501282575,146.875,131.23636363636365,45492,1.7424118580480965,
song,lognormal,holdout,346,0.5,37,1-3,9,7,96.46670480045633,0.9204767395439419,63,,0.9269389136722561,0,-1.0396592282741808,194.5,142.45454545454547,45629,1.543676186831995,
song,lognormal,holdout,347,0.5,24,2-4,12,3,102.26073026033755,0.9366996584255511,36,,0.9421790228309075,0,-1.2210566365814328,130.0,142.61818181818182,45562,1.2125908795846838,
song,lognormal,holdout,348,0.5,31,1-3,8,8,52.38270089878275,0.657393957036219,64,,0.8935652268873389,0,-0.8312674795447733,138.25,88.43636363636364,45718,3.1219361911659993,
song,lognormal,holdout,349,0.5,56,2-4,13,1,145.02888571752774,0.7000558588653919,13,,0.874496998133064,0,-1.0442922146976437,54.375,64.56363636363636,45884,1.7731413582128832,
song,lognormal,holdout,350,0.5,37,1-3,13,2,152.92472106309606,0.32075714265266814,26,,0.9557313505203329,0,-1.1059786383926495,197.75,187.63636363636363,45835,0.7057797452457464,
song,lognormal,holdout,351,0.5,19,1-3,12,5,57.19142500466316,0.44688193294065814,60,,0.9113907767420077,0,-0.9023017746477474,251.0,165.92727272727274,45645,1.5534770860985059,
song,lognormal,holdout,352,0.5,33,4-8,12,3,8.861182294863845,0.7070235276500366,36,,0.930725856499727,0,-1.2032075798496127,129.125,197.03636363636363,45980,1.3173439630902095,
song,lognormal,holdout,353,0.5,23,2-8,10,6,99.37651366574079,0.2155857203341178,60,,0.9437400546132584,0,-1.0974000942704336,152.875,147.47272727272727,46217,2.08981367349147,
song,lognormal,holdout,354,0.5,31,2-8,14,6,33.005923478627395,0.4124131162959213,84,,0.920369258599262,0,-1.103867589723069,90.5,127.85454545454546,45567,3.0957082622324257,
song,lognormal,holdout,355,0.5,15,1-3,8,7,26.146484584045986,0.8549443039183376,56,,0.9277155889429856,0,-1.0043266310520393,255.625,197.8181818181818,45831,1.1851553655128528,
song,lognormal,holdout,356,0.5,15,4-8,11,6,24.15898577956267,0.19005721977072146,66,,0.9499826676019317,0,-1.1177310589061829,140.0,130.87272727272727,45665,2.0927054134796443,
song,lognormal,holdout,357,0.5,53,2-8,10,3,143.19048420285947,0.27480658988756734,30,,0.9373814374375983,0,-1.2038697432558703,88.5,127.81818181818181,45593,2.0361553561321264,
song,lognormal,holdout,358,0.5,22,2-8,5,1,81.02897063035944,0.34902852931301453,5,,0.8578615327937307,0,-1.4800242393549041,29.5,75.63636363636364,45910,2.4182758734922913,
song,lognormal,holdout,359,0.5,24,4-8,7,5,150.6801907804962,0.21592064209114661,35,,0.9442258647565189,0,-1.4893009047387036,54.875,155.70909090909092,45840,3.028831726252848,
song,lognormal,holdout,360,0.5,36,2-8,9,7,150.3968176393994,0.7397457978171446,63,,0.9228614141783388,0,-1.1131386878991194,112.375,120.96363636363637,44872,1.8615084079087911,
song,lognormal,holdout,361,0.5,29,2-8,12,2,56.06084652500626,0.4623548163778177,24,,0.9275109463052607,0,-1.2569997708762202,68.125,88.8,45719,2.855020458896541,
song,lognormal,holdout,362,0.5,51,2-4,6,6,145.19066882871857,0.5468530690901905,36,,0.9423411309463783,0,-1.1797335907975999,156.25,183.78181818181818,45843,1.3007054041926402,
song,lognormal,holdout,363,0.5,34,2-8,10,5,92.04019076914408,0.3500122511349246,50,,0.8607485437012565,0,-1.0549104966470053,169.25,156.4181818181818,45408,0.2115228693472449,
song,lognormal,holdout,364,0.5,36,2-4,14,8,155.43211317832527,0.4842697964509245,112,,0.9479051416307938,0,-1.0095322223494496,194.875,164.3272727272727,45546,2.50931684891217,
song,lognormal,holdout,365,0.5,17,4-8,12,3,80.97690094270514,0.2020715778292712,36,,0.8731347510799674,0,-1.0156494494215957,156.875,162.0909090909091,45571,0.5842408798836776,
song,lognormal,holdout,366,0.5,12,1-3,12,8,85.20474360209667,0.688397718899248,96,,0.8178172365866749,0,-0.6635573850775061,415.875,143.56363636363636,45802,0.5670536802154016,
song,lognormal,holdout,367,0.5,40,2-4,4,6,68.28877728117183,0.16376603349247487,24,,0.9231834789361664,0,-1.32381296014468,90.75,206.3090909090909,45738,1.5865614127328265,
song,lognormal,holdout,368,0.5,27,1-3,2,3,70.57881634074229,0.6704374875059338,6,,0.8772946911191271,0,-0.9639058637310194,108.25,78.4,45810,1.0634404327481926,
song,lognormal,holdout,369,0.5,35,2-4,11,2,107.24300585969695,0.39488688210314754,22,,0.948164765706484,0,-1.2885695517215778,88.75,133.29090909090908,45732,2.098639714641736,
song,lognormal,holdout,370,0.5,36,1-3,3,1,85.26466718368573,0.8598926581320578,3,,0.7470231406944765,0,-0.6710636782745838,40.25,24.072727272727274,45754,2.650594053383066,
song,lognormal,holdout,371,0.5,25,1-3,8,3,84.67664252716006,0.7328654546722961,24,,0.9321208050309799,0,-0.9811688317785996,170.0,125.01818181818182,45913,1.3559153201628593,
song,lognormal,holdout,372,0.5,26,2-4,5,7,61.01478307434198,0.7356574256452533,35,,0.9367358034017785,0,-1.2189812088497014,138.125,170.98181818181817,45642,1.183221572162931,
song,lognormal,holdout,373,0.5,17,2-8,7,7,61.04281981674668,0.7462307087438428,49,,0.9006532232019578,0,-0.9747808496845207,223.125,145.38181818181818,46077,0.33315317939115185,
song,lognormal,holdout,374,0.5,40,2-8,13,4,141.0613741596819,0.2717451611947008,52,,0.8390092254549466,0,-1.0919181983558535,157.5,191.0909090909091,45924,0.3029177936868901,
song,lognormal,holdout,375,0.5,18,2-8,13,8,74.1119218219501,0.08620629733580636,104,,0.930581890225775,0,-0.8489143230725356,314.875,173.9090909090909,45836,1.4750657221523578,
song,lognormal,holdout,376,0.5,47,2-8,16,4,146.0528269232931,0.6672357931621873,64,,0.9331883001152023,0,-1.0419869984234638,135.625,135.01818181818183,45145,1.889191235621988,
song,lognormal,holdout,377,0.5,27,1-3,15,3,76.04706143407381,0.7349809761288046,45,,0.9301961645954089,0,-0.9196919625136344,168.25,100.50909090909092,45762,2.0852299778881673,
song,lognormal,holdout,378,0.5,60,2-8,14,8,25.60980239580367,0.15957927547978054,112,,0.9346870695736207,0,-0.9637392661169696,224.375,175.14545454545456,45583,1.677006957132412,
song,lognormal,holdout,379,0.5,43,1-3,4,3,60.18670262774983,0.7562610743105713,12,,0.8863771001512353,0,-0.8259238822822255,87.25,57.92727272727273,45378,2.9792360184415325,
song,lognormal,holdout,380,0.5,35,1-3,11,4,129.72336373656333,0.07051593653207668,44,,0.918640264344408,0,-0.9803865812573165,171.25,141.52727272727273,45611,2.5437693693725256,
song,lognormal,holdout,381,0.5,39,4-8,7,6,114.45411231128732,0.4940952920730569,42,,0.8924427813985945,0,-1.0868660127376137,140.875,151.25454545454545,45461,0.5201336321706137,
song,lognormal,holdout,382,0.5,37,2-8,2,1,21.768908320529306,0.3784843090103542,2,,0.8058659051281079,0,-1.3022279750920318,20.125,84.2909090909091,45704,0.45340932188537125,
song,lognormal,holdout,383,0.5,49,1-3,10,5,114.14807602935143,0.9361014022372008,50,,0.8663760123422346,0,-0.7797853963375603,106.375,60.92727272727273,45990,2.4661406233450363,
song,lognormal,holdout,384,0.5,51,2-8,2,1,122.45632323092126,0.2716591373948853,2,,0.7135207315354831,2,-0.7115968027708982,21.0,5.054545454545455,45436,1.2612304493140691,
song,lognormal,holdout,385,0.5,46,1-3,14,4,84.4197429300581,0.3219482447160478,56,,0.908088273449233,0,-0.818077266017583,197.875,117.69090909090909,45880,2.7275582179766937,
song,lognormal,holdout,386,0.5,58,2-8,8,2,141.97464536006188,0.5646835673872738,16,,0.9065667815813749,0,-1.3890741608181902,42.125,114.69090909090909,45442,2.407629439255117,
song,lognormal,holdout,387,0.5,47,1-3,16,2,148.51780037221627,0.29294027435103037,32,,0.9337319638550143,0,-1.0049824608921503,245.75,198.3272727272727,45770,0.2333304063480847,
song,lognormal,holdout,388,0.5,41,4-8,15,5,50.94165038399936,0.5317044370038985,75,,0.9340560541756051,0,-0.9714261557451912,179.0,154.0909090909091,45965,1.7463179910792972,
song,lognormal,holdout,389,0.5,21,2-4,10,2,152.08454208593565,0.6405533865066542,20,,0.9171286825957667,0,-1.4151837434714316,59.75,137.36363636363637,45866,2.4114440846118956,
song,lognormal,holdout,390,0.5,36,2-8,16,2,145.8742075350851,0.06276993450705255,32,,0.9302453908301356,0,-1.2859261754736377,59.875,119.2,45935,2.8720781840479783,
song,lognormal,holdout,391,0.5,12,2-8,14,2,139.1484555956736,0.4625523725489611,28,,0.946995974943816,0,-1.3035106016886229,99.125,141.0909090909091,45549,1.507182114232794,
song,lognormal,holdout,392,0.5,23,2-8,3,2,81.56807932309309,0.4422006404744787,6,,0.8951978193127623,0,-1.5520194668722669,40.125,129.63636363636363,45829,1.120177893644354,
song,lognormal,holdout,393,0.5,27,2-8,13,8,117.4023013629646,0.4188573962223587,104,,0.9221497635520608,0,-0.8249327159540619,310.875,164.16363636363636,46491,1.0580541340376757,
song,lognormal,holdout,394,0.5,50,2-4,5,1,13.844785704278298,0.8722993370579399,5,,0.908262615719925,0,-1.3910366461318087,29.0,100.89090909090909,45874,2.8301481707385814,
song,lognormal,holdout,395,0.5,38,1-3,3,7,93.82012185810191,0.17245482693596192,21,,0.8167434327512777,0,-0.6926392537174382,91.25,60.09090909090909,45790,2.7795808272240135,
song,lognormal,holdout,396,0.5,56,2-8,6,2,27.643031218960758,0.709504717961616,12,,0.9329704200635249,0,-1.5007859802901016,52.5,139.54545454545453,45432,1.7810776081602246,
song,lognormal,holdout,397,0.5,30,1-3,11,8,157.62172377415155,0.646774708851289,88,,0.9293908222542928,0,-0.912346473019135,321.25,201.0,45664,0.9439082939350085,
song,lognormal,holdout,398,0.5,43,2-8,13,1,20.36806488283922,0.740827977523113,13,,0.8798143923549973,0,-1.3843517073427893,52.375,164.83636363636364,45942,0.9611140397310549,
song,lognormal,holdout,399,0.5,60,2-8,13,1,91.71402761579091,0.05070225646746781,13,,0.8608179508834545,0,-1.3786411036681896,36.25,83.36363636363636,45750,3.273488723289617,
song,lognormal,holdout,400,0.5,53,2-4,10,2,131.16896884903016,0.7674307526327104,20,,0.8904844742702942,0,-1.053379619578644,55.0,60.69090909090909,45713,3.118777701348572,
song,lognormal,holdout,401,0.5,15,2-8,13,6,33.10784594900508,0.6356993418960246,78,,0.9490072673930596,0,-1.036638992221008,225.125,151.3090909090909,45356,1.9732314719457311,
song,lognormal,holdout,402,0.5,41,2-4,9,6,23.17206587510134,0.9284211676308244,54,,0.9223520044358107,0,-1.0200095403175675,99.125,66.12727272727273,45762,3.2952332713680916,
song,lognormal,holdout,403,0.5,57,2-4,5,7,42.67387857340174,0.32955090568022577,35,,0.9245851372450167,0,-1.3062666772933098,132.25,243.47272727272727,45778,1.1916065627441723,
song,lognormal,holdout,404,0.5,54,4-8,6,7,33.071680559348785,0.6740351302686609,42,,0.8948855854063154,0,-1.0506523546885738,129.125,170.14545454545456,45370,1.235533472674867,
song,lognormal,holdout,405,0.5,30,2-4,5,2,52.79134808161096,0.05818178275965838,10,,0.9295395322796469,0,-1.4961205945550033,56.625,155.4,45872,1.195564814022229,
song,lognormal,holdout,406,0.5,21,2-4,2,1,30.93810990064,0.15893144512331264,2,,0.8621434265650968,1,-1.0838400486282231,30.5,34.30909090909091,45799,1.3622524149054818,
song,lognormal,holdout,407,0.5,41,4-8,4,4,101.85452667390621,0.16455948922588887,16,,0.9191016113223269,0,-1.2972935272392179,62.25,111.92727272727272,45606,1.8789058893700075,
song,lognormal,holdout,408,0.5,20,2-8,2,1,16.5751343745712,0.3002711408807314,2,,0.8242034732102465,1,-1.2444655163189462,20.25,24.636363636363637,45575,3.193227729844652,
song,lognormal,holdout,409,0.5,51,4-8,8,4,93.97199256741682,0.8858891909233025,32,,0.9155962175271729,0,-1.1767510874772953,72.375,87.69090909090909,45596,2.1219066600670535,
song,lognormal,holdout,410,0.5,28,2-4,15,8,25.977993764725767,0.5215411751451146,120,,0.9175970857575828,0,-1.025191137722249,146.5,134.96363636363637,45924,2.701525186952331,
song,lognormal,holdout,411,0.5,58,2-4,13,6,107.03415385437333,0.9132975843801853,78,,0.9329738478078495,0,-1.0453143055600878,192.75,149.38181818181818,46152,1.3120085234665588,
song,lognormal,holdout,412,0.5,32,4-8,4,7,13.82359436742291,0.8471884377012316,28,,0.929586143744953,0,-1.376383163049338,53.625,129.1090909090909,45678,3.461855424156257,
song,lognormal,holdout,413,0.5,58,1-3,9,4,61.92645300251327,0.8408399884957048,36,,0.9234286972777316,0,-0.9186903190556734,169.5,134.72727272727272,45768,1.4877868104603338,
song,lognormal,holdout,414,0.5,12,2-8,12,4,64.92306805813459,0.5959393283842752,48,,0.9337776433991503,0,-1.2042371485420829,82.875,102.10909090909091,45692,2.821937227142047,
song,lognormal,holdout,415,0.5,44,4-8,14,1,19.897686261269747,0.8372452341394702,14,,0.9308276040785495,0,-1.2955068876461557,57.625,127.27272727272727,45756,2.672224688323981,
song,lognormal,holdout,416,0.5,28,2-8,12,6,113.94833376111029,0.7074169961350598,72,,0.9293777662320066,0,-1.0393339222119775,167.0,148.12727272727273,45423,1.6004007981273858,
song,lognormal,holdout,417,0.5,17,2-8,8,3,119.42359765309352,0.864299549476791,24,,0.9236905224290636,0,-1.277749526135762,97.5,125.18181818181819,45132,0.5291536909153738,
song,lognormal,holdout,418,0.5,15,4-8,13,3,115.58210686976277,0.7789412624307601,39,,0.9454318662516291,0,-1.219444849987949,117.375,122.7090909090909,45300,1.524176230071642,
song,lognormal,holdout,419,0.5,38,2-8,8,1,99.46797056700699,0.09497318718719597,8,,0.9458948316042852,0,-1.6613668411167768,34.625,117.54545454545455,45977,1.7324377435514993,
song,lognormal,holdout,420,0.5,54,2-4,8,6,61.75812202080296,0.5231974798127079,48,,0.874718059090438,0,-1.1782731539651243,167.375,231.70909090909092,45904,0.25762593120604826,
song,lognormal,holdout,421,0.5,50,1-3,10,5,84.68145473918185,0.5987938956695802,50,,0.9170553672051069,0,-0.8470443017806246,188.5,113.8,45936,2.0785302634412406,
song,lognormal,holdout,422,0.5,21,1-3,10,6,81.548518976918,0.08759580873618053,60,,0.9167629778313023,0,-0.9334320447038926,187.625,146.5090909090909,45912,2.046524756710105,
song,lognormal,holdout,423,0.5,15,4-8,15,6,13.506286523266454,0.87367297778381,90,,0.926722135929726,0,-0.7923029098810641,352.5,166.0,45838,1.150107959546248,
song,lognormal,holdout,424,0.5,56,1-3,6,5,82.95857170588503,0.4792908525607327,30,,0.9022885146830028,0,-0.8530109291373797,125.5,85.03636363636363,45846,2.9533927252431456,
song,lognormal,holdout,425,0.5,14,2-4,5,6,14.898142751117419,0.25335608132793236,30,,0.9399183448249221,0,-1.2312918081147342,148.375,224.56363636363636,45693,1.920002287551013,
song,lognormal,holdout,426,0.5,19,4-8,6,1,144.1648048484921,0.47786224370814867,6,,0.8543809218134023,0,-1.765514022364768,22.5,150.0909090909091,45989,1.037625466611888,
song,lognormal,holdout,427,0.5,16,1-3,10,8,142.45130491409952,0.8897566229745991,80,,0.8616096373120093,0,-0.8701804374861316,231.875,125.49090909090908,45593,1.1856223427051134,
song,lognormal,holdout,428,0.5,60,1-3,6,5,158.62937327018238,0.8599189175216341,30,,0.8087355127701551,0,-0.5906609191095137,113.875,50.32727272727273,46058,2.79211270705804,
song,lognormal,holdout,429,0.5,44,1-3,7,5,134.54840789266075,0.8203225229026657,35,,0.9266541683909391,0,-0.941360833080549,208.125,145.4909090909091,46090,1.0034188352285538,
song,lognormal,holdout,430,0.5,58,2-8,3,2,44.15413404610258,0.40600673637050255,6,,0.9300154305852721,0,-1.289635064264097,53.375,77.8,45853,1.0525993284617947,
song,lognormal,holdout,431,0.5,42,2-8,12,7,99.82827194372646,0.8592052991671786,84,,0.9216974443077458,0,-1.0979064433047712,83.375,94.74545454545455,45842,3.201119280369819,
song,lognormal,holdout,432,0.5,34,4-8,7,1,146.06677348007952,0.15528226406811074,7,,0.8316406057580383,0,-1.937963259697215,26.5,145.83636363636364,46102,0.2622515371375994,
song,lognormal,holdout,433,0.5,53,2-4,12,6,151.28802257302618,0.449187442606733,72,,0.9420199080744589,0,-1.0826048547126383,225.875,210.65454545454546,45760,1.077174634148506,
song,lognormal,holdout,434,0.5,42,2-4,8,5,131.1190933493325,0.6411837469623765,40,,0.9420830502200279,0,-1.1633401774554892,160.625,183.83636363636364,45570,1.1081816203342059,
song,lognormal,holdout,435,0.5,35,2-8,16,2,26.057421024453678,0.23460201096037633,32,,0.8645245368315349,0,-1.1530254537319105,129.375,187.70909090909092,45735,0.477208783666847,
song,lognormal,holdout,436,0.5,45,2-8,4,1,39.36231958644028,0.2790018238996534,4,,0.8689565317135151,0,-1.3858934315553375,29.875,67.2,45673,2.2148711742405958,
song,lognormal,holdout,437,0.5,33,2-4,16,7,25.760543049939187,0.4719941061620567,112,,0.9327820377250702,0,-0.9573524116331682,327.75,232.4181818181818,45528,1.0016349713670936,
song,lognormal,holdout,438,0.5,16,2-8,8,3,65.11858058855302,0.8566908229114956,24,,0.9021171170744245,0,-1.263120503463806,115.625,139.52727272727273,46063,0.3194206149236834,
song,lognormal,holdout,439,0.5,51,1-3,7,5,83.8836556779434,0.6189219310266834,35,,0.9484754626077679,0,-0.9989682500275007,253.75,209.6,45738,0.5444469076444318,
song,lognormal,holdout,440,0.5,40,2-8,8,3,135.37741010699233,0.786779687332563,24,,0.8911653306894944,0,-1.3292015069674599,96.875,143.96363636363637,45843,0.2764477344220841,
song,lognormal,holdout,441,0.5,33,1-3,4,5,52.79782416137172,0.6704060568309632,20,,0.9446382490763339,0,-1.0183872110467962,156.75,148.78181818181818,45845,1.4298249919325152,
song,lognormal,holdout,442,0.5,25,4-8,15,5,113.84468983508152,0.10791474048591762,75,,0.9392093633768297,0,-0.9743177806424516,214.125,159.9090909090909,45825,1.4694815520999085,
song,lognormal,holdout,443,0.5,27,2-4,16,4,122.95387238796074,0.41581320948977396,64,,0.941539970934574,0,-0.9425948298935247,188.0,124.94545454545455,45646,2.1368773300483754,
song,lognormal,holdout,444,0.5,56,4-8,14,1,112.35437834753455,0.5258677022162382,14,,0.9022034516441741,0,-1.3990020614067094,50.875,116.65454545454546,45912,1.2782104150428217,
song,lognormal,holdout,445,0.5,36,4-8,6,8,155.9106070923294,0.5412276741814633,48,,0.9191716745359471,0,-1.1344707762640676,136.125,144.38181818181818,45903,1.589971275840251,
song,lognormal,holdout,446,0.5,12,2-4,14,8,148.76815503353114,0.776387426876074,112,,0.946868804370945,0,-1.082398568482012,160.75,138.29090909090908,45936,2.29726702531267,
song,lognormal,holdout,447,0.5,30,4-8,16,2,87.37269569064806,0.5810953909237087,32,,0.8987348379356368,0,-1.1830769662103375,111.0,142.6909090909091,45889,1.0414996268490713,
song,lognormal,holdout,448,0.5,14,4-8,9,4,53.73780492913881,0.11671849091898737,36,,0.8973435394358207,0,-1.3251076280434009,83.75,145.5090909090909,45711,2.6337370046572306,
song,lognormal,holdout,449,0.5,50,1-3,8,8,105.42215475454404,0.5738137409951186,64,,0.9040563387761833,0,-0.8310921815263146,156.625,91.16363636363636,45566,3.1877586717377135,
song,lognormal,holdout,450,0.5,49,2-8,5,4,56.175723799789566,0.08960621018913952,20,,0.941802908803401,0,-1.2579059145706188,72.0,95.23636363636363,45850,2.6202417404809646,
song,lognormal,holdout,451,0.5,52,4-8,8,8,45.930737279104136,0.02876640811775778,64,,0.927200164705598,0,-1.1246419771853908,114.625,142.6909090909091,45814,2.7926946676768116,
song,lognormal,holdout,452,0.5,32,2-8,11,8,126.10009015878134,0.8763170698325647,88,,0.9364509606199567,0,-1.323583058302992,71.375,126.65454545454546,45772,3.4609262536758725,
song,lognormal,holdout,453,0.5,57,2-4,4,8,153.8591725187963,0.00942121340833466,32,,0.8467084279803924,0,-1.4160481928403381,96.375,264.2181818181818,45749,0.8539671090824541,
song,lognormal,holdout,454,0.5,49,2-4,14,6,112.92119629064453,0.816526930120948,84,,0.9240653702046375,0,-1.0320727958208327,140.625,136.5818181818182,45731,2.4869259811103612,
song,lognormal,holdout,455,0.5,32,4-8,15,5,76.44537391599374,0.8945006650553823,75,,0.9128421031705908,0,-1.1536459841941262,91.0,102.30909090909091,45748,2.9422866334950895,
song,lognormal,holdout,456,0.5,57,2-4,7,2,154.8687717313407,0.3750522879634728,14,,0.8493282407240728,0,-1.1149111159293197,64.0,109.01818181818182,45487,2.9833029966542104,
song,lognormal,holdout,457,0.5,49,1-3,10,2,91.75074143671496,0.35023528612465804,20,,0.9335580632252388,0,-0.9802479950658798,168.5,146.01818181818183,45667,1.2694568188832507,
song,lognormal,holdout,458,0.5,30,1-3,12,7,29.53762863775226,0.1458405190972116,84,,0.9545927464532488,0,-1.006893750792602,216.625,177.4909090909091,45736,3.287932057635321,
song,lognormal,holdout,459,0.5,48,2-4,13,2,144.52269922976677,0.06848271546792944,26,,0.9424955302697415,0,-1.1766431862124336,89.75,116.54545454545455,45693,2.4687045757290544,
song,lognormal,holdout,460,0.5,29,4-8,11,8,96.64997261064718,0.29811278450394174,88,,0.9367240363774749,1,-1.0803395622241372,87.875,71.85454545454546,45505,3.372654842387829,
song,lognormal,holdout,461,0.5,51,1-3,2,7,152.72355036024948,0.3437289422468636,14,,0.9076326220215685,0,-0.9810011627848356,83.5,74.81818181818181,45883,3.030857020640971,
song,lognormal,holdout,462,0.5,30,1-3,11,3,159.9059183242735,0.7253876333199802,33,,0.9223922112517378,0,-0.9028634154608771,153.25,97.18181818181819,45842,2.206573433287274,
song,lognormal,holdout,463,0.5,47,4-8,2,2,47.84352665997679,0.20105740687934337,4,,0.789994195628493,0,-1.0122663700406975,28.0,33.10909090909091,45619,2.6138243016623854,
song,lognormal,holdout,464,0.5,29,4-8,6,4,15.458829723755503,0.8045205894145407,24,,0.8918206719277308,0,-1.2218128908517567,108.25,142.74545454545455,45438,0.7593541160536164,
song,lognormal,holdout,465,0.5,50,2-4,3,1,69.50167878722314,0.6642261332500435,3,,0.7111421603557757,0,-0.8356063303237391,28.0,39.10909090909091,45806,2.8478972876320103,
song,lognormal,holdout,466,0.5,40,2-4,3,3,149.56482269811397,0.12823351286097712,9,,0.9496662496298187,0,-1.4032953225942655,62.625,160.78181818181818,45503,1.471530904386987,
song,lognormal,holdout,467,0.5,39,1-3,6,6,25.784211132284142,0.18030186532381334,36,,0.9397804005795152,0,-1.1165659175751557,139.125,131.83636363636364,45715,3.1273060936215815,
song,lognormal,holdout,468,0.5,57,4-8,8,6,49.10106155906586,0.21879633194948098,48,,0.8736480308721815,0,-1.0898950003230823,152.875,173.3090909090909,45498,0.8526435349660337,
song,lognormal,holdout,469,0.5,41,2-8,15,2,156.94294587733802,0.6829994680735177,30,,0.8997041056623467,0,-1.1880108011877266,51.875,81.85454545454546,45572,3.026509471874385,
song,lognormal,holdout,470,0.5,34,4-8,3,5,13.713236647667483,0.586450642285792,15,,0.9163637580627844,0,-1.3783689972296775,52.625,177.70909090909092,45755,1.819494166805874,
song,lognormal,holdout,471,0.5,24,1-3,15,7,11.73942396711295,0.011512932150575833,105,,0.9325661543650883,0,-0.9297895644092127,367.625,262.2181818181818,45723,1.7847301357677623,
song,lognormal,holdout,472,0.5,40,1-3,10,1,137.50788308577552,0.17454864857161123,10,,0.8349750178774674,0,-0.8997428474131781,75.75,105.74545454545455,45451,1.3485602180994463,
song,lognormal,holdout,473,0.5,51,2-4,14,1,114.15104193681927,0.23024861564664226,14,,0.9426332669316169,0,-1.3076604148730793,73.75,105.41818181818182,45621,0.9416503100782532,
song,lognormal,holdout,474,0.5,42,4-8,9,3,52.7305640174616,0.43151343952324644,27,,0.8793543233998875,0,-1.2132513140922154,98.25,194.94545454545454,45769,1.0603538804710726,
song,lognormal,holdout,475,0.5,48,2-8,7,1,25.962328939298736,0.6630024145987763,7,,0.9325107671907087,0,-1.2484844866099047,46.625,60.127272727272725,45798,1.3847377825919545,
song,lognormal,holdout,476,0.5,44,4-8,10,8,84.08362805863774,0.18967740646489673,80,,0.9235643583886294,0,-1.0540658460411552,81.75,115.47272727272727,45956,3.4081329900263184,
song,lognormal,holdout,477,0.5,12,2-4,9,5,116.57746548944836,0.23767955665733395,45,,0.9306084410865472,0,-0.9383989357896718,297.75,192.76363636363635,45680,0.44981959558154894,
song,lognormal,holdout,478,0.5,42,2-8,9,6,59.8967352236198,0.5713302296744032,54,,0.9394412944040623,0,-1.1537250468072702,140.5,151.87272727272727,45661,1.9587811655315819,
song,lognormal,holdout,479,0.5,21,1-3,2,1,131.3890961276011,0.6151590024839744,2,,0.6550386506177786,1,-0.6173941520162552,26.5,27.327272727272728,45878,2.583288825469422,
song,lognormal,holdout,480,0.5,32,2-4,2,5,107.10388637069643,0.9406785489879275,10,,0.8857105213847467,0,-1.6319041464309536,48.0,164.05454545454546,45528,1.1648610410750049,
song,lognormal,holdout,481,0.5,52,4-8,2,5,23.308796056583322,0.7552439598002146,10,,0.8829419672042473,0,-1.3281930972884957,53.5,108.16363636363636,45337,1.235551415570573,
song,lognormal,holdout,482,0.5,55,1-3,5,4,61.76354675468249,0.29852062818999603,20,,0.9430119948041391,0,-1.1012124420904346,134.375,105.47272727272727,45963,2.453749179988985,
song,lognormal,holdout,483,0.5,51,1-3,3,5,53.41461818233765,0.7391863134669726,15,,0.8992427718483815,0,-0.7952159702224963,93.25,52.81818181818182,45808,3.1697004977711463,
song,lognormal,holdout,484,0.5,21,2-8,7,4,128.57982285689076,0.0277848907040099,28,,0.9304966825207103,0,-1.1598844477539736,93.5,119.2909090909091,45850,1.8873953946070325,
song,lognormal,holdout,485,0.5,29,4-8,9,6,114.16815500590612,0.2155564011846698,54,,0.9349601081222597,0,-1.0380469455759007,175.125,155.70909090909092,45893,1.399107569527781,
song,lognormal,holdout,486,0.5,57,4-8,9,3,26.715613506209777,0.2933456683932377,27,,0.9260302767172011,0,-1.2374881418393353,88.5,131.25454545454545,45536,1.994604170978964,
song,lognormal,holdout,487,0.5,40,4-8,3,8,143.99445678116385,0.41441705618026164,24,,0.9146622179050479,1,-1.187903884597768,51.25,77.2,45574,3.4779303909817223,
song,lognormal,holdout,488,0.5,51,2-8,5,3,125.0576137578045,0.6350797650039619,15,,0.8446261562694753,0,-1.1136130228629235,51.25,66.81818181818181,45775,3.1449177914946462,
song,lognormal,holdout,489,0.5,36,2-8,10,2,47.02660053342461,0.9180455845675702,20,,0.8898539934415276,0,-1.351778911984698,88.0,161.8,44929,0.7725140905899393,
song,lognormal,holdout,490,0.5,22,2-8,9,5,96.43424129836527,0.648443961196287,45,,0.9087558160771816,0,-1.0299891243119808,189.125,155.72727272727272,45578,0.2976889943843981,
song,lognormal,holdout,491,0.5,35,1-3,3,6,98.29118427733444,0.012443252963801587,18,,0.9464454525262376,0,-1.436319219642931,141.5,306.8727272727273,45572,0.7239092995545844,
song,lognormal,holdout,492,0.5,44,4-8,6,3,127.36481287521109,0.36120734807676275,18,,0.9097770157887234,0,-1.2410628256590142,55.75,89.03636363636363,45562,2.773510838730804,
song,lognormal,holdout,493,0.5,30,1-3,6,4,28.46952377892932,0.34749711292056934,24,,0.8799748061599084,0,-0.987997481897489,132.375,96.36363636363636,45654,2.536387992962019,
song,lognormal,holdout,494,0.5,32,2-8,2,6,71.49830175568863,0.12250003762774234,12,,0.8772384442072227,0,-1.6357676539416843,43.125,190.4,45436,2.100495592110828,
song,lognormal,holdout,495,0.5,41,1-3,12,1,148.29814952654516,0.27371314757752646,12,,0.860904996615645,0,-0.9672166989672244,90.875,63.345454545454544,45822,1.2436866151995083,
song,lognormal,holdout,496,0.5,57,1-3,9,6,66.46213256313536,0.4496351987442444,54,,0.8214212690734144,0,-0.8153713509056635,100.5,84.34545454545454,45705,3.4825302278757007,
song,lognormal,holdout,497,0.5,21,2-4,8,5,140.76214258905583,0.08002749816343639,40,,0.888699868680079,0,-1.0922884405424786,86.625,98.47272727272727,45784,3.4756407020985307,
song,lognormal,holdout,498,0.5,29,4-8,16,8,149.12386018402324,0.41627377961398554,128,,0.9593803938257216,0,-1.0988254214344502,115.0,120.94545454545455,46237,2.847970807123401,
song,lognormal,holdout,499,0.5,12,4-8,10,1,93.51111869711984,0.9134780995915669,10,,0.9083173116077023,0,-1.5909187586839737,38.0,155.94545454545454,45619,1.4994561554297916,
song,geometric,holdout,0,0.5,16,1-3,13,5,78.8761507948599,0.05000889432561965,65,,0.9426897361079639,0,-1.0056121898298236,268.5,226.98181818181817,45787,,0.0036184386225312174
song,geometric,holdout,1,0.5,23,2-4,14,2,110.08695748332006,0.3306310719618721,28,,0.9496690840149898,0,-1.2884091395438997,132.0,207.5090909090909,45962,,0.06907101820359605
song,geometric,holdout,2,0.5,59,4-8,4,3,107.44659588017733,0.4259564328008279,12,,0.9504006776310927,0,-1.38569613908347,57.0,81.32727272727273,45357,,0.0012342958055768696
song,geometric,holdout,3,0.5,21,2-4,11,4,48.511692497725505,0.6523843761989222,44,,0.9379043741247136,0,-1.02049214309047,234.25,181.94545454545454,45658,,0.34007742893420406
song,geometric,holdout,4,0.5,53,1-3,3,6,156.47751136751845,0.23384499334356046,18,,0.9527599101128398,0,-1.253593725245639,181.75,253.01818181818183,45685,,0.17370228132875418
song,geometric,holdout,5,0.5,20,1-3,15,8,119.09527761182846,0.9120791012280657,120,,0.8643544741083526,0,-0.8461554822862756,291.625,142.27272727272728,46143,,0.01769381527661605
song,geometric,holdout,6,0.5,14,1-3,4,8,127.02162089107748,0.663425935931164,32,,0.9213022364389283,0,-1.0423568383228732,201.5,200.72727272727272,45925,,0.007229096794782017
song,geometric,holdout,7,0.5,23,1-3,4,3,154.47984404897434,0.07415189596685727,12,,0.94583274046048,0,-1.3441515201090948,113.875,228.0,45800,,0.04033175940843767
song,geometric,holdout,8,0.5,56,1-3,14,8,111.6074250072433,0.8577107263211362,112,,0.9295671969198326,0,-0.8949910974722907,278.25,166.98181818181817,45650,,0.00274807259343733
song,geometric,holdout,9,0.5,40,1-3,5,7,116.67892780627143,0.8819231002495767,35,,0.898826041417705,0,-0.9529168141961583,162.0,136.5090909090909,45326,,0.003599328290598724
song,geometric,holdout,10,0.5,26,2-4,16,8,28.608811508116634,0.5342854773856961,128,,0.9308512306967658,0,-0.9279262747998405,345.875,224.36363636363637,45801,,0.0034012785709358877
song,geometric,holdout,11,0.5,45,2-8,11,5,14.405476092929334,0.6834395822126963,55,,0.8718917907590615,0,-1.1557267940039702,161.25,217.83636363636364,45788,,0.06644122192760732
song,geometric,holdout,12,0.5,18,2-8,9,8,19.877829883606644,0.9145899778402438,72,,0.9114454813531642,0,-0.8609265157219612,312.625,165.3272727272727,45903,,0.2810419147692588
song,geometric,holdout,13,0.5,50,2-8,10,4,86.65893541231692,0.8948094245526885,40,,0.9310077469412308,0,-1.2162698908228697,113.25,134.8909090909091,45232,,0.006058787288762406
song,geometric,holdout,14,0.5,51,1-3,16,1,48.365668684686604,0.23135785002557052,16,,0.9281708350102404,0,-0.9751705406652628,131.375,100.2,45695,,0.012525260743345633
song,geometric,holdout,15,0.5,41,2-4,16,7,17.521644739191505,0.5365658469558074,112,,0.9271896044792626,0,-1.193496768611669,216.75,273.3454545454546,45648,,0.0019014013635381107
song,geometric,holdout,16,0.5,29,1-3,9,6,118.38346804543107,0.011715062240838951,54,,0.937976435309313,0,-1.1023663178639773,264.5,275.56363636363636,45577,,0.06550828561258747
song,geometric,holdout,17,0.5,20,2-4,14,1,146.33660650000323,0.777765242375823,14,,0.9222679493736239,0,-1.4511543212858262,58.875,114.65454545454546,45664,,0.008905906884094504
song,geometric,holdout,18,0.5,15,1-3,12,1,53.760941349325925,0.49128290293573845,12,,0.9143779496335611,0,-1.1665422769426346,103.625,146.36363636363637,45879,,0.15992291432185485
song,geometric,holdout,19,0.5,21,2-8,8,4,94.22250502670414,0.5357996382666669,32,,0.9376742744134492,0,-1.1002143581109536,153.0,140.6909090909091,45765,,0.06106118249353516
song,geometric,holdout,20,0.5,36,1-3,12,5,16.859324342427364,0.37697971000296704,60,,0.9532526629634943,0,-1.1028391833547484,276.25,278.4727272727273,45792,,0.003755778278746197
song,geometric,holdout,21,0.5,23,4-8,4,5,133.92011568465483,0.8649873043107483,20,,0.9181468936026153,0,-1.649731401875822,53.875,165.52727272727273,45547,,0.00164328605933138
song,geometric,holdout,22,0.5,13,2-8,11,2,105.04199677863468,0.3765275427915063,22,,0.9531069199204797,0,-1.5009289697694728,73.75,179.25454545454545,45860,,0.001749039946164882
song,geometric,holdout,23,0.5,24,2-8,4,2,46.72227249054967,0.15028132639993483,8,,0.9486493153052287,0,-1.4999707225040921,55.5,108.78181818181818,45311,,0.008320915151326031
song,geometric,holdout,24,0.5,59,1-3,12,3,90.83138954653866,0.3842394947910781,36,,0.9525878322165863,0,-1.0267120472257656,215.5,193.98181818181817,45776,,0.011771795089353988
song,geometric,holdout,25,0.5,59,1-3,16,4,157.1558616661465,0.13116014663077738,64,,0.9432256988972151,0,-1.0009267889697675,249.5,205.05454545454546,45610,,0.0015453590268280342
song,geometric,holdout,26,0.5,15,1-3,16,4,126.98201034457334,0.17666903500288106,64,,0.9294890938357939,0,-0.9554716411421684,306.75,206.27272727272728,45936,,0.006838772360767453
song,geometric,holdout,27,0.5,48,4-8,15,2,148.70863241777604,0.5465942202501267,30,,0.8527682209047837,0,-1.1919696274787994,93.875,171.6909090909091,46069,,0.09153698235870909
song,geometric,holdout,28,0.5,17,2-4,11,7,44.36617639928436,0.7511047590199064,77,,0.8893459644421577,0,-0.8191417329560367,355.5,175.4,45856,,0.2612412761487596
song,geometric,holdout,29,0.5,41,4-8,7,3,153.06965261410875,0.7417890588738825,21,,0.8944175968723728,0,-1.370683693183898,76.125,140.96363636363637,45695,,0.17141312505356837
song,geometric,holdout,30,0.5,30,2-4,3,3,78.47489789402816,0.9019745478128527,9,,0.9045011297972401,0,-1.414987385957061,57.25,128.21818181818182,45701,,0.012795408663272237
song,geometric,holdout,31,0.5,29,2-4,4,8,71.31453171851157,0.49200650653670874,32,,0.9601766623530908,0,-1.3054874509034287,143.875,200.29090909090908,46023,,0.006070448743333602
song,geometric,holdout,32,0.5,53,1-3,14,7,147.2798541599367,0.9374344084531461,98,,0.8734191963940254,0,-0.9003008198251482,266.0,144.92727272727274,45551,,0.06524823441220583
song,geometric,holdout,33,0.5,27,4-8,16,3,25.392571192625457,0.6086604757645923,48,,0.9237693996718798,0,-1.1557749986547028,155.25,177.3272727272727,45595,,0.0040409411711796375
song,geometric,holdout,34,0.5,17,2-4,15,4,15.310953382752395,0.12286634692236112,60,,0.934182957874347,0,-1.0760148864301526,267.875,245.5818181818182,45626,,0.010492615812740577
song,geometric,holdout,35,0.5,24,2-4,3,4,128.9766659249214,0.26013905190425707,12,,0.9415282872633124,0,-1.4539918192962753,92.125,186.8909090909091,45866,,0.05477188399030851
song,geometric,holdout,36,0.5,47,4-8,16,8,54.25809589722253,0.5778527745623735,128,,0.8741977685240988,0,-0.7201605559185655,322.625,159.4181818181818,46049,,0.3095709681737319
song,geometric,holdout,37,0.5,56,4-8,16,4,36.622466936103734,0.7734857076155365,64,,0.8798297730865456,0,-0.9917682368498308,169.0,173.45454545454547,45622,,0.05699339362773649
song,geometric,holdout,38,0.5,25,4-8,9,8,53.37341429354619,0.18654975316586195,72,,0.9307458493269143,0,-1.0167589574689055,202.625,163.4,45762,,0.004301217115637188
song,geometric,holdout,39,0.5,21,4-8,11,4,145.46883246053466,0.659582927651292,44,,0.9274966713180991,0,-1.0932230612132983,158.875,144.98181818181817,46345,,0.041761264571603465
song,geometric,holdout,40,0.5,30,2-4,10,7,103.10060174314403,0.591210127062866,70,,0.9414563324412821,0,-1.0455332260970518,249.25,216.56363636363636,45770,,0.03969591019297744
song,geometric,holdout,41,0.5,44,2-8,7,7,134.143856631434,0.10010393190230536,49,,0.9003446319095783,0,-1.1887696149693614,145.0,200.92727272727274,46532,,0.008456032726879344
song,geometric,holdout,42,0.5,20,2-8,2,8,27.059531547316972,0.18236473910420367,16,,0.8831630637193788,0,-1.447968592910041,96.875,221.98181818181817,45715,,0.13521840919014153
song,geometric,holdout,43,0.5,38,2-4,10,8,12.13298656404275,0.7688291997057796,80,,0.943537645985705,0,-1.2217897982256767,190.375,253.9090909090909,45737,,0.0019200769285301954
song,geometric,holdout,44,0.5,46,1-3,11,1,41.78202224038168,0.39166134914679757,11,,0.8993503951929759,0,-1.025214591442041,85.5,84.36363636363636,45508,,0.003287291664875767
song,geometric,holdout,45,0.5,32,2-4,16,8,38.64550764750217,0.933724568430767,128,,0.9367166449145077,0,-1.010547339705229,271.375,213.23636363636365,45961,,0.004346590648703175
song,geometric,holdout,46,0.5,52,2-4,12,1,132.31592985772272,0.5597034547266241,12,,0.9133014582783712,0,-1.2052125772541566,66.0,77.96363636363637,45609,,0.016577509556959625
song,geometric,holdout,47,0.5,32,1-3,16,3,65.6362703906579,0.5140012064231195,48,,0.942746360479483,0,-1.0284400538158325,275.25,253.12727272727273,46196,,0.07435865307505912
song,geometric,holdout,48,0.5,55,4-8,2,6,121.99943534342754,0.8075634912528576,12,,0.8947633542644866,0,-1.4618003829880708,64.75,140.36363636363637,46122,,0.18892481704352468
song,geometric,holdout,49,0.5,14,4-8,6,4,70.4323160453392,0.9017084560062103,24,,0.9314917407534794,0,-1.4399304947020597,79.625,127.36363636363636,46454,,0.003706719596969183
song,geometric,holdout,50,0.5,12,2-4,5,4,51.569491034041846,0.117196437835362,20,,0.9273141731420393,0,-1.265379714348374,161.5,208.4181818181818,45857,,0.427943694416681
song,geometric,holdout,51,0.5,23,2-8,16,2,102.33154473722438,0.5301835938117107,32,,0.9496543587713278,0,-1.336000143675144,99.75,176.1818181818182,46096,,0.004016101840181417
song,geometric,holdout,52,0.5,46,4-8,6,5,14.787349782802325,0.2948879321888429,30,,0.8851479861430608,0,-1.2488534872400894,105.75,182.2,45877,,0.03532496406730454
song,geometric,holdout,53,0.5,24,4-8,9,3,45.604001245891354,0.6194930493260911,27,,0.8927985223425055,0,-1.1512346605013382,128.375,141.3272727272727,45799,,0.43937457940365127
song,geometric,holdout,54,0.5,51,2-4,3,2,57.78157849118984,0.8674592225160896,6,,0.8905069749887882,0,-0.9703247075930762,64.5,41.127272727272725,45294,,0.02985290114497659
song,geometric,holdout,55,0.5,44,4-8,13,2,56.497465999581316,0.44866824134017813,26,,0.8091243466019414,0,-1.1396380898125105,97.5,171.74545454545455,45806,,0.19254996438224234
song,geometric,holdout,56,0.5,46,2-8,7,7,119.91771137976066,0.3451187060671168,49,,0.897120152744614,0,-1.1089223444313805,151.375,178.96363636363637,45895,,0.05232272115171053
song,geometric,holdout,57,0.5,22,2-8,2,6,56.03653215560012,0.37795301500619694,12,,0.8629412636926983,0,-1.5424610073066702,59.875,211.8,45457,,0.19858301419750488
song,geometric,holdout,58,0.5,19,2-8,10,6,119.92416838996918,0.6065411836138168,60,,0.9021482605256573,0,-0.9450020725718677,239.875,156.05454545454546,46054,,0.4296189204724748
song,geometric,holdout,59,0.5,40,4-8,7,3,158.57186820177563,0.19816398907647406,21,,0.9155057608356164,0,-1.4092344701317288,63.5,150.6,45629,,0.0032655992057454594
song,geometric,holdout,60,0.5,45,4-8,9,1,119.57559850177812,0.5653121569306818,9,,0.9344190723362068,0,-1.6528271033391273,35.125,107.7090909090909,45811,,0.021034434146567055
song,geometric,holdout,61,0.5,32,4-8,10,3,60.41565653075315,0.8532831226972606,30,,0.9310764507364868,0,-1.3642436653263792,87.875,168.38181818181818,45760,,0.004438869482605378
song,geometric,holdout,62,0.5,51,1-3,16,6,131.91934959269753,0.15296345321315905,96,,0.9467688634146694,0,-0.9978893080034283,277.125,230.61818181818182,45839,,0.0010170701377130126
song,geometric,holdout,63,0.5,42,1-3,10,5,117.80334022560014,0.02635883255102358,50,,0.9543669883274047,0,-1.1158706263007447,239.875,240.38181818181818,45564,,0.006709039313629489
song,geometric,holdout,64,0.5,16,2-4,5,4,11.661493787267528,0.9112864191805784,20,,0.9580672851983048,0,-1.3074750052941826,115.375,171.38181818181818,45565,,0.008369469054405871
song,geometric,holdout,65,0.5,42,2-8,6,2,30.45109902953638,0.6530751336614972,12,,0.9039314970843448,0,-1.379389715988474,50.375,134.36363636363637,45766,,0.004252426496663645
song,geometric,holdout,66,0.5,31,2-8,3,2,155.54252730400927,0.24364924222694445,6,,0.9115151499779156,0,-1.3067052955012337,50.125,95.89090909090909,45678,,0.007919959155058748
song,geometric,holdout,67,0.5,18,2-8,5,5,51.25829755762127,0.4718182414650689,25,,0.9198498292722277,0,-1.179857454476553,159.5,168.61818181818182,45772,,0.19465921194596533
song,geometric,holdout,68,0.5,14,4-8,14,4,76.17472183402103,0.3126708287725004,56,,0.9300627350828374,0,-0.8785036101954324,256.375,154.5090909090909,45891,,0.07102121685212295
song,geometric,holdout,69,0.5,18,4-8,12,7,153.51028232649054,0.02922566401310457,84,,0.9130551236150164,0,-0.746705553359326,347.125,163.8181818181818,45911,,0.10016417905929062
song,geometric,holdout,70,0.5,24,2-8,4,6,71.48789994606193,0.3724653899306516,24,,0.8996500153742126,0,-1.257526509082878,116.625,186.72727272727272,46098,,0.12153710923784468
song,geometric,holdout,71,0.5,56,1-3,16,4,152.26790809719256,0.3090710952310613,64,,0.9444381492421658,0,-0.969312956887524,262.5,181.72727272727272,45933,,0.00185557321797096
song,geometric,holdout,72,0.5,34,1-3,8,6,108.00355034301651,0.9469656423711235,48,,0.8484008575414271,0,-1.0018743076109244,196.5,150.4909090909091,45005,,0.18427542888131196
song,geometric,holdout,73,0.5,34,4-8,12,6,119.09234192329485,0.4635675364053035,72,,0.8855015198625525,0,-0.9049535140098854,233.75,165.0,45817,,0.15163791458493145
song,geometric,holdout,74,0.5,57,4-8,12,3,146.8381861166328,0.45457116236203904,36,,0.8802486833695741,0,-1.1028763050558652,117.375,142.83636363636364,45759,,0.04012597453904623
song,geometric,holdout,75,0.5,19,2-4,9,7,136.46580004830554,0.6612238184495298,63,,0.9081615057770365,0,-0.9569711806741175,278.25,181.54545454545453,45597,,0.23329393072791296
song,geometric,holdout,76,0.5,39,2-4,13,5,116.69032483699495,0.30763653971399846,65,,0.9365379717947218,0,-1.1541095745213907,194.375,206.34545454545454,45662,,0.007560811259540851
song,geometric,holdout,77,0.5,58,4-8,6,7,79.72005088829245,0.10248907715241184,42,,0.9188400867689861,0,-1.2084552706056555,131.5,162.87272727272727,45784,,0.0023338262418699626
song,geometric,holdout,78,0.5,23,4-8,12,4,101.1662333658016,0.016911774353082824,48,,0.8989003916186864,0,-0.929729317576188,191.25,159.94545454545454,45491,,0.09720628087972671
song,geometric,holdout,79,0.5,17,2-8,9,1,70.42119149017846,0.16283473127810846,9,,0.9337374846166118,0,-1.6450491267146958,47.0,119.67272727272727,45779,,0.029917674738128376
song,geometric,holdout,80,0.5,57,2-8,6,7,104.87949909392994,0.3595874704021181,42,,0.9073468364436392,0,-1.2925552647127678,107.375,203.0,45462,,0.0022960686564945836
song,geometric,holdout,81,0.5,14,2-8,11,1,84.65008925507493,0.803031270563428,11,,0.9094069887028637,0,-1.6540780971051605,43.625,159.6727272727273,45478,,0.04600638059640153
song,geometric,holdout,82,0.5,57,1-3,10,5,101.68155088419778,0.42057355596633683,50,,0.9472444666453539,0,-1.0380390673579738,275.375,243.0909090909091,45512,,0.12569446104624932
song,geometric,holdout,83,0.5,51,2-8,5,4,137.97642889161347,0.3026412834419459,20,,0.8103001739712362,0,-1.3465366927544555,79.375,199.5818181818182,46147,,0.32845789331090686
song,geometric,holdout,84,0.5,14,4-8,5,3,53.142455463597486,0.7640336084657373,15,,0.9314734820331465,0,-1.5024455809402093,64.375,143.63636363636363,45543,,0.007169957592426433
song,geometric,holdout,85,0.5,36,2-4,6,2,121.64467000377634,0.3574239866095494,12,,0.938319513478987,0,-1.321308552051146,86.125,138.05454545454546,46039,,0.03143301012553311
song,geometric,holdout,86,0.5,22,2-8,16,2,26.48235366980763,0.2211429326877462,32,,0.9338804162813048,0,-1.3090814662184191,97.625,161.45454545454547,45745,,0.0010691740937038656
song,geometric,holdout,87,0.5,40,1-3,5,1,154.1992201527175,0.6992067350415839,5,,0.7435871920268384,1,-0.8238163457065186,39.5,32.61818181818182,45772,,0.00503175003058662
song,geometric,holdout,88,0.5,23,1-3,6,2,52.49903755537619,0.1751463031451009,12,,0.9412055926495397,0,-1.1200399156304837,137.25,148.85454545454544,45846,,0.023576244562511155
song,geometric,holdout,89,0.5,55,2-4,8,1,64.39446261052768,0.7736526585121682,8,,0.9118009529157965,0,-1.1982733749175225,56.75,116.81818181818181,45751,,0.2174888656552028
song,geometric,holdout,90,0.5,16,2-4,10,2,20.832017319509298,0.5007917245598195,20,,0.9552305013299309,0,-1.3401289134950698,114.0,208.74545454545455,45725,,0.01570773638463478
song,geometric,holdout,91,0.5,45,4-8,8,7,41.53674207799904,0.7993783084638394,56,,0.9110967295384391,0,-1.0376203509814208,159.125,142.43636363636364,45743,,0.026280527253186057
song,geometric,holdout,92,0.5,43,4-8,11,1,76.54432021583905,0.6892288595958549,11,,0.8945200554493097,0,-1.5373741385110156,50.0,118.69090909090909,45694,,0.07541135675296998
song,geometric,holdout,93,0.5,56,2-8,12,2,107.36437307181352,0.6867053509677088,24,,0.9059027630790952,0,-1.3044631864126424,96.0,154.21818181818182,45784,,0.10107598659564794
song,geometric,holdout,94,0.5,12,2-8,8,7,101.63232631802735,0.9232391656065853,56,,0.9062263575286345,0,-1.2087891162724183,145.375,141.4909090909091,45485,,0.038042889128501234
song,geometric,holdout,95,0.5,30,2-8,4,5,39.061363554082206,0.08610839569148429,20,,0.8613908774239396,0,-1.3992172872043072,83.5,239.36363636363637,45671,,0.10469012127959566
song,geometric,holdout,96,0.5,27,4-8,4,5,89.26388128737645,0.8321418359376778,20,,0.9202186214261044,0,-1.534151741250682,64.5,134.72727272727272,45802,,0.0019396808726142
song,geometric,holdout,97,0.5,52,2-4,8,5,139.70051757199644,0.17946583580843967,40,,0.946629962895879,0,-1.3149123931643198,123.625,211.5090909090909,45787,,0.002594666431287299
song,geometric,holdout,98,0.5,25,2-8,7,5,18.97268689429483,0.3674876474292144,35,,0.8854309158042855,0,-1.1392045884435094,161.125,191.29090909090908,45607,,0.2292391274446957
song,geometric,holdout,99,0.5,41,2-4,6,1,114.43546255374476,0.09752546999946125,6,,0.8435554059409578,0,-1.1820238305081907,45.25,57.345454545454544,45675,,0.15023380457311697
song,geometric,holdout,100,0.5,43,1-3,15,8,55.51677877319213,0.8561300102176735,120,,0.9492930894825612,0,-0.9692307612682107,293.375,216.56363636363636,45856,,0.0014938492244916915
song,geometric,holdout,101,0.5,26,2-8,6,8,84.48630219789156,0.5003361741689633,48,,0.9197225003597442,0,-1.0735761382972195,195.25,180.70909090909092,45890,,0.06136074026078868
song,geometric,holdout,102,0.5,60,2-8,7,8,69.97097430511748,0.0567023531617672,56,,0.9122335195483229,0,-1.2441713165665718,131.875,198.36363636363637,45805,,0.001873149192286876
song,geometric,holdout,103,0.5,51,1-3,8,1,22.30102282779827,0.4494135991416937,8,,0.9113552394138307,0,-1.1024291275389502,84.875,95.43636363636364,45742,,0.00967010432399954
song,geometric,holdout,104,0.5,53,2-4,16,2,111.29995179183345,0.32412373941534633,32,,0.9525393465312709,0,-1.1389231444993966,144.625,151.70909090909092,45687,,0.015693818958431707
song,geometric,holdout,105,0.5,58,1-3,6,3,124.35961290090634,0.9457373827149439,18,,0.7630570169837063,0,-0.7598422255124649,118.875,73.67272727272727,45432,,0.009137542903157613
song,geometric,holdout,106,0.5,52,2-4,15,3,65.047145968975,0.8771320365510722,45,,0.9593825360018751,0,-1.1059491969963826,141.75,140.65454545454546,45591,,0.005332248151481145
song,geometric,holdout,107,0.5,14,1-3,14,5,140.92770178497946,0.2935548253072873,70,,0.8637700958218704,0,-0.6657194137268584,491.125,178.6727272727273,45861,,0.36146651344586284
song,geometric,holdout,108,0.5,21,4-8,5,1,17.464919995487023,0.14344475240815702,5,,0.9117674223147407,0,-1.734128399200547,31.875,93.69090909090909,45705,,0.003365503270394175
song,geometric,holdout,109,0.5,31,2-8,3,2,17.440814897889695,0.32689119034852987,6,,0.8845873705156023,0,-1.5511880958846251,34.5,124.21818181818182,46055,,0.08983784711969041
song,geometric,holdout,110,0.5,22,4-8,8,3,139.7171289388447,0.5379668500955104,24,,0.8456734139769106,0,-1.231794245325717,97.5,163.27272727272728,45528,,0.3892512870668823
song,geometric,holdout,111,0.5,16,2-8,13,5,60.126218217781215,0.656361691595032,65,,0.9040854122460809,0,-0.87875034256958,289.875,149.76363636363635,45414,,0.43531846525544887
song,geometric,holdout,112,0.5,20,2-4,4,6,26.558318250392603,0.5269506160823159,24,,0.9420305663060149,0,-1.369179746044312,101.25,226.87272727272727,45701,,0.001467475262575372
song,geometric,holdout,113,0.5,25,4-8,12,8,36.5680652990044,0.16444313977313957,96,,0.9342235685824847,0,-0.9469832830777202,238.125,167.76363636363635,45895,,0.002192603486593569
song,geometric,holdout,114,0.5,60,1-3,15,2,93.13205977357674,0.24023977845228536,30,,0.9468527895064905,0,-0.9092169445286826,229.125,152.6727272727273,46054,,0.026293093145105115
song,geometric,holdout,115,0.5,15,1-3,9,4,142.7640635807903,0.0461334901035012,36,,0.9401003997455908,0,-1.1040432221942347,211.0,215.6,45790,,0.0045980152224026054
song,geometric,holdout,116,0.5,25,2-4,4,5,152.21862847718592,0.6758346748230838,20,,0.9397149216505678,0,-1.2312083208351572,91.625,140.52727272727273,45945,,0.0015378860615894272
song,geometric,holdout,117,0.5,57,2-8,5,6,122.37419507445793,0.4113050547605181,30,,0.8893648561779186,0,-1.2427714868600501,106.625,189.36363636363637,45435,,0.03152338015649566
song,geometric,holdout,118,0.5,37,2-4,6,8,132.95723560101283,0.3169269936448949,48,,0.9447524358587867,0,-1.2188419437301845,155.5,210.0909090909091,45804,,0.003833607831683272
song,geometric,holdout,119,0.5,51,4-8,5,5,138.68365059058848,0.012383881153483522,25,,0.781076736260643,0,-1.157460558345828,90.125,200.07272727272726,45908,,0.1982921272689391
song,geometric,holdout,120,0.5,44,4-8,2,3,139.28686907234544,0.6375552962835482,6,,0.9122181721674081,0,-1.4870764484109058,40.125,103.72727272727273,45561,,0.06227305721304075
song,geometric,holdout,121,0.5,37,1-3,11,2,94.61580015403834,0.3894196328425957,22,,0.9447129908462593,0,-0.9790526266640591,198.875,150.70909090909092,45697,,0.049655939624732956
song,geometric,holdout,122,0.5,43,2-8,7,8,73.70289243164976,0.4298480991598356,56,,0.8519399980244935,0,-1.0135105445389276,186.0,178.5090909090909,45721,,0.4119146318910837
song,geometric,holdout,123,0.5,17,4-8,8,8,134.84751905262084,0.33192554096013455,64,,0.9341609435827225,0,-0.9321250845342645,245.5,166.54545454545453,45576,,0.028652135885077333
song,geometric,holdout,124,0.5,44,4-8,11,2,8.669517244539822,0.6350882927365548,22,,0.8089116416784324,0,-1.2956413542865037,75.0,212.5090909090909,45589,,0.08205740161673167
song,geometric,holdout,125,0.5,59,2-8,9,8,98.46645871983924,0.6709823350059664,72,,0.9135824308113037,0,-1.1188086919114806,167.125,182.6727272727273,45864,,0.007267965637689968
song,geometric,holdout,126,0.5,21,2-4,6,1,68.63963398699856,0.28356216377215826,6,,0.9225052996988576,0,-1.4007694223261618,38.875,86.58181818181818,45766,,0.0069671274434997404
song,geometric,holdout,127,0.5,15,2-8,2,8,149.896442385863,0.7560625234959538,16,,0.9290036177365741,0,-1.4918606595357455,76.25,147.3272727272727,45777,,0.006339009434634463
song,geometric,holdout,128,0.5,14,2-4,8,5,59.789515661928846,0.2034095204237833,40,,0.9494999262360265,0,-1.129374449300732,207.0,206.8,45625,,0.007111543177973857
song,geometric,holdout,129,0.5,15,1-3,8,1,58.01611296536842,0.7840428025787556,8,,0.9104442246508297,0,-1.141779572261456,64.25,97.52727272727273,45879,,0.003663763270954659
song,geometric,holdout,130,0.5,22,1-3,15,5,127.3209966568364,0.6205226067029733,75,,0.9097107292125198,0,-0.7855905883466945,375.5,180.85454545454544,45889,,0.10585774067958036
song,geometric,holdout,131,0.5,49,1-3,4,6,60.04228603164766,0.1774363340749012,24,,0.9565776953813865,0,-1.1843958513032173,182.625,246.0,45682,,0.011105985308291644
song,geometric,holdout,132,0.5,49,4-8,10,5,32.74522684282229,0.5309652821781472,50,,0.8894920593622241,0,-1.0446856370531243,152.375,173.8,45761,,0.04411506705312239
song,geometric,holdout,133,0.5,21,4-8,13,5,133.66738823815427,0.251233024056524,65,,0.9292715799476898,0,-1.0471894383894575,182.875,158.27272727272728,45428,,0.002877206257750199
song,geometric,holdout,134,0.5,26,1-3,12,5,139.81912389819038,0.7957125423585557,60,,0.9006378448248846,0,-0.9080600896826416,223.25,164.98181818181817,45781,,0.0027127414757337543
song,geometric,holdout,135,0.5,32,4-8,15,8,145.94044377332636,0.7572194641700608,120,,0.9134857149202443,0,-0.89081522589132,235.25,139.72727272727272,46089,,0.01588485747407074
song,geometric,holdout,136,0.5,52,2-8,13,3,130.9094424258854,0.12247774712526276,39,,0.9022006507200768,0,-1.2255103750251144,114.375,178.1090909090909,46003,,0.02186797597376446
song,geometric,holdout,137,0.5,12,4-8,3,6,80.19925701735025,0.11673217841326258,18,,0.9119037828129785,0,-1.290537185108385,103.75,167.38181818181818,45545,,0.04867088566838192
song,geometric,holdout,138,0.5,58,4-8,13,4,145.47691227650955,0.7751599647121418,52,,0.889816749648225,0,-1.1222074919911353,135.25,159.8909090909091,45434,,0.031205308739186602
song,geometric,holdout,139,0.5,28,4-8,4,6,77.29218913661346,0.6493416036946237,24,,0.9249577396062104,0,-1.432574232338252,71.5,166.63636363636363,45511,,0.0020541478240775077
song,geometric,holdout,140,0.5,34,1-3,13,7,35.4995106404821,0.5768253805974981,91,,0.91643975670364,0,-0.8912092309753225,431.25,250.5090909090909,45760,,0.2510815601857686
song,geometric,holdout,141,0.5,32,2-4,4,3,33.809885760807276,0.20738957903681024,12,,0.9427126047130511,0,-1.3023961312958487,75.0,129.65454545454546,45962,,0.006090710173877979
song,geometric,holdout,142,0.5,56,1-3,12,2,42.12546071418518,0.11438598036165211,24,,0.9571244281638149,0,-1.0831010512899615,165.875,164.56363636363636,45802,,0.00996076044227774
song,geometric,holdout,143,0.5,41,4-8,8,8,127.49664052766198,0.3252684234509701,64,,0.9303262088843807,0,-1.148614800202876,147.5,182.4,45601,,0.001675845206279724
song,geometric,holdout,144,0.5,40,1-3,13,4,23.640860078712606,0.7730159631183525,52,,0.9447205962221785,0,-1.055409654672637,308.875,259.90909090909093,45892,,0.10096123564462534
song,geometric,holdout,145,0.5,46,4-8,9,6,74.83262385557711,0.0659896705781098,54,,0.8830373495815079,0,-1.0592843491952344,158.375,171.74545454545455,45530,,0.03655033581590582
song,geometric,holdout,146,0.5,60,1-3,12,2,51.15386706926881,0.49617626066161963,24,,0.9371925663436744,0,-1.0512138372695006,187.5,182.65454545454546,45868,,0.056931709014261145
song,geometric,holdout,147,0.5,33,2-8,5,5,101.23027428696633,0.46113592702788564,25,,0.9439652307593112,0,-1.3927944294305936,96.375,174.16363636363636,45743,,0.003680624813505943
song,geometric,holdout,148,0.5,53,4-8,11,1,89.49884820282195,0.3138700791073571,11,,0.9403116947633132,0,-1.4580789131155072,45.125,88.7090909090909,45760,,0.012776692960482172
song,geometric,holdout,149,0.5,50,1-3,8,1,78.22216847059924,0.6721565887977476,8,,0.8720216363064887,0,-0.8075454039578622,82.875,67.07272727272728,45832,,0.080519108861066
song,geometric,holdout,150,0.5,29,4-8,2,8,141.21336127760827,0.34396356124862165,16,,0.891067386016918,0,-1.3644074556181995,69.625,174.65454545454546,45754,,0.022600310872224617
song,geometric,holdout,151,0.5,29,4-8,16,5,40.92951249854479,0.11338470456942233,80,,0.9261160589477722,0,-1.031042040221421,199.875,166.27272727272728,45514,,0.0031340302507567026
song,geometric,holdout,152,0.5,32,2-8,9,2,84.80227282752395,0.01359400601673974,18,,0.9096932309541231,0,-1.3540443859283267,77.375,167.4181818181818,45809,,0.02238354761169922
song,geometric,holdout,153,0.5,28,2-8,9,5,12.20042282901456,0.2916090125357415,45,,0.8867320940587464,0,-1.1154199845841823,178.875,196.70909090909092,46083,,0.2011832413849275
song,geometric,holdout,154,0.5,54,2-4,14,8,70.26193182633237,0.7485141693252585,112,,0.9376080252722442,0,-0.9838137531654092,283.375,207.8,46106,,0.023618047086071587
song,geometric,holdout,155,0.5,27,4-8,9,3,127.72110285005539,0.3067591604161884,27,,0.9381564151608364,0,-1.3702040703695957,89.0,152.16363636363636,45987,,0.002875736612449425
song,geometric,holdout,156,0.5,48,1-3,3,4,135.17816357213314,0.5009061729787339,12,,0.951877255911582,0,-1.3142416127537686,118.25,213.03636363636363,45754,,0.1786967795158693
song,geometric,holdout,157,0.5,14,1-3,10,4,96.85827174343696,0.08327932953613378,40,,0.9316926524938489,0,-0.9132681284108283,350.75,208.05454545454546,45943,,0.370545754959513
song,geometric,holdout,158,0.5,55,4-8,2,7,59.70111017737293,0.5725184999847184,14,,0.9392066873220746,0,-1.395402198575422,55.0,107.54545454545455,45561,,0.0013925878018737376
song,geometric,holdout,159,0.5,43,1-3,14,3,107.73282996435061,0.8480138127073111,42,,0.9082681299805369,0,-0.9380539387731789,194.5,149.45454545454547,46284,,0.012217454340982974
song,geometric,holdout,160,0.5,15,2-4,10,4,66.09538062432205,0.7216746035163302,40,,0.940462096493575,0,-1.0736996591227226,206.25,196.8181818181818,45661,,0.053646104095675794
song,geometric,holdout,161,0.5,45,1-3,3,3,148.51654301880478,0.8989742570902701,9,,0.8280380598537531,0,-0.8052975251501855,110.5,94.52727272727273,45493,,0.054041448265755326
song,geometric,holdout,162,0.5,31,4-8,5,2,59.76568840143097,0.06534276481365145,10,,0.9345619365124217,0,-1.5542501964821536,46.75,147.63636363636363,45738,,0.005551827794953278
song,geometric,holdout,163,0.5,18,2-4,12,2,69.46264045029974,0.2868696160476118,24,,0.9481608069866719,0,-1.193603902508409,141.25,173.83636363636364,45580,,0.030124014611821168
song,geometric,holdout,164,0.5,34,4-8,11,3,14.612897496680391,0.6521485532988107,33,,0.8457784615127576,0,-1.128248894126608,117.625,192.76363636363635,45920,,0.0842820983559528
song,geometric,holdout,165,0.5,32,4-8,7,2,77.4524018303008,0.5671112059265851,14,,0.9290127262950847,0,-1.4826545366615473,61.0,165.5818181818182,46033,,0.004506784246751836
song,geometric,holdout,166,0.5,57,4-8,9,2,87.5015918448485,0.042913261635836725,18,,0.9041331071632381,0,-1.349191630551561,69.5,152.8,45459,,0.016482247051658617
song,geometric,holdout,167,0.5,32,2-4,10,4,52.285150776513355,0.4375312275353067,40,,0.9572985086487158,0,-1.2491151861730838,138.875,196.65454545454546,45846,,0.002776764136238681
song,geometric,holdout,168,0.5,56,1-3,7,2,85.34579008087304,0.17181375755656808,14,,0.9403737849474062,0,-1.171222616897957,135.0,159.85454545454544,45833,,0.08540987665482706
song,geometric,holdout,169,0.5,38,2-8,12,3,39.675782584694105,0.3164711200844291,36,,0.9067627691524307,0,-1.1353782217563806,135.625,186.54545454545453,46029,,0.05795444606584185
song,geometric,holdout,170,0.5,46,1-3,4,2,92.44803133576765,0.7244729454362994,8,,0.8741389640258779,0,-0.9503689163970155,120.0,101.50909090909092,45697,,0.22932842410786286
song,geometric,holdout,171,0.5,20,1-3,3,6,54.22581010657597,0.2383439759161335,18,,0.9543536782575412,0,-1.1242028593329962,171.5,192.43636363636364,46058,,0.003800408585551289
song,geometric,holdout,172,0.5,42,2-4,12,7,42.105886137563054,0.6055225630669254,84,,0.9459803052734123,0,-1.1058603271591683,202.0,200.6909090909091,45802,,0.0016666074883100724
song,geometric,holdout,173,0.5,25,2-4,15,2,12.924134738240449,0.1383339749497685,30,,0.8655120251593471,0,-1.3856424386095878,114.625,279.7818181818182,45792,,0.23778017264212534
song,geometric,holdout,174,0.5,47,2-8,11,4,98.11359620921247,0.6072407218006943,44,,0.9151506593715455,0,-1.156325159086042,128.625,168.0909090909091,45039,,0.008817288382102367
song,geometric,holdout,175,0.5,56,2-8,5,6,24.561063372696093,0.574442975093087,30,,0.8144891996712282,0,-1.2029880796923473,99.25,197.74545454545455,46157,,0.14333725688558435
song,geometric,holdout,176,0.5,53,1-3,8,4,154.19801634752,0.5159426898961209,32,,0.9201729298611133,0,-1.0276333057532696,166.125,141.5090909090909,46147,,0.0027669526305435007
song,geometric,holdout,177,0.5,13,1-3,2,6,157.92257299428587,0.2960374904912142,12,,0.9391323285428845,0,-1.2138894779157245,122.25,186.3272727272727,45800,,0.00146123855754592
song,geometric,holdout,178,0.5,57,4-8,10,2,153.9520591277168,0.12075308678312435,20,,0.9287802595641446,0,-1.3849087117093066,72.375,142.94545454545454,45921,,0.007012494372041733
song,geometric,holdout,179,0.5,40,1-3,10,5,24.559022852208628,0.7344296868343821,50,,0.9386304172725175,0,-1.008073484733286,299.25,244.16363636363636,45779,,0.16950196751208962
song,geometric,holdout,180,0.5,41,2-4,3,6,63.17223043974447,0.4350266768592676,18,,0.9355324916263468,0,-1.3959713071215463,91.0,193.43636363636364,45898,,0.015347781243595706
song,geometric,holdout,181,0.5,18,4-8,11,6,60.3811884663722,0.10362671212407036,66,,0.921036128160664,0,-0.8219798077812904,316.125,162.47272727272727,46002,,0.0872107362691228
song,geometric,holdout,182,0.5,51,1-3,10,3,116.73650368594593,0.3521454573914526,30,,0.9487661011323003,0,-0.9759494905690234,251.125,176.47272727272727,45708,,0.02298058418589912
song,geometric,holdout,183,0.5,29,1-3,10,7,36.92685063683169,0.32231366263041944,70,,0.9358113353614572,0,-0.9450363795936932,367.25,237.98181818181817,45832,,0.011445122269134396
song,geometric,holdout,184,0.5,36,2-8,4,5,112.24453145477003,0.6966669277183598,20,,0.9372953684569857,0,-1.4464932659564986,78.875,195.27272727272728,45412,,0.013300802521945258
song,geometric,holdout,185,0.5,38,2-4,16,6,46.91670466124825,0.8624095190023681,96,,0.9337123770612019,0,-0.9590352602415613,287.375,195.5090909090909,45795,,0.10135945686410203
song,geometric,holdout,186,0.5,29,1-3,13,1,102.18991849278508,0.45620509490491246,13,,0.8710034325876015,0,-0.9890130657601335,100.875,114.07272727272728,45700,,0.042333552495450295
song,geometric,holdout,187,0.5,26,1-3,8,6,134.31085395660295,0.16927769472668386,48,,0.941903890398573,0,-1.0525040541877204,268.25,216.65454545454546,45928,,0.004535964686841959
song,geometric,holdout,188,0.5,19,2-8,10,1,111.83499913485655,0.8588380412838804,10,,0.9061564319633317,0,-1.6979680948470999,35.375,173.54545454545453,46336,,0.051453778933697576
song,geometric,holdout,189,0.5,22,4-8,15,3,53.994028035252995,0.307038247676672,45,,0.9357638266214251,0,-1.1465945707647496,139.875,169.70909090909092,45440,,0.004815797372641088
song,geometric,holdout,190,0.5,47,4-8,5,5,15.631602938210339,0.04285812118124566,25,,0.8649581583766984,0,-1.268930546773268,90.375,199.5090909090909,45847,,0.026778995106170298
song,geometric,holdout,191,0.5,40,1-3,9,2,33.90116547218085,0.25351690104821084,18,,0.9516773500602747,0,-1.0744651162141334,129.625,132.34545454545454,45712,,0.001334795536005721
song,geometric,holdout,192,0.5,14,2-8,12,8,57.915077684911594,0.1096633419430961,96,,0.9172241350248391,0,-0.7737575581152247,378.125,164.94545454545454,45880,,0.02263655800914994
song,geometric,holdout,193,0.5,45,2-4,10,4,77.94117754508751,0.06018145244808943,40,,0.9415274419594343,0,-1.2674566191632053,142.75,211.21818181818182,45900,,0.009553530464562626
song,geometric,holdout,194,0.5,54,1-3,3,7,31.074184583143285,0.41109158476162694,21,,0.9639222199262548,0,-1.3788321562465535,117.625,230.3090909090909,45651,,0.0016263124078319685
song,geometric,holdout,195,0.5,27,1-3,2,2,130.70821149369735,0.2900481334968316,4,,0.9399238127042351,0,-1.0368496169917312,102.5,77.14545454545454,45758,,0.06506131819429144
song,geometric,holdout,196,0.5,46,1-3,10,3,54.82221507944294,0.7059495460081651,30,,0.9409881662724213,0,-1.0813916801316283,155.25,150.85454545454544,45914,,0.0011906128474444457
song,geometric,holdout,197,0.5,48,2-4,12,5,150.81269828930238,0.9250487818414502,60,,0.924329855864404,0,-1.1408263747422969,140.0,137.78181818181818,45530,,0.0021262068235873574
song,geometric,holdout,198,0.5,17,1-3,9,2,155.74246251153866,0.4826150188993528,18,,0.9310574629894522,0,-1.0310248593750728,159.75,142.01818181818183,45489,,0.012714003433582402
song,geometric,holdout,199,0.5,46,4-8,2,5,105.44701264120089,0.3430374164804276,10,,0.7076046047728171,0,-1.386431378847074,37.125,210.29090909090908,45710,,0.30994937220422913
song,geometric,holdout,200,0.5,12,2-4,4,2,92.91574266922918,0.23774835074377945,8,,0.9224350815933753,0,-1.5567109444272718,60.125,186.54545454545453,45709,,0.1774206058529909
song,geometric,holdout,201,0.5,44,4-8,8,2,39.668473886658596,0.7350803114544847,16,,0.8333459542791259,0,-1.3074994351653655,65.375,163.4181818181818,45922,,0.37067411788564114
song,geometric,holdout,202,0.5,25,2-8,12,4,115.95081696665218,0.869376802270015,48,,0.9278537934411673,0,-1.1876445320563893,137.625,138.65454545454546,45988,,0.033600433529155656
song,geometric,holdout,203,0.5,41,1-3,7,6,75.38095605749773,0.4420470531033408,42,,0.9479089582185276,0,-1.0950167018934354,261.5,265.1454545454545,46087,,0.3980793554131201
song,geometric,holdout,204,0.5,60,2-8,16,8,147.72051411058217,0.6508036754734582,128,,0.930412456850952,0,-1.0564459833461242,204.375,178.94545454545454,45610,,0.001601758650272114
song,geometric,holdout,205,0.5,53,4-8,5,2,155.1705766638755,0.46361862394919856,10,,0.9358913879089316,0,-1.4842220717408916,50.5,117.89090909090909,46038,,0.017545130226309394
song,geometric,holdout,206,0.5,17,2-8,6,3,131.96199907103744,0.4865578366032815,18,,0.9037242329452602,0,-1.3865581055981404,90.875,174.1818181818182,45670,,0.244056409312701
song,geometric,holdout,207,0.5,30,1-3,7,1,76.99105228521135,0.6046665023901049,7,,0.8513475718710278,0,-0.8754439306971076,65.875,55.18181818181818,45801,,0.02411895523194643
song,geometric,holdout,208,0.5,44,2-8,16,3,108.71415303737382,0.06594053559789467,48,,0.9229466424584634,0,-1.19125463337574,136.5,179.4,45672,,0.005095571539983085
song,geometric,holdout,209,0.5,46,1-3,14,5,15.310308195128702,0.6246948964969107,70,,0.9285195759050633,0,-1.0065047090018377,379.75,294.74545454545455,45532,,0.18585023714740354
song,geometric,holdout,210,0.5,23,4-8,14,5,108.01650352163578,0.39490598681827355,70,,0.9314024796932354,0,-0.8896493770583489,246.375,147.85454545454544,45614,,0.024890158530325328
song,geometric,holdout,211,0.5,50,1-3,13,6,64.99146510965984,0.7988902487186024,78,,0.9381345871357164,0,-0.9358015282909093,297.0,196.8909090909091,45487,,0.035408480297858654
song,geometric,holdout,212,0.5,42,2-4,12,1,68.4990086049615,0.018096812297956,12,,0.9404881569672072,0,-1.2361699363789131,66.5,123.43636363636364,45851,,0.012938955523626486
song,geometric,holdout,213,0.5,13,4-8,6,3,13.042077068206506,0.2014933337432697,18,,0.9066181225810864,0,-1.2087666907895973,132.125,172.23636363636365,46085,,0.2507066490071465
song,geometric,holdout,214,0.5,60,1-3,15,6,112.79342197674802,0.6177319110777026,90,,0.9346049191559338,0,-0.9381619516486263,280.5,209.1818181818182,45614,,0.0016849919766171785
song,geometric,holdout,215,0.5,17,2-8,6,1,111.15663914473713,0.2533626080143454,6,,0.9196344554176242,0,-1.7758498050245126,24.375,111.50909090909092,45849,,0.0066295105650355235
song,geometric,holdout,216,0.5,28,2-8,13,4,110.71238528783685,0.8777027573520539,52,,0.9344150108300247,0,-1.1045421117402552,149.625,122.7090909090909,45754,,0.035609885621938946
song,geometric,holdout,217,0.5,29,2-4,13,5,140.68512828613362,0.7710017922344813,65,,0.9408396226789354,0,-1.0677792295465194,193.625,170.78181818181818,45778,,0.010040391818071237
song,geometric,holdout,218,0.5,44,1-3,8,4,152.80242964721415,0.008413674558076189,32,,0.9566771296648862,0,-1.2664839949078444,155.0,225.0909090909091,45511,,0.002952433637258381
song,geometric,holdout,219,0.5,20,1-3,8,3,14.73725420098325,0.8848418858287479,24,,0.9483773097103358,0,-1.150110466868722,159.25,213.4,45932,,0.0034832115412678473
song,geometric,holdout,220,0.5,32,1-3,15,6,96.2061391342385,0.8275570249843475,90,,0.9457316417542453,0,-1.0297893182485804,239.625,212.03636363636363,45765,,0.001082291658006075
song,geometric,holdout,221,0.5,45,2-4,15,3,38.68912359847876,0.36692948552997845,45,,0.8075971722545273,0,-1.2209501806157839,130.0,255.8181818181818,45598,,0.474047195187681
song,geometric,holdout,222,0.5,28,2-8,6,4,10.238796526040584,0.09586482380627405,24,,0.8559807832286573,0,-1.2895092818454037,100.125,197.8909090909091,45262,,0.1356048082832774
song,geometric,holdout,223,0.5,17,2-8,16,5,85.11873010924873,0.288600680679469,80,,0.9308487741960199,0,-0.8812786722197505,290.875,168.07272727272726,45638,,0.011826594358887605
song,geometric,holdout,224,0.5,32,2-4,10,1,20.27823226123045,0.26310996014108357,10,,0.9018956169165304,0,-1.445935804095837,55.0,170.16363636363636,45534,,0.18535138020606653
song,geometric,holdout,225,0.5,49,1-3,11,8,81.27882870246395,0.8475174880719061,88,,0.8867296318886733,0,-0.7978199961247344,349.5,168.43636363636364,45457,,0.36801731195640924
song,geometric,holdout,226,0.5,21,1-3,5,6,135.5804565090399,0.2643921286985714,30,,0.9398602740457442,0,-1.0839056845137118,268.875,277.6727272727273,45546,,0.46411003980783533
song,geometric,holdout,227,0.5,33,2-8,11,3,66.76180127129052,0.2571037713464043,33,,0.9028114419826053,0,-1.194205167088434,118.125,185.65454545454546,45885,,0.04165539086646686
song,geometric,holdout,228,0.5,16,2-8,5,4,143.461121411023,0.1664118610017297,20,,0.9380451854670437,0,-1.313937419225661,90.375,158.36363636363637,46366,,0.00925873399607625
song,geometric,holdout,229,0.5,40,4-8,14,4,152.4395357819284,0.09172812311439094,56,,0.8982769079536548,0,-1.0091082531907642,167.125,151.96363636363637,45429,,0.0548716686014567
song,geometric,holdout,230,0.5,58,1-3,11,1,18.401761080764107,0.09852531108788859,11,,0.9112011623323621,0,-1.0984376398939353,87.375,107.78181818181818,45677,,0.0032764224229234673
song,geometric,holdout,231,0.5,56,2-4,7,1,27.042763209674582,0.923645341995677,7,,0.9235951848175774,0,-1.1781951499725372,67.5,90.23636363636363,45628,,0.12274270402027848
song,geometric,holdout,232,0.5,45,4-8,5,4,37.78982640529132,0.2928687299749883,20,,0.7403549036545196,0,-1.1478519953675916,66.75,206.56363636363636,45496,,0.20492760662789986
song,geometric,holdout,233,0.5,29,1-3,14,2,111.42149229904538,0.17535126283289065,28,,0.9482111793641652,0,-1.078708112561034,150.125,146.34545454545454,45713,,0.001966977940164847
song,geometric,holdout,234,0.5,23,1-3,7,4,84.0755805703346,0.04923306313191172,28,,0.9462552251664564,0,-1.203614263224841,214.75,249.23636363636365,45786,,0.15260530234802408
song,geometric,holdout,235,0.5,22,2-8,4,4,31.57789710580158,0.049675850574925955,16,,0.7876193752163361,0,-1.2510773865304663,72.875,210.96363636363637,45615,,0.28169680619832654
song,geometric,holdout,236,0.5,33,2-4,14,8,88.48624462491101,0.4653465614401476,112,,0.9371265530322317,0,-0.9175659376335341,337.25,210.6,45725,,0.05047207481671848
song,geometric,holdout,237,0.5,52,4-8,3,8,59.83548351719429,0.043647327799455786,24,,0.9100717120674986,0,-1.330700561546498,88.625,179.4,45735,,0.0050944911493446265
song,geometric,holdout,238,0.5,31,2-8,2,4,93.64768708748605,0.2559457898666734,8,,0.7636067242447762,0,-1.5143535893749274,32.375,181.36363636363637,45909,,0.10093133188128338
song,geometric,holdout,239,0.5,31,2-4,8,4,151.18322555929885,0.10869319515017392,32,,0.9421399164467187,0,-1.3269562047998313,128.125,186.0,45775,,0.007550766445379955
song,geometric,holdout,240,0.5,39,2-4,12,7,13.32537709040838,0.10880990176204947,84,,0.8862784573779974,0,-1.101186062802912,256.875,271.3454545454546,45843,,0.12083769415790761
song,geometric,holdout,241,0.5,12,4-8,15,2,117.00428444679828,0.8580662531756548,30,,0.9389051693009454,0,-1.4359976461971482,74.0,164.52727272727273,45593,,0.0012231055076976042
song,geometric,holdout,242,0.5,52,2-4,13,6,120.27373241601379,0.8346956203771784,78,,0.947190748592727,0,-1.201156498752381,159.375,202.6727272727273,46280,,0.0011825274762570395
song,geometric,holdout,243,0.5,33,2-8,4,8,32.011286138981234,0.16028696931458428,32,,0.935026043341658,0,-1.3436954296099588,112.625,197.56363636363636,45673,,0.005786626037700937
song,geometric,holdout,244,0.5,55,2-4,9,5,63.485237265335996,0.5124886786045131,45,,0.8996255238677205,0,-1.1952825702188075,170.625,227.47272727272727,45790,,0.33533823124489626
song,geometric,holdout,245,0.5,50,2-8,10,6,91.92289972149185,0.9191058986505678,60,,0.9020702433452559,0,-1.0998946759425432,153.5,137.4181818181818,46073,,0.1969718811013273
song,geometric,holdout,246,0.5,30,1-3,8,4,28.823143126553575,0.4508519380887562,32,,0.9468030989630569,0,-1.1115875975901781,275.0,257.03636363636366,45858,,0.20378220662260416
song,geometric,holdout,247,0.5,37,1-3,5,3,59.16245830816895,0.2676374849619018,15,,0.9436816654787683,0,-1.0046811396675444,173.625,167.87272727272727,45939,,0.020527668119675758
song,geometric,holdout,248,0.5,59,1-3,15,1,61.589440370141105,0.8786747483761426,15,,0.9082290196972334,0,-1.0018458070213527,138.0,133.63636363636363,46071,,0.29104019876668313
song,geometric,holdout,249,0.5,53,2-8,2,4,152.86031018754932,0.026102881595275605,8,,0.9338907132890694,0,-1.4190466785782694,45.5,86.23636363636363,45956,,0.005545775861882679
song,geometric,holdout,250,0.5,22,2-8,6,1,66.9951532704132,0.688559031273546,6,,0.8825842975497147,0,-1.8915492958956506,30.125,148.01818181818183,45807,,0.2599093211719247
song,geometric,holdout,251,0.5,15,2-8,8,5,158.6056802487172,0.37716510752708726,40,,0.947213545447946,0,-1.1225004323386976,170.625,184.6,45894,,0.02372103879993867
song,geometric,holdout,252,0.5,33,2-4,3,2,13.788588607608865,0.37822120590475344,6,,0.9177069146651768,0,-1.4189670205901082,47.0,125.78181818181818,45753,,0.0027153936952807006
song,geometric,holdout,253,0.5,34,2-4,14,7,35.88583492469196,0.18000685727037188,98,,0.9032888677700264,0,-1.0039267464205837,316.375,255.0,45669,,0.1811723925912854
song,geometric,holdout,254,0.5,15,4-8,16,1,21.988713959040748,0.906743969323957,16,,0.8222208240900404,0,-1.295813182747684,67.125,172.5818181818182,45601,,0.12566272386324315
song,geometric,holdout,255,0.5,43,2-8,16,6,8.289172091232864,0.260290858514755,96,,0.9092933739419635,0,-1.0475636104573598,231.75,205.07272727272726,45865,,0.010131003632800561
song,geometric,holdout,256,0.5,28,4-8,7,5,129.87108607010128,0.5925233722853098,35,,0.8755673951487605,0,-1.13289747361096,137.75,161.56363636363636,45757,,0.3597088547132547
song,geometric,holdout,257,0.5,40,2-4,10,3,59.816989254414764,0.4174027764588327,30,,0.9403788631148917,0,-1.2668602029104732,132.875,201.98181818181817,45928,,0.04253924123899204
song,geometric,holdout,258,0.5,41,2-4,6,5,15.868014691781912,0.917037708048831,30,,0.90099433695745,0,-1.2835678541348052,135.25,214.5818181818182,45440,,0.25789422471075896
song,geometric,holdout,259,0.5,40,2-4,14,5,47.11181538037856,0.25682555235463433,70,,0.9385654446687879,0,-1.186875228182082,201.75,255.23636363636365,45831,,0.010796503438611507
song,geometric,holdout,260,0.5,16,2-8,2,1,38.884921963616264,0.6569736645920785,2,,0.7289621056347481,0,-1.7315857531312502,16.0,98.23636363636363,45723,,0.01745225678923651
song,geometric,holdout,261,0.5,50,2-4,9,6,86.87910032574293,0.08770596447687028,54,,0.9400990994842255,0,-1.224305068781673,173.5,238.0909090909091,45747,,0.01153435817434269
song,geometric,holdout,262,0.5,52,2-8,4,8,127.39546064455733,0.12074059044883798,32,,0.9206580981346295,0,-1.3760964007672398,98.0,201.9090909090909,46100,,0.008816925240787454
song,geometric,holdout,263,0.5,46,1-3,2,5,58.565974253825985,0.9473942360060035,10,,0.7905159452562891,0,-0.9063368473182611,119.875,114.21818181818182,45630,,0.3338676674322942
song,geometric,holdout,264,0.5,48,1-3,6,7,68.18880658977443,0.9031954205928319,42,,0.9128380298588574,0,-1.0071327103331287,195.25,161.5818181818182,45793,,0.05560643179603861
song,geometric,holdout,265,0.5,36,4-8,14,7,43.35706835313354,0.2316616440415575,98,,0.8881447460009899,0,-0.7869283091633517,316.875,166.1818181818182,45866,,0.1216197482154591
song,geometric,holdout,266,0.5,56,1-3,7,8,26.470729419335534,0.5799285974497866,56,,0.9464157231037371,0,-1.101194158425879,263.75,253.3272727272727,46147,,0.007169503245689275
song,geometric,holdout,267,0.5,43,2-8,11,5,82.30348745791669,0.8286008696073822,55,,0.9329044506518073,0,-1.2508010957140385,113.875,159.61818181818182,45595,,0.0017226990233809357
song,geometric,holdout,268,0.5,19,1-3,8,6,85.88365796229098,0.12944046470187448,48,,0.9381330097230655,0,-0.9499899418721076,340.625,239.36363636363637,45590,,0.09331875688430351
song,geometric,holdout,269,0.5,25,2-4,16,3,108.01294945453311,0.137810326499845,48,,0.9551569371873354,0,-1.1723241664077255,158.75,203.3272727272727,45761,,0.001766821311389133
song,geometric,holdout,270,0.5,24,4-8,7,8,145.52809165654014,0.7296636780062152,56,,0.9274054696239037,0,-1.0849388931550972,161.0,147.96363636363637,45959,,0.019808055101471413
song,geometric,holdout,271,0.5,18,2-8,3,8,8.542948859395905,0.6353424169100578,24,,0.940801785722493,0,-1.2101271320882403,141.0,172.8909090909091,45755,,0.05539395512670039
song,geometric,holdout,272,0.5,12,2-8,6,7,38.19743835815949,0.9295984657854126,42,,0.8813163950185647,0,-1.1058905536188508,166.0,146.65454545454546,45209,,0.41752826588822695
song,geometric,holdout,273,0.5,22,4-8,11,3,143.28668755498686,0.9178034770128461,33,,0.9124028194475021,0,-1.3263056093451482,90.5,128.63636363636363,45349,,0.06352522439481374
song,geometric,holdout,274,0.5,60,2-8,6,5,34.17339631224921,0.14628479028561606,30,,0.894706937554418,0,-1.3876427044470818,84.625,190.65454545454546,45504,,0.0035585145701415226
song,geometric,holdout,275,0.5,55,2-4,4,1,22.82686313113951,0.7043437438430733,4,,0.9048684539630715,0,-0.9950184326551629,46.0,43.96363636363636,45689,,0.014980548396384146
song,geometric,holdout,276,0.5,16,1-3,4,1,28.919989576865113,0.36161836205551817,4,,0.8035041322745216,0,-1.0662120165927886,57.0,106.07272727272728,45656,,0.061571745879608446
song,geometric,holdout,277,0.5,17,2-8,8,5,33.11675282938073,0.25254397707647575,40,,0.9459235156419219,0,-1.1451334921963112,158.75,162.03636363636363,45662,,0.002032280538975547
song,geometric,holdout,278,0.5,26,2-4,8,8,76.33424481248528,0.10314405669421958,64,,0.8766324683306888,0,-1.0454304258849825,258.75,239.83636363636364,45758,,0.4841502594277522
song,geometric,holdout,279,0.5,37,2-4,9,6,154.0135483039165,0.47984092052935845,54,,0.9441710316037204,0,-1.179479939043261,175.125,220.07272727272726,46010,,0.012254851216269397
song,geometric,holdout,280,0.5,27,4-8,9,8,95.20544832870604,0.3948410241813596,72,,0.916420411309695,0,-0.876770389947564,256.5,160.65454545454546,46064,,0.06076218213170677
song,geometric,holdout,281,0.5,30,2-4,10,5,29.55328389282711,0.09212227121667231,50,,0.8547428438792118,0,-1.1581912101284053,188.0,249.63636363636363,45726,,0.3257788625425052
song,geometric,holdout,282,0.5,39,2-4,3,2,69.25981210059956,0.5261892791209867,6,,0.9007972704168523,0,-1.5664567029585628,44.375,224.65454545454546,45575,,0.4487183075356357
song,geometric,holdout,283,0.5,36,1-3,7,5,65.26986747252978,0.42069110105846214,35,,0.9582494315164392,0,-1.097225413339435,240.625,249.87272727272727,45731,,0.041419079833060785
song,geometric,holdout,284,0.5,50,1-3,6,3,66.01445375757012,0.2716030346065308,18,,0.9083879003241602,0,-0.9654879332162621,151.625,123.0,45845,,0.0037771075246655437
song,geometric,holdout,285,0.5,24,2-8,2,1,18.73873461826248,0.3477968122866051,2,,0.7845147012162205,1,-0.8714073455817862,25.75,28.2,45702,,0.03921695186347209
song,geometric,holdout,286,0.5,12,1-3,5,4,130.64720316469965,0.8291811308605463,20,,0.8888613719852738,0,-1.0851519939041068,155.25,173.70909090909092,45967,,0.0393132102077563
song,geometric,holdout,287,0.5,34,4-8,10,2,158.81140331962615,0.7296995708706343,20,,0.8490838908502507,0,-1.3418117698398477,72.875,133.83636363636364,45688,,0.41767768945188355
song,geometric,holdout,288,0.5,58,2-4,2,1,22.67655212732425,0.45737201581516945,2,,0.5687056222818417,1,-0.35959785034742736,20.125,2.381818181818182,45745,,0.006223360233294879
song,geometric,holdout,289,0.5,44,2-8,15,5,99.86523401172721,0.9404778852364588,75,,0.9200130268717934,0,-1.1406126577708084,151.375,156.8181818181818,45552,,0.013476038121332445
song,geometric,holdout,290,0.5,28,2-4,3,3,83.41343225616586,0.7385848260248642,9,,0.9331340360360199,0,-1.286597541443692,83.5,150.3272727272727,45761,,0.12120065493695656
song,geometric,holdout,291,0.5,19,4-8,9,3,55.2019827970867,0.5160599380215876,27,,0.9041700471324218,0,-1.153965889847306,126.75,158.12727272727273,45972,,0.08048662176473678
song,geometric,holdout,292,0.5,54,2-8,9,3,59.84947215202865,0.6714051052055247,27,,0.9122750749225771,0,-1.2803071914964106,103.25,173.23636363636365,46338,,0.04652690115198325
song,geometric,holdout,293,0.5,34,4-8,12,5,114.80855708947539,0.018277433736951447,60,,0.8487885053172041,0,-0.919656354528536,191.625,176.87272727272727,45757,,0.2656553992953151
song,geometric,holdout,294,0.5,14,2-8,7,1,55.373598855775526,0.086151524879348,7,,0.911646565537358,0,-1.7578748344384998,37.125,149.8,45862,,0.12658864705676962
song,geometric,holdout,295,0.5,27,1-3,13,1,115.90323962539132,0.23562017297717658,13,,0.8967625984623937,0,-0.9992070471113006,82.5,105.8,45676,,0.004355398347168105
song,geometric,holdout,296,0.5,19,2-4,11,3,123.08169483006816,0.6496843902798454,33,,0.9588683282414316,0,-1.3128871040256866,114.25,173.47272727272727,45776,,0.0010340588658448353
song,geometric,holdout,297,0.5,56,2-4,12,2,88.26746749299322,0.8435057111868745,24,,0.9467144897696692,0,-1.227764370393882,118.25,148.2,45959,,0.09359313298242837
song,geometric,holdout,298,0.5,34,1-3,14,8,63.25867102265934,0.11590752028370535,112,,0.9323589808958322,0,-0.9316364711470926,411.75,268.4909090909091,45730,,0.017725696286802258
song,geometric,holdout,299,0.5,27,1-3,2,6,127.66172823262023,0.4028699709930351,12,,0.960087649273434,0,-1.4201702197584058,112.75,253.9090909090909,45972,,0.3389377814642878
song,geometric,holdout,300,0.5,59,1-3,6,1,131.975122936321,0.2522304317306496,6,,0.8080238500572174,0,-0.6909219421605471,57.5,30.636363636363637,45708,,0.004574364916387838
song,geometric,holdout,301,0.5,33,2-8,14,2,145.9883780803445,0.09805618161050556,28,,0.9463107618950666,0,-1.3444659536131829,91.5,165.98181818181817,45901,,0.004471665603548917
song,geometric,holdout,302,0.5,18,1-3,15,5,152.40466147847985,0.8396022915308207,75,,0.898815593543417,0,-0.9861092951781749,213.375,150.52727272727273,45946,,0.0011486879199823872
song,geometric,holdout,303,0.5,48,2-4,2,8,64.81187160437888,0.606051323775132,16,,0.9478202110574575,0,-1.38594858271237,91.25,170.56363636363636,45314,,0.020493873257242095
song,geometric,holdout,304,0.5,39,1-3,9,6,114.86218762795373,0.4269949255799884,54,,0.9389246848594541,0,-1.031819640274755,292.375,248.16363636363636,45646,,0.15058093410463266
song,geometric,holdout,305,0.5,45,2-8,8,5,17.199720692896243,0.19264932789844294,40,,0.9098783102041804,0,-1.3087191356714087,117.375,220.4909090909091,45615,,0.007714187110156313
song,geometric,holdout,306,0.5,13,1-3,15,1,83.52790725553348,0.1484567202138438,15,,0.8991902166305938,0,-0.9543500448228137,114.5,106.36363636363636,45724,,0.030471501281091187
song,geometric,holdout,307,0.5,21,4-8,12,2,52.960355867768676,0.8466649099851218,24,,0.9240459966066704,0,-1.2340679885455905,102.75,124.81818181818181,45492,,0.08088624889043712
song,geometric,holdout,308,0.5,38,2-4,14,1,136.43835736670854,0.4784511550646082,14,,0.9354467490730827,0,-1.4633946313673958,66.375,134.5090909090909,45709,,0.08505868907087707
song,geometric,holdout,309,0.5,12,2-8,8,2,96.23538970015399,0.6339432160172542,16,,0.9163761858259293,0,-1.5562763218370952,59.875,188.23636363636365,45624,,0.029136923344703466
song,geometric,holdout,310,0.5,26,2-8,9,5,147.48689512670973,0.6304852996670166,45,,0.9414835937005961,0,-1.2501395426136899,114.75,150.21818181818182,45058,,0.0024662940705131855
song,geometric,holdout,311,0.5,14,2-4,5,6,129.97564520477013,0.8813271511071281,30,,0.9212720005851904,0,-1.467079304611221,84.5,183.63636363636363,45969,,0.0012256526568223786
song,geometric,holdout,312,0.5,12,2-8,16,3,52.925087028519016,0.5165919784601637,48,,0.935601318238938,0,-0.9543385848008945,243.5,150.74545454545455,45413,,0.08524675170102455
song,geometric,holdout,313,0.5,29,4-8,14,3,91.03279356351055,0.08497396386362087,42,,0.8417858664677313,0,-0.9663470865866566,153.375,152.4909090909091,45749,,0.35111042872323905
song,geometric,holdout,314,0.5,15,2-8,4,2,123.60240629210604,0.44802645453781004,8,,0.9173631668910107,0,-1.658655332074333,37.5,155.72727272727272,45930,,0.005858144828790341
song,geometric,holdout,315,0.5,36,2-8,8,3,82.62802815023467,0.2774795138045237,24,,0.9453083211071267,0,-1.3907366817987943,87.625,143.83636363636364,45730,,0.0026395253750980826
song,geometric,holdout,316,0.5,12,4-8,6,1,147.77486396145588,0.7291078929238067,6,,0.8434918996543402,0,-1.911762123775373,26.375,103.85454545454546,45742,,0.1580673750408216
song,geometric,holdout,317,0.5,20,2-8,2,6,93.5713678847283,0.0013243421352404693,12,,0.8941700062846583,0,-1.5399020719397256,64.625,215.6909090909091,46071,,0.04205134138641401
song,geometric,holdout,318,0.5,51,1-3,10,3,75.35806524497303,0.5327247269853468,30,,0.949382435753391,0,-1.0884772631156765,148.625,147.8,45839,,0.0026728583070355617
song,geometric,holdout,319,0.5,32,4-8,15,1,82.85204291966839,0.029078997072351658,15,,0.8614997991174143,0,-1.4417801975630007,54.5,145.07272727272726,46009,,0.1350585460516286
song,geometric,holdout,320,0.5,52,2-8,2,2,99.3833954554533,0.8085099593876258,4,,0.8693457064496191,0,-1.5134467978908224,36.875,99.12727272727273,45685,,0.11910959685496657
song,geometric,holdout,321,0.5,39,2-8,16,4,83.08420367072912,0.6432995103809406,64,,0.9241143913610212,0,-0.99140300055463,202.125,166.52727272727273,46054,,0.0588776630460678
song,geometric,holdout,322,0.5,28,1-3,15,8,73.60104302370503,0.06848153503850378,120,,0.9357663673998144,0,-0.9136383937651404,401.5,254.03636363636363,45880,,0.0048929553851215475
song,geometric,holdout,323,0.5,41,4-8,6,5,112.00225172632891,0.32583465507477005,30,,0.9212877789116247,0,-1.3047221809409564,98.5,167.4909090909091,45955,,0.00558273747034859
song,geometric,holdout,324,0.5,27,4-8,6,5,147.18541004477808,0.5505071233635089,30,,0.9202922131828356,0,-1.3501711506063092,86.125,168.3090909090909,45785,,0.0016151243598440978
song,geometric,holdout,325,0.5,40,2-8,11,8,125.86436352793918,0.44480145775243113,88,,0.9126515364787602,0,-0.9288379352918192,257.0,173.9090909090909,45890,,0.07091003583778487
song,geometric,holdout,326,0.5,41,2-4,3,3,149.26783978071484,0.9208625649834259,9,,0.8077726677682013,0,-1.2183771969542445,62.375,106.2,45724,,0.019074491019287983
song,geometric,holdout,327,0.5,13,4-8,9,4,93.91932714258256,0.7526286875119894,36,,0.9226906936867137,0,-1.1544339256885805,148.375,155.6727272727273,45762,,0.06076148447243901
song,geometric,holdout,328,0.5,18,1-3,2,4,126.6453438885703,0.933135435204111,8,,0.6689999279642129,0,-0.6688001381392664,81.5,49.89090909090909,45777,,0.004783248555528632
song,geometric,holdout,329,0.5,52,2-4,12,7,122.78636265372,0.43108435735482015,84,,0.9418006502232095,0,-1.018422075240081,265.375,207.07272727272726,46137,,0.03550477549525947
song,geometric,holdout,330,0.5,31,1-3,13,8,14.544190763031345,0.8322740969160715,104,,0.9377482307680115,0,-1.011301083835341,333.625,271.1818181818182,46013,,0.0021793278215261618
song,geometric,holdout,331,0.5,60,2-8,5,5,86.97713163034906,0.1435996406705744,25,,0.9318238309862493,0,-1.3547957684074317,92.0,182.98181818181817,45182,,0.008345394958331778
song,geometric,holdout,332,0.5,55,2-4,7,3,27.49023973944786,0.5832990701890616,21,,0.9161770289933908,0,-1.1709685000330168,99.375,155.4909090909091,45575,,0.007971047546403112
song,geometric,holdout,333,0.5,49,4-8,4,6,64.65735587532842,0.9199179493242211,24,,0.8567253612595183,0,-1.3547820383465026,79.0,140.94545454545454,46307,,0.27501758045077584
song,geometric,holdout,334,0.5,35,2-4,11,8,82.697332824342,0.771771851344892,88,,0.9226171848461624,0,-0.9013799607401312,285.25,162.14545454545456,45428,,0.08597953427806652
song,geometric,holdout,335,0.5,16,4-8,14,8,139.27754539048047,0.32445886026433846,112,,0.9124961315180969,0,-0.7335781709580163,365.0,144.01818181818183,45701,,0.027368187652378837
song,geometric,holdout,336,0.5,34,2-8,2,4,8.428222663340392,0.677890226638551,8,,0.8595692349907691,0,-1.4393987492126492,44.75,159.3272727272727,45637,,0.03487771463648758
song,geometric,holdout,337,0.5,18,1-3,14,8,153.04598442456913,0.3917558960918994,112,,0.914724804957449,0,-0.791303318539334,432.25,207.63636363636363,45997,,0.010412126310861117
song,geometric,holdout,338,0.5,32,2-4,4,4,15.938397074609819,0.8361918246224642,16,,0.9240129784610414,0,-1.368526781881467,85.125,183.4181818181818,45961,,0.027382137366369283
song,geometric,holdout,339,0.5,22,2-4,3,2,94.14850931627754,0.0038760575984496835,6,,0.923263969586108,0,-1.606748784859895,42.0,123.98181818181818,45904,,0.050832083034702616
song,geometric,holdout,340,0.5,44,2-4,14,5,73.65001038038733,0.47468054926996445,70,,0.9445781760642231,0,-1.093197743801119,215.375,212.94545454545454,45723,,0.010881542298827212
song,geometric,holdout,341,0.5,43,1-3,6,7,80.66646552285376,0.422379242343025,42,,0.9399315215420423,0,-1.0905560756259312,272.125,263.5272727272727,45915,,0.3316705957014105
song,geometric,holdout,342,0.5,13,2-8,16,5,20.148771740944806,0.6033582137507982,80,,0.9082669301264146,0,-0.7159020079295324,392.875,161.12727272727273,45960,,0.10468617040725824
song,geometric,holdout,343,0.5,55,4-8,12,7,49.50553793174504,0.7016693095302835,84,,0.8984654350211969,0,-0.9156840337394877,209.75,151.0,45743,,0.06378561443923378
song,geometric,holdout,344,0.5,33,1-3,3,7,130.70101338141575,0.1156597912404015,21,,0.9527884868310388,0,-1.2960377259576634,132.125,195.34545454545454,45954,,0.0010872296909002544
song,geometric,holdout,345,0.5,24,1-3,10,3,66.73865749207843,0.13663132937143532,30,,0.9509979406288225,0,-1.1166600374790563,175.625,225.94545454545454,45918,,0.002004085279356024
song,geometric,holdout,346,0.5,50,2-8,7,4,45.492378551668104,0.30985157402236535,28,,0.9072790649049941,0,-1.3396017251662125,101.125,209.1090909090909,45811,,0.010112903334845012
song,geometric,holdout,347,0.5,30,2-8,15,6,109.32549681064488,0.8605863369596114,90,,0.9199100445998772,0,-0.9958598794337226,200.0,144.54545454545453,45849,,0.03287973314247176
song,geometric,holdout,348,0.5,55,4-8,4,7,141.05184098380678,0.26382017637721544,28,,0.8159106822256997,0,-1.1938392645012508,103.375,209.0,45394,,0.1527624213151219
song,geometric,holdout,349,0.5,12,2-8,3,8,131.32981434704982,0.916120514223567,24,,0.9051134917660173,0,-1.5748903457591046,75.375,165.94545454545454,45598,,0.045174994798780795
song,geometric,holdout,350,0.5,53,1-3,15,5,46.555818551089345,0.7642223306486272,75,,0.939365499827467,0,-0.9805555451135239,313.875,249.45454545454547,45860,,0.188469834323194
song,geometric,holdout,351,0.5,35,1-3,8,2,72.46830396805615,0.9363137041956021,16,,0.9217692419816846,0,-1.0106255640358257,124.75,125.63636363636364,46227,,0.04891908252469177
song,geometric,holdout,352,0.5,51,2-8,16,2,85.86775884601721,0.8068860139246196,32,,0.9054023512420808,0,-1.2091707544890342,123.625,156.01818181818183,45417,,0.10107821192023671
song,geometric,holdout,353,0.5,53,1-3,10,2,19.002811745440493,0.22204020984996062,20,,0.9326529194460081,0,-1.160928680662716,153.375,182.23636363636365,45647,,0.001819930417439142
song,geometric,holdout,354,0.5,14,2-8,13,2,95.2933354306404,0.21495263320556066,26,,0.9351146040237142,0,-1.356742054015381,95.75,163.6,45437,,0.007780673646779117
song,geometric,holdout,355,0.5,41,4-8,2,5,52.561291633836156,0.1403417203003794,10,,0.8901521549956882,0,-1.5257242972965126,51.625,164.3272727272727,45581,,0.03856122112479044
song,geometric,holdout,356,0.5,51,2-4,2,6,25.43098849670318,0.38875887600211967,12,,0.9026610838030997,0,-1.484219390343244,63.25,175.56363636363636,45743,,0.018293460380981896
song,geometric,holdout,357,0.5,37,1-3,8,2,148.9139444794092,0.08921675051522898,16,,0.9466211871740753,0,-1.107715020604641,133.625,143.3272727272727,45683,,0.02610509335720181
song,geometric,holdout,358,0.5,49,1-3,4,1,41.02384953910148,0.3837252938445817,4,,0.7587015215748099,0,-0.7739150448273086,54.0,43.72727272727273,45805,,0.48457736244664085
song,geometric,holdout,359,0.5,57,1-3,6,4,65.91784504878379,0.14694929686961106,24,,0.9580418349338555,0,-1.192913649218136,189.625,220.45454545454547,45787,,0.02479886913276446
song,geometric,holdout,360,0.5,27,4-8,6,2,119.00038406498193,0.06264331914056408,12,,0.930726489261884,0,-1.5615798094953823,45.125,145.98181818181817,45884,,0.003434090132397091
song,geometric,holdout,361,0.5,46,2-4,16,3,32.478327300879826,0.39500491784531183,48,,0.9231953840862794,0,-1.2521065784193754,147.375,214.03636363636363,45715,,0.004139354403065698
song,geometric,holdout,362,0.5,25,1-3,8,4,128.1331689644192,0.7598112672838271,32,,0.939982117962383,0,-0.9900900915537056,178.25,143.94545454545454,46026,,0.0026258381554565852
song,geometric,holdout,363,0.5,43,2-4,14,4,46.27172480074023,0.4017308432381317,56,,0.935306967495283,0,-1.2066516718889113,178.125,230.21818181818182,45698,,0.008258198009694125
song,geometric,holdout,364,0.5,50,4-8,10,8,87.663535311125,0.5451483918481419,80,,0.890747597060576,0,-0.926356479991443,219.75,161.56363636363636,45452,,0.1124585900645711
song,geometric,holdout,365,0.5,43,4-8,15,6,15.776970040971285,0.5027463617117293,90,,0.9048595458808669,0,-1.152746489949648,168.0,199.16363636363636,45847,,0.0012621065367140142
song,geometric,holdout,366,0.5,60,4-8,7,7,98.24443516559454,0.7224470123433244,49,,0.8949967888630991,0,-1.133061540154079,134.0,158.65454545454546,45582,,0.02625131430963533
song,geometric,holdout,367,0.5,38,2-8,14,8,21.113802223419604,0.8267833753372004,112,,0.9251322175295102,0,-0.9102126564737012,251.375,163.38181818181818,45816,,0.011726491540998332
song,geometric,holdout,368,0.5,34,2-8,9,8,124.51473883828967,0.01681868971738653,72,,0.919881407528554,0,-1.0286458974975612,209.0,187.25454545454545,45699,,0.014434260027319337
song,geometric,holdout,369,0.5,27,2-4,3,4,135.03350694922443,0.5693096521682751,12,,0.9532100132530724,0,-1.2036562920392053,91.625,130.6,45649,,0.01234511236491543
song,geometric,holdout,370,0.5,36,2-8,7,5,22.295157535420028,0.3556110439983375,35,,0.9131060499575909,0,-1.4371245510152715,94.625,209.56363636363636,46285,,0.0010248218826489947
song,geometric,holdout,371,0.5,56,2-8,12,4,139.35622865249596,0.4949761683574404,48,,0.9064567520833275,0,-1.146262570702635,146.375,177.6727272727273,46024,,0.024092608047759593
song,geometric,holdout,372,0.5,29,1-3,10,5,56.45995564893372,0.22709672313811408,50,,0.9433919794150004,0,-1.0662902622611243,298.375,267.1636363636364,45642,,0.11583577806709486
song,geometric,holdout,373,0.5,48,2-4,16,3,67.62858597504105,0.8437172311408087,48,,0.9620947593253076,0,-1.1173715847115595,161.0,166.4909090909091,45629,,0.0022309968981714464
song,geometric,holdout,374,0.5,28,1-3,11,5,108.64738909219149,0.2601506260709406,55,,0.9255534393354026,0,-1.0241521564112936,335.75,260.96363636363634,45883,,0.4397517044397285
song,geometric,holdout,375,0.5,13,1-3,14,3,26.229918986990892,0.8748815072791417,42,,0.9376124505608592,0,-0.9444377165030954,311.0,210.3090909090909,45552,,0.03752832418678287
song,geometric,holdout,376,0.5,33,2-8,11,8,109.76895935295201,0.11835913081263191,88,,0.8892277199260346,0,-0.8425572989488129,291.625,179.14545454545456,45471,,0.3130273375458651
song,geometric,holdout,377,0.5,59,1-3,8,1,151.67748429077716,0.5024698619575495,8,,0.7770042534081509,0,-0.7524180262847799,78.875,64.8,45665,,0.16984517414438866
song,geometric,holdout,378,0.5,55,1-3,3,6,115.52403684891384,0.7661738539322298,18,,0.9262649724594728,0,-0.9240956152410416,154.0,107.50909090909092,45566,,0.0059361124311596986
song,geometric,holdout,379,0.5,42,2-4,4,7,159.60016781354273,0.6082868989086374,28,,0.9319977572116016,0,-1.3057756712494726,125.75,211.76363636363635,46038,,0.11862519952534821
song,geometric,holdout,380,0.5,56,4-8,10,6,17.413062609106888,0.30596620166529137,60,,0.7880605921683528,0,-0.9632983983234227,166.125,195.5818181818182,45453,,0.2487047059497782
song,geometric,holdout,381,0.5,42,1-3,3,7,157.8175258150235,0.834690054769651,21,,0.8982659641930606,0,-0.9835260742845636,157.625,139.78181818181818,45559,,0.10006902890016417
song,geometric,holdout,382,0.5,35,2-4,10,3,41.79038422745636,0.4142607624774048,30,,0.8861316742047618,0,-1.3532272264133227,124.25,248.78181818181818,45859,,0.28864321898099304
song,geometric,holdout,383,0.5,16,2-8,9,1,117.76184212348598,0.5637252616063237,9,,0.9440269587964254,0,-1.847108736498405,33.75,167.14545454545456,46078,,0.006061022993073632
song,geometric,holdout,384,0.5,45,1-3,12,4,18.67581203449768,0.49810742162448585,48,,0.9554210972008783,0,-1.1023667429910808,258.5,273.6363636363636,45577,,0.012699394004888894
song,geometric,holdout,385,0.5,32,2-4,3,1,57.325306959478496,0.35983335722739207,3,,0.795324148003395,0,-1.2189408234114232,32.5,59.90909090909091,45715,,0.23766270422687075
song,geometric,holdout,386,0.5,49,2-4,6,3,10.973302169550054,0.3805379736299583,18,,0.9376120207357851,0,-1.5112267715689498,80.125,211.70909090909092,45567,,0.004262204535336219
song,geometric,holdout,387,0.5,12,2-4,15,5,17.705088283598336,0.4104551922504592,75,,0.9163326876475915,0,-0.8872668182969989,340.375,202.92727272727274,45743,,0.003426613201778142
song,geometric,holdout,388,0.5,12,2-4,11,2,91.19344847751539,0.8408819936299495,22,,0.936873999231855,0,-1.2362890201379895,114.75,162.5090909090909,45800,,0.06365291523979348
song,geometric,holdout,389,0.5,20,2-4,13,4,19.63093314363771,0.243839706485056,52,,0.9461503561504297,0,-1.1261893712961344,243.125,234.4,45650,,0.009635271276157873
song,geometric,holdout,390,0.5,44,2-8,14,3,46.16059938007499,0.9068125238756259,42,,0.9241468564802784,0,-1.1838093449022105,124.125,172.83636363636364,45371,,0.009134175449731982
song,geometric,holdout,391,0.5,33,4-8,7,8,66.82029489974491,0.42309699189277117,56,,0.8793578487438132,0,-0.9782514552273942,193.5,162.05454545454546,45629,,0.3178270457456311
song,geometric,holdout,392,0.5,22,1-3,2,5,117.92657921099766,0.15614061918115046,10,,0.9641324006294527,0,-1.317290423919999,136.625,263.1272727272727,45949,,0.07091882743755507
song,geometric,holdout,393,0.5,17,4-8,13,7,115.09950172937879,0.20294910425482895,91,,0.9056067684636546,0,-0.6583576093901061,401.75,143.9090909090909,45867,,0.4968963066666299
song,geometric,holdout,394,0.5,52,2-4,4,6,158.61592428209624,0.41086674774040904,24,,0.9480816670533775,0,-1.3341529583857024,110.375,222.12727272727273,45880,,0.01240457946455101
song,geometric,holdout,395,0.5,18,2-4,3,5,63.850048555885145,0.5022418742367879,15,,0.9582470706914886,0,-1.213485801716458,105.375,143.05454545454546,45875,,0.0025361766801347634
song,geometric,holdout,396,0.5,12,2-8,16,6,63.35588535304811,0.3114725278852752,96,,0.8895785032835781,0,-0.6411775575972485,390.5,129.1818181818182,45489,,0.0778131150978272
song,geometric,holdout,397,0.5,37,2-8,9,3,127.19599438918006,0.8438956061244356,27,,0.946072511390081,0,-1.3240871698983507,94.5,135.72727272727272,45894,,0.016325014181287074
song,geometric,holdout,398,0.5,27,2-8,2,1,135.14884814438366,0.1182467868052243,2,,0.7740069980408563,1,-0.9096770589557456,7.0,0.8181818181818182,45821,,0.0023898386955656
song,geometric,holdout,399,0.5,40,1-3,14,2,139.1372883591859,0.15986561426042617,28,,0.9500862474546443,0,-1.026777397483953,216.0,179.8181818181818,45964,,0.09216470518864861
song,geometric,holdout,400,0.5,16,2-8,3,8,30.84461740104183,0.5317463333323373,24,,0.947024740543108,0,-1.1893473815943711,154.75,167.0,45259,,0.06184150860877575
song,geometric,holdout,401,0.5,26,1-3,9,7,138.49060053206236,0.8864381519886508,63,,0.8783421261733981,0,-0.9352647973872026,241.875,167.8181818181818,46244,,0.052623924428295166
song,geometric,holdout,402,0.5,41,1-3,4,1,135.61861698380977,0.20535105266164227,4,,0.8516512365547544,0,-0.6126746278730096,52.375,18.69090909090909,45542,,0.03238447570103121
song,geometric,holdout,403,0.5,25,2-8,8,4,11.26094020717291,0.6093182395826942,32,,0.9091078603354659,0,-1.1957589143254765,151.75,178.61818181818182,45808,,0.13429508337079862
song,geometric,holdout,404,0.5,36,2-4,12,3,33.11566537943115,0.4052402176486553,36,,0.9439805412998934,0,-1.1997022630837442,167.125,202.07272727272726,45733,,0.019791162576366973
song,geometric,holdout,405,0.5,52,2-4,2,3,43.43444073202364,0.5884276013940818,6,,0.9257464605390062,0,-1.477487966626044,51.75,155.0909090909091,45818,,0.2505188100262008
song,geometric,holdout,406,0.5,25,1-3,13,6,99.6425485111256,0.9292195492672274,78,,0.8844382240752895,0,-0.8550493629097518,261.0,149.8181818181818,45645,,0.02004969583483045
song,geometric,holdout,407,0.5,45,4-8,2,6,146.99667766173675,0.000873594515538828,12,,0.9159085107864644,0,-1.5760845655569948,44.5,137.85454545454544,45899,,0.001085853247845238
song,geometric,holdout,408,0.5,25,2-4,14,6,15.501935195545846,0.5105355605546145,84,,0.9441832254459459,0,-1.0995948351274003,256.625,238.4909090909091,45804,,0.002714732183191798
song,geometric,holdout,409,0.5,51,4-8,14,1,72.90058403410242,0.8365519665982385,14,,0.7920541972902144,0,-1.4133412303216317,50.875,172.1090909090909,45645,,0.2528226708345148
song,geometric,holdout,410,0.5,53,1-3,4,1,93.46107227701827,0.746837380002686,4,,0.787608966950951,0,-0.6403517754398762,58.125,30.672727272727272,45845,,0.1691785373728377
song,geometric,holdout,411,0.5,35,1-3,6,2,149.47499750621637,0.9103342134271519,12,,0.7536911558620106,0,-0.954988539063613,105.5,125.47272727272727,45545,,0.11036031803641072
song,geometric,holdout,412,0.5,45,2-8,7,3,15.283218967778222,0.7592407104781332,21,,0.8766544707038735,0,-1.3556219286127504,78.375,206.85454545454544,45941,,0.024816533537480583
song,geometric,holdout,413,0.5,25,4-8,8,5,60.8238017412387,0.8280701860438677,40,,0.9257284955993021,0,-1.2685968192437862,102.375,146.4909090909091,45480,,0.0011209607603375287
song,geometric,holdout,414,0.5,44,1-3,16,8,47.90240995613717,0.9184770100884385,128,,0.9396117248339395,0,-0.9030935166364689,331.25,208.4,46147,,0.008114923125391141
song,geometric,holdout,415,0.5,30,2-4,7,1,109.0755305258669,0.5835646816461656,7,,0.8618657263069086,0,-1.0417493436501584,47.75,39.07272727272727,45846,,0.0062911779322627455
song,geometric,holdout,416,0.5,31,4-8,13,7,115.24543414977715,0.6810561336959953,91,,0.9210454909592828,0,-0.9146140294706492,228.25,128.43636363636364,45729,,0.025908689795014775
song,geometric,holdout,417,0.5,24,2-4,5,2,68.11195172653672,0.08611932235510406,10,,0.9486065964637257,0,-1.4531656342749963,69.625,152.6727272727273,45884,,0.07276896291756522
song,geometric,holdout,418,0.5,59,2-4,8,4,22.767831964342555,0.35539587297731884,32,,0.9271604588435373,0,-1.3574163785299738,123.75,232.29090909090908,45940,,0.011532990257283333
song,geometric,holdout,419,0.5,31,1-3,5,5,79.84308744942936,0.6713670300996537,25,,0.9528861251952916,0,-1.1447763807264038,169.875,193.65454545454546,45621,,0.02293384958889917
song,geometric,holdout,420,0.5,19,1-3,13,7,24.163377446528177,0.05971218286625251,91,,0.903429853994813,0,-0.792471969300264,516.75,252.01818181818183,45724,,0.1090476918801934
song,geometric,holdout,421,0.5,25,1-3,6,1,126.1286677136547,0.29028964631180165,6,,0.8292203227415422,0,-0.7559653719514396,67.75,43.07272727272727,45669,,0.04810929944075214
song,geometric,holdout,422,0.5,55,2-8,12,1,16.68545202752346,0.06721815664497,12,,0.9303699357676861,0,-1.2712473725719056,59.75,123.30909090909091,45955,,0.005611428892234048
song,geometric,holdout,423,0.5,25,1-3,4,8,52.26569357681015,0.09348895381405523,32,,0.937655157292786,0,-1.1286513592798255,275.125,278.6727272727273,45665,,0.12943059515519442
song,geometric,holdout,424,0.5,48,1-3,16,8,151.2986610937489,0.6394295998118302,128,,0.9343202076990964,0,-0.9113248883683225,316.375,209.72727272727272,45590,,0.0023165765570048297
song,geometric,holdout,425,0.5,36,1-3,5,6,122.551843110372,0.7652921029578011,30,,0.9405578193122016,0,-0.9782390158592228,223.5,179.61818181818182,45907,,0.27445124656116854
song,geometric,holdout,426,0.5,58,2-8,3,4,72.97367798976235,0.055507027012421536,12,,0.7229046537925717,0,-1.3200131888869375,34.0,199.05454545454546,45439,,0.2051730569562974
song,geometric,holdout,427,0.5,13,1-3,15,8,93.91854632129035,0.5703150182212915,120,,0.8539265805729004,0,-0.6908158891430098,447.375,161.92727272727274,45805,,0.017070600029316957
song,geometric,holdout,428,0.5,57,4-8,10,3,150.06143593489585,0.3994647729374553,30,,0.8941783276229426,0,-1.2071487598786572,101.875,159.98181818181817,45689,,0.05107583562896288
song,geometric,holdout,429,0.5,39,2-8,16,1,103.05965049336953,0.502214672939075,16,,0.9511588644969475,0,-1.472705685400918,60.5,133.27272727272728,45628,,0.00440321510796042
song,geometric,holdout,430,0.5,13,2-8,7,5,38.61636088229291,0.6842298175699773,35,,0.9424153253662905,0,-1.2173249967272672,144.5,175.05454545454546,45831,,0.009853330287184199
song,geometric,holdout,431,0.5,34,1-3,9,7,124.54272985945043,0.2511303505233987,63,,0.9491023771470566,0,-1.0175146844503162,272.75,235.01818181818183,45846,,0.004288869670372808
song,geometric,holdout,432,0.5,40,2-8,10,8,74.71846954318684,0.5504405879808548,80,,0.9140812259990119,0,-1.0441397184664742,198.0,162.3090909090909,45851,,0.005072483843003095
song,geometric,holdout,433,0.5,56,4-8,10,6,138.1348563901359,0.4391478860514398,60,,0.8814025579074898,0,-0.9790480271517783,173.125,163.3090909090909,45736,,0.06736550788379306
song,geometric,holdout,434,0.5,17,2-4,12,2,114.45764591749204,0.9124873390057562,24,,0.8657108974932299,0,-1.0768209672783275,142.375,114.0909090909091,45965,,0.3633428600656906
song,geometric,holdout,435,0.5,45,1-3,2,1,95.13598957036473,0.10433528273411252,2,,0.7267339928077646,0,-0.7005220339177713,35.875,17.036363636363635,45649,,0.15338309673052586
song,geometric,holdout,436,0.5,43,1-3,2,7,12.277255451123679,0.9207610678009048,14,,0.9231830693743175,0,-1.087325537424409,120.5,134.45454545454547,45419,,0.014703571658523582
song,geometric,holdout,437,0.5,29,2-8,5,1,101.40115721920134,0.3287444556592142,5,,0.8800051049288802,0,-1.1234852315858403,31.875,40.29090909090909,45800,,0.009794028177052992
song,geometric,holdout,438,0.5,52,1-3,14,7,40.57833744872213,0.5966218595111892,98,,0.9286979697427293,0,-0.9448898366817516,395.125,259.94545454545454,45682,,0.16142013799267396
song,geometric,holdout,439,0.5,53,1-3,7,8,34.49583981434054,0.2763444934664914,56,,0.9388937875513393,0,-1.0802369654418609,315.5,287.6181818181818,45545,,0.09059057956156011
song,geometric,holdout,440,0.5,26,1-3,14,1,61.100796055253426,0.5321461988642328,14,,0.8924901785783945,0,-0.9620408263884588,105.0,127.38181818181818,45889,,0.002809594231912781
song,geometric,holdout,441,0.5,28,4-8,4,3,38.36776827095625,0.8435541681609298,12,,0.878439884112733,0,-1.504149013385412,48.5,164.92727272727274,46038,,0.12091857206509289
song,geometric,holdout,442,0.5,22,1-3,12,2,46.17047797572704,0.8225018191839869,24,,0.9450508760436556,0,-1.128522501807777,170.375,202.94545454545454,45694,,0.16208597877823752
song,geometric,holdout,443,0.5,43,2-4,4,5,88.61987817797477,0.399014212180956,20,,0.9362590554452812,0,-1.3815645591217938,114.0,210.94545454545454,45510,,0.07173446919147833
song,geometric,holdout,444,0.5,22,2-8,9,4,80.27790430625868,0.6901494615336458,36,,0.9372687637469614,0,-1.1517924308552572,128.25,147.05454545454546,45684,,0.022685233528381463
song,geometric,holdout,445,0.5,16,4-8,14,5,112.14737861977935,0.8854001007630183,70,,0.9165643190584136,0,-1.0737146157056026,169.125,150.47272727272727,45701,,0.015205229224324754
song,geometric,holdout,446,0.5,49,2-8,16,7,127.4225741744015,0.5551089399303769,112,,0.9189553450965133,0,-0.9416507609791908,240.75,173.1818181818182,46426,,0.013091349553799382
song,geometric,holdout,447,0.5,56,4-8,4,7,114.06180506578528,0.020088771058780514,28,,0.8635653114284682,0,-1.2518260817885345,89.0,196.47272727272727,45612,,0.017499253999733774
song,geometric,holdout,448,0.5,51,4-8,10,4,65.12440862770532,0.24332067080749442,40,,0.889494590627034,0,-1.1591978424846983,128.125,177.14545454545456,45876,,0.01771637847252158
song,geometric,holdout,449,0.5,59,4-8,12,7,51.9305684136326,0.5051393946838818,84,,0.8371070862908119,0,-0.858310707060846,221.375,155.6909090909091,45798,,0.49973657710903313
song,geometric,holdout,450,0.5,45,4-8,3,1,35.35635845901856,0.387636467690553,3,,0.9066284739643061,0,-1.4765495483244304,24.25,55.56363636363636,45868,,0.08020004392278744
song,geometric,holdout,451,0.5,24,2-4,11,6,71.99409385192959,0.18126388522235065,66,,0.9403519405015963,0,-1.1007071387685696,236.875,240.8909090909091,45758,,0.019833221588673778
song,geometric,holdout,452,0.5,48,2-8,5,6,60.96419040700311,0.6538895687133969,30,,0.9489041455754271,0,-1.3172937717944015,92.625,157.8181818181818,45878,,0.0012075476546576044
song,geometric,holdout,453,0.5,26,2-4,16,7,146.8436844569655,0.6974467644107377,112,,0.9297667703594741,0,-0.9755365139909695,263.125,178.3090909090909,45736,,0.0032039770001850835
song,geometric,holdout,454,0.5,22,1-3,12,8,99.99675077100626,0.9379445014623436,96,,0.8788197637390914,0,-0.9079917857407298,249.875,139.2,45982,,0.008499723858438384
song,geometric,holdout,455,0.5,39,4-8,15,5,112.69579213909766,0.6829089717287091,75,,0.9113923974502944,0,-0.9693601284637114,193.5,141.61818181818182,45997,,0.03422746014255888
song,geometric,holdout,456,0.5,43,4-8,14,6,135.06808277253486,0.12240713225470548,84,,0.8706323349559164,0,-0.8423732574024216,231.375,172.87272727272727,45743,,0.13572433361168226
song,geometric,holdout,457,0.5,20,2-4,6,6,137.1782571347832,0.6216660804426598,36,,0.9481600204281755,0,-1.2441411745337434,144.0,186.34545454545454,45830,,0.007660455800747055
song,geometric,holdout,458,0.5,59,2-4,2,8,97.04196312428242,0.23536569402860458,16,,0.9562260563797657,0,-1.5765664703113593,69.375,181.12727272727273,45769,,0.001692198338575864
song,geometric,holdout,459,0.5,39,4-8,11,4,13.437671679774013,0.35702788398503477,44,,0.9089861154441713,0,-1.190829627854478,132.5,196.14545454545456,45925,,0.012638666692210945
song,geometric,holdout,460,0.5,60,2-4,14,1,139.1258009831128,0.5959539737131793,14,,0.9196250517038453,0,-1.2997544092094784,70.75,102.25454545454545,45471,,0.04543397244292282
song,geometric,holdout,461,0.5,33,4-8,6,8,53.715668237387575,0.21230238168364665,48,,0.8944562725097749,0,-1.1172175445242143,155.75,183.3090909090909,45591,,0.03927096025897704
song,geometric,holdout,462,0.5,31,1-3,11,1,121.90158834268772,0.08792076963192773,11,,0.8905514066284566,0,-1.060596331609049,73.625,83.38181818181818,45605,,0.012656620242045028
song,geometric,holdout,463,0.5,15,1-3,4,7,121.97894290612554,0.7794583136594859,28,,0.862861296699466,0,-0.8545945549900449,225.25,151.01818181818183,46347,,0.07297461243100976
song,geometric,holdout,464,0.5,47,2-8,9,5,69.14284392551886,0.7683093490527663,45,,0.899495899629362,0,-1.088204419963413,158.0,150.34545454545454,45253,,0.1770729306786778
song,geometric,holdout,465,0.5,19,2-4,12,2,80.57281387925967,0.5715612914081465,24,,0.9600373461093786,0,-1.1617816108612624,135.875,151.34545454545454,45863,,0.03001511161239301
song,geometric,holdout,466,0.5,15,2-4,8,5,134.6755569391944,0.05830176757205448,40,,0.9477129540170095,0,-1.2220744560001329,179.5,239.0909090909091,45766,,0.03148056576975847
song,geometric,holdout,467,0.5,46,1-3,16,2,147.87144585631427,0.12586506353906599,32,,0.9552875079447911,0,-1.0937611149105937,192.75,178.94545454545454,45900,,0.02711282230052468
song,geometric,holdout,468,0.5,47,2-4,8,7,8.409422860836894,0.8994898192050382,56,,0.9206044626387518,0,-1.3545856197716692,149.25,270.4727272727273,45689,,0.0041143262448347555
song,geometric,holdout,469,0.5,27,2-8,2,5,89.34298443460403,0.49888527854879755,10,,0.8526387479137103,0,-1.4491769441258529,59.0,159.29090909090908,45642,,0.5006960803853622
song,geometric,holdout,470,0.5,31,1-3,10,3,80.6093589498079,0.3842364525820709,30,,0.9427585117440455,0,-1.0441108784319209,224.0,236.87272727272727,45759,,0.06729031272404477
song,geometric,holdout,471,0.5,23,2-8,11,4,15.253020141231895,0.4587462159031998,44,,0.8930234632729455,0,-1.0097803991085308,214.25,177.3272727272727,45838,,0.37888786298956884
song,geometric,holdout,472,0.5,34,1-3,4,8,27.15358147021728,0.5049244752993969,32,,0.9503004560637244,0,-1.1856646386564318,219.125,267.05454545454546,45707,,0.03888775208359859
song,geometric,holdout,473,0.5,55,4-8,11,7,152.95468882216056,0.8778991324497717,77,,0.8936909847726597,0,-1.1162753861107835,154.0,146.14545454545456,46295,,0.04222853449617537
song,geometric,holdout,474,0.5,33,2-8,9,4,130.01144690132327,0.8360435043831093,36,,0.9435537389057076,0,-1.3079014113460552,91.5,134.03636363636363,45612,,0.0021424173156421923
song,geometric,holdout,475,0.5,24,2-4,15,4,100.1345749368479,0.3717939398148662,60,,0.9174720625600081,0,-0.9948970832418083,269.0,209.6909090909091,45631,,0.3163845330434997
song,geometric,holdout,476,0.5,13,2-8,8,3,49.13398083121531,0.8300522041834841,24,,0.9389455335980641,0,-1.3440082776536824,94.0,170.8909090909091,46336,,0.004130086527504596
song,geometric,holdout,477,0.5,19,1-3,16,2,60.700134651280116,0.3788707527162142,32,,0.9422871589586017,0,-1.0417577120288422,194.5,176.92727272727274,45806,,0.002960762069168382
song,geometric,holdout,478,0.5,32,1-3,3,7,35.019103050678936,0.7074780423760013,21,,0.9483968501727542,0,-1.0845962756956609,189.625,194.3272727272727,46279,,0.37647076377658456
song,geometric,holdout,479,0.5,53,4-8,9,1,66.81346225589937,0.010508447273864723,9,,0.9324924574363771,0,-1.4495844481101805,38.75,65.34545454545454,45539,,0.001038538231161548
song,geometric,holdout,480,0.5,27,2-4,7,4,111.14111536640785,0.8459835577400318,28,,0.9232829633397569,0,-1.2520074030750443,127.25,173.85454545454544,45998,,0.06388004125420213
song,geometric,holdout,481,0.5,37,1-3,14,2,119.18175596349124,0.17840703449113599,28,,0.9476824666392737,0,-0.9657671253152978,173.125,154.14545454545456,45899,,0.007412170598757973
song,geometric,holdout,482,0.5,36,4-8,9,4,140.58143251198945,0.6009578673327405,36,,0.9430140784817596,0,-1.1841670977033378,122.0,132.29090909090908,45532,,0.00933430679157555
song,geometric,holdout,483,0.5,53,4-8,12,1,84.12543710458394,0.1917338004122673,12,,0.91761123393717,0,-1.5200814493250314,46.875,150.3272727272727,45571,,0.0238122161108407
song,geometric,holdout,484,0.5,26,2-4,7,7,117.27621026432267,0.782200099819359,49,,0.9441296907079009,0,-1.1575494966960393,176.25,166.98181818181817,45552,,0.0179963887598268
song,geometric,holdout,485,0.5,56,1-3,13,1,122.84582286464497,0.005521892088795521,13,,0.8916576363122569,0,-0.8497123947842838,103.875,99.0909090909091,45700,,0.02796122970245752
song,geometric,holdout,486,0.5,16,2-4,9,2,81.70077416081699,0.17147714572417866,18,,0.9545735350693878,0,-1.3117046461490636,112.375,190.5818181818182,45746,,0.046548720098218976
song,geometric,holdout,487,0.5,12,4-8,3,6,132.11900993670486,0.014372590483693881,18,,0.9194859811131757,0,-1.3111065164151614,88.375,166.94545454545454,45624,,0.006283204162705639
song,geometric,holdout,488,0.5,13,1-3,11,7,112.97411200922508,0.77060196053185,77,,0.8063901461940292,0,-0.7028281913356516,346.75,140.0909090909091,45676,,0.21618006618429894
song,geometric,holdout,489,0.5,57,1-3,5,7,109.13734804442022,0.6926447801080203,35,,0.9564172174562492,0,-1.0815042246086919,177.75,199.63636363636363,46033,,0.01814575478553473
song,geometric,holdout,490,0.5,15,4-8,15,2,108.0487715865172,0.2899039232377935,30,,0.9111821046194049,0,-1.112738934998129,123.5,143.4181818181818,45632,,0.07979501044723587
song,geometric,holdout,491,0.5,56,1-3,7,4,34.51201953428661,0.7621331598644234,28,,0.9426248669592056,0,-1.1641426441795621,177.625,214.45454545454547,45754,,0.42297677164774494
song,geometric,holdout,492,0.5,48,4-8,15,8,157.70141559935092,0.8920934428032143,120,,0.9082722542395272,0,-0.9899429586880063,193.625,122.9090909090909,45256,,0.042999504264846056
song,geometric,holdout,493,0.5,24,2-8,2,4,28.443410108611182,0.32538104112147376,8,,0.916339815632246,0,-1.6315010434986512,52.0,162.05454545454546,45970,,0.01897653062655614
song,geometric,holdout,494,0.5,49,1-3,6,2,40.63716182369214,0.9401745960534161,12,,0.9139565111816602,0,-0.9979092761646333,106.875,159.9090909090909,46231,,0.07493766553458825
song,geometric,holdout,495,0.5,17,4-8,12,2,65.57548751284472,0.7319984449030762,24,,0.9316491169496297,0,-1.4158978982474164,72.875,156.47272727272727,45851,,0.0010309928523703797
song,geometric,holdout,496,0.5,15,1-3,5,4,74.69717962388901,0.5952294371067824,20,,0.9485971396346288,0,-1.0236366525888445,216.875,192.8181818181818,45219,,0.1717601906652909
song,geometric,holdout,497,0.5,36,2-8,3,7,79.77239741093582,0.5115267084097507,21,,0.9118044904122966,0,-1.299101320697527,81.375,183.52727272727273,45541,,0.010985168047256596
song,geometric,holdout,498,0.5,40,2-8,4,4,152.82239102334447,0.6492830344368363,16,,0.8738646618952242,0,-1.3644588149326466,64.25,163.56363636363636,45059,,0.04569389852288486
song,geometric,holdout,499,0.5,18,4-8,5,7,40.13299794806409,0.49652016157474727,35,,0.8910093369430656,0,-1.0858082126343538,173.875,174.8909090909091,45697,,0.19743300710029105
