regime,law,set,dataset,threshold,n_elements,length_range,n_words,mean_repeats,shape_exponent,observed_mean_r2,observed_undefined_groups,observed_mean_slope,observed_mean_unit_types,cuts_per_sequence,elements_total,shape_sigma,shape_tail
whale,zipf,holdout,0,0.5,41,2-8,93,7.571675576616643,1.247586794876049,0.9151273481629608,0,-1.1920894782574005,130.625,134.92727272727274,46947,,
whale,zipf,holdout,1,0.5,33,2-8,214,4.750781148160298,0.9633281769754733,0.9226941515256254,0,-0.9175535785686793,238.375,135.36363636363637,45937,,
whale,zipf,holdout,2,0.5,47,4-8,143,8.033430305559268,0.851052925385205,0.9040511402216296,0,-1.111888520590282,161.5,129.23636363636365,45909,,
whale,zipf,holdout,3,0.5,17,2-8,201,6.952061774059998,0.7819620091651021,0.910386160163307,0,-1.025176177856533,209.0,132.6,45018,,
whale,zipf,holdout,4,0.5,18,4-8,116,2.321052962163332,1.280947392639837,0.9465206296819413,0,-0.991730957216421,234.375,180.01818181818183,45627,,
whale,zipf,holdout,5,0.5,40,2-8,198,1.358912406202271,1.2200964200883244,0.9446401248131353,0,-0.9238323468259744,304.0,214.63636363636363,45697,,
whale,zipf,holdout,6,0.5,53,1-3,96,8.08608944617417,0.7376377885836788,0.8942692604848446,0,-0.9952712447080396,238.5,158.78181818181818,46558,,
whale,zipf,holdout,7,0.5,60,2-4,91,5.789285590977483,1.4922474370491376,0.9383517712101339,0,-0.9882758359753467,147.625,112.4,45603,,
whale,zipf,holdout,8,0.5,30,1-3,140,8.464885010972123,1.1739344970562486,0.9104656220368033,0,-1.0843915470885972,184.125,153.52727272727273,45707,,
whale,zipf,holdout,9,0.5,29,4-8,120,6.084834151970925,0.578999362717904,0.9138839692209495,0,-0.9791225580487775,202.0,126.25454545454545,45414,,
whale,zipf,holdout,10,0.5,50,1-3,71,3.8221034404400376,1.0106019266105712,0.9256182773822323,0,-0.8933678066308764,281.5,169.07272727272726,45069,,
whale,zipf,holdout,11,0.5,47,2-4,184,5.250554508888808,1.4606636147220073,0.9439784186505116,0,-1.0716292888161045,164.25,152.3272727272727,45557,,
whale,zipf,holdout,12,0.5,37,2-8,168,7.00987390239185,1.4999752620606115,0.9245952281462466,0,-1.143970201098562,119.75,112.74545454545455,44657,,
whale,zipf,holdout,13,0.5,16,1-3,174,2.0710542188646093,0.6885083041382694,0.8319867262395969,0,-0.6088713996332209,563.125,171.87272727272727,45902,,
whale,zipf,holdout,14,0.5,20,2-4,147,2.793224002489702,1.2066723466455676,0.9288237279156203,0,-0.9001844084395485,289.5,172.4909090909091,45853,,
whale,zipf,holdout,15,0.5,57,4-8,87,8.665648839171482,1.1330537811600199,0.9164124568021055,0,-1.2660622289538837,120.375,132.4909090909091,45684,,
whale,zipf,holdout,16,0.5,56,2-4,47,6.684861689956578,1.1885383807042815,0.9428079163516552,0,-1.2009051563280038,130.625,136.61818181818182,45937,,
whale,zipf,holdout,17,0.5,28,1-3,82,7.530600380004167,0.7769301132510803,0.9000296415841003,0,-1.012242411194345,220.25,152.8,45299,,
whale,zipf,holdout,18,0.5,25,2-8,187,4.449215351625679,1.5822733480061797,0.9460033462225609,0,-1.1514695827492005,130.0,147.72727272727272,46173,,
whale,zipf,holdout,19,0.5,44,4-8,150,6.6963741723475065,0.8512583475072297,0.9193809865711268,0,-1.1241116658846906,170.625,153.14545454545456,46342,,
whale,zipf,holdout,20,0.5,12,1-3,193,3.6004676507789375,1.2400739064025401,0.9094081701132231,0,-0.9290524916182283,298.125,151.54545454545453,46042,,
whale,zipf,holdout,21,0.5,49,1-3,98,1.5780789463589038,1.4165508099313988,0.930126808926893,0,-0.9897797170798994,272.875,184.8909090909091,45952,,
whale,zipf,holdout,22,0.5,23,2-8,188,8.530445528212045,1.4059162237530205,0.8998791952760452,0,-1.1924757170382763,121.5,136.14545454545456,45364,,
whale,zipf,holdout,23,0.5,35,1-3,220,6.9681022146351435,1.5719445048084608,0.9190496329352049,0,-0.947472936747189,163.625,111.47272727272727,45597,,
whale,zipf,holdout,24,0.5,32,2-4,166,5.4083171661865075,1.5597403932636569,0.9411955748394437,0,-1.0428412013786106,152.0,116.61818181818182,45684,,
whale,zipf,holdout,25,0.5,49,2-4,216,6.909080877045944,0.8923217750709712,0.922669934943563,0,-0.9724302242216236,240.0,160.94545454545454,45848,,
whale,zipf,holdout,26,0.5,48,1-3,169,8.358996609426406,0.9110030697908569,0.9091706142836027,0,-0.9987308044009297,220.625,158.92727272727274,46442,,
whale,zipf,holdout,27,0.5,57,4-8,131,4.8950249098501795,1.1044340422120054,0.923709429109483,0,-1.078603763494904,173.75,145.65454545454546,45324,,
whale,zipf,holdout,28,0.5,46,2-4,76,1.929617001530934,0.6682391893693961,0.9182875570752018,0,-1.118266714262599,242.25,248.63636363636363,45595,,
whale,zipf,holdout,29,0.5,35,2-8,162,6.962433435415813,1.1273047765915252,0.9123536379591042,0,-1.159735316632044,144.375,142.9090909090909,45375,,
whale,zipf,holdout,30,0.5,35,4-8,194,8.48975591548772,1.400271234231328,0.9237902245086889,0,-1.2766835163144092,105.75,127.81818181818181,45326,,
whale,zipf,holdout,31,0.5,49,4-8,119,7.270311675912391,0.8054324711304214,0.9219553235145491,0,-1.0797628407533444,165.0,135.65454545454546,46233,,
whale,zipf,holdout,32,0.5,57,2-4,205,1.2237709273961688,0.6434654326636535,0.9124416395758763,0,-0.8954335636138063,428.875,271.2909090909091,45909,,
whale,zipf,holdout,33,0.5,14,1-3,68,1.0836398093124568,0.7257360138878433,0.8635744863804473,0,-0.6919141940824719,616.75,227.78181818181818,45730,,
whale,zipf,holdout,34,0.5,49,1-3,173,4.295959380299628,0.5537117291446232,0.8940388017139012,0,-0.7868765796688139,388.125,169.1090909090909,45522,,
whale,zipf,holdout,35,0.5,24,2-4,165,8.524798281412828,1.0979690566091054,0.9082308075626164,0,-1.085715343767958,173.125,132.8181818181818,45831,,
whale,zipf,holdout,36,0.5,45,2-4,207,2.5044054938307276,0.6180296882027243,0.9165246503871651,0,-0.7658235924186274,428.625,179.6,46137,,
whale,zipf,holdout,37,0.5,36,1-3,108,4.637511995486359,1.077687905327294,0.9314296520294398,0,-0.9191404588668219,260.875,147.4,45779,,
whale,zipf,holdout,38,0.5,25,1-3,167,4.781096312265725,0.8622688058679564,0.9023052603191137,0,-0.8919456701566983,320.125,167.3090909090909,45477,,
whale,zipf,holdout,39,0.5,32,1-3,84,3.465738720573315,1.167532268015664,0.934545948254651,0,-1.0041494395345545,258.125,169.74545454545455,45784,,
whale,zipf,holdout,40,0.5,58,4-8,74,3.151747274848943,1.4249522536563588,0.9377324656040056,0,-1.12265300018443,137.875,143.4,45613,,
whale,zipf,holdout,41,0.5,56,1-3,165,8.194951098865236,1.5229566089332016,0.9098745901324627,0,-0.8821174509015803,165.0,89.6,45903,,
whale,zipf,holdout,42,0.5,19,2-8,73,3.3013627830031904,1.3696465921158048,0.9389358416807703,0,-1.1109916275952003,168.0,165.6909090909091,45034,,
whale,zipf,holdout,43,0.5,52,2-4,174,2.8266469218922428,0.9389899027309917,0.9341497477950044,0,-0.908611522728592,305.75,199.78181818181818,45374,,
whale,zipf,holdout,44,0.5,46,1-3,145,4.42092695482153,0.67507353958375,0.8986820330234027,0,-0.8443498412679309,353.125,179.72727272727272,45710,,
whale,zipf,holdout,45,0.5,35,4-8,112,2.3592589376684217,1.146060002708856,0.9415675764584787,0,-0.9763556288188291,235.75,163.4909090909091,45726,,
whale,zipf,holdout,46,0.5,50,1-3,215,6.728567781638076,1.5465761339281507,0.9394119809403246,0,-0.9480554895878833,167.125,113.01818181818182,46031,,
whale,zipf,holdout,47,0.5,16,4-8,150,2.984907307646287,1.4608596391281985,0.9432243556998163,0,-1.0626466405101658,184.75,150.4181818181818,45802,,
whale,zipf,holdout,48,0.5,47,2-8,85,8.335684384585353,1.0276980283556467,0.9146799185719064,0,-1.173769760239911,128.125,141.0,45361,,
whale,zipf,holdout,49,0.5,28,1-3,219,2.3425442731805175,0.5441106785421725,0.8705976511808483,0,-0.6497387037931912,560.5,182.36363636363637,45810,,
whale,zipf,holdout,50,0.5,36,2-4,126,2.5456779743154447,0.9823931725079844,0.9318145778275911,0,-0.9340485521890236,295.375,202.43636363636364,45901,,
whale,zipf,holdout,51,0.5,12,2-4,185,7.83684686518663,1.1685309697222843,0.9139178943734914,0,-1.1371555322859617,169.875,148.12727272727273,45546,,
whale,zipf,holdout,52,0.5,33,2-4,61,7.777169997756922,0.8026101500023402,0.920412950972042,0,-1.2101473280315962,156.875,145.6909090909091,45929,,
whale,zipf,holdout,53,0.5,40,2-4,67,4.338397677917763,0.8351442727349916,0.9390091347647793,0,-1.0731393341646587,198.75,184.3272727272727,45706,,
whale,zipf,holdout,54,0.5,46,2-4,160,7.685062072162456,0.7390348469365331,0.9259481566307531,0,-1.0949082952006455,215.25,157.05454545454546,46235,,
whale,zipf,holdout,55,0.5,40,2-8,202,4.251953200445033,1.3610659041743418,0.9340418415914236,0,-1.0200785762423954,174.375,131.74545454545455,46136,,
whale,zipf,holdout,56,0.5,31,1-3,205,2.7623488945795405,0.6234378663181792,0.8992907328197735,0,-0.7100229617826448,495.875,183.0909090909091,45978,,
whale,zipf,holdout,57,0.5,16,4-8,137,4.043836437625988,1.0252727860111617,0.9229039203999803,0,-1.0237670837702102,235.625,164.70909090909092,45689,,
whale,zipf,holdout,58,0.5,59,2-4,51,3.844004227975401,1.0373333203698536,0.9237649000499002,0,-1.093272282974931,160.75,167.29090909090908,45805,,
whale,zipf,holdout,59,0.5,56,1-3,162,1.1006759523969532,1.2032286747872831,0.9183684171706059,0,-0.9262122112840271,373.0,289.0181818181818,45834,,
whale,zipf,holdout,60,0.5,30,2-4,134,8.925031152206905,1.255316690480292,0.9297110169643809,0,-1.1799680926344391,145.25,147.5818181818182,45605,,
whale,zipf,holdout,61,0.5,46,2-4,61,4.0478309333848665,0.9839434746847551,0.9364104006054583,0,-1.1149086220647,177.375,186.4181818181818,46262,,
whale,zipf,holdout,62,0.5,38,4-8,186,2.3722609701128192,1.0319346344114393,0.9279769590428786,0,-0.856903045052763,295.5,163.76363636363635,45782,,
whale,zipf,holdout,63,0.5,41,2-8,139,7.927380110886253,1.1274434895358605,0.9236803502081719,0,-1.1827668185458853,147.25,138.85454545454544,45472,,
whale,zipf,holdout,64,0.5,47,4-8,111,5.199316335417839,0.9325044816319459,0.9162019215565746,0,-1.031193274671657,189.5,155.8181818181818,45818,,
whale,zipf,holdout,65,0.5,53,1-3,52,2.0447674681340473,1.0332110898521134,0.935303886465044,0,-1.0686423783221441,273.5,239.07272727272726,46025,,
whale,zipf,holdout,66,0.5,43,4-8,55,5.751088658780189,1.1887023266622898,0.9191137114636883,0,-1.2592131316441277,117.875,156.8,45788,,
whale,zipf,holdout,67,0.5,32,1-3,81,4.018559885014185,0.7647684154362155,0.9136769854084048,0,-0.9133813613192043,303.25,187.78181818181818,45921,,
whale,zipf,holdout,68,0.5,43,2-4,150,7.6684052207961,1.5761509362236934,0.9313388020919602,0,-1.0950795496541206,129.25,104.78181818181818,45656,,
whale,zipf,holdout,69,0.5,19,4-8,201,2.7197247545645373,0.7793649985104849,0.9055302014407439,0,-0.7408202615996589,366.5,141.98181818181817,45630,,
whale,zipf,holdout,70,0.5,47,2-4,67,8.710469070620036,1.4866951164016071,0.9379607596676238,0,-1.121814516167901,120.25,96.54545454545455,45974,,
whale,zipf,holdout,71,0.5,20,4-8,83,6.226680648072324,1.2590261257084456,0.9297529681575527,0,-1.2845659840735943,130.625,164.72727272727272,46168,,
whale,zipf,holdout,72,0.5,28,2-4,68,3.8085839214293644,0.6119767316133768,0.9248765638320245,0,-1.0120090279774214,239.625,179.92727272727274,45679,,
whale,zipf,holdout,73,0.5,53,1-3,157,2.886874604605887,0.5370781394525534,0.9117853019549718,0,-0.7982177192539262,448.875,201.38181818181818,45401,,
whale,zipf,holdout,74,0.5,57,2-4,167,8.402065753048255,1.1274856694982862,0.9225519115247811,0,-1.087951187616328,168.5,143.16363636363636,45930,,
whale,zipf,holdout,75,0.5,25,1-3,124,5.939989504991045,0.8381046106816561,0.9085410422231781,0,-0.9313301701653539,272.375,170.14545454545456,46168,,
whale,zipf,holdout,76,0.5,31,2-4,173,4.748314635016403,1.1055417222629846,0.9434094650169969,0,-0.9763062633233381,244.625,153.4,45656,,
whale,zipf,holdout,77,0.5,59,4-8,94,7.08012250529902,1.2190648604557492,0.9292462716976047,0,-1.2038163887599929,120.375,142.14545454545456,45057,,
whale,zipf,holdout,78,0.5,43,4-8,107,2.5447807420676147,1.0082972401820425,0.9300020340620294,0,-0.9380608458150943,230.5,156.25454545454545,45883,,
whale,zipf,holdout,79,0.5,19,1-3,80,8.511668144669292,0.714313584350139,0.849308989630527,0,-1.0075892241048008,205.625,154.70909090909092,46391,,
whale,zipf,holdout,80,0.5,52,1-3,216,4.659555673251192,1.004815996815367,0.9247958171126687,0,-0.8836527403132486,309.625,171.98181818181817,46342,,
whale,zipf,holdout,81,0.5,47,4-8,111,2.975744416549012,1.392306148207604,0.9355086474775827,0,-1.0578423145581513,169.625,145.45454545454547,45496,,
whale,zipf,holdout,82,0.5,29,2-8,142,8.64782815907264,1.1272002059973563,0.9128964552985248,0,-1.2507734371566135,135.125,147.78181818181818,46087,,
whale,zipf,holdout,83,0.5,40,1-3,101,7.4058388435576115,0.6292581595639405,0.8779909284022771,0,-0.9221147592307912,242.625,151.6,45843,,
whale,zipf,holdout,84,0.5,51,1-3,161,2.4618894405965497,0.9779350043755618,0.9229727663661417,0,-0.8500773842443841,398.625,212.0909090909091,45909,,
whale,zipf,holdout,85,0.5,42,4-8,188,1.5557764980978712,1.022534779345702,0.9399361699029368,0,-0.8810366845210276,325.25,182.4909090909091,45672,,
whale,zipf,holdout,86,0.5,34,1-3,217,3.1916065725575677,0.6469476441605848,0.8775523950584032,0,-0.7131725843657089,467.5,178.85454545454544,45536,,
whale,zipf,holdout,87,0.5,46,4-8,123,2.5465033150099954,0.7420285505440969,0.9240607121035895,0,-0.8623716436703465,263.625,156.1818181818182,45685,,
whale,zipf,holdout,88,0.5,49,2-4,72,3.393733442468477,0.8623434695160965,0.9261607214020701,0,-1.0629587083190692,222.125,206.07272727272726,46010,,
whale,zipf,holdout,89,0.5,34,2-4,162,4.387714629003903,0.9681698454866108,0.9303993868796654,0,-0.950347225768793,273.125,170.12727272727273,45571,,
whale,zipf,holdout,90,0.5,50,1-3,165,2.5380351780885695,1.3894037675104387,0.9305759196206619,0,-0.9023083857465133,301.75,183.43636363636364,45803,,
whale,zipf,holdout,91,0.5,57,1-3,179,4.539791862311631,1.4850207662737311,0.9312290912461091,0,-0.8855617655824132,214.875,124.10909090909091,46060,,
whale,zipf,holdout,92,0.5,40,2-8,219,2.928751545584311,0.5633914481693691,0.9170807113256636,0,-0.7333204709081973,369.375,143.16363636363636,45626,,
whale,zipf,holdout,93,0.5,37,2-4,183,1.009746637084043,0.7844253379295505,0.9120701050346918,0,-0.7943262480922598,508.625,257.7818181818182,45818,,
whale,zipf,holdout,94,0.5,40,2-4,78,2.644079810234758,0.9933019344793134,0.9380326776290766,0,-1.0677929529740133,218.875,212.96363636363637,45740,,
whale,zipf,holdout,95,0.5,42,2-4,73,5.171226589368645,1.398288314624133,0.9475166776636597,0,-1.0983718932525561,142.25,123.0909090909091,45809,,
whale,zipf,holdout,96,0.5,43,4-8,144,2.738376175234258,0.9335378233818825,0.9324128687287687,0,-0.9077222850827322,270.25,167.94545454545454,45375,,
whale,zipf,holdout,97,0.5,45,4-8,67,3.096383867931774,0.5610141978801078,0.9061924985369143,0,-1.0186639638741628,183.5,154.2,45799,,
whale,zipf,holdout,98,0.5,46,1-3,196,2.2408230633136306,1.0766793157588022,0.9256611112360547,0,-0.8499496145319377,402.625,205.4909090909091,45576,,
whale,zipf,holdout,99,0.5,33,1-3,125,3.361046332034432,0.7057390920394636,0.9142790099967034,0,-0.853986984454918,376.875,186.36363636363637,45393,,
whale,zipf,holdout,100,0.5,43,1-3,156,8.077143309779487,1.0715036077283844,0.8975251781497839,0,-0.9598238807975721,209.625,138.2,46061,,
whale,zipf,holdout,101,0.5,36,4-8,123,3.050453118172464,0.7383020598152958,0.9260960516414996,0,-0.8995961568130757,267.125,144.03636363636363,45881,,
whale,zipf,holdout,102,0.5,34,1-3,62,6.9918210108341805,1.049708031892071,0.9156134988792872,0,-1.039170076321439,187.875,144.9090909090909,45113,,
whale,zipf,holdout,103,0.5,52,4-8,65,8.840946631194265,0.5805394843586795,0.8942215437141767,0,-1.1919081507162264,127.625,134.3272727272727,46316,,
whale,zipf,holdout,104,0.5,26,4-8,88,8.4278450098911,0.8191059452608954,0.9063955633085968,0,-1.1693133792570314,146.375,146.78181818181818,46177,,
whale,zipf,holdout,105,0.5,59,2-4,199,8.259774154116316,1.055122336539029,0.9188120002098904,0,-1.0808761367347823,187.375,137.3090909090909,45673,,
whale,zipf,holdout,106,0.5,56,4-8,176,5.574309881497715,1.237336601635255,0.9168531454813043,0,-1.134900208067629,145.875,169.43636363636364,45665,,
whale,zipf,holdout,107,0.5,41,2-8,183,4.457042736435621,1.3402648276376317,0.9277391801063372,0,-1.0181298364030866,165.75,135.74545454545455,45362,,
whale,zipf,holdout,108,0.5,59,2-8,125,4.814346984231022,0.7911830424167259,0.9277707515583857,0,-0.9693901374171418,210.75,133.1818181818182,45237,,
whale,zipf,holdout,109,0.5,13,2-4,166,2.661639623227482,0.776446860991959,0.8683829509387648,0,-0.7162080795283869,431.125,151.87272727272727,45769,,
whale,zipf,holdout,110,0.5,58,1-3,98,8.870207667041557,0.5789696105199764,0.8842826250140775,0,-1.0007200076706066,232.0,162.74545454545455,45728,,
whale,zipf,holdout,111,0.5,59,1-3,133,2.2681695948705327,1.4428097068586672,0.9336944825040143,0,-0.9492547911428463,268.25,174.4909090909091,45726,,
whale,zipf,holdout,112,0.5,55,1-3,174,8.302660181974726,0.5015276134060779,0.8718457721550357,0,-0.9026962200783308,276.25,139.94545454545454,45556,,
whale,zipf,holdout,113,0.5,56,4-8,91,1.0885844730746461,1.025730400050096,0.9436818705046393,0,-1.0154088454349912,250.75,213.63636363636363,45667,,
whale,zipf,holdout,114,0.5,33,1-3,167,5.500911681475907,0.7452451103060197,0.900626673400663,0,-0.8663858238746671,303.125,153.3272727272727,45609,,
whale,zipf,holdout,115,0.5,27,2-4,204,4.175881553530301,1.172330976141313,0.9314251026345479,0,-0.907004492280943,254.0,145.92727272727274,45564,,
whale,zipf,holdout,116,0.5,19,1-3,146,1.702303446950661,1.5526365780320572,0.9302072517449724,0,-0.9439861997847473,256.75,192.4909090909091,45827,,
whale,zipf,holdout,117,0.5,17,2-8,209,3.6842134760137704,1.5023767322267532,0.9379133627362601,0,-1.128388732282133,155.875,138.36363636363637,45776,,
whale,zipf,holdout,118,0.5,46,4-8,108,7.967297081551072,1.1072282689817845,0.909321556115904,0,-1.1925306196400054,133.375,143.4181818181818,46415,,
whale,zipf,holdout,119,0.5,53,2-8,186,7.322563554803713,0.7185273561330874,0.9068595363577614,0,-1.0521696713345143,189.625,143.05454545454546,47159,,
whale,zipf,holdout,120,0.5,56,2-4,76,3.9210286388209825,1.527667452043264,0.9333354129642683,0,-0.9661209790468641,154.75,115.05454545454545,45884,,
whale,zipf,holdout,121,0.5,28,2-8,204,1.492023967674907,1.1999920054914464,0.9403640746320361,0,-0.9121872177868934,327.5,194.38181818181818,45887,,
whale,zipf,holdout,122,0.5,56,4-8,183,2.321731685634738,1.40969140158868,0.9441456250287865,0,-0.9621153876370613,201.0,136.98181818181817,45689,,
whale,zipf,holdout,123,0.5,28,4-8,98,5.698833471634692,0.9483633792424394,0.9011634192329971,0,-1.09007181459115,172.0,146.54545454545453,46241,,
whale,zipf,holdout,124,0.5,58,4-8,134,3.5054622809889633,0.7360198445586593,0.9204462986778611,0,-0.9257242386934686,238.875,150.5090909090909,46054,,
whale,zipf,holdout,125,0.5,60,1-3,151,3.773899234575338,1.4583731900855397,0.9329486795899395,0,-0.9278309011211432,229.75,137.74545454545455,45560,,
whale,zipf,holdout,126,0.5,20,2-4,177,1.6846412818843364,1.462474913970953,0.9348623409212258,0,-0.9604261151823932,279.375,213.0,45778,,
whale,zipf,holdout,127,0.5,18,2-8,111,6.891055159708236,0.7032449293233021,0.9186839696688118,0,-1.0553909736360336,185.5,134.52727272727273,45919,,
whale,zipf,holdout,128,0.5,20,2-4,80,4.304414773362292,0.8368359605647822,0.9240579891518413,0,-0.9887969953702598,239.25,155.70909090909092,45720,,
whale,zipf,holdout,129,0.5,49,1-3,191,5.80463068642601,1.136709477872544,0.9192950931294197,0,-0.9310609116558555,243.875,142.78181818181818,45398,,
whale,zipf,holdout,130,0.5,48,2-4,126,5.6781636742855195,0.9985128374910219,0.9322458963943983,0,-1.1351631765625663,200.25,177.61818181818182,45834,,
whale,zipf,holdout,131,0.5,24,2-4,216,8.158957007856976,1.3344739178029132,0.9364635548250457,0,-1.1872814169128294,154.5,149.16363636363636,46039,,
whale,zipf,holdout,132,0.5,49,2-8,93,5.372451355736724,1.1611607142021971,0.9303561738067684,0,-1.106176871121979,159.875,160.8909090909091,45028,,
whale,zipf,holdout,133,0.5,33,1-3,110,8.518143937716149,0.8023347388707427,0.8986019992252312,0,-0.9948925884858998,226.75,141.34545454545454,45655,,
whale,zipf,holdout,134,0.5,17,4-8,118,7.128840799235461,1.5696638530275793,0.9129869286589711,0,-1.3823275073120311,90.0,160.54545454545453,45516,,
whale,zipf,holdout,135,0.5,49,1-3,76,1.7841526137298356,1.0607444066754548,0.9278052429278305,0,-1.0049679476588704,303.5,256.0,45685,,
whale,zipf,holdout,136,0.5,40,1-3,113,7.099743684931432,0.7362063400889431,0.8785754961678349,0,-0.902919667572355,253.75,150.0,44858,,
whale,zipf,holdout,137,0.5,24,2-4,214,3.137644456434252,0.9944251064227229,0.9253278781295696,0,-0.855491871271647,360.375,184.38181818181818,45971,,
whale,zipf,holdout,138,0.5,37,1-3,169,2.2400728747375913,1.2315767230308752,0.9223123998536786,0,-0.8717149296144024,346.625,184.6909090909091,45546,,
whale,zipf,holdout,139,0.5,31,2-4,59,7.415373995832036,1.2955828079883673,0.9452942685952994,0,-1.1784179296805712,144.875,132.38181818181818,45213,,
whale,zipf,holdout,140,0.5,56,2-4,53,7.508262315176472,0.7914236824902423,0.9282264939378535,0,-1.2444888113555463,142.0,163.27272727272728,45967,,
whale,zipf,holdout,141,0.5,58,1-3,208,6.341358516392218,1.116808179409836,0.9101789923030259,0,-0.8956833696532405,262.625,151.6,46348,,
whale,zipf,holdout,142,0.5,17,2-4,102,1.2334268767680712,1.3645136080761011,0.9441146158531211,0,-1.0290909376501474,259.625,230.16363636363636,45823,,
whale,zipf,holdout,143,0.5,22,2-8,129,5.4244098560484435,0.549524931411955,0.8952633464073709,0,-0.9420494321267894,244.75,148.14545454545456,45165,,
whale,zipf,holdout,144,0.5,33,4-8,113,1.977682349130773,0.6722617000496737,0.9183954791473858,0,-0.7914975541749285,323.625,157.1818181818182,45588,,
whale,zipf,holdout,145,0.5,47,2-4,132,5.157457443793333,0.9130420616387145,0.9336383699324358,0,-1.0723748004728906,226.5,192.54545454545453,45902,,
whale,zipf,holdout,146,0.5,28,1-3,117,1.695160910299732,0.9264895953595905,0.8918692718962415,0,-0.8356651249805127,476.5,259.1090909090909,45828,,
whale,zipf,holdout,147,0.5,21,2-4,59,3.3437647232166805,0.8984707538811227,0.9315081853576476,0,-1.0567207576623423,221.75,181.0,45904,,
whale,zipf,holdout,148,0.5,47,2-4,197,5.337971980733543,0.8256485195670247,0.9250512600556713,0,-0.9530752258979396,276.75,165.61818181818182,46237,,
whale,zipf,holdout,149,0.5,45,2-8,157,5.956030847452577,1.197259817928829,0.9177962414165474,0,-1.0739786002975655,173.75,155.76363636363635,44413,,
whale,zipf,holdout,150,0.5,13,2-8,145,1.0528053762293963,1.4051839599792224,0.9403440199594566,0,-0.9401181737264624,262.25,180.16363636363636,45882,,
whale,zipf,holdout,151,0.5,15,1-3,134,6.3725258239521025,1.2929343907187318,0.9310259169701018,0,-1.1013413865331783,195.875,162.98181818181817,46234,,
whale,zipf,holdout,152,0.5,52,2-8,58,2.3543339496284847,0.6254837656314856,0.8705958763582322,0,-1.0350629846379222,179.0,162.76363636363635,45724,,
whale,zipf,holdout,153,0.5,12,2-8,78,1.4004615411725956,1.1611277577341723,0.9382277841823926,0,-0.9032647952837366,300.0,191.6909090909091,45373,,
whale,zipf,holdout,154,0.5,51,4-8,187,8.182455933107539,1.1474841816547783,0.9218211702885117,0,-1.1959568769863926,135.0,125.87272727272727,46038,,
whale,zipf,holdout,155,0.5,30,4-8,168,7.4139880316299696,0.5256436384384972,0.9081436930752336,0,-0.9817128153974344,204.125,120.92727272727272,46063,,
whale,zipf,holdout,156,0.5,25,2-8,131,5.318837784783102,1.0378147085927347,0.9381935716653307,0,-1.0599976432356613,209.25,158.78181818181818,46637,,
whale,zipf,holdout,157,0.5,51,4-8,154,2.3178314617605364,1.382927540912636,0.9481336204063852,0,-1.0648765850968551,192.125,159.47272727272727,45556,,
whale,zipf,holdout,158,0.5,29,4-8,120,7.5009607067886925,1.5275080883366061,0.9340234550592486,0,-1.2422335342195363,102.875,134.3090909090909,45621,,
whale,zipf,holdout,159,0.5,24,2-8,191,1.4207576994722757,1.583690780190452,0.9519503329800232,0,-1.0093983846749066,220.625,178.4,46276,,
whale,zipf,holdout,160,0.5,17,2-8,141,3.1912879896419026,0.7795494840509181,0.9175671028272943,0,-0.8506519301607436,313.0,155.07272727272726,45835,,
whale,zipf,holdout,161,0.5,49,4-8,137,7.04255017114658,1.5903010789324974,0.9234127177601231,0,-1.2398990987160672,97.25,118.0909090909091,46093,,
whale,zipf,holdout,162,0.5,51,4-8,210,6.333020167384636,0.9607061306616587,0.9208227050156286,0,-1.0704466401357253,186.125,141.1818181818182,45913,,
whale,zipf,holdout,163,0.5,50,1-3,190,8.452192508609022,1.4961373609107338,0.8829609818413111,0,-0.922532730198031,161.25,95.83636363636364,44975,,
whale,zipf,holdout,164,0.5,53,2-8,183,8.604059427376347,1.5917948906996247,0.9306293624993052,0,-1.2382153993357625,94.0,98.18181818181819,44461,,
whale,zipf,holdout,165,0.5,48,2-8,107,6.526406185511738,0.5514533072070567,0.914414451276203,0,-1.0431633908119575,189.625,135.8,45717,,
whale,zipf,holdout,166,0.5,34,1-3,87,6.777209022446948,1.5631683347728391,0.8999710171184172,0,-0.9448775529593376,153.75,115.69090909090909,45854,,
whale,zipf,holdout,167,0.5,29,4-8,197,6.471481199741612,0.877171182488912,0.9083153377867719,0,-0.9997925796640984,207.0,125.07272727272728,45573,,
whale,zipf,holdout,168,0.5,32,2-8,75,2.816531117576548,0.7966056992890639,0.9246004885127054,0,-0.9512908446538014,239.75,152.1818181818182,46017,,
whale,zipf,holdout,169,0.5,25,1-3,194,3.5303607697048838,1.3418459134611376,0.9182796460341318,0,-0.9084911563600865,281.25,180.1090909090909,46101,,
whale,zipf,holdout,170,0.5,46,4-8,150,3.4049874071735005,0.7913901409422526,0.9172915713394425,0,-0.8949341568101248,247.75,137.96363636363637,46379,,
whale,zipf,holdout,171,0.5,52,2-8,181,6.201974298862693,1.292874830539147,0.9321690646519252,0,-1.1129031462635688,145.0,125.38181818181818,46023,,
whale,zipf,holdout,172,0.5,45,4-8,116,3.799979242541557,1.1387908852493247,0.929231923767706,0,-1.0454833788989921,190.0,146.63636363636363,46293,,
whale,zipf,holdout,173,0.5,54,2-4,43,2.5598922456366866,1.3164380871830397,0.9343652340178981,0,-1.1398267807469638,145.875,160.6,45472,,
whale,zipf,holdout,174,0.5,25,1-3,197,6.976419704515389,1.0934615079209868,0.9268150341890597,0,-1.0008740861453906,231.75,162.94545454545454,45736,,
whale,zipf,holdout,175,0.5,31,4-8,59,1.494192373764359,0.6134776090689679,0.8968384560735517,0,-0.9820634998003783,244.5,178.74545454545455,45935,,
whale,zipf,holdout,176,0.5,17,2-4,41,6.0444059575476725,0.7327711847115801,0.914528103385485,0,-1.1137684065142912,174.625,145.4181818181818,46139,,
whale,zipf,holdout,177,0.5,15,2-4,211,8.394469545830413,1.2070950843067711,0.9142470023330377,0,-1.170409751688347,162.375,150.4909090909091,45675,,
whale,zipf,holdout,178,0.5,47,4-8,97,6.190927378974827,1.4470663237611903,0.9428433445492947,0,-1.2272948189652326,104.875,132.83636363636364,45913,,
whale,zipf,holdout,179,0.5,32,2-8,73,7.390219422122773,1.4946264294771607,0.9353602051255556,0,-1.2545301446004506,96.5,113.65454545454546,46188,,
whale,zipf,holdout,180,0.5,21,2-4,45,5.286682795872929,0.541102361681993,0.9095601067249043,0,-1.071764719597154,197.875,156.29090909090908,46337,,
whale,zipf,holdout,181,0.5,32,2-4,47,4.640815767941004,0.8657953569072625,0.9404276668605902,0,-1.1352668319854369,167.5,183.43636363636364,45550,,
whale,zipf,holdout,182,0.5,59,1-3,180,5.010564381036919,0.9922932388819972,0.9214309566323879,0,-0.9200993631041304,287.5,172.27272727272728,46265,,
whale,zipf,holdout,183,0.5,40,4-8,146,7.491836696350268,1.307091715070361,0.920960045852019,0,-1.1304024638588257,129.375,123.32727272727273,45465,,
whale,zipf,holdout,184,0.5,54,1-3,200,3.1548134589389676,1.0063805627953513,0.924200783119882,0,-0.8744383549659165,355.5,181.70909090909092,45752,,
whale,zipf,holdout,185,0.5,32,4-8,55,5.214358889103313,1.0744304599627483,0.93033847800808,0,-1.2413862112147926,122.375,167.76363636363635,46173,,
whale,zipf,holdout,186,0.5,40,4-8,73,1.8612528553692327,1.4064233740225656,0.9544532136352027,0,-1.075072023469192,162.875,149.70909090909092,45612,,
whale,zipf,holdout,187,0.5,42,1-3,87,1.8811565645664254,1.5809652587559413,0.9306433312423863,0,-0.9841111917782615,247.25,188.63636363636363,45916,,
whale,zipf,holdout,188,0.5,34,2-4,73,8.33079008862103,1.5534424263792035,0.9410229615682831,0,-1.0969388086484542,123.625,105.61818181818182,45664,,
whale,zipf,holdout,189,0.5,24,2-8,63,4.6345037820178225,0.8406625592498114,0.9302522914399334,0,-1.0178117788082641,180.25,143.27272727272728,45711,,
whale,zipf,holdout,190,0.5,27,2-8,97,7.016553827833592,0.6492327291886335,0.9075465562045089,0,-1.0921422904839244,184.375,141.43636363636364,45985,,
whale,zipf,holdout,191,0.5,54,2-8,83,2.6795115998374985,0.8397343852233381,0.913780042910322,0,-0.9989234575021837,217.375,176.1090909090909,45905,,
whale,zipf,holdout,192,0.5,56,2-8,138,2.427308407158449,0.8102335377195553,0.9285404189969937,0,-0.8783853375100383,279.875,154.16363636363636,46245,,
whale,zipf,holdout,193,0.5,21,2-8,50,7.871158992890668,1.3891603495738771,0.935573838835865,0,-1.300091869843688,104.75,125.2909090909091,45962,,
whale,zipf,holdout,194,0.5,48,1-3,217,3.5281610660212612,1.4955194612027236,0.9316799030843002,0,-0.9032060614685731,230.75,130.94545454545454,46109,,
whale,zipf,holdout,195,0.5,45,2-8,107,2.538763775069797,1.3942981691753844,0.9322430016012753,0,-1.0062395153162054,185.5,153.85454545454544,45579,,
whale,zipf,holdout,196,0.5,35,4-8,204,6.24454048540685,1.422098134153332,0.9368799416113519,0,-1.2326311638981853,122.375,137.3090909090909,45484,,
whale,zipf,holdout,197,0.5,16,2-4,59,4.566010239518263,0.6382181249395396,0.9031514799433676,0,-1.0507040257696953,225.5,159.72727272727272,45887,,
whale,zipf,holdout,198,0.5,33,1-3,146,5.51176387748632,0.8238475799442055,0.9102098991240447,0,-0.9132006210096557,296.125,162.8909090909091,45836,,
whale,zipf,holdout,199,0.5,42,1-3,91,2.0525127874887916,0.8515776938961576,0.9294835505831347,0,-0.9627628330073253,359.75,250.56363636363636,45839,,
whale,zipf,holdout,200,0.5,19,1-3,69,7.196336187820869,0.7471565654457497,0.8754496045068787,0,-0.9958215159413988,201.0,169.61818181818182,45984,,
whale,zipf,holdout,201,0.5,50,2-4,194,4.37719715871827,0.8509238931639276,0.9331722305388183,0,-0.9300503150070386,301.625,174.45454545454547,45912,,
whale,zipf,holdout,202,0.5,37,1-3,91,5.321984752804397,1.5168947454096007,0.9379468204800634,0,-0.9727619732780332,181.5,117.61818181818182,45905,,
whale,zipf,holdout,203,0.5,51,1-3,171,5.740817919986192,0.6506176129747496,0.9028958410992594,0,-0.8641143091344794,322.125,160.0909090909091,45940,,
whale,zipf,holdout,204,0.5,30,2-8,148,5.053412562691916,1.3131036874628599,0.9531159275273586,0,-1.1750068423093114,153.25,172.98181818181817,45426,,
whale,zipf,holdout,205,0.5,28,1-3,192,5.426128499929884,0.8967460029374937,0.9096111358568518,0,-0.8882348143925026,304.875,158.45454545454547,45737,,
whale,zipf,holdout,206,0.5,15,2-4,68,4.724027673688447,0.567001498097594,0.8845136591263634,0,-0.9594433950267777,246.75,164.4181818181818,45515,,
whale,zipf,holdout,207,0.5,33,1-3,194,2.683658516668147,1.4165388858703212,0.9261115426714401,0,-0.9252809835439519,274.625,155.98181818181817,45687,,
whale,zipf,holdout,208,0.5,60,2-8,196,7.495747654896937,1.045911792534922,0.9251377047890103,0,-1.1292678345321998,163.0,151.52727272727273,45551,,
whale,zipf,holdout,209,0.5,25,2-8,91,6.801356027002017,1.2829886832641177,0.9324821484436843,0,-1.2001428896914463,128.25,133.4909090909091,45185,,
whale,zipf,holdout,210,0.5,12,1-3,166,7.961719683102915,1.027420059337365,0.8985510761631799,0,-1.1074440745278058,194.75,172.52727272727273,46095,,
whale,zipf,holdout,211,0.5,45,4-8,96,8.08349978576745,0.8061708031353012,0.9180470078522069,0,-1.1694974764692714,148.5,147.12727272727273,45616,,
whale,zipf,holdout,212,0.5,25,1-3,115,3.3373308129822385,0.6687540574710553,0.8975205469161605,0,-0.780700680352458,393.875,161.98181818181817,45551,,
whale,zipf,holdout,213,0.5,56,4-8,68,7.229341623832152,1.2531071593283807,0.918653757223403,0,-1.2886842416366995,108.875,141.5818181818182,45777,,
whale,zipf,holdout,214,0.5,25,2-8,145,5.847481733937428,1.2610476440458054,0.9343670664813941,0,-1.1290319537493063,159.375,152.92727272727274,46090,,
whale,zipf,holdout,215,0.5,21,2-8,166,2.3362076722687686,1.2887309263491757,0.9356982293337757,0,-0.8811542440763949,278.875,152.45454545454547,45145,,
whale,zipf,holdout,216,0.5,39,4-8,108,7.046538334432626,1.111144106240805,0.9025572718466665,0,-1.166235748430689,137.0,144.36363636363637,45545,,
whale,zipf,holdout,217,0.5,17,1-3,49,3.016086067571319,0.8604544493408108,0.9152675025589531,0,-0.9570839441487279,281.25,189.03636363636363,45883,,
whale,zipf,holdout,218,0.5,12,4-8,204,1.4469053003088348,1.229980603668084,0.9291808470884373,0,-0.7751164490964916,357.875,167.25454545454545,45528,,
whale,zipf,holdout,219,0.5,32,1-3,178,7.0145068338979595,0.5982168748648591,0.8728643205402955,0,-0.8924052509732714,281.5,139.65454545454546,46145,,
whale,zipf,holdout,220,0.5,44,2-8,97,4.027881755581025,0.7599447852119341,0.9157967520016286,0,-0.976293708312592,214.875,150.34545454545454,45436,,
whale,zipf,holdout,221,0.5,26,4-8,189,4.593089680242259,0.8897783003382788,0.9171769754699747,0,-0.9573223070341671,242.625,153.8181818181818,46109,,
whale,zipf,holdout,222,0.5,34,2-4,58,1.3554072128097543,0.7765889494494349,0.9342729953641808,0,-1.1951241193843032,213.625,259.8545454545455,46022,,
whale,zipf,holdout,223,0.5,29,4-8,61,4.945544830827848,1.4066498776069778,0.9383813410089447,0,-1.1922535743315295,117.625,136.0,45365,,
whale,zipf,holdout,224,0.5,44,2-8,178,8.993811851736186,1.1926161357531293,0.9089912252443525,0,-1.240631732806054,130.375,149.6727272727273,46660,,
whale,zipf,holdout,225,0.5,53,4-8,71,8.52198839061208,0.5889942309371452,0.9094974310888466,0,-1.1496838214644751,132.375,142.45454545454547,45598,,
whale,zipf,holdout,226,0.5,52,2-4,160,4.215974182712123,1.1807565933482138,0.9432070528848386,0,-0.9731227624435845,230.5,152.8181818181818,45466,,
whale,zipf,holdout,227,0.5,44,1-3,83,2.389397865757732,0.5406650948253034,0.91445372761806,0,-0.9189061441270349,356.125,226.70909090909092,46054,,
whale,zipf,holdout,228,0.5,28,2-8,91,3.8484997236921616,1.2859372529550006,0.9451555382882935,0,-1.1119198716990737,162.0,145.56363636363636,45992,,
whale,zipf,holdout,229,0.5,33,4-8,179,4.218940327359329,1.0205437567944813,0.9248468847701072,0,-0.9776142612298329,220.25,144.1818181818182,46242,,
whale,zipf,holdout,230,0.5,44,1-3,75,2.6623182136396784,0.6853611503026158,0.9353136773549249,0,-0.9620254012244047,327.375,214.87272727272727,45826,,
whale,zipf,holdout,231,0.5,34,4-8,170,4.158362864542027,1.2912263011221263,0.9300300967281337,0,-1.0974560742083548,166.375,167.1090909090909,45109,,
whale,zipf,holdout,232,0.5,58,2-4,80,1.1853060582100419,0.9692310035079748,0.9523428136984196,0,-1.1901702583739429,217.625,292.58181818181816,45799,,
whale,zipf,holdout,233,0.5,35,2-4,198,7.117438181502395,0.5669904485270134,0.8934886396773392,0,-0.9452060936441028,247.0,137.5818181818182,46167,,
whale,zipf,holdout,234,0.5,24,4-8,132,8.91775052395509,1.4405008929351704,0.9114217981366243,0,-1.3568474494084009,99.875,150.03636363636363,45182,,
whale,zipf,holdout,235,0.5,22,2-4,56,4.657542659411499,1.1870775578165393,0.9497503829674078,0,-1.2098712962480325,168.25,175.36363636363637,46158,,
whale,zipf,holdout,236,0.5,43,1-3,165,4.399267872486763,0.9176878195762794,0.9255132091319129,0,-0.8854670768622199,320.625,173.2,45975,,
whale,zipf,holdout,237,0.5,41,2-8,116,3.2667630820234193,1.0528315667766617,0.9339886820002121,0,-1.0217271924066544,205.0,158.85454545454544,45782,,
whale,zipf,holdout,238,0.5,29,2-8,191,2.928237502991058,1.5921608943785603,0.9386888666854998,0,-1.0934236235291164,160.375,174.61818181818182,45708,,
whale,zipf,holdout,239,0.5,28,4-8,167,8.645563357798892,1.4816452861845233,0.9213808897583247,0,-1.3320138080840347,99.375,122.05454545454545,45708,,
whale,zipf,holdout,240,0.5,22,1-3,52,1.3359557542754574,0.8884876485910943,0.9163091422779366,0,-0.9178319231619594,399.875,285.1272727272727,45622,,
whale,zipf,holdout,241,0.5,16,2-4,81,7.6995011199479935,0.5450731829987201,0.8865141020885028,0,-1.0739003707153874,196.0,143.6909090909091,45715,,
whale,zipf,holdout,242,0.5,56,2-4,178,7.246602843449051,1.2766271505465232,0.9267095896867811,0,-1.0946045666343402,182.0,133.1090909090909,45673,,
whale,zipf,holdout,243,0.5,51,2-8,83,6.657818050592278,0.9743369451452721,0.9179759071831002,0,-1.2127595342183015,137.375,179.03636363636363,45807,,
whale,zipf,holdout,244,0.5,59,2-4,134,1.932960648907451,1.1997891484514365,0.9388673816552878,0,-0.9954382195872419,256.125,197.85454545454544,45751,,
whale,zipf,holdout,245,0.5,28,1-3,40,3.2085622687627264,0.5991071454271165,0.9281001412830521,0,-0.9661872558561069,265.0,193.4,45457,,
whale,zipf,holdout,246,0.5,59,2-8,61,4.5267167225293194,0.9392288492066909,0.9131747171317794,0,-1.0829891534920315,154.75,148.54545454545453,46539,,
whale,zipf,holdout,247,0.5,39,2-8,114,6.229217785648668,1.0449958854763972,0.9254126309562556,0,-1.1624421908084703,145.75,143.27272727272728,45934,,
whale,zipf,holdout,248,0.5,27,2-4,64,8.475444326113509,1.0403060485937183,0.9271107462526051,0,-1.2009565974659568,150.0,137.27272727272728,45425,,
whale,zipf,holdout,249,0.5,35,2-8,86,7.766437884739371,1.0778209632117541,0.9228273522241098,0,-1.2506734883519426,132.75,172.56363636363636,45227,,
whale,zipf,holdout,250,0.5,49,2-8,103,3.7814579370260324,0.800931523706623,0.9223792101256076,0,-0.9389871350653429,219.875,140.38181818181818,45929,,
whale,zipf,holdout,251,0.5,39,4-8,125,5.750246734482038,1.2276250753534588,0.917376228406872,0,-1.131531053304915,132.5,136.78181818181818,45568,,
whale,zipf,holdout,252,0.5,45,2-8,177,4.854361166625084,1.4803300233403307,0.9185500588925244,0,-1.0941976261290667,138.0,112.9090909090909,44579,,
whale,zipf,holdout,253,0.5,44,2-8,64,6.889052326725141,0.8133737152419575,0.9136107796683083,0,-1.1721992006020716,140.125,156.56363636363636,44900,,
whale,zipf,holdout,254,0.5,52,2-8,185,4.9447230976266345,1.258345183484802,0.928219935962191,0,-1.091109846905026,173.875,161.25454545454545,45530,,
whale,zipf,holdout,255,0.5,34,2-8,102,3.4093504760555007,0.7668426657619122,0.9314152416846588,0,-1.0032238658232795,229.0,168.27272727272728,45740,,
whale,zipf,holdout,256,0.5,49,1-3,158,5.718199219538293,0.6830401038260702,0.8957944979120807,0,-0.8538962817932685,311.5,151.70909090909092,45918,,
whale,zipf,holdout,257,0.5,35,2-8,86,3.875110135059187,1.0019145291901206,0.9356455047181315,0,-1.0567915324058326,193.25,169.87272727272727,46384,,
whale,zipf,holdout,258,0.5,45,1-3,173,7.986115632795905,0.7942634321255384,0.8925973858420675,0,-0.9337245415193551,259.125,148.07272727272726,46333,,
whale,zipf,holdout,259,0.5,38,2-8,109,2.7474396744638785,1.373500224606535,0.9365809211537287,0,-1.04027153755588,180.875,147.27272727272728,46467,,
whale,zipf,holdout,260,0.5,34,1-3,214,5.271404003198386,0.624413469777366,0.8898875929301867,0,-0.8214545302926826,349.5,159.0909090909091,45974,,
whale,zipf,holdout,261,0.5,57,4-8,103,5.666197117372877,1.5551959368186143,0.9410851655762335,0,-1.2857656132004007,104.5,131.4909090909091,45957,,
whale,zipf,holdout,262,0.5,57,1-3,58,5.027378125701995,1.5598013659994534,0.9356119978107171,0,-0.9411623350963146,160.875,103.89090909090909,45857,,
whale,zipf,holdout,263,0.5,35,1-3,119,6.3183027689058,0.5915067366895105,0.8823956798205996,0,-0.8836216712855347,288.375,134.72727272727272,45264,,
whale,zipf,holdout,264,0.5,44,2-4,61,8.437823089790635,0.5869416701414703,0.9082535736064898,0,-1.1950987937697635,160.875,160.43636363636364,45437,,
whale,zipf,holdout,265,0.5,18,1-3,79,8.557987642014842,1.160269501514403,0.9032094387676192,0,-1.11569245354664,168.5,178.34545454545454,44810,,
whale,zipf,holdout,266,0.5,14,1-3,161,4.065493951338597,1.1807615117599468,0.9109317665709014,0,-0.8664312388915114,302.875,156.2,45949,,
whale,zipf,holdout,267,0.5,55,4-8,105,4.0185700093289825,1.2405256205718227,0.9230673739542202,0,-1.0595218089660872,171.625,161.78181818181818,45958,,
whale,zipf,holdout,268,0.5,31,2-8,66,2.164599528653592,1.218255698596127,0.9399089231422594,0,-1.1226709782860778,180.75,191.92727272727274,46244,,
whale,zipf,holdout,269,0.5,50,2-8,104,6.028643528350835,1.0417348463599851,0.9311488206129221,0,-1.124356352421362,150.75,141.6909090909091,46199,,
whale,zipf,holdout,270,0.5,23,2-8,208,8.83082087233514,1.4149756994783265,0.9200929351614462,0,-1.3247964251314435,108.625,137.98181818181817,45045,,
whale,zipf,holdout,271,0.5,20,2-4,103,8.596785338069274,1.4605677690800818,0.9436738035246819,0,-1.2875732567144427,127.875,147.87272727272727,46439,,
whale,zipf,holdout,272,0.5,55,2-8,137,7.532016910666378,1.1891403286206184,0.9317824834890911,0,-1.2008443376642384,135.25,127.32727272727273,44991,,
whale,zipf,holdout,273,0.5,33,1-3,104,2.9921246387325997,0.6537530623601467,0.9093614360488256,0,-0.8304076267022309,378.125,198.76363636363635,46145,,
whale,zipf,holdout,274,0.5,29,4-8,129,8.099639472758481,0.6088503730695133,0.9110495461888224,0,-1.062128224784748,174.375,123.01818181818182,45719,,
whale,zipf,holdout,275,0.5,39,2-8,70,2.565574552554528,1.562804227586826,0.9409264137928924,0,-1.1733400391084015,143.125,163.29090909090908,45506,,
whale,zipf,holdout,276,0.5,15,4-8,217,5.0835699606271465,1.4714683552903298,0.9434535429333418,0,-1.151871524461969,137.0,124.01818181818182,46326,,
whale,zipf,holdout,277,0.5,29,2-8,157,5.6477399627844616,0.8905296283026498,0.9200769266117641,0,-0.98733439750772,204.625,126.69090909090909,46181,,
whale,zipf,holdout,278,0.5,23,4-8,166,8.59814413568785,1.587810067449919,0.9099301349429537,0,-1.331335148791894,82.5,107.36363636363636,45553,,
whale,zipf,holdout,279,0.5,33,2-8,126,7.4727009413096885,1.575286860826589,0.9449552871942144,0,-1.2087478083819496,122.625,144.87272727272727,45924,,
whale,zipf,holdout,280,0.5,48,2-4,166,4.354538654458134,1.1099910328322073,0.93533876945911,0,-1.0457985366718023,237.75,183.0,45749,,
whale,zipf,holdout,281,0.5,58,1-3,91,8.894011806447423,1.3320144549965796,0.9091827425393781,0,-0.9555716882531391,167.625,98.56363636363636,45695,,
whale,zipf,holdout,282,0.5,55,2-4,183,4.417193355644666,1.5608147399848824,0.9368431347924189,0,-1.0893123080887963,158.25,133.96363636363637,45568,,
whale,zipf,holdout,283,0.5,57,2-8,41,8.338934685252404,1.588127631339995,0.9350190413854248,0,-1.2719260634183773,83.5,91.92727272727272,46874,,
whale,zipf,holdout,284,0.5,52,4-8,139,7.192550291283823,1.180435467265418,0.9253862622598785,0,-1.1843266489217257,143.0,135.92727272727274,45986,,
whale,zipf,holdout,285,0.5,54,2-4,154,7.4168944621838895,1.194794117338534,0.9284944900837573,0,-1.0634591688627195,154.5,137.27272727272728,45431,,
whale,zipf,holdout,286,0.5,19,1-3,105,4.065512161592663,0.6075074943851209,0.8697872421673802,0,-0.7887129805405126,343.625,144.45454545454547,45332,,
whale,zipf,holdout,287,0.5,37,4-8,150,5.959597006178174,1.479571464816106,0.9234608581955772,0,-1.1468700535848104,114.5,121.87272727272727,45548,,
whale,zipf,holdout,288,0.5,20,1-3,210,4.668135079404413,0.6285263426509728,0.862252738333549,0,-0.7679374543366733,363.5,146.29090909090908,45442,,
whale,zipf,holdout,289,0.5,25,2-4,121,1.119730036954154,0.610751117580384,0.8969468999304946,0,-0.8010535481792291,512.0,239.6727272727273,45673,,
whale,zipf,holdout,290,0.5,29,2-8,183,2.792961136309385,1.5130504357063015,0.9523361268119219,0,-1.0462377616143521,159.625,144.8181818181818,45885,,
whale,zipf,holdout,291,0.5,29,4-8,153,8.102533567170386,1.3354900293729255,0.915111976408105,0,-1.2586329542003154,114.125,143.4909090909091,45795,,
whale,zipf,holdout,292,0.5,42,2-8,65,3.560831284206076,1.2743040703298973,0.9310630294368337,0,-1.1109041448084236,154.875,146.87272727272727,45893,,
whale,zipf,holdout,293,0.5,19,2-4,101,1.259525093763127,1.2789842192417797,0.9463559540601947,0,-1.004152335861901,283.375,255.03636363636363,45906,,
whale,zipf,holdout,294,0.5,44,2-8,41,8.101683346393392,0.9922741710567129,0.9255937141001953,0,-1.3200896844024106,101.375,140.6727272727273,45659,,
whale,zipf,holdout,295,0.5,32,2-4,169,2.3220081925284113,1.0213452321679004,0.9339115708795981,0,-0.9007998674189694,341.375,202.16363636363636,45951,,
whale,zipf,holdout,296,0.5,28,4-8,183,7.795824158248727,0.9991421457701308,0.9113174120396601,0,-1.122144651407879,159.25,140.85454545454544,45864,,
whale,zipf,holdout,297,0.5,41,2-4,171,3.1786103978858895,0.8741778707919368,0.9232493870891669,0,-0.8863112709855979,318.0,188.43636363636364,46250,,
whale,zipf,holdout,298,0.5,35,2-4,106,2.7122640956239765,0.9828970775908094,0.9358608357312102,0,-1.0286351463016281,263.375,206.61818181818182,45729,,
whale,zipf,holdout,299,0.5,58,2-8,79,8.977708571108376,0.9913936147862591,0.9173517310776801,0,-1.240785473427198,129.0,139.6,45975,,
whale,zipf,holdout,300,0.5,55,1-3,84,8.002611702516536,1.4284559436833013,0.909537255958974,0,-0.9103142310095338,161.375,104.32727272727273,46213,,
whale,zipf,holdout,301,0.5,54,2-4,177,5.035142460160439,0.8517089446575825,0.9252944049693395,0,-0.9381243990257702,269.25,153.70909090909092,46347,,
whale,zipf,holdout,302,0.5,47,2-8,216,2.2209893956858764,1.2165245016362243,0.9406495713653047,0,-0.9170886530397693,271.0,174.07272727272726,45955,,
whale,zipf,holdout,303,0.5,55,1-3,153,5.995551570714989,1.2905703233375032,0.930735815024176,0,-0.9149960325761268,216.625,131.5818181818182,45473,,
whale,zipf,holdout,304,0.5,15,2-4,114,6.29116740626741,0.8434408138420534,0.8937904676179101,0,-1.0290657817373252,227.375,154.56363636363636,45553,,
whale,zipf,holdout,305,0.5,40,2-4,88,6.1872089974015605,0.5228733097360454,0.9231694523621351,0,-1.0326572118607689,212.5,154.83636363636364,45520,,
whale,zipf,holdout,306,0.5,31,1-3,143,8.064942475573567,0.6763449445385887,0.871243136044525,0,-0.9531691390586106,241.875,150.5818181818182,45973,,
whale,zipf,holdout,307,0.5,36,1-3,181,4.982774814454564,1.5002208664315895,0.9224418074861933,0,-0.9718755197066999,217.375,159.63636363636363,45808,,
whale,zipf,holdout,308,0.5,32,4-8,185,7.620870926020816,0.828843842982419,0.9113075293637736,0,-1.0853743163005958,182.5,133.65454545454546,45441,,
whale,zipf,holdout,309,0.5,33,1-3,193,6.292021642630266,1.2705690534950058,0.937443589744689,0,-1.0168699140719206,200.375,165.85454545454544,46029,,
whale,zipf,holdout,310,0.5,17,2-8,59,2.1513976855229435,0.6590944212953507,0.9104498197922124,0,-0.9096922584790679,284.125,170.47272727272727,45423,,
whale,zipf,holdout,311,0.5,41,2-8,193,2.3405150049859964,1.3988445053775624,0.9429128060243382,0,-0.9878120026380166,224.375,164.07272727272726,46376,,
whale,zipf,holdout,312,0.5,36,2-8,163,6.096115389366452,0.6026436573547957,0.9099538315130067,0,-0.9794834604020146,223.375,142.05454545454546,46050,,
whale,zipf,holdout,313,0.5,50,2-4,115,2.8429426566581055,0.5683642557530949,0.9277784804534588,0,-0.9473362141784984,292.875,198.61818181818182,45992,,
whale,zipf,holdout,314,0.5,46,4-8,171,2.6673127045191434,1.084580555482498,0.9336673932826587,0,-0.9198260810831762,255.125,161.36363636363637,45969,,
whale,zipf,holdout,315,0.5,15,4-8,65,2.0686541315893097,1.5720589072237188,0.9490770725540368,0,-1.05672692728938,170.875,185.4909090909091,45421,,
whale,zipf,holdout,316,0.5,17,2-4,98,7.879325962564338,1.4102621213689972,0.9190432978056917,0,-1.2972518919716611,113.75,199.3090909090909,46115,,
whale,zipf,holdout,317,0.5,26,4-8,63,6.6606282940633035,1.4807851683351914,0.944123796677413,0,-1.30310080912419,99.5,131.96363636363637,45012,,
whale,zipf,holdout,318,0.5,16,1-3,71,8.449875736382268,1.5747259612369453,0.8869137081081752,0,-0.9689910720240573,159.0,107.74545454545455,45798,,
whale,zipf,holdout,319,0.5,45,1-3,50,1.9321763894706985,1.0140007615559714,0.9332885482653006,0,-1.057427379109103,294.875,245.76363636363635,46032,,
whale,zipf,holdout,320,0.5,40,1-3,156,6.857483900492871,1.3642220396341251,0.9288010025228175,0,-0.9733314518201586,207.625,138.05454545454546,46208,,
whale,zipf,holdout,321,0.5,33,4-8,104,7.0732373580159456,0.5697910895002889,0.9084486804416791,0,-1.050755584035726,169.875,125.98181818181818,45015,,
whale,zipf,holdout,322,0.5,17,2-8,131,3.1069907153873313,0.873119899768453,0.9240122443630818,0,-0.8589119948067231,298.375,153.78181818181818,45232,,
whale,zipf,holdout,323,0.5,37,4-8,77,3.28932162855374,1.405564188671503,0.9421786704729525,0,-1.1572858984004726,137.375,149.14545454545456,45786,,
whale,zipf,holdout,324,0.5,45,1-3,95,3.92549526764535,0.980228393848527,0.9245809755923571,0,-0.9248869253186567,287.125,180.52727272727273,45941,,
whale,zipf,holdout,325,0.5,47,1-3,101,5.198376294706125,1.0750710305122353,0.9311947666952292,0,-1.0017897869263135,238.375,162.0,45468,,
whale,zipf,holdout,326,0.5,37,4-8,172,8.34504550798586,1.5741739793222946,0.9230082943355905,0,-1.3321103944511055,88.5,135.2,45264,,
whale,zipf,holdout,327,0.5,34,2-4,118,7.2831701547833765,0.9631266212048868,0.9305861755345228,0,-1.1378305528001689,191.875,169.3272727272727,45955,,
whale,zipf,holdout,328,0.5,41,4-8,92,5.335330374484737,1.4814342624736172,0.9245052000709634,0,-1.1674609313316804,110.375,119.67272727272727,45441,,
whale,zipf,holdout,329,0.5,53,2-4,48,7.668200231042387,0.7436462704409865,0.9279362340050814,0,-1.162963794050186,155.0,142.6,45552,,
whale,zipf,holdout,330,0.5,14,1-3,150,3.3091219446110296,1.2624973608346097,0.9201005610597152,0,-0.9302884235265577,278.375,202.2,45712,,
whale,zipf,holdout,331,0.5,27,2-8,173,7.414026935103328,1.0525251329176837,0.9154375233559087,0,-1.1484817388743447,165.5,139.36363636363637,46310,,
whale,zipf,holdout,332,0.5,14,4-8,179,8.408258290550044,0.7842761623569329,0.8900653346421374,0,-1.1023157244670425,171.875,141.12727272727273,46599,,
whale,zipf,holdout,333,0.5,43,4-8,66,6.451082387731754,0.5085982616968446,0.917873150377666,0,-1.087666251584154,155.5,127.67272727272727,46074,,
whale,zipf,holdout,334,0.5,46,4-8,218,7.857976413581036,0.7756290813995917,0.893369848246005,0,-1.0535476441833795,173.25,128.4181818181818,45779,,
whale,zipf,holdout,335,0.5,36,4-8,209,8.730379871573556,0.891694950595217,0.9054385519538867,0,-1.0881044566935936,161.375,122.9090909090909,46079,,
whale,zipf,holdout,336,0.5,16,4-8,86,2.328161918967183,0.806242135672754,0.9232127886498005,0,-0.8634034815322051,302.375,158.76363636363635,46046,,
whale,zipf,holdout,337,0.5,21,2-4,98,1.0587729576707394,1.2204814857908772,0.9429384799126656,0,-0.9996116726603901,307.875,273.1272727272727,45999,,
whale,zipf,holdout,338,0.5,34,4-8,48,5.617281584850041,0.5687469883590792,0.9138475789985152,0,-1.1132760236569696,141.5,132.5818181818182,45780,,
whale,zipf,holdout,339,0.5,55,4-8,161,8.788743924526923,1.3322582821111522,0.9249748832696407,0,-1.3162652467294444,99.125,146.96363636363637,46331,,
whale,zipf,holdout,340,0.5,60,2-4,143,5.768590329120487,1.0965384739767956,0.9435358735637118,0,-1.024830560037319,216.0,148.36363636363637,45558,,
whale,zipf,holdout,341,0.5,41,2-8,217,2.912090287020325,0.7641872964993333,0.9193076303451588,0,-0.7778328352547181,350.75,142.0909090909091,45806,,
whale,zipf,holdout,342,0.5,50,4-8,194,5.683539022284017,1.2624945435724086,0.925292729294186,0,-1.1197863248853617,153.875,147.01818181818183,46010,,
whale,zipf,holdout,343,0.5,47,4-8,128,6.575740022417739,0.8777499022217748,0.9293023476086246,0,-1.1232240335462165,158.875,145.05454545454546,45848,,
whale,zipf,holdout,344,0.5,24,4-8,53,8.992147386845799,0.9835340718026331,0.9072063120985399,0,-1.3070905107805104,110.0,147.07272727272726,45791,,
whale,zipf,holdout,345,0.5,32,1-3,48,4.512642287525037,0.7493680101859501,0.9145839703293634,0,-0.9767611832315204,237.625,161.0,45853,,
whale,zipf,holdout,346,0.5,50,4-8,165,8.446384077504772,1.4413436983014283,0.9200586049046248,0,-1.2466109104854874,103.5,121.92727272727272,45531,,
whale,zipf,holdout,347,0.5,35,2-8,218,5.680785342616561,1.0908116507275893,0.9227058582273054,0,-1.0286439442091555,194.875,147.05454545454546,44898,,
whale,zipf,holdout,348,0.5,56,1-3,216,7.988258124103755,1.2658424785482678,0.9044338854469401,0,-0.9742165176233393,203.125,127.41818181818182,45357,,
whale,zipf,holdout,349,0.5,29,4-8,84,3.0921934546854235,1.1465746283341538,0.935453225801164,0,-1.0375246625370158,193.625,160.4909090909091,45962,,
whale,zipf,holdout,350,0.5,30,4-8,107,5.097916136640118,0.5600897371360739,0.9174570116977621,0,-0.9354415996864399,214.125,124.03636363636363,46185,,
whale,zipf,holdout,351,0.5,44,2-4,165,5.760512723377927,0.7415192383380518,0.9134713073128703,0,-0.9503266204197073,266.75,152.4,45495,,
whale,zipf,holdout,352,0.5,28,2-4,60,8.904128203376485,0.7212801741753947,0.9106257523822396,0,-1.227046892654261,153.0,166.3272727272727,45676,,
whale,zipf,holdout,353,0.5,51,4-8,74,6.930477577894625,0.6680495203710795,0.908528643497389,0,-1.087852475140895,145.5,126.49090909090908,46228,,
whale,zipf,holdout,354,0.5,30,2-8,176,6.678979280610495,0.5241578443517865,0.9004427796926135,0,-0.9660078288097727,228.625,130.83636363636364,45897,,
whale,zipf,holdout,355,0.5,22,4-8,67,1.5835053976574391,1.2655431645352078,0.9425173937711573,0,-1.03225822335072,187.625,182.0909090909091,45639,,
whale,zipf,holdout,356,0.5,42,2-8,71,8.203030697271263,0.5694211027476499,0.913114404097652,0,-1.1377414865911417,142.5,128.6727272727273,45891,,
whale,zipf,holdout,357,0.5,49,1-3,157,4.79041669546045,0.856791143527001,0.9156041539220456,0,-0.8707172870895337,308.625,163.38181818181818,45471,,
whale,zipf,holdout,358,0.5,27,2-8,183,7.3007738318837525,0.8466344659901395,0.9277629755119327,0,-1.0083874225575957,186.375,124.50909090909092,45046,,
whale,zipf,holdout,359,0.5,21,2-4,73,1.1070372147327525,1.5195565361345484,0.9508627386742384,0,-1.1072567867553114,224.5,229.07272727272726,45701,,
whale,zipf,holdout,360,0.5,40,2-4,60,5.450985174353162,0.6297470007384164,0.9306628222560426,0,-1.1144821703168857,186.5,166.52727272727273,45829,,
whale,zipf,holdout,361,0.5,41,2-4,196,2.260387475380065,1.4216319141132434,0.9388680492417922,0,-0.9543117036690235,242.75,162.2,45820,,
whale,zipf,holdout,362,0.5,24,2-8,99,3.531505585470067,1.5077006775698623,0.9380775088056564,0,-1.118053541806516,151.25,141.5818181818182,45492,,
whale,zipf,holdout,363,0.5,17,2-8,155,1.9014327968338725,0.5312364000918935,0.882106720257817,0,-0.6330209855149025,459.0,143.21818181818182,45766,,
whale,zipf,holdout,364,0.5,14,2-8,177,3.7704238116489233,1.4696913811110615,0.9410369271831254,0,-1.0652049897376168,190.5,143.23636363636365,46017,,
whale,zipf,holdout,365,0.5,18,4-8,94,8.199271631209275,1.2016180916677828,0.9119354344059488,0,-1.292402129848598,119.875,139.12727272727273,45396,,
whale,zipf,holdout,366,0.5,26,1-3,174,5.703940716150906,0.6605349716512897,0.8850724516992132,0,-0.8276915467758041,323.75,140.63636363636363,45966,,
whale,zipf,holdout,367,0.5,48,4-8,99,1.4523817663688776,1.5393315033602357,0.960993669897194,0,-1.1045421269527218,175.5,175.8909090909091,45693,,
whale,zipf,holdout,368,0.5,55,4-8,107,2.786310337532801,1.2575019483047225,0.9240584684975602,0,-1.028358144550059,185.875,173.54545454545453,46115,,
whale,zipf,holdout,369,0.5,12,2-4,78,8.548950105213148,1.2792658898419718,0.9165213572973578,0,-1.180962064897248,132.125,145.3272727272727,46010,,
whale,zipf,holdout,370,0.5,37,1-3,81,2.9359511906199716,1.3607781314069802,0.9158989688059682,0,-0.9377268378594406,247.75,161.34545454545454,45731,,
whale,zipf,holdout,371,0.5,17,2-4,184,8.078868343493792,1.5810532236678003,0.9306464518461794,0,-1.2367416272178275,124.25,126.23636363636363,45245,,
whale,zipf,holdout,372,0.5,29,1-3,195,7.782793719005541,0.9887737990829201,0.9080853503998173,0,-0.9831488840909661,240.25,159.72727272727272,45570,,
whale,zipf,holdout,373,0.5,28,1-3,218,7.9693142159259045,1.4659228227319985,0.9299196508339402,0,-1.0449392530774384,152.875,124.52727272727273,45835,,
whale,zipf,holdout,374,0.5,51,1-3,188,7.954258108144339,0.8838105247741281,0.8951544351738128,0,-0.9670630686400425,260.125,153.29090909090908,45178,,
whale,zipf,holdout,375,0.5,40,1-3,121,1.373492911759179,1.0547170747127197,0.9225945165749059,0,-0.8751958258969239,473.5,280.2,45728,,
whale,zipf,holdout,376,0.5,38,2-8,91,6.599074812365509,0.5258924821340208,0.9075960361081136,0,-1.0101762831527177,180.125,115.92727272727272,44566,,
whale,zipf,holdout,377,0.5,39,1-3,116,2.5187231112198383,0.7546283609779267,0.9250888720555206,0,-0.8544630436922654,384.75,221.43636363636364,45597,,
whale,zipf,holdout,378,0.5,47,2-8,96,7.103544699084664,1.2250184403801039,0.9149768221386272,0,-1.157615088068476,133.0,125.0,44834,,
whale,zipf,holdout,379,0.5,33,2-8,76,4.299656303350549,0.7803470050198649,0.9250264259186178,0,-0.9988394258031458,196.125,137.16363636363636,44954,,
whale,zipf,holdout,380,0.5,46,1-3,159,2.2534633168602385,1.516720816410032,0.9361309095442862,0,-0.9271131657271408,256.375,157.16363636363636,45783,,
whale,zipf,holdout,381,0.5,48,2-4,188,4.808450339211298,0.7729598594498164,0.9263269794369422,0,-0.9594276038984969,280.25,172.3272727272727,46204,,
whale,zipf,holdout,382,0.5,45,2-4,154,1.4148620310191848,0.6987217129473962,0.9232966907411004,0,-0.9376580628046622,385.125,259.41818181818184,45567,,
whale,zipf,holdout,383,0.5,27,2-4,68,4.371773080816367,1.4142172509399493,0.9514072261432669,0,-1.0718992725562593,158.75,143.98181818181817,45980,,
whale,zipf,holdout,384,0.5,15,4-8,133,1.4434570862513354,0.6083385079567988,0.866020073228442,0,-0.5703481140371659,495.5,139.36363636363637,45845,,
whale,zipf,holdout,385,0.5,16,4-8,178,3.6140658068063933,1.4105762960745059,0.9409774683700716,0,-1.0523016842059028,176.25,140.34545454545454,46059,,
whale,zipf,holdout,386,0.5,29,2-4,206,6.948006230721459,0.6336039995275208,0.9031300188487197,0,-0.9654086501445539,249.875,134.65454545454546,46102,,
whale,zipf,holdout,387,0.5,20,1-3,128,5.118771064446144,0.8240253027850516,0.8915140664189551,0,-0.8797633637138897,301.375,153.8181818181818,46150,,
whale,zipf,holdout,388,0.5,41,2-8,64,2.594585504039009,0.7226824387591618,0.907444655971817,0,-1.0394020838818048,192.0,169.23636363636365,45608,,
whale,zipf,holdout,389,0.5,54,4-8,94,3.244278512522124,1.0474640905572585,0.9334405442027319,0,-1.030773325387695,190.375,186.74545454545455,45561,,
whale,zipf,holdout,390,0.5,57,1-3,199,3.3609759814067965,1.5414980598113528,0.9261201222782564,0,-0.893149519430193,219.0,120.58181818181818,45980,,
whale,zipf,holdout,391,0.5,44,2-4,142,2.579677224185306,1.461343919763873,0.935857862423777,0,-0.9830255616818936,223.75,151.92727272727274,46100,,
whale,zipf,holdout,392,0.5,50,4-8,213,7.310795414528362,1.3152106008080868,0.8991058643997878,0,-1.1224522109124888,133.25,124.74545454545455,45560,,
whale,zipf,holdout,393,0.5,54,2-4,139,5.824133633330485,0.6446995180436081,0.9194092379885115,0,-0.9944481737755382,247.5,163.87272727272727,45804,,
whale,zipf,holdout,394,0.5,54,4-8,153,7.200559157176806,1.1868414792750972,0.9134727239368624,0,-1.1601270097352658,131.5,135.56363636363636,45552,,
whale,zipf,holdout,395,0.5,33,1-3,93,1.6349780327304133,1.5267953266057537,0.9292124110039195,0,-0.9796712682795445,266.875,203.8909090909091,45687,,
whale,zipf,holdout,396,0.5,35,4-8,153,6.260081058362551,1.5104186453800543,0.926384534273651,0,-1.223903209544409,108.625,159.9090909090909,45888,,
whale,zipf,holdout,397,0.5,25,2-4,188,4.766785810332993,0.5662509774470744,0.8883870342541029,0,-0.8332739424873298,315.875,144.83636363636364,45604,,
whale,zipf,holdout,398,0.5,40,2-4,110,6.673031917588648,1.2731006707706367,0.9395615598978142,0,-1.1429691070708894,165.875,148.14545454545456,45903,,
whale,zipf,holdout,399,0.5,39,2-4,122,3.9064802967051735,1.0797489559033837,0.9341236017537763,0,-0.9593880301741726,239.875,158.74545454545455,45714,,
whale,zipf,holdout,400,0.5,19,2-4,152,2.0225435578676167,0.5345936710019389,0.8592067787792064,0,-0.6656555405765446,526.875,175.5818181818182,45605,,
whale,zipf,holdout,401,0.5,31,2-8,100,3.9463318952787283,0.900257090682012,0.9272956389684741,0,-0.9633060630718712,223.625,154.05454545454546,44738,,
whale,zipf,holdout,402,0.5,30,2-8,92,5.301258429201345,0.9952099562772498,0.9370045478316398,0,-1.1031585169694698,174.375,155.14545454545456,45572,,
whale,zipf,holdout,403,0.5,43,4-8,50,1.9920670466335562,1.1968870846703084,0.9307683383873155,0,-1.0635451701061702,160.125,175.0909090909091,45599,,
whale,zipf,holdout,404,0.5,41,2-4,190,1.4303041921353952,0.5184627751601429,0.9004624772258267,0,-0.8148141203295691,486.125,239.05454545454546,45769,,
whale,zipf,holdout,405,0.5,31,4-8,81,3.5445756429364534,0.5187273978753029,0.9099044996217425,0,-0.9472652264219779,222.625,143.63636363636363,45190,,
whale,zipf,holdout,406,0.5,36,4-8,219,4.854474872930709,1.0066797816225805,0.9238015556328478,0,-0.9903651468129171,207.125,129.45454545454547,46314,,
whale,zipf,holdout,407,0.5,59,2-4,43,3.485421989954121,1.00145737050698,0.9336679403075137,0,-1.1141617883364159,160.25,161.96363636363637,45964,,
whale,zipf,holdout,408,0.5,43,2-8,200,5.623648417312865,0.5365322445803008,0.906562071127811,0,-0.9176352592330542,241.5,128.52727272727273,46142,,
whale,zipf,holdout,409,0.5,50,2-4,90,3.3080494536271656,1.0779823539033875,0.9407850370419066,0,-1.0232827628824315,232.5,191.29090909090908,45691,,
whale,zipf,holdout,410,0.5,24,2-8,199,8.913647816232421,0.9981686249043735,0.9070578037008116,0,-1.152111059416707,149.75,135.4,47007,,
whale,zipf,holdout,411,0.5,53,4-8,85,8.739063621678405,0.9507844884401448,0.8914786220847596,0,-1.2398473800089043,109.75,142.07272727272726,45432,,
whale,zipf,holdout,412,0.5,12,2-8,95,8.423152799388077,1.1127689694870782,0.9214070500866103,0,-1.2858096536748915,129.25,151.83636363636364,46555,,
whale,zipf,holdout,413,0.5,21,2-8,48,6.3136176838404205,0.6270272094623693,0.9193254597351019,0,-1.1992519047776096,143.0,149.4909090909091,46402,,
whale,zipf,holdout,414,0.5,25,2-8,70,6.665470348194128,0.9095684167291558,0.9140412552360456,0,-1.1560789308394663,149.75,146.4181818181818,44868,,
whale,zipf,holdout,415,0.5,47,4-8,82,7.773925815343391,0.9378899435219503,0.9092043133359942,0,-1.215181118221924,138.25,155.94545454545454,45724,,
whale,zipf,holdout,416,0.5,53,2-8,101,3.6896831365411913,1.5173228675413344,0.934651818728541,0,-1.1278273400678818,136.625,125.56363636363636,45952,,
whale,zipf,holdout,417,0.5,30,4-8,124,8.565435907457601,1.5968767362075729,0.9072056531941401,0,-1.2651045767053932,85.375,120.34545454545454,45069,,
whale,zipf,holdout,418,0.5,44,4-8,109,4.055369337278217,0.5742077560346819,0.9235149706015526,0,-0.9155275511999189,228.0,126.65454545454546,45747,,
whale,zipf,holdout,419,0.5,59,4-8,180,5.803285843624469,0.997618120866208,0.9223220033396138,0,-1.0061357827537711,181.5,133.38181818181818,46292,,
whale,zipf,holdout,420,0.5,38,2-4,108,8.363797328108562,1.413460550470647,0.932750560736211,0,-1.0978300942807326,126.0,113.18181818181819,46042,,
whale,zipf,holdout,421,0.5,58,2-8,81,2.965000269147036,1.1308403090817385,0.9170753751862828,0,-1.008846383067454,187.125,169.3272727272727,46036,,
whale,zipf,holdout,422,0.5,45,4-8,162,5.637153419774955,1.2877445437577915,0.9106013004387462,0,-1.161031443214755,137.375,164.4181818181818,45745,,
whale,zipf,holdout,423,0.5,17,1-3,49,8.58992603226637,1.1174731047875006,0.8983795239802532,0,-1.0709807873257882,165.75,132.2,45401,,
whale,zipf,holdout,424,0.5,48,2-8,201,4.969373906024412,0.6702865041677842,0.9176838574359012,0,-0.9141193726745245,248.375,124.6,45177,,
whale,zipf,holdout,425,0.5,23,4-8,100,4.294437723267955,0.5444796768289571,0.9052929822479522,0,-0.9560378085834372,235.0,145.2,45914,,
whale,zipf,holdout,426,0.5,53,1-3,216,8.219315891277873,1.2589173807395242,0.9179360804102242,0,-0.9399055323515032,192.875,105.8,45471,,
whale,zipf,holdout,427,0.5,47,2-8,114,3.5624561419301255,1.1846843864406942,0.9415383891076998,0,-1.0014019596395993,199.75,163.07272727272726,45872,,
whale,zipf,holdout,428,0.5,51,4-8,74,2.9911329395879998,1.2391763650072614,0.9328050476398113,0,-1.0879057700327013,171.25,166.76363636363635,46139,,
whale,zipf,holdout,429,0.5,51,4-8,154,6.4881598044533595,0.5342548006984464,0.9094966432795455,0,-0.9972184687085704,195.25,122.56363636363636,46202,,
whale,zipf,holdout,430,0.5,25,2-4,130,3.6085818688834,1.2531777285039398,0.939127078576719,0,-1.0080765934759368,234.5,166.3090909090909,45800,,
whale,zipf,holdout,431,0.5,36,2-4,204,8.862749963972785,0.5719271291162198,0.8954353308524641,0,-0.9791080232400355,226.0,130.6727272727273,46198,,
whale,zipf,holdout,432,0.5,31,4-8,121,8.391441805935708,1.0808241106089458,0.921651062560663,0,-1.2288792464384777,127.75,135.74545454545455,45421,,
whale,zipf,holdout,433,0.5,56,1-3,84,6.030389311938751,1.4434980201684784,0.9114696852539209,0,-0.9058800044151136,175.375,110.69090909090909,45544,,
whale,zipf,holdout,434,0.5,27,4-8,132,7.129440920417829,1.1768703519972143,0.924072128606144,0,-1.2172043587496355,137.375,145.8909090909091,45617,,
whale,zipf,holdout,435,0.5,36,1-3,94,8.502496879480947,0.9738718235620827,0.8883123007575737,0,-1.0105474710156983,201.25,150.12727272727273,46003,,
whale,zipf,holdout,436,0.5,57,1-3,41,1.5471358207705395,0.7706675354276576,0.937835588725455,0,-1.2343952972391885,230.0,313.8545454545455,45719,,
whale,zipf,holdout,437,0.5,28,1-3,80,2.781996838814349,1.2193993178472624,0.9228766568910414,0,-0.9505319592875623,291.375,180.8,45760,,
whale,zipf,holdout,438,0.5,38,1-3,206,4.131157404600233,0.5109462622197708,0.8786768045497226,0,-0.7367278138792395,402.875,149.38181818181818,45845,,
whale,zipf,holdout,439,0.5,26,2-8,146,4.857500966350741,1.2104343607575236,0.9326831108171683,0,-1.0561635468636807,186.75,150.52727272727273,46195,,
whale,zipf,holdout,440,0.5,33,2-4,200,8.262901147183298,0.8065403191929936,0.9109799927919864,0,-1.0705352476789898,209.125,143.83636363636364,46163,,
whale,zipf,holdout,441,0.5,17,2-8,117,1.3758478191284302,1.1598071084451402,0.9343661631746136,0,-0.8810487020183619,331.75,199.2,45384,,
whale,zipf,holdout,442,0.5,45,2-8,73,5.7851388120271325,0.6386013605965207,0.9176437686015866,0,-1.1007037635500079,169.625,153.05454545454546,47785,,
whale,zipf,holdout,443,0.5,47,1-3,55,2.9584028508316607,0.7672412544239298,0.9305966241285393,0,-1.073842520344309,254.5,221.45454545454547,46273,,
whale,zipf,holdout,444,0.5,41,2-4,66,2.761827072792178,0.6637717267181539,0.9329241749011694,0,-1.0671224427883061,227.5,197.6909090909091,45579,,
whale,zipf,holdout,445,0.5,39,2-8,42,5.184329958252263,0.6872772316781711,0.9197509053571122,0,-1.1377270338454553,140.0,144.3272727272727,45616,,
whale,zipf,holdout,446,0.5,31,1-3,208,1.252486859885102,0.6473399317132762,0.8651262367271303,0,-0.7098768126967809,676.875,268.8363636363636,45836,,
whale,zipf,holdout,447,0.5,32,4-8,176,6.295137509969942,1.5691969711526124,0.92417882081508,0,-1.258391130851397,110.125,137.92727272727274,45192,,
whale,zipf,holdout,448,0.5,29,1-3,126,5.023204756508041,1.3541745368247589,0.9370103017555254,0,-0.9806537344097243,216.125,156.16363636363636,45675,,
whale,zipf,holdout,449,0.5,49,2-4,189,2.4842754516659493,1.1227534251978308,0.934389322910669,0,-0.9089304296160442,306.375,195.07272727272726,45949,,
whale,zipf,holdout,450,0.5,44,2-8,118,1.3182947026699816,1.143028777221113,0.9502748503473399,0,-0.9569232522717777,258.375,192.61818181818182,46092,,
whale,zipf,holdout,451,0.5,35,4-8,157,8.85673257400408,0.867030792813117,0.9084764476596718,0,-1.18629579570591,146.5,143.74545454545455,45733,,
whale,zipf,holdout,452,0.5,12,4-8,154,7.556951031267858,1.5009544959133905,0.934524183813835,0,-1.399258455483968,92.125,170.25454545454545,45670,,
whale,zipf,holdout,453,0.5,60,1-3,137,5.654455537682265,1.3151548508030868,0.9281034256986149,0,-0.9179971446248978,223.75,128.34545454545454,45915,,
whale,zipf,holdout,454,0.5,26,1-3,105,1.8219531455817108,0.7540919231659391,0.8932286461364085,0,-0.8476114429671311,459.625,253.9090909090909,45836,,
whale,zipf,holdout,455,0.5,18,1-3,143,1.8828744147556487,1.1390741481914333,0.8982370219408641,0,-0.8299099256793288,431.125,220.12727272727273,45683,,
whale,zipf,holdout,456,0.5,25,1-3,209,2.877213141505087,1.0106994346404907,0.8985368780506472,0,-0.8042169255505838,392.125,184.4909090909091,45844,,
whale,zipf,holdout,457,0.5,55,2-4,144,5.031654038227347,1.4254495364987672,0.9363826358528098,0,-0.9930380207893891,164.125,114.65454545454546,46196,,
whale,zipf,holdout,458,0.5,29,4-8,167,6.263719323744835,1.5652351616696834,0.9226803811440276,0,-1.1926913852726302,105.875,123.74545454545455,45534,,
whale,zipf,holdout,459,0.5,12,4-8,197,7.098123517485972,1.3335514325972269,0.9190972892403096,0,-1.2298396740424462,138.75,142.6909090909091,46111,,
whale,zipf,holdout,460,0.5,56,2-4,46,7.416603307083554,0.7167893319217739,0.9292088060944358,0,-1.1332096127940638,153.75,146.83636363636364,46075,,
whale,zipf,holdout,461,0.5,57,4-8,201,4.584280796841589,1.1362114672771793,0.9321529450815962,0,-1.052373722588186,180.25,150.16363636363636,45220,,
whale,zipf,holdout,462,0.5,16,1-3,78,8.838625771552598,1.3597611162978893,0.9193888894365823,0,-1.133039412958826,163.375,129.45454545454547,45864,,
whale,zipf,holdout,463,0.5,27,2-4,60,2.13774406314531,1.1317500359930168,0.942065508644865,0,-1.0973836642296848,222.25,233.6,45608,,
whale,zipf,holdout,464,0.5,20,2-4,55,4.603972606572463,0.7521318626577412,0.9321074786322288,0,-1.0385937874758642,206.5,156.03636363636363,45368,,
whale,zipf,holdout,465,0.5,37,2-8,99,5.607175845814617,1.3306386002154111,0.9387193046754747,0,-1.1381845865003721,135.375,127.52727272727273,44979,,
whale,zipf,holdout,466,0.5,43,1-3,190,4.803503230908054,0.5636374671156139,0.8928573678512729,0,-0.8016380920467956,367.25,153.52727272727273,45060,,
whale,zipf,holdout,467,0.5,57,1-3,192,8.548883730610061,1.3079021956625438,0.9199332335298589,0,-0.9565313358011089,192.875,117.18181818181819,44996,,
whale,zipf,holdout,468,0.5,44,2-8,47,4.900091716881932,1.0924132476477721,0.9181817163438626,0,-1.1662665898015443,132.375,151.6909090909091,44923,,
whale,zipf,holdout,469,0.5,52,2-8,91,6.878014997151373,1.1641176273802891,0.9246820669099931,0,-1.2179907234328633,135.0,146.5818181818182,47255,,
whale,zipf,holdout,470,0.5,56,1-3,136,8.848978881012593,1.5026272282100825,0.8898951414363643,0,-0.8611841975636909,168.875,92.0909090909091,45085,,
whale,zipf,holdout,471,0.5,14,2-8,209,7.9928268429491,1.2472687917049918,0.9407987469055221,0,-1.2597276559139676,129.125,152.4,46400,,
whale,zipf,holdout,472,0.5,30,4-8,119,5.116741355604035,0.5303961418546114,0.9159191086713103,0,-0.9459955572451288,218.5,130.3090909090909,46347,,
whale,zipf,holdout,473,0.5,47,2-8,126,6.216287938116483,0.9092520980180685,0.9141082893546449,0,-1.0412325199199162,190.375,137.78181818181818,45631,,
whale,zipf,holdout,474,0.5,47,4-8,181,4.502244063038115,1.2427886092936307,0.9259348342137901,0,-1.0645484702815586,166.0,147.52727272727273,46519,,
whale,zipf,holdout,475,0.5,37,1-3,110,5.651459162905607,0.6729584786200874,0.8928887635628289,0,-0.8845921169393514,293.125,160.27272727272728,45971,,
whale,zipf,holdout,476,0.5,42,2-4,194,7.174225403597386,0.9362082761548911,0.9195106497442209,0,-1.0326140670827617,219.0,147.8909090909091,45376,,
whale,zipf,holdout,477,0.5,14,2-4,96,3.072121404032349,1.5014197183066975,0.9245921207228422,0,-1.009512084160932,180.625,165.65454545454546,45979,,
whale,zipf,holdout,478,0.5,36,2-8,178,6.78667204181302,1.1767803230221119,0.9208290863549013,0,-1.1971423582602854,152.5,151.6909090909091,45788,,
whale,zipf,holdout,479,0.5,14,1-3,65,3.385300581722415,1.2060836898481666,0.9047731383989861,0,-0.9354914372817331,265.75,182.16363636363636,45924,,
whale,zipf,holdout,480,0.5,23,1-3,182,5.426902821193303,1.0981911533861195,0.9255617264668352,0,-0.9971171161673558,258.25,161.0,45456,,
whale,zipf,holdout,481,0.5,43,1-3,148,5.555444911265822,1.3021175993770608,0.9371968547645795,0,-0.9401092005370627,215.25,138.96363636363637,46403,,
whale,zipf,holdout,482,0.5,31,4-8,146,8.18894295193234,1.2902293809651995,0.9076379401475205,0,-1.2664273544522797,115.625,152.3090909090909,45645,,
whale,zipf,holdout,483,0.5,49,2-4,100,5.512053849912287,0.5797478653779731,0.9229138981853844,0,-1.0013694032780482,238.125,166.3090909090909,45382,,
whale,zipf,holdout,484,0.5,25,1-3,136,3.1585872951305873,1.5276355653515143,0.9347302081934421,0,-0.9596025391689966,227.5,192.27272727272728,45866,,
whale,zipf,holdout,485,0.5,42,2-4,94,1.809425454586533,0.552221344491475,0.9132993921784567,0,-0.9984043994390599,302.125,233.05454545454546,46050,,
whale,zipf,holdout,486,0.5,45,2-8,210,2.755535242975082,1.448841205748109,0.9445646128667272,0,-0.9301794981970625,194.5,130.94545454545454,45944,,
whale,zipf,holdout,487,0.5,32,2-8,49,7.96290074257307,1.1069095943415188,0.9215028838817755,0,-1.3520863633579336,111.25,154.36363636363637,44402,,
whale,zipf,holdout,488,0.5,55,1-3,218,4.509554061243998,0.6265424276777996,0.9056151766703998,0,-0.8253052681416382,385.0,175.5818181818182,45677,,
whale,zipf,holdout,489,0.5,21,4-8,205,1.4545663841268253,0.8270519181738956,0.8919811363282386,0,-0.6187354903274231,513.375,163.85454545454544,45896,,
whale,zipf,holdout,490,0.5,13,4-8,154,6.434378820455119,0.9743396219853502,0.9210545066158436,0,-1.052633299691966,182.25,140.29090909090908,45714,,
whale,zipf,holdout,491,0.5,53,1-3,116,3.849791913242898,0.7520080937866205,0.9300706892363234,0,-0.9296129728406768,306.0,193.9090909090909,45832,,
whale,zipf,holdout,492,0.5,24,4-8,192,2.816579381085165,0.5094736514816922,0.9010749071863807,0,-0.718756068795976,381.375,151.5090909090909,45927,,
whale,zipf,holdout,493,0.5,33,4-8,172,1.9344966665949164,0.6105912673204795,0.9052950782933954,0,-0.68452846572782,424.625,164.45454545454547,45955,,
whale,zipf,holdout,494,0.5,53,4-8,85,7.849887284832191,0.8584888201695551,0.9093171142076564,0,-1.1542260320857314,142.625,146.25454545454545,46619,,
whale,zipf,holdout,495,0.5,26,2-4,125,6.892199664515784,0.6678320681620816,0.907676353528707,0,-0.9673545398148007,230.5,133.07272727272726,46364,,
whale,zipf,holdout,496,0.5,35,2-8,216,8.207412391102569,1.554771504051181,0.9299179913925656,0,-1.293378731494225,101.75,132.36363636363637,45295,,
whale,zipf,holdout,497,0.5,41,2-8,196,8.50193607871811,0.8316373740056939,0.908217155156718,0,-1.1307521243911063,175.625,146.85454545454544,46094,,
whale,zipf,holdout,498,0.5,30,4-8,163,2.067175421469268,0.6776691411752683,0.9221572089150905,0,-0.7432161425700863,395.0,170.2,45724,,
whale,zipf,holdout,499,0.5,18,2-4,135,3.8632637582480287,1.1706225104316714,0.9417217539415801,0,-1.031861922903996,232.125,180.8181818181818,45676,,
whale,uniform,holdout,0,0.5,55,4-8,76,3.2510506327176243,,0.879024042393985,0,-0.9576131338293653,201.125,142.4181818181818,45993,,
whale,uniform,holdout,1,0.5,26,2-4,149,3.1427001133653523,,0.8714001822904924,0,-0.7548480518513042,396.75,164.83636363636364,45967,,
whale,uniform,holdout,2,0.5,20,2-4,47,6.922489103343006,,0.8721461371672118,0,-1.108969953079344,171.625,149.6727272727273,45974,,
whale,uniform,holdout,3,0.5,18,4-8,59,5.807103784902738,,0.8906610248086863,0,-1.1053172074880657,167.75,146.43636363636364,45627,,
whale,uniform,holdout,4,0.5,55,2-4,76,7.306190851224577,,0.8976677249837621,0,-1.0385602369860913,196.25,140.78181818181818,46044,,
whale,uniform,holdout,5,0.5,48,2-4,208,7.852676197864867,,0.8976132704164674,0,-0.9471207365514416,250.125,136.4909090909091,45741,,
whale,uniform,holdout,6,0.5,46,2-4,152,5.622754843201471,,0.8960127779645526,0,-0.8993531896488914,270.375,142.1090909090909,46372,,
whale,uniform,holdout,7,0.5,20,1-3,53,1.7308720393898707,,0.8733096323218449,0,-0.8859683110409499,432.5,240.4181818181818,45996,,
whale,uniform,holdout,8,0.5,52,2-8,73,7.706372656602383,,0.9019802843391352,0,-1.101709048843122,153.625,134.25454545454545,44788,,
whale,uniform,holdout,9,0.5,24,2-8,112,7.001849743290617,,0.9070090929610448,0,-1.0198572218215336,204.0,145.98181818181817,46180,,
whale,uniform,holdout,10,0.5,17,2-8,180,1.0103686942316363,,0.6849382189531433,0,-0.3023239408497497,578.375,109.89090909090909,45761,,
whale,uniform,holdout,11,0.5,47,2-8,97,6.055562871645431,,0.9132559193960915,0,-1.0155455208244388,187.75,122.0,46315,,
whale,uniform,holdout,12,0.5,17,4-8,207,1.3966172490569972,,0.771890258174699,0,-0.36688998438911524,497.0,101.01818181818182,45522,,
whale,uniform,holdout,13,0.5,34,2-4,181,3.215130706850923,,0.8861121671491946,0,-0.7568922247181253,407.625,160.29090909090908,45980,,
whale,uniform,holdout,14,0.5,21,1-3,147,8.63845713682123,,0.8407440009335084,0,-0.9032562192744457,243.375,129.6727272727273,45698,,
whale,uniform,holdout,15,0.5,12,2-8,151,1.9275236592151543,,0.7974288504768581,0,-0.5016621319878143,337.875,80.23636363636363,46067,,
whale,uniform,holdout,16,0.5,60,2-8,66,6.345652804110455,,0.8906659696616487,0,-1.1494381789510628,152.875,148.3272727272727,45856,,
whale,uniform,holdout,17,0.5,50,1-3,94,4.263488265283552,,0.8853094055308772,0,-0.7798108560269366,365.0,156.74545454545455,45627,,
whale,uniform,holdout,18,0.5,18,1-3,53,5.397276429003762,,0.8308775268695665,0,-0.8211543363353804,264.5,140.14545454545456,46337,,
whale,uniform,holdout,19,0.5,47,2-4,182,4.7699316247034265,,0.8964835745903625,0,-0.7891057346771744,322.375,134.63636363636363,45672,,
whale,uniform,holdout,20,0.5,54,1-3,169,4.85066548165027,,0.8558249717239631,0,-0.7562070367387994,386.25,151.8181818181818,45986,,
whale,uniform,holdout,21,0.5,14,2-4,189,2.8084942866579548,,0.8168191871824133,0,-0.6189985432212708,407.875,122.74545454545455,45812,,
whale,uniform,holdout,22,0.5,17,2-4,97,7.750672975091322,,0.8730928906517603,0,-1.044188669996495,202.625,150.0909090909091,45580,,
whale,uniform,holdout,23,0.5,59,1-3,129,3.305439974750797,,0.9002588434745906,0,-0.7975937681520056,422.0,193.52727272727273,46007,,
whale,uniform,holdout,24,0.5,57,4-8,63,2.126777242393655,,0.8391771260957555,0,-0.9508785642713805,190.625,155.70909090909092,46014,,
whale,uniform,holdout,25,0.5,15,2-8,181,6.65666017229885,,0.9028718887681664,0,-0.9745454358340165,222.75,129.27272727272728,46051,,
whale,uniform,holdout,26,0.5,28,2-4,58,1.4504667764842294,,0.8699815972094633,0,-1.0783995420607968,288.5,241.1818181818182,45664,,
whale,uniform,holdout,27,0.5,52,2-8,92,4.8957614119306445,,0.9131190757344736,0,-0.9625209650212061,205.5,127.78181818181818,46324,,
whale,uniform,holdout,28,0.5,39,1-3,196,4.927634498626276,,0.843929274744044,0,-0.7208446579609586,378.25,131.4181818181818,45658,,
whale,uniform,holdout,29,0.5,19,4-8,191,4.006565956480933,,0.8915868632061523,0,-0.8248940220002099,325.125,145.87272727272727,45568,,
whale,uniform,holdout,30,0.5,18,2-8,146,4.165774984580159,,0.88593067186938,0,-0.8227009578860284,300.0,143.6,46801,,
whale,uniform,holdout,31,0.5,36,2-4,151,4.6970487249271535,,0.8930585299991629,0,-0.8290067219970337,314.875,142.4,45768,,
whale,uniform,holdout,32,0.5,59,1-3,192,4.547069235234866,,0.8582666939792225,0,-0.7358308784514924,409.125,151.78181818181818,45371,,
whale,uniform,holdout,33,0.5,18,1-3,169,8.45282984935092,,0.8603601980045175,0,-0.9760282221006563,240.125,130.6909090909091,45675,,
whale,uniform,holdout,34,0.5,26,1-3,103,8.586416539999359,,0.8280767178890545,0,-0.8975771699192768,228.5,127.38181818181818,46202,,
whale,uniform,holdout,35,0.5,46,1-3,96,1.953714144310509,,0.9003096242072082,0,-0.8992824480893834,426.625,257.1636363636364,45827,,
whale,uniform,holdout,36,0.5,33,2-8,124,4.068021103876092,,0.903308832529023,0,-0.8347327667611217,272.125,128.61818181818182,45754,,
whale,uniform,holdout,37,0.5,54,2-8,126,8.512263885996134,,0.8992188220709811,0,-1.0868310601709275,170.875,130.16363636363636,46180,,
whale,uniform,holdout,38,0.5,27,2-8,164,2.629204624603851,,0.8921380210406238,0,-0.7159486437987264,410.875,158.5090909090909,46550,,
whale,uniform,holdout,39,0.5,30,1-3,185,4.770141450829703,,0.8567536630819069,0,-0.7583584601847129,382.25,143.0,45627,,
whale,uniform,holdout,40,0.5,33,2-4,180,4.164464413085613,,0.8834171251655516,0,-0.8022156302126279,351.0,152.52727272727273,45755,,
whale,uniform,holdout,41,0.5,28,2-8,184,5.099056659523957,,0.905605440057162,0,-0.8215122088727669,285.75,132.21818181818182,46359,,
whale,uniform,holdout,42,0.5,47,4-8,168,3.976059731605554,,0.9112289619207183,0,-0.7741417343662533,288.375,121.0,45801,,
whale,uniform,holdout,43,0.5,45,4-8,200,7.023922089722648,,0.9100206878899868,0,-0.9227160031873862,216.875,116.05454545454545,46189,,
whale,uniform,holdout,44,0.5,31,2-4,103,4.6655739093823625,,0.8874151233932627,0,-0.8803579571247583,280.375,144.9090909090909,45438,,
whale,uniform,holdout,45,0.5,40,4-8,108,1.064620580743771,,0.836349741389149,0,-0.7356604070712568,367.75,167.4909090909091,45659,,
whale,uniform,holdout,46,0.5,59,2-4,71,4.91072941361958,,0.9084579893992797,0,-1.0899955733147708,217.0,182.87272727272727,45564,,
whale,uniform,holdout,47,0.5,50,4-8,79,7.614539212893772,,0.8984257175378028,0,-1.0570118328459186,149.5,111.32727272727273,45635,,
whale,uniform,holdout,48,0.5,12,2-4,119,1.689579673294526,,0.7437759307952965,0,-0.47271244774455,495.375,124.27272727272727,45867,,
whale,uniform,holdout,49,0.5,57,1-3,82,6.927368887623493,,0.8697658025950347,0,-0.9526892955777542,257.375,158.8909090909091,45524,,
whale,uniform,holdout,50,0.5,23,4-8,204,6.3233419340670975,,0.8997904318908874,0,-0.8760388288988535,267.0,140.83636363636364,45238,,
whale,uniform,holdout,51,0.5,32,1-3,112,8.3860544566626,,0.8408978060684085,0,-0.8597339863170013,255.625,121.58181818181818,45582,,
whale,uniform,holdout,52,0.5,48,2-4,204,8.381915363410364,,0.8925492375830846,0,-0.9655339552806663,238.0,136.96363636363637,45860,,
whale,uniform,holdout,53,0.5,20,2-4,191,5.104496372259433,,0.8711058711129036,0,-0.8445897584861082,326.0,151.9090909090909,46017,,
whale,uniform,holdout,54,0.5,31,1-3,144,6.3003890024514995,,0.8309886518586607,0,-0.7888994005515545,303.5,127.0909090909091,45494,,
whale,uniform,holdout,55,0.5,55,2-4,122,1.5701558644328433,,0.8454596100343208,0,-0.9565065345407504,314.875,247.6909090909091,45817,,
whale,uniform,holdout,56,0.5,33,4-8,190,2.5115783249115564,,0.8915808813716989,0,-0.6719025751660783,419.25,154.4909090909091,45791,,
whale,uniform,holdout,57,0.5,54,4-8,85,2.4470432409895038,,0.8745194379221726,0,-0.8509339749854714,230.625,140.70909090909092,45810,,
whale,uniform,holdout,58,0.5,27,4-8,201,3.5020587692498895,,0.9000633254191789,0,-0.7719132256298833,368.5,152.83636363636364,45766,,
whale,uniform,holdout,59,0.5,19,2-8,207,4.417618802648345,,0.8851925111137883,0,-0.7917197030704031,311.5,139.23636363636365,45280,,
whale,uniform,holdout,60,0.5,55,1-3,117,8.057713022839767,,0.8306105768177627,0,-0.9024586798098888,255.375,139.6727272727273,45556,,
whale,uniform,holdout,61,0.5,35,2-8,206,4.141660407875656,,0.8999378380118706,0,-0.7805022138985297,321.625,139.27272727272728,45135,,
whale,uniform,holdout,62,0.5,14,2-8,137,6.509152634148142,,0.8867906395252113,0,-0.9727738368024531,222.125,130.05454545454546,45366,,
whale,uniform,holdout,63,0.5,17,1-3,105,7.3626113414467795,,0.8175059383607304,0,-0.8839568322442308,244.0,134.25454545454545,46086,,
whale,uniform,holdout,64,0.5,34,1-3,217,3.5151476110275874,,0.8465429588219253,0,-0.6729528037542066,465.875,154.56363636363636,46152,,
whale,uniform,holdout,65,0.5,59,2-8,46,8.005685172423885,,0.9072624022988207,0,-1.234688953052456,121.25,151.0909090909091,45936,,
whale,uniform,holdout,66,0.5,19,1-3,179,6.641992153657398,,0.8541788748799387,0,-0.9038376212094674,277.125,139.01818181818183,45241,,
whale,uniform,holdout,67,0.5,18,2-4,219,8.27258791265168,,0.8956966354275391,0,-0.9966935062287698,227.875,141.12727272727273,45843,,
whale,uniform,holdout,68,0.5,14,4-8,58,8.898946581998306,,0.8731911745045122,0,-1.2498648556647773,141.75,158.61818181818182,46933,,
whale,uniform,holdout,69,0.5,41,1-3,103,4.836605642459205,,0.8651138729634512,0,-0.8037482607760915,335.5,160.74545454545455,45306,,
whale,uniform,holdout,70,0.5,36,2-4,50,8.838389517763002,,0.8844653036879124,0,-1.155739989971723,158.75,136.76363636363635,45894,,
whale,uniform,holdout,71,0.5,49,4-8,95,8.069922199988264,,0.9008448232786619,0,-1.0385092728527114,168.75,117.92727272727272,45247,,
whale,uniform,holdout,72,0.5,39,2-4,105,3.593439156270102,,0.9062789403637938,0,-0.9004182722845376,301.5,166.70909090909092,45624,,
whale,uniform,holdout,73,0.5,40,4-8,133,1.908243729560568,,0.8860378335098559,0,-0.7015700359784618,367.125,146.52727272727273,45695,,
whale,uniform,holdout,74,0.5,55,2-8,121,6.896627854611438,,0.8986964726310938,0,-1.0009826916387894,185.375,111.03636363636363,46647,,
whale,uniform,holdout,75,0.5,33,2-4,146,1.762061724838694,,0.8865557211736093,0,-0.7313767321274807,482.875,196.78181818181818,45615,,
whale,uniform,holdout,76,0.5,25,2-8,131,2.877664652693656,,0.8917723255182709,0,-0.7646059517474108,346.5,153.61818181818182,46673,,
whale,uniform,holdout,77,0.5,19,2-8,51,7.111051812470636,,0.9017346797882737,0,-1.1634139270443082,143.5,150.6727272727273,45769,,
whale,uniform,holdout,78,0.5,49,4-8,84,1.3204472410589307,,0.8288140423765489,0,-0.8901524131090163,259.5,182.65454545454546,45821,,
whale,uniform,holdout,79,0.5,35,1-3,165,4.9477198820699355,,0.8488448962879103,0,-0.7777068428612726,358.75,152.76363636363635,45644,,
whale,uniform,holdout,80,0.5,26,2-4,43,1.2319447639759522,,0.837798723209925,0,-1.2430357292137333,194.125,269.0181818181818,45843,,
whale,uniform,holdout,81,0.5,46,2-4,169,2.952734388171187,,0.9002633180236466,0,-0.7770206740804557,390.625,168.76363636363635,45784,,
whale,uniform,holdout,82,0.5,22,2-4,87,7.219660782141485,,0.8853641818112465,0,-1.0250358370909858,206.625,140.45454545454547,45758,,
whale,uniform,holdout,83,0.5,55,2-8,167,3.8967409980623335,,0.9160898139785555,0,-0.7958141908636871,291.875,129.0,45747,,
whale,uniform,holdout,84,0.5,29,4-8,202,1.280558019856115,,0.8423488130378105,0,-0.48431237881459,603.125,154.92727272727274,45586,,
whale,uniform,holdout,85,0.5,34,1-3,78,7.775818908386867,,0.8141948693295387,0,-0.8667699960050954,255.875,132.83636363636364,45502,,
whale,uniform,holdout,86,0.5,17,2-8,78,1.8377305628954934,,0.8816622458281242,0,-0.715816976720699,401.75,149.6,45785,,
whale,uniform,holdout,87,0.5,14,4-8,54,2.266361004913499,,0.8801138071547426,0,-0.8685576565218284,289.75,149.83636363636364,45746,,
whale,uniform,holdout,88,0.5,20,2-4,164,4.867602429836138,,0.8803470856948478,0,-0.8707399385826715,319.625,152.1818181818182,45466,,
whale,uniform,holdout,89,0.5,15,4-8,198,5.336754991331168,,0.8904460051497938,0,-0.9165991654388694,248.125,124.83636363636364,46026,,
whale,uniform,holdout,90,0.5,26,1-3,156,8.553510195447682,,0.8604904279294464,0,-0.9383725829411433,247.875,129.92727272727274,44874,,
whale,uniform,holdout,91,0.5,22,1-3,108,6.385677153032996,,0.7909597388698387,0,-0.7908576160759807,282.25,134.8181818181818,45831,,
whale,uniform,holdout,92,0.5,34,2-4,185,2.54930111291434,,0.889619287834226,0,-0.720419943160822,447.5,170.1090909090909,45605,,
whale,uniform,holdout,93,0.5,21,4-8,108,3.1864416993550844,,0.9065337913196594,0,-0.817744493507158,310.75,143.4181818181818,45641,,
whale,uniform,holdout,94,0.5,29,4-8,130,3.1470212323693705,,0.8883667181788414,0,-0.7576093511215735,318.125,139.65454545454546,45968,,
whale,uniform,holdout,95,0.5,39,2-4,105,7.118466956732953,,0.8889536754082212,0,-0.9949326402516185,215.75,137.74545454545455,46001,,
whale,uniform,holdout,96,0.5,51,4-8,152,6.815349090293036,,0.903945359131102,0,-1.0111495670779278,194.125,120.58181818181818,45925,,
whale,uniform,holdout,97,0.5,55,1-3,91,7.484482744588978,,0.857153665465282,0,-0.8904488948000135,271.0,136.29090909090908,45064,,
whale,uniform,holdout,98,0.5,52,2-4,171,2.716612639187761,,0.9071331033902028,0,-0.7694371514403124,405.875,171.14545454545456,45420,,
whale,uniform,holdout,99,0.5,31,4-8,179,7.317855934563563,,0.9027988013642044,0,-0.9373267577160365,220.125,129.52727272727273,44645,,
whale,uniform,holdout,100,0.5,14,1-3,201,6.642358387191216,,0.8516529991079068,0,-0.9016020467002963,262.5,131.0,45778,,
whale,uniform,holdout,101,0.5,46,4-8,192,2.6919177205208973,,0.8969929737797145,0,-0.6752554566210709,362.125,135.6909090909091,45476,,
whale,uniform,holdout,102,0.5,43,2-8,158,3.330860657914048,,0.9145279918101994,0,-0.7723451186662179,314.625,135.96363636363637,44867,,
whale,uniform,holdout,103,0.5,23,2-4,156,3.8092654308584137,,0.8597165132556318,0,-0.7536024270334106,372.5,147.74545454545455,45847,,
whale,uniform,holdout,104,0.5,39,4-8,64,7.320283971660905,,0.8994491137884668,0,-1.0906287408155886,150.125,128.36363636363637,46241,,
whale,uniform,holdout,105,0.5,49,2-4,189,8.683622431314795,,0.9075424834635359,0,-1.003110600205813,229.875,137.65454545454546,45962,,
whale,uniform,holdout,106,0.5,31,2-8,199,1.0239936706687578,,0.8086573399978091,0,-0.4547623900180505,633.0,161.29090909090908,45439,,
whale,uniform,holdout,107,0.5,20,4-8,46,1.822847908137402,,0.8859464389422367,0,-0.9149348433130468,265.75,152.03636363636363,45832,,
whale,uniform,holdout,108,0.5,42,1-3,217,1.2693138142001095,,0.8393922739976498,0,-0.7029586893327967,670.75,274.7090909090909,45771,,
whale,uniform,holdout,109,0.5,30,4-8,172,6.465876358660444,,0.9063801003826297,0,-0.9050733568602073,240.75,125.81818181818181,45719,,
whale,uniform,holdout,110,0.5,55,2-8,82,4.916332274745179,,0.9106766758206398,0,-1.0354359904689785,185.25,143.43636363636364,45613,,
whale,uniform,holdout,111,0.5,45,2-4,94,8.465287379671084,,0.8917656744592463,0,-1.0476216474378988,189.0,140.34545454545454,44824,,
whale,uniform,holdout,112,0.5,38,2-8,220,7.567842933079151,,0.8971862832172524,0,-0.9668596712919949,221.875,115.56363636363636,45708,,
whale,uniform,holdout,113,0.5,16,4-8,42,7.906544724227423,,0.8774106676124784,0,-1.2356281188499834,127.375,154.63636363636363,45529,,
whale,uniform,holdout,114,0.5,27,4-8,140,3.4511704188392134,,0.8962247015169591,0,-0.8232857744131834,316.125,152.8909090909091,45795,,
whale,uniform,holdout,115,0.5,51,4-8,79,4.132213208553775,,0.9005541564974183,0,-0.9688785862495024,190.75,133.1090909090909,45664,,
whale,uniform,holdout,116,0.5,35,2-4,76,5.4704143547478985,,0.9071326724725789,0,-1.0219845663671523,230.875,155.5090909090909,45699,,
whale,uniform,holdout,117,0.5,55,1-3,68,5.449932167893874,,0.8706566484185956,0,-0.8925990202118921,277.625,169.52727272727273,45850,,
whale,uniform,holdout,118,0.5,43,4-8,98,7.62770779839945,,0.8955062537405476,0,-1.0277717692480266,168.875,130.1090909090909,46144,,
whale,uniform,holdout,119,0.5,19,2-4,80,3.858082043726232,,0.8841324967322696,0,-0.8981494042900153,306.75,155.01818181818183,46084,,
whale,uniform,holdout,120,0.5,27,2-8,199,5.75847749731954,,0.8885861570964948,0,-0.8738338662321423,267.25,132.29090909090908,46659,,
whale,uniform,holdout,121,0.5,38,2-4,126,7.946585604294407,,0.8875219076493814,0,-0.9763622908558495,215.25,138.16363636363636,45691,,
whale,uniform,holdout,122,0.5,38,4-8,56,8.217814077190091,,0.9029108536179569,0,-1.1796391759243927,122.0,112.49090909090908,45870,,
whale,uniform,holdout,123,0.5,43,4-8,41,6.2941157465515944,,0.893483414834183,0,-1.159159814747653,120.75,123.0,45355,,
whale,uniform,holdout,124,0.5,58,4-8,85,3.5541168508117273,,0.8964761994516319,0,-0.9336455984742178,213.625,138.07272727272726,45849,,
whale,uniform,holdout,125,0.5,16,4-8,72,7.484596596891224,,0.8930299474168031,0,-1.138738588912927,159.5,147.1090909090909,45674,,
whale,uniform,holdout,126,0.5,30,2-8,62,8.704831352232677,,0.9041925550288819,0,-1.1376027776362363,142.125,122.63636363636364,45892,,
whale,uniform,holdout,127,0.5,38,1-3,103,5.059785294846486,,0.8543204324145147,0,-0.809413841617322,333.0,161.4,46141,,
whale,uniform,holdout,128,0.5,28,1-3,151,8.221143059967972,,0.8266378180940408,0,-0.8820007700154144,246.125,131.01818181818183,45692,,
whale,uniform,holdout,129,0.5,55,2-8,90,7.0584495219358185,,0.9067795723204273,0,-1.1091605407202356,174.625,129.16363636363636,46718,,
whale,uniform,holdout,130,0.5,44,4-8,118,4.54057589831106,,0.9182287170610158,0,-0.8509064449238155,230.25,110.56363636363636,45811,,
whale,uniform,holdout,131,0.5,39,2-8,117,8.598046863605273,,0.9133260034950388,0,-1.1195193750543093,169.75,121.49090909090908,46210,,
whale,uniform,holdout,132,0.5,25,2-4,78,8.785376149242293,,0.8808916179210642,0,-1.08617691576988,179.125,135.6727272727273,45457,,
whale,uniform,holdout,133,0.5,23,2-4,53,3.7373379512498257,,0.8987566517867795,0,-0.9868455075081114,239.875,161.47272727272727,45960,,
whale,uniform,holdout,134,0.5,33,2-4,86,8.679947202454638,,0.893484248872413,0,-1.0914868356515308,185.125,136.36363636363637,45430,,
whale,uniform,holdout,135,0.5,59,2-8,220,3.7060838512907006,,0.9084719579972602,0,-0.7272534926091044,327.5,118.03636363636363,45931,,
whale,uniform,holdout,136,0.5,31,1-3,178,2.8471723351552223,,0.8516628595558869,0,-0.6678483272061196,514.375,172.94545454545454,45665,,
whale,uniform,holdout,137,0.5,54,4-8,141,3.4338298337212843,,0.9069210971461645,0,-0.7705804749087971,281.0,116.47272727272727,45740,,
whale,uniform,holdout,138,0.5,25,2-4,87,7.003653942050167,,0.8859839821667906,0,-1.008721152811939,211.0,140.85454545454544,46141,,
whale,uniform,holdout,139,0.5,43,4-8,195,3.011116289276905,,0.9085755013771613,0,-0.7303575118294864,361.125,143.6727272727273,45933,,
whale,uniform,holdout,140,0.5,23,2-8,40,4.03253889509857,,0.8995257059800097,0,-1.1233406687627143,164.125,140.05454545454546,45680,,
whale,uniform,holdout,141,0.5,25,1-3,48,3.268676347395145,,0.9009104002007614,0,-0.8582681883831595,319.25,181.2,45612,,
whale,uniform,holdout,142,0.5,20,1-3,134,4.676590495517803,,0.8131465325679789,0,-0.7413354735587578,353.375,138.70909090909092,45810,,
whale,uniform,holdout,143,0.5,57,2-8,101,8.88857278682729,,0.9017854783877277,0,-1.1147194289653988,159.0,131.45454545454547,46106,,
whale,uniform,holdout,144,0.5,59,2-8,132,5.478579925231318,,0.9124066068330341,0,-0.9195649847472029,221.375,125.0,45571,,
whale,uniform,holdout,145,0.5,38,4-8,150,2.7125631943982524,,0.907062743896929,0,-0.7239113756571697,338.625,136.21818181818182,45856,,
whale,uniform,holdout,146,0.5,24,4-8,130,8.796983313166356,,0.8808022947636498,0,-1.0571749522202665,185.375,138.4,45923,,
whale,uniform,holdout,147,0.5,15,1-3,89,4.831510671112093,,0.7870125846469536,0,-0.7323855489177861,316.125,138.29090909090908,46172,,
whale,uniform,holdout,148,0.5,53,1-3,145,1.0737581787362318,,0.8052283143407728,0,-0.8164823577488565,598.125,309.8909090909091,45628,,
whale,uniform,holdout,149,0.5,18,4-8,212,2.9889486293030494,,0.8844329043071557,0,-0.6822005899824525,380.25,126.87272727272727,45843,,
whale,uniform,holdout,150,0.5,32,4-8,203,4.256613713400505,,0.8950546485228644,0,-0.7858144130414435,306.0,123.54545454545455,46030,,
whale,uniform,holdout,151,0.5,26,4-8,53,3.255190701843113,,0.8949737709946156,0,-1.014491615135977,196.0,145.07272727272726,45774,,
whale,uniform,holdout,152,0.5,22,2-4,121,3.078588149640706,,0.8858267356187558,0,-0.8077308949235058,382.625,174.47272727272727,46085,,
whale,uniform,holdout,153,0.5,46,1-3,138,7.332142329464927,,0.856424466219855,0,-0.8830770168554362,285.0,137.36363636363637,46453,,
whale,uniform,holdout,154,0.5,30,4-8,154,6.367381195180816,,0.906840035402651,0,-0.9347874817589219,222.875,124.94545454545455,46197,,
whale,uniform,holdout,155,0.5,32,2-8,61,4.170170567739551,,0.9069788668734755,0,-0.9839912699456074,200.0,133.14545454545456,45472,,
whale,uniform,holdout,156,0.5,27,2-4,62,7.4072947908494235,,0.8904332445551253,0,-1.0856224614350367,182.375,145.74545454545455,45920,,
whale,uniform,holdout,157,0.5,59,2-8,97,5.012884985010506,,0.9021913872445932,0,-0.9993614177795076,201.125,132.01818181818183,47158,,
whale,uniform,holdout,158,0.5,46,4-8,43,8.473050995435003,,0.8797130707195306,0,-1.2627774483671916,111.25,148.63636363636363,46258,,
whale,uniform,holdout,159,0.5,60,1-3,220,5.008242214165086,,0.8539443208435239,0,-0.7365270568445069,393.625,147.4181818181818,46016,,
whale,uniform,holdout,160,0.5,54,2-8,48,8.481081060863565,,0.9079459126678184,0,-1.2332488829141353,116.375,125.45454545454545,46704,,
whale,uniform,holdout,161,0.5,45,1-3,120,7.183584320395971,,0.8311536005556512,0,-0.8299570613329337,282.25,126.96363636363637,46360,,
whale,uniform,holdout,162,0.5,40,1-3,98,4.053605716655636,,0.8810613329594033,0,-0.817227558935314,353.125,173.83636363636364,45848,,
whale,uniform,holdout,163,0.5,58,1-3,42,6.988099554778756,,0.8511854309646069,0,-0.9118658905591827,218.125,147.38181818181818,45809,,
whale,uniform,holdout,164,0.5,42,1-3,172,2.3132421699035577,,0.8876313388526289,0,-0.7318137904339085,520.375,208.5818181818182,45891,,
whale,uniform,holdout,165,0.5,55,2-8,183,5.158344651053943,,0.9027224704895243,0,-0.8517762094093588,253.375,120.92727272727272,45530,,
whale,uniform,holdout,166,0.5,54,4-8,94,3.533389821735943,,0.9089357912515017,0,-0.898416344137708,226.125,123.65454545454546,45579,,
whale,uniform,holdout,167,0.5,25,4-8,194,6.75605798759722,,0.8998734142000107,0,-0.9526720572966951,237.25,140.21818181818182,44847,,
whale,uniform,holdout,168,0.5,50,4-8,67,3.052114295002622,,0.880391321961731,0,-0.9742540406492208,192.875,152.72727272727272,45889,,
whale,uniform,holdout,169,0.5,35,2-4,41,2.507749565382995,,0.9181022115964328,0,-1.206294920198195,184.625,214.61818181818182,45640,,
whale,uniform,holdout,170,0.5,23,1-3,82,5.69708881224041,,0.8379887812921276,0,-0.8568876451070402,292.125,158.72727272727272,46144,,
whale,uniform,holdout,171,0.5,45,2-4,101,8.530603596104665,,0.9044058246967387,0,-1.1064881941906874,196.125,153.52727272727273,46312,,
whale,uniform,holdout,172,0.5,15,2-4,203,6.773736638249949,,0.8757157171799679,0,-0.9608534528817656,247.375,134.6727272727273,45414,,
whale,uniform,holdout,173,0.5,59,4-8,161,7.263382459345654,,0.9029400617142705,0,-0.9832906815066441,197.125,123.4,45906,,
whale,uniform,holdout,174,0.5,29,1-3,80,5.005079816403982,,0.877784156580537,0,-0.8963167880405558,305.0,174.8181818181818,46001,,
whale,uniform,holdout,175,0.5,34,4-8,109,6.552772414741513,,0.9126699085904524,0,-0.9426618715410258,195.0,119.6,45822,,
whale,uniform,holdout,176,0.5,37,2-8,114,2.1923324858721474,,0.8977149146944094,0,-0.7532023853905825,344.125,149.54545454545453,46096,,
whale,uniform,holdout,177,0.5,38,2-4,100,1.5482250173033227,,0.8661566922174565,0,-0.9799684899456305,337.0,243.4909090909091,45719,,
whale,uniform,holdout,178,0.5,28,1-3,72,5.781056914950717,,0.8379953180814089,0,-0.8192670875791894,278.125,132.65454545454546,45642,,
whale,uniform,holdout,179,0.5,17,2-8,102,5.72875159157501,,0.8952477082729228,0,-1.0211884668199231,225.375,145.65454545454546,44796,,
whale,uniform,holdout,180,0.5,36,2-8,176,8.123836828590402,,0.907163012178996,0,-0.9895846201457362,193.25,110.9090909090909,45890,,
whale,uniform,holdout,181,0.5,36,4-8,180,7.298709342698963,,0.9057607001176878,0,-0.9462246956878484,219.5,123.74545454545455,45989,,
whale,uniform,holdout,182,0.5,44,1-3,58,6.024245357857521,,0.8701833039785175,0,-0.9126588456965373,266.5,159.1090909090909,45474,,
whale,uniform,holdout,183,0.5,31,4-8,57,5.454957976647633,,0.9010840011073191,0,-1.0690159497563632,160.75,127.74545454545455,46171,,
whale,uniform,holdout,184,0.5,57,1-3,196,2.0204479944507545,,0.89552049582955,0,-0.7532897409594788,544.25,235.0909090909091,45894,,
whale,uniform,holdout,185,0.5,32,2-4,169,6.383725001051359,,0.8850889298842795,0,-0.85752966267576,269.75,124.56363636363636,45273,,
whale,uniform,holdout,186,0.5,60,4-8,131,1.8746620569504744,,0.8738020887794629,0,-0.7481182321611368,300.0,145.6909090909091,45968,,
whale,uniform,holdout,187,0.5,51,2-4,132,1.8298092152002123,,0.8864868551719745,0,-0.8985607658036994,357.25,227.54545454545453,45533,,
whale,uniform,holdout,188,0.5,45,4-8,43,7.913734114489507,,0.8962884975348682,0,-1.2164593302700362,110.625,138.27272727272728,45172,,
whale,uniform,holdout,189,0.5,34,2-4,78,8.791509677350057,,0.8873479396299775,0,-1.1212791479206208,173.125,133.5090909090909,45863,,
whale,uniform,holdout,190,0.5,39,2-8,207,8.627542726724823,,0.9107107425997082,0,-1.0019512441674996,205.875,117.10909090909091,45547,,
whale,uniform,holdout,191,0.5,29,1-3,187,8.653034844032458,,0.8512690118328674,0,-0.8624706994854671,251.125,131.12727272727273,46069,,
whale,uniform,holdout,192,0.5,36,2-4,162,7.580617617385727,,0.8974205311625401,0,-0.9907930268878936,234.125,138.25454545454545,45452,,
whale,uniform,holdout,193,0.5,14,4-8,170,8.219454894367463,,0.8906378508161548,0,-1.0023776073356543,193.125,128.27272727272728,45256,,
whale,uniform,holdout,194,0.5,46,1-3,120,8.386261673004189,,0.8401431018127543,0,-0.8945364851403941,253.125,136.76363636363635,45583,,
whale,uniform,holdout,195,0.5,59,2-8,89,3.491835866912245,,0.9091556540958583,0,-0.927604824455839,222.5,138.78181818181818,44955,,
whale,uniform,holdout,196,0.5,42,4-8,153,6.8969496661964325,,0.9109475196400785,0,-0.9563535979778559,197.125,119.01818181818182,46397,,
whale,uniform,holdout,197,0.5,53,1-3,61,4.824954243258596,,0.8963630005694723,0,-0.9158816650582937,288.125,179.87272727272727,45573,,
whale,uniform,holdout,198,0.5,54,1-3,46,1.2653207196765726,,0.8669566519319261,0,-0.99050151189212,442.75,314.3454545454546,46017,,
whale,uniform,holdout,199,0.5,20,2-4,141,8.493662209552593,,0.8777406733479465,0,-1.0332328907519548,210.625,146.34545454545454,46031,,
whale,uniform,holdout,200,0.5,12,2-4,156,4.857004465231428,,0.8448408728049535,0,-0.8366580651116174,267.625,122.16363636363636,46130,,
whale,uniform,holdout,201,0.5,25,2-4,218,3.522135818499761,,0.8790577623828992,0,-0.7180543726988005,416.25,150.74545454545455,45785,,
whale,uniform,holdout,202,0.5,42,2-8,111,5.5360061559282165,,0.9235240216945266,0,-0.9723421187405354,208.75,130.12727272727273,44566,,
whale,uniform,holdout,203,0.5,37,4-8,126,5.415156752633047,,0.9040620172694356,0,-0.8983972526481322,223.0,122.58181818181818,44994,,
whale,uniform,holdout,204,0.5,18,2-8,41,1.792965478412083,,0.8837015071785026,0,-0.9055582259610874,286.625,157.54545454545453,45708,,
whale,uniform,holdout,205,0.5,59,2-4,88,3.4466144747546315,,0.9050850872205325,0,-1.008583677345793,254.25,196.78181818181818,45816,,
whale,uniform,holdout,206,0.5,31,4-8,72,6.30853115450008,,0.9043235814800235,0,-1.0377051052216992,167.5,126.72727272727273,46000,,
whale,uniform,holdout,207,0.5,53,2-4,146,8.286825327460576,,0.8977169162312313,0,-0.9704938866880988,219.625,125.32727272727273,45924,,
whale,uniform,holdout,208,0.5,13,2-4,72,3.279067218105305,,0.8429929096986204,0,-0.8017473337919776,324.25,159.47272727272727,45787,,
whale,uniform,holdout,209,0.5,16,2-8,130,8.212977494550117,,0.8908712593784524,0,-1.0910935494942593,189.25,143.25454545454545,46900,,
whale,uniform,holdout,210,0.5,38,2-8,46,6.717074424382609,,0.8917645739103699,0,-1.230470429317066,128.875,153.36363636363637,45107,,
whale,uniform,holdout,211,0.5,33,4-8,216,8.915006890518034,,0.8921499939094512,0,-1.0057508809452336,205.375,128.29090909090908,45528,,
whale,uniform,holdout,212,0.5,13,1-3,121,3.471106153392464,,0.7719088772286855,0,-0.6591639762912056,377.375,131.5090909090909,45564,,
whale,uniform,holdout,213,0.5,30,1-3,183,7.487170811051611,,0.8471100989916072,0,-0.8455965191875562,273.875,128.5818181818182,46044,,
whale,uniform,holdout,214,0.5,36,2-8,59,1.0550831767227393,,0.7963823417780322,0,-1.035222806791785,220.375,202.12727272727273,45778,,
whale,uniform,holdout,215,0.5,26,1-3,130,7.325235327014546,,0.8530418415695327,0,-0.889636144412977,269.125,140.72727272727272,45853,,
whale,uniform,holdout,216,0.5,22,2-8,212,5.408051926847205,,0.902642214724716,0,-0.9241627681859659,285.5,156.21818181818182,46192,,
whale,uniform,holdout,217,0.5,34,1-3,122,3.430906180834792,,0.8796210295576903,0,-0.7127781184219055,433.625,165.3090909090909,46058,,
whale,uniform,holdout,218,0.5,52,2-4,218,5.967902444833998,,0.8840887260636819,0,-0.8385988402176754,297.375,134.96363636363637,46182,,
whale,uniform,holdout,219,0.5,30,4-8,202,8.967722970280278,,0.8889661228881465,0,-0.9995312728109182,198.875,121.89090909090909,45129,,
whale,uniform,holdout,220,0.5,55,2-8,66,5.884640485334295,,0.9170568196213389,0,-1.0936151848873803,161.625,130.03636363636363,46571,,
whale,uniform,holdout,221,0.5,49,1-3,43,3.7681210243080248,,0.9280279325546398,0,-0.986628687474711,269.375,193.21818181818182,46024,,
whale,uniform,holdout,222,0.5,36,2-4,161,7.620271714885653,,0.8936707486609636,0,-0.9668914588686142,237.625,139.83636363636364,45636,,
whale,uniform,holdout,223,0.5,52,4-8,112,8.090701533927522,,0.9064928035992603,0,-1.0487138902347142,162.125,115.72727272727273,44904,,
whale,uniform,holdout,224,0.5,31,4-8,152,1.0906807906153224,,0.8403623496421095,0,-0.5691426083134967,543.875,168.34545454545454,45558,,
whale,uniform,holdout,225,0.5,37,2-8,82,4.665904159552768,,0.9014713360303375,0,-0.9924741221906844,202.375,137.83636363636364,45500,,
whale,uniform,holdout,226,0.5,44,2-4,182,3.628690025224051,,0.8900957775799184,0,-0.7834711516602946,375.625,159.21818181818182,45861,,
whale,uniform,holdout,227,0.5,45,2-8,189,1.7989627519182108,,0.8651368412143606,0,-0.6261884973289342,438.75,155.43636363636364,45862,,
whale,uniform,holdout,228,0.5,47,4-8,192,6.55877092557289,,0.8835871192718637,0,-0.9033831539557988,234.625,119.2,45889,,
whale,uniform,holdout,229,0.5,46,2-4,189,7.656812567138861,,0.8904700822618921,0,-0.9360386834683085,249.25,118.49090909090908,45290,,
whale,uniform,holdout,230,0.5,17,1-3,69,4.177425633858943,,0.8344823364552444,0,-0.7800731363192184,333.375,155.1818181818182,45822,,
whale,uniform,holdout,231,0.5,32,4-8,123,5.83385087082465,,0.9073647042302311,0,-0.9254199028942451,223.375,130.5818181818182,46095,,
whale,uniform,holdout,232,0.5,46,1-3,98,6.838103739359728,,0.8452480319138823,0,-0.8411589459591631,286.625,138.5818181818182,45572,,
whale,uniform,holdout,233,0.5,57,2-8,99,2.5362675385207227,,0.8945857865846498,0,-0.871771330878424,255.125,151.0909090909091,46469,,
whale,uniform,holdout,234,0.5,12,4-8,47,5.82042420374195,,0.8923754757680916,0,-1.124225040684573,171.0,153.07272727272726,45527,,
whale,uniform,holdout,235,0.5,30,2-4,81,4.589559424930165,,0.9021150398259857,0,-0.9544542461417123,251.625,163.16363636363636,45019,,
whale,uniform,holdout,236,0.5,52,2-4,97,7.7504351418852035,,0.899462984045787,0,-1.073938707956158,212.375,157.83636363636364,45776,,
whale,uniform,holdout,237,0.5,56,2-4,186,2.851990136954412,,0.9073556352765315,0,-0.7968550380498274,399.625,177.12727272727273,45540,,
whale,uniform,holdout,238,0.5,53,2-8,134,5.111294514100233,,0.9191170705092278,0,-0.8920607839573038,229.375,122.36363636363636,46100,,
whale,uniform,holdout,239,0.5,26,1-3,168,7.061731219498628,,0.8423654877010573,0,-0.8373592696078653,290.625,133.72727272727272,45820,,
whale,uniform,holdout,240,0.5,37,2-8,176,5.944763838950816,,0.9073825827314487,0,-0.8991573058044473,252.75,124.58181818181818,45062,,
whale,uniform,holdout,241,0.5,34,2-4,85,5.147951850964779,,0.896275443450443,0,-0.906877368962635,251.625,132.6727272727273,45871,,
whale,uniform,holdout,242,0.5,33,4-8,144,3.6466334033850973,,0.9057935196116531,0,-0.7875415844401424,303.75,146.0909090909091,46516,,
whale,uniform,holdout,243,0.5,20,1-3,108,8.000681457387508,,0.8159421924426749,0,-0.8478366898530996,237.5,117.87272727272727,45480,,
whale,uniform,holdout,244,0.5,16,2-8,42,1.5075779905555287,,0.883786175348894,0,-0.8846658826313748,297.0,163.4909090909091,45356,,
whale,uniform,holdout,245,0.5,38,2-8,130,6.607821322776274,,0.9037289156677368,0,-0.964083300697651,205.625,127.45454545454545,46974,,
whale,uniform,holdout,246,0.5,16,2-8,136,3.579460329155851,,0.8874060582041127,0,-0.808392839599936,315.0,144.5090909090909,46034,,
whale,uniform,holdout,247,0.5,39,2-8,140,6.257651304960341,,0.9193005842406824,0,-0.9479626795884566,222.0,120.05454545454545,45947,,
whale,uniform,holdout,248,0.5,28,2-4,214,4.01773748423911,,0.8757921390017069,0,-0.7391669301760326,380.625,147.72727272727272,46310,,
whale,uniform,holdout,249,0.5,54,4-8,62,8.803732490278591,,0.8893725325970571,0,-1.2164536032778956,130.625,158.8909090909091,46105,,
whale,uniform,holdout,250,0.5,49,1-3,45,1.1445181109631655,,0.8555128157941023,0,-1.0232643519319844,390.75,336.3090909090909,45898,,
whale,uniform,holdout,251,0.5,24,2-8,195,3.0346387589966897,,0.8944469912948263,0,-0.7212509708579657,402.875,158.25454545454545,45316,,
whale,uniform,holdout,252,0.5,53,4-8,57,8.911476812117169,,0.8949308248293116,0,-1.1676329421125822,127.5,132.96363636363637,46430,,
whale,uniform,holdout,253,0.5,44,2-4,153,1.9656552417087072,,0.8937767944757191,0,-0.8250898251076704,412.75,210.0909090909091,46004,,
whale,uniform,holdout,254,0.5,43,4-8,97,2.711985942638636,,0.8968352191464367,0,-0.838256556747051,264.25,143.14545454545456,45593,,
whale,uniform,holdout,255,0.5,35,1-3,112,5.146139853676345,,0.8408212720632433,0,-0.7976478634226111,329.625,153.0,46047,,
whale,uniform,holdout,256,0.5,58,2-8,189,2.9881032342465446,,0.9046031967443082,0,-0.7344236369641792,329.375,131.0,45496,,
whale,uniform,holdout,257,0.5,25,4-8,192,5.727824454107896,,0.8884789027809317,0,-0.8412000504399381,268.25,137.92727272727274,45197,,
whale,uniform,holdout,258,0.5,12,2-4,90,7.382615550826074,,0.862573600673305,0,-1.0247599372466887,198.625,130.6909090909091,45368,,
whale,uniform,holdout,259,0.5,41,2-8,59,1.769269891134802,,0.852503448580227,0,-0.9841474261216614,213.75,168.98181818181817,45849,,
whale,uniform,holdout,260,0.5,57,4-8,178,8.05903928725985,,0.9024374523539589,0,-1.0306713100273708,196.125,125.92727272727272,46888,,
whale,uniform,holdout,261,0.5,48,2-4,51,7.7555703822947795,,0.8984575842675284,0,-1.1941229797709887,160.375,159.3090909090909,45413,,
whale,uniform,holdout,262,0.5,52,2-8,93,4.2297753400641,,0.9175616353703517,0,-0.9328060494688621,218.125,128.36363636363637,46949,,
whale,uniform,holdout,263,0.5,60,4-8,194,3.545509667557983,,0.9137268580896043,0,-0.765831749630915,301.875,122.2909090909091,45615,,
whale,uniform,holdout,264,0.5,37,1-3,82,2.928064538502568,,0.9073515326804305,0,-0.8044830136202983,389.75,190.65454545454546,45572,,
whale,uniform,holdout,265,0.5,52,1-3,44,1.153964547118571,,0.8455714378996744,0,-0.9939490749135527,398.75,323.43636363636364,45660,,
whale,uniform,holdout,266,0.5,49,4-8,110,7.289832961956216,,0.9000396463393998,0,-1.0359313500136342,174.25,126.69090909090909,45763,,
whale,uniform,holdout,267,0.5,36,2-8,197,5.8977385959678,,0.89954991878953,0,-0.8908811537453615,257.5,124.85454545454546,46207,,
whale,uniform,holdout,268,0.5,57,2-8,208,4.7148240896184115,,0.9124549437763131,0,-0.8292783862814139,273.125,120.69090909090909,46254,,
whale,uniform,holdout,269,0.5,21,1-3,199,4.232918941582502,,0.8338632485115718,0,-0.7070640596636295,386.375,133.92727272727274,45644,,
whale,uniform,holdout,270,0.5,44,4-8,110,2.3890193180758263,,0.892633486966945,0,-0.7751933618886322,292.5,140.4181818181818,45653,,
whale,uniform,holdout,271,0.5,56,1-3,54,2.7139396000712734,,0.9380107552072319,0,-0.9875400430661452,305.375,225.92727272727274,45825,,
whale,uniform,holdout,272,0.5,58,2-8,189,5.442362671317676,,0.9142401556910884,0,-0.8669157677932313,250.125,123.21818181818182,46201,,
whale,uniform,holdout,273,0.5,41,4-8,128,2.1483557481365425,,0.8705151033495233,0,-0.7130806404446963,336.75,146.6909090909091,45605,,
whale,uniform,holdout,274,0.5,41,4-8,155,5.466860415878445,,0.9144636283885936,0,-0.9018184325159739,234.0,114.36363636363636,45576,,
whale,uniform,holdout,275,0.5,44,1-3,141,3.890278513373403,,0.866907115805416,0,-0.7671065809828261,415.75,166.5818181818182,45557,,
whale,uniform,holdout,276,0.5,43,4-8,148,8.077771265230652,,0.8991577023260847,0,-1.020841583860304,188.125,112.41818181818182,45162,,
whale,uniform,holdout,277,0.5,59,2-8,44,8.238229512527539,,0.9021202834238407,0,-1.2695765116628626,120.125,140.12727272727273,46342,,
whale,uniform,holdout,278,0.5,18,1-3,207,3.469432518787978,,0.8162417728339023,0,-0.649231146233357,420.75,135.38181818181818,45452,,
whale,uniform,holdout,279,0.5,51,2-4,148,7.752549242379725,,0.8971295636494616,0,-0.9984213119913157,228.625,138.4181818181818,45186,,
whale,uniform,holdout,280,0.5,57,4-8,89,8.132034280530943,,0.9052552929323093,0,-1.1327963442629025,149.5,135.54545454545453,45532,,
whale,uniform,holdout,281,0.5,28,4-8,91,7.912083429661241,,0.9009626144952512,0,-1.0457254653521346,173.875,126.74545454545455,44925,,
whale,uniform,holdout,282,0.5,30,2-8,96,8.22467701631522,,0.9040926760523863,0,-1.0410498412526845,174.5,117.65454545454546,45622,,
whale,uniform,holdout,283,0.5,28,4-8,142,4.546698449924096,,0.9019578242676015,0,-0.8555134743729556,273.375,139.74545454545455,45766,,
whale,uniform,holdout,284,0.5,24,2-4,155,2.9090393665558976,,0.8695633086280209,0,-0.7116764107690985,424.125,160.25454545454545,45707,,
whale,uniform,holdout,285,0.5,12,1-3,162,3.9361146916022296,,0.7794659532342533,0,-0.690354399172567,327.375,118.50909090909092,45713,,
whale,uniform,holdout,286,0.5,34,1-3,133,7.7142449902288135,,0.8503373814422569,0,-0.8483070502072598,276.125,123.23636363636363,45582,,
whale,uniform,holdout,287,0.5,30,4-8,96,3.492966603677324,,0.9127771734189407,0,-0.8594415190145606,272.0,142.76363636363635,45349,,
whale,uniform,holdout,288,0.5,44,4-8,158,3.096826676388952,,0.9038392286972464,0,-0.7497461097872888,312.25,131.05454545454546,46129,,
whale,uniform,holdout,289,0.5,14,4-8,168,8.523406688055612,,0.8866885110154701,0,-1.0473589482361065,189.625,132.6,46058,,
whale,uniform,holdout,290,0.5,54,1-3,75,4.621411803438694,,0.8938032004932103,0,-0.8495854744641598,311.625,170.1818181818182,45778,,
whale,uniform,holdout,291,0.5,12,2-4,52,7.555230086015868,,0.8521989044235558,0,-1.1160814678746651,178.875,149.23636363636365,45260,,
whale,uniform,holdout,292,0.5,35,4-8,45,3.28595540340787,,0.8991121674606374,0,-1.015522031570549,167.625,127.50909090909092,46189,,
whale,uniform,holdout,293,0.5,35,1-3,69,3.2653692438293955,,0.91491946449479,0,-0.8078351066580557,347.75,174.1818181818182,46040,,
whale,uniform,holdout,294,0.5,47,4-8,212,7.192842441975047,,0.9002245565661502,0,-0.897373053147485,210.875,105.25454545454545,45433,,
whale,uniform,holdout,295,0.5,57,2-8,59,2.357766401190025,,0.8670271239331391,0,-1.0337556738233993,182.5,176.3090909090909,45638,,
whale,uniform,holdout,296,0.5,36,1-3,162,3.9740382874142117,,0.8417661600635823,0,-0.7130731248003861,422.0,158.6727272727273,46514,,
whale,uniform,holdout,297,0.5,17,2-4,213,7.570229954231176,,0.8796818184932116,0,-0.9967372303111749,243.375,141.92727272727274,46283,,
whale,uniform,holdout,298,0.5,42,4-8,83,2.2770209191843573,,0.8876906157608717,0,-0.8446653835157653,253.625,144.8,45647,,
whale,uniform,holdout,299,0.5,60,4-8,138,3.063966929137634,,0.8973616647855422,0,-0.762877053189873,284.125,127.98181818181818,45687,,
whale,uniform,holdout,300,0.5,17,2-8,47,7.914903713545736,,0.8935112022383889,0,-1.196474378221999,138.125,130.96363636363637,46639,,
whale,uniform,holdout,301,0.5,34,2-8,175,3.766837680424981,,0.8965589094917072,0,-0.7633370645802525,323.125,136.70909090909092,45015,,
whale,uniform,holdout,302,0.5,34,2-4,135,7.443864144255301,,0.8925015914412728,0,-0.9734187540913858,223.25,127.36363636363636,45887,,
whale,uniform,holdout,303,0.5,21,1-3,110,8.942808556109217,,0.8139476925641849,0,-0.8786735417155395,217.875,117.41818181818182,45692,,
whale,uniform,holdout,304,0.5,20,2-8,209,7.418136668139645,,0.8969386878308623,0,-0.9923296118476972,235.0,143.14545454545456,44730,,
whale,uniform,holdout,305,0.5,40,4-8,104,8.471648511143641,,0.904497252965356,0,-1.0562563113844874,156.375,105.4,45177,,
whale,uniform,holdout,306,0.5,25,4-8,48,8.041259400322183,,0.9046453821331122,0,-1.170621704417755,132.25,118.67272727272727,45620,,
whale,uniform,holdout,307,0.5,29,2-4,86,2.8062537898776405,,0.9045686611228789,0,-0.9164900456785271,330.25,196.6909090909091,45716,,
whale,uniform,holdout,308,0.5,52,4-8,198,7.767454455489801,,0.8896551549804319,0,-0.9840812875621245,204.25,112.98181818181818,45224,,
whale,uniform,holdout,309,0.5,29,4-8,157,5.800882172978993,,0.908589639805159,0,-0.903597582454737,252.875,141.0909090909091,45790,,
whale,uniform,holdout,310,0.5,53,4-8,151,3.7236885997227542,,0.9166348520044607,0,-0.7876138521641204,267.75,113.03636363636363,45757,,
whale,uniform,holdout,311,0.5,33,2-4,80,8.02027043974858,,0.8841037047298572,0,-1.0358718569177712,189.625,147.07272727272726,46184,,
whale,uniform,holdout,312,0.5,32,2-8,149,4.56000647587846,,0.9057874263917193,0,-0.8657664287258162,270.375,135.83636363636364,44977,,
whale,uniform,holdout,313,0.5,33,1-3,79,5.363346396823803,,0.8705175895887038,0,-0.8557629562388431,308.5,154.78181818181818,45263,,
whale,uniform,holdout,314,0.5,14,4-8,174,4.35473554805511,,0.8895478016099279,0,-0.8210429132041552,273.75,117.2,45730,,
whale,uniform,holdout,315,0.5,38,2-8,164,7.601435878835925,,0.8935339344086879,0,-1.0085639328848588,195.875,124.87272727272727,45667,,
whale,uniform,holdout,316,0.5,29,2-4,65,4.347152229935373,,0.8893715589411925,0,-0.9801065520570995,240.625,157.98181818181817,45820,,
whale,uniform,holdout,317,0.5,25,1-3,71,8.40022451454324,,0.8094633925020719,0,-0.9131343652489137,215.25,138.8909090909091,46140,,
whale,uniform,holdout,318,0.5,32,2-4,106,7.206027749042495,,0.8976441468997198,0,-0.9906649106277199,218.5,140.38181818181818,45970,,
whale,uniform,holdout,319,0.5,29,4-8,190,4.128524953804942,,0.9006737381808338,0,-0.792645793009931,319.375,135.4,45614,,
whale,uniform,holdout,320,0.5,49,1-3,186,6.105595383412801,,0.8532112838835862,0,-0.7796292622004939,337.25,134.52727272727273,45739,,
whale,uniform,holdout,321,0.5,13,4-8,100,4.520453683061106,,0.8788171174025163,0,-0.9511076465743523,225.625,122.56363636363636,45862,,
whale,uniform,holdout,322,0.5,40,1-3,105,5.550420587124883,,0.8329892775297585,0,-0.8086227448727697,319.875,143.63636363636363,46022,,
whale,uniform,holdout,323,0.5,50,2-8,213,8.299180205061592,,0.9020616938722743,0,-0.9760013461317903,195.25,105.83636363636364,44762,,
whale,uniform,holdout,324,0.5,44,1-3,136,3.3168097763131676,,0.8831607916608044,0,-0.7352170589433227,428.25,176.61818181818182,45508,,
whale,uniform,holdout,325,0.5,46,4-8,177,3.513960629536218,,0.9100028068253929,0,-0.7507593022156926,314.625,124.27272727272727,45692,,
whale,uniform,holdout,326,0.5,30,1-3,130,2.334034014971433,,0.8737248932574946,0,-0.6961353998285458,511.0,191.4909090909091,45820,,
whale,uniform,holdout,327,0.5,30,2-8,185,8.455424200238559,,0.8976046167764494,0,-0.9929364033495376,206.875,120.92727272727272,45268,,
whale,uniform,holdout,328,0.5,43,4-8,175,6.156880894068292,,0.898898615194625,0,-0.8916089060072812,235.0,120.74545454545455,45880,,
whale,uniform,holdout,329,0.5,47,4-8,179,7.169289715549962,,0.9051625532780205,0,-0.9609258834868836,209.25,117.07272727272728,45333,,
whale,uniform,holdout,330,0.5,60,1-3,215,7.883038169711629,,0.8538816425208674,0,-0.8428725079893499,289.625,133.03636363636363,45895,,
whale,uniform,holdout,331,0.5,25,2-4,100,5.4089654078536435,,0.8759490558333014,0,-0.9190527472202207,255.875,135.3272727272727,45685,,
whale,uniform,holdout,332,0.5,48,2-8,85,1.2279820061297615,,0.8017782224617838,0,-0.9270684909338563,252.125,187.72727272727272,45877,,
whale,uniform,holdout,333,0.5,40,2-4,79,2.4507575718822396,,0.9138154939933969,0,-0.9774628522754882,282.75,187.54545454545453,45935,,
whale,uniform,holdout,334,0.5,54,1-3,168,4.716386913334296,,0.8708610679750577,0,-0.772193832708647,396.0,152.61818181818182,45414,,
whale,uniform,holdout,335,0.5,15,2-8,57,5.870294572540144,,0.8952842627315166,0,-1.108665175369717,173.875,144.4909090909091,46871,,
whale,uniform,holdout,336,0.5,51,4-8,46,6.57747866223178,,0.8954445273085937,0,-1.1834258079918016,127.5,137.6909090909091,45539,,
whale,uniform,holdout,337,0.5,16,4-8,220,3.6027229054335583,,0.8903220052415377,0,-0.7270129652485322,332.75,120.27272727272727,45288,,
whale,uniform,holdout,338,0.5,13,4-8,193,2.1146120170043394,,0.8424878169986837,0,-0.543211841336938,371.125,94.76363636363637,45682,,
whale,uniform,holdout,339,0.5,22,1-3,99,4.461464736166556,,0.8098389926189149,0,-0.7012877268964623,351.125,138.83636363636364,45739,,
whale,uniform,holdout,340,0.5,21,2-4,170,2.921646492032262,,0.86875878728284,0,-0.7140127070037459,436.75,167.8181818181818,45800,,
whale,uniform,holdout,341,0.5,16,2-8,117,5.289061935144055,,0.8827907892293699,0,-0.9654005110758411,231.875,149.3272727272727,46219,,
whale,uniform,holdout,342,0.5,19,1-3,47,1.3818847731599648,,0.8639422925056475,0,-0.8706676874226373,447.0,273.92727272727274,45544,,
whale,uniform,holdout,343,0.5,28,1-3,216,4.262536161582184,,0.8542226544918101,0,-0.6940618977665884,420.0,140.27272727272728,45651,,
whale,uniform,holdout,344,0.5,23,2-8,138,3.053870277367242,,0.8941383225356991,0,-0.7502991717286704,362.5,146.9090909090909,45969,,
whale,uniform,holdout,345,0.5,48,1-3,132,6.837884271287569,,0.8614071958626983,0,-0.8595186411693657,296.0,139.61818181818182,45495,,
whale,uniform,holdout,346,0.5,49,4-8,73,2.317432233128849,,0.8721280642596364,0,-0.9070510321190669,215.25,141.8181818181818,45557,,
whale,uniform,holdout,347,0.5,30,2-8,82,3.5749416416371362,,0.9038151744645129,0,-0.9129109794685146,249.125,137.07272727272726,45890,,
whale,uniform,holdout,348,0.5,19,4-8,120,1.6207071526614607,,0.8531033526979405,0,-0.5585539077960807,476.125,137.56363636363636,45299,,
whale,uniform,holdout,349,0.5,12,1-3,198,4.208367599146814,,0.8046007792101063,0,-0.714937338165367,307.5,108.14545454545454,46075,,
whale,uniform,holdout,350,0.5,15,1-3,201,7.197904036945317,,0.8668672869741535,0,-0.9601885748681049,259.75,158.07272727272726,46100,,
whale,uniform,holdout,351,0.5,48,2-4,168,6.800527655024978,,0.8939531217101464,0,-0.9034938320619597,257.875,127.0909090909091,45794,,
whale,uniform,holdout,352,0.5,45,2-8,43,5.359742005370803,,0.9149324056958974,0,-1.1478797507170406,144.0,139.16363636363636,45146,,
whale,uniform,holdout,353,0.5,58,4-8,213,6.924366835813306,,0.910999973000834,0,-0.9229237159755134,217.125,110.94545454545455,45028,,
whale,uniform,holdout,354,0.5,52,4-8,151,8.651609835061178,,0.9051375168307444,0,-1.0673184689510744,167.375,109.98181818181818,45809,,
whale,uniform,holdout,355,0.5,58,1-3,139,5.559936163175858,,0.8722534905209434,0,-0.8215025558826148,339.25,154.27272727272728,46303,,
whale,uniform,holdout,356,0.5,30,1-3,139,4.142988747810248,,0.8404804305340567,0,-0.714241949763226,397.75,144.4,45800,,
whale,uniform,holdout,357,0.5,30,1-3,59,4.770696565669787,,0.8758939059298692,0,-0.9047075285400275,291.0,157.76363636363635,45636,,
whale,uniform,holdout,358,0.5,13,4-8,128,5.218334526797869,,0.8957862580099555,0,-0.9592202725234238,231.125,129.76363636363635,45893,,
whale,uniform,holdout,359,0.5,54,1-3,147,3.8400196446331085,,0.8828140652530826,0,-0.7434691002560986,413.0,164.72727272727272,45484,,
whale,uniform,holdout,360,0.5,37,2-4,79,4.245819167131361,,0.9063279316295766,0,-0.9538477810512738,259.125,158.8,45401,,
whale,uniform,holdout,361,0.5,57,4-8,98,4.583581133738177,,0.9006337145925549,0,-0.9354099857051084,206.75,115.67272727272727,46492,,
whale,uniform,holdout,362,0.5,12,2-8,85,7.832186120280567,,0.8839726407155367,0,-1.1044489324984799,170.375,135.2,44636,,
whale,uniform,holdout,363,0.5,26,2-8,176,7.290139570360751,,0.9081604446523117,0,-0.9692558336190154,228.875,144.72727272727272,46283,,
whale,uniform,holdout,364,0.5,37,2-8,115,8.726819501173196,,0.9014819434684127,0,-1.0737637125529829,176.25,123.01818181818182,45825,,
whale,uniform,holdout,365,0.5,12,2-4,69,2.3458878527891898,,0.8139274657750448,0,-0.6978947049938791,402.0,151.07272727272726,45716,,
whale,uniform,holdout,366,0.5,58,1-3,156,7.38462370079252,,0.8493524319147627,0,-0.8310786633495689,300.25,137.8909090909091,46195,,
whale,uniform,holdout,367,0.5,40,2-8,106,4.191030581402414,,0.9080812975447742,0,-0.8610094939408717,238.5,126.83636363636364,46239,,
whale,uniform,holdout,368,0.5,32,1-3,201,5.046810115375556,,0.8477419949460094,0,-0.7513198370601486,375.25,143.1090909090909,45719,,
whale,uniform,holdout,369,0.5,19,2-8,111,3.260970218497129,,0.8943570690501488,0,-0.8324221118025174,322.0,152.34545454545454,45534,,
whale,uniform,holdout,370,0.5,35,1-3,47,2.495311574466813,,0.9315143817988878,0,-0.9962336198813266,317.375,225.56363636363636,45927,,
whale,uniform,holdout,371,0.5,22,4-8,92,8.596961784819488,,0.881705000407294,0,-1.1099385929077408,163.5,135.92727272727274,45416,,
whale,uniform,holdout,372,0.5,47,2-8,134,8.623867788472989,,0.8975422683783041,0,-1.0217093452951416,181.75,117.32727272727273,45730,,
whale,uniform,holdout,373,0.5,13,4-8,169,7.886204843487353,,0.8759662786919895,0,-1.0322929748844756,189.875,126.8,44730,,
whale,uniform,holdout,374,0.5,56,2-8,198,8.061342108251175,,0.9047875708496199,0,-0.9997647297016935,200.625,120.21818181818182,45630,,
whale,uniform,holdout,375,0.5,20,2-4,214,3.488867659061821,,0.8634024043112654,0,-0.7172267042221301,407.125,147.96363636363637,45718,,
whale,uniform,holdout,376,0.5,34,1-3,97,2.4238205476381953,,0.8863310073150639,0,-0.7995013111100001,451.875,204.76363636363635,46396,,
whale,uniform,holdout,377,0.5,36,4-8,75,6.186445435028715,,0.8998448382884008,0,-1.0809119093349828,157.5,131.03636363636363,45893,,
whale,uniform,holdout,378,0.5,31,2-4,134,5.5625304620814715,,0.8877590647445233,0,-0.8790485541525456,277.625,147.2,45836,,
whale,uniform,holdout,379,0.5,51,2-4,114,8.331372387356442,,0.9054701139148222,0,-1.0597806680874442,205.875,150.27272727272728,45485,,
whale,uniform,holdout,380,0.5,52,1-3,121,5.535600384256376,,0.8625384694451775,0,-0.813367016801855,333.0,158.92727272727274,46215,,
whale,uniform,holdout,381,0.5,43,2-4,102,6.895634864346064,,0.9028732514624465,0,-1.0288756485850366,219.75,147.14545454545456,46136,,
whale,uniform,holdout,382,0.5,16,4-8,168,5.4155188892088,,0.8929924317523303,0,-0.913940957011982,259.5,137.36363636363637,46158,,
whale,uniform,holdout,383,0.5,18,2-8,117,2.517550805052722,,0.8824887219921773,0,-0.7510858985290958,369.25,146.21818181818182,45489,,
whale,uniform,holdout,384,0.5,29,2-8,67,6.823932703890309,,0.8988506953687061,0,-1.1014164392129533,160.75,142.23636363636365,45810,,
whale,uniform,holdout,385,0.5,25,2-8,203,1.0370380661864091,,0.8008743835284127,0,-0.4307893786485683,678.125,156.25454545454545,46100,,
whale,uniform,holdout,386,0.5,60,4-8,104,6.150548390774173,,0.9139766830480351,0,-0.9911109689177668,186.0,122.36363636363636,45728,,
whale,uniform,holdout,387,0.5,54,2-8,85,5.540017950997187,,0.9190182075323743,0,-0.9643249624209824,183.25,109.07272727272728,45614,,
whale,uniform,holdout,388,0.5,48,1-3,217,1.9088000921084536,,0.8793132619132659,0,-0.6944460483324408,587.625,229.45454545454547,45697,,
whale,uniform,holdout,389,0.5,13,2-4,142,3.118887335113893,,0.8422830466240933,0,-0.7137410519522861,386.125,142.94545454545454,45515,,
whale,uniform,holdout,390,0.5,42,1-3,87,6.444648197346435,,0.8458416196031853,0,-0.8464362293651153,283.875,144.76363636363635,45779,,
whale,uniform,holdout,391,0.5,28,1-3,213,7.582902572491696,,0.8656981438451895,0,-0.8761277677381426,285.5,136.6,45900,,
whale,uniform,holdout,392,0.5,28,1-3,40,1.5747696231042774,,0.9027150342636464,0,-0.9835744884963785,363.625,274.3272727272727,45892,,
whale,uniform,holdout,393,0.5,54,4-8,43,7.608531032615896,,0.9003244754736246,0,-1.1945916499645592,110.25,120.2,45196,,
whale,uniform,holdout,394,0.5,39,2-8,67,4.184277202010255,,0.9052190811454103,0,-1.0160353607896837,189.75,141.3272727272727,45673,,
whale,uniform,holdout,395,0.5,32,1-3,165,2.4145998559286186,,0.8713101222674209,0,-0.675893093110373,526.5,189.70909090909092,45984,,
whale,uniform,holdout,396,0.5,15,2-4,105,4.755508044283158,,0.857462170022677,0,-0.8912274753857127,287.125,156.0909090909091,45692,,
whale,uniform,holdout,397,0.5,32,2-8,98,5.472886971735205,,0.9112215853237342,0,-0.9913647099807643,217.625,142.5818181818182,45784,,
whale,uniform,holdout,398,0.5,28,4-8,193,3.2561567336396555,,0.8926160722379937,0,-0.7222448384873519,380.0,148.8,46038,,
whale,uniform,holdout,399,0.5,17,2-4,78,5.7980965996487654,,0.8803925369037112,0,-0.9810098471714657,229.625,159.98181818181817,45981,,
whale,uniform,holdout,400,0.5,46,2-8,199,5.761356531359938,,0.90096978094907,0,-0.893786326238684,243.125,120.4,46936,,
whale,uniform,holdout,401,0.5,13,2-8,121,1.5175585870825916,,0.8141529920934101,0,-0.4872068373030284,464.875,109.89090909090909,45276,,
whale,uniform,holdout,402,0.5,13,4-8,133,4.788065362406421,,0.8888722285735656,0,-0.9267762190163068,250.0,131.87272727272727,46215,,
whale,uniform,holdout,403,0.5,51,2-4,126,8.064934580896555,,0.9025985765042195,0,-1.0437545421311296,216.0,139.2,46831,,
whale,uniform,holdout,404,0.5,48,4-8,139,3.456839549008029,,0.9044085636494962,0,-0.7866095274485198,273.125,125.92727272727272,45790,,
whale,uniform,holdout,405,0.5,27,1-3,139,5.112408683708742,,0.827456386145295,0,-0.7589528959372893,338.25,136.27272727272728,46248,,
whale,uniform,holdout,406,0.5,54,2-4,73,1.8471861401673477,,0.8690689064318511,0,-1.100737289205193,232.875,235.0909090909091,45439,,
whale,uniform,holdout,407,0.5,57,2-4,168,5.757928874736147,,0.9070276850107082,0,-0.897448486174193,290.5,145.05454545454546,45331,,
whale,uniform,holdout,408,0.5,56,1-3,50,8.198875524507923,,0.8546084945866869,0,-1.0317587476438628,201.375,161.63636363636363,45405,,
whale,uniform,holdout,409,0.5,56,4-8,73,1.3186263878450282,,0.7730409094813955,0,-0.943840827118355,200.75,180.6909090909091,45621,,
whale,uniform,holdout,410,0.5,54,4-8,175,2.541789288451631,,0.8939906781166921,0,-0.7010747588212507,339.125,135.0,46126,,
whale,uniform,holdout,411,0.5,59,1-3,131,6.56364019945989,,0.8472310003511323,0,-0.8096117154405196,311.875,150.21818181818182,45663,,
whale,uniform,holdout,412,0.5,12,2-4,189,2.3198384699212884,,0.7692284516821924,0,-0.5168580146141049,379.25,93.87272727272727,45701,,
whale,uniform,holdout,413,0.5,51,2-4,95,6.2451876340125505,,0.8985216885743494,0,-1.000635898390832,228.875,140.8181818181818,45834,,
whale,uniform,holdout,414,0.5,28,2-8,79,1.648229098545844,,0.8818901348721077,0,-0.8156213249840281,341.375,161.96363636363637,46100,,
whale,uniform,holdout,415,0.5,21,1-3,84,4.490658014231123,,0.8163860767636965,0,-0.7385219081214046,334.5,146.03636363636363,45355,,
whale,uniform,holdout,416,0.5,48,2-4,108,4.625049992333009,,0.9047064331208459,0,-0.935759884805119,276.125,167.4181818181818,45256,,
whale,uniform,holdout,417,0.5,14,1-3,180,2.3231679998158556,,0.7590427223197178,0,-0.5261089773898637,475.75,126.56363636363636,45891,,
whale,uniform,holdout,418,0.5,55,2-8,192,3.6166210104620964,,0.9080631215345287,0,-0.7477248751720024,312.5,126.2,45431,,
whale,uniform,holdout,419,0.5,57,2-4,165,3.259907175732094,,0.9135231854475709,0,-0.7680606247965155,369.375,145.34545454545454,45675,,
whale,uniform,holdout,420,0.5,16,1-3,120,5.033974322083653,,0.8034082186339662,0,-0.7426651463547039,315.5,123.87272727272727,45786,,
whale,uniform,holdout,421,0.5,16,4-8,194,3.2961819633153127,,0.8864900151905913,0,-0.7468271014333034,351.125,136.16363636363636,45699,,
whale,uniform,holdout,422,0.5,19,2-4,201,7.850092246440503,,0.877829883915872,0,-0.9874169860101025,234.25,146.1090909090909,45306,,
whale,uniform,holdout,423,0.5,22,2-8,108,4.018655659237879,,0.8989762591472169,0,-0.8586707062050388,276.5,145.12727272727273,45098,,
whale,uniform,holdout,424,0.5,33,2-4,162,6.991223755169016,,0.8822147729593419,0,-0.9319452802619137,248.625,125.30909090909091,46443,,
whale,uniform,holdout,425,0.5,39,1-3,54,1.4617044720723449,,0.8815137458841815,0,-1.0355650671969208,376.625,309.7818181818182,45614,,
whale,uniform,holdout,426,0.5,38,1-3,146,3.7229416040604466,,0.876489392739578,0,-0.7561027864359265,420.125,166.94545454545454,46060,,
whale,uniform,holdout,427,0.5,18,2-4,158,1.5881928522523925,,0.8072537440193028,0,-0.5333921874895168,618.125,167.63636363636363,45899,,
whale,uniform,holdout,428,0.5,38,4-8,84,4.022976263099772,,0.9079844827333039,0,-0.9304886530714249,210.375,127.03636363636363,45746,,
whale,uniform,holdout,429,0.5,31,1-3,75,3.7904514704005177,,0.9007724106220737,0,-0.8529354260508824,346.375,173.25454545454545,46065,,
whale,uniform,holdout,430,0.5,23,2-4,119,2.5551253818458797,,0.8690470103324239,0,-0.7305438290157941,424.0,165.61818181818182,45680,,
whale,uniform,holdout,431,0.5,44,1-3,138,2.0500774840892078,,0.8949491577300643,0,-0.7968386183158519,504.875,225.25454545454545,45881,,
whale,uniform,holdout,432,0.5,44,1-3,169,4.189129431155664,,0.8575549040529284,0,-0.7364330159200226,404.25,158.16363636363636,45282,,
whale,uniform,holdout,433,0.5,55,2-8,220,8.268700669628387,,0.8987695507996669,0,-0.9953856526866935,203.625,122.50909090909092,45002,,
whale,uniform,holdout,434,0.5,36,2-8,205,7.478907440514343,,0.9020910347589262,0,-0.9400757292839921,217.0,114.50909090909092,45870,,
whale,uniform,holdout,435,0.5,19,2-4,43,1.9348309089676636,,0.8826025681689547,0,-0.9923705207990087,298.125,216.34545454545454,45721,,
whale,uniform,holdout,436,0.5,32,2-4,57,4.310660471861638,,0.9128449595959387,0,-0.9927106699488121,229.375,160.54545454545453,45792,,
whale,uniform,holdout,437,0.5,22,2-4,72,6.5182986664688585,,0.8718619107226473,0,-0.9888396283812473,208.0,134.2,45630,,
whale,uniform,holdout,438,0.5,59,2-4,49,4.330461830705015,,0.9204198322882085,0,-1.2038490257192218,175.75,190.23636363636365,45532,,
whale,uniform,holdout,439,0.5,46,2-4,107,3.9943678449438558,,0.9026552677963395,0,-0.9390699438579028,284.625,178.8181818181818,45955,,
whale,uniform,holdout,440,0.5,42,2-8,109,5.311613705880179,,0.9016649644327357,0,-0.9170938263144688,218.625,118.83636363636364,46286,,
whale,uniform,holdout,441,0.5,59,2-4,168,1.6862493033945194,,0.8727616523694713,0,-0.8533213263806333,387.875,236.4,45953,,
whale,uniform,holdout,442,0.5,57,2-8,61,4.450456145945331,,0.9004898321840058,0,-1.02598541713997,182.5,131.43636363636364,45978,,
whale,uniform,holdout,443,0.5,12,2-4,125,3.9187745126141476,,0.842226815294519,0,-0.8205608727673015,307.25,141.63636363636363,45708,,
whale,uniform,holdout,444,0.5,23,1-3,73,8.051912742789966,,0.7822722345413096,0,-0.8598712195934589,220.625,128.23636363636365,46408,,
whale,uniform,holdout,445,0.5,44,2-4,123,4.255206470266274,,0.9010124890439122,0,-0.8907745021543823,300.75,151.21818181818182,45663,,
whale,uniform,holdout,446,0.5,46,2-4,43,8.472252988050997,,0.8965980606698576,0,-1.1628130431662687,145.625,149.47272727272727,45715,,
whale,uniform,holdout,447,0.5,34,1-3,151,8.803447674236972,,0.8490131594224974,0,-0.8664811466399256,259.875,120.65454545454546,45521,,
whale,uniform,holdout,448,0.5,25,1-3,100,1.5808085506117093,,0.8583866894193707,0,-0.7593029705884771,536.375,239.12727272727273,45719,,
whale,uniform,holdout,449,0.5,58,2-8,130,8.298775850754122,,0.9067735491336693,0,-1.0319467241449272,176.875,120.18181818181819,45148,,
whale,uniform,holdout,450,0.5,24,4-8,75,2.5353854354850283,,0.8967884450637165,0,-0.8577414135942396,284.25,151.34545454545454,46051,,
whale,uniform,holdout,451,0.5,53,2-4,205,7.395736492430207,,0.893188263091746,0,-0.9264127710596995,250.25,129.21818181818182,45472,,
whale,uniform,holdout,452,0.5,38,2-4,120,8.840392442541845,,0.9027599911775764,0,-1.0668359183894869,210.25,137.21818181818182,45433,,
whale,uniform,holdout,453,0.5,55,4-8,48,1.1524415072521412,,0.6957077524568962,0,-1.0701405488575504,125.375,187.07272727272726,45555,,
whale,uniform,holdout,454,0.5,52,2-8,176,8.844612930598547,,0.8943311633047334,0,-1.0224842667075091,194.5,129.6727272727273,46034,,
whale,uniform,holdout,455,0.5,17,4-8,192,6.29639755671437,,0.8921781829561014,0,-0.9486490048810365,235.0,131.63636363636363,46287,,
whale,uniform,holdout,456,0.5,47,1-3,179,7.315270252395665,,0.8416702775662317,0,-0.8202675490442042,298.0,126.8,45741,,
whale,uniform,holdout,457,0.5,18,1-3,115,2.6774851199265104,,0.8256614458022197,0,-0.680097751289416,467.5,176.1090909090909,45730,,
whale,uniform,holdout,458,0.5,52,2-4,203,1.8815922883202152,,0.8825862542219315,0,-0.7590178748617673,462.75,216.21818181818182,45914,,
whale,uniform,holdout,459,0.5,29,4-8,203,2.317534552789187,,0.8767722888485447,0,-0.5862708527331597,465.375,150.65454545454546,45921,,
whale,uniform,holdout,460,0.5,20,4-8,167,7.466324669597848,,0.8887079063351286,0,-0.9840553922733315,215.75,135.29090909090908,45058,,
whale,uniform,holdout,461,0.5,28,2-8,116,6.134009281353397,,0.8876445637787385,0,-0.9473982225113492,220.75,130.87272727272727,44583,,
whale,uniform,holdout,462,0.5,32,2-4,157,7.803589349540116,,0.8854216578796018,0,-0.9844356521782547,232.375,132.98181818181817,46005,,
whale,uniform,holdout,463,0.5,32,2-8,189,3.9029846402507165,,0.8945590891775446,0,-0.7790257912789539,332.5,144.05454545454546,46251,,
whale,uniform,holdout,464,0.5,57,2-4,176,1.3734290240722675,,0.8307270221601273,0,-0.8607160279729362,391.125,253.21818181818182,45753,,
whale,uniform,holdout,465,0.5,54,1-3,109,7.191117189583179,,0.8430428785370017,0,-0.8703939759753522,280.75,144.38181818181818,45936,,
whale,uniform,holdout,466,0.5,33,2-8,193,4.594745595561298,,0.902317878120908,0,-0.8189047765666064,296.375,136.12727272727273,46741,,
whale,uniform,holdout,467,0.5,50,2-4,57,3.7987416793062385,,0.9167306546877219,0,-1.0830159628288833,209.125,181.85454545454544,45727,,
whale,uniform,holdout,468,0.5,52,1-3,174,3.0732124440849455,,0.86764545222072,0,-0.7131548754193959,476.75,182.70909090909092,46007,,
whale,uniform,holdout,469,0.5,13,2-8,95,5.216234323675554,,0.8854544840576754,0,-0.9749192376489819,218.25,133.29090909090908,45124,,
whale,uniform,holdout,470,0.5,29,1-3,41,5.192150509688791,,0.878355172815235,0,-0.9451509442644208,243.0,176.05454545454546,45036,,
whale,uniform,holdout,471,0.5,55,2-8,50,7.361193083055493,,0.902259719888802,0,-1.1693805688740648,129.25,129.14545454545456,45751,,
whale,uniform,holdout,472,0.5,44,1-3,91,2.7997419953116403,,0.9119944168048681,0,-0.8745493730131937,380.25,214.4181818181818,46023,,
whale,uniform,holdout,473,0.5,53,2-4,56,6.432769230269834,,0.9059295691576723,0,-1.16011273368693,175.375,175.70909090909092,46071,,
whale,uniform,holdout,474,0.5,34,2-8,64,4.403795912647392,,0.9112974984906478,0,-1.0566766117106559,184.625,143.6909090909091,46438,,
whale,uniform,holdout,475,0.5,50,1-3,48,8.141421791438393,,0.8392061113359497,0,-0.9050201510324225,220.375,136.78181818181818,46111,,
whale,uniform,holdout,476,0.5,19,4-8,79,1.6405947359462507,,0.8737883717628934,0,-0.699605092144373,393.25,151.29090909090908,45760,,
whale,uniform,holdout,477,0.5,24,2-4,62,6.354027654458043,,0.8830511491648643,0,-1.0368916555793508,198.125,144.85454545454544,45403,,
whale,uniform,holdout,478,0.5,58,4-8,89,6.734080188205717,,0.9168155604545956,0,-1.056319879484433,167.0,118.30909090909091,46203,,
whale,uniform,holdout,479,0.5,14,2-8,174,1.0609446991577176,,0.6685315512686141,0,-0.2733938328111615,514.75,92.47272727272727,45557,,
whale,uniform,holdout,480,0.5,22,1-3,76,5.932486752284858,,0.8375604619885841,0,-0.8483408778868657,276.875,148.05454545454546,46011,,
whale,uniform,holdout,481,0.5,22,2-4,209,8.87363903368076,,0.8930159960387025,0,-1.007651019538127,227.125,147.6,45336,,
whale,uniform,holdout,482,0.5,50,2-4,178,8.4685592631795,,0.8875106521033675,0,-0.9625014476022645,228.0,142.96363636363637,46312,,
whale,uniform,holdout,483,0.5,58,1-3,90,3.9983659320781637,,0.8973387946890872,0,-0.8072885856738625,355.5,171.8181818181818,45684,,
whale,uniform,holdout,484,0.5,12,2-4,197,4.394889118141223,,0.8410211355476703,0,-0.7896453392013225,277.125,110.01818181818182,45551,,
whale,uniform,holdout,485,0.5,18,1-3,76,7.367907294023214,,0.8051895380317459,0,-0.9023695666859088,240.75,137.76363636363635,45831,,
whale,uniform,holdout,486,0.5,17,4-8,102,7.046506499253173,,0.8823172837281668,0,-1.0432850739249468,195.375,146.6,44855,,
whale,uniform,holdout,487,0.5,52,2-4,148,6.552651820277268,,0.8953670007107648,0,-0.9657705207766623,252.75,142.98181818181817,45178,,
whale,uniform,holdout,488,0.5,35,1-3,84,1.9493176405986103,,0.9009301085881475,0,-0.8784622227823788,434.625,234.61818181818182,45925,,
whale,uniform,holdout,489,0.5,60,4-8,138,5.8464986021025185,,0.9041943067765372,0,-0.9181795308698748,209.125,111.72727272727273,45773,,
whale,uniform,holdout,490,0.5,48,2-4,84,4.5900806651549315,,0.9121046570646814,0,-0.9764405187599585,252.0,161.85454545454544,46250,,
whale,uniform,holdout,491,0.5,47,1-3,197,5.1498269532044105,,0.8564027862624337,0,-0.7586008470719922,370.875,145.6909090909091,45656,,
whale,uniform,holdout,492,0.5,31,1-3,207,4.063544388312921,,0.8498348734731452,0,-0.6864869176027986,427.5,147.6909090909091,45637,,
whale,uniform,holdout,493,0.5,36,1-3,156,4.360794747606512,,0.8665777388965968,0,-0.7610455599037231,405.375,157.23636363636365,45500,,
whale,uniform,holdout,494,0.5,19,2-8,126,4.140315597768497,,0.9000337040182768,0,-0.8846962504948424,290.5,157.0909090909091,45538,,
whale,uniform,holdout,495,0.5,45,2-8,96,6.817583028277633,,0.9073613532094809,0,-0.9932366174103024,183.25,123.07272727272728,45931,,
whale,uniform,holdout,496,0.5,41,2-8,40,6.249069400491165,,0.9089864740055862,0,-1.1926200942158556,131.0,130.8181818181818,46459,,
whale,uniform,holdout,497,0.5,47,2-8,174,4.8843439559959645,,0.9030640421437814,0,-0.8359254372751315,272.375,131.9090909090909,45631,,
whale,uniform,holdout,498,0.5,37,2-8,111,5.485804870652181,,0.9098677906567418,0,-0.9382182507005901,217.5,124.50909090909092,45942,,
whale,uniform,holdout,499,0.5,38,1-3,137,1.2825270819172223,,0.8466077051754446,0,-0.812416192704367,572.625,284.1090909090909,45836,,
whale,lognormal,holdout,0,0.5,52,4-8,133,8.046764258236278,,0.9076476248250895,0,-1.274993979514617,112.125,129.43636363636364,46249,1.9170927460891134,
whale,lognormal,holdout,1,0.5,30,1-3,55,8.384993415685027,,0.8667419455822001,0,-0.9683647098566674,194.375,134.70909090909092,45617,0.9772082658421275,
whale,lognormal,holdout,2,0.5,20,2-4,82,7.106312019376206,,0.9301099616823627,0,-1.123728809365851,108.0,105.18181818181819,45408,2.8891210704540815,
whale,lognormal,holdout,3,0.5,60,2-4,116,8.630235458461023,,0.9435705719160428,0,-1.1171703190833582,115.5,111.32727272727273,46208,3.074506273926082,
whale,lognormal,holdout,4,0.5,25,4-8,212,5.135931350076152,,0.9250445847869083,0,-1.0660674898929856,160.125,131.4,45922,2.61326752993809,
whale,lognormal,holdout,5,0.5,19,4-8,48,1.9677022494780099,,0.9366788343211481,0,-1.2452272570344611,121.75,171.6,45699,2.137340500926808,
whale,lognormal,holdout,6,0.5,37,1-3,117,1.613597623084308,,0.942922661105215,0,-1.0352113546977768,282.25,219.96363636363637,45455,2.8438320350886634,
whale,lognormal,holdout,7,0.5,60,4-8,180,8.396120263839403,,0.8998389387935326,0,-1.1698593638305748,141.125,136.3272727272727,46091,1.553662526692703,
whale,lognormal,holdout,8,0.5,49,4-8,50,8.430667697689245,,0.9126930416991518,0,-1.319362616732879,41.0,54.78181818181818,45395,3.0862369092697293,
whale,lognormal,holdout,9,0.5,19,2-4,66,7.4443124548952335,,0.9266690934544514,0,-1.2740461345690228,149.5,177.12727272727273,45630,1.3409452233065595,
whale,lognormal,holdout,10,0.5,40,2-8,139,3.5342741623867315,,0.9049303676589522,0,-0.8513308278370768,283.125,143.9090909090909,45550,0.41222999801136095,
whale,lognormal,holdout,11,0.5,24,2-4,201,6.290684524705363,,0.8941096853911,0,-0.92539189221633,277.375,150.34545454545454,45276,0.7917703938581155,
whale,lognormal,holdout,12,0.5,44,2-4,102,2.2105293043466387,,0.9083752307791897,0,-1.149274127484158,127.5,150.76363636363635,45765,3.1914789549448086,
whale,lognormal,holdout,13,0.5,54,1-3,165,2.269163396864206,,0.9216307432869026,0,-1.0075649806494749,219.875,159.27272727272728,45563,2.6459873107014755,
whale,lognormal,holdout,14,0.5,12,2-4,198,1.0237654426230138,,0.9032720599880326,0,-0.8191717232048117,436.375,234.12727272727273,45692,1.808502714795471,
whale,lognormal,holdout,15,0.5,14,2-8,165,4.191272045923412,,0.9145159984827635,0,-0.9468418043241222,248.5,153.98181818181817,45377,1.2870020238919195,
whale,lognormal,holdout,16,0.5,28,2-4,193,7.996925516405295,,0.9016843573231181,0,-1.107014524723617,130.625,118.6,46052,2.699319067246822,
whale,lognormal,holdout,17,0.5,23,2-8,170,6.434997014353693,,0.9311691512648369,0,-1.197391036084581,142.625,150.6,45250,2.229275559748305,
whale,lognormal,holdout,18,0.5,40,1-3,92,3.1298157307475707,,0.9247629287191066,0,-0.9055482704739918,330.5,194.23636363636365,45303,0.9092803110184298,
whale,lognormal,holdout,19,0.5,53,4-8,148,8.277803375161515,,0.9152743524214051,0,-1.2259713640241976,123.5,133.4,46580,1.8426782126428027,
whale,lognormal,holdout,20,0.5,21,2-8,58,4.565407760563982,,0.9001564747055086,0,-1.4716755594436783,50.5,120.83636363636364,45656,3.4971243040708875,
whale,lognormal,holdout,21,0.5,14,2-8,41,8.559932878704409,,0.9200933939531002,0,-1.3457860197003753,91.875,165.56363636363636,44513,1.3814182786305995,
whale,lognormal,holdout,22,0.5,51,2-8,121,6.368587069652621,,0.9196460034544958,0,-1.0705942037793177,169.375,148.25454545454545,45541,1.0629412245669962,
whale,lognormal,holdout,23,0.5,15,4-8,128,8.474026483569524,,0.8838311982884492,0,-1.0616057722505148,174.25,131.70909090909092,45376,0.3718502473685974,
whale,lognormal,holdout,24,0.5,52,4-8,168,5.874623027921756,,0.9089004408758622,0,-1.3509181049889687,95.875,135.07272727272726,45755,3.216277108154743,
whale,lognormal,holdout,25,0.5,33,4-8,42,4.817785090753543,,0.9019553157723359,0,-1.0887720002024124,140.75,136.5818181818182,45489,0.2488626210446911,
whale,lognormal,holdout,26,0.5,19,2-8,198,8.787109394303158,,0.930645639874284,0,-1.265327462877143,107.25,116.83636363636364,46561,2.0746049108390725,
whale,lognormal,holdout,27,0.5,13,4-8,144,1.2874051736358743,,0.9195684803791457,0,-0.7631507998556484,404.625,182.76363636363635,45580,1.5192072068713922,
whale,lognormal,holdout,28,0.5,25,1-3,51,4.4278597166691345,,0.9381694733682375,0,-1.0397117994511405,149.0,141.5818181818182,45638,2.3372148502810584,
whale,lognormal,holdout,29,0.5,43,1-3,134,5.906365250354126,,0.902357298661689,0,-0.911638102358072,278.375,162.70909090909092,45918,1.0439585076864273,
whale,lognormal,holdout,30,0.5,39,4-8,147,1.4115255939236588,,0.9416448675674807,0,-1.0238418596094911,133.625,116.4,45871,2.842897333439005,
whale,lognormal,holdout,31,0.5,48,2-8,64,3.215598580781549,,0.9092477805799379,0,-1.1921439525419695,70.875,115.25454545454545,45016,3.207868992458837,
whale,lognormal,holdout,32,0.5,55,1-3,199,2.5160152156627404,,0.9310221232852236,0,-0.9770883044000986,313.875,213.36363636363637,45668,2.0516907839607312,
whale,lognormal,holdout,33,0.5,46,2-4,177,2.0197217267714453,,0.9339756713022257,0,-0.9304470406194322,342.375,229.29090909090908,45844,1.325799920545772,
whale,lognormal,holdout,34,0.5,27,2-8,129,4.963344850907724,,0.9271636352295101,0,-1.1706107999067616,144.125,171.96363636363637,45693,2.192699614715069,
whale,lognormal,holdout,35,0.5,28,4-8,91,3.189320230717449,,0.9354723897248667,0,-1.0422605457804055,193.75,153.6909090909091,45385,1.5448128620076025,
whale,lognormal,holdout,36,0.5,37,4-8,183,5.35563450029935,,0.9331446023026639,0,-1.0764405375662935,172.5,147.21818181818182,44945,1.6980682325159462,
whale,lognormal,holdout,37,0.5,13,2-8,145,4.195395675667933,,0.9053256135476183,0,-0.9173675482391074,263.625,147.63636363636363,45986,1.0535261213653446,
whale,lognormal,holdout,38,0.5,50,1-3,43,4.80182161092877,,0.9322093877173827,0,-0.9918653818136909,221.875,176.01818181818183,46352,1.0547659870296946,
whale,lognormal,holdout,39,0.5,39,2-4,149,8.824143826218455,,0.9037524283693802,0,-1.1717584027008754,139.5,127.2,45914,2.2009504747355253,
whale,lognormal,holdout,40,0.5,17,2-8,128,4.96916910062521,,0.899282120540289,0,-0.9940781865312054,235.125,143.21818181818182,45665,0.8376032297191927,
whale,lognormal,holdout,41,0.5,40,2-8,136,4.567494565289043,,0.9008484293578891,0,-0.9003470141308287,250.75,135.54545454545453,44868,0.49081575354348533,
whale,lognormal,holdout,42,0.5,39,4-8,152,4.697143052840103,,0.9261985724747859,0,-0.9989727233896294,204.375,146.27272727272728,45326,1.2671201284347502,
whale,lognormal,holdout,43,0.5,13,4-8,81,1.392972251814924,,0.9400600808940656,0,-0.9393268293161972,251.375,167.54545454545453,45686,1.8513831524749187,
whale,lognormal,holdout,44,0.5,29,1-3,152,1.1400853224862004,,0.8911681071154642,0,-0.8663691969432629,513.5,305.8727272727273,45715,1.418943548625777,
whale,lognormal,holdout,45,0.5,51,1-3,127,2.826895927776892,,0.9438587168016783,0,-0.9945900939463929,255.875,182.8909090909091,45737,1.9031333664175758,
whale,lognormal,holdout,46,0.5,13,4-8,61,4.918259765793394,,0.8913741588661068,0,-1.0254708030814903,201.75,143.05454545454546,46207,0.2149012925376711,
whale,lognormal,holdout,47,0.5,48,2-8,204,8.926887474402154,,0.9338500252397428,0,-1.377835406004047,96.875,131.4,45751,2.9353470823173042,
whale,lognormal,holdout,48,0.5,39,2-8,117,8.808050083941449,,0.9312353235403406,0,-1.3093450823920338,67.75,103.16363636363636,45052,3.057946453725984,
whale,lognormal,holdout,49,0.5,48,2-8,217,4.9980299672514406,,0.9032425959248593,0,-0.8647757076534647,267.375,127.61818181818182,45569,0.5421813531144097,
whale,lognormal,holdout,50,0.5,56,4-8,67,2.559210017434177,,0.8872671778829672,0,-1.0050253665767928,178.875,167.27272727272728,46127,0.6745633305808566,
whale,lognormal,holdout,51,0.5,38,1-3,164,2.730958506170312,,0.9029144247201341,0,-0.9536795488598941,188.125,137.56363636363636,45649,3.0987288474345447,
whale,lognormal,holdout,52,0.5,27,2-4,47,5.990864255507612,,0.9362527988247237,0,-1.1570748111754812,96.0,99.92727272727272,45963,2.2552594210950243,
whale,lognormal,holdout,53,0.5,39,1-3,72,1.5738582242534056,,0.9076711718655801,0,-1.0259842908378447,358.375,281.1636363636364,45966,0.7830744283329758,
whale,lognormal,holdout,54,0.5,37,2-8,124,2.079115510511265,,0.9412577485478335,0,-1.1130488276627548,144.125,145.85454545454544,45516,2.6360519045463113,
whale,lognormal,holdout,55,0.5,15,2-8,144,5.244221421925127,,0.9065571541694318,0,-1.0133496424082191,226.625,154.47272727272727,45520,1.005638810653405,
whale,lognormal,holdout,56,0.5,46,2-8,46,1.4441916007458504,,0.9210655810313657,0,-1.1831769275608885,146.375,179.56363636363636,45725,1.7741383887094282,
whale,lognormal,holdout,57,0.5,36,2-4,96,7.604972789423752,,0.8975583720297227,0,-1.0317836740970179,207.625,148.07272727272726,45989,0.375502912689168,
whale,lognormal,holdout,58,0.5,58,1-3,54,8.716818633263006,,0.8632314318195979,0,-0.812116273191648,146.0,84.27272727272727,45620,2.3187047542582135,
whale,lognormal,holdout,59,0.5,41,1-3,151,7.171505932852405,,0.9346857391346841,0,-1.0105652024428402,143.5,89.94545454545455,45769,3.0298104033633657,
whale,lognormal,holdout,60,0.5,27,2-4,139,1.6626748408981094,,0.9100448296661263,0,-0.8303573030353906,446.25,225.27272727272728,45676,0.8815779514611011,
whale,lognormal,holdout,61,0.5,44,1-3,198,7.2477992864244385,,0.8899754476122583,0,-0.8992314031763418,247.625,150.29090909090908,45894,1.5309333899640016,
whale,lognormal,holdout,62,0.5,35,2-4,57,6.175330730791888,,0.9366049427769854,0,-1.1525611690811899,141.125,145.3090909090909,45351,1.5024299643874206,
whale,lognormal,holdout,63,0.5,16,4-8,68,8.491591981141374,,0.8789504925404799,0,-1.1351238428050823,149.125,136.03636363636363,46239,0.40830133852058337,
whale,lognormal,holdout,64,0.5,30,2-4,105,5.900525667410161,,0.896015741737926,0,-0.9955019739745202,231.5,156.56363636363636,46274,0.660846042606241,
whale,lognormal,holdout,65,0.5,29,2-8,210,7.7540350795105235,,0.9110487851580173,0,-1.0139045040129617,204.0,128.5818181818182,46261,0.9182272279085173,
whale,lognormal,holdout,66,0.5,57,2-8,42,6.152529125853951,,0.9277769341485478,0,-1.2287474230794295,70.625,89.43636363636364,46019,2.5384728685959623,
whale,lognormal,holdout,67,0.5,58,2-4,217,1.3436715656315794,,0.9516534674311314,0,-1.092606579349844,242.75,253.5090909090909,45819,2.237775552807594,
whale,lognormal,holdout,68,0.5,23,1-3,104,6.165335878472177,,0.9024495965014515,0,-1.0165765232799897,233.875,168.0909090909091,45627,1.2657659708527078,
whale,lognormal,holdout,69,0.5,58,4-8,181,3.1352707815875522,,0.9163487992179664,0,-0.7594412242766868,291.0,124.94545454545455,45988,0.6669963182715889,
whale,lognormal,holdout,70,0.5,20,4-8,213,4.781086864984314,,0.9008265767661726,0,-0.818830017229913,298.0,138.6,45847,0.41508098466773796,
whale,lognormal,holdout,71,0.5,44,1-3,60,3.340651789318593,,0.9432497556216575,0,-0.9808582402320387,263.75,203.65454545454546,45650,1.2788236977080414,
whale,lognormal,holdout,72,0.5,50,2-4,139,5.338166259233865,,0.9337772053028811,0,-1.0131930135397575,127.75,100.76363636363637,45912,2.8683074882035036,
whale,lognormal,holdout,73,0.5,15,2-8,143,4.711999778997233,,0.9382900176670039,0,-1.2409166617448806,105.375,111.54545454545455,46824,2.81333683318001,
whale,lognormal,holdout,74,0.5,53,2-4,199,3.2586490560144776,,0.9326688940792689,0,-0.9077932083159626,328.5,175.01818181818183,45806,1.1931924881446754,
whale,lognormal,holdout,75,0.5,27,1-3,70,4.826985811027782,,0.9359501538010212,0,-0.9302413257870983,129.0,126.67272727272727,46336,3.3075486040183866,
whale,lognormal,holdout,76,0.5,25,4-8,73,2.1622531577337876,,0.9295047869621946,0,-1.0962430723811494,148.75,151.72727272727272,45741,2.324609389064019,
whale,lognormal,holdout,77,0.5,17,4-8,125,8.662250431167088,,0.9163720820519303,0,-1.2908555571701883,108.875,140.98181818181817,44973,2.144766979983683,
whale,lognormal,holdout,78,0.5,40,2-8,118,8.57971342330531,,0.9100681568153568,0,-1.106321402302446,162.0,122.6,46696,0.5265740065542894,
whale,lognormal,holdout,79,0.5,32,1-3,146,3.9268251367669,,0.8910312301645866,0,-0.7961937208248933,378.625,174.03636363636363,45434,0.908319025961297,
whale,lognormal,holdout,80,0.5,32,2-8,186,4.265502634751712,,0.920657980729612,0,-0.9080727259360768,266.125,141.2,45899,1.07580268749797,
whale,lognormal,holdout,81,0.5,26,4-8,63,4.750249030753768,,0.9374967011489358,0,-1.1753340627675455,134.625,144.74545454545455,45597,1.5422078586636916,
whale,lognormal,holdout,82,0.5,55,2-8,148,3.181906001082867,,0.9181742854441206,0,-1.0772479290888788,132.875,131.14545454545456,45643,2.812419997824351,
whale,lognormal,holdout,83,0.5,36,2-4,193,3.64324637862737,,0.9240068396554341,0,-0.842085832608526,339.75,168.34545454545454,45224,1.1788959563883072,
whale,lognormal,holdout,84,0.5,35,2-8,213,5.827679113344943,,0.9058641305959938,0,-0.9201562673194833,227.625,125.65454545454546,45802,0.7850534790326336,
whale,lognormal,holdout,85,0.5,44,2-4,44,6.256240568452706,,0.8880743175797038,0,-1.076898899047148,88.75,78.43636363636364,45776,2.5382934933455275,
whale,lognormal,holdout,86,0.5,37,4-8,54,5.778126209429269,,0.9261778212333656,0,-1.1545634388431951,133.75,143.5818181818182,46068,0.979707631355998,
whale,lognormal,holdout,87,0.5,28,1-3,146,3.0507292799132824,,0.904259015581439,0,-0.79297751438461,427.5,186.4181818181818,45835,0.7824206332469541,
whale,lognormal,holdout,88,0.5,22,2-4,153,4.609472168100534,,0.8860265182038283,0,-0.8665805605915344,312.875,154.4,45814,0.45399841407942626,
whale,lognormal,holdout,89,0.5,42,1-3,114,6.962929790808429,,0.8999024757520331,0,-0.840625363873112,157.375,72.05454545454545,45582,2.751091466812437,
whale,lognormal,holdout,90,0.5,42,4-8,99,6.308043762848265,,0.9129369480442686,0,-1.2350883035055156,97.125,126.58181818181818,45606,2.484971458928652,
whale,lognormal,holdout,91,0.5,41,4-8,188,8.978597451345442,,0.910858689445953,0,-1.3106743130749687,97.0,140.2,46809,2.2236339429023864,
whale,lognormal,holdout,92,0.5,29,2-8,51,6.418296242478884,,0.9191801400256868,0,-1.1759260903254578,136.0,136.05454545454546,45033,0.8596977192926354,
whale,lognormal,holdout,93,0.5,40,4-8,181,3.6729972140934875,,0.9264110798250487,0,-0.9812737234832742,201.875,158.9090909090909,46031,1.6575067091493252,
whale,lognormal,holdout,94,0.5,32,2-4,118,4.339319937130493,,0.9423090606814681,0,-1.035160289846464,218.125,170.6909090909091,45313,1.5013769428728585,
whale,lognormal,holdout,95,0.5,16,2-8,150,5.71858417137556,,0.9288921087538928,0,-1.2299037135093442,142.875,184.12727272727273,46698,2.39014037815909,
whale,lognormal,holdout,96,0.5,32,4-8,202,1.0328630351411103,,0.859890436966612,0,-0.6033312600119797,522.125,172.1090909090909,45420,0.9594652647012489,
whale,lognormal,holdout,97,0.5,49,2-4,136,5.852108557402736,,0.9181805900584765,0,-0.9740174983240473,124.875,112.10909090909091,45526,3.1228960475951975,
whale,lognormal,holdout,98,0.5,41,2-8,99,1.2931430375601174,,0.9133741888243772,0,-0.9259671424172435,280.75,184.85454545454544,45420,0.7651376560406573,
whale,lognormal,holdout,99,0.5,25,2-8,189,2.307232523926386,,0.9205726199033738,0,-0.7942534561720701,358.0,159.70909090909092,45603,1.3240699849117252,
whale,lognormal,holdout,100,0.5,59,2-8,215,8.045171735078235,,0.912193977965526,0,-1.399330795063166,69.125,130.72727272727272,45517,2.7954910321718804,
whale,lognormal,holdout,101,0.5,19,4-8,124,3.7598104712892484,,0.9332607344757742,0,-1.004844541183193,188.375,150.54545454545453,46272,1.9285660524901127,
whale,lognormal,holdout,102,0.5,52,2-4,219,8.700550647352095,,0.9031303061834746,0,-1.0668082540323272,203.75,146.94545454545454,45566,0.9164767769336628,
whale,lognormal,holdout,103,0.5,39,1-3,69,4.63818231251361,,0.9424127138298029,0,-0.9250476376166488,225.375,155.8,45270,1.876811885677901,
whale,lognormal,holdout,104,0.5,57,4-8,149,5.367205570938271,,0.9360344963039027,0,-1.1874188495200897,96.625,144.3272727272727,45837,3.105177747639137,
whale,lognormal,holdout,105,0.5,25,1-3,63,4.117682323952114,,0.906499442498109,0,-0.9267543000851524,148.5,110.38181818181818,46240,2.9846785864455723,
whale,lognormal,holdout,106,0.5,28,2-4,184,4.481492591657514,,0.9026548569422268,0,-0.8580806266292685,323.0,153.61818181818182,45198,0.7442281368181354,
whale,lognormal,holdout,107,0.5,39,4-8,168,2.2931553150039834,,0.90278357235151,0,-0.6905114190219349,385.75,140.61818181818182,46235,0.2441715764147393,
whale,lognormal,holdout,108,0.5,17,1-3,80,3.14393300082084,,0.9252225099254237,0,-1.0592669828273844,152.625,134.4181818181818,45667,2.9121761042118015,
whale,lognormal,holdout,109,0.5,46,4-8,94,5.812340034677873,,0.9281647478849329,0,-1.2383857978217803,102.125,131.0,44702,2.434054321885429,
whale,lognormal,holdout,110,0.5,18,2-4,185,2.101533945171907,,0.9369723787489959,0,-1.0315742740554623,257.375,199.3272727272727,45578,2.686281173906329,
whale,lognormal,holdout,111,0.5,14,1-3,101,7.163238960306528,,0.9220457245012526,0,-1.1212191274404264,158.125,174.61818181818182,45911,2.116315539342545,
whale,lognormal,holdout,112,0.5,54,1-3,166,8.00190334214155,,0.9162505147191609,0,-0.9292520034914409,195.875,127.61818181818182,45697,1.865378724095292,
whale,lognormal,holdout,113,0.5,28,4-8,129,2.741899738765235,,0.8972330026645674,0,-0.7531685895674207,352.25,153.4,45822,0.20820025277229465,
whale,lognormal,holdout,114,0.5,34,2-4,103,5.778569346963728,,0.939168769224916,0,-1.15640291704986,116.25,119.8,45645,2.498117130863437,
whale,lognormal,holdout,115,0.5,27,4-8,141,6.576059357650653,,0.9240951221823436,0,-1.1642098647006816,124.0,129.92727272727274,45890,2.3710072977908796,
whale,lognormal,holdout,116,0.5,14,2-8,46,4.752558024324056,,0.9090054298418795,0,-1.0924197813175551,177.125,145.03636363636363,45700,0.9147144665071236,
whale,lognormal,holdout,117,0.5,46,1-3,129,6.46564097461681,,0.9209273763560546,0,-0.89803496552366,160.625,105.05454545454545,45448,2.4897130013488185,
whale,lognormal,holdout,118,0.5,20,2-8,117,2.8959539350434778,,0.9485277327114601,0,-1.1965777533191995,160.5,177.38181818181818,46078,2.5074848109962944,
whale,lognormal,holdout,119,0.5,52,4-8,106,2.763100595981882,,0.9279863576450718,0,-1.2279112040475355,86.375,139.36363636363637,45444,3.1551829568028897,
whale,lognormal,holdout,120,0.5,29,4-8,211,3.769125641569815,,0.9149491697680316,0,-0.8573055733032857,268.25,138.6,45090,1.2664685398226703,
whale,lognormal,holdout,121,0.5,58,1-3,163,8.04996789030108,,0.9084675089048836,0,-0.9610587754081957,222.625,159.3272727272727,45391,1.604863568771602,
whale,lognormal,holdout,122,0.5,42,2-8,109,8.747224597173464,,0.8957890486528146,0,-1.1393141245661385,166.25,130.4909090909091,44828,0.31664376702093283,
whale,lognormal,holdout,123,0.5,16,4-8,127,4.639583898586284,,0.9145200722628484,0,-0.9215952214271859,265.875,146.52727272727273,45504,0.5884222836748947,
whale,lognormal,holdout,124,0.5,55,2-4,61,7.050810753206141,,0.9131839857892832,0,-1.1272926124981073,118.875,108.94545454545455,45530,2.1164982002821797,
whale,lognormal,holdout,125,0.5,28,2-8,139,1.2227394359067691,,0.9391378963014736,0,-0.9558591626724747,269.375,175.29090909090908,45741,1.7889341961056,
whale,lognormal,holdout,126,0.5,57,4-8,97,6.430126118948655,,0.9126474185220332,0,-1.1450148218633642,138.5,145.1818181818182,45256,1.2979930297225915,
whale,lognormal,holdout,127,0.5,39,2-8,131,8.867533852398104,,0.9101735860192601,0,-1.197899961461275,144.125,135.07272727272726,45396,1.2597019966879324,
whale,lognormal,holdout,128,0.5,35,2-4,170,8.589573515647963,,0.9131648782300354,0,-1.1311108542468542,174.75,151.83636363636364,45894,1.3638058240313427,
whale,lognormal,holdout,129,0.5,48,4-8,65,7.6067480865399775,,0.9108621368263752,0,-1.3043992430941207,50.875,90.67272727272727,46209,3.333913406812316,
whale,lognormal,holdout,130,0.5,39,2-4,147,5.397193510473615,,0.9535019605935893,0,-1.1784331651042252,116.375,142.03636363636363,45995,2.987660003480558,
whale,lognormal,holdout,131,0.5,59,2-4,93,5.0281323628548815,,0.931062511878017,0,-1.0773854886159264,207.625,188.74545454545455,45557,1.120797480510407,
whale,lognormal,holdout,132,0.5,58,1-3,206,6.187074376808319,,0.9083895942919944,0,-0.9409694178164808,245.375,154.65454545454546,46112,1.6368976202381114,
whale,lognormal,holdout,133,0.5,45,2-8,182,1.6114297640874282,,0.8975918027173883,0,-0.7189948119123815,408.125,164.29090909090908,45586,0.5263104477097214,
whale,lognormal,holdout,134,0.5,34,2-8,163,2.91570347928368,,0.9029117094832472,0,-0.7504317685501849,353.625,152.52727272727273,45784,0.3105507119179756,
whale,lognormal,holdout,135,0.5,44,2-4,108,8.389157877882013,,0.8966533259917375,0,-1.0667905312774155,196.875,148.52727272727273,46664,0.4752758263099518,
whale,lognormal,holdout,136,0.5,30,1-3,113,5.334967900039762,,0.9201288254281399,0,-0.9429150175557524,272.25,170.83636363636364,45696,1.2429748028200471,
whale,lognormal,holdout,137,0.5,55,2-4,141,2.0281858100731327,,0.9469893973887984,0,-1.1144145531271163,193.625,190.2,45865,2.2613122900513343,
whale,lognormal,holdout,138,0.5,27,2-4,129,7.34528533377538,,0.9001348596142532,0,-1.036501219975157,221.625,142.6,45677,0.2745088751404118,
whale,lognormal,holdout,139,0.5,45,2-8,143,7.253992976321435,,0.9147846477800741,0,-1.2345142768808124,83.625,113.6,46339,3.111013706401171,
whale,lognormal,holdout,140,0.5,52,2-4,201,8.675754328008345,,0.9363301649627939,0,-1.334120842593975,117.125,134.36363636363637,45157,2.8660623532545366,
whale,lognormal,holdout,141,0.5,20,2-8,65,4.179450773391534,,0.8930956946470113,0,-1.0340567805853207,224.625,153.12727272727273,45371,0.4556216554629649,
whale,lognormal,holdout,142,0.5,49,2-8,218,4.481469081838586,,0.9087453606990344,0,-0.8820423832438906,258.0,132.8181818181818,44586,0.9888134052730404,
whale,lognormal,holdout,143,0.5,29,2-8,68,2.3499081985929964,,0.931310737929538,0,-1.127575477198404,169.5,190.74545454545455,46019,1.6296430166714333,
whale,lognormal,holdout,144,0.5,48,1-3,176,4.067923309543039,,0.9404214075036834,0,-0.9849356058781786,213.375,150.45454545454547,45923,2.6221847635385713,
whale,lognormal,holdout,145,0.5,31,2-8,130,3.187948155834544,,0.9275222978726163,0,-0.954542649378234,240.25,149.5818181818182,45701,1.3775762614296614,
whale,lognormal,holdout,146,0.5,45,2-8,69,3.893405164366805,,0.9088022366415989,0,-1.0204164957392128,190.125,151.96363636363637,45895,0.6162970328305035,
whale,lognormal,holdout,147,0.5,23,4-8,98,8.9003467048006,,0.9123117352166344,0,-1.610740487552802,47.375,82.89090909090909,45844,3.49590970732162,
whale,lognormal,holdout,148,0.5,17,4-8,168,6.866298701492281,,0.9285942044845289,0,-1.1716464801671358,158.0,156.5090909090909,45977,1.6358887970437717,
whale,lognormal,holdout,149,0.5,18,4-8,96,2.6988349175576296,,0.9198672232042908,0,-0.8799816348041141,271.75,147.03636363636363,45858,1.127819442319863,
whale,lognormal,holdout,150,0.5,43,2-8,188,8.744800621981266,,0.9295769088661451,0,-1.1509141756127015,84.75,75.8,45722,3.2373387087568033,
whale,lognormal,holdout,151,0.5,13,2-4,131,1.3611998542481478,,0.8893063930570655,0,-0.9171359631371281,141.125,91.07272727272728,45851,3.3521070099570074,
whale,lognormal,holdout,152,0.5,51,1-3,44,5.279958155143965,,0.9064405316940108,0,-0.9503330931659235,233.25,171.54545454545453,45537,0.4794112065798911,
whale,lognormal,holdout,153,0.5,26,1-3,190,2.327702053342792,,0.8710132676125302,0,-0.689138126371552,535.5,191.0909090909091,45802,0.6738993233857432,
whale,lognormal,holdout,154,0.5,46,2-8,176,2.394019235519644,,0.9284117674552337,0,-0.972791961194613,252.125,175.8181818181818,45991,1.8358299829686766,
whale,lognormal,holdout,155,0.5,26,2-4,48,4.676015474762561,,0.9471152546778874,0,-1.1948138326332152,161.25,186.63636363636363,45348,1.4040947831313675,
whale,lognormal,holdout,156,0.5,40,2-4,194,8.674469353274306,,0.9057869283076933,0,-0.991621337995572,212.625,129.1818181818182,45398,0.8800317348048705,
whale,lognormal,holdout,157,0.5,58,1-3,163,7.856839158587781,,0.8900013726580449,0,-0.9532170088954102,215.375,151.52727272727273,46324,1.6386662916344212,
whale,lognormal,holdout,158,0.5,13,4-8,162,3.2153113470199903,,0.8898804768542551,0,-0.8031547015965965,309.5,133.3272727272727,45944,0.8250099008554175,
whale,lognormal,holdout,159,0.5,20,2-8,59,8.181884839119043,,0.9255667592537173,0,-1.487476839311101,61.75,126.72727272727273,46607,3.378176772879096,
whale,lognormal,holdout,160,0.5,18,2-8,52,8.146789931362527,,0.9271383349762296,0,-1.3361629527956542,96.875,132.03636363636363,46532,1.6919990085935381,
whale,lognormal,holdout,161,0.5,41,4-8,143,4.306822223784196,,0.9218598640411837,0,-1.2741546721987946,86.75,127.47272727272727,45734,3.0229850954434943,
whale,lognormal,holdout,162,0.5,21,2-8,133,8.631980592933793,,0.903722107907238,0,-1.1577147659930358,163.625,136.85454545454544,44657,1.1604507452298267,
whale,lognormal,holdout,163,0.5,35,4-8,153,3.7210649759188072,,0.904083669181866,0,-0.8186665418009029,286.75,133.2,45848,0.6469189962628419,
whale,lognormal,holdout,164,0.5,50,2-8,107,4.053395804869939,,0.9178753805673114,0,-1.044434550916041,189.125,154.4,46333,1.139819080831407,
whale,lognormal,holdout,165,0.5,43,2-4,93,4.008724228143812,,0.9421836177595655,0,-1.1292545015679245,113.625,118.4,46120,3.4499449340180672,
whale,lognormal,holdout,166,0.5,58,4-8,218,1.7798046941878187,,0.939127514344599,0,-1.0517509454146654,197.875,161.4909090909091,45955,2.7704604227816922,
whale,lognormal,holdout,167,0.5,33,1-3,125,1.0956648359060503,,0.9359413150269464,0,-1.105219272105189,249.375,316.72727272727275,45690,2.3884966016753655,
whale,lognormal,holdout,168,0.5,51,1-3,92,8.603680486573186,,0.8885196071235801,0,-0.8469063966859595,143.875,111.2909090909091,45697,2.2846302476045555,
whale,lognormal,holdout,169,0.5,25,2-8,128,1.6273260465316852,,0.9391359197640535,0,-0.9696636969892044,287.625,208.38181818181818,45693,1.7998931412323087,
whale,lognormal,holdout,170,0.5,39,2-8,67,2.6938294006984833,,0.907158299427508,0,-0.9565851996279929,215.0,152.12727272727273,45282,0.21045909569632013,
whale,lognormal,holdout,171,0.5,18,2-4,133,2.858391001533466,,0.9180966458898241,0,-0.9943441405656013,275.625,191.43636363636364,45834,1.9758905872098702,
whale,lognormal,holdout,172,0.5,25,2-8,200,7.876518281901005,,0.9093630561241608,0,-1.1266440418769985,164.625,152.14545454545456,45170,1.5858720323822537,
whale,lognormal,holdout,173,0.5,41,4-8,58,3.087893393197607,,0.9028618787668196,0,-1.066043555552664,165.625,146.92727272727274,45156,0.9806733696467849,
whale,lognormal,holdout,174,0.5,12,1-3,63,7.695484658292516,,0.8861961170225516,0,-0.9627972411095607,131.625,100.30909090909091,45701,3.125839698080962,
whale,lognormal,holdout,175,0.5,19,2-8,65,4.829262161682003,,0.9239484574064469,0,-1.2557474809108717,105.25,113.67272727272727,45543,2.52253800823674,
whale,lognormal,holdout,176,0.5,51,4-8,44,6.867358420353503,,0.9045942507726054,0,-1.214222696365213,117.25,146.70909090909092,45913,0.6605625332700968,
whale,lognormal,holdout,177,0.5,59,2-4,180,7.383365722255403,,0.9347311383527785,0,-1.0571010050194956,167.625,143.23636363636365,45522,2.080396320834432,
whale,lognormal,holdout,178,0.5,51,2-8,130,5.982416954930422,,0.9118332679172758,0,-0.9650686884762996,208.0,126.85454545454546,45765,0.581878469480384,
whale,lognormal,holdout,179,0.5,39,4-8,79,3.283342857107865,,0.9238165675246541,0,-0.9778124219133298,201.875,149.47272727272727,46081,0.7886683202540057,
whale,lognormal,holdout,180,0.5,15,2-8,150,6.416789361422381,,0.9287140190715635,0,-1.1977183326385172,108.75,140.63636363636363,45912,2.4361572881607456,
whale,lognormal,holdout,181,0.5,42,1-3,47,5.523622534324394,,0.9272689752132426,0,-0.9403166466522417,134.125,95.23636363636363,46230,2.7377549610368654,
whale,lognormal,holdout,182,0.5,41,4-8,193,5.881067127180882,,0.938058099730656,0,-1.2973938392556534,93.375,120.0909090909091,45900,3.253953067512965,
whale,lognormal,holdout,183,0.5,44,2-4,174,3.307119010629287,,0.9422370970793861,0,-1.0235081530328416,188.125,179.36363636363637,45933,2.4547448277672346,
whale,lognormal,holdout,184,0.5,27,1-3,110,4.857397164293954,,0.9194260136215703,0,-0.908620325754032,290.25,162.6727272727273,45840,1.0782585045596182,
whale,lognormal,holdout,185,0.5,48,2-4,132,3.4009006233005454,,0.9370588213409801,0,-1.1491741366800459,126.25,172.92727272727274,45884,3.4023519722015525,
whale,lognormal,holdout,186,0.5,24,4-8,154,5.673286446539431,,0.9081994723149657,0,-0.9717403606369202,241.125,141.63636363636363,45946,0.5480707320231408,
whale,lognormal,holdout,187,0.5,49,1-3,79,4.7109503812868585,,0.933400324291384,0,-0.9073428808744706,236.375,147.29090909090908,45453,1.8206153455238898,
whale,lognormal,holdout,188,0.5,16,4-8,212,8.773523426479091,,0.8927125429395677,0,-1.1707065969813253,174.5,165.8181818181818,45202,1.3979729360732502,
whale,lognormal,holdout,189,0.5,37,2-4,47,1.0206294932231632,,0.9540931694353132,0,-1.3432333908395289,121.25,178.54545454545453,45816,2.4818677199583847,
whale,lognormal,holdout,190,0.5,18,4-8,212,5.552153681780625,,0.8899477925601623,0,-0.9259507835224251,256.5,135.52727272727273,45961,0.40958415499737433,
whale,lognormal,holdout,191,0.5,29,1-3,106,5.811525641166663,,0.9268068858979503,0,-1.0005913543690905,195.5,149.76363636363635,46139,1.997377504893902,
whale,lognormal,holdout,192,0.5,60,4-8,145,5.403490300329552,,0.9319255414209197,0,-1.249068380429184,97.25,121.83636363636364,45884,2.7709153896913783,
whale,lognormal,holdout,193,0.5,35,2-8,141,3.970194254395831,,0.9165992171461597,0,-0.9499724386035815,249.0,154.3090909090909,45685,0.9556224711145407,
whale,lognormal,holdout,194,0.5,47,4-8,185,6.2148824409953125,,0.9139275147299817,0,-1.2488603337510915,64.625,89.07272727272728,45357,3.4578947802756757,
whale,lognormal,holdout,195,0.5,54,4-8,69,2.2994553393842425,,0.9324802297887136,0,-1.246882930739917,115.625,163.5818181818182,45492,2.387411447616237,
whale,lognormal,holdout,196,0.5,47,2-4,180,4.7861762332120055,,0.9082725900738905,0,-0.8630804294596334,290.875,147.16363636363636,45697,0.8583052941271045,
whale,lognormal,holdout,197,0.5,30,2-4,148,2.051404679376434,,0.8999476126641333,0,-0.7790016633974912,455.5,195.03636363636363,45950,0.5380135129373442,
whale,lognormal,holdout,198,0.5,14,4-8,47,8.36997850725844,,0.897940616976574,0,-1.4910280652998402,67.5,164.34545454545454,45545,2.7373240231457645,
whale,lognormal,holdout,199,0.5,36,2-4,160,8.790534677589768,,0.9045988143903222,0,-1.1215835104089424,143.375,138.8909090909091,45945,1.9116304314679147,
whale,lognormal,holdout,200,0.5,60,4-8,171,7.704029015198989,,0.9042496116915032,0,-1.1108306255551312,164.125,139.6909090909091,45198,1.314083423983989,
whale,lognormal,holdout,201,0.5,25,1-3,135,5.3551246754748325,,0.8791088552652238,0,-0.8403114159309684,297.875,153.1818181818182,46198,0.9970579360490925,
whale,lognormal,holdout,202,0.5,51,2-4,106,8.890739172470456,,0.8995301769001237,0,-1.1407035921683837,180.375,152.5090909090909,45937,0.25973568596048835,
whale,lognormal,holdout,203,0.5,18,4-8,210,5.279615035747459,,0.9245207020760429,0,-1.1244710239865525,155.0,141.56363636363636,45676,2.097074037139993,
whale,lognormal,holdout,204,0.5,15,2-4,50,2.113399449811225,,0.9050190489836167,0,-0.9463558201372673,308.125,210.23636363636365,45958,0.7571333191869913,
whale,lognormal,holdout,205,0.5,32,2-4,46,2.6366214555095677,,0.9336192253668445,0,-1.3066049542006395,94.125,129.16363636363636,45834,3.3791653994342425,
whale,lognormal,holdout,206,0.5,13,2-4,90,5.277683928583681,,0.9312756116306729,0,-1.1075974311761896,148.5,141.6,46057,2.120594935766973,
whale,lognormal,holdout,207,0.5,25,2-8,91,5.656138994483303,,0.9301410972977509,0,-1.1134662832547295,155.125,146.0,45763,1.3478299087127876,
whale,lognormal,holdout,208,0.5,45,4-8,196,7.006003560092862,,0.9085562738024924,0,-1.066230858419912,185.375,138.0,45880,1.074292265420497,
whale,lognormal,holdout,209,0.5,48,2-8,119,6.970705539187068,,0.9195281081031268,0,-1.2791636636122754,87.625,112.7090909090909,45852,2.934815396916733,
whale,lognormal,holdout,210,0.5,48,4-8,78,6.758923351953592,,0.9195516121576075,0,-1.2297920835824865,78.875,114.78181818181818,45738,2.7277897871896397,
whale,lognormal,holdout,211,0.5,22,2-4,111,8.63071541904596,,0.9096696281486761,0,-1.213140178855246,113.875,165.36363636363637,45808,2.7215182869566723,
whale,lognormal,holdout,212,0.5,43,2-4,108,1.6608369781185583,,0.9488470957556592,0,-1.1395673346892257,225.625,243.45454545454547,45770,1.63527456060457,
whale,lognormal,holdout,213,0.5,24,4-8,96,4.730856225502247,,0.9021508016503519,0,-0.9748184146860934,216.875,141.74545454545455,46543,0.3062576309956271,
whale,lognormal,holdout,214,0.5,14,1-3,117,3.1327102686850488,,0.8513246416938568,0,-0.7325530959047424,405.375,170.16363636363636,45672,0.8961117644955545,
whale,lognormal,holdout,215,0.5,51,2-4,44,4.658406320157517,,0.9396760972976768,0,-1.0248799949203824,87.625,71.7090909090909,46048,3.2481367455486483,
whale,lognormal,holdout,216,0.5,23,2-8,101,6.832673697628728,,0.9484329660572425,0,-1.321963163168274,99.875,155.76363636363635,45894,2.605063849291142,
whale,lognormal,holdout,217,0.5,55,2-8,67,6.858149855458931,,0.90891077637766,0,-1.2472434221203499,131.875,155.3272727272727,45519,0.9576103654506793,
whale,lognormal,holdout,218,0.5,45,4-8,184,7.503931624129722,,0.9255954024905406,0,-1.0729457417304296,174.875,128.21818181818182,45297,1.1760713369386637,
whale,lognormal,holdout,219,0.5,36,2-4,93,4.481648363825573,,0.935167976688879,0,-1.1167960187588468,123.5,128.94545454545454,45297,3.034502686502525,
whale,lognormal,holdout,220,0.5,12,1-3,140,5.242326519149397,,0.8793105709108747,0,-0.9157448972488736,243.125,154.54545454545453,45597,1.8090966845708651,
whale,lognormal,holdout,221,0.5,13,4-8,124,3.8804505709604955,,0.8816182464362277,0,-0.878542892615273,273.0,131.25454545454545,45703,0.2114934854316983,
whale,lognormal,holdout,222,0.5,26,2-8,196,2.6029991221390407,,0.9397996892841692,0,-1.0155136286724393,250.25,163.2,45360,1.8577548167826432,
whale,lognormal,holdout,223,0.5,54,2-8,106,1.479839612026968,,0.8612169720830875,0,-0.9267732718626533,267.625,206.36363636363637,45863,0.5755103829097857,
whale,lognormal,holdout,224,0.5,37,2-8,138,5.4098366399219255,,0.9207058667350134,0,-0.96566154411021,224.625,132.45454545454547,46237,0.6300479971303102,
whale,lognormal,holdout,225,0.5,47,2-4,170,2.7557823479316736,,0.935595320570951,0,-1.0734838826625546,156.375,147.29090909090908,45728,2.841132824377179,
whale,lognormal,holdout,226,0.5,31,2-8,121,2.0274250186824414,,0.9321224040081256,0,-0.9502629671164549,273.75,172.56363636363636,46642,1.4401625262812692,
whale,lognormal,holdout,227,0.5,46,2-8,129,6.666347802651891,,0.9207476171247468,0,-1.209357518257946,92.125,112.27272727272727,46684,2.8133212476592786,
whale,lognormal,holdout,228,0.5,22,1-3,112,4.502701794353791,,0.9070341259239647,0,-0.9006492641849221,273.0,183.05454545454546,45717,1.4442562058906094,
whale,lognormal,holdout,229,0.5,17,1-3,43,4.988930886630077,,0.8861200255120788,0,-1.1435543128154633,116.875,132.65454545454546,46058,2.5897211262707382,
whale,lognormal,holdout,230,0.5,17,4-8,135,7.214199653272802,,0.8941237473623365,0,-1.0058395557202895,202.625,130.76363636363635,45834,0.47278133466303585,
whale,lognormal,holdout,231,0.5,55,2-4,214,1.7237286835256551,,0.8798473769580937,0,-0.7690457732756328,466.625,224.70909090909092,45919,0.21428156565608789,
whale,lognormal,holdout,232,0.5,42,1-3,218,7.888522393185894,,0.9031338829634405,0,-0.9526040863934524,149.0,124.47272727272727,45785,2.948824589121625,
whale,lognormal,holdout,233,0.5,59,1-3,183,7.067038418781774,,0.8834532024807461,0,-0.8424909323497963,288.5,144.43636363636364,45805,1.2803696198131298,
whale,lognormal,holdout,234,0.5,24,2-8,153,6.523591584829825,,0.9289197331265595,0,-1.0835628736013665,164.25,131.3272727272727,45697,1.595353053645165,
whale,lognormal,holdout,235,0.5,37,2-4,107,2.63302865382886,,0.9016197637748724,0,-1.0268061203240388,124.375,125.05454545454545,45653,2.8612430865807292,
whale,lognormal,holdout,236,0.5,51,2-8,101,7.386823030611359,,0.9219012936032119,0,-1.297800596510518,107.5,124.21818181818182,46558,2.0846479631671317,
whale,lognormal,holdout,237,0.5,17,2-4,93,2.240681909463113,,0.9411062696538773,0,-1.0693184813824121,232.75,197.14545454545456,45599,2.2665489392067752,
whale,lognormal,holdout,238,0.5,53,2-8,67,1.264801336988616,,0.9346831605677097,0,-1.314997788728085,139.875,219.92727272727274,45674,2.0208443702903414,
whale,lognormal,holdout,239,0.5,13,1-3,175,5.50486106547009,,0.9166908882319167,0,-1.005610789699152,136.125,136.8,45738,3.1807905139147756,
whale,lognormal,holdout,240,0.5,12,4-8,196,1.3545435173054958,,0.9375267690624949,0,-0.9006623314847136,286.25,167.38181818181818,45674,2.3709029260473686,
whale,lognormal,holdout,241,0.5,48,4-8,129,1.7724063955987486,,0.9379407746216503,0,-1.0048200328273624,241.875,191.83636363636364,46049,1.6443554493086185,
whale,lognormal,holdout,242,0.5,44,1-3,144,1.499787671553828,,0.8989515267671411,0,-0.8643746831716124,505.125,286.4909090909091,45408,0.7500390946738185,
whale,lognormal,holdout,243,0.5,16,2-8,173,7.759142553086422,,0.9158172875375256,0,-1.3478750913503188,118.0,148.98181818181817,46795,2.16759454607369,
whale,lognormal,holdout,244,0.5,17,2-4,122,3.9438724536966694,,0.9088885008951322,0,-0.9215034082650733,299.0,171.34545454545454,45638,1.091346689834353,
whale,lognormal,holdout,245,0.5,47,2-4,130,8.444865984198739,,0.9156585834735884,0,-1.1403963321910666,180.0,158.43636363636364,45816,1.0963244301448323,
whale,lognormal,holdout,246,0.5,23,2-8,99,8.636545095475773,,0.9178965409693591,0,-1.258407605570084,121.5,123.58181818181818,45715,1.7489685367588743,
whale,lognormal,holdout,247,0.5,39,4-8,178,5.538932493731221,,0.9189328416593943,0,-0.9443065854337964,219.125,124.7090909090909,45545,0.9035688258343839,
whale,lognormal,holdout,248,0.5,52,2-4,100,2.0777473537579825,,0.9401978247405595,0,-1.1573413013676113,168.75,180.21818181818182,45616,2.3477948081253874,
whale,lognormal,holdout,249,0.5,12,4-8,192,6.004901102611987,,0.8950453454213968,0,-0.9234827039447313,214.75,115.03636363636363,45459,0.7429701392147119,
whale,lognormal,holdout,250,0.5,18,2-4,165,4.364406379757218,,0.8715382947943842,0,-0.8097578131147146,339.0,147.52727272727273,45987,0.25769672520624465,
whale,lognormal,holdout,251,0.5,26,2-4,123,2.4990286712775847,,0.9120733923327313,0,-1.0602346486792842,139.5,143.34545454545454,45878,3.07511367805968,
whale,lognormal,holdout,252,0.5,42,2-4,110,3.9644654994450006,,0.9394705348078521,0,-1.037658921953037,115.5,115.61818181818182,45673,2.8359634995280456,
whale,lognormal,holdout,253,0.5,27,2-4,45,7.734480919352158,,0.9426297346208512,0,-1.2719084441026551,81.25,86.96363636363637,45676,3.39279487401653,
whale,lognormal,holdout,254,0.5,54,4-8,85,7.177081143369757,,0.8983439900830203,0,-1.09734398930381,140.875,121.30909090909091,45132,0.8370743281670452,
whale,lognormal,holdout,255,0.5,17,2-8,85,5.810300362512552,,0.9308330003632957,0,-1.1890014715067103,140.5,129.16363636363636,45626,2.0457891453146027,
whale,lognormal,holdout,256,0.5,21,1-3,129,3.0857179345019974,,0.9097831169681156,0,-0.9313899517822519,291.75,201.25454545454545,45833,1.7731615715235354,
whale,lognormal,holdout,257,0.5,12,4-8,56,5.4404208892125565,,0.9195198144391967,0,-1.2371562526240862,132.0,152.8,45594,1.5965010166027007,
whale,lognormal,holdout,258,0.5,54,4-8,44,3.22590926295391,,0.878739728213104,0,-1.0955447189630325,134.875,144.21818181818182,46095,0.7115313643927055,
whale,lognormal,holdout,259,0.5,16,2-4,122,7.615518722570964,,0.883796939286805,0,-1.0121107052820926,205.25,150.29090909090908,45549,1.0744309009298934,
whale,lognormal,holdout,260,0.5,38,1-3,211,4.4756670858279515,,0.9379364229018525,0,-0.923953537439686,238.0,142.45454545454547,45977,2.4914012509302905,
whale,lognormal,holdout,261,0.5,12,2-4,102,1.5291116152166806,,0.8730680938448465,0,-0.7927878411969342,452.0,196.12727272727273,45808,1.546141773795977,
whale,lognormal,holdout,262,0.5,49,2-8,63,8.735570499053555,,0.9000761805938745,0,-1.3364898157846716,72.625,104.0,46080,2.1487204255591017,
whale,lognormal,holdout,263,0.5,14,2-4,199,1.493330537351107,,0.9346158732849291,0,-1.0404456871454042,235.25,184.03636363636363,45874,3.29177769101828,
whale,lognormal,holdout,264,0.5,13,1-3,51,1.94963761556631,,0.9272285077351765,0,-0.9924395339745442,243.75,189.45454545454547,45998,2.007503666767812,
whale,lognormal,holdout,265,0.5,38,1-3,173,6.0089167654691185,,0.934979601524878,0,-0.9614061602365419,229.125,156.98181818181817,45713,1.9708192795242572,
whale,lognormal,holdout,266,0.5,36,4-8,107,3.035505664045705,,0.9177401949084194,0,-0.8731291873152133,261.375,141.3090909090909,45885,0.6344566484838071,
whale,lognormal,holdout,267,0.5,36,4-8,89,6.030344656486734,,0.9242702616606349,0,-1.191919687377305,137.75,153.14545454545456,46025,1.565635719018327,
whale,lognormal,holdout,268,0.5,50,2-8,138,1.3182312101236588,,0.9260208045016367,0,-1.025093033826515,253.375,212.47272727272727,45826,1.670909482292911,
whale,lognormal,holdout,269,0.5,42,2-8,215,4.251553188907933,,0.9105937919057538,0,-0.8114029350604027,297.875,130.6,46791,0.32504128130443466,
whale,lognormal,holdout,270,0.5,54,2-4,123,4.187799473577178,,0.9150216857769568,0,-0.9657766690166282,283.0,167.45454545454547,45825,0.5724482579982216,
whale,lognormal,holdout,271,0.5,23,2-8,73,2.962453098832703,,0.9069097938466317,0,-0.9092330281213622,256.25,154.36363636363637,46200,0.45865263905854137,
whale,lognormal,holdout,272,0.5,51,2-4,146,1.2454421279539556,,0.9305209803406156,0,-1.0906877254609306,111.625,117.01818181818182,45875,3.4093828866467,
whale,lognormal,holdout,273,0.5,15,4-8,112,3.7081685422049846,,0.8999099872368113,0,-0.8751112355562001,281.125,138.5818181818182,45687,0.4008765686837876,
whale,lognormal,holdout,274,0.5,13,1-3,94,4.283485493079609,,0.9320589847499097,0,-1.0639267797604752,185.625,152.5090909090909,45909,2.466903455063386,
whale,lognormal,holdout,275,0.5,15,1-3,119,4.971964131728415,,0.9055989105915527,0,-0.858465970663613,263.125,123.6,45626,1.6934346602690047,
whale,lognormal,holdout,276,0.5,43,2-8,59,6.575665337561396,,0.9270668317549884,0,-1.3332926943683092,95.0,157.78181818181818,46019,2.016052022139842,
whale,lognormal,holdout,277,0.5,41,1-3,52,3.706990665331822,,0.919574922343908,0,-0.8202917031250359,120.625,65.32727272727273,45805,2.9678074406301698,
whale,lognormal,holdout,278,0.5,32,4-8,49,7.349824835273948,,0.9125559504144636,0,-1.428996148744726,59.75,136.83636363636364,46344,3.4281693973784533,
whale,lognormal,holdout,279,0.5,52,1-3,40,4.970210118936501,,0.94934288318156,0,-1.033258271911646,198.75,156.05454545454546,45376,1.4640535857604902,
whale,lognormal,holdout,280,0.5,50,2-8,206,6.405449166847752,,0.9265241482350333,0,-0.9355261311955833,211.125,113.10909090909091,45096,1.0913506663484853,
whale,lognormal,holdout,281,0.5,39,4-8,140,2.9088059876878667,,0.9115378042370734,0,-0.9092957264583788,256.125,149.65454545454546,45789,1.1572023153300146,
whale,lognormal,holdout,282,0.5,47,4-8,102,1.928013052859325,,0.9242474828304016,0,-1.0298923962861575,177.375,168.1090909090909,45280,2.002808905420507,
whale,lognormal,holdout,283,0.5,20,1-3,138,6.532596824674708,,0.9066077710178122,0,-0.979158589265288,117.375,101.81818181818181,45631,3.342061531156902,
whale,lognormal,holdout,284,0.5,46,2-4,60,1.2448303958538212,,0.9523038761485945,0,-1.1765979539230995,132.625,156.29090909090908,45792,2.9417343388522927,
whale,lognormal,holdout,285,0.5,38,2-4,138,6.0045713861111,,0.9283096712724138,0,-1.0767901355435072,121.25,120.36363636363636,45889,3.00918967161671,
whale,lognormal,holdout,286,0.5,27,4-8,148,1.373786282994204,,0.9232474255936197,0,-0.7917147977799193,378.0,181.36363636363637,45718,1.176140225814141,
whale,lognormal,holdout,287,0.5,18,2-4,157,3.1760255481517756,,0.9146860360111998,0,-0.8674196210631122,321.0,168.72727272727272,45840,1.5264341076684103,
whale,lognormal,holdout,288,0.5,43,2-8,59,2.3795839015713103,,0.8963367291037909,0,-1.0875768141276705,181.625,177.83636363636364,45986,0.7417673933110611,
whale,lognormal,holdout,289,0.5,21,2-4,121,1.5517180322920145,,0.8993853689916895,0,-0.8153577049808579,445.875,220.52727272727273,45669,1.1016577156639875,
whale,lognormal,holdout,290,0.5,58,1-3,63,8.171349879503753,,0.8876186189870172,0,-0.8526206862854453,144.5,93.41818181818182,45652,2.338058450811942,
whale,lognormal,holdout,291,0.5,30,1-3,220,4.304506389528587,,0.937201454667441,0,-0.9766937555667756,248.375,168.78181818181818,46215,2.2935969533231146,
whale,lognormal,holdout,292,0.5,57,4-8,195,4.55947868398282,,0.9158898218611764,0,-0.9860198936201203,193.25,130.23636363636365,46006,1.5049762545505938,
whale,lognormal,holdout,293,0.5,45,2-8,63,6.072835237355599,,0.8660732249267564,0,-1.0971667397327274,44.75,47.527272727272724,45675,3.4908997550750764,
whale,lognormal,holdout,294,0.5,49,1-3,137,3.351465530918002,,0.9316208383427624,0,-0.9114034849705457,263.75,155.23636363636365,45733,1.8643481790313365,
whale,lognormal,holdout,295,0.5,34,1-3,203,5.804889619670697,,0.9167669211326736,0,-0.9341167637979979,263.0,155.87272727272727,45743,1.6595582257732615,
whale,lognormal,holdout,296,0.5,12,4-8,127,4.860551560317488,,0.9352371279633774,0,-1.0941859369738354,174.625,137.6,46338,1.7317242396972257,
whale,lognormal,holdout,297,0.5,26,4-8,159,5.574869507073195,,0.9378090042472165,0,-1.2438094426240158,137.0,189.38181818181818,45938,2.3836969598413784,
whale,lognormal,holdout,298,0.5,40,2-8,62,5.896761810826273,,0.9047499231797409,0,-1.1062362003085262,163.25,135.78181818181818,44080,0.509229826635178,
whale,lognormal,holdout,299,0.5,19,1-3,113,1.324094360152861,,0.8560075525769024,0,-0.7245878168442688,581.625,252.07272727272726,45724,0.9390829529726306,
whale,lognormal,holdout,300,0.5,13,2-4,150,1.0639934589809368,,0.9207854186983655,0,-0.9488185267894574,272.75,177.0,45810,2.7867061283384276,
whale,lognormal,holdout,301,0.5,20,1-3,40,2.779183116684731,,0.8544629868565197,0,-1.0402062967561578,112.875,112.05454545454545,45668,3.1876851755839453,
whale,lognormal,holdout,302,0.5,29,4-8,120,7.570080263384604,,0.9027118494443251,0,-1.0837064537823624,179.375,135.21818181818182,46482,0.3635651126759714,
whale,lognormal,holdout,303,0.5,46,4-8,185,6.8223885493461935,,0.9217370739302208,0,-0.9985702045205327,199.625,125.36363636363636,46320,0.7779126179311517,
whale,lognormal,holdout,304,0.5,21,2-4,48,4.338803013589828,,0.9002141521646057,0,-1.0479171113253076,217.0,171.98181818181817,45886,0.2557979810001429,
whale,lognormal,holdout,305,0.5,26,4-8,162,7.581352085956248,,0.9252088796637554,0,-1.0933373175750554,169.375,131.25454545454545,44970,1.3985779305717163,
whale,lognormal,holdout,306,0.5,54,1-3,190,6.5682437679100065,,0.9294370551994516,0,-0.9448939150263114,143.75,89.03636363636363,45910,3.2629506933428623,
whale,lognormal,holdout,307,0.5,27,2-4,148,6.885304097984098,,0.9331542412270812,0,-1.1049502564132607,179.25,159.83636363636364,46423,1.9733416976932867,
whale,lognormal,holdout,308,0.5,54,2-8,193,5.334128148574772,,0.938820191156756,0,-1.0770534933709088,97.5,86.45454545454545,46277,3.18226521409005,
whale,lognormal,holdout,309,0.5,59,4-8,55,7.377661034196898,,0.9367276807666131,0,-1.3457599930977884,90.875,151.4,45529,1.7086935947726913,
whale,lognormal,holdout,310,0.5,44,1-3,55,4.478127253146816,,0.9093245527829863,0,-0.9667277684497253,120.0,91.63636363636364,45790,3.3481981455098664,
whale,lognormal,holdout,311,0.5,54,4-8,105,2.5099135429962613,,0.9071551031872017,0,-0.9006314495656461,228.75,155.29090909090908,45563,0.9479498937566624,
whale,lognormal,holdout,312,0.5,22,2-8,61,2.2443675128425884,,0.9206450275729763,0,-0.9912479866318483,208.125,167.23636363636365,45195,1.162496854537546,
whale,lognormal,holdout,313,0.5,42,1-3,204,6.29921281523127,,0.869533537252276,0,-0.8753238438642198,130.375,89.01818181818182,45414,3.4298984935530727,
whale,lognormal,holdout,314,0.5,54,1-3,184,4.395182632327547,,0.940776146522234,0,-0.9212132773590745,274.5,179.52727272727273,45919,1.9477509042085204,
whale,lognormal,holdout,315,0.5,22,2-4,142,4.0754004040768,,0.932436974202931,0,-1.014855532528647,215.75,186.03636363636363,45554,1.8813420219938988,
whale,lognormal,holdout,316,0.5,22,2-8,209,6.60430866705846,,0.929183318693959,0,-1.3046101068657472,94.375,117.05454545454545,45620,3.4655538147968694,
whale,lognormal,holdout,317,0.5,37,4-8,103,3.7868633330036294,,0.937033752640669,0,-1.2062871363647227,121.875,141.1818181818182,45870,2.5680554030959923,
whale,lognormal,holdout,318,0.5,26,2-4,209,5.892349080305094,,0.9265068659362543,0,-1.2140408418033288,126.375,150.16363636363636,45498,3.2044973751465453,
whale,lognormal,holdout,319,0.5,45,2-8,112,7.351131259140676,,0.9217175025889714,0,-1.1266308775317417,152.5,130.14545454545456,45195,1.0990519540332495,
whale,lognormal,holdout,320,0.5,47,2-8,59,4.87560724215423,,0.9275361605749162,0,-1.1430461026577918,81.0,110.65454545454546,45945,2.986181267633181,
whale,lognormal,holdout,321,0.5,53,2-4,215,2.9859584915389386,,0.9348725826860751,0,-0.976021541845715,223.875,170.3090909090909,45624,2.328894004244587,
whale,lognormal,holdout,322,0.5,57,2-8,111,5.214517066143753,,0.9117950874592791,0,-1.0125326374352417,203.125,129.5090909090909,45683,0.7889196034910502,
whale,lognormal,holdout,323,0.5,58,2-8,167,8.079462697872835,,0.9187601386764144,0,-1.0887961884546695,177.625,134.29090909090908,46376,0.9601580135726926,
whale,lognormal,holdout,324,0.5,50,2-4,81,8.500720537090643,,0.9192260541615791,0,-1.207190222468702,166.25,160.1818181818182,45641,0.6707441210773666,
whale,lognormal,holdout,325,0.5,25,2-8,146,6.912039390453599,,0.9069033579777229,0,-1.067740524646028,193.0,146.0,45518,1.0199271381074906,
whale,lognormal,holdout,326,0.5,39,2-8,76,2.3572662130819797,,0.904447984259003,0,-0.9359153472965228,244.75,156.9090909090909,45869,0.46914589141278135,
whale,lognormal,holdout,327,0.5,53,2-4,81,3.380245579162213,,0.9377291983000929,0,-1.1120183299472326,205.25,195.96363636363637,45911,1.1667856846045637,
whale,lognormal,holdout,328,0.5,55,2-4,185,1.3848359226037301,,0.9481518235962612,0,-1.1304099605860167,231.0,236.6909090909091,45814,2.322339039992961,
whale,lognormal,holdout,329,0.5,37,1-3,175,3.2527649406644956,,0.9351155958497446,0,-0.9807574466456892,258.25,175.6,45325,2.2328623766227835,
whale,lognormal,holdout,330,0.5,60,1-3,64,4.837572075558218,,0.9337636043708994,0,-0.9867467576309739,270.875,182.74545454545455,46511,0.7388538736130339,
whale,lognormal,holdout,331,0.5,27,2-8,64,6.863484947762434,,0.9193300263982871,0,-1.4774702934963648,79.125,178.21818181818182,46471,2.6019177723544042,
whale,lognormal,holdout,332,0.5,57,4-8,144,4.246867533034828,,0.9189454729164535,0,-0.9118581246352837,230.25,130.8909090909091,46086,0.8198652378515694,
whale,lognormal,holdout,333,0.5,44,2-4,172,4.449356213591027,,0.9352941724264557,0,-1.1110372115527252,174.5,164.72727272727272,45724,2.3666757363576294,
whale,lognormal,holdout,334,0.5,29,4-8,160,5.02072712668762,,0.9275755241376583,0,-1.120108275353473,145.875,157.5090909090909,45663,2.0374119306835796,
whale,lognormal,holdout,335,0.5,38,1-3,116,5.757311466728551,,0.9305729495500107,0,-0.9586063775677133,214.125,155.8,46252,1.842010095544301,
whale,lognormal,holdout,336,0.5,53,2-8,98,1.9957751063237765,,0.8876749666667305,0,-0.8781375573935639,256.625,162.1818181818182,45721,0.3410083025450128,
whale,lognormal,holdout,337,0.5,24,1-3,148,1.6752245993053076,,0.9068189604550736,0,-0.8596978273363052,433.625,261.5090909090909,45718,1.5738878557524532,
whale,lognormal,holdout,338,0.5,21,2-4,179,4.450976139208258,,0.9275315118443213,0,-1.056091497546098,227.0,156.54545454545453,46216,2.318780348889449,
whale,lognormal,holdout,339,0.5,51,2-8,90,8.85343127893149,,0.908101183602382,0,-1.1133019024265591,148.875,116.92727272727272,45444,0.40238207206913884,
whale,lognormal,holdout,340,0.5,22,4-8,216,8.021819459559332,,0.9106244314587606,0,-1.2476389823528309,159.75,146.38181818181818,45503,1.712486611594664,
whale,lognormal,holdout,341,0.5,34,4-8,197,6.375475083387054,,0.9267657990784466,0,-1.3176720645266138,86.0,142.25454545454545,46250,3.1246055163745887,
whale,lognormal,holdout,342,0.5,48,1-3,129,5.581853219390754,,0.907432313018566,0,-0.90497063335372,282.625,164.1818181818182,45229,1.2143769227247656,
whale,lognormal,holdout,343,0.5,57,2-8,130,5.138245120156831,,0.9373003714235205,0,-1.1626077026543404,139.25,143.38181818181818,46335,1.919907389648678,
whale,lognormal,holdout,344,0.5,59,4-8,72,7.426369732562124,,0.9045892103914872,0,-1.2543658693567776,102.0,142.43636363636364,45501,1.861230480652317,
whale,lognormal,holdout,345,0.5,33,1-3,161,8.597646288241966,,0.7966459674909265,0,-0.7980675152330973,85.75,55.27272727272727,45402,3.2864450446841476,
whale,lognormal,holdout,346,0.5,59,4-8,66,3.158236189913482,,0.9186978435229991,0,-1.1954444797142427,88.875,131.3090909090909,46091,2.7676764507661535,
whale,lognormal,holdout,347,0.5,38,4-8,77,3.0626000306314367,,0.9250014001962983,0,-1.1822887537879725,97.75,140.83636363636364,45563,2.770068514671967,
whale,lognormal,holdout,348,0.5,15,4-8,202,5.7576746087949005,,0.9132385566402168,0,-1.0978918442912677,166.0,129.65454545454546,45923,2.247795115081549,
whale,lognormal,holdout,349,0.5,41,1-3,197,1.5679522751453687,,0.9382271708447572,0,-1.1210627231034151,253.75,268.76363636363635,45659,2.3352975766296016,
whale,lognormal,holdout,350,0.5,26,2-8,54,7.8683444624407475,,0.9219849789976212,0,-1.4639569810019581,74.625,128.6727272727273,44985,2.3844750687247216,
whale,lognormal,holdout,351,0.5,29,2-8,129,7.249495157195115,,0.9283145563242854,0,-1.2083261089710926,156.625,156.0,46251,1.5350534635593085,
whale,lognormal,holdout,352,0.5,20,2-4,128,4.428277409147224,,0.9480407414980545,0,-1.074876141613716,157.0,123.10909090909091,45731,2.8414732557547224,
whale,lognormal,holdout,353,0.5,51,2-4,84,3.4196214935787896,,0.9384252614083344,0,-1.0237930072256987,197.25,153.4909090909091,45555,1.6041855437993104,
whale,lognormal,holdout,354,0.5,42,2-4,171,2.4761016342162065,,0.9447232960220495,0,-1.0585180403843397,211.0,192.0,45647,2.1795502271754885,
whale,lognormal,holdout,355,0.5,59,1-3,214,4.192584188215622,,0.9346319173966278,0,-0.9493116921411329,219.875,142.1818181818182,45863,2.5606646494044134,
whale,lognormal,holdout,356,0.5,49,1-3,180,3.6053816255412077,,0.9018006613223282,0,-0.8143675046190446,403.875,181.72727272727272,45702,0.7373046505661496,
whale,lognormal,holdout,357,0.5,42,2-8,126,3.0147214519423375,,0.9289409328305854,0,-1.1514737899139167,138.25,160.01818181818183,45923,2.633005524392585,
whale,lognormal,holdout,358,0.5,21,4-8,195,1.1881812284008122,,0.9088809241631419,0,-0.7090335691651317,445.75,168.21818181818182,45696,1.5515549209874158,
whale,lognormal,holdout,359,0.5,50,2-8,101,8.760319300397956,,0.9081748619701382,0,-1.2360647779044702,133.625,160.78181818181818,46604,1.1124580995780076,
whale,lognormal,holdout,360,0.5,52,4-8,164,2.220251694190244,,0.8981636132612705,0,-0.6945927693471603,347.5,135.6909090909091,46227,0.28550217871567224,
whale,lognormal,holdout,361,0.5,53,2-8,131,4.629823063340334,,0.9223675948096829,0,-0.9905457467173356,221.125,140.14545454545456,45884,0.787139245119058,
whale,lognormal,holdout,362,0.5,57,4-8,186,2.037438367535362,,0.9251654121968285,0,-0.8967559604220268,256.25,157.0,45294,1.5936471062427675,
whale,lognormal,holdout,363,0.5,44,1-3,72,8.299268804006898,,0.877418052036845,0,-0.7880956591515498,121.375,73.47272727272727,45760,2.455727472862941,
whale,lognormal,holdout,364,0.5,26,2-4,68,6.417159902242679,,0.9079657010294635,0,-1.0691497142647073,191.5,149.74545454545455,46057,0.5104618856992996,
whale,lognormal,holdout,365,0.5,27,2-8,119,1.2585380866898275,,0.918145466292974,0,-0.8575250096161975,383.625,203.38181818181818,45593,1.2217129844803585,
whale,lognormal,holdout,366,0.5,21,4-8,109,3.5895123414779144,,0.9107624332012887,0,-0.8846994853304122,271.75,141.85454545454544,46247,0.8804403689347113,
whale,lognormal,holdout,367,0.5,54,4-8,132,7.28127688733927,,0.9205546263964992,0,-1.1864246503536544,117.875,146.98181818181817,46606,1.7944391312161272,
whale,lognormal,holdout,368,0.5,23,4-8,163,2.477815736347618,,0.8946225048717547,0,-0.6860148229879264,409.875,149.29090909090908,45611,0.45514569636439034,
whale,lognormal,holdout,369,0.5,36,2-4,151,1.4370649852163622,,0.9032987954366689,0,-0.8642938823101173,435.125,246.61818181818182,45767,0.6265641372848525,
whale,lognormal,holdout,370,0.5,55,2-8,94,3.3140829284550595,,0.9214709365657479,0,-1.0733043201121713,179.25,172.9090909090909,45285,1.3623853982137053,
whale,lognormal,holdout,371,0.5,25,2-8,131,8.095160335927241,,0.9264803550762876,0,-1.1747396581072556,156.875,155.38181818181818,46519,1.1192142626775756,
whale,lognormal,holdout,372,0.5,32,2-8,132,6.233607161700612,,0.9206465215374122,0,-1.2026504328805498,137.625,141.1090909090909,45974,1.9986958205657055,
whale,lognormal,holdout,373,0.5,25,1-3,138,7.147522634261221,,0.9425237610113388,0,-1.0366945691562393,176.25,117.30909090909091,45646,2.6394990553211315,
whale,lognormal,holdout,374,0.5,35,2-8,199,4.087560193283821,,0.9144667610742834,0,-0.9104858720202241,270.125,148.65454545454546,45971,1.24181717513589,
whale,lognormal,holdout,375,0.5,49,2-4,65,2.93990477927486,,0.944040542709093,0,-1.1419734063820062,168.625,191.72727272727272,45363,1.7038534105417888,
whale,lognormal,holdout,376,0.5,34,2-8,172,8.617158536409441,,0.9282388156865011,1,-1.3401654414342852,86.0,131.5090909090909,46028,2.616263485942156,
whale,lognormal,holdout,377,0.5,50,2-4,89,1.764317087297771,,0.940500068867006,0,-1.1477611989556955,214.25,247.56363636363636,45372,1.4563584509245213,
whale,lognormal,holdout,378,0.5,17,1-3,217,7.77962745296704,,0.8581227558223362,0,-0.8713235532219579,254.25,125.63636363636364,45864,0.2366741931451884,
whale,lognormal,holdout,379,0.5,24,4-8,121,7.171018150576846,,0.9012018014617588,0,-1.0455167039256137,180.75,139.6727272727273,45662,0.7179678319736236,
whale,lognormal,holdout,380,0.5,59,1-3,165,7.819952342558993,,0.8954386768015267,0,-0.9336569023748954,239.625,154.1090909090909,46075,1.4211505141176006,
whale,lognormal,holdout,381,0.5,27,2-8,47,1.282211759169364,,0.9481653417199148,0,-1.2940199492926725,139.125,210.87272727272727,45829,2.2444178764510414,
whale,lognormal,holdout,382,0.5,40,4-8,107,8.349158738321464,,0.9281784576853547,0,-1.2841725932244068,108.75,142.36363636363637,45805,2.044099985446619,
whale,lognormal,holdout,383,0.5,44,4-8,40,8.125320434321871,,0.9044554866335883,0,-1.450569505532803,69.0,126.98181818181818,46185,1.993261897993819,
whale,lognormal,holdout,384,0.5,21,1-3,142,1.1569455853883301,,0.8988801400443236,0,-0.8312703875691955,509.25,291.1636363636364,45869,1.426351243664619,
whale,lognormal,holdout,385,0.5,26,4-8,124,8.587208294862586,,0.8922068771825369,0,-1.0640957020944521,177.125,137.1818181818182,46504,0.7148936271514352,
whale,lognormal,holdout,386,0.5,49,2-4,113,3.821632935029828,,0.9534634739778254,0,-1.0237998918707016,152.875,141.45454545454547,45667,2.4174527442848475,
whale,lognormal,holdout,387,0.5,38,1-3,187,6.8422808241560835,,0.9000058622432678,0,-0.9099367831890837,244.0,141.43636363636364,46515,1.4852329372526771,
whale,lognormal,holdout,388,0.5,56,2-4,210,8.765073111769347,,0.8760845417417472,0,-1.0476155249825398,94.75,119.41818181818182,46086,3.013775385622184,
whale,lognormal,holdout,389,0.5,50,2-4,180,5.281049784686508,,0.9502198065531579,0,-1.0790200416653202,171.875,151.14545454545456,45323,2.342225419773845,
whale,lognormal,holdout,390,0.5,31,2-4,66,1.3708528328004306,,0.957298269120455,0,-1.2462230850355636,153.5,208.8909090909091,45890,2.4226989551822276,
whale,lognormal,holdout,391,0.5,40,2-4,219,8.499159447068703,,0.9093936386541406,0,-1.0073118421679437,216.5,135.3272727272727,45766,1.1275883065028434,
whale,lognormal,holdout,392,0.5,17,1-3,184,7.967515287423876,,0.8716391324587581,0,-0.889422503249326,126.75,81.2,46165,3.2566483814197555,
whale,lognormal,holdout,393,0.5,59,1-3,44,7.363941606651513,,0.8370530678681452,0,-0.6402695535121208,114.875,47.43636363636364,45786,3.0485661181255925,
whale,lognormal,holdout,394,0.5,22,2-4,143,7.382810608607149,,0.931243855297863,0,-1.1986117973799952,146.375,159.25454545454545,46091,2.4816001623513873,
whale,lognormal,holdout,395,0.5,46,1-3,111,4.6717553654800055,,0.9182621969420368,0,-0.9381732735004866,131.25,144.4,46067,2.7080260610097433,
whale,lognormal,holdout,396,0.5,55,1-3,64,6.7274066247366004,,0.8503284006413447,0,-0.8029659114009977,78.75,99.16363636363636,46031,3.1492303744518515,
whale,lognormal,holdout,397,0.5,13,2-4,176,6.3082224549212125,,0.9455646206177524,0,-1.6825028623480165,139.625,151.78181818181818,45664,3.1307217265770486,
whale,lognormal,holdout,398,0.5,41,2-4,64,8.787691546386881,,0.9320307638426812,0,-1.1868778075964257,135.0,137.85454545454544,45719,1.3275793068657067,
whale,lognormal,holdout,399,0.5,19,2-8,80,6.002087085641169,,0.9167088862985316,0,-1.098688946703192,168.375,123.0,46560,1.27661256488647,
whale,lognormal,holdout,400,0.5,56,2-8,134,6.990139043290496,,0.9182685904190208,0,-1.1099021921185641,172.875,133.9090909090909,44978,1.1614939658123309,
whale,lognormal,holdout,401,0.5,44,4-8,135,2.228549046415461,,0.9208707345101415,0,-0.9687293978748089,199.25,171.07272727272726,45597,2.037074704136028,
whale,lognormal,holdout,402,0.5,22,2-4,112,6.42448284462072,,0.9119712757023052,0,-1.012976419962074,200.125,138.87272727272727,45749,1.221877892122624,
whale,lognormal,holdout,403,0.5,29,4-8,101,6.549745756745618,,0.9124315247803854,0,-1.0310661977602322,159.5,126.2909090909091,45417,1.1022940688359792,
whale,lognormal,holdout,404,0.5,32,4-8,179,2.7941446535078702,,0.9432549870391926,0,-1.10823082068509,152.625,142.63636363636363,45737,2.4673543928638297,
whale,lognormal,holdout,405,0.5,13,4-8,49,8.252226219252627,,0.902738177046587,0,-1.3907357426498816,58.0,91.07272727272728,44952,3.454896930605154,
whale,lognormal,holdout,406,0.5,36,4-8,179,2.2239372066977383,,0.9283782710559453,0,-0.8215290021858481,333.25,163.61818181818182,45542,1.1971435103414494,
whale,lognormal,holdout,407,0.5,24,1-3,200,8.682570135391863,,0.8468135163241793,0,-0.9035783263835588,247.5,127.65454545454546,45859,0.5115926068146317,
whale,lognormal,holdout,408,0.5,32,1-3,215,7.153924419920819,,0.9246225728341047,0,-1.0356305020797008,188.25,140.78181818181818,45086,2.4596189765769187,
whale,lognormal,holdout,409,0.5,54,2-4,43,5.222128479038156,,0.9248745494868151,0,-1.2148426137582162,152.875,185.5818181818182,46095,0.5306482670937882,
whale,lognormal,holdout,410,0.5,39,2-4,47,3.445111870886037,,0.9366198923396688,0,-1.1247447938215092,195.625,189.14545454545456,45911,0.6865961671559875,
whale,lognormal,holdout,411,0.5,49,1-3,191,4.529119441473489,,0.8694456962298638,0,-0.7033753603307171,403.125,146.9090909090909,45482,0.3548641225385444,
whale,lognormal,holdout,412,0.5,43,1-3,152,4.999581345357806,,0.9164556832475848,0,-0.8986879362991778,167.125,127.27272727272727,46063,3.3015639022409506,
whale,lognormal,holdout,413,0.5,16,1-3,110,3.2476416496495792,,0.9423668804356293,0,-1.1279276884463143,156.0,219.45454545454547,45700,2.950986342887136,
whale,lognormal,holdout,414,0.5,17,4-8,90,3.5044668618951453,,0.9203697607323875,0,-0.9261838772641672,247.125,145.12727272727273,45454,0.9563916874376739,
whale,lognormal,holdout,415,0.5,12,2-4,189,4.270455434923416,,0.9164308221837992,0,-0.9786458929426791,231.875,186.3272727272727,45874,1.9923689320466418,
whale,lognormal,holdout,416,0.5,38,2-8,166,2.170973441789452,,0.88460751131567,0,-0.6753256042055824,403.125,153.4181818181818,45789,0.21844262018835625,
whale,lognormal,holdout,417,0.5,15,2-8,147,5.4639708701540535,,0.9323998100643738,0,-1.256569421046684,106.875,131.87272727272727,45521,2.8267486758393643,
whale,lognormal,holdout,418,0.5,19,2-4,101,8.689550636575264,,0.8833719556518553,0,-1.0966041249640923,85.75,86.9090909090909,45670,2.543592434866806,
whale,lognormal,holdout,419,0.5,46,1-3,47,7.553192061368106,,0.8964720630408287,0,-0.9733838950507793,172.75,128.14545454545456,45139,1.3691595199861952,
whale,lognormal,holdout,420,0.5,31,2-4,57,4.8945392847910645,,0.9363100716719588,0,-1.1302653264435818,113.25,125.58181818181818,46051,2.6389444023310786,
whale,lognormal,holdout,421,0.5,48,1-3,126,2.1882138149370842,,0.9316398917434237,0,-0.8986809391467285,394.625,243.8909090909091,45765,1.0986480092124746,
whale,lognormal,holdout,422,0.5,51,4-8,154,8.58815964227568,,0.9076493762377633,0,-1.2384140529892649,119.625,155.14545454545456,45880,1.8918789113112764,
whale,lognormal,holdout,423,0.5,27,4-8,87,5.574854325597206,,0.8974199056593579,0,-1.0478580888741953,180.375,137.12727272727273,45942,0.8943379174771462,
whale,lognormal,holdout,424,0.5,35,2-8,205,1.4837228961476328,,0.9331235828138507,0,-0.8989009377728958,295.0,171.8909090909091,46332,1.8632125252057996,
whale,lognormal,holdout,425,0.5,17,1-3,155,2.9735102123020516,,0.891393254494566,0,-0.8182788088769027,388.375,191.74545454545455,45967,1.387510720833359,
whale,lognormal,holdout,426,0.5,24,2-4,124,7.474830125885158,,0.9243419616685562,0,-1.084067582037934,91.25,68.67272727272727,45681,3.2461121885490245,
whale,lognormal,holdout,427,0.5,25,4-8,101,8.030347819942419,,0.9268878714623499,0,-1.4498941171712636,82.375,178.78181818181818,45315,2.580133440525856,
whale,lognormal,holdout,428,0.5,60,2-8,156,1.9183830925464278,,0.9358865748670199,0,-1.0269947409777487,224.375,193.56363636363636,45643,1.797431158126963,
whale,lognormal,holdout,429,0.5,45,2-8,144,5.5701859011282355,,0.9227279331221252,0,-1.0949874460550277,145.875,123.81818181818181,45879,1.8833710364637959,
whale,lognormal,holdout,430,0.5,17,2-4,78,2.2488052336126394,,0.9381385327731422,0,-1.0588911196433002,241.375,175.65454545454546,45930,1.8462074301350453,
whale,lognormal,holdout,431,0.5,18,4-8,185,8.296518225414749,,0.91458785820477,0,-1.41132565182463,67.75,112.0909090909091,45554,3.1943869709235133,
whale,lognormal,holdout,432,0.5,37,2-4,184,7.496098891929222,,0.8892734202153119,0,-1.0390060007436992,192.5,147.23636363636365,45630,1.6399363817320327,
whale,lognormal,holdout,433,0.5,33,1-3,123,5.824180429921981,,0.9288282625269693,0,-1.0181103591593108,236.625,163.05454545454546,45626,1.55339542766277,
whale,lognormal,holdout,434,0.5,15,1-3,157,7.2624988963872745,,0.8845374202460962,0,-0.9598563507638651,224.0,155.61818181818182,45700,1.4217378376684124,
whale,lognormal,holdout,435,0.5,51,2-4,149,5.881712267102298,,0.9189582918057373,0,-1.0772752503421903,202.875,177.05454545454546,45553,1.5184314880724918,
whale,lognormal,holdout,436,0.5,22,2-4,144,2.769435380478189,,0.9198911638508134,0,-0.8803625001636987,345.25,186.83636363636364,45867,1.370786533732976,
whale,lognormal,holdout,437,0.5,34,1-3,211,7.808621927575726,,0.8806084601243092,0,-0.9302130331983834,260.75,145.5090909090909,45926,1.0346028943407328,
whale,lognormal,holdout,438,0.5,20,4-8,126,2.9039071016184597,,0.9172672968588338,0,-0.8936407656338683,258.75,145.76363636363635,45798,1.4914113375930487,
whale,lognormal,holdout,439,0.5,38,1-3,89,8.273288469481766,,0.8957699126506493,0,-0.9820612213670289,174.75,133.16363636363636,45788,1.8664749853094804,
whale,lognormal,holdout,440,0.5,17,2-4,74,8.842112512456463,,0.9256415948236468,0,-1.2648905399877328,120.375,136.3272727272727,46036,2.1601901958992915,
whale,lognormal,holdout,441,0.5,16,4-8,200,1.994517577956067,,0.9278531477372962,0,-0.9059459862488011,291.125,164.87272727272727,45187,2.099432725434025,
whale,lognormal,holdout,442,0.5,57,2-8,105,4.801203175606043,,0.9124451224459793,0,-1.0540839832947198,91.125,97.10909090909091,45755,2.7271326649735617,
whale,lognormal,holdout,443,0.5,13,2-8,47,3.4020967944730707,,0.9080743432357344,0,-1.0870541143487542,204.25,168.4909090909091,45372,0.795001654972874,
whale,lognormal,holdout,444,0.5,22,2-4,182,6.229997221834929,,0.9461484832375906,0,-1.2538950009995937,103.375,125.47272727272727,45913,3.418606897247676,
whale,lognormal,holdout,445,0.5,27,2-8,103,4.5186130169202965,,0.9222118906714369,0,-1.1146982764277606,158.625,161.38181818181818,44859,1.6677668710679792,
whale,lognormal,holdout,446,0.5,21,1-3,203,2.6617530952224,,0.9353258144945994,0,-1.0082243762604912,201.125,142.76363636363635,45761,2.9805200660188236,
whale,lognormal,holdout,447,0.5,18,2-4,173,4.329416616599454,,0.9354130949994144,0,-1.0292815318227293,149.375,120.12727272727273,45652,3.212596035252456,
whale,lognormal,holdout,448,0.5,47,1-3,136,6.073091979738991,,0.9071021083889873,0,-0.9158334191934147,179.125,114.41818181818182,46405,2.171971272391312,
whale,lognormal,holdout,449,0.5,43,4-8,55,1.323350632329019,,0.9316189356065236,0,-1.163075258766499,175.375,211.45454545454547,45810,1.3328887636351243,
whale,lognormal,holdout,450,0.5,26,2-4,158,3.457020917254548,,0.8806051665751496,0,-0.7956165650572142,374.875,159.61818181818182,45706,0.4487622027666153,
whale,lognormal,holdout,451,0.5,13,4-8,129,6.918651849115278,,0.9305717713562245,0,-1.391731345157107,82.125,124.76363636363637,45947,3.1418159868586963,
whale,lognormal,holdout,452,0.5,60,2-8,200,7.159967688528345,,0.9216247912545737,0,-1.3601837595166422,79.75,113.63636363636364,45660,3.4138092329632537,
whale,lognormal,holdout,453,0.5,51,2-8,131,7.203254206999108,,0.9262486147085944,0,-1.4179551023605554,90.875,141.1818181818182,44876,2.8008548149585377,
whale,lognormal,holdout,454,0.5,34,2-8,144,1.232070751036301,,0.9037032103507072,0,-0.7547245996328433,428.0,186.16363636363636,45747,0.8279597377899981,
whale,lognormal,holdout,455,0.5,37,2-4,129,1.0437782676585874,,0.9053687328970875,0,-0.9758497794503345,386.125,273.9818181818182,45733,0.8849994209453655,
whale,lognormal,holdout,456,0.5,48,4-8,173,7.560774832227258,,0.8895657959159438,0,-1.1803001771111477,141.25,151.0,45812,1.9200114815632223,
whale,lognormal,holdout,457,0.5,37,1-3,163,2.471494518570273,,0.8815977679666328,0,-0.7045174909891497,516.625,200.25454545454545,46106,0.2143353528117753,
whale,lognormal,holdout,458,0.5,47,2-4,150,2.1934074385753846,,0.94157634529651,0,-1.000027281234154,290.375,230.72727272727272,45671,1.2871457135551998,
whale,lognormal,holdout,459,0.5,37,2-4,151,6.935388219030899,,0.900252041260048,0,-0.96730234731993,245.875,140.76363636363635,45100,0.6263457517072248,
whale,lognormal,holdout,460,0.5,44,2-4,93,2.17088141417237,,0.9191120754775683,0,-0.9634833413398087,297.5,208.98181818181817,45713,0.47554801921904427,
whale,lognormal,holdout,461,0.5,60,4-8,61,2.277447591031745,,0.9165121080490859,0,-1.1609774113377747,101.75,136.72727272727272,45618,2.728698928750932,
whale,lognormal,holdout,462,0.5,18,2-4,139,3.62078386636899,,0.9329349437517255,0,-0.9923676009462103,224.625,159.27272727272728,45643,2.423243051925214,
whale,lognormal,holdout,463,0.5,28,2-4,171,3.855814793295738,,0.95017659482262,0,-1.113287917248667,124.25,115.81818181818181,46020,3.160482452597529,
whale,lognormal,holdout,464,0.5,29,2-4,96,3.573848565502595,,0.912483459490977,0,-0.9146182486899019,304.25,170.0909090909091,45418,0.38330122308199455,
whale,lognormal,holdout,465,0.5,25,4-8,146,2.441948068404054,,0.8980702858723514,0,-0.7264834390110031,391.0,150.4909090909091,45794,0.5105748977557272,
whale,lognormal,holdout,466,0.5,33,1-3,116,7.90229017591097,,0.892790500429361,0,-0.9908933861026425,97.875,65.61818181818182,46038,3.171091938077458,
whale,lognormal,holdout,467,0.5,60,2-4,78,1.448761524489199,,0.9272786320118283,0,-1.3452894539480138,101.5,164.83636363636364,45781,3.103835885143066,
whale,lognormal,holdout,468,0.5,50,4-8,188,3.66825573758007,,0.9199814327077662,0,-0.8629229244138052,262.5,137.0,45432,0.90968743386705,
whale,lognormal,holdout,469,0.5,54,2-4,124,3.5435430750542016,,0.9342981057420763,0,-1.0408961508046992,235.75,175.12727272727273,45963,1.5239624828018354,
whale,lognormal,holdout,470,0.5,35,4-8,70,8.42626730505108,,0.9178056417153808,0,-1.4034126955142745,71.25,115.03636363636363,45999,2.4143693685611005,
whale,lognormal,holdout,471,0.5,23,2-4,87,1.705792642021609,,0.9487832606843932,0,-1.0759540483857024,253.75,226.2,45545,1.710471183263389,
whale,lognormal,holdout,472,0.5,16,2-8,66,4.694941902319713,,0.9447424259572307,0,-1.192042958568654,141.5,139.65454545454546,45076,2.1307947031887715,
whale,lognormal,holdout,473,0.5,22,4-8,172,3.8376163192620716,,0.9235671832197254,0,-0.9094028644544999,244.5,146.54545454545453,45606,1.437313648409013,
whale,lognormal,holdout,474,0.5,48,2-4,187,4.788907417714777,,0.943894095126457,0,-1.0681384917252026,147.375,157.72727272727272,45847,2.6885956428278943,
whale,lognormal,holdout,475,0.5,45,4-8,120,1.5432018175789715,,0.9426084927153603,0,-0.9794631897753465,221.375,164.5090909090909,45705,1.7721514844552075,
whale,lognormal,holdout,476,0.5,45,2-4,177,7.185206884228236,,0.9440854953971551,0,-1.0345592277822586,113.75,104.10909090909091,45861,3.2170151042948993,
whale,lognormal,holdout,477,0.5,15,1-3,123,3.514195552613498,,0.9122152112841866,0,-0.9103579243520579,235.125,142.25454545454545,45918,1.8623815724927997,
whale,lognormal,holdout,478,0.5,46,4-8,162,4.752950558825579,,0.9287014374929444,0,-1.0811446629008055,133.375,130.56363636363636,45599,2.2926058157679106,
whale,lognormal,holdout,479,0.5,47,1-3,93,8.580713009082343,,0.903231382736334,0,-0.9577968811132183,172.875,125.2,45885,2.0062269369056573,
whale,lognormal,holdout,480,0.5,29,1-3,87,8.481630655359295,,0.9072461546773053,0,-1.0432404837949691,170.125,162.65454545454546,46666,1.8389165572484973,
whale,lognormal,holdout,481,0.5,21,4-8,206,7.7725169003736925,,0.9105100509168202,0,-1.2302515676849546,146.125,145.25454545454545,45711,2.1110050660667503,
whale,lognormal,holdout,482,0.5,29,1-3,119,2.5599521243257657,,0.9223542785487373,0,-0.8944833697552486,367.875,228.5090909090909,46516,1.353355206185591,
whale,lognormal,holdout,483,0.5,28,1-3,201,5.970345548232813,,0.9337603032080738,0,-0.9675475293269479,135.625,97.52727272727273,45637,3.2449443727411813,
whale,lognormal,holdout,484,0.5,36,2-8,57,4.017688326310125,,0.9285295328411041,0,-1.3049886821856418,85.75,152.5818181818182,45771,2.6839678738599515,
whale,lognormal,holdout,485,0.5,39,2-8,88,7.484759954139787,,0.9166921386651652,0,-1.1688305238522625,146.875,146.03636363636363,44983,0.8886362533539645,
whale,lognormal,holdout,486,0.5,24,2-8,104,7.2214589795097925,,0.9211453367842897,0,-1.2419542389675189,119.125,123.98181818181818,45326,2.1060785186296247,
whale,lognormal,holdout,487,0.5,56,2-8,171,3.843384729346547,,0.9136805263336054,0,-1.0879936155841636,95.375,113.2,45438,3.47977046522859,
whale,lognormal,holdout,488,0.5,24,2-8,111,3.280273732083508,,0.9120356786406955,0,-0.8733743250059661,281.875,147.63636363636363,45064,0.7350644739491499,
whale,lognormal,holdout,489,0.5,27,1-3,142,2.2012970844915793,,0.9334034182909939,0,-0.9659588532985546,307.25,227.52727272727273,45800,2.1748495399485313,
whale,lognormal,holdout,490,0.5,31,4-8,104,3.739280657702036,,0.9330646849696758,0,-1.0141283556790626,208.75,143.23636363636365,46026,1.144971830609639,
whale,lognormal,holdout,491,0.5,12,4-8,56,5.076178854073672,,0.9361774903668618,0,-1.4978810941754863,72.5,150.63636363636363,45733,2.8627546571820766,
whale,lognormal,holdout,492,0.5,28,2-4,60,7.189143649319656,,0.9353687851214783,0,-1.050413424208533,89.375,60.61818181818182,45132,3.007200157051187,
whale,lognormal,holdout,493,0.5,54,2-4,193,4.90091821948313,,0.9049235791583319,0,-0.8592635360890875,312.625,154.27272727272728,46185,0.4808282399447201,
whale,lognormal,holdout,494,0.5,60,2-8,131,7.0084755692477785,,0.9143077998601759,0,-1.1546507760382223,144.375,138.87272727272727,46254,1.4716322722522155,
whale,lognormal,holdout,495,0.5,12,4-8,126,4.713969128289394,,0.9205489954476912,0,-1.261636699372617,117.875,122.69090909090909,45204,3.0369657454650905,
whale,lognormal,holdout,496,0.5,41,4-8,164,8.974238326073925,,0.8963805946513932,0,-1.307474200736506,95.0,139.83636363636364,46206,2.215166688963148,
whale,lognormal,holdout,497,0.5,28,2-8,160,8.336673234568007,,0.9143841089130157,0,-1.223731230458657,96.875,126.85454545454546,45568,2.8322044776858126,
whale,lognormal,holdout,498,0.5,53,2-8,76,5.539714683894391,,0.9260071057118613,0,-1.157904373741683,153.25,163.78181818181818,46279,1.2585524110318305,
whale,lognormal,holdout,499,0.5,37,1-3,186,1.3075868998820912,,0.8485708092819524,0,-0.7225788961167576,649.375,264.8,45554,0.2679091870785746,
whale,geometric,holdout,0,0.5,39,1-3,92,7.470878263652639,,0.8770317680935872,0,-0.9766430006044775,247.75,167.25454545454545,45278,,0.15583863417319063
whale,geometric,holdout,1,0.5,48,2-4,106,8.39923283775125,,0.9204512853226594,0,-1.1340263806973085,162.5,158.03636363636363,46421,,0.0018476073807901366
whale,geometric,holdout,2,0.5,20,2-4,187,5.930354658202295,,0.8835960030088872,0,-0.9173012815025114,281.75,147.4909090909091,45385,,0.12586519872767093
whale,geometric,holdout,3,0.5,28,2-4,151,1.6576832734835554,,0.9187933512086661,0,-0.9776552592455794,365.625,239.96363636363637,45552,,0.004606720996624869
whale,geometric,holdout,4,0.5,37,4-8,104,2.6076643076107446,,0.9241917248038769,0,-1.0106862546187756,203.75,156.87272727272727,45565,,0.0028285247560528213
whale,geometric,holdout,5,0.5,25,2-4,48,7.789387541557928,,0.8791565756405723,0,-1.0466157431293022,173.75,133.83636363636364,46081,,0.43363230452641965
whale,geometric,holdout,6,0.5,39,2-8,42,6.4703026598743305,,0.9273645026085832,0,-1.3598893855202663,91.125,153.85454545454544,45403,,0.0014041117865138224
whale,geometric,holdout,7,0.5,40,1-3,174,5.006422429660826,,0.8950747572524602,0,-0.872009562801038,322.75,169.1090909090909,46016,,0.010820941634635175
whale,geometric,holdout,8,0.5,28,1-3,94,2.4483138060988257,,0.9122426876560475,0,-0.8571677796334158,390.0,216.54545454545453,45850,,0.03773985231434269
whale,geometric,holdout,9,0.5,19,2-8,117,2.375789092659483,,0.8977207440051229,0,-0.8098912989293601,359.125,168.0,46337,,0.05741909927126814
whale,geometric,holdout,10,0.5,15,2-8,46,8.82514958323748,,0.9257537432080476,0,-1.2606464754815487,109.625,122.25454545454545,45609,,0.006167908928304385
whale,geometric,holdout,11,0.5,18,2-4,140,7.3062705584096,,0.8836726578318392,0,-1.0558570111373813,221.625,151.6727272727273,45948,,0.36912333674525366
whale,geometric,holdout,12,0.5,33,1-3,115,1.0119363363550606,,0.8873701700185066,0,-0.9714102924337181,438.25,320.76363636363635,45647,,0.006801479659009782
whale,geometric,holdout,13,0.5,19,2-8,65,3.9085319080599294,,0.9276761157054916,0,-1.1252708865627776,183.125,161.72727272727272,45219,,0.015396510275927621
whale,geometric,holdout,14,0.5,21,2-8,155,6.653696152930167,,0.897795469949937,0,-1.0318612523787731,204.25,133.27272727272728,45389,,0.02540449928278474
whale,geometric,holdout,15,0.5,20,2-8,209,2.399166225057286,,0.8747769228034017,0,-0.6418975146652097,461.0,146.5090909090909,46357,,0.3962657829752666
whale,geometric,holdout,16,0.5,50,4-8,209,8.005144214086208,,0.9069567252150967,0,-1.0419881569707945,179.5,120.43636363636364,45763,,0.027434687668722757
whale,geometric,holdout,17,0.5,40,1-3,93,5.857834088784575,,0.8982688901930467,0,-0.880013564252331,237.625,144.34545454545454,45930,,0.0025426869095503788
whale,geometric,holdout,18,0.5,35,1-3,82,4.552392539779675,,0.9296022207314398,0,-0.9934974058713695,256.75,189.6909090909091,45720,,0.012949678539687077
whale,geometric,holdout,19,0.5,55,1-3,122,8.078026724382818,,0.8682014007076533,0,-0.9399431212325926,219.25,147.52727272727273,46051,,0.001131075091936519
whale,geometric,holdout,20,0.5,54,1-3,103,4.824998716299803,,0.9214966355863351,0,-0.9673346180364906,282.0,188.1090909090909,45416,,0.013896216111566174
whale,geometric,holdout,21,0.5,23,1-3,103,5.622817797895473,,0.9002807802020061,0,-0.952021497164485,267.0,154.92727272727274,45827,,0.007405810400211474
whale,geometric,holdout,22,0.5,33,1-3,80,6.201865769028004,,0.8891185088953434,0,-0.9719600643528031,244.25,178.5090909090909,45878,,0.045808662529493116
whale,geometric,holdout,23,0.5,32,1-3,140,2.979879144510809,,0.9045126981860867,0,-0.8046523524954787,409.875,190.76363636363635,45838,,0.030233958570354706
whale,geometric,holdout,24,0.5,53,4-8,54,2.422524829756716,,0.8458466542372041,0,-1.019026534271115,173.25,165.76363636363635,45661,,0.4918999984700632
whale,geometric,holdout,25,0.5,53,1-3,179,8.2661670935316,,0.8802680667733351,0,-0.9602908674061404,247.0,145.8181818181818,46041,,0.015681047795209874
whale,geometric,holdout,26,0.5,49,2-4,184,2.4585456617852186,,0.9330206277311925,0,-1.0155201659050237,286.125,219.96363636363637,45661,,0.0016544902372584225
whale,geometric,holdout,27,0.5,48,2-4,115,5.570737534463851,,0.9121169816105601,0,-0.9857674311171878,250.125,155.98181818181817,45747,,0.1057919921577792
whale,geometric,holdout,28,0.5,31,1-3,89,5.245559831203872,,0.9165206745387623,0,-0.9783635231491841,252.375,185.6909090909091,46265,,0.0060116562506927875
whale,geometric,holdout,29,0.5,58,2-4,188,1.1326513384558918,,0.8958915980814295,0,-1.1625400105956165,268.625,287.43636363636364,45716,,0.0013743380902191404
whale,geometric,holdout,30,0.5,56,1-3,157,8.299100468536452,,0.8631749078185663,0,-0.9351114290840271,244.875,159.3090909090909,45576,,0.04849512828856738
whale,geometric,holdout,31,0.5,24,4-8,128,5.588811218706086,,0.9182230365620662,0,-1.0761074825037669,179.875,145.01818181818183,46390,,0.002820454072666933
whale,geometric,holdout,32,0.5,42,1-3,132,2.9709475136035444,,0.894378944670908,0,-0.7780817460030962,433.625,192.96363636363637,45935,,0.1752237682052785
whale,geometric,holdout,33,0.5,34,1-3,199,5.322208826028923,,0.888489815144896,0,-0.9261425780052194,290.125,179.2,45832,,0.0011037415874958492
whale,geometric,holdout,34,0.5,25,4-8,84,8.376808769981057,,0.9047676699277434,0,-1.1316567777566995,157.5,140.12727272727273,45646,,0.20415825911070867
whale,geometric,holdout,35,0.5,48,2-4,95,5.649546962875871,,0.940116439799801,0,-1.1525238692533484,191.125,192.87272727272727,45827,,0.01259617984813666
whale,geometric,holdout,36,0.5,12,1-3,168,6.001325156749559,,0.8359097276055614,0,-0.8949398455241082,263.375,139.4181818181818,45753,,0.11766652317615252
whale,geometric,holdout,37,0.5,43,2-4,48,8.896134824865854,,0.9205800338247778,0,-1.3359976090739414,113.625,173.47272727272727,45919,,0.007164865982035561
whale,geometric,holdout,38,0.5,17,1-3,123,6.869551756471881,,0.8022679763616757,0,-0.8302647937062999,251.5,125.54545454545455,46078,,0.12185809365181424
whale,geometric,holdout,39,0.5,19,4-8,124,3.0262460328140124,,0.9108125549837196,0,-0.9126624783208164,265.875,145.87272727272727,45362,,0.006106577402540558
whale,geometric,holdout,40,0.5,14,1-3,189,8.650638693901893,,0.8581748357623367,0,-0.9833518792324817,216.75,125.2909090909091,45791,,0.24521102982178838
whale,geometric,holdout,41,0.5,54,2-8,46,1.6497544350263729,,0.8949775464657931,0,-1.2894822904031193,126.75,203.36363636363637,45539,,0.009716796628140746
whale,geometric,holdout,42,0.5,22,2-4,176,4.795244997155532,,0.8842799669721649,0,-0.8029966730652507,326.375,143.74545454545455,45644,,0.29011299458938683
whale,geometric,holdout,43,0.5,27,4-8,166,8.729285641696073,,0.8940528252826898,0,-1.0925971698498318,155.5,128.38181818181818,46117,,0.011531179251394368
whale,geometric,holdout,44,0.5,46,2-8,216,4.177658049694366,,0.9129568638126798,0,-0.7885048606300176,307.5,132.96363636363637,45252,,0.3089507415994321
whale,geometric,holdout,45,0.5,21,2-4,84,2.7135633020724255,,0.9054164378027918,0,-0.8779467100389952,354.5,182.36363636363637,45927,,0.1561445866865059
whale,geometric,holdout,46,0.5,52,2-4,132,4.793007853219411,,0.9034207322595864,0,-0.8921003117683118,275.25,136.12727272727273,44861,,0.1493963085819537
whale,geometric,holdout,47,0.5,18,4-8,122,3.0684252460893537,,0.9105815367830417,0,-0.8656690176135472,285.875,157.03636363636363,45708,,0.016669783960320456
whale,geometric,holdout,48,0.5,14,2-4,46,3.402879115020064,,0.8707458872944437,0,-0.9134235665109288,277.0,161.96363636363637,45726,,0.18567632739562992
whale,geometric,holdout,49,0.5,14,2-8,135,7.985956099360312,,0.9027102420991193,0,-1.2014582515982484,161.75,160.85454545454544,45038,,0.004222641676841476
whale,geometric,holdout,50,0.5,27,1-3,87,1.5167220875655456,,0.8717525743722759,0,-0.8544232222636323,494.25,268.43636363636364,45833,,0.46146669356810666
whale,geometric,holdout,51,0.5,25,2-8,194,2.753534625354617,,0.8965988319716988,0,-0.7065776749849786,417.375,154.1090909090909,45790,,0.3403767067639656
whale,geometric,holdout,52,0.5,41,4-8,78,6.698275407959603,,0.9203172619091721,0,-1.1094057410487093,135.375,111.78181818181818,45631,,0.025198029272523147
whale,geometric,holdout,53,0.5,14,2-4,132,6.802353326927837,,0.885038254789646,0,-1.0749132581168115,203.75,154.8909090909091,45683,,0.004970186155368909
whale,geometric,holdout,54,0.5,18,2-8,40,1.5614099565698947,,0.939039263472242,0,-1.146538229490421,179.375,172.1818181818182,45728,,0.005886328729342517
whale,geometric,holdout,55,0.5,25,4-8,191,1.0580207649701068,,0.8290276189136221,0,-0.4805220548842809,620.0,159.38181818181818,45600,,0.12395627280274778
whale,geometric,holdout,56,0.5,60,2-8,102,2.8029108594581364,,0.9131295809254998,0,-0.9784486526655235,232.5,170.07272727272726,45671,,0.04493447246976555
whale,geometric,holdout,57,0.5,59,4-8,133,5.217983576213196,,0.9149052363988626,0,-0.9478720679058581,214.0,119.85454545454546,45914,,0.32154212368133583
whale,geometric,holdout,58,0.5,32,4-8,43,4.647718564722705,,0.9193766974260524,0,-1.1735109233394645,127.875,137.6909090909091,46004,,0.05535338727606289
whale,geometric,holdout,59,0.5,37,2-4,47,1.0044165476882592,,0.772725096932418,0,-1.3238588575967067,151.25,294.6545454545454,45753,,0.42901707062592154
whale,geometric,holdout,60,0.5,24,1-3,173,3.580548257043655,,0.8567503975347956,0,-0.7004119841648222,436.875,155.5090909090909,46021,,0.16566628710518821
whale,geometric,holdout,61,0.5,35,4-8,68,6.917176936191386,,0.8916539474315522,0,-1.0858563458189874,148.125,113.9090909090909,46124,,0.45878026031469243
whale,geometric,holdout,62,0.5,56,2-4,192,6.574923073948382,,0.9153861181184215,0,-1.0332620431744692,227.5,173.98181818181817,46168,,0.007180973012479833
whale,geometric,holdout,63,0.5,59,1-3,156,8.81135515697592,,0.8705188199445302,0,-0.950665849891704,228.75,147.45454545454547,45479,,0.010191539259816718
whale,geometric,holdout,64,0.5,44,1-3,66,3.6896024870357333,,0.9407166785577297,0,-1.0191646803944243,262.375,199.56363636363636,45750,,0.012727661392297399
whale,geometric,holdout,65,0.5,21,4-8,138,1.7930744897075988,,0.9194453734329087,0,-0.8760606547921557,321.0,170.23636363636365,45663,,0.0011232270543712953
whale,geometric,holdout,66,0.5,22,2-8,121,1.1931920378844163,,0.8766798276921761,0,-0.6671698497064932,490.625,172.36363636363637,45793,,0.09016939603624313
whale,geometric,holdout,67,0.5,32,1-3,152,6.248074667413709,,0.8538442710015137,0,-0.8356701708676607,294.0,141.6909090909091,45924,,0.046707856192399935
whale,geometric,holdout,68,0.5,37,4-8,181,5.365276723526762,,0.9198227910674739,0,-0.9957481684078382,215.75,129.8,45862,,0.028021249587294635
whale,geometric,holdout,69,0.5,21,1-3,114,1.079226342023511,,0.860487299912817,0,-0.8266897569812638,529.625,288.1818181818182,45642,,0.011059492162684346
whale,geometric,holdout,70,0.5,43,1-3,210,7.511801650477166,,0.8598905514746051,0,-0.8657286837310186,286.5,136.3272727272727,46321,,0.10083904461083898
whale,geometric,holdout,71,0.5,57,4-8,109,1.1922388352307616,,0.8845094028816396,0,-0.9597872328883355,246.75,188.4,45796,,0.03324114802609208
whale,geometric,holdout,72,0.5,22,4-8,209,1.5488030596717142,,0.869866202427431,0,-0.5934463319690129,493.75,159.8,45717,,0.018256760389454323
whale,geometric,holdout,73,0.5,43,2-4,48,8.653738880858544,,0.9295733955797969,0,-1.2728536532532804,123.125,152.05454545454546,45993,,0.0012402989857641942
whale,geometric,holdout,74,0.5,21,2-4,77,2.275056269610989,,0.937944949970894,0,-1.0747782857532426,243.5,221.07272727272726,45739,,0.003620585875543263
whale,geometric,holdout,75,0.5,54,2-8,209,6.385756683601422,,0.899254162508105,0,-1.0142642976700964,188.375,128.03636363636363,44787,,0.006860418298530682
whale,geometric,holdout,76,0.5,26,4-8,208,4.834142654350831,,0.8980375661497537,0,-0.982646854120504,215.0,144.6909090909091,45726,,0.0010526543106329955
whale,geometric,holdout,77,0.5,43,2-8,177,8.893470182682933,,0.9038194089564668,0,-1.0449225725693818,180.875,115.83636363636364,45653,,0.12494481236803538
whale,geometric,holdout,78,0.5,24,4-8,167,2.8482064169493153,,0.9059903050405348,0,-0.7930404166777629,348.25,155.0,45964,,0.04624080296912276
whale,geometric,holdout,79,0.5,23,2-8,132,3.289021426952891,,0.9170832547211561,0,-0.9983149249640973,239.625,166.6727272727273,45312,,0.002128193707702661
whale,geometric,holdout,80,0.5,39,1-3,164,5.028332099414082,,0.9033136107822188,0,-0.9144488024549384,296.5,170.45454545454547,45931,,0.004423861560958725
whale,geometric,holdout,81,0.5,33,4-8,114,3.4051370615918986,,0.9277257676185136,0,-1.0295898840883995,186.875,143.76363636363635,45784,,0.00130585167181798
whale,geometric,holdout,82,0.5,56,2-4,138,6.757269604948807,,0.9161394080897227,0,-1.0695346719511978,213.0,164.54545454545453,46440,,0.018037017883887268
whale,geometric,holdout,83,0.5,53,4-8,130,8.559644630736148,,0.9131527365477458,0,-1.0408170229521823,161.5,110.03636363636363,45396,,0.08157064572531648
whale,geometric,holdout,84,0.5,29,2-4,216,5.229913931322164,,0.8993486348222328,0,-0.9714830406389973,262.25,160.54545454545453,45740,,0.003362753520136296
whale,geometric,holdout,85,0.5,46,2-8,180,1.433644462740645,,0.8950018721168179,0,-0.7555318772317581,391.875,175.12727272727273,45623,,0.049972386699275395
whale,geometric,holdout,86,0.5,36,4-8,56,1.8370417155426928,,0.8950313586179148,0,-1.0061189884088244,205.0,168.72727272727272,45933,,0.09779002687139775
whale,geometric,holdout,87,0.5,59,2-8,130,8.890554686700291,,0.9120301156853543,0,-1.0797094735425041,176.25,133.47272727272727,46047,,0.2676911245012293
whale,geometric,holdout,88,0.5,43,4-8,109,2.662888256468153,,0.9069905587648518,0,-0.822030707432901,270.875,135.23636363636365,45756,,0.12666009892382918
whale,geometric,holdout,89,0.5,42,1-3,219,8.202312980025365,,0.8641498245318161,0,-0.9469221264724406,253.875,138.5818181818182,45821,,0.024955637045440945
whale,geometric,holdout,90,0.5,24,2-4,199,5.278162990378384,,0.8904393752603434,0,-0.8606235180809846,302.375,149.45454545454547,46007,,0.06787436288136178
whale,geometric,holdout,91,0.5,39,1-3,109,3.2690448217069594,,0.926898096666384,0,-0.8757596934424825,336.75,199.36363636363637,45565,,0.007079185646071258
whale,geometric,holdout,92,0.5,44,2-4,77,2.195760277569275,,0.936848723607107,0,-1.1443225299343769,212.5,232.5818181818182,45822,,0.007649698533977469
whale,geometric,holdout,93,0.5,18,1-3,128,6.635850283105576,,0.8202768634124685,0,-0.8014496445363655,259.0,128.78181818181818,45473,,0.047706832414974275
whale,geometric,holdout,94,0.5,37,2-8,40,7.511764317691213,,0.9256922900040195,0,-1.3676231596404802,104.125,176.34545454545454,45026,,0.035412910468769127
whale,geometric,holdout,95,0.5,58,4-8,178,6.593938534576712,,0.9118563343479587,0,-1.0025768758679185,182.875,115.94545454545455,45884,,0.025057776942035016
whale,geometric,holdout,96,0.5,21,2-4,75,3.0150195927108197,,0.9185367766166488,0,-0.9582549986878053,297.25,197.14545454545456,45555,,0.05466672494504851
whale,geometric,holdout,97,0.5,25,4-8,146,4.376959387719475,,0.9114699368065691,0,-0.9677929720673129,223.375,134.3090909090909,45664,,0.006691892401781016
whale,geometric,holdout,98,0.5,22,2-8,136,1.0669394459148416,,0.8583128242117531,0,-0.6089960749352707,549.0,177.61818181818182,45596,,0.08638112564823155
whale,geometric,holdout,99,0.5,14,4-8,82,5.140408744932608,,0.8934504943340478,0,-1.0466150253357458,207.875,148.96363636363637,45645,,0.08650453537504393
whale,geometric,holdout,100,0.5,33,2-8,156,5.226788676832158,,0.8975888094766244,0,-0.8999497228829966,251.25,133.72727272727272,46335,,0.21072984267798833
whale,geometric,holdout,101,0.5,27,2-8,76,7.660261827183714,,0.8964560438302395,0,-1.119443488988217,152.625,129.4,46154,,0.329527314591412
whale,geometric,holdout,102,0.5,42,2-4,58,6.024194270896845,,0.9222843242489438,0,-1.1753563843114925,164.0,178.01818181818183,45299,,0.05224009731537982
whale,geometric,holdout,103,0.5,23,2-8,64,3.338929346852389,,0.9136660084509287,0,-0.9700633136121432,219.5,145.6909090909091,45505,,0.09037947303665696
whale,geometric,holdout,104,0.5,41,4-8,121,3.538608060937845,,0.9120491113576219,0,-1.0633213026611106,178.75,149.4,45686,,0.0023110486017856144
whale,geometric,holdout,105,0.5,19,2-4,93,8.840382676388893,,0.8766854417916118,0,-1.0637933507719168,185.125,129.8,45703,,0.13895116356108564
whale,geometric,holdout,106,0.5,58,2-8,75,1.1944629111162293,,0.8666555722644305,0,-1.15557091936191,181.25,232.29090909090908,45744,,0.03935331215311807
whale,geometric,holdout,107,0.5,44,2-8,160,2.123875907500846,,0.8876556711074013,0,-0.7187524302735364,365.375,154.96363636363637,46003,,0.46241996654060913
whale,geometric,holdout,108,0.5,36,4-8,209,1.5319747613335757,,0.8905158456707618,0,-0.6504384493185316,461.0,164.74545454545455,45857,,0.05235332673918086
whale,geometric,holdout,109,0.5,35,2-4,40,1.6220249735422554,,0.9444566458099615,0,-1.3647399452805338,143.75,266.8909090909091,45610,,0.004846031725963752
whale,geometric,holdout,110,0.5,17,2-4,172,7.422651605777391,,0.8942216238860439,0,-1.0363382833012253,213.125,143.6727272727273,45345,,0.0051230552015009805
whale,geometric,holdout,111,0.5,22,2-8,162,7.611520354159027,,0.8832473151068685,0,-0.9909995137218324,224.75,144.9090909090909,45450,,0.3592274076854525
whale,geometric,holdout,112,0.5,55,2-4,72,5.8341222586743715,,0.9477281114542881,0,-1.233135791269229,146.75,182.85454545454544,45893,,0.0011248467640105689
whale,geometric,holdout,113,0.5,27,2-4,79,8.649414976082953,,0.9179350722071264,0,-1.1748126503595846,147.125,148.07272727272726,46364,,0.0015860125693560316
whale,geometric,holdout,114,0.5,29,2-8,75,7.220407019275199,,0.9071171942366291,0,-1.102477388129354,159.125,124.94545454545455,45082,,0.23381947526625055
whale,geometric,holdout,115,0.5,22,1-3,130,6.312100653689316,,0.8905790560855134,0,-0.9959841099131652,228.25,175.14545454545456,45955,,0.0010689176983008832
whale,geometric,holdout,116,0.5,17,4-8,174,4.926345253192032,,0.895746100446607,0,-0.9264676095954754,258.875,149.34545454545454,46055,,0.04208477456510189
whale,geometric,holdout,117,0.5,58,2-4,135,8.188381481456368,,0.9247248054967598,0,-1.0927933196569344,179.75,138.85454545454544,45467,,0.0011252626815643969
whale,geometric,holdout,118,0.5,24,1-3,45,8.088410052518237,,0.8797944532641097,0,-0.997267628719885,155.125,170.70909090909092,46643,,0.0010168040278061463
whale,geometric,holdout,119,0.5,51,2-4,151,7.033581779859838,,0.9005009921331657,0,-0.9835745246786831,237.625,141.5090909090909,45671,,0.19079136658004078
whale,geometric,holdout,120,0.5,36,2-8,134,2.215868904267702,,0.9175338139119884,0,-0.8490966424693158,321.5,167.34545454545454,45938,,0.03132545422898788
whale,geometric,holdout,121,0.5,55,4-8,73,4.510440198961828,,0.9160605083867933,0,-1.1875041058373215,120.125,151.63636363636363,45291,,0.0010569022625880238
whale,geometric,holdout,122,0.5,28,1-3,91,7.644236889462617,,0.8704993890374499,0,-0.9844877331344193,218.375,155.52727272727273,45801,,0.02828015547348185
whale,geometric,holdout,123,0.5,37,2-8,44,1.531432177357165,,0.9004947679169382,0,-1.3961232433107729,109.375,218.34545454545454,45662,,0.002219428934153759
whale,geometric,holdout,124,0.5,40,4-8,190,5.136798578167046,,0.9146257392849462,0,-0.8682807819238669,241.125,116.0909090909091,45022,,0.19183497379705244
whale,geometric,holdout,125,0.5,45,2-4,44,6.12403488030732,,0.9489493455961757,0,-1.1630178549350192,145.25,157.07272727272726,45866,,0.011665037560928853
whale,geometric,holdout,126,0.5,16,2-4,151,7.810724591933865,,0.8907517401528966,0,-1.0706330113204117,200.25,145.70909090909092,45675,,0.0047680154786198005
whale,geometric,holdout,127,0.5,57,4-8,143,2.2434231067456114,,0.9026610704816566,0,-1.0062296878418766,198.25,159.87272727272727,45826,,0.0013374962279360707
whale,geometric,holdout,128,0.5,55,2-4,210,2.5056121064239996,,0.923296255218708,0,-0.8479407802877563,382.0,196.2,45735,,0.035607561255484095
whale,geometric,holdout,129,0.5,41,2-4,57,1.539567666116664,,0.8783703671626101,0,-1.2711596306873685,183.125,273.72727272727275,45860,,0.12212562797324884
whale,geometric,holdout,130,0.5,44,2-4,139,2.476592228930371,,0.9147075783063818,0,-0.8312189892650764,373.75,185.6909090909091,45771,,0.26735895116588154
whale,geometric,holdout,131,0.5,60,2-4,41,6.137744581483962,,0.956254829576513,0,-1.2724058372989857,119.75,157.5818181818182,45050,,0.003595516933781337
whale,geometric,holdout,132,0.5,48,4-8,207,8.870505327491022,,0.9053136767202001,0,-1.028816904567468,174.75,109.27272727272727,45622,,0.0968184556039722
whale,geometric,holdout,133,0.5,49,2-4,215,4.560255931165405,,0.919792166701934,0,-0.8962124715073518,301.25,149.2,45628,,0.014283758038794024
whale,geometric,holdout,134,0.5,36,2-8,48,3.5412533739503864,,0.9213474682931485,0,-1.0795946478892104,173.75,146.1818181818182,45429,,0.20014954646504543
whale,geometric,holdout,135,0.5,16,4-8,187,6.234760290360083,,0.885008858773633,0,-0.9345955101594213,240.375,138.2,46153,,0.07865920955270142
whale,geometric,holdout,136,0.5,59,2-4,54,1.0216427622717088,,0.91740167091155,0,-1.530432253739253,119.5,292.7818181818182,45751,,0.004981415489375665
whale,geometric,holdout,137,0.5,15,2-4,55,2.3274252375599502,,0.9217943662884787,0,-0.9747627169853614,294.75,190.65454545454546,45636,,0.0211660285208906
whale,geometric,holdout,138,0.5,23,2-4,197,5.550558948439315,,0.8944807985457834,0,-0.8949103676593846,282.75,135.9090909090909,45679,,0.01053015249016883
whale,geometric,holdout,139,0.5,45,1-3,194,2.157512327755569,,0.9031033563199303,0,-0.7760730774076215,502.375,222.45454545454547,45993,,0.08254875368625059
whale,geometric,holdout,140,0.5,23,2-8,85,8.124502697996288,,0.924346506716551,0,-1.1846864779345585,135.625,131.05454545454546,44699,,0.0049326643368664555
whale,geometric,holdout,141,0.5,12,4-8,195,4.097335889278278,,0.8903731560353345,0,-0.8431212741271055,252.5,114.74545454545455,45657,,0.03797139978279449
whale,geometric,holdout,142,0.5,59,2-8,157,4.236130717214502,,0.9197610890485538,0,-0.9014935682814706,239.625,136.8909090909091,46037,,0.019289968308513896
whale,geometric,holdout,143,0.5,27,2-4,79,4.219375583999097,,0.9285639985104155,0,-0.9723481170731614,242.5,175.38181818181818,45582,,0.03999844911903258
whale,geometric,holdout,144,0.5,14,4-8,210,4.11677487803811,,0.8957535854159666,0,-0.9314430821931743,258.75,147.54545454545453,45658,,0.0012296617037332565
whale,geometric,holdout,145,0.5,28,2-4,176,4.764274147031232,,0.9122071062245848,0,-0.9227395272743523,268.5,157.5818181818182,45829,,0.006173624480245985
whale,geometric,holdout,146,0.5,17,4-8,113,5.48899309369616,,0.9030623865492527,0,-1.0301452066208774,207.375,146.3090909090909,45942,,0.03321506113478987
whale,geometric,holdout,147,0.5,31,1-3,134,4.128209943814362,,0.8760261984336449,0,-0.7574508473997452,388.5,155.16363636363636,45683,,0.30698918152761573
whale,geometric,holdout,148,0.5,50,4-8,113,2.1999907758721244,,0.8939043256290269,0,-0.8040352616565353,280.25,145.78181818181818,45986,,0.22644278827026387
whale,geometric,holdout,149,0.5,32,4-8,90,7.896450005343542,,0.8999092094022034,0,-1.2745511951671284,111.375,134.87272727272727,46063,,0.0011165543455210164
whale,geometric,holdout,150,0.5,16,4-8,199,7.825479547241588,,0.8906389423231884,0,-1.1024759161821636,187.125,145.2,45923,,0.03388027448057602
whale,geometric,holdout,151,0.5,54,2-8,195,7.125636820697853,,0.9191596454781419,0,-1.027112694275616,198.625,132.76363636363635,45342,,0.025210647773880483
whale,geometric,holdout,152,0.5,41,1-3,162,6.404917098125195,,0.8896467012785465,0,-0.9309944627562473,260.625,165.63636363636363,46085,,0.0022334963787622474
whale,geometric,holdout,153,0.5,37,2-8,68,8.6857896731241,,0.9207638841327348,0,-1.3103946095870436,103.5,149.4181818181818,46607,,0.003910548919555305
whale,geometric,holdout,154,0.5,20,2-4,178,4.423621418961948,,0.886346755494495,0,-0.8878399360343012,294.75,158.54545454545453,45164,,0.006991093650858724
whale,geometric,holdout,155,0.5,27,1-3,161,2.1028031388412494,,0.8982189216540271,0,-0.7776046727828771,482.375,216.56363636363636,45506,,0.020709748793565432
whale,geometric,holdout,156,0.5,20,4-8,94,4.067559860692835,,0.9250059314928188,0,-1.055875315643901,190.875,136.70909090909092,46437,,0.003634206268931713
whale,geometric,holdout,157,0.5,22,4-8,147,1.9304458889751945,,0.8969731462926613,0,-0.7381157058704308,411.875,170.21818181818182,46037,,0.03761929941757387
whale,geometric,holdout,158,0.5,20,2-8,63,2.042395168830083,,0.9232643439382454,0,-1.0393974317258516,239.875,193.6909090909091,46435,,0.02557096833081732
whale,geometric,holdout,159,0.5,19,1-3,177,2.6335921400616575,,0.8262036119719081,0,-0.6202377920077824,510.0,161.63636363636363,45833,,0.1161915308827314
whale,geometric,holdout,160,0.5,17,2-4,95,7.519789862400983,,0.8782747009115446,0,-1.0417660480649336,193.5,136.9090909090909,45981,,0.1740807690034286
whale,geometric,holdout,161,0.5,21,4-8,183,5.405470787615913,,0.9145618052862544,0,-1.0261428492100664,211.125,156.85454545454544,46556,,0.001781658747870742
whale,geometric,holdout,162,0.5,24,4-8,73,4.121474436645753,,0.9245880550540213,0,-0.9816970348359968,177.125,126.45454545454545,45399,,0.012791841777605195
whale,geometric,holdout,163,0.5,27,2-8,149,8.144324788611272,,0.8986047514341315,0,-1.1551247313041446,152.75,142.94545454545454,45638,,0.002740879173575825
whale,geometric,holdout,164,0.5,46,2-4,79,5.74468998901273,,0.9148454596912323,0,-1.0365844576398233,212.875,144.54545454545453,45634,,0.09009928355167851
whale,geometric,holdout,165,0.5,21,2-8,53,3.282669812544845,,0.9332263256065024,0,-1.1092889909350805,176.5,144.61818181818182,44945,,0.008941996927381122
whale,geometric,holdout,166,0.5,12,2-4,126,8.163792047051164,,0.8850889764494351,0,-1.1059320571947155,190.875,158.27272727272728,45827,,0.02562373409444284
whale,geometric,holdout,167,0.5,25,1-3,50,3.2908377415262517,,0.9284298622168929,0,-0.98497334472632,260.375,204.1818181818182,45519,,0.03885896954899389
whale,geometric,holdout,168,0.5,26,2-8,189,7.20973639963712,,0.901060754180474,0,-1.0501619522970806,204.25,135.3272727272727,46340,,0.02924724705323893
whale,geometric,holdout,169,0.5,43,2-4,197,4.82452445149405,,0.8747494221419441,0,-0.8065074931396228,330.75,135.14545454545456,46108,,0.420544900780796
whale,geometric,holdout,170,0.5,15,4-8,152,8.388062380947519,,0.8806774989706546,0,-1.0704526335730975,184.125,129.01818181818183,45336,,0.20412257956006225
whale,geometric,holdout,171,0.5,19,2-8,113,3.943617539860081,,0.9089489657963964,0,-0.9225612799279598,263.75,150.83636363636364,45977,,0.05390143656713737
whale,geometric,holdout,172,0.5,55,2-8,191,5.321098293132926,,0.9123025795452048,0,-0.8641500847199959,243.125,109.50909090909092,45625,,0.22066404838046869
whale,geometric,holdout,173,0.5,52,4-8,128,4.0881656838680644,,0.9218900084647631,0,-0.9600535885279892,204.5,122.54545454545455,45238,,0.013965955420819267
whale,geometric,holdout,174,0.5,50,1-3,171,4.158028084250136,,0.9157923871588666,0,-0.8824709274736418,344.875,185.78181818181818,45544,,0.018177208151022826
whale,geometric,holdout,175,0.5,47,4-8,129,7.203930231134015,,0.9012947714426314,0,-1.0978144111045185,158.125,130.23636363636365,45869,,0.023924394137807163
whale,geometric,holdout,176,0.5,32,2-8,217,2.9557116863422017,,0.920212590947304,0,-0.8231390113821595,299.625,146.25454545454545,46093,,0.002627621385898005
whale,geometric,holdout,177,0.5,20,2-8,98,2.306616745505475,,0.9097562528942029,0,-0.8720306587673143,320.125,171.52727272727273,45918,,0.04943332209780421
whale,geometric,holdout,178,0.5,58,1-3,112,6.271599196664682,,0.8807511120392868,0,-0.8845702928154362,269.5,155.27272727272728,45937,,0.019907704198529098
whale,geometric,holdout,179,0.5,50,1-3,190,1.2773588196207726,,0.8952473842210147,0,-1.016745220443564,391.0,316.54545454545456,45870,,0.0012696087892246307
whale,geometric,holdout,180,0.5,32,2-4,64,8.462421054769774,,0.918070536846019,0,-1.1750395857645146,144.5,156.21818181818182,45664,,0.004958333555042047
whale,geometric,holdout,181,0.5,13,4-8,148,4.175658460357252,,0.8999867469912969,0,-0.8755029406346879,259.625,125.7090909090909,45462,,0.048535956374110956
whale,geometric,holdout,182,0.5,45,2-4,128,2.32358663544451,,0.9380328976086165,0,-1.0357197697750267,265.0,215.5090909090909,45758,,0.004321956324214585
whale,geometric,holdout,183,0.5,36,4-8,55,2.3858742131843096,,0.9276016651982861,0,-1.1391423301645003,160.875,169.16363636363636,46095,,0.010022818505914733
whale,geometric,holdout,184,0.5,48,1-3,180,6.597801412090401,,0.8669780798152612,0,-0.8229972498226437,301.375,142.12727272727273,45546,,0.020487384914144105
whale,geometric,holdout,185,0.5,25,4-8,125,8.16996013487801,,0.901405882139146,0,-1.0455734627184392,184.375,136.07272727272726,45439,,0.12035227153720388
whale,geometric,holdout,186,0.5,13,4-8,137,1.0365654250981828,,0.7757457525788618,0,-0.4145014018662505,542.75,118.43636363636364,45815,,0.07570482658083977
whale,geometric,holdout,187,0.5,29,4-8,65,5.921165879794464,,0.9245146722170724,0,-1.2156930618648756,125.25,134.4,45341,,0.0037431538051443166
whale,geometric,holdout,188,0.5,16,1-3,42,4.170931276612709,,0.9217070036354793,0,-0.9464259451229162,212.625,174.61818181818182,45921,,0.001320328410469406
whale,geometric,holdout,189,0.5,32,4-8,104,2.699058309714168,,0.9068165849324261,0,-0.8047296789922964,285.375,139.03636363636363,45834,,0.1095021234285055
whale,geometric,holdout,190,0.5,30,2-8,135,2.165394080395351,,0.9088505991684115,0,-0.7721183099810567,346.0,153.29090909090908,46276,,0.039003873276539
whale,geometric,holdout,191,0.5,57,2-8,170,4.303063416043322,,0.913459496267927,0,-0.954067643752839,212.75,137.23636363636365,46073,,0.005255224824012264
whale,geometric,holdout,192,0.5,29,4-8,179,5.313411861382775,,0.9032798285494938,0,-0.9543175295756298,250.375,146.4,45653,,0.04926225809251689
whale,geometric,holdout,193,0.5,59,1-3,60,4.950210185519333,,0.9347489408614997,0,-0.9510955998179476,208.0,146.76363636363635,45614,,0.0010648655269078155
whale,geometric,holdout,194,0.5,41,2-4,130,3.5085739370417715,,0.9370409684759897,0,-1.0246845631341364,239.75,181.52727272727273,45764,,0.002204622016200344
whale,geometric,holdout,195,0.5,60,2-4,184,5.296309736041413,,0.9227375857461079,0,-1.0105556695173645,234.75,165.4,45814,,0.0022206634391945413
whale,geometric,holdout,196,0.5,46,4-8,154,2.7552290450298544,,0.9065033590975556,0,-0.7953909183548908,303.0,137.2,45969,,0.1043089595499831
whale,geometric,holdout,197,0.5,43,2-8,115,8.091955738625867,,0.905448315227112,0,-1.168098811309454,158.875,136.05454545454546,46463,,0.025724421561843906
whale,geometric,holdout,198,0.5,29,4-8,61,7.353143276408493,,0.9050393364987859,0,-1.1994519158338721,119.75,119.96363636363637,45847,,0.01181169631883111
whale,geometric,holdout,199,0.5,36,2-4,187,5.9611751772190535,,0.8940915461729524,0,-0.8686362433557131,278.625,130.83636363636364,46328,,0.07807994576680974
whale,geometric,holdout,200,0.5,57,2-8,81,3.643724495413516,,0.9013414026703704,0,-1.129404981360654,169.625,178.5090909090909,46109,,0.005865720911499632
whale,geometric,holdout,201,0.5,55,1-3,54,1.7368068325528805,,0.9312645555006066,0,-1.0848068053802327,309.125,273.3454545454546,45799,,0.03140086642630739
whale,geometric,holdout,202,0.5,25,2-8,188,1.1100894079374042,,0.8853119505626854,0,-0.7035736976746215,481.0,188.16363636363636,45884,,0.005381361398160242
whale,geometric,holdout,203,0.5,27,1-3,147,4.435008922214336,,0.904012432496122,0,-0.9117642371685839,297.5,181.4909090909091,45795,,0.0030994225601293783
whale,geometric,holdout,204,0.5,13,2-4,67,3.4405417546654364,,0.9054428275505453,0,-0.9718325291657917,236.875,167.45454545454547,45675,,0.002826601417130583
whale,geometric,holdout,205,0.5,12,2-8,110,5.273864668847479,,0.9031244055722527,0,-1.1186630462903537,185.875,159.9090909090909,45441,,0.0033990185298531676
whale,geometric,holdout,206,0.5,12,2-4,102,6.76789311310662,,0.8717188384916288,0,-1.0221374814307262,207.0,138.70909090909092,45466,,0.04466507825811795
whale,geometric,holdout,207,0.5,33,2-4,174,1.7223972173492523,,0.906801039609834,0,-0.8039415900891071,448.5,208.25454545454545,45732,,0.03513951231161604
whale,geometric,holdout,208,0.5,38,2-4,181,7.029569736214759,,0.9031175532325868,0,-1.0124629778423064,230.25,135.6,46304,,0.0097763184879361
whale,geometric,holdout,209,0.5,15,2-8,72,6.8980698811440675,,0.8999133467855112,0,-1.1234185121453955,168.25,142.87272727272727,47069,,0.057449672927752785
whale,geometric,holdout,210,0.5,32,2-8,140,4.762899574485578,,0.9171224486724927,0,-0.9444128460800483,221.25,122.54545454545455,45090,,0.029085204055864535
whale,geometric,holdout,211,0.5,42,2-8,74,6.036927338816069,,0.9332506995394629,0,-1.2918011245167202,127.125,169.43636363636364,46014,,0.0014190808068950554
whale,geometric,holdout,212,0.5,26,4-8,154,5.297243925711497,,0.913119203364365,0,-1.0180691691737205,199.875,139.52727272727273,45703,,0.0043357059715570636
whale,geometric,holdout,213,0.5,47,2-4,128,2.1057305298448794,,0.9272740304314906,0,-1.0580588767172583,269.625,230.9090909090909,45754,,0.010877359914819829
whale,geometric,holdout,214,0.5,43,1-3,157,1.1366313016931429,,0.8827641083069029,0,-0.918765929851583,485.875,319.07272727272726,45839,,0.002696048127641298
whale,geometric,holdout,215,0.5,59,4-8,218,8.973297056043782,,0.9065489948578416,0,-1.060043917540208,175.375,122.10909090909091,45120,,0.07001824583739148
whale,geometric,holdout,216,0.5,41,2-4,121,8.680244365835538,,0.9044774179778051,0,-1.0871846724802046,183.875,144.98181818181817,46657,,0.020243314625261948
whale,geometric,holdout,217,0.5,41,2-8,159,6.506763951249296,,0.9117062338856674,0,-1.119115130424185,164.625,154.3272727272727,45699,,0.0018324350212180001
whale,geometric,holdout,218,0.5,14,2-4,74,7.319003240311009,,0.8925909316532352,0,-1.1188785721800647,190.625,156.45454545454547,46054,,0.0412467331824837
whale,geometric,holdout,219,0.5,57,2-8,176,7.0752601459414475,,0.9106347225139478,0,-1.0212878968785035,191.875,120.94545454545455,45621,,0.06213829888205597
whale,geometric,holdout,220,0.5,16,2-4,65,1.9250959684258282,,0.8939626470546056,0,-0.8485000607920596,377.75,193.03636363636363,45621,,0.09046167239622818
whale,geometric,holdout,221,0.5,42,1-3,194,6.119787614594592,,0.8903985259139504,0,-0.9029101172663894,282.125,156.4,45629,,0.003121923200927083
whale,geometric,holdout,222,0.5,40,2-8,117,5.551490794698214,,0.9117335972183408,0,-1.1809043588784864,150.75,152.27272727272728,46165,,0.0012624846072560483
whale,geometric,holdout,223,0.5,50,2-4,137,4.76715047814617,,0.9383235762417665,0,-1.0835286114720666,203.875,181.54545454545453,45804,,0.0011177205090386537
whale,geometric,holdout,224,0.5,41,2-8,154,2.305780763512293,,0.9250374411084847,0,-0.9045010625030727,255.375,157.05454545454546,45910,,0.0014022080959855136
whale,geometric,holdout,225,0.5,44,2-8,136,4.769151259412478,,0.9231095751423785,0,-0.9985398603150565,192.375,129.0,45756,,0.004796126223267509
whale,geometric,holdout,226,0.5,40,1-3,144,4.752262608085299,,0.9081513287462883,0,-0.9503786667185563,282.5,190.76363636363635,45796,,0.0026717280616585896
whale,geometric,holdout,227,0.5,28,4-8,150,3.9780820757665705,,0.9081209718445646,0,-0.8515197619497279,281.125,140.94545454545454,45579,,0.1353984566096655
whale,geometric,holdout,228,0.5,40,4-8,100,1.343114556673635,,0.9078254536041116,0,-1.0932932100570891,203.75,188.85454545454544,45582,,0.002629226305715402
whale,geometric,holdout,229,0.5,27,4-8,160,4.321702589428107,,0.9177463367402574,0,-0.9468014531938924,225.375,136.3272727272727,45647,,0.007770174072998183
whale,geometric,holdout,230,0.5,13,1-3,152,5.537032743320708,,0.868452564759959,0,-0.9337281740050207,259.625,161.4909090909091,45381,,0.001091855828686635
whale,geometric,holdout,231,0.5,27,2-8,97,5.050589306517748,,0.9142688039161648,0,-1.0360691163114106,200.25,143.54545454545453,45150,,0.03663895949067138
whale,geometric,holdout,232,0.5,16,4-8,153,5.617502500259439,,0.9011774833471065,0,-1.0059670841823094,211.0,138.01818181818183,45596,,0.021635763152079615
whale,geometric,holdout,233,0.5,37,1-3,189,5.736017276058696,,0.8873082719920243,0,-0.9089401239051813,275.5,150.03636363636363,45379,,0.0010441878503839805
whale,geometric,holdout,234,0.5,36,1-3,101,8.243311646652726,,0.8592107028907046,0,-0.859827835260643,228.625,126.50909090909092,45561,,0.0033331119139900158
whale,geometric,holdout,235,0.5,20,2-4,212,7.162754858261515,,0.8903770248813654,0,-1.02718979108979,225.125,154.52727272727273,45601,,0.005289523209783511
whale,geometric,holdout,236,0.5,21,2-4,91,6.707920290955167,,0.9065455608087605,0,-1.1262210472559784,170.625,156.45454545454547,45632,,0.0010013774516683404
whale,geometric,holdout,237,0.5,28,2-8,176,1.5977245933246484,,0.905635141192362,0,-0.8464291334156093,348.125,183.43636363636364,45791,,0.0015260476727743102
whale,geometric,holdout,238,0.5,36,4-8,185,2.230883806566583,,0.8944749701328865,0,-0.6741734344404036,399.75,149.76363636363635,45914,,0.09250702976955975
whale,geometric,holdout,239,0.5,48,2-8,197,8.744060227867116,,0.9031453468352779,0,-0.9290438723799248,177.5,102.61818181818182,46339,,0.33360690009255095
whale,geometric,holdout,240,0.5,38,1-3,179,6.598140350426671,,0.8723133281980867,0,-0.8606096326239383,295.375,145.27272727272728,45805,,0.04221398203614852
whale,geometric,holdout,241,0.5,38,2-4,114,1.7538847819728893,,0.9292976007471783,0,-1.1734582632853119,238.125,251.16363636363636,45887,,0.0018850397537541156
whale,geometric,holdout,242,0.5,13,1-3,62,1.2374976952375993,,0.8605191364987588,0,-0.7525491650995199,511.0,245.8181818181818,45813,,0.026230958835789662
whale,geometric,holdout,243,0.5,38,1-3,176,4.302468737094418,,0.9133481644565432,0,-0.8613421656829846,321.75,168.8909090909091,45560,,0.005215639226551366
whale,geometric,holdout,244,0.5,43,1-3,186,7.6625695380142105,,0.8825875973777089,0,-0.9298734722771946,244.75,142.27272727272728,46054,,0.0024803925128196445
whale,geometric,holdout,245,0.5,18,1-3,45,4.5015522554704175,,0.8274665010515785,0,-0.7681455333554412,275.5,152.3090909090909,45904,,0.32791889812181213
whale,geometric,holdout,246,0.5,19,2-4,71,7.277254324063437,,0.9044831494606558,0,-1.1521250483360026,184.625,168.54545454545453,45847,,0.07010387278458678
whale,geometric,holdout,247,0.5,54,2-8,146,8.241383755432505,,0.8948388953993793,0,-0.9816483322134091,182.0,104.36363636363636,46268,,0.3927199585687684
whale,geometric,holdout,248,0.5,42,4-8,108,8.83962614367837,,0.8825747672232067,0,-1.0871332301793342,160.75,119.45454545454545,45942,,0.4529468077257847
whale,geometric,holdout,249,0.5,55,2-8,162,6.257898297720406,,0.9160758979631322,0,-1.0615825391037,178.625,137.21818181818182,45585,,0.013901179876392361
whale,geometric,holdout,250,0.5,55,2-4,138,8.081050257021861,,0.9218051430281196,0,-1.082493725508646,186.625,152.6909090909091,45752,,0.0026438925676066376
whale,geometric,holdout,251,0.5,33,1-3,214,8.10376131806461,,0.8698922612030171,0,-0.942783383047203,252.375,141.54545454545453,44989,,0.0414818417073536
whale,geometric,holdout,252,0.5,28,4-8,171,7.81467380195734,,0.9048699166186959,0,-1.024578433083859,205.375,141.3272727272727,46041,,0.13522864895272724
whale,geometric,holdout,253,0.5,58,1-3,206,3.141509304611235,,0.9297925641053759,0,-0.8810947315171744,362.375,217.0909090909091,45686,,0.003908120947739268
whale,geometric,holdout,254,0.5,31,4-8,98,8.577582605552049,,0.9028802990469592,0,-1.1400324088088403,145.625,128.74545454545455,45104,,0.06366108243560215
whale,geometric,holdout,255,0.5,44,1-3,189,3.137304037317678,,0.8991803022514946,0,-0.773174466577421,432.375,186.56363636363636,46046,,0.04044915939242464
whale,geometric,holdout,256,0.5,45,1-3,109,5.323216628608046,,0.891268163807558,0,-0.8743082829233644,281.375,163.65454545454546,45427,,0.02829037097950469
whale,geometric,holdout,257,0.5,27,1-3,55,6.495834037647795,,0.9072824728332747,0,-0.9893114761818441,214.875,146.3272727272727,45797,,0.012931141790151065
whale,geometric,holdout,258,0.5,45,1-3,199,3.59974877245294,,0.9198480824380283,0,-0.8512376522231462,375.375,192.29090909090908,45915,,0.005827988910741402
whale,geometric,holdout,259,0.5,47,1-3,122,6.6716698738964215,,0.8823707107914851,0,-0.9209575197470755,252.25,162.3272727272727,45503,,0.011120501843337679
whale,geometric,holdout,260,0.5,33,2-4,44,3.267142314369198,,0.940013549097647,0,-1.3605341048228459,131.375,214.45454545454547,45899,,0.005848076842592003
whale,geometric,holdout,261,0.5,56,1-3,206,6.4008432209881345,,0.8891762000562844,0,-0.9124932677978435,295.5,147.74545454545455,46432,,0.014126689260371274
whale,geometric,holdout,262,0.5,53,1-3,136,6.779045669600567,,0.892522036246588,0,-0.9183682908691666,288.75,156.1818181818182,45593,,0.052015856638916044
whale,geometric,holdout,263,0.5,40,2-8,204,4.186234556528163,,0.920127589589856,0,-0.9154966281887388,248.875,131.6,46344,,0.0072632738840001775
whale,geometric,holdout,264,0.5,52,2-8,101,1.4815111783725952,,0.8631188093313351,0,-0.9007840258794069,266.5,176.96363636363637,46179,,0.3573203344485515
whale,geometric,holdout,265,0.5,26,1-3,99,7.596262460476757,,0.8325869209757414,0,-0.9161440381011761,241.875,137.3090909090909,45453,,0.323046664433924
whale,geometric,holdout,266,0.5,59,2-4,216,1.8705556315894967,,0.9191813951948244,0,-1.0169432508870506,301.375,253.70909090909092,45871,,0.0014730216835480913
whale,geometric,holdout,267,0.5,54,1-3,109,4.731203020464659,,0.8940147615545107,0,-0.8336354022900807,343.25,171.56363636363636,45678,,0.20307629291061843
whale,geometric,holdout,268,0.5,15,1-3,186,6.897283828606379,,0.8555588627382902,0,-0.9630058496168217,234.75,149.4,46152,,0.0011448600607968716
whale,geometric,holdout,269,0.5,51,2-8,140,4.996225334140537,,0.9202238956773313,0,-1.0232463561174003,188.125,135.4181818181818,44277,,0.007579561942865018
whale,geometric,holdout,270,0.5,53,2-4,220,6.541234481022995,,0.9071742168360404,0,-0.9777086710201718,260.5,152.16363636363636,45004,,0.047087776800505764
whale,geometric,holdout,271,0.5,12,4-8,195,1.4635494807618894,,0.7746034598092307,0,-0.4374192368327768,427.125,99.92727272727272,45646,,0.03302218650539365
whale,geometric,holdout,272,0.5,46,2-8,122,5.229439217895703,,0.9307600616325022,0,-1.057126757663153,166.75,136.23636363636365,45991,,0.0010979965418420172
whale,geometric,holdout,273,0.5,18,2-4,65,7.318565358418522,,0.890719884837065,0,-1.0819174518771568,172.625,130.8,45209,,0.052889305262483116
whale,geometric,holdout,274,0.5,29,2-4,75,3.7108058911357906,,0.921101988625614,0,-1.001202398910557,252.75,182.47272727272727,46380,,0.08301215574002306
whale,geometric,holdout,275,0.5,18,2-8,109,8.35289288167174,,0.9079533165441183,0,-1.213926768537271,138.0,129.45454545454547,44989,,0.001843576361186318
whale,geometric,holdout,276,0.5,52,4-8,74,1.9784512624488224,,0.8810928229921151,0,-0.9702774194876549,218.875,168.29090909090908,45870,,0.1197724971588035
whale,geometric,holdout,277,0.5,45,2-8,186,6.021525114276496,,0.9137553641131577,0,-0.917314573061607,203.0,112.41818181818182,46351,,0.01609205397441818
whale,geometric,holdout,278,0.5,40,2-4,163,7.903358761089403,,0.9158274442896732,0,-1.0912357543034301,191.5,155.72727272727272,45942,,0.0019221039679135272
whale,geometric,holdout,279,0.5,33,4-8,211,7.564528263540309,,0.894098192652436,0,-0.9839517368005479,210.0,128.1818181818182,46522,,0.23076739021916903
whale,geometric,holdout,280,0.5,55,2-4,128,5.388576528015986,,0.9313296029810021,0,-1.1376630343956804,199.625,174.65454545454546,45589,,0.001798747325146822
whale,geometric,holdout,281,0.5,18,2-8,105,3.8904033819558848,,0.9248790079567686,0,-0.9997940035521092,216.0,144.12727272727273,45685,,0.003562559744877298
whale,geometric,holdout,282,0.5,36,2-8,125,6.33136927560705,,0.9028192509596609,0,-1.1167365610133464,166.75,141.78181818181818,46187,,0.019308839784995594
whale,geometric,holdout,283,0.5,17,2-4,128,1.6946816177218542,,0.9052328799108667,0,-0.8573700162722964,407.25,215.4181818181818,45967,,0.0023314142592437055
whale,geometric,holdout,284,0.5,48,2-8,151,7.428212187850206,,0.9154320112391443,0,-1.070647744600819,172.75,124.78181818181818,45497,,0.02024702051030237
whale,geometric,holdout,285,0.5,46,2-8,83,5.777885060240719,,0.9167226333833682,0,-1.064763037420114,172.875,129.8181818181818,46071,,0.11726021137811186
whale,geometric,holdout,286,0.5,31,1-3,184,8.398404843881682,,0.8666062832991209,0,-0.9805726298291992,238.25,134.74545454545455,45756,,0.01623968654489477
whale,geometric,holdout,287,0.5,58,2-4,176,1.6458330233201783,,0.9108875793908111,0,-1.0967556305488302,266.5,255.54545454545453,45795,,0.002802324910053934
whale,geometric,holdout,288,0.5,45,2-4,201,4.4011044576088425,,0.9171618541174495,0,-0.8979340154662157,300.875,156.34545454545454,45800,,0.012320934670704964
whale,geometric,holdout,289,0.5,29,2-4,192,7.1483908255952295,,0.8828448639851767,0,-0.927829935339582,264.25,136.6727272727273,45979,,0.3575811610581159
whale,geometric,holdout,290,0.5,17,2-4,46,4.725114812307867,,0.9328841868664937,0,-1.2214080059654937,156.625,174.23636363636365,45042,,0.0015911738528804622
whale,geometric,holdout,291,0.5,43,4-8,115,3.4630226202516265,,0.9355630668788681,0,-0.9864896517323207,181.375,125.87272727272727,45575,,0.0016591508729861479
whale,geometric,holdout,292,0.5,51,4-8,203,3.3918707560334482,,0.9113559083331367,0,-0.8195441762733393,270.0,123.74545454545455,46497,,0.018096517224329076
whale,geometric,holdout,293,0.5,17,2-4,45,3.266591159891849,,0.9443794591349848,0,-1.1363612110431514,194.0,180.5818181818182,45664,,0.011075893681738284
whale,geometric,holdout,294,0.5,49,4-8,144,7.529599560576004,,0.8987032982167874,0,-0.9707148856135154,183.125,103.32727272727273,45810,,0.4369112997871864
whale,geometric,holdout,295,0.5,13,1-3,141,8.448722831118332,,0.8678749162265502,0,-1.0311028301628595,190.625,152.0909090909091,45780,,0.0013884002839132617
whale,geometric,holdout,296,0.5,48,2-4,130,4.902434513835362,,0.937435875075406,0,-1.0646191613884013,222.25,173.83636363636364,45378,,0.002726706857506953
whale,geometric,holdout,297,0.5,28,2-8,151,8.627256988400298,,0.9095931502437806,0,-1.1434940079127123,148.375,124.32727272727273,44188,,0.0037300832994909476
whale,geometric,holdout,298,0.5,51,2-4,58,8.358127733641123,,0.8913480827982336,0,-1.182164503918538,156.0,161.83636363636364,45734,,0.16707231158157493
whale,geometric,holdout,299,0.5,28,2-8,91,2.3491817332488463,,0.9307657757288426,0,-0.9977168328747511,247.125,179.4,45824,,0.012143248992070267
whale,geometric,holdout,300,0.5,40,2-8,192,7.028214758372656,,0.9077687975686554,0,-0.9164653446131072,222.625,110.9090909090909,45730,,0.28634781001536486
whale,geometric,holdout,301,0.5,34,2-4,207,1.7395359704928817,,0.9030470415662046,0,-0.8343305037710198,431.625,214.8181818181818,45427,,0.014956988536551905
whale,geometric,holdout,302,0.5,25,1-3,81,4.178817939437542,,0.8577450849011035,0,-0.783293847708048,344.125,155.9090909090909,45449,,0.3439918931311755
whale,geometric,holdout,303,0.5,37,4-8,78,2.529542588544116,,0.9054950761205505,0,-1.0485283126568332,190.875,169.76363636363635,45429,,0.011603390519710636
whale,geometric,holdout,304,0.5,28,1-3,154,3.4938885085880447,,0.8951406247213936,0,-0.8283280001386073,347.125,177.4181818181818,45446,,0.004492548449384904
whale,geometric,holdout,305,0.5,44,1-3,219,8.881600285674482,,0.8638352108343861,0,-0.9591340473719505,239.375,127.03636363636363,45661,,0.02703699634718303
whale,geometric,holdout,306,0.5,33,2-8,181,2.9620695133296273,,0.9113217854439828,0,-0.8543954804672038,299.5,153.14545454545456,46339,,0.012890488110578954
whale,geometric,holdout,307,0.5,30,2-8,211,6.060004150570752,,0.9165171451453679,0,-1.0240035586317928,195.75,135.78181818181818,45434,,0.0010975651937356456
whale,geometric,holdout,308,0.5,47,2-4,167,8.072316627243234,,0.8841127456217193,0,-0.9385441386480198,223.375,121.9090909090909,45458,,0.16451980335132235
whale,geometric,holdout,309,0.5,32,1-3,95,5.917331144113949,,0.8567362111639888,0,-0.8576428944994787,270.375,152.2,45731,,0.0270563455770426
whale,geometric,holdout,310,0.5,57,2-8,156,1.2046277774258547,,0.8711362851215282,0,-0.822773953240299,333.125,190.74545454545455,45473,,0.10293060537272933
whale,geometric,holdout,311,0.5,51,2-8,192,3.702813616920749,,0.918317455699909,0,-0.7830643062503637,294.25,124.63636363636364,45730,,0.07091806112600442
whale,geometric,holdout,312,0.5,17,2-4,134,6.909771757098384,,0.8835986253944796,0,-0.9906297943730791,236.625,143.4,45874,,0.1387856363100009
whale,geometric,holdout,313,0.5,41,4-8,43,4.137386710101671,,0.8951287118207114,0,-1.2065420512001424,119.75,152.98181818181817,45673,,0.04001995812783621
whale,geometric,holdout,314,0.5,58,2-4,56,6.412277749724878,,0.925770801522844,0,-1.180129415948291,161.875,181.16363636363636,46241,,0.05131107016053275
whale,geometric,holdout,315,0.5,21,4-8,63,8.320221500859754,,0.8940355089630307,0,-1.1987127865079605,134.625,127.43636363636364,45703,,0.05378146954833173
whale,geometric,holdout,316,0.5,37,2-4,103,3.865326440133214,,0.9356890921455098,0,-1.115105688479248,205.375,193.85454545454544,45884,,0.002308767431497729
whale,geometric,holdout,317,0.5,33,2-4,92,1.8658828841566573,,0.9121212467834348,0,-0.9707192001197404,315.625,214.34545454545454,45823,,0.06242205017439762
whale,geometric,holdout,318,0.5,46,4-8,199,7.174633889936407,,0.9076394106736299,0,-0.9955783248768642,209.625,121.10909090909091,46320,,0.3833504135327574
whale,geometric,holdout,319,0.5,50,4-8,205,3.156298256348598,,0.9129598627913015,0,-0.7413923743586397,326.75,125.01818181818182,45890,,0.2885000398069585
whale,geometric,holdout,320,0.5,15,4-8,209,1.985139123682437,,0.8500267868421694,0,-0.5377932859864202,431.125,109.23636363636363,46017,,0.24759707701072645
whale,geometric,holdout,321,0.5,18,2-8,209,1.550717365274629,,0.8344670208744663,0,-0.4806521341006453,542.875,131.78181818181818,45980,,0.20848570367139752
whale,geometric,holdout,322,0.5,37,2-4,191,2.6830447156178385,,0.9033162316751675,0,-0.7311841068510727,444.125,172.27272727272728,45661,,0.31882727505515907
whale,geometric,holdout,323,0.5,28,4-8,133,7.273664253661446,,0.9004702070551314,0,-1.1315263715383466,147.125,135.52727272727273,45257,,0.0018999084855596897
whale,geometric,holdout,324,0.5,36,2-4,68,6.45445232651588,,0.9387631133066043,0,-1.1915832490665803,156.25,178.4,45857,,0.002823853980211924
whale,geometric,holdout,325,0.5,53,2-8,199,1.4750031408204505,,0.9009593806187093,0,-0.8528035777319777,321.625,183.56363636363636,45451,,0.008399838809602099
whale,geometric,holdout,326,0.5,18,4-8,40,3.4876937269480095,,0.915973593894883,0,-1.1304733942609744,167.125,159.8,45749,,0.054505764695015044
whale,geometric,holdout,327,0.5,40,4-8,180,8.325259035223104,,0.8861374668961904,0,-1.0050213788645093,190.625,115.58181818181818,45723,,0.4922724792138047
whale,geometric,holdout,328,0.5,13,2-4,149,3.4652102220902776,,0.8340238869313822,0,-0.7333454622801001,342.25,130.0909090909091,46092,,0.06046745540743351
whale,geometric,holdout,329,0.5,44,1-3,165,1.3533035001979128,,0.8941049868061396,0,-0.9505922369579914,440.0,305.92727272727274,45876,,0.0025641694613903203
whale,geometric,holdout,330,0.5,31,4-8,212,2.9753370372444685,,0.9039324526445616,0,-0.7391990324120148,367.25,149.4,45843,,0.09758394690059802
whale,geometric,holdout,331,0.5,60,2-8,63,3.292860626628909,,0.9112721341127503,0,-1.0843983717930836,166.625,168.34545454545454,45537,,0.05230181331051144
whale,geometric,holdout,332,0.5,12,2-4,149,1.3313594781249343,,0.8405616977475989,0,-0.6696725227254136,532.25,182.4909090909091,45663,,0.0013404506779791888
whale,geometric,holdout,333,0.5,13,1-3,206,4.614042366722101,,0.8299535589848831,0,-0.7676405143835674,324.875,125.56363636363636,46142,,0.054926125846467375
whale,geometric,holdout,334,0.5,44,4-8,205,5.644454100901213,,0.9119543259963869,0,-0.9328510148128428,216.625,120.9090909090909,45778,,0.015571784338149703
whale,geometric,holdout,335,0.5,42,2-8,151,7.03228320379601,,0.9180028519266719,0,-1.131449317466173,157.375,139.92727272727274,45274,,0.0014633679646039435
whale,geometric,holdout,336,0.5,21,2-8,159,2.6151016515911323,,0.8996710922124531,0,-0.7943762680140192,349.125,155.21818181818182,45739,,0.0172809262770953
whale,geometric,holdout,337,0.5,47,1-3,82,2.686209080604251,,0.9384634265284935,0,-0.9651407421317578,336.125,228.47272727272727,45919,,0.06346044380020485
whale,geometric,holdout,338,0.5,60,1-3,167,7.400775171641494,,0.8818724064258336,0,-0.893496781207479,256.375,139.83636363636364,46117,,0.002284316826424939
whale,geometric,holdout,339,0.5,48,1-3,96,2.2434172065325315,,0.9299094774244254,0,-0.9516682392829726,358.875,232.23636363636365,45603,,0.01198563311115438
whale,geometric,holdout,340,0.5,60,1-3,218,1.2818653369526354,,0.8768879941879659,0,-0.8783138318555259,536.0,306.3818181818182,45560,,0.005788916221063291
whale,geometric,holdout,341,0.5,27,1-3,109,1.4964222551691408,,0.8951742573496586,0,-0.9485223420375092,397.75,274.6,45572,,0.0034334546392236352
whale,geometric,holdout,342,0.5,33,2-8,145,1.7216037008434695,,0.8903489430591225,0,-0.7359386385814898,399.125,166.8909090909091,45228,,0.08900085654413138
whale,geometric,holdout,343,0.5,18,1-3,183,3.8695617893620176,,0.8734426998794667,0,-0.7933967637661451,372.5,158.70909090909092,45703,,0.007753669069213549
whale,geometric,holdout,344,0.5,38,4-8,40,7.367516495529337,,0.9084063318727662,0,-1.32403942140369,85.375,148.8909090909091,46321,,0.004155204079270866
whale,geometric,holdout,345,0.5,12,2-4,180,4.628800649208526,,0.8610543818929297,0,-0.8974037790344334,261.25,138.9090909090909,45802,,0.0010251879712385931
whale,geometric,holdout,346,0.5,45,1-3,104,8.020907801025162,,0.8909015077534663,0,-1.0083331096921793,207.25,167.94545454545454,45974,,0.0016964981823092528
whale,geometric,holdout,347,0.5,28,2-4,126,6.581507492183646,,0.9088328448902918,0,-1.0113841681030205,206.375,144.01818181818183,46160,,0.006398173517509103
whale,geometric,holdout,348,0.5,59,2-8,89,4.545815834099572,,0.9209614735975786,0,-1.1500692778716255,162.0,166.14545454545456,45698,,0.007504466151596668
whale,geometric,holdout,349,0.5,56,4-8,110,8.283371279337155,,0.9071230404897226,0,-1.2203943861218423,134.25,146.5818181818182,45991,,0.005077926697369517
whale,geometric,holdout,350,0.5,31,1-3,135,1.3629650172489596,,0.8672412422884013,0,-0.8122779836889147,551.25,276.1090909090909,45613,,0.04962821091629665
whale,geometric,holdout,351,0.5,41,2-8,162,7.3585314533527075,,0.911346494519375,0,-1.0568793213064014,190.25,132.4,45863,,0.11899839514774195
whale,geometric,holdout,352,0.5,15,2-8,114,5.4096950386957445,,0.911003598918092,0,-1.0249631112763407,206.5,144.4181818181818,46506,,0.013240156332647138
whale,geometric,holdout,353,0.5,56,4-8,137,2.6431409825231125,,0.9066141652620033,0,-0.9066946112285533,242.5,149.70909090909092,45958,,0.019631342156001704
whale,geometric,holdout,354,0.5,53,4-8,220,2.9734869866272975,,0.9154813160732026,0,-0.8780407704948403,247.75,128.72727272727272,45813,,0.001729896634507724
whale,geometric,holdout,355,0.5,51,2-8,116,4.672870199821087,,0.9189633828362931,0,-0.9605505204614908,220.75,126.61818181818182,46484,,0.14799524465223368
whale,geometric,holdout,356,0.5,49,1-3,159,8.008620926576262,,0.8812549955722024,0,-0.9240025927903501,253.625,136.8909090909091,46059,,0.029908444981922792
whale,geometric,holdout,357,0.5,38,2-4,209,1.351752899549318,,0.8900069489847322,0,-0.7806094578874967,509.75,233.05454545454546,45599,,0.06477142397761677
whale,geometric,holdout,358,0.5,41,1-3,125,8.48200393833768,,0.8423518506279908,0,-0.8970226707630872,245.25,130.1818181818182,45656,,0.16730084428944988
whale,geometric,holdout,359,0.5,41,1-3,180,4.354122157785656,,0.8956912967194803,0,-0.8229249439624611,370.5,166.1090909090909,45915,,0.04611601899483843
whale,geometric,holdout,360,0.5,24,1-3,153,1.0550119281836539,,0.833023591557359,0,-0.6721771298651102,707.25,260.8363636363636,45603,,0.09781689716205326
whale,geometric,holdout,361,0.5,44,2-4,92,1.6703206513884572,,0.9244805041428528,0,-1.213087967800302,208.125,252.45454545454547,45685,,0.0016307883517484123
whale,geometric,holdout,362,0.5,47,2-4,44,2.8807732082362634,,0.9283963988265862,0,-1.1937814399023476,168.875,206.5090909090909,45935,,0.13183516443060883
whale,geometric,holdout,363,0.5,58,4-8,74,3.0606491071758395,,0.8932352588205744,0,-0.9630047668245783,188.625,143.3272727272727,45619,,0.10348552847206977
whale,geometric,holdout,364,0.5,52,2-8,214,2.149914490059338,,0.8881701808596552,0,-0.6691368528192296,402.5,149.23636363636365,45190,,0.26966084089572745
whale,geometric,holdout,365,0.5,45,1-3,191,2.099717661637168,,0.9143250679407081,0,-0.8213866000862576,479.875,239.45454545454547,45499,,0.028445569758874918
whale,geometric,holdout,366,0.5,26,1-3,79,2.8177728474085306,,0.9088645432452138,0,-0.8484807049116488,367.25,207.6727272727273,45642,,0.07034630816185633
whale,geometric,holdout,367,0.5,57,2-4,156,1.8939992940009835,,0.925360785123112,0,-1.0663216188700781,275.875,248.61818181818182,45732,,0.004342422807133684
whale,geometric,holdout,368,0.5,60,1-3,218,2.2074507231417293,,0.9086735389982241,0,-0.8205064566234975,484.5,238.8909090909091,45431,,0.0520925503466294
whale,geometric,holdout,369,0.5,31,2-4,191,2.974360025551322,,0.920635568452507,0,-0.8511573615840118,352.375,177.4181818181818,45604,,0.01001636204365894
whale,geometric,holdout,370,0.5,53,4-8,191,2.375279275017644,,0.8964492249737819,0,-0.6859402829589036,350.0,133.5818181818182,46112,,0.30543461572081204
whale,geometric,holdout,371,0.5,45,2-4,160,5.060845755209634,,0.9060832759414547,0,-0.9283044002421268,279.375,150.07272727272726,46108,,0.03430619726647131
whale,geometric,holdout,372,0.5,31,1-3,103,5.1225115587887995,,0.89121848646153,0,-0.8717755771131258,303.375,170.29090909090908,46189,,0.03229220401632886
whale,geometric,holdout,373,0.5,41,1-3,117,2.485551931534496,,0.9125437900862109,0,-0.8662097867771952,421.5,230.70909090909092,45906,,0.11502727140720959
whale,geometric,holdout,374,0.5,42,1-3,194,1.2724879945755188,,0.8888024732850368,0,-0.971464524115697,451.0,310.23636363636365,45772,,0.0012953224663600543
whale,geometric,holdout,375,0.5,40,4-8,193,1.3603803315196048,,0.8916618949909537,0,-0.6784027835472544,437.75,165.6909090909091,46075,,0.03590694247334333
whale,geometric,holdout,376,0.5,32,2-8,138,5.6633438057425,,0.9088080761168555,0,-0.9209310014839305,228.875,123.98181818181818,45452,,0.11228421756459311
whale,geometric,holdout,377,0.5,52,1-3,200,4.740787245322062,,0.8516360968694348,0,-0.7404438804151064,383.625,152.72727272727272,45853,,0.3555200580824443
whale,geometric,holdout,378,0.5,26,1-3,110,3.9426936424716175,,0.8846427534232865,0,-0.7655744008733476,370.375,157.61818181818182,45844,,0.2617330789097883
whale,geometric,holdout,379,0.5,54,4-8,54,2.6333425768900147,,0.90655125267513,0,-1.1524413279742303,147.25,168.76363636363635,46020,,0.011900098603637456
whale,geometric,holdout,380,0.5,34,2-4,167,7.304126919095648,,0.8942850822763266,0,-0.9508067327758459,246.25,133.29090909090908,46234,,0.24377066492174443
whale,geometric,holdout,381,0.5,57,2-4,179,1.6395722924656466,,0.9170965303594931,0,-0.9831445570069799,330.5,248.23636363636365,45712,,0.02060517845272283
whale,geometric,holdout,382,0.5,55,1-3,212,4.208598190451017,,0.8606830991840027,0,-0.696514518115238,424.625,159.14545454545456,45806,,0.2433829793804527
whale,geometric,holdout,383,0.5,50,2-4,88,5.325982125669117,,0.9385308898170113,0,-1.22921508299082,170.875,198.12727272727273,45415,,0.004902303069755672
whale,geometric,holdout,384,0.5,13,2-4,130,8.778415380901153,,0.88319130867226,0,-1.0707621125705207,192.5,137.14545454545456,45385,,0.029570641329234874
whale,geometric,holdout,385,0.5,36,2-8,91,3.1261428160021287,,0.8942806198736191,0,-0.8920148520228126,248.625,137.9090909090909,46351,,0.46149743870601356
whale,geometric,holdout,386,0.5,55,2-8,46,4.41849867995709,,0.9219543098552999,0,-1.1703258927809306,143.25,159.3090909090909,46674,,0.12918405482227155
whale,geometric,holdout,387,0.5,29,2-8,55,6.052611183280794,,0.9212754026170504,0,-1.1630859205942032,140.125,126.98181818181818,45680,,0.025184458406845474
whale,geometric,holdout,388,0.5,36,2-4,161,2.1977312890622738,,0.9266274270955346,0,-0.9711650134593512,299.625,213.01818181818183,46094,,0.0022074123093193563
whale,geometric,holdout,389,0.5,58,2-8,209,2.454033318825683,,0.9038134966339201,0,-0.7346686187761257,353.125,147.29090909090908,45823,,0.09821851109382994
whale,geometric,holdout,390,0.5,12,2-8,181,1.7269245236158435,,0.7923286474970989,0,-0.4647958584407855,379.5,85.45454545454545,45425,,0.21379492294403124
whale,geometric,holdout,391,0.5,28,4-8,187,2.2073056094838286,,0.8983008665977437,0,-0.6808660611562078,407.125,153.65454545454546,46211,,0.05297691573024763
whale,geometric,holdout,392,0.5,44,4-8,120,6.990120842050738,,0.9038204674110786,0,-1.1432181813254978,142.75,127.30909090909091,46158,,0.00399540371560727
whale,geometric,holdout,393,0.5,50,2-8,178,2.9965939675232844,,0.928700968543721,0,-0.9671127447684541,237.0,155.98181818181817,45870,,0.0018943523203202204
whale,geometric,holdout,394,0.5,17,2-4,159,3.8122498206538014,,0.8922996952523118,0,-0.8770398637123358,319.625,171.01818181818183,45807,,0.010574957866753446
whale,geometric,holdout,395,0.5,47,2-8,88,6.1675461975607035,,0.9084960738226782,0,-1.0363061722536875,177.625,120.76363636363637,45698,,0.23458495184430161
whale,geometric,holdout,396,0.5,20,1-3,214,3.620420364049945,,0.866711971028495,0,-0.73349795412643,424.875,160.65454545454546,45790,,0.01515793872261987
whale,geometric,holdout,397,0.5,13,4-8,75,2.82019383437635,,0.9234437640249054,0,-1.012840316202912,221.25,162.4909090909091,45809,,0.0056496301774138944
whale,geometric,holdout,398,0.5,53,2-4,195,6.822828621957552,,0.8875957508003915,0,-0.8744513279711583,254.125,124.56363636363636,45924,,0.1475464874424611
whale,geometric,holdout,399,0.5,51,1-3,119,8.57479235708239,,0.8372504074032001,0,-0.8595613804487243,250.375,128.12727272727273,45170,,0.4180160513242852
whale,geometric,holdout,400,0.5,12,1-3,68,3.1942751420309783,,0.8792658745858807,0,-0.8233873567614828,340.375,167.87272727272727,45853,,0.01370509795236611
whale,geometric,holdout,401,0.5,32,2-8,53,6.493564387420793,,0.9060112562653753,0,-1.3082441468838018,119.125,174.05454545454546,45826,,0.015117110134127937
whale,geometric,holdout,402,0.5,23,2-4,134,2.7827892342759215,,0.9248145110109907,0,-0.9611050642208654,303.25,191.0909090909091,45638,,0.002388146020174692
whale,geometric,holdout,403,0.5,49,2-4,116,6.558088978955145,,0.9237825406346138,0,-1.1610275764080566,191.25,183.92727272727274,45606,,0.010185313458171752
whale,geometric,holdout,404,0.5,35,2-8,101,2.9657224525680688,,0.9251578945135143,0,-1.06258894443622,194.875,170.12727272727273,44864,,0.0012408552762369891
whale,geometric,holdout,405,0.5,35,2-4,147,2.610460132196061,,0.9222319902137901,0,-0.9045329991009472,346.125,202.6909090909091,45837,,0.02372946955539943
whale,geometric,holdout,406,0.5,18,1-3,205,4.138098223633389,,0.8488088098237763,0,-0.7263225581130851,390.75,148.6727272727273,45686,,0.026208359769794118
whale,geometric,holdout,407,0.5,35,2-4,220,4.375264477223406,,0.891750145242885,0,-0.8674036787561303,326.25,157.78181818181818,45289,,0.031246398301633997
whale,geometric,holdout,408,0.5,55,2-4,93,8.828337636664852,,0.884027434840863,0,-1.0455379358106462,176.125,135.5090909090909,45759,,0.4316822540903037
whale,geometric,holdout,409,0.5,58,4-8,121,2.2916785787311857,,0.9106895425848278,0,-0.979214525721461,216.125,165.3272727272727,45943,,0.005961888690480656
whale,geometric,holdout,410,0.5,21,4-8,210,3.319176619504959,,0.9043703523968152,0,-0.7739179264052818,346.25,149.70909090909092,45874,,0.04407542136266714
whale,geometric,holdout,411,0.5,19,4-8,132,8.71417259780345,,0.8902503787619216,0,-1.0801900140284044,182.125,150.6,44977,,0.3112803871843419
whale,geometric,holdout,412,0.5,56,4-8,69,2.1826746756511204,,0.8819227872692119,0,-1.0006360498232492,192.0,156.3090909090909,45759,,0.0828390909122261
whale,geometric,holdout,413,0.5,30,2-4,77,8.536084522407975,,0.9057379479660819,0,-1.1941933075547984,149.875,164.6727272727273,45576,,0.013864508643415582
whale,geometric,holdout,414,0.5,53,4-8,83,8.443508412156536,,0.8986119381024356,0,-1.2695340950839742,103.75,134.03636363636363,45603,,0.0019185649116786555
whale,geometric,holdout,415,0.5,54,2-4,76,3.617130917760326,,0.9428445239924808,0,-1.1195190059828848,179.375,177.27272727272728,45561,,0.0012097517253195095
whale,geometric,holdout,416,0.5,49,1-3,44,2.5475093052113715,,0.9453342357116873,0,-1.114313963145033,229.75,218.87272727272727,45568,,0.00716023602997533
whale,geometric,holdout,417,0.5,20,4-8,107,7.472641007665269,,0.9091476585605651,0,-1.105501372283805,151.25,134.23636363636365,45088,,0.00830993790064729
whale,geometric,holdout,418,0.5,17,1-3,174,4.185152959117365,,0.8515325315902189,0,-0.7617679280183585,361.875,142.36363636363637,45841,,0.0221256812403254
whale,geometric,holdout,419,0.5,28,1-3,198,7.256390407166457,,0.8548072462473325,0,-0.8864929784967401,253.25,138.03636363636363,45977,,0.0018008359848665874
whale,geometric,holdout,420,0.5,29,2-8,192,7.727109396287513,,0.9076329399329581,0,-1.0276047359088207,195.625,124.10909090909091,45556,,0.04220965941828669
whale,geometric,holdout,421,0.5,43,2-4,82,5.071197845823647,,0.9424308974239586,0,-1.085393871946905,193.0,187.96363636363637,45715,,0.012891630274503291
whale,geometric,holdout,422,0.5,24,4-8,74,6.351485290721923,,0.9070009463384608,0,-1.0715889370127485,170.75,124.76363636363637,46024,,0.14408592071390816
whale,geometric,holdout,423,0.5,46,4-8,119,3.526068172113688,,0.9158704696988872,0,-0.9734799819511124,199.75,137.65454545454546,45559,,0.007609778301600418
whale,geometric,holdout,424,0.5,42,2-8,102,7.473136090634933,,0.9183638354988259,0,-1.045893881564042,172.5,108.9090909090909,46075,,0.09504807119351583
whale,geometric,holdout,425,0.5,16,2-8,53,1.547571403737015,,0.9033277376747699,0,-0.8905378443109052,319.0,178.61818181818182,45675,,0.08595155026045542
whale,geometric,holdout,426,0.5,38,2-8,101,4.19806779655934,,0.9147933710258546,0,-1.0174953884469509,196.375,145.8909090909091,45566,,0.015009386208101373
whale,geometric,holdout,427,0.5,50,4-8,123,4.007590609264148,,0.9055488632696458,0,-0.8400518044265614,232.625,116.07272727272728,45262,,0.3987286914333868
whale,geometric,holdout,428,0.5,53,2-4,41,7.682192853300292,,0.940867393555717,0,-1.245673868122348,125.375,159.43636363636364,45851,,0.008133353703716668
whale,geometric,holdout,429,0.5,24,1-3,195,7.936068761951265,,0.8315784520740381,0,-0.8932902695822316,253.0,119.98181818181818,45725,,0.005781300503125433
whale,geometric,holdout,430,0.5,36,1-3,166,3.8182964944097115,,0.8707875969481511,0,-0.7638842923254843,410.625,170.8,46431,,0.22140475340060561
whale,geometric,holdout,431,0.5,15,1-3,67,1.8344659486195933,,0.8994676924145277,0,-0.8780101970238365,374.125,228.61818181818182,45867,,0.003260022182277583
whale,geometric,holdout,432,0.5,53,2-4,125,7.981899112312885,,0.9026258291931352,0,-1.1128069033663373,187.125,146.16363636363636,45822,,0.006904761072899678
whale,geometric,holdout,433,0.5,20,1-3,135,8.916997321758677,,0.865123816401119,0,-1.0208189173864053,220.875,152.4909090909091,45996,,0.14838641245355902
whale,geometric,holdout,434,0.5,16,1-3,183,8.749214286214027,,0.8699327900157117,0,-1.0284954228827305,208.25,146.4909090909091,45823,,0.005918818035377862
whale,geometric,holdout,435,0.5,35,2-8,84,3.667000140657936,,0.9112396988973279,0,-0.8946823885463757,236.25,135.3272727272727,45622,,0.43462398607352304
whale,geometric,holdout,436,0.5,34,4-8,57,6.676544774860199,,0.9067003684830883,0,-1.1290914880233125,131.375,128.4181818181818,46621,,0.10943918913781925
whale,geometric,holdout,437,0.5,26,2-8,206,3.3567113074491495,,0.8879569950679198,0,-0.7355718726242548,367.125,150.5818181818182,45963,,0.1337603999989145
whale,geometric,holdout,438,0.5,22,2-8,80,8.403119717850151,,0.9205282244331443,0,-1.1467936280367816,145.25,118.56363636363636,45640,,0.09010859176366091
whale,geometric,holdout,439,0.5,54,2-4,127,7.166810153965974,,0.9106046002847046,0,-1.1160416667811088,193.25,168.6727272727273,45762,,0.01494065003996171
whale,geometric,holdout,440,0.5,58,2-4,143,6.879002897662795,,0.9109359119623046,0,-0.9862660405528325,229.75,148.01818181818183,45494,,0.08098580598102374
whale,geometric,holdout,441,0.5,19,2-4,132,8.057451571956719,,0.9025595219256732,0,-1.1254514747075486,186.25,151.5090909090909,45295,,0.009868513320465448
whale,geometric,holdout,442,0.5,33,2-4,150,8.88073193594428,,0.9034150521491904,0,-1.1713263323912537,167.875,145.14545454545456,46285,,0.0021674649944532116
whale,geometric,holdout,443,0.5,27,4-8,145,3.786607967843077,,0.9280753588718621,0,-0.9832154580705945,226.0,146.85454545454544,45466,,0.0031146162136449465
whale,geometric,holdout,444,0.5,53,4-8,188,5.44737720976945,,0.9088228730619068,0,-0.991491417938702,194.25,134.16363636363636,46089,,0.01389745622588262
whale,geometric,holdout,445,0.5,51,2-4,206,5.527895133644834,,0.8972480528427833,0,-0.8595416301438094,296.25,136.87272727272727,45723,,0.2095266271657838
whale,geometric,holdout,446,0.5,15,2-8,165,7.723413454388615,,0.8923170888241735,0,-1.0974393467958719,191.5,143.92727272727274,45151,,0.029330041629521752
whale,geometric,holdout,447,0.5,28,2-4,103,7.8129177022752865,,0.8855758024088131,0,-1.021367166025108,203.75,126.85454545454546,45502,,0.0974935546760764
whale,geometric,holdout,448,0.5,24,4-8,214,8.423705764228231,,0.9108751659046883,0,-1.0804513494992363,180.875,141.1818181818182,45077,,0.00412657704220122
whale,geometric,holdout,449,0.5,13,2-8,188,6.043806297958765,,0.8919213713860091,0,-0.973911492810933,220.125,134.6727272727273,45724,,0.047119218845218025
whale,geometric,holdout,450,0.5,42,4-8,207,6.36766253762756,,0.9120798666039082,0,-1.013396771962024,179.5,114.76363636363637,45718,,0.006835006182639413
whale,geometric,holdout,451,0.5,57,4-8,155,2.138583404403798,,0.8910029201910938,0,-0.7125036020962867,324.375,132.0909090909091,45477,,0.32385042042431944
whale,geometric,holdout,452,0.5,14,2-4,118,5.458845432211568,,0.8921880509902117,0,-1.0501116847955707,220.0,167.38181818181818,45698,,0.0013036189616890375
whale,geometric,holdout,453,0.5,15,2-8,150,6.290636771256046,,0.8925635304869909,0,-1.0069869582096067,222.5,147.56363636363636,45098,,0.10460921632356043
whale,geometric,holdout,454,0.5,36,2-4,95,8.19325031608803,,0.9245093583738482,0,-1.1460194256323315,153.125,142.36363636363637,45880,,0.0014885330276111493
whale,geometric,holdout,455,0.5,36,2-8,200,5.380180912771119,,0.909912881500445,0,-0.9149476507504808,251.875,129.8181818181818,45913,,0.09410661056658752
whale,geometric,holdout,456,0.5,48,2-4,171,2.570720897186499,,0.9164214823286456,0,-0.7978131982680432,398.75,180.6909090909091,45890,,0.20966938361578769
whale,geometric,holdout,457,0.5,24,2-8,79,7.20177561221058,,0.9179384071526532,0,-1.190542612369497,140.75,133.27272727272728,45850,,0.003468065166495882
whale,geometric,holdout,458,0.5,17,1-3,126,3.4869397811729392,,0.8067395958804869,0,-0.6885690569404236,415.625,158.6,45640,,0.34315269386238434
whale,geometric,holdout,459,0.5,22,2-4,133,2.2806116799541902,,0.8721433942648886,0,-0.7298850485453283,451.625,178.3272727272727,45814,,0.18209387941464192
whale,geometric,holdout,460,0.5,36,2-8,111,1.644383735445694,,0.9284275943560985,0,-1.0297782821804609,230.5,177.29090909090908,45679,,0.0022122611138672907
whale,geometric,holdout,461,0.5,18,4-8,79,1.3764074185661368,,0.9298496478068912,0,-0.9315019842923271,268.75,183.29090909090908,45696,,0.003272758542666868
whale,geometric,holdout,462,0.5,48,1-3,212,7.436033123877736,,0.8827844360514401,0,-0.9382681134503816,263.5,157.56363636363636,45718,,0.007836485992711873
whale,geometric,holdout,463,0.5,29,1-3,152,4.642294525507413,,0.9054627211328936,0,-0.8576667020034067,295.5,158.83636363636364,45207,,0.0010775270288464
whale,geometric,holdout,464,0.5,21,1-3,119,8.29780517325785,,0.8633781705530279,0,-1.0302721576809555,207.125,168.34545454545454,45142,,0.01129102696635702
whale,geometric,holdout,465,0.5,28,2-8,155,6.339236371792703,,0.9106658021765583,0,-1.0054532725426555,210.625,142.5090909090909,44536,,0.04069032148773489
whale,geometric,holdout,466,0.5,32,2-4,191,2.924852529322667,,0.919889992142749,0,-0.9024384249138144,328.875,173.34545454545454,45673,,0.0017713071513179922
whale,geometric,holdout,467,0.5,16,1-3,83,8.93229410197081,,0.8437405592774971,0,-0.9752798060644798,192.0,154.03636363636363,45958,,0.01716690939905655
whale,geometric,holdout,468,0.5,36,1-3,50,4.26669347741174,,0.9269480373540021,0,-1.0123528633969143,240.5,186.6,45399,,0.029609697221493158
whale,geometric,holdout,469,0.5,50,4-8,102,8.82717348915914,,0.9144169635235868,0,-1.1963492963776838,119.75,117.81818181818181,45358,,0.008532978473837376
whale,geometric,holdout,470,0.5,48,1-3,183,7.408737260812473,,0.8962138869026224,0,-0.992294393176369,237.375,168.12727272727273,45637,,0.002590520967111173
whale,geometric,holdout,471,0.5,45,2-4,133,8.441102154780522,,0.881162039498521,0,-0.9990262600714469,212.75,128.45454545454547,46004,,0.41242600894523757
whale,geometric,holdout,472,0.5,26,1-3,74,6.894746564256357,,0.9025917091453146,0,-1.009431816923478,210.75,166.47272727272727,45403,,0.0024839070289710418
whale,geometric,holdout,473,0.5,60,2-4,104,1.1251195159798781,,0.8399524870958991,0,-1.1838697480740006,223.375,303.7818181818182,45932,,0.07410275927584577
whale,geometric,holdout,474,0.5,40,2-8,198,4.166392959735301,,0.9146667662214947,0,-0.8307756435741743,284.5,138.5090909090909,45946,,0.05035037454417601
whale,geometric,holdout,475,0.5,59,1-3,58,4.159342053853524,,0.9451325232213993,0,-1.0601768282716213,205.75,202.4181818181818,45589,,0.002605573144476184
whale,geometric,holdout,476,0.5,49,4-8,179,2.766854059835034,,0.9135613631559586,0,-0.7890541548089861,294.375,129.29090909090908,45612,,0.019084033683398678
whale,geometric,holdout,477,0.5,18,2-8,167,3.946908451017454,,0.9195258497997868,0,-0.9505131930454054,251.875,149.16363636363636,45892,,0.002819754858534451
whale,geometric,holdout,478,0.5,58,2-8,176,7.4529827600168606,,0.9200740394709492,0,-1.1658992016711824,156.375,142.23636363636365,45918,,0.004418632142317246
whale,geometric,holdout,479,0.5,48,2-4,105,7.003346838841903,,0.9304917586700447,0,-1.1144203169417297,184.125,165.4181818181818,45966,,0.013511230630505768
whale,geometric,holdout,480,0.5,12,4-8,125,3.8974688504637838,,0.8895289472399656,0,-0.8951618407862949,248.25,128.05454545454546,45515,,0.027638903796841207
whale,geometric,holdout,481,0.5,28,1-3,135,8.882373207342772,,0.8484928377391601,0,-0.9701200386046642,218.625,139.0,46267,,0.03596553500429346
whale,geometric,holdout,482,0.5,46,4-8,46,7.544207506014911,,0.9164198306209561,0,-1.3195548043136336,89.125,155.6727272727273,46020,,0.003802741937561284
whale,geometric,holdout,483,0.5,27,2-8,47,3.318594849250988,,0.9332384712300711,0,-1.1735573536402228,140.625,163.25454545454545,45426,,0.0050631539474923016
whale,geometric,holdout,484,0.5,27,4-8,135,5.684487930238701,,0.9078637208711624,0,-1.0017992515834415,214.25,139.56363636363636,46175,,0.04122788434845089
whale,geometric,holdout,485,0.5,42,2-4,214,4.50822507327829,,0.9112867451583984,0,-0.9063683804338951,284.125,155.96363636363637,45073,,0.0066138569901460125
whale,geometric,holdout,486,0.5,60,4-8,133,2.5961708013065143,,0.8863626174244532,0,-0.7529106297464522,286.75,127.76363636363637,45945,,0.32103378577394054
whale,geometric,holdout,487,0.5,45,2-4,179,1.8898195725996603,,0.9063964490325381,0,-0.8437638711519837,414.875,218.36363636363637,45750,,0.0594380543628423
whale,geometric,holdout,488,0.5,51,2-4,48,4.780195995746607,,0.9347677239901984,0,-1.1244864183608945,176.25,187.21818181818182,45521,,0.17552976977719237
whale,geometric,holdout,489,0.5,49,4-8,77,5.512788580748973,,0.9072579072051397,0,-1.080658876957321,146.75,121.72727272727273,46302,,0.023665781694637334
whale,geometric,holdout,490,0.5,34,4-8,131,8.308492752451327,,0.9128927100755327,0,-1.2115071569669422,129.625,131.83636363636364,45739,,0.0026960021389667165
whale,geometric,holdout,491,0.5,37,1-3,46,2.2213176759894235,,0.9434768943279958,0,-1.0859444925702184,266.875,254.47272727272727,45813,,0.050572468201394716
whale,geometric,holdout,492,0.5,23,4-8,66,3.052519300546586,,0.9190238190304643,0,-0.9677806323756826,228.0,145.78181818181818,45643,,0.0477719033113797
whale,geometric,holdout,493,0.5,22,2-8,192,1.6585421940372873,,0.8971908924103967,0,-0.7555355293358903,397.125,168.5090909090909,45824,,0.002104334620960172
whale,geometric,holdout,494,0.5,39,4-8,52,3.103152878296785,,0.8878194104133166,0,-1.1052901629677718,162.625,153.8,46016,,0.06638214335500937
whale,geometric,holdout,495,0.5,58,4-8,91,8.371312247318809,,0.9042857457591903,0,-1.128934826813865,149.25,128.8,45553,,0.16238683871083073
whale,geometric,holdout,496,0.5,34,4-8,98,7.516105569045875,,0.9132535398821807,0,-1.20749255055979,125.75,142.34545454545454,45847,,0.0016520511332648016
whale,geometric,holdout,497,0.5,57,2-8,161,1.9508902006168665,,0.9127090525387589,0,-1.0175368455763476,231.5,189.2,45764,,0.0011239526118516968
whale,geometric,holdout,498,0.5,19,2-8,153,2.867496295720878,,0.9051443477928374,0,-0.8744646695002742,270.5,142.47272727272727,45883,,0.001140606755412432
whale,geometric,holdout,499,0.5,33,2-8,108,7.208488013727722,,0.9156870281796959,0,-1.1919419127887845,139.375,134.54545454545453,46075,,0.0018836485293225822
