regime,law,set,dataset,threshold,n_elements,length_range,n_words,mean_repeats,tokens_per_bout,shape_exponent,observed_mean_r2,observed_undefined_groups,observed_mean_slope,observed_mean_unit_types,cuts_per_sequence,elements_total,shape_sigma,shape_tail
finch,zipf,holdout,0,0.5,8,1-2,25,1.6891900178828279,14,0.8068827327776589,0.7239418464330789,0,-0.4868319768140391,41.2,5.246666666666667,7168,,
finch,zipf,holdout,1,0.5,10,2-5,11,3.157307734214897,14,1.42239588317552,0.9190770009122756,0,-1.1245506358536623,26.733333333333334,10.313333333333333,14395,,
finch,zipf,holdout,2,0.5,7,1-2,7,3.2196458681320044,21,0.8182315127943385,0.8162946609079118,0,-0.6110704553058218,33.833333333333336,5.3566666666666665,9074,,
finch,zipf,holdout,3,0.5,4,1-4,16,2.429741986326154,10,1.5903756863267733,0.836627442385892,0,-0.7409278507506124,24.166666666666668,4.16,9615,,
finch,zipf,holdout,4,0.5,7,1-2,18,3.974046124547414,13,0.9243684261429939,0.6458014085949718,0,-0.49198966453407766,25.0,2.92,6308,,
finch,zipf,holdout,5,0.5,4,2-5,13,1.25231193542808,24,1.14876371969749,0.8917935452987028,0,-0.7798517484173275,65.26666666666667,15.213333333333333,25297,,
finch,zipf,holdout,6,0.5,14,2-5,24,1.517372323982835,13,1.1027656610419179,0.9099103124428048,0,-0.8205335280965482,45.56666666666667,10.61,13961,,
finch,zipf,holdout,7,0.5,5,3-5,21,1.4949730083014954,9,1.1954056164709614,0.8038542013172963,0,-0.5480342471740449,37.166666666666664,5.126666666666667,10654,,
finch,zipf,holdout,8,0.5,4,1-4,14,1.7863952669296652,6,1.4091306235008747,0.7672666661670366,0,-0.5988911637381938,19.4,2.3033333333333332,4592,,
finch,zipf,holdout,9,0.5,11,1-4,16,3.058099270704929,17,0.705678860609866,0.8761667250093128,0,-0.8909661446219181,38.733333333333334,9.6,13618,,
finch,zipf,holdout,10,0.5,5,1-2,29,3.078240137189456,13,1.3918850851157365,0.7325915109926622,0,-0.6537569353044453,25.466666666666665,3.816666666666667,7037,,
finch,zipf,holdout,11,0.5,14,3-5,23,3.9112458774573535,26,0.5680412718148005,0.9137808542031033,0,-0.983562956224603,59.4,19.696666666666665,31799,,
finch,zipf,holdout,12,0.5,11,2-5,26,1.4653278633649267,21,0.6915532944357228,0.9013500428458693,0,-0.7609081699666143,78.1,17.003333333333334,22636,,
finch,zipf,holdout,13,0.5,9,1-4,15,3.2016198516154004,9,1.0705183206089912,0.8361418914848401,0,-0.7875283770985674,24.366666666666667,4.87,7259,,
finch,zipf,holdout,14,0.5,9,2-5,17,3.4880538909649506,21,1.5397481623054539,0.9111514496283307,0,-0.9743330708089158,38.733333333333334,12.4,21362,,
finch,zipf,holdout,15,0.5,8,1-4,9,3.5876988217319834,19,1.441301493500418,0.8810293965704844,0,-0.8531520118377934,29.3,6.343333333333334,12250,,
finch,zipf,holdout,16,0.5,4,1-4,24,1.316104928337494,22,1.5389285042820724,0.8198227576393013,0,-0.7348211292292699,48.36666666666667,11.05,17721,,
finch,zipf,holdout,17,0.5,4,3-5,21,2.904890245607361,13,1.4779648472927085,0.8541131753652732,0,-0.8075639975028459,31.533333333333335,6.6433333333333335,15957,,
finch,zipf,holdout,18,0.5,6,1-4,12,3.2775776028639276,23,1.3801828217535284,0.858803065015406,0,-0.9753262628416662,34.166666666666664,11.34,19983,,
finch,zipf,holdout,19,0.5,5,1-2,10,3.513794092544637,13,1.0835156049848225,0.7420718849567742,0,-0.5677166607597798,23.566666666666666,2.993333333333333,6215,,
finch,zipf,holdout,20,0.5,8,2-5,11,2.3140450434602555,10,1.5931294559061528,0.8676530762633116,0,-0.747679306743477,25.633333333333333,4.56,9550,,
finch,zipf,holdout,21,0.5,9,2-5,15,3.0325802147315857,20,0.502942466160749,0.9068481578114866,0,-0.9801561714208261,50.1,15.576666666666666,21296,,
finch,zipf,holdout,22,0.5,14,1-2,26,2.3013429098567215,11,0.585199342266631,0.7630440089577433,0,-0.5861717035716941,31.066666666666666,4.236666666666666,5469,,
finch,zipf,holdout,23,0.5,7,3-5,12,1.8179967611496677,18,1.3910258467087844,0.9277329426431379,0,-0.9966459647407399,42.666666666666664,13.826666666666666,22129,,
finch,zipf,holdout,24,0.5,4,3-5,29,2.568945831215075,25,0.8800150990049782,0.8443671227939478,0,-0.7430479085292969,61.2,13.253333333333334,30716,,
finch,zipf,holdout,25,0.5,4,1-4,6,1.0017847636474904,6,0.9958123275729549,0.8669864119884084,0,-0.8386682806188467,17.7,3.23,4479,,
finch,zipf,holdout,26,0.5,6,3-5,20,2.3942513747118075,19,1.588256809309996,0.9074248147394132,0,-0.9533540012775729,44.766666666666666,14.403333333333334,22611,,
finch,zipf,holdout,27,0.5,4,3-5,22,2.58371907005981,9,1.1291538345318173,0.8067621458182238,0,-0.643988283043483,28.466666666666665,4.406666666666666,10211,,
finch,zipf,holdout,28,0.5,10,1-4,23,2.570704496576086,21,0.931629880191037,0.8859046301832699,0,-0.8141322879472106,50.6,11.473333333333333,17010,,
finch,zipf,holdout,29,0.5,8,1-4,22,3.011749857187847,6,0.757488906019937,0.8080136218151236,0,-0.696156703439468,20.2,2.8533333333333335,4644,,
finch,zipf,holdout,30,0.5,12,1-4,19,2.835820448150303,30,1.1485894893564046,0.9067628498401209,0,-0.9359207956490948,55.03333333333333,17.21,22509,,
finch,zipf,holdout,31,0.5,12,2-5,14,2.6330795259057913,15,0.7039388590410601,0.916128981055411,0,-0.9596901599717277,37.96666666666667,11.13,15411,,
finch,zipf,holdout,32,0.5,8,1-2,19,2.835258489647552,19,1.355855840419064,0.7833973134731025,0,-0.593838575700379,35.46666666666667,5.59,9188,,
finch,zipf,holdout,33,0.5,6,1-2,24,2.1180662730053883,8,1.0253713213587239,0.7545483663148765,1,-0.5423692673225966,23.5,2.7666666666666666,4286,,
finch,zipf,holdout,34,0.5,7,1-4,18,3.6889866371986058,6,0.7866046163373439,0.7825254080636918,0,-0.6203580895314851,18.2,2.1733333333333333,4057,,
finch,zipf,holdout,35,0.5,13,3-5,24,2.6850457837926327,24,0.56579551733019,0.9158578236152762,0,-0.8673418875180755,70.3,19.013333333333332,28587,,
finch,zipf,holdout,36,0.5,11,1-4,8,3.9973903285946384,14,1.3602814199587727,0.8389666439495364,0,-0.9703950270849641,22.166666666666668,7.12,11550,,
finch,zipf,holdout,37,0.5,8,3-5,24,3.592493333050681,15,1.5865067182463273,0.9068470626374228,0,-0.9829447056328101,32.6,10.083333333333334,16446,,
finch,zipf,holdout,38,0.5,10,1-2,7,3.4077850768415106,14,0.6097272501863411,0.7536668079581209,0,-0.6368742844089589,24.6,3.7,6343,,
finch,zipf,holdout,39,0.5,7,1-2,21,2.6572460908365336,7,1.5591004746295947,0.7731249202044178,0,-0.622228794087184,16.866666666666667,1.8333333333333333,3476,,
finch,zipf,holdout,40,0.5,13,2-5,23,1.6150263461993428,17,1.342974793971247,0.9249232141047118,0,-0.9040208300938022,47.43333333333333,13.303333333333333,18833,,
finch,zipf,holdout,41,0.5,4,1-2,16,3.3007582382622056,19,0.5990558484350244,0.5258709123247618,5,-0.34390195395410544,31.033333333333335,3.0933333333333333,9951,,
finch,zipf,holdout,42,0.5,5,3-5,27,3.9757929928171425,29,0.9644511442964385,0.9037567470697625,0,-1.0264668301829531,56.63333333333333,20.33,34134,,
finch,zipf,holdout,43,0.5,6,2-5,22,2.799229806701214,10,0.7902552386902292,0.8536916272306596,0,-0.6798148056129418,33.9,5.546666666666667,10062,,
finch,zipf,holdout,44,0.5,6,1-2,26,2.398438579368686,20,0.6230759126199609,0.6621242745111718,0,-0.4346257736911936,44.56666666666667,5.536666666666667,10564,,
finch,zipf,holdout,45,0.5,9,3-5,24,3.3539954875343523,25,0.8402891142997186,0.9231106647685139,0,-0.9812783469061881,64.1,21.696666666666665,29765,,
finch,zipf,holdout,46,0.5,7,1-2,11,2.0222544638094346,28,1.3096174475873972,0.8305175183468484,0,-0.7121653240214518,46.1,8.926666666666666,13079,,
finch,zipf,holdout,47,0.5,13,1-2,11,1.4765116305302817,26,0.7064687819037317,0.9031567994355177,0,-0.9949158772482111,47.13333333333333,15.01,13311,,
finch,zipf,holdout,48,0.5,13,1-2,24,3.095657548833855,9,0.5958471230050532,0.7115681026242875,0,-0.4882439733475675,25.166666666666668,2.703333333333333,4375,,
finch,zipf,holdout,49,0.5,10,2-5,11,3.649784018726068,25,0.5079922528122648,0.8893323412643627,0,-1.249406265737345,37.96666666666667,21.996666666666666,26749,,
finch,zipf,holdout,50,0.5,6,2-5,23,1.0893445353946436,28,1.3002473154955005,0.9201342806484063,0,-0.8583263635755576,80.03333333333333,22.216666666666665,31631,,
finch,zipf,holdout,51,0.5,8,2-5,13,1.7519286458060188,24,0.8443843541358209,0.911250499001103,0,-0.8628741565304864,63.233333333333334,16.643333333333334,24270,,
finch,zipf,holdout,52,0.5,5,2-5,7,1.4711205439560846,12,1.4014393854656366,0.893839166967887,0,-0.8443008417437025,29.233333333333334,6.343333333333334,11948,,
finch,zipf,holdout,53,0.5,6,1-4,28,2.3943034516549826,18,1.1900871097503818,0.8294043362536263,0,-0.61502938772157,47.8,7.673333333333333,14561,,
finch,zipf,holdout,54,0.5,9,1-2,12,3.2295609006258883,17,0.9806783334328777,0.7450510193368554,0,-0.5700621429525305,30.833333333333332,4.266666666666667,7989,,
finch,zipf,holdout,55,0.5,14,1-2,21,3.3653271627313117,17,0.8649232791732565,0.7597914756189995,0,-0.6440580340084636,34.233333333333334,5.95,8675,,
finch,zipf,holdout,56,0.5,14,3-5,12,1.4521209271094961,14,0.7129078544020954,0.8936431670082474,0,-1.0421752130548325,36.333333333333336,14.923333333333334,17622,,
finch,zipf,holdout,57,0.5,7,3-5,21,2.284527312513023,13,0.9267405841214076,0.9016060515289291,0,-0.8211898827541255,45.03333333333333,10.476666666666667,15409,,
finch,zipf,holdout,58,0.5,4,1-4,17,2.9415019465131693,24,1.3172500428134577,0.8113525957145025,0,-0.823357374253829,41.4,10.78,22758,,
finch,zipf,holdout,59,0.5,12,1-2,14,3.39742042659646,16,1.0778061408185065,0.7344694388757046,0,-0.5264770363085421,31.433333333333334,4.03,7324,,
finch,zipf,holdout,60,0.5,7,2-5,18,1.0361160447473394,15,1.5133797240079185,0.8945770231103232,0,-0.7986175525562903,47.4,10.96,16141,,
finch,zipf,holdout,61,0.5,7,2-5,18,2.25129226278674,17,1.5790429432772919,0.910783960804001,0,-0.8478468115846758,39.63333333333333,9.716666666666667,15228,,
finch,zipf,holdout,62,0.5,4,1-4,5,2.3607164629408164,26,0.9038111928924791,0.9087232946899794,0,-1.1248484821638285,31.333333333333332,12.85,17073,,
finch,zipf,holdout,63,0.5,9,2-5,14,2.9934981291932647,12,0.9767861882625022,0.895908531548052,0,-0.8527272775666696,32.46666666666667,7.216666666666667,11917,,
finch,zipf,holdout,64,0.5,13,1-2,6,2.4752064150160953,12,1.2168014069724347,0.8299241740415444,0,-0.6577456874892416,22.166666666666668,3.1566666666666667,4945,,
finch,zipf,holdout,65,0.5,7,1-4,10,2.1322672700361562,24,1.1294865939960212,0.8300819227242164,0,-0.7296488503508435,46.56666666666667,9.406666666666666,15158,,
finch,zipf,holdout,66,0.5,14,1-4,18,2.0549428059009247,15,0.9064236574158102,0.8948036236070307,0,-0.7922570794814264,41.53333333333333,8.893333333333333,12015,,
finch,zipf,holdout,67,0.5,6,3-5,27,3.4617217956842867,6,1.128170431647903,0.8745031602796369,0,-0.7659130275813087,25.133333333333333,4.58,7426,,
finch,zipf,holdout,68,0.5,8,1-4,11,3.0349588267210663,20,1.4721901648744216,0.9051495555560045,0,-1.004178095202096,30.7,9.713333333333333,13927,,
finch,zipf,holdout,69,0.5,4,1-2,20,3.687909087124565,30,1.5973284178404152,0.7540925573242052,0,-0.6483271975838915,39.06666666666667,6.79,17086,,
finch,zipf,holdout,70,0.5,6,1-4,14,1.986299755586423,7,1.4145277117549169,0.8167825568172286,0,-0.7820669761297403,20.466666666666665,3.723333333333333,5668,,
finch,zipf,holdout,71,0.5,5,1-2,23,1.0299168076573213,21,1.3420096063938158,0.8091780407486411,0,-0.585348463010125,53.5,8.793333333333333,10872,,
finch,zipf,holdout,72,0.5,7,3-5,18,2.472237852105273,11,0.8917648431988219,0.869240390506815,0,-0.706158125567345,41.36666666666667,7.3966666666666665,12807,,
finch,zipf,holdout,73,0.5,12,1-2,20,1.6849273764422508,25,1.1821233987640591,0.8004552720856978,0,-0.6591280174480968,55.166666666666664,10.71,11744,,
finch,zipf,holdout,74,0.5,10,2-5,26,3.1114470176211126,9,1.0129369922861602,0.8830767021376803,0,-0.8233952332284602,31.166666666666668,6.633333333333334,9720,,
finch,zipf,holdout,75,0.5,12,1-4,13,2.945538863101676,25,1.275755639526745,0.9104230532755963,0,-0.8724243735725301,42.3,10.79,21195,,
finch,zipf,holdout,76,0.5,11,1-4,22,2.5855239333541142,17,1.5126870926654596,0.8821912179686763,0,-0.7978170055832755,36.766666666666666,8.16,13122,,
finch,zipf,holdout,77,0.5,12,1-4,7,3.4981670230217676,9,1.3763464372988197,0.8716450256025235,0,-0.786262704472999,16.866666666666667,2.85,6532,,
finch,zipf,holdout,78,0.5,9,3-5,9,1.7900316042370583,28,0.9901176658500674,0.9232041086036177,0,-1.1922511621965906,47.96666666666667,27.703333333333333,32420,,
finch,zipf,holdout,79,0.5,4,2-5,25,2.775823083396444,16,1.1480667905183277,0.8576926920452466,0,-0.8038917981905517,39.93333333333333,8.663333333333334,17012,,
finch,zipf,holdout,80,0.5,5,1-2,12,1.8079528477337448,29,1.405322919575792,0.828321051622869,0,-0.6693747417997958,50.233333333333334,9.14,14065,,
finch,zipf,holdout,81,0.5,6,1-4,7,3.668086849079336,16,1.4261682459189902,0.8055849639526523,0,-0.8703415727953334,24.366666666666667,5.816666666666666,12602,,
finch,zipf,holdout,82,0.5,6,1-2,24,1.4895820209485233,18,1.314449079344377,0.814101576390535,0,-0.6003997587122287,46.5,7.223333333333334,10009,,
finch,zipf,holdout,83,0.5,9,1-4,23,1.8932008815206132,8,0.5560093655627593,0.7922645649588261,0,-0.6125700987561588,30.766666666666666,4.45,6260,,
finch,zipf,holdout,84,0.5,8,2-5,28,3.7822844589791673,30,1.27342369972251,0.9169658803250315,0,-1.026699694366217,55.03333333333333,21.706666666666667,32840,,
finch,zipf,holdout,85,0.5,11,1-4,6,3.054030612738844,9,1.326302609165971,0.8615533270945496,0,-0.8773853849313639,16.333333333333332,3.2066666666666666,7603,,
finch,zipf,holdout,86,0.5,11,2-5,12,3.3641662154885923,15,1.2235698175647611,0.9216918518279875,0,-0.9896773089059366,32.833333333333336,10.28,16727,,
finch,zipf,holdout,87,0.5,12,3-5,19,3.9085267952170626,7,0.891560002480194,0.8694167783560308,0,-0.8212715618837299,25.033333333333335,4.86,8696,,
finch,zipf,holdout,88,0.5,5,3-5,17,3.653309642006562,25,1.1805889647287695,0.9207523598806318,0,-1.1071788566322935,46.166666666666664,19.763333333333332,30994,,
finch,zipf,holdout,89,0.5,6,3-5,5,2.7698263989776093,16,1.31015465759686,0.8619540682039007,0,-1.1284739037438272,24.133333333333333,8.46,19130,,
finch,zipf,holdout,90,0.5,8,2-5,15,3.887644590428112,20,0.6070479050024198,0.9120774642208442,0,-1.0442480250448953,41.4,14.086666666666666,21008,,
finch,zipf,holdout,91,0.5,13,3-5,28,1.8969192946188063,6,1.0465316366065882,0.8290211504884814,0,-0.6165204466203756,29.6,4.2,7089,,
finch,zipf,holdout,92,0.5,11,1-4,14,2.1030975421894222,22,0.8132818190704252,0.9078914042743127,0,-0.9000416920474519,47.43333333333333,12.746666666666666,16617,,
finch,zipf,holdout,93,0.5,10,3-5,7,3.7573824361981645,30,0.5880204880694619,0.9062897090573249,0,-1.2764279872363733,33.9,20.13,32819,,
finch,zipf,holdout,94,0.5,4,1-4,6,3.189304941336947,27,1.2326349167506143,0.8407750929098586,0,-0.9068869374245075,34.833333333333336,10.08,22834,,
finch,zipf,holdout,95,0.5,8,3-5,5,1.5652289305367724,10,1.1142831535502693,0.9139775244432351,0,-1.1340859412541633,21.566666666666666,7.98,12189,,
finch,zipf,holdout,96,0.5,4,2-5,16,3.755700490587942,14,1.3146534854915028,0.8474588928125233,0,-0.9344937163683361,27.733333333333334,7.056666666666667,13551,,
finch,zipf,holdout,97,0.5,13,1-2,28,2.5448486121221414,26,0.7449297295884539,0.8080076599250197,0,-0.6210906015813203,57.333333333333336,9.703333333333333,12536,,
finch,zipf,holdout,98,0.5,14,1-2,10,1.652592773396564,29,1.0394722909948468,0.8589303450344911,0,-0.7319751077681712,54.03333333333333,11.19,12957,,
finch,zipf,holdout,99,0.5,14,3-5,23,1.2231325530591928,15,1.3365728429545194,0.9187210546850274,0,-0.8364675564513439,50.86666666666667,12.45,17237,,
finch,zipf,holdout,100,0.5,13,1-2,18,2.458600660749649,9,0.7909075119336291,0.7190778743539172,1,-0.5500832631835118,24.366666666666667,2.95,4118,,
finch,zipf,holdout,101,0.5,12,3-5,16,2.6686312310799574,10,0.7287695709241898,0.9085567850600645,0,-0.9022196892733623,33.36666666666667,8.633333333333333,12646,,
finch,zipf,holdout,102,0.5,10,1-4,27,3.704365907891892,11,0.9533887277849138,0.8687393709358039,0,-0.8167850104623452,29.066666666666666,5.946666666666666,8528,,
finch,zipf,holdout,103,0.5,8,3-5,23,1.2117862222945668,28,0.6650765705862762,0.8926312344020272,0,-0.6954298962306952,107.33333333333333,21.453333333333333,33659,,
finch,zipf,holdout,104,0.5,11,3-5,21,2.0536759459405856,15,0.7255287575582591,0.9119084816305841,0,-0.7936954103736952,54.06666666666667,11.983333333333333,18206,,
finch,zipf,holdout,105,0.5,12,2-5,21,1.1744140952108106,28,0.9413522391904281,0.9313800244235958,0,-0.9766779175958156,74.73333333333333,24.983333333333334,28434,,
finch,zipf,holdout,106,0.5,4,3-5,13,3.5022005565413075,16,0.6056734974389015,0.812759412747275,0,-0.833286454611652,33.766666666666666,7.946666666666666,19339,,
finch,zipf,holdout,107,0.5,5,3-5,20,1.655367632957499,30,1.4653081064285494,0.891852658362957,0,-0.8844301604855668,67.96666666666667,20.453333333333333,35494,,
finch,zipf,holdout,108,0.5,11,3-5,13,3.020033751591868,14,0.9213836540260049,0.904268916011387,0,-0.9389834799653496,36.36666666666667,10.843333333333334,15434,,
finch,zipf,holdout,109,0.5,11,1-4,14,3.8124722422499446,30,0.9906194343249584,0.907582572003619,0,-0.9495589767101104,46.96666666666667,14.45,21399,,
finch,zipf,holdout,110,0.5,4,1-4,23,2.161445696532531,13,1.0956785901951251,0.7572934931464275,0,-0.5271552410226996,35.266666666666666,4.763333333333334,10941,,
finch,zipf,holdout,111,0.5,4,1-4,29,1.2583698543303998,21,1.1496993946656615,0.7584940096837982,0,-0.4778327135862829,63.36666666666667,8.856666666666667,17821,,
finch,zipf,holdout,112,0.5,7,1-4,19,2.539191457887046,24,1.2731930431818794,0.8938655519414547,0,-0.8740115093014198,48.13333333333333,13.013333333333334,20337,,
finch,zipf,holdout,113,0.5,14,1-2,10,3.485955911648922,15,1.0994231578843705,0.7270082747290342,0,-0.47345824949557297,27.2,3.0733333333333333,5892,,
finch,zipf,holdout,114,0.5,6,2-5,20,1.7179898522484183,18,0.6558106073201679,0.8603471049009079,0,-0.664623558941012,62.0,11.29,18174,,
finch,zipf,holdout,115,0.5,9,2-5,10,2.180089394801003,24,0.7635582453885991,0.9358952863201296,0,-1.1457113754194117,45.666666666666664,20.303333333333335,24251,,
finch,zipf,holdout,116,0.5,13,1-2,5,3.2168665883088288,12,0.982719998164359,0.769969727966934,0,-0.5416590820849634,20.866666666666667,2.5366666666666666,5011,,
finch,zipf,holdout,117,0.5,11,1-2,30,2.4518581512959203,17,0.712102335593003,0.7806729178577246,0,-0.5910764957322281,42.7,6.59,8497,,
finch,zipf,holdout,118,0.5,14,1-4,18,2.106305109684933,28,1.1359867744788348,0.8959232086999456,0,-0.8429205423934707,61.1,15.153333333333334,21103,,
finch,zipf,holdout,119,0.5,13,1-4,17,1.1182988167572878,28,1.4916548020811042,0.913899532659606,0,-0.8164803825795887,62.36666666666667,15.136666666666667,20344,,
finch,zipf,holdout,120,0.5,12,1-4,28,1.614324508406276,23,1.3209933570918837,0.8992647090749378,0,-0.8101149126560391,58.9,14.103333333333333,20350,,
finch,zipf,holdout,121,0.5,10,3-5,18,1.926568210603608,21,0.5026621692513997,0.9112721641154307,0,-0.8563928308557174,65.2,16.59,25138,,
finch,zipf,holdout,122,0.5,13,1-2,15,2.76406313472434,26,0.8032881879058515,0.8233076038930683,0,-0.734007245325387,47.733333333333334,10.16,12247,,
finch,zipf,holdout,123,0.5,8,2-5,18,1.5806454979121918,12,0.6336288412196464,0.8743126134727869,0,-0.7035917347005826,45.833333333333336,8.29,12367,,
finch,zipf,holdout,124,0.5,13,3-5,10,1.7127879581545105,19,0.9358259528262585,0.9166081043005592,0,-1.1373072470522783,36.233333333333334,18.326666666666668,23212,,
finch,zipf,holdout,125,0.5,12,1-4,20,1.2289453329098539,10,0.6306428515238459,0.8661990222664161,0,-0.6348600031113539,40.93333333333333,6.416666666666667,7991,,
finch,zipf,holdout,126,0.5,6,1-4,13,1.2848653593508201,27,0.7703831653602884,0.8556448806356539,0,-0.6945731445975895,69.3,14.203333333333333,19482,,
finch,zipf,holdout,127,0.5,8,2-5,7,3.858092307345527,14,0.7382455793932555,0.9118205436847447,0,-1.283489436049578,22.766666666666666,11.696666666666667,14159,,
finch,zipf,holdout,128,0.5,11,2-5,25,3.389806377346876,23,0.9177499070718106,0.9114451188598345,0,-0.9525661055445422,55.233333333333334,17.023333333333333,23994,,
finch,zipf,holdout,129,0.5,6,1-2,9,3.848631445098203,26,1.3379293985484866,0.8109844053373932,0,-0.6220174730249254,34.96666666666667,5.553333333333334,13309,,
finch,zipf,holdout,130,0.5,10,1-2,11,2.9630672363770056,8,0.5464135096713086,0.6863033125231508,1,-0.5321438525833276,19.6,2.0866666666666664,3615,,
finch,zipf,holdout,131,0.5,12,1-4,5,3.8491703741867336,27,0.6152344767792156,0.8738544054175054,0,-1.1099361361308062,27.8,10.563333333333333,17576,,
finch,zipf,holdout,132,0.5,7,3-5,25,3.5004447504612703,30,1.2222435449247617,0.9239096639434272,0,-1.120032061410742,59.4,26.236666666666668,37022,,
finch,zipf,holdout,133,0.5,10,1-2,6,3.499161012573322,17,1.4169290434620583,0.7671149252523696,0,-0.6178880623220558,24.666666666666668,3.566666666666667,7633,,
finch,zipf,holdout,134,0.5,8,1-4,14,1.8056924175135325,26,0.6992541103492047,0.8960860710906368,0,-0.9013640941966831,62.166666666666664,17.083333333333332,21008,,
finch,zipf,holdout,135,0.5,8,3-5,5,2.36879382892262,21,1.2162366789895325,0.9113585284935034,0,-1.257870899887751,27.6,16.85,25316,,
finch,zipf,holdout,136,0.5,11,1-4,12,3.172684809722643,29,0.5134011385704756,0.84798434346309,0,-0.9588465055126428,46.733333333333334,14.726666666666667,22129,,
finch,zipf,holdout,137,0.5,6,1-2,22,2.940424871583172,27,0.6886341136434564,0.6834949542980125,0,-0.5316886811705125,48.9,7.6,13821,,
finch,zipf,holdout,138,0.5,14,3-5,7,2.97883031294816,15,1.0345653776891222,0.9145999492202913,0,-1.0381065700080496,25.966666666666665,9.316666666666666,18348,,
finch,zipf,holdout,139,0.5,7,3-5,30,1.734478288965163,14,0.6207033210505488,0.839816943786339,0,-0.5460425722784829,63.333333333333336,9.393333333333333,16222,,
finch,zipf,holdout,140,0.5,14,1-2,27,3.290764581991946,21,1.2848033896496212,0.8346253664153988,0,-0.6148947517504515,38.666666666666664,5.85,9355,,
finch,zipf,holdout,141,0.5,12,1-2,11,3.377649705641213,14,0.9807592848423539,0.7906666860850377,0,-0.6428821604762077,26.366666666666667,3.953333333333333,6479,,
finch,zipf,holdout,142,0.5,8,2-5,28,2.9728716251025014,8,0.5651434481493255,0.8481493343198003,0,-0.6699282994948257,32.7,5.286666666666667,7965,,
finch,zipf,holdout,143,0.5,13,2-5,23,2.75599671487522,17,1.3722500946567546,0.9189010945853912,0,-0.8917473764690762,39.7,10.546666666666667,17908,,
finch,zipf,holdout,144,0.5,10,3-5,7,1.928501966942691,10,1.1664855432131551,0.8932254547768477,0,-0.9789911221940658,23.966666666666665,7.87,12021,,
finch,zipf,holdout,145,0.5,14,1-2,21,1.5173141295500705,25,0.9641789845535607,0.8691220323264762,0,-0.7847636689512026,57.666666666666664,13.2,13206,,
finch,zipf,holdout,146,0.5,6,1-4,19,1.7210069243272381,10,0.7977730058989787,0.7866407685864688,0,-0.520472222051135,37.166666666666664,4.806666666666667,8420,,
finch,zipf,holdout,147,0.5,12,1-2,9,1.9601552899144363,18,0.9353271747434546,0.8338080159744332,0,-0.6670997930659743,36.46666666666667,6.283333333333333,8035,,
finch,zipf,holdout,148,0.5,4,2-5,30,2.17625230277323,10,1.0346139483710806,0.7622757208832953,0,-0.5478236699728984,32.86666666666667,4.463333333333333,10951,,
finch,zipf,holdout,149,0.5,13,1-4,13,3.285561646355708,26,0.5138477604715751,0.8772214544778895,0,-0.9539564640553336,44.56666666666667,12.96,19702,,
finch,zipf,holdout,150,0.5,6,3-5,18,3.9227681076922414,8,0.9518857607595785,0.8820218361573354,0,-0.9787154592761776,25.166666666666668,6.823333333333333,9928,,
finch,zipf,holdout,151,0.5,6,1-2,20,1.8918242563735759,27,1.4056114772252388,0.7748738323062334,0,-0.5437728423971078,53.93333333333333,8.206666666666667,12886,,
finch,zipf,holdout,152,0.5,13,1-2,7,2.44647354370743,21,1.5702790702103595,0.8225994157442224,0,-0.5940692400772788,33.36666666666667,4.863333333333333,9335,,
finch,zipf,holdout,153,0.5,5,1-4,18,2.1116770112425565,30,1.4497377804864313,0.8734981802847983,0,-0.8757897062521454,52.36666666666667,15.506666666666666,26819,,
finch,zipf,holdout,154,0.5,5,1-4,13,3.7304262497914875,17,0.612237873502395,0.8441964909221966,0,-0.9022824381785381,32.233333333333334,8.0,13817,,
finch,zipf,holdout,155,0.5,8,1-4,29,2.086591348923685,10,1.5866075052363897,0.8032131211868543,0,-0.6452159473002526,26.833333333333332,4.023333333333333,6861,,
finch,zipf,holdout,156,0.5,6,1-4,15,1.4260058031738376,22,0.9024936178234535,0.8443145004020188,0,-0.6253147546067293,62.03333333333333,11.063333333333333,16801,,
finch,zipf,holdout,157,0.5,6,1-2,18,3.31629058755324,6,0.9281122648727382,0.6665840408138858,0,-0.4659441987968914,16.5,1.4366666666666668,2942,,
finch,zipf,holdout,158,0.5,11,2-5,12,2.508231303664588,17,0.5727274159306696,0.9154990006829079,0,-1.077807379877299,38.63333333333333,14.153333333333334,18078,,
finch,zipf,holdout,159,0.5,12,3-5,30,1.583599700514824,13,1.1975593799592474,0.891767044525291,0,-0.7162028704513977,50.7,9.876666666666667,15038,,
finch,zipf,holdout,160,0.5,9,1-4,25,2.5283653790639398,30,1.0767921419517,0.894716940507888,0,-0.8269333024253266,64.0,15.78,24523,,
finch,zipf,holdout,161,0.5,13,3-5,17,1.8200671136450817,30,1.211770417581071,0.9352636514779461,0,-1.011989203275461,64.4,24.13,37247,,
finch,zipf,holdout,162,0.5,13,2-5,21,1.077651238162164,26,1.24397512442157,0.9361395413679364,0,-0.9261811132650212,69.06666666666666,21.43,29424,,
finch,zipf,holdout,163,0.5,11,1-2,16,1.8842334785447035,25,0.8322049266638163,0.8032143562523074,0,-0.616093210747356,56.06666666666667,9.57,11451,,
finch,zipf,holdout,164,0.5,5,1-2,21,2.3737985328470566,7,1.5178196791434135,0.771680846071917,0,-0.5678778304682496,18.166666666666668,1.86,3843,,
finch,zipf,holdout,165,0.5,12,3-5,19,3.4275892357785342,15,1.5205759619026236,0.9238703595133287,0,-1.06694583887359,29.1,10.063333333333333,18277,,
finch,zipf,holdout,166,0.5,8,3-5,15,1.2067555187045702,16,0.5725958232728809,0.9120516135007574,0,-0.7716810746478171,62.93333333333333,14.033333333333333,20511,,
finch,zipf,holdout,167,0.5,13,1-4,18,3.9860630646817374,25,0.6669637198476666,0.8751491970505718,0,-0.8776245136439619,45.6,11.856666666666667,18887,,
finch,zipf,holdout,168,0.5,5,2-5,7,3.852241422875401,18,0.6725051384287436,0.8586087236104024,0,-1.2118137870558159,25.1,11.55,19392,,
finch,zipf,holdout,169,0.5,13,2-5,20,2.010436267652448,29,1.5044588765689104,0.9245480557897703,0,-0.9451032082215167,60.766666666666666,18.866666666666667,30054,,
finch,zipf,holdout,170,0.5,5,3-5,20,2.7138776464901335,21,1.1255629109037808,0.8859949771221616,0,-0.9058515182674054,49.766666666666666,14.046666666666667,25069,,
finch,zipf,holdout,171,0.5,13,1-2,13,1.6499307003609736,27,1.213469826985007,0.8546959382936659,0,-0.6659737971891778,55.06666666666667,9.666666666666666,12903,,
finch,zipf,holdout,172,0.5,13,1-2,16,2.5093681327531367,27,1.4932872608921874,0.818402945097083,0,-0.6068021807385321,45.03333333333333,7.18,13154,,
finch,zipf,holdout,173,0.5,5,2-5,20,2.8351253814496955,9,0.6655093859508202,0.807810295452207,0,-0.57854068796231,30.266666666666666,4.163333333333333,9283,,
finch,zipf,holdout,174,0.5,14,1-4,17,1.4112417030006388,19,1.2956118344080276,0.9034235736995481,0,-0.8072016037174099,48.63333333333333,11.056666666666667,15331,,
finch,zipf,holdout,175,0.5,9,1-2,25,1.1283984958808273,11,1.205652928984291,0.7342391633127026,0,-0.46890462029182245,35.233333333333334,4.266666666666667,5271,,
finch,zipf,holdout,176,0.5,6,1-2,19,3.994516835140913,25,1.4837153583616858,0.759570385156514,0,-0.6920496809422002,35.63333333333333,6.926666666666667,13696,,
finch,zipf,holdout,177,0.5,13,1-2,27,2.5920762043275785,10,1.3513962246548106,0.78795387778163,0,-0.5840827665076261,24.433333333333334,3.0766666666666667,5225,,
finch,zipf,holdout,178,0.5,11,3-5,14,2.841359525259265,26,0.7191034754327464,0.912911908197986,0,-1.1676924133555853,50.333333333333336,24.463333333333335,32275,,
finch,zipf,holdout,179,0.5,8,1-2,14,1.7599592310414258,7,0.5936435543897839,0.7759305590751839,0,-0.5777272867976472,22.033333333333335,2.5733333333333333,3415,,
finch,zipf,holdout,180,0.5,14,3-5,25,1.1430481597113924,15,1.5516535875370867,0.9247101938370409,0,-0.938186439561015,48.9,14.15,18105,,
finch,zipf,holdout,181,0.5,4,2-5,29,2.441267194263907,18,1.4271964179699737,0.8761335436553072,0,-0.8875819520547642,41.1,12.166666666666666,20532,,
finch,zipf,holdout,182,0.5,12,2-5,8,2.1410727533699543,9,1.4422823586588958,0.8896566168737127,0,-1.0762411346181697,19.366666666666667,6.24,9918,,
finch,zipf,holdout,183,0.5,9,2-5,10,3.4392780762644786,17,0.9573173519652797,0.9085613270210178,0,-1.0112645210282918,32.266666666666666,10.343333333333334,17414,,
finch,zipf,holdout,184,0.5,9,1-4,8,3.8256517524493048,29,1.497527588348032,0.8848114776108906,0,-1.0330412139319851,34.266666666666666,12.686666666666667,21092,,
finch,zipf,holdout,185,0.5,11,1-4,25,2.8598343443474947,20,0.5999579191707077,0.8671118059507155,0,-0.7714793371196526,52.233333333333334,11.293333333333333,16072,,
finch,zipf,holdout,186,0.5,10,3-5,15,3.674149429729705,27,0.5684984724857209,0.9115976802505291,0,-1.0399631117661334,53.833333333333336,19.87,31472,,
finch,zipf,holdout,187,0.5,11,3-5,18,3.7990544758410176,23,0.858797292983052,0.9220333004703251,0,-0.9890450477294233,48.93333333333333,15.98,26880,,
finch,zipf,holdout,188,0.5,12,1-4,12,2.98899192318916,22,0.7822107278904695,0.901154518206172,0,-1.0049075888848016,40.333333333333336,14.046666666666667,18185,,
finch,zipf,holdout,189,0.5,14,2-5,19,1.1200826783490572,17,0.7755297601140305,0.9310460741818055,0,-0.9487259314801365,55.166666666666664,17.716666666666665,18186,,
finch,zipf,holdout,190,0.5,12,1-4,18,1.340415530404143,13,1.0613210061244476,0.8935662812109162,0,-0.78310406048595,40.1,8.283333333333333,10568,,
finch,zipf,holdout,191,0.5,5,3-5,12,3.898425673208987,26,1.1789322599808059,0.8950019220889801,0,-1.1755367925363238,40.333333333333336,17.93,31194,,
finch,zipf,holdout,192,0.5,12,3-5,30,3.117434919994637,28,0.5264158956215793,0.9101091200392799,0,-0.83697467392812,82.03333333333333,21.03,33958,,
finch,zipf,holdout,193,0.5,8,2-5,18,3.0850834704437244,26,0.5470278993720608,0.8908925704052619,0,-0.9785234965261916,58.96666666666667,18.85,27698,,
finch,zipf,holdout,194,0.5,10,1-2,28,1.8473237006125505,6,0.8964430778622908,0.7394736153188132,1,-0.5056232647326344,21.1,2.1066666666666665,2986,,
finch,zipf,holdout,195,0.5,13,2-5,15,2.1886506472486813,21,1.4124290653294072,0.8998577455655633,0,-0.9022013725497572,46.733333333333334,13.273333333333333,22767,,
finch,zipf,holdout,196,0.5,6,2-5,29,2.2915927439137764,20,1.1527663960318821,0.8580554925421541,0,-0.6743237694407973,57.03333333333333,10.506666666666666,22360,,
finch,zipf,holdout,197,0.5,5,3-5,12,3.0620164163551946,30,0.5785160313933745,0.8605109494675544,0,-1.0091910165882068,55.0,19.85,36595,,
finch,zipf,holdout,198,0.5,4,3-5,25,1.290981479958287,26,0.6572339328829402,0.6618408928138302,0,-0.4662462236936008,71.66666666666667,11.173333333333334,31092,,
finch,zipf,holdout,199,0.5,12,2-5,22,3.6583020499509997,25,1.4120017980424973,0.9305917891070992,0,-0.9964102378943687,49.233333333333334,16.72,28344,,
finch,zipf,holdout,200,0.5,12,3-5,10,2.964239800973899,26,1.2129021067486248,0.9280736845470052,0,-1.1933564618141168,36.333333333333336,20.776666666666667,29852,,
finch,zipf,holdout,201,0.5,12,1-4,10,3.6227612459227996,25,1.045363925305145,0.8876603185796393,0,-0.9550945081717728,37.36666666666667,12.156666666666666,18643,,
finch,zipf,holdout,202,0.5,7,1-4,28,1.4036196067564082,17,1.2383101818279085,0.8438048748504697,0,-0.6920255065196343,50.9,9.683333333333334,13898,,
finch,zipf,holdout,203,0.5,12,2-5,12,2.7939692081973604,18,0.6143694419582555,0.9230922855502638,0,-1.043821712294249,40.333333333333336,14.153333333333334,18150,,
finch,zipf,holdout,204,0.5,12,2-5,25,3.3449174435743307,30,0.6771668090078858,0.9188459748904552,0,-0.9790036712690399,68.2,22.866666666666667,32435,,
finch,zipf,holdout,205,0.5,10,1-4,28,2.726740406328142,20,0.6546215567343636,0.8674514926734177,0,-0.7344455344224723,54.766666666666666,11.023333333333333,16140,,
finch,zipf,holdout,206,0.5,10,2-5,7,3.4638207684133984,13,0.9999045930715491,0.9037537300106216,0,-1.1618123447796573,22.333333333333332,8.726666666666667,13022,,
finch,zipf,holdout,207,0.5,9,1-2,15,3.3958766394864623,11,1.2860052015287347,0.7787833029095157,0,-0.6342339638962303,21.366666666666667,2.8733333333333335,5643,,
finch,zipf,holdout,208,0.5,4,3-5,13,2.2413962619546566,9,1.3838030823955836,0.8636435394371578,0,-0.7914234756935838,27.233333333333334,5.38,10842,,
finch,zipf,holdout,209,0.5,10,3-5,25,3.4880510877400552,23,1.5194989127259346,0.933199391628833,0,-1.082212601774561,45.233333333333334,18.59,28121,,
finch,zipf,holdout,210,0.5,6,1-4,7,1.870319750952483,29,1.4032284436551743,0.9025977312022065,0,-0.9423403639837663,43.766666666666666,13.02,18978,,
finch,zipf,holdout,211,0.5,8,3-5,11,3.710382275350629,9,0.7257623776554525,0.8993459633425913,0,-0.9211134507478366,25.766666666666666,6.183333333333334,10650,,
finch,zipf,holdout,212,0.5,10,2-5,23,3.552427208283297,10,1.5323724726535448,0.8957690658763547,0,-0.8765137181647121,25.533333333333335,5.863333333333333,10309,,
finch,zipf,holdout,213,0.5,10,1-4,5,1.4579802936349078,21,1.2164274895332268,0.9008204523381989,0,-1.0111194303460134,29.3,9.613333333333333,14636,,
finch,zipf,holdout,214,0.5,5,1-4,28,3.0446990469629234,12,1.1031440602305445,0.8190756999523122,0,-0.7131124444413602,32.166666666666664,5.45,9471,,
finch,zipf,holdout,215,0.5,10,3-5,8,1.294778120128429,11,1.057593746062694,0.9243617099402559,0,-1.0782835756884326,27.933333333333334,9.97,13391,,
finch,zipf,holdout,216,0.5,7,2-5,14,1.40539629026784,11,0.7577555826875604,0.8768438879539396,0,-0.6997600541163138,42.36666666666667,7.623333333333333,11162,,
finch,zipf,holdout,217,0.5,10,2-5,22,3.4166648725917703,16,0.9129984535876043,0.9076353228171449,0,-0.8837380345242817,40.2,9.766666666666667,16854,,
finch,zipf,holdout,218,0.5,11,1-2,29,2.0543213018763646,14,0.8993062230317073,0.7797468501921443,0,-0.5072958671495117,39.5,5.073333333333333,7301,,
finch,zipf,holdout,219,0.5,9,3-5,8,1.8540136328233154,10,1.330686421112921,0.9423956654263328,0,-1.1455156651108986,23.933333333333334,8.926666666666666,12063,,
finch,zipf,holdout,220,0.5,7,3-5,6,2.989259661472281,24,1.5011252475631718,0.9199465208968144,0,-1.289843375815249,29.766666666666666,17.413333333333334,31444,,
finch,zipf,holdout,221,0.5,7,1-4,28,3.9588926344461366,8,1.142369795627129,0.8313786563724336,0,-0.7841148300300261,22.633333333333333,4.056666666666667,6759,,
finch,zipf,holdout,222,0.5,5,1-2,9,1.8432517978671497,26,0.8888872467400433,0.7488735666128451,0,-0.5454049395532775,50.333333333333336,7.723333333333334,12069,,
finch,zipf,holdout,223,0.5,12,1-2,9,2.912916537105839,28,0.964959247069572,0.8753471337645351,0,-0.7745426705886491,42.166666666666664,9.093333333333334,12833,,
finch,zipf,holdout,224,0.5,14,3-5,6,3.079950713528298,6,0.9962368970235105,0.8658006845167224,0,-0.9636237666776312,15.6,4.543333333333333,7744,,
finch,zipf,holdout,225,0.5,5,1-4,27,1.3097387804401783,26,0.7063244018104329,0.6810093775469503,0,-0.38831198952314433,72.13333333333334,9.156666666666666,21309,,
finch,zipf,holdout,226,0.5,8,1-4,22,3.9116439324008376,7,0.5779826533299552,0.8007410972569259,0,-0.6528343512433634,22.466666666666665,3.06,5699,,
finch,zipf,holdout,227,0.5,8,3-5,30,2.5621897231262274,9,0.7802686935928252,0.8518279335272729,0,-0.640795867539508,40.13333333333333,6.423333333333333,10998,,
finch,zipf,holdout,228,0.5,11,3-5,16,3.302028839020713,21,1.084637812849898,0.920468935425852,0,-1.0513948807638576,44.4,17.21,24590,,
finch,zipf,holdout,229,0.5,10,2-5,17,3.0993455378458457,16,1.5527382630475934,0.9265512623056567,0,-1.1667746910367347,31.7,13.67,17653,,
finch,zipf,holdout,230,0.5,8,1-2,28,3.243130506621612,22,1.2264607894052082,0.7841321432094831,0,-0.5896138628454481,43.53333333333333,6.626666666666667,11364,,
finch,zipf,holdout,231,0.5,11,1-4,28,2.131889489382988,15,0.7990747448380098,0.8563608789280028,0,-0.6611402710929121,47.46666666666667,8.306666666666667,11627,,
finch,zipf,holdout,232,0.5,6,3-5,29,1.0137536310545472,16,0.6603508015662376,0.7467374836238169,0,-0.4148006489135191,81.6,10.826666666666666,19840,,
finch,zipf,holdout,233,0.5,12,1-4,25,3.549566435883005,22,0.5428104043678443,0.8518843053629604,0,-0.744282180605665,51.1,10.36,18031,,
finch,zipf,holdout,234,0.5,9,1-4,20,3.313007899859301,23,1.000711041597599,0.9020187903952782,0,-0.8671042716662799,47.03333333333333,11.813333333333333,18462,,
finch,zipf,holdout,235,0.5,5,1-2,8,1.9298109198720927,14,1.2693577007543344,0.7442599755918783,0,-0.4955530144358279,29.866666666666667,3.5566666666666666,6231,,
finch,zipf,holdout,236,0.5,14,1-2,29,2.495142683068578,26,0.9248108720909212,0.8108968383713525,0,-0.6234065103971288,58.06666666666667,9.976666666666667,12679,,
finch,zipf,holdout,237,0.5,11,3-5,21,2.837443866083662,20,1.1925069329544034,0.9221888897836928,0,-0.9340746435891305,50.0,14.58,22677,,
finch,zipf,holdout,238,0.5,6,2-5,9,3.298643411873415,29,1.4152851836655753,0.915146409867923,0,-1.0323106926476828,42.5,14.753333333333334,28568,,
finch,zipf,holdout,239,0.5,5,2-5,6,3.9923811539829956,6,0.9302542716291126,0.855138721066114,1,-0.9092723690236029,16.266666666666666,3.5366666666666666,6461,,
finch,zipf,holdout,240,0.5,7,1-4,15,1.7934190447617795,24,1.5901536960035212,0.8120103312267266,0,-0.5656557249279798,50.36666666666667,7.64,16130,,
finch,zipf,holdout,241,0.5,7,3-5,10,1.4643982406442584,16,0.67204784172171,0.9188759773304302,0,-0.9372894275302411,47.43333333333333,14.033333333333333,19639,,
finch,zipf,holdout,242,0.5,5,1-2,6,3.162900532828907,25,0.6123045252355557,0.7520418018558769,0,-0.6544757658814666,33.8,6.523333333333333,11118,,
finch,zipf,holdout,243,0.5,7,1-4,20,1.9477776032050056,19,0.918426252350378,0.8538213717478776,0,-0.7222459288346832,50.7,10.26,14951,,
finch,zipf,holdout,244,0.5,9,3-5,28,3.5727285420333508,15,0.8036941268331198,0.9029026790092122,0,-0.832642947275915,48.36666666666667,11.32,18364,,
finch,zipf,holdout,245,0.5,11,1-4,11,2.279911657426486,6,1.3137410507535479,0.8212268610390806,0,-0.7354646124140896,18.2,2.63,4463,,
finch,zipf,holdout,246,0.5,8,1-2,24,2.4619808487274635,20,0.8850780922678874,0.7680476910655227,0,-0.5726423480301047,45.266666666666666,6.713333333333333,10084,,
finch,zipf,holdout,247,0.5,11,2-5,13,2.099312206762211,11,1.2586174084803674,0.9070095196733227,0,-0.8222027991167817,32.06666666666667,7.093333333333334,12060,,
finch,zipf,holdout,248,0.5,13,1-4,8,3.610421726691535,22,0.6748223555054504,0.8986162441780098,0,-1.1120087123556586,32.43333333333333,12.423333333333334,18357,,
finch,zipf,holdout,249,0.5,7,2-5,29,3.088023450722154,18,1.1901430066024008,0.9076804559590064,0,-0.9586026423797672,42.666666666666664,13.733333333333333,19526,,
finch,zipf,holdout,250,0.5,12,1-2,11,2.2642655148823354,19,0.8777268109180876,0.8685681189246911,0,-0.7079840776636709,39.4,7.113333333333333,8854,,
finch,zipf,holdout,251,0.5,11,2-5,14,1.430982940163695,10,1.2457100334189535,0.9129496341311897,0,-0.9195818218472049,30.133333333333333,7.666666666666667,10567,,
finch,zipf,holdout,252,0.5,9,1-2,14,3.262334973183953,23,1.0791626760984525,0.8177106864459066,0,-0.775179650485208,38.2,8.9,11068,,
finch,zipf,holdout,253,0.5,6,1-2,7,2.303852784682132,19,0.8933744854850829,0.8117974193501464,0,-0.6552067712384345,34.06666666666667,5.676666666666667,8928,,
finch,zipf,holdout,254,0.5,6,1-2,28,2.6778505325166737,16,1.2433719191099715,0.7728342559013323,0,-0.6492217890792312,34.5,5.703333333333333,8486,,
finch,zipf,holdout,255,0.5,4,1-4,28,3.7978289475705314,24,0.8054265830935845,0.7514427034636224,0,-0.7220651702817658,37.93333333333333,7.35,20608,,
finch,zipf,holdout,256,0.5,13,3-5,22,2.2638924950306905,21,1.3363528796414248,0.9319951730706,0,-0.9674019337481333,52.63333333333333,17.61,26301,,
finch,zipf,holdout,257,0.5,9,1-2,12,1.4815308045434494,16,1.0235704216035348,0.7824124066169649,0,-0.5460287447008564,41.63333333333333,5.863333333333333,7455,,
finch,zipf,holdout,258,0.5,12,1-2,23,2.20308531671614,16,0.710297717442925,0.7634597045280781,0,-0.512842726938121,42.63333333333333,5.666666666666667,7891,,
finch,zipf,holdout,259,0.5,8,1-2,21,3.2873576021240187,20,1.1144024583971561,0.804145900653079,0,-0.6714836554666965,37.333333333333336,6.22,9979,,
finch,zipf,holdout,260,0.5,4,1-4,14,3.8027272744000378,26,1.3260419781144361,0.8459430775261242,0,-0.9546278291861369,37.06666666666667,11.336666666666666,23510,,
finch,zipf,holdout,261,0.5,11,2-5,12,2.5723473104484924,21,1.3750678744761156,0.918784150482806,0,-0.9303224126210891,40.666666666666664,12.136666666666667,23333,,
finch,zipf,holdout,262,0.5,11,3-5,13,2.8731144397519426,22,0.9437205683576707,0.9234125282660163,0,-1.0642719782342114,46.3,18.133333333333333,26940,,
finch,zipf,holdout,263,0.5,13,2-5,10,1.430582796521946,23,0.7027101572098925,0.9179847320427127,0,-1.188399182154154,44.53333333333333,22.963333333333335,25814,,
finch,zipf,holdout,264,0.5,7,1-4,11,3.288666772720655,11,0.7037861616234498,0.8448384351352267,0,-0.8222351824269784,26.333333333333332,5.266666666666667,8170,,
finch,zipf,holdout,265,0.5,9,2-5,13,1.9993239905537321,23,0.6629279825593747,0.9048318588222763,0,-0.9536966245040405,54.166666666666664,16.283333333333335,24673,,
finch,zipf,holdout,266,0.5,13,2-5,17,2.7858751753664674,11,0.5784592060106009,0.8954992238404375,0,-0.8004351222499966,36.233333333333334,7.6033333333333335,11285,,
finch,zipf,holdout,267,0.5,10,2-5,9,2.655997984317843,15,0.7247394931011366,0.9129956907581739,0,-0.9491587062430585,32.53333333333333,10.116666666666667,15766,,
finch,zipf,holdout,268,0.5,13,2-5,19,3.6271680916182687,25,1.4738857952418751,0.9363496491607531,0,-1.0057863019305266,43.3,15.16,27948,,
finch,zipf,holdout,269,0.5,6,1-4,8,2.494740092434666,6,0.5141364053548501,0.7655174317097064,1,-0.7044118515818902,17.8,2.44,4569,,
finch,zipf,holdout,270,0.5,6,1-2,27,2.7270820670616693,25,1.4761708046328335,0.8046597673125914,0,-0.6292985810220132,44.9,7.666666666666667,14137,,
finch,zipf,holdout,271,0.5,9,2-5,5,2.6437249710042163,23,1.4277310440622906,0.875736211602777,0,-1.0864277777971294,30.033333333333335,11.606666666666667,21788,,
finch,zipf,holdout,272,0.5,11,3-5,21,3.528619028614682,12,0.510271600297657,0.8919251565503472,0,-0.778532377420324,41.03333333333333,8.696666666666667,14572,,
finch,zipf,holdout,273,0.5,13,2-5,13,1.5182687355260445,27,1.3566167622689052,0.9370498763509684,0,-1.0818770677399854,52.833333333333336,21.683333333333334,30576,,
finch,zipf,holdout,274,0.5,12,2-5,24,3.703750739858646,26,0.7536549943418883,0.9101848223415128,0,-0.9488409851440051,57.46666666666667,17.62,27513,,
finch,zipf,holdout,275,0.5,7,2-5,18,2.7993266319871335,15,0.7898326442393457,0.8769938482964005,0,-0.7748506638061439,41.93333333333333,8.466666666666667,15537,,
finch,zipf,holdout,276,0.5,14,3-5,23,3.7878605815781867,25,0.9298619578615492,0.9246764675508334,0,-0.9901987388715908,55.93333333333333,18.996666666666666,30008,,
finch,zipf,holdout,277,0.5,8,3-5,22,3.635409696027744,7,1.0617029255231252,0.883000638118048,0,-0.8229303984054586,24.766666666666666,4.943333333333333,8392,,
finch,zipf,holdout,278,0.5,5,1-4,28,1.2734573318527596,17,1.0335603455581608,0.8048308451883688,0,-0.5874339695140326,56.166666666666664,9.3,13780,,
finch,zipf,holdout,279,0.5,7,1-4,28,3.85971855416979,25,0.7220297210271767,0.8906096830249136,0,-0.8663404610053009,53.56666666666667,13.65,20895,,
finch,zipf,holdout,280,0.5,4,3-5,26,2.3609292631311383,11,0.9227831958503667,0.8213898039832835,0,-0.641056299962942,37.56666666666667,6.156666666666666,13071,,
finch,zipf,holdout,281,0.5,14,2-5,14,2.736708734191752,19,0.9271013166196305,0.9162476032331084,0,-0.9685790265830876,41.9,12.636666666666667,18091,,
finch,zipf,holdout,282,0.5,12,1-4,12,1.7327807004727687,13,1.407003079685444,0.8546875064765682,0,-0.811102829692816,29.033333333333335,6.216666666666667,9232,,
finch,zipf,holdout,283,0.5,10,1-2,10,2.052466042352796,29,1.3604432152368857,0.8436171281548749,0,-0.7100076342799395,49.233333333333334,9.596666666666666,12991,,
finch,zipf,holdout,284,0.5,10,3-5,7,2.2413264085573408,13,1.3529099216173812,0.9166577105916442,0,-1.1183744216367435,23.966666666666665,9.686666666666667,16426,,
finch,zipf,holdout,285,0.5,13,1-4,10,2.4214089721406014,30,1.0137755808507043,0.9088062679549543,0,-0.988655118517395,47.46666666666667,15.793333333333333,23813,,
finch,zipf,holdout,286,0.5,12,3-5,19,2.260498134236138,22,0.8000653280867693,0.9246460742673845,0,-0.9576275825873578,61.266666666666666,19.486666666666668,27310,,
finch,zipf,holdout,287,0.5,6,1-4,18,3.6144769766085236,30,0.606609912957296,0.8292489117029196,0,-0.832194471533688,53.43333333333333,13.526666666666667,25241,,
finch,zipf,holdout,288,0.5,6,2-5,13,2.274217691139655,16,1.4769346438544013,0.8877266915476706,0,-0.9681086131961186,34.93333333333333,10.45,15322,,
finch,zipf,holdout,289,0.5,11,1-4,16,2.0893701325881464,13,0.5901297763054492,0.8585376882925845,0,-0.7482457677431555,37.43333333333333,6.983333333333333,10160,,
finch,zipf,holdout,290,0.5,5,1-4,9,1.5896152058405049,23,1.171202364616843,0.8827652247323173,0,-0.8688544377111728,44.1,11.95,16606,,
finch,zipf,holdout,291,0.5,5,1-2,30,3.6868527406147162,19,1.4356218081172432,0.7377109367868866,0,-0.6889384741574492,30.633333333333333,5.453333333333333,10509,,
finch,zipf,holdout,292,0.5,7,1-2,23,1.5382997815625898,9,1.401430677595326,0.7687425886237126,0,-0.49803980881077153,26.066666666666666,2.9566666666666666,4441,,
finch,zipf,holdout,293,0.5,6,1-2,22,1.6686606628069023,21,1.4253971357133373,0.789946919250848,0,-0.5297468784402799,47.1,6.49,10536,,
finch,zipf,holdout,294,0.5,6,2-5,17,2.1522958632519464,30,0.5585350716737494,0.839745360497414,0,-0.7485054355399343,75.3,16.563333333333333,32093,,
finch,zipf,holdout,295,0.5,12,2-5,27,3.860769327545829,11,0.7493765687174399,0.8792816206335619,0,-0.7990322389903651,34.6,6.953333333333333,11328,,
finch,zipf,holdout,296,0.5,8,1-2,13,1.7204330581501552,23,1.3253542014929864,0.845361333576717,0,-0.6276413364327404,46.766666666666666,7.6033333333333335,10355,,
finch,zipf,holdout,297,0.5,4,1-4,14,3.1168642261200787,23,1.0787149527591327,0.8068471058741112,0,-0.8047216826954371,38.766666666666666,8.896666666666667,16482,,
finch,zipf,holdout,298,0.5,6,2-5,30,3.750199270188614,29,0.6366306088045359,0.8750704019246314,0,-0.8569183529379998,63.8,16.656666666666666,31638,,
finch,zipf,holdout,299,0.5,5,1-2,25,2.568958961861247,15,0.5481286479523566,0.5250392255724698,3,-0.321019357381945,31.266666666666666,2.9566666666666666,8079,,
finch,zipf,holdout,300,0.5,5,1-2,8,2.0948858781679056,18,1.4147662721193486,0.8086817555281093,0,-0.5956122585992659,32.333333333333336,4.573333333333333,8349,,
finch,zipf,holdout,301,0.5,7,1-2,25,3.5086547592985493,23,0.8638880269815581,0.7255260560495981,0,-0.574737307157138,41.766666666666666,6.336666666666667,11559,,
finch,zipf,holdout,302,0.5,9,3-5,13,2.7582409640618106,27,0.6664377925385204,0.9043288719348157,0,-0.9880511615680659,58.13333333333333,18.83,31814,,
finch,zipf,holdout,303,0.5,7,1-4,11,3.3272443907556903,20,1.5620723929902947,0.8600502712872575,0,-0.9133201721324693,30.7,8.3,15221,,
finch,zipf,holdout,304,0.5,12,1-2,30,2.3976117028714334,13,0.9231095018902351,0.7872388723959973,0,-0.5961217214771634,33.03333333333333,4.696666666666666,6261,,
finch,zipf,holdout,305,0.5,6,1-4,5,2.539690008591806,25,0.8575632318957174,0.790393863827432,0,-0.732267434358785,35.6,7.6866666666666665,20051,,
finch,zipf,holdout,306,0.5,9,1-2,14,3.222442766736095,9,0.5028797088033513,0.6700118415081027,1,-0.5163417765458393,22.733333333333334,2.5566666666666666,4249,,
finch,zipf,holdout,307,0.5,10,2-5,20,1.5967303428375303,15,1.3219588379921365,0.9099555719227893,0,-0.8701186205690763,44.1,11.276666666666667,16075,,
finch,zipf,holdout,308,0.5,6,2-5,11,1.0911037260326246,19,1.2865445617240068,0.9040370507486963,0,-0.8723217001483429,48.733333333333334,12.676666666666666,17140,,
finch,zipf,holdout,309,0.5,11,1-4,21,3.358478784423619,28,0.7151626546718195,0.8675006880941333,0,-0.8092359809511046,55.733333333333334,12.913333333333334,20413,,
finch,zipf,holdout,310,0.5,5,1-2,17,3.4890250447509628,27,0.7160024745575978,0.6212724136840839,0,-0.47323017107622384,41.4,5.733333333333333,14134,,
finch,zipf,holdout,311,0.5,14,1-2,26,2.212565445357169,27,1.411715378414121,0.8656618980508115,0,-0.69697177420625,50.06666666666667,9.266666666666667,13035,,
finch,zipf,holdout,312,0.5,12,1-2,17,2.527622824023604,16,1.538941884316738,0.7821054119827301,0,-0.5733412097416937,30.7,4.33,7191,,
finch,zipf,holdout,313,0.5,9,1-2,7,2.2228103901263743,20,0.8501632115067996,0.8115452020430498,0,-0.6581921202108453,34.46666666666667,5.946666666666666,9020,,
finch,zipf,holdout,314,0.5,8,1-2,21,1.3630828755510798,20,0.8560877559946343,0.7691511982353936,0,-0.4911005444663047,56.96666666666667,7.866666666666666,9848,,
finch,zipf,holdout,315,0.5,8,2-5,27,2.3740340466396908,22,1.026492110717387,0.901231036101512,0,-0.8013915989092353,62.36666666666667,14.446666666666667,21871,,
finch,zipf,holdout,316,0.5,7,1-2,18,2.533834603023292,28,1.2942243453251643,0.8256237043691239,0,-0.650955375879745,52.96666666666667,9.343333333333334,14420,,
finch,zipf,holdout,317,0.5,5,3-5,25,3.907716576482991,27,1.278423236290345,0.9059516259303226,0,-1.014300583733691,51.43333333333333,18.69333333333333,31523,,
finch,zipf,holdout,318,0.5,11,3-5,21,1.8558539233543492,23,0.6154441026720316,0.9234732264966652,0,-0.8442858753374378,74.1,19.356666666666666,26944,,
finch,zipf,holdout,319,0.5,10,1-4,20,2.2488551186951287,21,1.4328368820628605,0.8610383319760012,0,-0.7181172652752408,47.233333333333334,8.893333333333333,16751,,
finch,zipf,holdout,320,0.5,4,2-5,19,1.0364308117673797,21,0.5119627451810039,0.569768572093039,4,-0.26769468924187617,56.0,5.783333333333333,22658,,
finch,zipf,holdout,321,0.5,11,1-4,16,2.6145795920215296,10,1.093755641654167,0.7982255082151973,0,-0.6432762244594616,28.666666666666668,4.51,7312,,
finch,zipf,holdout,322,0.5,7,2-5,5,3.175498242996251,9,0.7171977281197648,0.9009484104074634,0,-1.2081970884422562,17.566666666666666,6.85,10211,,
finch,zipf,holdout,323,0.5,11,1-4,9,3.16247040629854,30,0.9048279908132875,0.9043702946399547,0,-1.0640506275061157,41.06666666666667,15.156666666666666,21965,,
finch,zipf,holdout,324,0.5,11,3-5,19,2.0706119769927493,25,1.4139332843372827,0.9248682934770033,0,-0.8970067088826033,58.766666666666666,16.856666666666666,30482,,
finch,zipf,holdout,325,0.5,7,3-5,20,2.7271487993843646,26,1.109732216160702,0.9331401389677781,0,-1.043123904757325,59.2,22.473333333333333,31027,,
finch,zipf,holdout,326,0.5,13,2-5,10,2.057252754461935,18,0.5980842314650676,0.9140084015574241,0,-1.0389177441494624,36.46666666666667,12.606666666666667,18407,,
finch,zipf,holdout,327,0.5,11,2-5,8,2.40979695476752,12,1.255477372528367,0.9078724666750808,0,-1.0085117619193817,26.733333333333334,8.196666666666667,12573,,
finch,zipf,holdout,328,0.5,9,1-2,15,3.268585992272742,11,0.6904387510736355,0.6918889666610445,0,-0.5320921428787039,26.2,3.1566666666666667,5361,,
finch,zipf,holdout,329,0.5,12,2-5,9,2.48393978634961,21,1.2002237942200087,0.9082290979960226,0,-1.0946496546615196,33.6,15.63,21190,,
finch,zipf,holdout,330,0.5,10,1-4,7,2.9292626989492168,6,0.7070831167636866,0.8406102564784921,0,-0.8046732527630133,16.133333333333333,2.5566666666666666,4401,,
finch,zipf,holdout,331,0.5,8,2-5,28,1.4077271021896969,10,1.513993808671391,0.8939860381011556,0,-0.8543893686614159,32.46666666666667,7.36,9860,,
finch,zipf,holdout,332,0.5,11,2-5,14,3.3782084641026735,27,0.6258207798893132,0.9164729018841801,0,-1.0911938711701503,51.2,20.79,30708,,
finch,zipf,holdout,333,0.5,5,1-2,27,1.474965810545807,22,1.4101798471822493,0.8037089478505798,0,-0.5630169006801602,53.56666666666667,8.15,12149,,
finch,zipf,holdout,334,0.5,14,1-2,23,2.422018372325352,22,0.7454055851960437,0.8174136258886864,0,-0.628115754583125,50.333333333333336,8.273333333333333,10178,,
finch,zipf,holdout,335,0.5,8,2-5,20,3.7141895338560564,21,0.9346753843402269,0.9040436153318789,0,-0.9936419302547523,46.166666666666664,15.43,22554,,
finch,zipf,holdout,336,0.5,7,1-4,11,1.9070110093113657,18,1.08943850673313,0.8888906378688193,0,-0.8948900550621477,39.666666666666664,10.503333333333334,13913,,
finch,zipf,holdout,337,0.5,5,3-5,14,3.859129526349994,11,1.137378469997189,0.8569964046256296,0,-0.8237241048029988,28.666666666666668,6.256666666666667,14242,,
finch,zipf,holdout,338,0.5,5,2-5,30,2.8832561605571696,12,1.2212156346928316,0.869352450667436,0,-0.8077885029779434,36.96666666666667,8.06,14269,,
finch,zipf,holdout,339,0.5,10,1-2,22,3.2289399507960512,19,1.5550166946319182,0.828300941103768,0,-0.6976217832409511,30.533333333333335,5.213333333333333,9372,,
finch,zipf,holdout,340,0.5,14,2-5,25,1.970564826354343,13,1.191906475581559,0.9103336919037851,0,-0.8304853961014443,43.13333333333333,10.016666666666667,13225,,
finch,zipf,holdout,341,0.5,14,3-5,29,1.3515184094468378,14,1.5118911183110573,0.9039847636172057,0,-0.7842284209181654,49.06666666666667,10.643333333333333,16611,,
finch,zipf,holdout,342,0.5,5,2-5,20,3.6330196363041183,13,1.5568361690801014,0.8717194499111117,0,-0.8870165757804064,27.733333333333334,6.576666666666667,13400,,
finch,zipf,holdout,343,0.5,12,1-2,25,1.9073901275610303,27,1.3192325935986577,0.8461915622987882,0,-0.7241589217745033,55.96666666666667,11.48,14163,,
finch,zipf,holdout,344,0.5,6,2-5,26,2.3056291190963307,16,0.5353873305259665,0.7925711887007698,0,-0.5826306810914773,50.06666666666667,7.75,16506,,
finch,zipf,holdout,345,0.5,13,1-2,17,2.880641685476589,13,1.5570846700607794,0.7776574482513035,0,-0.6151066181123616,24.866666666666667,3.3766666666666665,6028,,
finch,zipf,holdout,346,0.5,9,1-4,12,2.470992143656889,24,0.8543592295711924,0.9030513535861906,0,-0.8593132779914024,47.333333333333336,11.543333333333333,18036,,
finch,zipf,holdout,347,0.5,13,3-5,9,2.268904528685752,7,0.7895020004904929,0.8913019763846285,0,-0.8590325655243062,23.366666666666667,5.17,7737,,
finch,zipf,holdout,348,0.5,11,1-2,30,1.5385524703200308,8,1.2467623544278819,0.8125747442742401,0,-0.575952261681971,25.633333333333333,3.15,3938,,
finch,zipf,holdout,349,0.5,11,1-4,22,2.127832325129673,9,1.4749283453705884,0.8897381252448658,0,-0.9520823615609068,23.766666666666666,6.273333333333333,8261,,
finch,zipf,holdout,350,0.5,9,2-5,23,2.448865504618089,14,0.7637029377328388,0.8883229383056648,0,-0.7410528842463308,47.53333333333333,9.33,14326,,
finch,zipf,holdout,351,0.5,5,3-5,24,2.0887692881410302,21,0.7171270326655375,0.8117095689470396,0,-0.6207269671081784,60.93333333333333,10.573333333333334,24826,,
finch,zipf,holdout,352,0.5,6,1-2,11,3.928495098234147,25,1.4425366700338427,0.7338444020700697,0,-0.6247615256801916,34.2,5.98,10537,,
finch,zipf,holdout,353,0.5,9,1-4,27,3.380696966287668,26,0.5375021825498341,0.8456226344753635,0,-0.7447903723233439,57.1,11.593333333333334,19307,,
finch,zipf,holdout,354,0.5,5,2-5,6,1.067454627176,23,1.4518801852195085,0.9367666971822977,0,-1.2572505754403587,31.033333333333335,16.246666666666666,22411,,
finch,zipf,holdout,355,0.5,14,1-4,27,2.2633741297622736,15,1.239620616776096,0.8649486994613321,0,-0.7170261991745033,40.63333333333333,7.636666666666667,12178,,
finch,zipf,holdout,356,0.5,5,1-2,18,3.4281040095875026,13,0.8225246815144166,0.5774337130894182,1,-0.4183901847105436,25.5,2.68,6927,,
finch,zipf,holdout,357,0.5,4,3-5,29,3.685863400687371,13,1.2466442193537652,0.8610192261459977,1,-0.8712605595414079,30.7,7.083333333333333,15045,,
finch,zipf,holdout,358,0.5,13,1-4,22,2.8065105695705075,26,0.9203401114641783,0.8749722134197169,0,-0.7604242901078412,55.03333333333333,11.933333333333334,19838,,
finch,zipf,holdout,359,0.5,12,2-5,12,1.7168142223589489,21,0.9157576137913137,0.9226469065202099,0,-1.0382372375390077,46.233333333333334,16.96,22767,,
finch,zipf,holdout,360,0.5,7,1-4,29,3.944695495926829,8,0.8744183917002623,0.8272822132207572,0,-0.7060147153571936,24.933333333333334,4.016666666666667,6676,,
finch,zipf,holdout,361,0.5,6,1-2,24,1.9667188177446464,9,0.5647708541163845,0.6825211031684055,0,-0.4874305603935356,27.466666666666665,3.08,4804,,
finch,zipf,holdout,362,0.5,9,3-5,5,1.9649760500470417,8,1.1723258504429444,0.8967417579252188,0,-0.9801827657775007,19.566666666666666,5.096666666666667,9204,,
finch,zipf,holdout,363,0.5,6,1-4,25,3.5594737901070554,23,1.0603926920447202,0.8814148413811325,0,-0.8355937032679681,47.266666666666666,11.163333333333334,17581,,
finch,zipf,holdout,364,0.5,9,1-4,17,1.559405818136934,29,0.9048284905660501,0.8963431326444551,0,-0.8547594054205255,67.76666666666667,18.436666666666667,22390,,
finch,zipf,holdout,365,0.5,5,3-5,16,3.248031372354873,30,1.544839908534732,0.898575332569049,0,-1.0035676943407748,47.13333333333333,16.65,34475,,
finch,zipf,holdout,366,0.5,13,3-5,6,3.1660511751418614,21,1.0206475741623797,0.9096014306147684,0,-1.3462802603479254,26.3,16.466666666666665,24812,,
finch,zipf,holdout,367,0.5,14,2-5,11,2.992509563120813,13,0.6766444509195757,0.9116012830603222,0,-0.9709245929695702,30.433333333333334,9.02,12591,,
finch,zipf,holdout,368,0.5,10,3-5,27,1.9843845173781216,26,1.2739778531365777,0.93320465310767,0,-0.898109440359009,69.66666666666667,20.73,31817,,
finch,zipf,holdout,369,0.5,12,3-5,17,1.857480760228275,30,1.0947412353026054,0.9375477192363146,0,-1.0822599577209835,64.5,28.006666666666668,37036,,
finch,zipf,holdout,370,0.5,12,1-4,18,3.2999376287642868,29,0.6315674560427023,0.897888041937879,0,-0.8747936720374976,57.06666666666667,14.95,23216,,
finch,zipf,holdout,371,0.5,9,2-5,16,2.363402017538629,25,0.7884482160541468,0.8954492304342705,0,-0.8311394657435432,59.266666666666666,14.673333333333334,26551,,
finch,zipf,holdout,372,0.5,6,2-5,20,1.5090956141752518,12,0.5265470209088554,0.8183231490151677,0,-0.5555847643354549,47.3,6.8933333333333335,12101,,
finch,zipf,holdout,373,0.5,11,1-4,29,2.759860130805148,8,0.5233198948845574,0.7867210239873533,0,-0.5428740052877185,28.366666666666667,3.4633333333333334,5798,,
finch,zipf,holdout,374,0.5,5,2-5,14,1.0555230090097099,10,1.2494974743260103,0.87496162909369,0,-0.7249281026204546,37.233333333333334,6.94,10867,,
finch,zipf,holdout,375,0.5,14,1-2,11,3.766677646975084,10,0.518750556591521,0.7438162721479517,1,-0.6494219242025656,21.233333333333334,3.013333333333333,4651,,
finch,zipf,holdout,376,0.5,6,1-4,18,2.914491291348557,9,0.7389958535624551,0.8186790502632981,1,-0.6554032248749743,26.4,3.8766666666666665,6853,,
finch,zipf,holdout,377,0.5,10,1-2,20,1.4743759245418673,27,0.6901892782227117,0.8212688884608039,0,-0.6414937494343946,69.13333333333334,12.26,12463,,
finch,zipf,holdout,378,0.5,8,1-2,25,3.2568503997650864,11,1.0368884725044025,0.7709055535538989,0,-0.6177229796085028,26.133333333333333,3.533333333333333,5771,,
finch,zipf,holdout,379,0.5,8,1-4,19,3.5022679782093147,9,1.241478387119881,0.8461950148127646,0,-0.70861216134583,22.066666666666666,3.4633333333333334,5801,,
finch,zipf,holdout,380,0.5,10,1-2,13,1.0011062999095626,10,1.3304976166175844,0.8786412951867437,0,-0.8788384555245343,24.4,5.3133333333333335,5116,,
finch,zipf,holdout,381,0.5,12,3-5,27,1.0493715174419629,7,0.7744495483887983,0.8316376880177542,0,-0.5305349389808266,42.43333333333333,5.71,8139,,
finch,zipf,holdout,382,0.5,7,1-2,17,1.5163105155736614,6,1.0937839133700753,0.6786759942408928,0,-0.3905527436449264,20.233333333333334,1.6533333333333333,2682,,
finch,zipf,holdout,383,0.5,4,3-5,11,3.6260821837349533,20,1.5787190577450971,0.9088678658373757,0,-1.0841795005030437,31.933333333333334,11.436666666666667,24528,,
finch,zipf,holdout,384,0.5,9,1-4,7,1.0812114204867027,21,1.4683827132134755,0.8981732254228537,0,-0.8690471951852122,38.43333333333333,9.513333333333334,18107,,
finch,zipf,holdout,385,0.5,8,1-4,22,1.057089208049808,15,0.7210555394781376,0.8460605458004354,0,-0.5718151217048316,56.8,8.69,10891,,
finch,zipf,holdout,386,0.5,9,1-2,6,1.2991328315438264,28,0.5174865451392165,0.8132195644441657,0,-0.6287507239006297,52.96666666666667,9.713333333333333,11991,,
finch,zipf,holdout,387,0.5,12,2-5,28,3.723427237202072,28,0.744657906920041,0.9200937337210997,0,-0.928630347125989,62.766666666666666,18.97,29374,,
finch,zipf,holdout,388,0.5,14,1-2,24,2.850762837878791,18,1.5705169867484803,0.8019768283889825,0,-0.6171759468502672,31.9,4.783333333333333,8883,,
finch,zipf,holdout,389,0.5,13,1-2,30,3.611309649184247,22,0.7605270615561517,0.7823016387341535,0,-0.6200486995932919,44.833333333333336,7.243333333333333,11277,,
finch,zipf,holdout,390,0.5,8,2-5,20,1.2014551606154504,10,0.8873567161516884,0.8726421219238449,0,-0.6603546659250598,44.3,7.623333333333333,10598,,
finch,zipf,holdout,391,0.5,11,2-5,23,2.0200858249174067,14,0.7233470326490115,0.8702466653742374,0,-0.714923098060929,49.733333333333334,9.4,15628,,
finch,zipf,holdout,392,0.5,10,1-4,9,2.7621246450224737,22,1.0719940305059406,0.8651418281007982,0,-0.8860391557984253,35.7,8.726666666666667,15881,,
finch,zipf,holdout,393,0.5,8,2-5,16,1.2757104905747565,19,1.4880118143372854,0.8972696884876538,0,-0.7746024076992987,51.86666666666667,11.496666666666666,17696,,
finch,zipf,holdout,394,0.5,10,1-2,28,2.72931557965958,24,1.3297444101582439,0.8092251303195569,0,-0.639046035751075,46.666666666666664,8.003333333333334,11396,,
finch,zipf,holdout,395,0.5,13,1-4,30,1.2743313536144238,22,0.9578477634033986,0.8949894151867077,0,-0.7324831154043242,74.46666666666667,15.36,17033,,
finch,zipf,holdout,396,0.5,11,3-5,14,3.568771015899002,24,0.6121276268999956,0.906033665066167,0,-1.0787087198032494,50.13333333333333,19.32,29838,,
finch,zipf,holdout,397,0.5,4,1-4,6,3.8657735885047266,19,0.6508620824697894,0.8156564785567958,0,-0.9820043364995883,26.266666666666666,8.3,13434,,
finch,zipf,holdout,398,0.5,11,1-4,6,3.594211574925028,25,0.7331482181700888,0.8822237924010679,0,-1.0273024683222336,30.7,11.013333333333334,19017,,
finch,zipf,holdout,399,0.5,7,2-5,8,2.276254314676226,24,1.1514140681137346,0.9164094017473826,0,-1.0575336073403447,40.266666666666666,16.176666666666666,24411,,
finch,zipf,holdout,400,0.5,9,3-5,7,2.4641430695125996,10,0.6507980468911383,0.8971085563933827,0,-1.0495397438246787,24.566666666666666,8.07,12248,,
finch,zipf,holdout,401,0.5,13,1-2,14,1.5810241600384798,6,1.0831241012668142,0.712289223429168,0,-0.5655762848690548,18.8,2.0966666666666667,2861,,
finch,zipf,holdout,402,0.5,4,2-5,6,3.299074115751134,26,0.7609494278369937,0.868848522756034,0,-1.2252942082174993,31.166666666666668,16.126666666666665,29499,,
finch,zipf,holdout,403,0.5,5,1-2,5,1.729814619771892,11,1.2271507544729376,0.7749350532492663,1,-0.5503064438907193,22.066666666666666,2.61,5285,,
finch,zipf,holdout,404,0.5,10,3-5,18,3.9772923885609397,20,1.3345144984897583,0.9263942162737339,0,-1.0367060807673782,38.766666666666666,13.69,24782,,
finch,zipf,holdout,405,0.5,13,1-2,19,2.6568637318038957,29,0.7604002150827027,0.8425007073393871,0,-0.6639888719727852,57.5,10.363333333333333,14565,,
finch,zipf,holdout,406,0.5,11,1-2,14,3.290831379236468,26,1.503080543672708,0.8155590016687463,0,-0.5988391496704041,38.43333333333333,6.03,13271,,
finch,zipf,holdout,407,0.5,14,2-5,5,2.6839588680452606,15,0.8694677296998541,0.9037234158900878,0,-1.4474297233875708,17.533333333333335,14.073333333333334,17078,,
finch,zipf,holdout,408,0.5,13,1-2,17,1.0055011118658768,11,1.192438943726638,0.8142252549206391,0,-0.6897268344005637,32.13333333333333,5.536666666666667,5416,,
finch,zipf,holdout,409,0.5,11,1-2,21,1.9906776768917247,28,0.7348516386611949,0.8433480816836746,0,-0.6741786506647993,64.26666666666667,12.113333333333333,14044,,
finch,zipf,holdout,410,0.5,5,3-5,19,3.0415486399541365,27,0.9643997341079846,0.9067456540832811,0,-1.008462084454863,58.3,19.863333333333333,31356,,
finch,zipf,holdout,411,0.5,6,3-5,23,3.905249014714821,13,0.711092153259796,0.8746942287213281,0,-0.8165190789195796,37.5,8.143333333333333,15778,,
finch,zipf,holdout,412,0.5,12,2-5,9,2.095191134448108,20,1.147572839916948,0.9190685062640166,0,-1.1483786260420001,33.86666666666667,14.233333333333333,20670,,
finch,zipf,holdout,413,0.5,7,1-2,12,3.478440542815412,10,0.9814061403750227,0.7426300640753205,1,-0.6489631564443269,20.433333333333334,2.8,4883,,
finch,zipf,holdout,414,0.5,14,3-5,15,2.6314997470153565,17,1.2381965821824532,0.9205912406337451,0,-0.967841902099721,38.733333333333334,12.273333333333333,18616,,
finch,zipf,holdout,415,0.5,14,3-5,20,3.4845012472342036,12,1.3087289827625312,0.91422483873178,0,-0.9659739983649991,31.566666666666666,9.126666666666667,14206,,
finch,zipf,holdout,416,0.5,11,3-5,15,2.010646444200897,25,1.1390233010241715,0.9387458847515165,0,-1.0054319489327979,56.166666666666664,19.88,29320,,
finch,zipf,holdout,417,0.5,6,1-2,15,3.6973906568112693,17,1.538513436018667,0.7103861488550786,0,-0.6991439263386455,26.233333333333334,4.493333333333333,8620,,
finch,zipf,holdout,418,0.5,13,3-5,13,2.1698749044093626,29,1.2337016474141111,0.9279079734018132,0,-1.0149222002818703,54.46666666666667,19.733333333333334,33583,,
finch,zipf,holdout,419,0.5,13,3-5,22,3.7513244441432185,19,1.214865712465975,0.9311063271582875,0,-1.0515035946331246,41.666666666666664,15.376666666666667,21827,,
finch,zipf,holdout,420,0.5,9,1-4,12,3.3948237126102017,12,0.915593230274395,0.8814039182684943,0,-0.9459599744976075,26.833333333333332,6.983333333333333,9347,,
finch,zipf,holdout,421,0.5,5,1-2,29,3.3887882934932905,30,1.584128058482998,0.7756653014111309,0,-0.7224708882723542,42.1,8.813333333333333,16205,,
finch,zipf,holdout,422,0.5,8,3-5,27,1.9740061135103617,9,1.2959020887371326,0.8700045600919432,0,-0.7569108004922074,35.13333333333333,6.966666666666667,10587,,
finch,zipf,holdout,423,0.5,14,1-4,12,3.5039944183567027,8,0.8619827861958682,0.8474300464659411,0,-0.7982694278611654,20.633333333333333,3.6866666666666665,6070,,
finch,zipf,holdout,424,0.5,4,1-2,6,3.197431699193479,15,1.532497908505178,0.7972039472351559,0,-0.7132041831649049,20.966666666666665,3.58,7960,,
finch,zipf,holdout,425,0.5,11,3-5,8,3.884889921788261,19,0.5332005561483353,0.9064510089930065,0,-1.1340113234283773,30.466666666666665,13.08,23065,,
finch,zipf,holdout,426,0.5,13,1-4,21,3.4540621827684506,12,0.8010832981558348,0.8562608000373276,0,-0.7494927401640353,31.5,5.65,9189,,
finch,zipf,holdout,427,0.5,7,1-4,29,3.004176788318284,20,1.3679915164499135,0.8714442230038756,0,-0.7596013349925991,44.833333333333336,9.346666666666666,14958,,
finch,zipf,holdout,428,0.5,9,3-5,12,2.0144709726237906,14,0.9529555574366055,0.9174281815318341,0,-0.8978420099411986,39.53333333333333,10.563333333333333,16561,,
finch,zipf,holdout,429,0.5,14,2-5,26,2.197465615644021,28,1.4477848845528634,0.9356043732269672,0,-0.9393957061771459,61.53333333333333,19.096666666666668,29890,,
finch,zipf,holdout,430,0.5,8,1-2,10,1.115930730974006,23,0.7686006211180494,0.8660035588903267,0,-0.74425085896465,52.666666666666664,10.783333333333333,10984,,
finch,zipf,holdout,431,0.5,11,1-4,18,1.2015668819615302,13,1.3704819178921257,0.885912197215717,0,-0.8506872090880975,35.9,8.263333333333334,9966,,
finch,zipf,holdout,432,0.5,6,3-5,5,3.7053479214945773,9,1.4104454544524299,0.8995920985895801,0,-1.3657475028472943,14.566666666666666,6.8933333333333335,10826,,
finch,zipf,holdout,433,0.5,12,3-5,17,2.9074743030856958,30,0.5341866078124136,0.921437146668161,0,-1.025926943127913,65.33333333333333,24.016666666666666,35570,,
finch,zipf,holdout,434,0.5,11,1-2,15,3.2610786753263303,11,0.9839747160172733,0.7515073675963341,0,-0.6350109378397005,23.733333333333334,3.3633333333333333,5235,,
finch,zipf,holdout,435,0.5,14,1-2,29,2.359956933552401,23,1.1649604076452147,0.8290666113499905,0,-0.6054954560452893,48.8,7.786666666666667,11430,,
finch,zipf,holdout,436,0.5,11,2-5,21,2.0528970573437646,19,1.1715099474533592,0.9169153171180339,0,-0.8413819153113198,54.06666666666667,13.54,19908,,
finch,zipf,holdout,437,0.5,4,3-5,20,2.6118350172927958,30,1.3713730616456656,0.8808304851450316,0,-0.873040723345122,56.43333333333333,15.446666666666667,36293,,
finch,zipf,holdout,438,0.5,14,1-2,26,2.3478412708774936,29,0.9516203745303957,0.839252525643013,0,-0.6903387163005829,61.5,11.693333333333333,14575,,
finch,zipf,holdout,439,0.5,8,3-5,15,3.0603920302294885,22,0.865457869492338,0.9139646621001177,0,-0.9567925280486024,51.733333333333334,16.213333333333335,27376,,
finch,zipf,holdout,440,0.5,12,3-5,11,1.1664321539078957,16,1.574091645157335,0.9345123214087686,0,-0.9694696565011701,37.8,12.123333333333333,18705,,
finch,zipf,holdout,441,0.5,9,1-4,26,3.852000346241329,27,0.7244301609150959,0.8713469920555137,0,-0.9506770251574659,49.333333333333336,14.826666666666666,20895,,
finch,zipf,holdout,442,0.5,8,1-2,6,3.374626782736306,8,1.0003857783733245,0.7708195730705056,0,-0.7654570459516671,16.166666666666668,2.4133333333333336,3559,,
finch,zipf,holdout,443,0.5,11,1-4,24,3.8869110775693274,23,1.5024709642289071,0.8714614177782352,0,-0.8206555978974278,39.8,9.913333333333334,18340,,
finch,zipf,holdout,444,0.5,12,1-4,14,1.058309983090609,21,0.9243455332333457,0.9266715685233763,0,-0.9579914902953521,51.766666666666666,16.2,15712,,
finch,zipf,holdout,445,0.5,8,2-5,5,1.5762432901774726,26,1.0930903180263858,0.9114184617986726,0,-1.3555836754954174,28.933333333333334,21.073333333333334,25043,,
finch,zipf,holdout,446,0.5,11,2-5,5,1.7562389981097812,12,0.9312529609516357,0.8872391385944004,0,-1.0214446376187518,23.4,7.536666666666667,11094,,
finch,zipf,holdout,447,0.5,12,1-4,19,1.3691350733281964,9,0.6260474783129244,0.813333700496891,0,-0.5597275315324507,34.06666666666667,4.516666666666667,6142,,
finch,zipf,holdout,448,0.5,5,1-4,30,1.6334294623421188,29,0.9511260540716547,0.7681119871136801,0,-0.5252275536780426,74.3,11.776666666666667,23975,,
finch,zipf,holdout,449,0.5,8,3-5,29,1.5998924653665219,16,1.2554166448959645,0.8958293625002418,0,-0.7535518666212558,58.333333333333336,12.353333333333333,18675,,
finch,zipf,holdout,450,0.5,5,3-5,19,2.3393192289643285,13,1.4964665577541711,0.855292132674631,0,-0.7521206946587535,34.46666666666667,7.2,15910,,
finch,zipf,holdout,451,0.5,9,1-4,30,1.0497678158249166,20,1.2237707932582633,0.8270936105128539,0,-0.6229784924256404,64.23333333333333,11.613333333333333,15353,,
finch,zipf,holdout,452,0.5,7,3-5,25,2.9225757912674553,18,0.7136487588525211,0.9106906680168729,0,-0.8850440474365998,55.2,15.183333333333334,22156,,
finch,zipf,holdout,453,0.5,9,1-2,5,3.2351282311890146,8,0.5947026244110301,0.7470824447374012,0,-0.6272726495294282,15.466666666666667,1.7733333333333334,3703,,
finch,zipf,holdout,454,0.5,5,3-5,13,3.8496883610982056,13,0.5249526602457838,0.879461045801125,0,-0.9291439637993106,32.56666666666667,8.22,15724,,
finch,zipf,holdout,455,0.5,13,3-5,17,2.6420164624237543,20,1.4169101631325116,0.9311699308997873,0,-0.9915459603390521,41.86666666666667,14.22,24677,,
finch,zipf,holdout,456,0.5,9,2-5,19,1.2945434970265657,10,0.7083369234383787,0.8784658557188872,0,-0.5979267537184135,48.86666666666667,7.543333333333333,10722,,
finch,zipf,holdout,457,0.5,14,2-5,29,1.1391212696958266,6,0.682933590649355,0.7955740487160324,0,-0.4914176349963531,34.06666666666667,4.1,6098,,
finch,zipf,holdout,458,0.5,9,2-5,11,2.5709677787559992,20,1.0933732077667084,0.9230234970233194,0,-1.0841014898615267,38.166666666666664,14.67,22604,,
finch,zipf,holdout,459,0.5,13,3-5,24,1.135341381669579,10,1.0143894867521674,0.9062245880441469,0,-0.7630153048016256,43.93333333333333,8.876666666666667,11866,,
finch,zipf,holdout,460,0.5,10,3-5,20,2.984653828568744,9,1.2812094396089337,0.896608296500928,0,-0.8713708691196396,29.933333333333334,6.83,11432,,
finch,zipf,holdout,461,0.5,9,1-2,22,1.4480662627875462,30,0.7603159654812853,0.8109144270666431,0,-0.5865618946519235,78.26666666666667,12.926666666666666,14348,,
finch,zipf,holdout,462,0.5,12,1-4,18,2.980633019763979,8,1.58490956247517,0.8776328692939219,0,-0.846206838630376,19.266666666666666,3.8233333333333333,6884,,
finch,zipf,holdout,463,0.5,14,1-2,26,3.085215334072157,20,0.7301665326067788,0.7322147132276815,0,-0.5181895951842798,45.03333333333333,6.316666666666666,9826,,
finch,zipf,holdout,464,0.5,7,2-5,24,2.7956240506481795,10,1.20842624748119,0.880825059075477,0,-0.877084468422504,30.333333333333332,7.273333333333333,10942,,
finch,zipf,holdout,465,0.5,11,1-4,22,2.6756630884329944,8,1.472284653280994,0.831836766273738,0,-0.7358572692212366,23.0,4.003333333333333,6750,,
finch,zipf,holdout,466,0.5,9,1-2,5,1.6040616781527992,11,1.301256573022986,0.854800903853225,0,-0.7615602231813438,21.466666666666665,3.47,4804,,
finch,zipf,holdout,467,0.5,8,1-4,9,2.4700670216646685,11,0.6907387133787735,0.8754606844847962,0,-0.8603050959911189,25.833333333333332,5.586666666666667,8502,,
finch,zipf,holdout,468,0.5,6,1-2,28,2.245782855907814,18,0.9315420649024204,0.7164873027438503,0,-0.519584444394128,43.166666666666664,5.976666666666667,9756,,
finch,zipf,holdout,469,0.5,4,2-5,12,2.4850139256119697,25,0.7157545660819482,0.8338463357761422,0,-0.8201118343669703,49.333333333333336,11.7,24982,,
finch,zipf,holdout,470,0.5,12,3-5,22,1.234302415099472,28,1.1793723847265483,0.9414917448653949,0,-0.9849531192968148,78.06666666666666,27.60333333333333,33650,,
finch,zipf,holdout,471,0.5,13,1-2,9,3.1016683804646807,16,1.4159953652188522,0.7758130499601189,0,-0.5917039537762385,25.666666666666668,3.66,7636,,
finch,zipf,holdout,472,0.5,7,1-2,13,2.0354430661591953,27,1.500943175012188,0.8380778773402192,0,-0.7037591854483441,45.13333333333333,8.863333333333333,13500,,
finch,zipf,holdout,473,0.5,5,2-5,18,2.401230297586485,6,1.4180909053219632,0.8461212513499977,0,-0.6921015021920989,21.066666666666666,3.0966666666666667,6268,,
finch,zipf,holdout,474,0.5,12,1-4,21,2.612403765345542,22,0.8212608807796904,0.9022135989400726,0,-0.8370455585005481,53.233333333333334,12.746666666666666,17094,,
finch,zipf,holdout,475,0.5,5,3-5,19,2.5108085283408283,14,0.7447322604993749,0.8641891756693024,0,-0.7328447650638118,44.4,8.62,16799,,
finch,zipf,holdout,476,0.5,11,1-4,23,1.768452437567193,11,0.9494643800425588,0.84988486265235,0,-0.6384311828942711,38.6,6.1066666666666665,8147,,
finch,zipf,holdout,477,0.5,10,3-5,9,2.1294852222629217,25,0.8469308094960875,0.9188458647656363,0,-1.1549043190627972,41.733333333333334,20.026666666666667,30260,,
finch,zipf,holdout,478,0.5,9,2-5,20,2.8839593428468184,6,1.3982340065260017,0.860336290922557,0,-0.8372861553646425,19.566666666666666,3.7066666666666666,6956,,
finch,zipf,holdout,479,0.5,14,2-5,6,1.5124084003170262,9,1.2696582111320933,0.8881961304164524,0,-0.9538797818701679,20.566666666666666,6.02,7947,,
finch,zipf,holdout,480,0.5,13,1-2,22,2.3284539740768264,20,0.9655256594470323,0.839859552710069,0,-0.6404347539475598,45.13333333333333,7.486666666666666,9333,,
finch,zipf,holdout,481,0.5,10,1-2,22,3.373713989509451,24,0.6564293800947469,0.7578456255069084,0,-0.6092684504850073,46.1,7.56,11367,,
finch,zipf,holdout,482,0.5,14,1-4,13,2.5665155199496987,13,0.5982188029396919,0.8755743749124674,0,-0.803503542224442,32.833333333333336,6.966666666666667,9394,,
finch,zipf,holdout,483,0.5,6,1-2,13,2.404479729621545,11,0.7854504264871217,0.7175143195570155,0,-0.57246458219695,25.2,3.33,5212,,
finch,zipf,holdout,484,0.5,5,1-4,7,1.6101300274723456,25,1.5795724409534766,0.8958927346386343,0,-0.8526155314228833,40.733333333333334,10.126666666666667,20243,,
finch,zipf,holdout,485,0.5,8,1-4,8,2.5732312381529177,22,0.8046094323635276,0.90601862735205,0,-1.0285312399259656,36.6,12.36,19090,,
finch,zipf,holdout,486,0.5,9,2-5,19,2.2910135110301404,26,1.0681597903898568,0.9297912023066177,0,-1.0447199081372072,57.53333333333333,21.106666666666666,28443,,
finch,zipf,holdout,487,0.5,8,1-2,22,3.3392526264064926,15,0.6134124174544753,0.6839638088811498,0,-0.4520310066744603,33.1,3.88,7433,,
finch,zipf,holdout,488,0.5,9,3-5,13,1.5018147908687443,30,1.5142432888409778,0.9406188747915457,0,-1.009543991908153,59.63333333333333,22.313333333333333,38698,,
finch,zipf,holdout,489,0.5,5,3-5,11,3.3145816208875285,19,1.3951020429532146,0.9133206254308568,0,-1.0959098157063594,32.9,12.436666666666667,20735,,
finch,zipf,holdout,490,0.5,14,1-4,6,1.2750776060500806,16,0.6700086349722014,0.9041761520767362,0,-1.1804578532334402,25.233333333333334,12.8,13683,,
finch,zipf,holdout,491,0.5,6,2-5,20,2.6428570730484284,27,0.5979086947357488,0.8570155305147771,0,-0.8010807344941527,66.46666666666667,15.626666666666667,28842,,
finch,zipf,holdout,492,0.5,6,1-2,22,3.2451881446140414,13,0.5687047473419067,0.6379566266625087,0,-0.5026890088423307,28.4,3.5933333333333333,6703,,
finch,zipf,holdout,493,0.5,5,2-5,28,2.1736594652441075,28,0.9906586307354773,0.8560582648657152,0,-0.7758725458994575,72.43333333333334,16.89666666666667,31431,,
finch,zipf,holdout,494,0.5,13,1-4,24,1.1473724718415865,7,1.2307700155913164,0.7967230167044567,0,-0.5946220799294946,28.0,3.7933333333333334,5673,,
finch,zipf,holdout,495,0.5,4,1-4,25,3.198768871336763,26,0.8072611972691518,0.7762197403495809,0,-0.7192021508574816,44.166666666666664,8.913333333333334,22797,,
finch,zipf,holdout,496,0.5,8,1-4,16,2.178710075932237,28,0.758087439653145,0.8556147316555524,0,-0.7875157926563644,63.5,14.49,21547,,
finch,zipf,holdout,497,0.5,5,3-5,12,2.2710389870081253,30,0.7018958981283023,0.8596820473594912,0,-0.9219044139103842,62.03333333333333,19.973333333333333,34756,,
finch,zipf,holdout,498,0.5,4,1-4,18,1.2508641932423281,15,1.3933508296934947,0.858689246358424,0,-0.7460556331535088,40.2,8.543333333333333,14044,,
finch,zipf,holdout,499,0.5,5,3-5,10,2.75961977870946,18,0.6541056960792831,0.875822482602763,0,-0.9042787011821508,40.06666666666667,10.58,21514,,
finch,uniform,holdout,0,0.5,5,3-5,10,1.1969416482142892,19,,0.8606931387850985,0,-0.6526566670272999,62.333333333333336,11.256666666666666,22572,,
finch,uniform,holdout,1,0.5,13,3-5,11,2.4641282738161028,10,,0.8946478358670616,0,-0.9675226474784026,29.133333333333333,8.94,11978,,
finch,uniform,holdout,2,0.5,12,2-5,21,2.255251501974386,10,,0.8660053052841927,0,-0.6423632726631529,42.43333333333333,7.033333333333333,10581,,
finch,uniform,holdout,3,0.5,13,3-5,22,3.698781742215087,15,,0.8984053319637223,0,-0.8205003587081966,46.333333333333336,10.906666666666666,17666,,
finch,uniform,holdout,4,0.5,14,3-5,13,2.196968573277904,18,,0.8789350473424901,0,-1.046619089068111,42.4,16.64,21592,,
finch,uniform,holdout,5,0.5,8,3-5,9,1.8476274366587115,30,,0.9118460554140484,0,-1.1527849431808963,54.0,24.776666666666667,35926,,
finch,uniform,holdout,6,0.5,8,1-4,20,1.79329539014516,18,,0.8146117984350488,0,-0.5962865974098861,54.8,8.596666666666666,13919,,
finch,uniform,holdout,7,0.5,4,3-5,6,3.5413170026104415,9,,0.8407056486569571,0,-0.9459135779481616,21.0,4.923333333333333,10037,,
finch,uniform,holdout,8,0.5,5,3-5,26,3.3855788074990523,20,,0.8290754042665941,0,-0.7363658062111953,48.93333333333333,9.686666666666667,23730,,
finch,uniform,holdout,9,0.5,8,2-5,12,2.134396958513813,29,,0.9004983492053683,0,-1.0351854073551479,60.4,21.676666666666666,31041,,
finch,uniform,holdout,10,0.5,10,1-2,20,1.3108192716398488,26,,0.783488009369277,0,-0.5929574363261626,73.7,12.256666666666666,13156,,
finch,uniform,holdout,11,0.5,5,1-2,15,3.463844692514042,21,,0.5760409202759602,1,-0.44330900370192716,34.833333333333336,4.466666666666667,10518,,
finch,uniform,holdout,12,0.5,11,1-4,15,1.8438718690078963,28,,0.8610804987643169,0,-0.8344211544705389,65.4,16.606666666666666,20910,,
finch,uniform,holdout,13,0.5,8,1-2,22,2.569652728345433,18,,0.7341875318364,0,-0.522911100404916,42.43333333333333,5.86,8955,,
finch,uniform,holdout,14,0.5,10,1-4,15,1.097132900868886,24,,0.8716884980344303,0,-0.837132710217846,68.43333333333334,16.86,19099,,
finch,uniform,holdout,15,0.5,8,1-4,8,1.9167159896015524,30,,0.8380271672070615,0,-0.8417483958897358,53.86666666666667,14.38,22034,,
finch,uniform,holdout,16,0.5,13,1-2,5,1.4812870463297276,13,,0.832178709832515,0,-0.6921597482350901,27.333333333333332,4.636666666666667,6025,,
finch,uniform,holdout,17,0.5,10,1-4,22,2.859231484302921,12,,0.8179215605912608,0,-0.6551810303282795,36.266666666666666,5.833333333333333,9276,,
finch,uniform,holdout,18,0.5,8,2-5,24,2.3497707765710163,29,,0.869383790465879,0,-0.7685655479972342,79.86666666666666,17.576666666666668,29127,,
finch,uniform,holdout,19,0.5,4,2-5,24,3.6963723329168054,15,,0.7805881510450946,0,-0.6937449936546293,32.0,5.45,15863,,
finch,uniform,holdout,20,0.5,10,1-2,18,3.6556211588612033,27,,0.6886786928425475,0,-0.5783907889979577,48.46666666666667,8.07,12829,,
finch,uniform,holdout,21,0.5,9,1-2,14,3.3896928486190028,26,,0.745444958179895,0,-0.6391696248733827,46.93333333333333,8.293333333333333,12786,,
finch,uniform,holdout,22,0.5,6,1-2,27,2.410045454889019,20,,0.5838275345428596,0,-0.40355463165578215,41.06666666666667,4.91,10710,,
finch,uniform,holdout,23,0.5,9,1-2,9,3.296247881990371,25,,0.7306434564518002,0,-0.5553092555922892,42.46666666666667,6.93,11411,,
finch,uniform,holdout,24,0.5,8,2-5,30,1.428449360729875,29,,0.813781479636577,0,-0.5356895015004208,109.33333333333333,17.036666666666665,30212,,
finch,uniform,holdout,25,0.5,12,2-5,17,1.1378779928724019,11,,0.8832713423024069,0,-0.7323817954061711,45.56666666666667,8.88,11400,,
finch,uniform,holdout,26,0.5,5,1-4,23,2.481389334703786,9,,0.738780938610341,0,-0.502094237476843,28.9,3.4166666666666665,7336,,
finch,uniform,holdout,27,0.5,12,1-2,30,2.2198405964916557,17,,0.7368803138562813,0,-0.5080600844317321,46.766666666666666,6.233333333333333,8456,,
finch,uniform,holdout,28,0.5,10,3-5,8,1.1628968098920143,15,,0.8824264852468731,0,-1.0939722216664924,32.733333333333334,13.346666666666666,18393,,
finch,uniform,holdout,29,0.5,13,1-4,21,2.7460006008592117,28,,0.8769767575127216,0,-0.8185183975862794,63.86666666666667,15.263333333333334,20742,,
finch,uniform,holdout,30,0.5,12,2-5,21,2.298403328501619,8,,0.8637394744425346,0,-0.6907231505412341,32.766666666666666,5.363333333333333,8070,,
finch,uniform,holdout,31,0.5,6,1-2,7,1.357373598174305,10,,0.7094482031024903,0,-0.6098862252388649,26.4,3.8966666666666665,4891,,
finch,uniform,holdout,32,0.5,10,3-5,8,1.5126759690304512,16,,0.8965957018808914,0,-1.1912319575389558,32.1,14.94,20045,,
finch,uniform,holdout,33,0.5,12,1-2,6,3.9539466620037778,7,,0.7067192477330767,0,-0.6718206905254203,14.766666666666667,1.7333333333333334,3372,,
finch,uniform,holdout,34,0.5,9,3-5,12,1.6325743188814419,30,,0.9113530898743442,0,-0.9852321868760572,70.86666666666666,23.45,36332,,
finch,uniform,holdout,35,0.5,5,1-4,7,2.6245118684222173,20,,0.7631651210510378,0,-0.7643934698394734,33.36666666666667,6.963333333333333,14342,,
finch,uniform,holdout,36,0.5,12,3-5,11,1.9128182186763962,30,,0.8864319413319605,0,-1.252914826230719,48.7,29.3,36641,,
finch,uniform,holdout,37,0.5,14,2-5,10,1.5893101113161854,29,,0.8690495802250974,0,-1.3096594952298082,40.6,27.55,30394,,
finch,uniform,holdout,38,0.5,4,2-5,29,2.755140648594231,22,,0.7267382595846823,1,-0.6263554384559463,41.06666666666667,7.023333333333333,23493,,
finch,uniform,holdout,39,0.5,6,2-5,7,1.194539852149804,19,,0.8922461227549671,0,-1.166512054204881,33.53333333333333,19.11,21067,,
finch,uniform,holdout,40,0.5,12,3-5,14,2.197484024239998,13,,0.9030705731078056,0,-0.8580079477414293,39.93333333333333,9.756666666666666,15315,,
finch,uniform,holdout,41,0.5,9,1-2,24,1.3285079644440068,28,,0.7912627990710874,0,-0.5671773748312067,79.53333333333333,12.513333333333334,14130,,
finch,uniform,holdout,42,0.5,9,1-2,14,1.4752169239357795,29,,0.814933691856155,0,-0.6891158065793462,68.9,13.34,14157,,
finch,uniform,holdout,43,0.5,9,1-2,14,1.7307392331692075,12,,0.6878433807175682,0,-0.4706012949349069,33.766666666666666,4.006666666666667,5522,,
finch,uniform,holdout,44,0.5,12,3-5,5,2.499738172521554,8,,0.8789987274193326,0,-1.0818322554199484,16.133333333333333,5.873333333333333,9718,,
finch,uniform,holdout,45,0.5,9,3-5,7,2.8857500874821644,6,,0.8681158079003036,0,-1.0011414041435975,16.1,3.9166666666666665,6526,,
finch,uniform,holdout,46,0.5,4,3-5,17,3.0498233688612553,13,,0.7755067957421596,0,-0.6695357876928284,29.966666666666665,4.773333333333333,15706,,
finch,uniform,holdout,47,0.5,12,3-5,16,3.10312201889436,26,,0.9014113241905601,0,-1.0074089978887357,56.6,19.18,31026,,
finch,uniform,holdout,48,0.5,9,1-2,24,2.2030211895821648,9,,0.6469546675409227,0,-0.4051415467894192,27.433333333333334,2.7066666666666666,4539,,
finch,uniform,holdout,49,0.5,6,1-4,5,3.062906682918322,17,,0.8350676384004613,0,-1.0188500059903598,24.766666666666666,7.696666666666666,12132,,
finch,uniform,holdout,50,0.5,11,3-5,12,1.360502559581207,30,,0.9041889461553348,0,-1.1126255263389837,61.7,27.703333333333333,35467,,
finch,uniform,holdout,51,0.5,11,3-5,10,1.0810967373112557,13,,0.8719319320262983,0,-0.9821834429371582,37.9,13.063333333333333,15752,,
finch,uniform,holdout,52,0.5,11,1-4,28,2.095153453188074,23,,0.8689005451850255,0,-0.6931664811438034,69.46666666666667,13.07,18248,,
finch,uniform,holdout,53,0.5,4,1-2,6,3.0506424669823007,18,,0.6283116369486145,2,-0.5179195256253638,27.3,4.08,8888,,
finch,uniform,holdout,54,0.5,7,1-4,13,1.007857270945579,11,,0.8312090548976879,0,-0.5659514035795091,43.86666666666667,6.19,8999,,
finch,uniform,holdout,55,0.5,6,1-4,11,2.5187849872883197,29,,0.847841323677081,0,-0.9359346853782883,53.53333333333333,16.403333333333332,23786,,
finch,uniform,holdout,56,0.5,11,3-5,10,3.593517616410759,24,,0.889732799439865,0,-1.1156340660330928,40.9,16.976666666666667,30370,,
finch,uniform,holdout,57,0.5,8,1-2,14,2.105642025483344,11,,0.7548669750072494,0,-0.60577004933675,29.833333333333332,4.136666666666667,5532,,
finch,uniform,holdout,58,0.5,6,1-2,23,1.9386780757018118,14,,0.5881692447552761,0,-0.34090721569104926,36.833333333333336,3.7733333333333334,7246,,
finch,uniform,holdout,59,0.5,7,1-2,22,1.3321246621550715,9,,0.6780645093924916,0,-0.39687717443934295,31.5,3.22,4685,,
finch,uniform,holdout,60,0.5,6,3-5,24,1.529757585951983,15,,0.814499038611816,0,-0.5313003034480789,63.53333333333333,9.473333333333333,18153,,
finch,uniform,holdout,61,0.5,5,1-4,12,3.165681362429556,21,,0.7625283428066258,0,-0.8097032583917263,36.56666666666667,8.253333333333334,15691,,
finch,uniform,holdout,62,0.5,6,3-5,15,3.339597567202693,12,,0.8768242565254732,0,-0.83440783987413,35.766666666666666,7.91,15057,,
finch,uniform,holdout,63,0.5,9,3-5,11,2.1914927748248174,20,,0.8894499067017279,0,-1.081633965556669,46.266666666666666,18.94,24376,,
finch,uniform,holdout,64,0.5,4,3-5,18,1.2303007771349828,8,,0.6799250679364491,3,-0.3845792701722797,32.166666666666664,3.3366666666666664,9826,,
finch,uniform,holdout,65,0.5,12,1-4,16,1.8436313405469567,30,,0.8951868295660169,0,-0.9357573807745273,65.4,19.2,23457,,
finch,uniform,holdout,66,0.5,7,3-5,19,1.9123654338218938,15,,0.8835117454001608,0,-0.687771634362893,58.833333333333336,10.85,17957,,
finch,uniform,holdout,67,0.5,11,2-5,20,3.3720104229350154,27,,0.890017493728632,0,-0.9167838837815541,61.53333333333333,18.036666666666665,28366,,
finch,uniform,holdout,68,0.5,8,1-4,24,3.470069149246166,23,,0.8554810899164196,0,-0.794431759848009,51.9,11.496666666666666,18286,,
finch,uniform,holdout,69,0.5,9,1-2,23,1.3805004591909404,6,,0.6379313497328661,0,-0.31693958653911314,23.7,1.9033333333333333,2943,,
finch,uniform,holdout,70,0.5,10,3-5,8,2.2262396233779804,13,,0.898495930985186,0,-0.9742450732673499,32.03333333333333,9.583333333333334,15748,,
finch,uniform,holdout,71,0.5,5,2-5,8,3.9957315081498708,28,,0.8637485853229,0,-1.0950163607030592,38.56666666666667,15.836666666666666,29818,,
finch,uniform,holdout,72,0.5,9,2-5,8,2.168980583026469,11,,0.8902071247972471,0,-1.117035803370665,22.933333333333334,7.766666666666667,11127,,
finch,uniform,holdout,73,0.5,7,2-5,15,2.5518265506546243,20,,0.8928277619128726,0,-0.8910778989259522,51.5,13.293333333333333,20587,,
finch,uniform,holdout,74,0.5,6,2-5,11,1.8575699625926927,20,,0.8798325126730275,0,-0.9513147944466571,48.9,15.096666666666666,20164,,
finch,uniform,holdout,75,0.5,10,1-4,7,1.131172899355069,6,,0.8393757999503024,0,-0.8194895777872369,18.3,3.21,4303,,
finch,uniform,holdout,76,0.5,11,1-4,10,2.6105609079172103,27,,0.8575166274648438,0,-0.8695422440650071,48.4,12.806666666666667,19099,,
finch,uniform,holdout,77,0.5,14,1-4,17,2.347506311227139,6,,0.8094404120739788,0,-0.5818420217214089,22.833333333333332,2.8366666666666664,4552,,
finch,uniform,holdout,78,0.5,8,1-4,6,1.5125846987397993,16,,0.908888879819587,0,-1.1601496868321164,29.133333333333333,11.076666666666666,12799,,
finch,uniform,holdout,79,0.5,12,3-5,13,3.617827989030836,27,,0.8885448943538573,0,-1.1644777606345733,47.36666666666667,23.593333333333334,31517,,
finch,uniform,holdout,80,0.5,13,1-2,26,3.2398882925800834,8,,0.6740750927033095,0,-0.5051185101593222,22.233333333333334,2.4133333333333336,3813,,
finch,uniform,holdout,81,0.5,12,3-5,10,1.0213760115690729,17,,0.8770319117158691,0,-1.0247352243388208,42.5,16.89666666666667,21129,,
finch,uniform,holdout,82,0.5,8,1-2,12,2.030936635459847,16,,0.7741357011483762,0,-0.6379813817906504,36.53333333333333,5.966666666666667,7579,,
finch,uniform,holdout,83,0.5,8,3-5,22,1.0464868935032507,12,,0.8485563568361354,0,-0.5369425797016958,64.2,9.39,14469,,
finch,uniform,holdout,84,0.5,14,1-4,26,1.9730059421712913,29,,0.8829903768570466,0,-0.8157571335228904,77.4,18.65,22014,,
finch,uniform,holdout,85,0.5,8,2-5,10,3.1591245796051868,23,,0.8559182394369529,0,-1.087124832901405,39.96666666666667,17.136666666666667,23511,,
finch,uniform,holdout,86,0.5,14,1-4,27,2.8318322257092783,15,,0.8653204910095692,0,-0.7047421822620782,45.36666666666667,8.166666666666666,12021,,
finch,uniform,holdout,87,0.5,9,2-5,18,1.0574361190371868,8,,0.8555478006329155,0,-0.5668122759432866,40.733333333333334,5.783333333333333,8578,,
finch,uniform,holdout,88,0.5,5,1-2,11,3.643422159108661,28,,0.6435546619369689,0,-0.5786668865847214,41.06666666666667,7.34,13722,,
finch,uniform,holdout,89,0.5,12,1-2,13,3.8971073877840037,17,,0.7092794431265332,0,-0.5819380439474352,33.4,5.003333333333333,7788,,
finch,uniform,holdout,90,0.5,4,1-4,6,3.650302498229576,14,,0.7564194339453446,0,-0.9099803535087487,21.133333333333333,5.04,11180,,
finch,uniform,holdout,91,0.5,13,1-2,15,3.3493961388466413,15,,0.70722596559511,0,-0.5657514290084743,32.5,4.64,7081,,
finch,uniform,holdout,92,0.5,6,1-4,14,1.6222676391305986,17,,0.8241342208535668,0,-0.7034218148222636,47.3,9.303333333333333,13213,,
finch,uniform,holdout,93,0.5,11,2-5,29,2.8579212614401266,8,,0.8518255573437351,0,-0.6261331022191743,34.63333333333333,5.1433333333333335,8656,,
finch,uniform,holdout,94,0.5,11,1-2,20,1.2441228286868427,25,,0.828752721021024,0,-0.6690711024189537,71.46666666666667,13.01,12536,,
finch,uniform,holdout,95,0.5,4,3-5,9,3.758921096475094,13,,0.8618136485380823,0,-1.0060291487986348,25.833333333333332,7.44,15699,,
finch,uniform,holdout,96,0.5,6,3-5,13,1.5976811239595214,14,,0.8583641280242894,0,-0.7766405605130906,44.333333333333336,9.51,16102,,
finch,uniform,holdout,97,0.5,6,1-2,23,1.9679426963845095,13,,0.6290574137899614,1,-0.4070085705541862,33.36666666666667,3.56,6807,,
finch,uniform,holdout,98,0.5,10,2-5,8,1.5501708989000242,7,,0.8778625663215397,0,-0.872023405904671,25.333333333333332,6.046666666666667,8054,,
finch,uniform,holdout,99,0.5,5,3-5,9,3.123851263910124,26,,0.8473743274126425,0,-1.0824360620047275,42.7,17.65,31041,,
finch,uniform,holdout,100,0.5,7,3-5,23,1.3963204994424259,21,,0.8294421792721525,0,-0.5534679500940592,86.63333333333334,13.523333333333333,26646,,
finch,uniform,holdout,101,0.5,4,1-2,20,2.8927163063656067,17,,0.41389106958427496,16,-0.27474502496460534,21.8,1.49,9044,,
finch,uniform,holdout,102,0.5,13,1-2,18,1.359036021520161,15,,0.8096270980546719,0,-0.5929948725543398,45.2,6.77,7186,,
finch,uniform,holdout,103,0.5,13,3-5,14,3.935739184834692,17,,0.894721066517625,0,-0.9336913474315016,38.06666666666667,10.78,19876,,
finch,uniform,holdout,104,0.5,4,1-2,12,3.5473610234247532,19,,0.6011697970915548,2,-0.47620242487438647,28.4,3.5966666666666667,9585,,
finch,uniform,holdout,105,0.5,6,2-5,24,1.1199759696787064,27,,0.7732564805268896,0,-0.4453911673349914,100.2,13.61,27872,,
finch,uniform,holdout,106,0.5,13,1-4,9,2.8109712131641817,14,,0.8864890068945885,0,-0.8730008266974489,30.3,6.903333333333333,10955,,
finch,uniform,holdout,107,0.5,11,3-5,25,1.1878780473417958,26,,0.8846023988416417,0,-0.7092932295908252,105.46666666666667,21.686666666666667,31214,,
finch,uniform,holdout,108,0.5,10,3-5,28,3.727029570933807,15,,0.888167154300607,0,-0.7779655526108051,50.06666666666667,10.563333333333333,18231,,
finch,uniform,holdout,109,0.5,7,3-5,26,2.9752862073866053,6,,0.8236897610580699,0,-0.5434409710005567,30.666666666666668,3.99,7356,,
finch,uniform,holdout,110,0.5,13,1-2,27,3.1036965410185933,10,,0.738152647090741,0,-0.5220053502375429,27.3,3.21,4978,,
finch,uniform,holdout,111,0.5,11,3-5,10,2.662733715353931,15,,0.8847150378890689,0,-1.0745374136334862,34.666666666666664,13.503333333333334,18555,,
finch,uniform,holdout,112,0.5,8,2-5,15,3.2675526736243334,11,,0.8821562083960566,0,-0.9007413654478554,32.7,8.213333333333333,11685,,
finch,uniform,holdout,113,0.5,10,1-4,13,2.053005067361887,23,,0.8826160556312609,0,-0.9051703005422698,50.4,13.353333333333333,17772,,
finch,uniform,holdout,114,0.5,5,2-5,10,1.022338184837813,13,,0.8505815512625042,0,-0.651581076972992,47.13333333333333,7.93,14282,,
finch,uniform,holdout,115,0.5,5,3-5,11,1.8637829146273206,7,,0.8390987151276074,0,-0.6552157832826592,28.7,4.403333333333333,8329,,
finch,uniform,holdout,116,0.5,12,1-2,20,2.6894114459984144,14,,0.749902248119948,0,-0.5613372430476338,35.43333333333333,4.92,6819,,
finch,uniform,holdout,117,0.5,11,1-2,15,2.6655670916587257,16,,0.7316919618860339,0,-0.540298358966798,36.53333333333333,5.07,7528,,
finch,uniform,holdout,118,0.5,13,1-4,7,1.0734957380504786,19,,0.8998513315947356,0,-1.0781017749922404,33.13333333333333,11.643333333333333,13174,,
finch,uniform,holdout,119,0.5,8,2-5,5,2.276819848875113,22,,0.8353838012829995,0,-1.4089358744829388,18.333333333333332,21.38,22861,,
finch,uniform,holdout,120,0.5,9,1-4,15,3.9740105702023705,20,,0.8735904454382413,0,-0.8853211872268889,40.1,10.353333333333333,14973,,
finch,uniform,holdout,121,0.5,12,1-2,18,2.2773303926486106,25,,0.7579774719119671,0,-0.5865920146029534,57.266666666666666,9.34,12137,,
finch,uniform,holdout,122,0.5,14,1-4,14,1.6504925773989212,19,,0.8675202387010882,0,-0.8470344955055414,49.8,12.14,14111,,
finch,uniform,holdout,123,0.5,12,1-2,28,1.9159411983211156,14,,0.7464541241857695,0,-0.5072521105084591,42.233333333333334,5.53,6935,,
finch,uniform,holdout,124,0.5,8,3-5,23,1.1449111543948054,9,,0.8073768186908645,0,-0.4488879651553033,49.96666666666667,6.196666666666666,10917,,
finch,uniform,holdout,125,0.5,11,3-5,20,3.6155386246553616,30,,0.8924443506725571,0,-1.013364123284082,63.266666666666666,21.43,35857,,
finch,uniform,holdout,126,0.5,4,2-5,20,2.2053311220778995,6,,0.6850746777886443,0,-0.4243707454630832,24.5,2.54,6500,,
finch,uniform,holdout,127,0.5,5,3-5,5,1.1790522653629745,9,,0.8638704538622233,0,-0.8934768351419855,22.666666666666668,5.7,11041,,
finch,uniform,holdout,128,0.5,4,1-2,17,1.1506939329503405,12,,0.43143359214349475,11,-0.16593946210829688,20.9,1.2133333333333334,6360,,
finch,uniform,holdout,129,0.5,7,1-2,30,3.1375950928744993,26,,0.6112578781454896,0,-0.43840484807031627,47.9,6.4366666666666665,13835,,
finch,uniform,holdout,130,0.5,6,1-4,19,1.9689603795864414,23,,0.7892301834106005,0,-0.5983197890639652,57.96666666666667,9.403333333333334,16658,,
finch,uniform,holdout,131,0.5,10,1-2,7,3.2536978037563595,24,,0.7341736007196292,0,-0.5776823795526717,36.36666666666667,6.193333333333333,11311,,
finch,uniform,holdout,132,0.5,10,1-4,23,3.5826634654335363,29,,0.847457219766358,0,-0.7885940526108984,60.93333333333333,13.66,23309,,
finch,uniform,holdout,133,0.5,13,1-4,16,1.986013555073782,10,,0.85252786196325,0,-0.7075412441820536,35.266666666666666,6.153333333333333,7832,,
finch,uniform,holdout,134,0.5,11,1-2,21,2.9231618331524274,19,,0.7356358596766767,0,-0.5397821350244735,43.666666666666664,6.216666666666667,9107,,
finch,uniform,holdout,135,0.5,12,1-2,10,3.6819863588090946,24,,0.7699962837684591,0,-0.6035416467322957,40.833333333333336,6.746666666666667,11082,,
finch,uniform,holdout,136,0.5,8,3-5,26,1.8826744717138486,16,,0.8690959948291963,0,-0.6416362221534299,67.1,11.746666666666666,18867,,
finch,uniform,holdout,137,0.5,5,3-5,24,3.4209253480154356,22,,0.8647083228346716,0,-0.8316328178487798,53.63333333333333,13.316666666666666,26357,,
finch,uniform,holdout,138,0.5,4,1-4,8,3.219190073219946,11,,0.7732506973746381,0,-0.8312121004153493,22.933333333333334,4.843333333333334,8690,,
finch,uniform,holdout,139,0.5,5,2-5,6,3.537478548936996,6,,0.8660773337118842,0,-0.8888761980338475,16.733333333333334,3.3333333333333335,5938,,
finch,uniform,holdout,140,0.5,12,1-2,9,1.0298965339233241,7,,0.775776682000332,0,-0.5991599992596492,22.6,2.8333333333333335,3210,,
finch,uniform,holdout,141,0.5,7,2-5,16,3.793453059870955,14,,0.8783529609226449,0,-0.8775917337857385,36.06666666666667,8.853333333333333,14833,,
finch,uniform,holdout,142,0.5,14,3-5,10,2.2625238675234334,25,,0.8994248315576399,0,-1.1021552058576392,45.13333333333333,20.036666666666665,29456,,
finch,uniform,holdout,143,0.5,5,3-5,12,3.1024895878145915,14,,0.8531966859798835,0,-0.8749717915506247,35.333333333333336,8.16,16518,,
finch,uniform,holdout,144,0.5,12,3-5,29,2.8541404829332317,27,,0.9030414530271649,0,-0.8417204709531902,82.33333333333333,21.113333333333333,32865,,
finch,uniform,holdout,145,0.5,7,1-2,19,1.7741426108523872,22,,0.7132421382819405,0,-0.47109132422858135,56.9,7.583333333333333,11320,,
finch,uniform,holdout,146,0.5,9,1-4,29,1.242350939255627,25,,0.7993685004229852,0,-0.4720327002123066,89.4,12.306666666666667,19391,,
finch,uniform,holdout,147,0.5,14,1-2,17,2.4543601219476625,7,,0.6952926241551286,1,-0.49848076556607634,21.266666666666666,2.1133333333333333,3340,,
finch,uniform,holdout,148,0.5,10,2-5,29,1.7992076216074961,30,,0.8984782615817287,0,-0.7682512190458504,99.16666666666667,22.343333333333334,31233,,
finch,uniform,holdout,149,0.5,4,1-2,13,3.7726488772203655,9,,0.6036032497925272,4,-0.4307032101617005,18.7,1.58,4553,,
finch,uniform,holdout,150,0.5,7,2-5,6,3.115586973792134,17,,0.8926044795277358,0,-1.1980289628741423,26.466666666666665,11.076666666666666,18853,,
finch,uniform,holdout,151,0.5,6,1-4,7,2.5435909605049143,27,,0.8285393869009438,0,-1.0069253528840776,37.96666666666667,13.586666666666666,20427,,
finch,uniform,holdout,152,0.5,10,1-4,14,1.0858911403718055,6,,0.8164968978483917,0,-0.5272669168576567,27.166666666666668,3.223333333333333,4562,,
finch,uniform,holdout,153,0.5,6,3-5,27,2.4130641527435888,26,,0.8682002999522019,0,-0.7354345978203888,78.3,16.263333333333332,31178,,
finch,uniform,holdout,154,0.5,13,3-5,8,3.2442609173675194,14,,0.8983770512621038,0,-1.156395697073382,27.0,12.206666666666667,17294,,
finch,uniform,holdout,155,0.5,13,1-2,23,2.7199189079427284,10,,0.7099772841744827,1,-0.47668512478206454,28.133333333333333,3.06,4817,,
finch,uniform,holdout,156,0.5,5,1-4,5,1.0361428740386387,28,,0.878477584507087,0,-0.8608335313507157,48.43333333333333,13.3,20943,,
finch,uniform,holdout,157,0.5,7,3-5,17,1.9619484570849455,28,,0.8936644196669766,0,-0.8780239682166264,83.0,23.546666666666667,34073,,
finch,uniform,holdout,158,0.5,5,2-5,17,1.1291658980967774,9,,0.7225124303998502,1,-0.4049946274216033,41.0,4.6866666666666665,10169,,
finch,uniform,holdout,159,0.5,5,1-2,25,1.141688038473907,13,,0.3847722717503429,11,-0.13273249990478855,27.933333333333334,1.9233333333333333,6977,,
finch,uniform,holdout,160,0.5,14,2-5,9,1.5185404088052032,22,,0.8834734028904259,0,-1.1989922121964092,39.03333333333333,20.293333333333333,24735,,
finch,uniform,holdout,161,0.5,9,1-4,19,1.6520773325111526,21,,0.8715584854619557,0,-0.7128249144493518,63.6,12.246666666666666,17229,,
finch,uniform,holdout,162,0.5,7,1-4,15,3.1275513243554145,23,,0.8103004747149094,0,-0.7630311063735832,46.766666666666666,9.876666666666667,17504,,
finch,uniform,holdout,163,0.5,9,1-2,25,1.793320311205234,22,,0.7198228715890234,0,-0.4922026882151412,58.166666666666664,7.973333333333334,11145,,
finch,uniform,holdout,164,0.5,4,3-5,14,1.0644659063360584,12,,0.6474130173934038,0,-0.3673804574294676,43.36666666666667,5.046666666666667,14217,,
finch,uniform,holdout,165,0.5,11,1-4,9,1.10499289368417,23,,0.8981376251032395,0,-1.0041839120112936,48.63333333333333,17.503333333333334,17583,,
finch,uniform,holdout,166,0.5,6,1-2,23,1.9504325311089599,14,,0.6212880461785019,0,-0.39172625753464774,34.06666666666667,3.6433333333333335,7343,,
finch,uniform,holdout,167,0.5,10,1-2,12,3.1429528830995817,22,,0.7172657335009021,0,-0.6208228958567664,41.333333333333336,7.266666666666667,9921,,
finch,uniform,holdout,168,0.5,5,1-2,6,3.66687113456364,13,,0.6224557306528449,1,-0.44768928706822975,21.8,2.466666666666667,5945,,
finch,uniform,holdout,169,0.5,10,1-2,6,1.4820394783646922,19,,0.8538566493836189,0,-0.8388624195865683,35.36666666666667,8.226666666666667,9433,,
finch,uniform,holdout,170,0.5,8,1-4,25,1.923221969599647,9,,0.7959093580766212,0,-0.5339662165192068,35.43333333333333,4.62,6934,,
finch,uniform,holdout,171,0.5,10,1-4,11,1.5128188111624463,30,,0.898642777920024,0,-1.011361657141101,59.96666666666667,20.21,22708,,
finch,uniform,holdout,172,0.5,12,2-5,7,3.949924172867084,8,,0.8613531039708848,0,-1.0303878800544268,17.533333333333335,5.236666666666666,8821,,
finch,uniform,holdout,173,0.5,13,1-4,27,1.86253165104134,25,,0.8610425043867562,0,-0.6802067784021296,74.13333333333334,13.89,20098,,
finch,uniform,holdout,174,0.5,12,2-5,6,2.8123969908048982,10,,0.8856630633891157,0,-1.0818029455660132,18.633333333333333,7.216666666666667,10470,,
finch,uniform,holdout,175,0.5,8,1-4,20,3.748524027028274,26,,0.8375688295524198,0,-0.8015406280400391,51.3,11.886666666666667,20818,,
finch,uniform,holdout,176,0.5,9,1-2,22,2.6851657949754157,7,,0.6544734535631825,2,-0.4946704336990416,21.033333333333335,2.0733333333333333,3496,,
finch,uniform,holdout,177,0.5,7,2-5,20,3.9435004220396777,13,,0.8823001464072723,0,-0.7672926540688997,37.46666666666667,7.196666666666666,13760,,
finch,uniform,holdout,178,0.5,14,1-4,12,1.8686054420551501,22,,0.8953572439594717,0,-1.0019391143435261,43.56666666666667,13.823333333333334,17602,,
finch,uniform,holdout,179,0.5,12,3-5,24,2.9815102817408925,30,,0.9090027699112053,0,-0.8920729019018901,78.26666666666667,22.026666666666667,34858,,
finch,uniform,holdout,180,0.5,9,2-5,17,2.7605272659797597,26,,0.8838766582632176,0,-0.9183288990832538,60.56666666666667,17.246666666666666,28388,,
finch,uniform,holdout,181,0.5,6,2-5,26,2.33132164378244,23,,0.8445016596532278,0,-0.6863752190320406,66.26666666666667,12.74,23590,,
finch,uniform,holdout,182,0.5,14,3-5,24,3.037874399634234,17,,0.9068551556458011,0,-0.8259756985643415,54.733333333333334,13.096666666666666,20040,,
finch,uniform,holdout,183,0.5,12,2-5,7,2.6291614759648128,22,,0.877371792681087,0,-1.1323659741156582,33.733333333333334,15.443333333333333,22934,,
finch,uniform,holdout,184,0.5,4,3-5,16,1.2857417423005941,23,,0.6804824515956441,4,-0.4503191476226601,56.0,7.96,27061,,
finch,uniform,holdout,185,0.5,10,1-2,15,2.7616441632735516,6,,0.6831492913571268,1,-0.47255703582550723,17.433333333333334,1.4566666666666668,2805,,
finch,uniform,holdout,186,0.5,7,1-4,28,1.4466480584201848,27,,0.7512199348286632,0,-0.4979391553903997,80.7,12.2,21206,,
finch,uniform,holdout,187,0.5,9,2-5,11,3.0286827304062527,9,,0.8812830691702521,0,-0.8801685049931429,26.233333333333334,5.916666666666667,9357,,
finch,uniform,holdout,188,0.5,8,1-2,7,3.697967020636228,19,,0.7331519551724132,0,-0.5873777051295285,31.7,5.033333333333333,8745,,
finch,uniform,holdout,189,0.5,6,2-5,23,3.397366649207467,14,,0.8714732756115426,0,-0.7640386872281127,42.233333333333334,8.48,15496,,
finch,uniform,holdout,190,0.5,6,1-2,8,2.2164307970218475,29,,0.81215974617238,0,-0.6902626717659169,49.9,10.206666666666667,13264,,
finch,uniform,holdout,191,0.5,6,2-5,7,3.1726929276194893,20,,0.8809098500394407,0,-1.1542050499220868,32.2,13.94,20920,,
finch,uniform,holdout,192,0.5,12,3-5,30,2.31887422046203,9,,0.8381290667167082,0,-0.5547524548324322,44.233333333333334,6.34,10766,,
finch,uniform,holdout,193,0.5,5,3-5,15,3.5561669117414327,19,,0.8610761050512888,0,-0.8835879396947692,42.03333333333333,10.826666666666666,22422,,
finch,uniform,holdout,194,0.5,4,1-2,20,1.3353086037075048,23,,0.4048209179983465,25,-0.19491757297116777,14.266666666666667,0.4866666666666667,12479,,
finch,uniform,holdout,195,0.5,5,2-5,18,2.406365374996024,21,,0.8343630552344112,0,-0.7707439402719278,52.5,11.34,22656,,
finch,uniform,holdout,196,0.5,4,1-2,20,1.5426734667650166,17,,0.3523522409399104,19,-0.16077857032440637,20.5,1.14,9144,,
finch,uniform,holdout,197,0.5,8,1-2,14,1.0685976877902745,18,,0.8349957686626662,0,-0.6399162778940727,52.733333333333334,8.693333333333333,8682,,
finch,uniform,holdout,198,0.5,13,2-5,13,2.46609462795311,14,,0.895942558994715,0,-0.9077755689598483,37.96666666666667,10.07,14124,,
finch,uniform,holdout,199,0.5,6,3-5,22,1.1851155854370883,11,,0.7623151764837643,0,-0.3959958810858662,54.46666666666667,6.3933333333333335,13537,,
finch,uniform,holdout,200,0.5,4,1-4,9,3.951895223149829,15,,0.7935798960960002,0,-0.8942690246182022,25.933333333333334,6.42,12112,,
finch,uniform,holdout,201,0.5,12,3-5,18,2.8530292612374546,30,,0.9080094609976752,0,-1.0129623675603905,66.83333333333333,23.906666666666666,35120,,
finch,uniform,holdout,202,0.5,9,1-4,30,2.98249046565376,25,,0.816866086867241,0,-0.6488774451900772,61.86666666666667,10.896666666666667,19037,,
finch,uniform,holdout,203,0.5,8,1-2,7,3.1844368509320633,15,,0.7211800197681044,0,-0.6768412377597435,27.133333333333333,4.65,6942,,
finch,uniform,holdout,204,0.5,7,1-2,20,3.666755842798709,30,,0.6303674435967668,0,-0.5839733916858845,49.233333333333334,8.823333333333334,15048,,
finch,uniform,holdout,205,0.5,7,2-5,23,1.1564443095000927,22,,0.839099199800788,0,-0.5556655405269967,87.4,13.59,22980,,
finch,uniform,holdout,206,0.5,9,2-5,5,3.3898962387766263,26,,0.8941680165934967,0,-1.4956755610941423,24.866666666666667,19.75,26253,,
finch,uniform,holdout,207,0.5,9,1-2,29,1.6874205385465975,9,,0.6857571998461532,0,-0.3947030429315443,31.866666666666667,3.2133333333333334,4651,,
finch,uniform,holdout,208,0.5,13,1-2,29,2.0709963124583113,13,,0.7160308396128797,0,-0.45722913922450076,40.7,4.86,6430,,
finch,uniform,holdout,209,0.5,12,1-4,12,2.0210306107676317,10,,0.854551628517518,0,-0.7616461746413912,30.066666666666666,5.433333333333334,7872,,
finch,uniform,holdout,210,0.5,5,1-2,22,2.671979543755698,11,,0.5524113754798082,2,-0.33081065717912567,25.3,2.2666666666666666,5774,,
finch,uniform,holdout,211,0.5,10,1-4,14,2.3342486056649814,30,,0.8684765069197122,0,-0.881037575222573,60.06666666666667,15.753333333333334,23571,,
finch,uniform,holdout,212,0.5,10,1-4,16,2.18154470617454,22,,0.8529009024015217,0,-0.7878012977537282,56.666666666666664,12.446666666666667,16361,,
finch,uniform,holdout,213,0.5,11,2-5,27,2.928831671443099,9,,0.8813981833201162,0,-0.6951095518408261,38.86666666666667,6.87,9941,,
finch,uniform,holdout,214,0.5,7,2-5,13,3.250392933260371,7,,0.8391620006699608,0,-0.7678541212498516,24.033333333333335,4.16,6935,,
finch,uniform,holdout,215,0.5,6,3-5,5,1.7214643597003823,29,,0.8811533744160951,0,-1.207150417952038,34.1,22.053333333333335,33080,,
finch,uniform,holdout,216,0.5,8,2-5,11,2.480653247940217,17,,0.8956103767961603,0,-0.9856953861409037,40.06666666666667,11.913333333333334,17323,,
finch,uniform,holdout,217,0.5,10,3-5,23,2.5546796484792345,11,,0.8867336086904251,0,-0.7148010100086968,45.8,8.806666666666667,13257,,
finch,uniform,holdout,218,0.5,9,2-5,19,2.424865463348696,17,,0.8855697528448967,0,-0.7876377327086382,54.53333333333333,11.97,18017,,
finch,uniform,holdout,219,0.5,9,2-5,8,3.3213847764857567,24,,0.8871169901336291,0,-1.192206853872127,35.36666666666667,15.676666666666666,26828,,
finch,uniform,holdout,220,0.5,8,3-5,12,2.355708255928305,7,,0.8741215217331886,0,-0.7252664295297058,28.6,4.906666666666666,8526,,
finch,uniform,holdout,221,0.5,13,1-2,27,1.8911829757449778,28,,0.7911964380401464,0,-0.5843654287663752,73.2,11.783333333333333,13704,,
finch,uniform,holdout,222,0.5,4,2-5,24,1.8187594820043782,17,,0.722678965091911,1,-0.5124392872293098,45.9,6.466666666666667,19133,,
finch,uniform,holdout,223,0.5,13,1-2,19,1.5286059226478534,13,,0.7753176450800094,0,-0.5508205099062153,41.0,5.57,6250,,
finch,uniform,holdout,224,0.5,12,2-5,30,1.7331702719664417,26,,0.8873144699904775,0,-0.7145846847696024,92.1,18.826666666666668,27837,,
finch,uniform,holdout,225,0.5,5,1-4,26,3.4895033588940576,27,,0.7757153287947978,0,-0.6778616099107032,51.5,9.31,22279,,
finch,uniform,holdout,226,0.5,14,1-2,11,3.100932579650889,26,,0.787952623515635,0,-0.6769493353069322,44.9,8.46,11738,,
finch,uniform,holdout,227,0.5,6,3-5,5,2.84757632646678,15,,0.8933619689651434,0,-1.3219642746342195,21.866666666666667,12.76,18708,,
finch,uniform,holdout,228,0.5,10,3-5,14,3.4349577783478256,27,,0.9031337628044616,0,-1.1383354933288576,53.53333333333333,24.80666666666667,32628,,
finch,uniform,holdout,229,0.5,12,3-5,28,1.2289399036256246,20,,0.8905226736149883,0,-0.6712622585154837,90.73333333333333,17.263333333333332,23720,,
finch,uniform,holdout,230,0.5,10,2-5,29,1.9885320493520473,10,,0.8436429800874184,0,-0.5611313120234473,45.86666666666667,6.593333333333334,10663,,
finch,uniform,holdout,231,0.5,10,2-5,13,1.6935137613758697,30,,0.8958866408650067,0,-1.0392631281721458,65.83333333333333,23.533333333333335,31090,,
finch,uniform,holdout,232,0.5,9,2-5,5,2.6678866134737196,19,,0.8753578575312887,0,-1.4122535206789166,22.266666666666666,18.453333333333333,22784,,
finch,uniform,holdout,233,0.5,8,1-4,5,3.5600775776928746,19,,0.8165506456331325,0,-1.0557250541442014,24.733333333333334,9.14,14843,,
finch,uniform,holdout,234,0.5,8,2-5,20,1.4212685699526202,30,,0.8679370406051273,0,-0.7319516126066201,96.23333333333333,21.066666666666666,30698,,
finch,uniform,holdout,235,0.5,10,1-4,5,1.769731808279718,13,,0.8653647515991157,0,-0.9791829353566225,24.566666666666666,6.716666666666667,9508,,
finch,uniform,holdout,236,0.5,10,2-5,29,3.452341040981476,24,,0.8883523993180247,0,-0.819405631221429,64.46666666666667,15.566666666666666,25909,,
finch,uniform,holdout,237,0.5,13,1-4,16,1.79117470227491,7,,0.8470847153521475,0,-0.6058565553292607,27.8,3.7733333333333334,5535,,
finch,uniform,holdout,238,0.5,10,1-4,15,1.7763375973219182,26,,0.8708943536119881,0,-0.8768703611230962,61.833333333333336,16.39666666666667,20387,,
finch,uniform,holdout,239,0.5,10,2-5,17,3.432313624419097,23,,0.8955769269583208,0,-0.9576141900595617,52.8,16.19,25165,,
finch,uniform,holdout,240,0.5,4,2-5,26,3.3256751119807597,12,,0.7987644415394042,1,-0.6299222582631075,30.466666666666665,4.556666666666667,13144,,
finch,uniform,holdout,241,0.5,11,1-2,20,3.9534563372249147,22,,0.7390049891666665,0,-0.5979483618988233,41.6,6.4,10759,,
finch,uniform,holdout,242,0.5,10,2-5,19,2.8160819276389457,24,,0.9021756362625186,0,-0.9143187733784953,61.9,18.206666666666667,25789,,
finch,uniform,holdout,243,0.5,10,3-5,21,1.1377775426342118,6,,0.824595114388169,0,-0.4804082532918408,38.1,4.6466666666666665,7188,,
finch,uniform,holdout,244,0.5,10,3-5,10,2.7830980212242897,7,,0.891285772279925,0,-0.8246872495086266,25.1,5.14,8239,,
finch,uniform,holdout,245,0.5,6,1-4,6,2.6018758965474205,6,,0.8080745923589877,0,-0.8184282224017203,16.3,2.5533333333333332,4738,,
finch,uniform,holdout,246,0.5,5,2-5,21,3.894051062569381,17,,0.8786069886191378,0,-0.8525077544831596,41.3,9.603333333333333,18425,,
finch,uniform,holdout,247,0.5,14,1-2,9,1.307419275325719,22,,0.8691041330039645,0,-0.9563912937581064,42.63333333333333,12.416666666666666,10713,,
finch,uniform,holdout,248,0.5,11,3-5,21,3.4830198258993676,17,,0.8993882794346978,0,-0.8907962337313603,51.3,13.49,21001,,
finch,uniform,holdout,249,0.5,14,3-5,16,2.7333896880919317,14,,0.9010868569762274,0,-0.9011393659936221,41.06666666666667,11.693333333333333,16508,,
finch,uniform,holdout,250,0.5,4,1-2,16,3.862133183536518,17,,0.4619937681042252,9,-0.3372332847137357,22.966666666666665,2.08,8921,,
finch,uniform,holdout,251,0.5,8,2-5,29,3.818875970687216,25,,0.8881020835980578,0,-0.8624167316853534,67.23333333333333,17.486666666666668,27261,,
finch,uniform,holdout,252,0.5,6,2-5,12,1.5237119443539782,12,,0.8828617167158856,0,-0.8069998355421882,41.6,8.97,12348,,
finch,uniform,holdout,253,0.5,5,1-2,29,3.4074803868684467,17,,0.5065236326832109,6,-0.34654258321490455,27.3,2.513333333333333,9253,,
finch,uniform,holdout,254,0.5,12,1-2,17,3.3186599478763803,12,,0.709680283017508,0,-0.5367568278408484,28.366666666666667,3.58,5605,,
finch,uniform,holdout,255,0.5,4,3-5,15,3.5117545620298474,25,,0.759866314253646,0,-0.8412427974549721,38.86666666666667,9.683333333333334,29599,,
finch,uniform,holdout,256,0.5,6,3-5,5,3.9628095125912375,17,,0.8297208825704483,0,-1.0950999668393677,24.1,9.256666666666666,18709,,
finch,uniform,holdout,257,0.5,11,3-5,6,1.5396902115499553,17,,0.8242762382066747,0,-1.2629269409708512,21.1,17.416666666666668,20954,,
finch,uniform,holdout,258,0.5,10,1-2,24,1.8619006458076517,30,,0.7774514587422491,0,-0.5723891095702266,75.93333333333334,12.33,14733,,
finch,uniform,holdout,259,0.5,12,2-5,16,3.635908766034972,25,,0.8985627784879668,0,-1.0321344088526385,48.733333333333334,16.37,23671,,
finch,uniform,holdout,260,0.5,7,1-4,22,2.397319563018997,27,,0.8402110661206621,0,-0.7737749724856005,63.93333333333333,14.33,21124,,
finch,uniform,holdout,261,0.5,10,1-2,9,1.26878953660156,30,,0.8427787460682583,0,-0.772020495997652,62.63333333333333,14.366666666666667,14218,,
finch,uniform,holdout,262,0.5,13,3-5,20,2.5731766774272544,13,,0.9095762575549488,0,-0.8244248897575964,44.7,10.503333333333334,15096,,
finch,uniform,holdout,263,0.5,4,1-4,11,1.0329773420504091,20,,0.7708570622103255,0,-0.5457732190120481,55.233333333333334,8.706666666666667,15078,,
finch,uniform,holdout,264,0.5,11,1-2,15,2.612650913853298,28,,0.7880441580956307,0,-0.5859238223796736,57.3,9.413333333333334,13016,,
finch,uniform,holdout,265,0.5,14,3-5,16,1.2077950637944614,21,,0.8867252657565784,0,-0.9652516429550333,60.36666666666667,20.113333333333333,24395,,
finch,uniform,holdout,266,0.5,4,2-5,11,3.2558679616323496,29,,0.7613008886367083,0,-0.8772469314000708,42.13333333333333,13.0,31021,,
finch,uniform,holdout,267,0.5,11,1-2,12,2.8637801360851536,27,,0.7758044884469376,0,-0.6274163637179182,50.266666666666666,8.9,12455,,
finch,uniform,holdout,268,0.5,10,1-2,20,1.4228658502616942,24,,0.801287062329908,0,-0.5652186759804049,68.73333333333333,10.54,11859,,
finch,uniform,holdout,269,0.5,4,1-2,7,1.4198437992055895,16,,0.6820648408373724,0,-0.47715814922025873,35.3,4.513333333333334,7523,,
finch,uniform,holdout,270,0.5,4,1-2,20,1.3790916130870903,7,,0.41899510700701453,21,-0.18790845765125386,17.733333333333334,0.8433333333333334,3796,,
finch,uniform,holdout,271,0.5,6,1-4,28,1.3258708453834365,21,,0.7630445058781427,0,-0.4823766237065693,71.2,9.93,17194,,
finch,uniform,holdout,272,0.5,4,1-4,17,3.8784495370367784,17,,0.7482272236207963,2,-0.7313203043039156,29.7,5.19,13471,,
finch,uniform,holdout,273,0.5,7,3-5,28,2.3578489214506924,26,,0.8663181275712072,0,-0.6983891035681383,79.6,16.08,30717,,
finch,uniform,holdout,274,0.5,13,3-5,9,2.92881604126115,21,,0.9036121952330565,0,-1.1724361815768967,37.166666666666664,16.946666666666665,25510,,
finch,uniform,holdout,275,0.5,5,3-5,6,2.6426192267592565,29,,0.8585759377563806,0,-1.2083830434322413,40.6,20.663333333333334,35921,,
finch,uniform,holdout,276,0.5,14,2-5,6,2.0989680416304237,15,,0.880043398014054,0,-1.2204694901877065,21.366666666666667,11.23,16051,,
finch,uniform,holdout,277,0.5,5,2-5,24,2.1482791856229073,22,,0.766432452590069,0,-0.5715878966317778,57.166666666666664,8.916666666666666,23576,,
finch,uniform,holdout,278,0.5,11,3-5,23,3.1704220812033386,25,,0.9105638242162528,0,-0.9456185203484189,66.63333333333334,21.14666666666667,29045,,
finch,uniform,holdout,279,0.5,5,1-4,22,3.0881583119627347,7,,0.7593051658585589,0,-0.5474183040463387,23.1,2.69,5580,,
finch,uniform,holdout,280,0.5,6,2-5,28,1.880582014187762,23,,0.8000279156824415,0,-0.5500797464300365,71.0,10.783333333333333,23788,,
finch,uniform,holdout,281,0.5,11,1-4,7,2.140892155164212,17,,0.8942802774334017,0,-1.0274490729257575,32.0,9.763333333333334,13441,,
finch,uniform,holdout,282,0.5,13,2-5,13,3.29487435542077,27,,0.9066825361450802,0,-1.1050964911773826,47.266666666666666,18.84,27443,,
finch,uniform,holdout,283,0.5,12,1-2,9,2.655723220130046,24,,0.8265535030039587,0,-0.6517015909198329,45.266666666666666,8.156666666666666,11170,,
finch,uniform,holdout,284,0.5,9,1-4,30,3.7565599589689516,19,,0.8334545008111736,0,-0.6899457208532116,46.86666666666667,8.436666666666667,14257,,
finch,uniform,holdout,285,0.5,6,3-5,18,3.9164645834170257,20,,0.8866384950070351,0,-0.9142340805290626,47.233333333333334,12.563333333333333,23519,,
finch,uniform,holdout,286,0.5,7,1-4,6,2.143288312742414,28,,0.8514110656047893,0,-1.0889496153444085,37.93333333333333,17.30666666666667,21120,,
finch,uniform,holdout,287,0.5,7,2-5,9,1.842829039138076,18,,0.8727702641974038,0,-0.9587643114055234,40.96666666666667,12.366666666666667,18928,,
finch,uniform,holdout,288,0.5,13,1-2,28,1.9730448492606891,22,,0.7972729280214976,0,-0.618396934294299,60.0,9.813333333333333,10846,,
finch,uniform,holdout,289,0.5,10,1-2,27,1.3208893372983117,16,,0.7071594216529182,0,-0.4389999634983405,52.13333333333333,6.3933333333333335,7977,,
finch,uniform,holdout,290,0.5,5,3-5,13,2.2563827414609383,6,,0.8354331589162307,0,-0.6851529662571193,26.366666666666667,4.27,7187,,
finch,uniform,holdout,291,0.5,6,3-5,8,3.723343041984336,19,,0.8715136590652589,0,-1.0391982514136093,33.166666666666664,10.603333333333333,22051,,
finch,uniform,holdout,292,0.5,13,1-4,22,2.538086163028154,11,,0.8478477147776967,0,-0.6133938364288313,37.8,5.573333333333333,8131,,
finch,uniform,holdout,293,0.5,10,1-2,26,1.2012135502500239,16,,0.7629790419865388,0,-0.44692992425461875,55.36666666666667,6.866666666666666,8078,,
finch,uniform,holdout,294,0.5,11,1-4,5,2.8286065719499014,21,,0.8572406556142751,0,-1.002576855911352,28.1,10.67,15263,,
finch,uniform,holdout,295,0.5,13,1-4,11,1.1303006999680891,7,,0.8277502700883067,0,-0.7195481740513592,25.266666666666666,4.336666666666667,5178,,
finch,uniform,holdout,296,0.5,10,1-2,14,3.4208075782285565,22,,0.7460454503100897,0,-0.6117208915505992,41.8,6.806666666666667,10362,,
finch,uniform,holdout,297,0.5,7,2-5,10,1.7248766078665485,29,,0.8989101973700664,0,-1.0557244824314016,58.4,21.133333333333333,28165,,
finch,uniform,holdout,298,0.5,6,1-4,12,3.952193888094473,20,,0.8515409673978174,0,-0.9850563166123347,36.6,10.976666666666667,16608,,
finch,uniform,holdout,299,0.5,6,1-4,18,2.387522938765972,25,,0.7971912418050083,0,-0.6673012296149285,57.3,10.586666666666666,19877,,
finch,uniform,holdout,300,0.5,13,1-4,7,1.0067679290742229,21,,0.9203113755208628,0,-1.237878183775815,32.833333333333336,16.023333333333333,17261,,
finch,uniform,holdout,301,0.5,5,2-5,26,2.594929750291281,17,,0.7933905068260106,0,-0.6212792709526236,43.8,6.873333333333333,16610,,
finch,uniform,holdout,302,0.5,10,1-4,21,1.964178598616553,13,,0.8212316210107513,0,-0.6378690071911711,44.93333333333333,7.33,10065,,
finch,uniform,holdout,303,0.5,9,1-2,30,3.8330047040920645,12,,0.6959575677786166,0,-0.5296682923649174,27.4,3.3566666666666665,6164,,
finch,uniform,holdout,304,0.5,9,1-2,15,2.152603182892094,11,,0.7633771041486426,0,-0.6030307750670606,29.8,4.1433333333333335,5491,,
finch,uniform,holdout,305,0.5,13,1-4,30,2.389168630087533,10,,0.8416637651658193,0,-0.5939790279415835,37.766666666666666,5.44,7684,,
finch,uniform,holdout,306,0.5,7,3-5,13,1.90737086385678,26,,0.8928265500974216,0,-0.9345403044862676,65.6,19.836666666666666,30642,,
finch,uniform,holdout,307,0.5,5,1-4,23,3.2866683180462455,14,,0.812952057536904,0,-0.6984545237182319,33.9,5.683333333333334,11249,,
finch,uniform,holdout,308,0.5,5,3-5,6,2.6161292821499633,21,,0.863819994321176,0,-1.114967441834562,33.03333333333333,12.543333333333333,25010,,
finch,uniform,holdout,309,0.5,11,2-5,25,2.2201306964270833,14,,0.8752116812254375,0,-0.647475776604448,53.06666666666667,8.956666666666667,14004,,
finch,uniform,holdout,310,0.5,6,3-5,24,1.198342803273124,10,,0.749177530208488,0,-0.3987569696286623,50.86666666666667,6.06,11590,,
finch,uniform,holdout,311,0.5,14,2-5,15,1.79290193304454,15,,0.8900134674576642,0,-0.8715895370431161,46.06666666666667,12.623333333333333,15832,,
finch,uniform,holdout,312,0.5,14,3-5,15,3.12906592852878,22,,0.9144815186398049,0,-0.9904752812428578,50.733333333333334,17.01,26931,,
finch,uniform,holdout,313,0.5,6,2-5,28,2.414792072287172,21,,0.8310264113886954,0,-0.6620204636263589,61.93333333333333,10.953333333333333,23080,,
finch,uniform,holdout,314,0.5,12,3-5,17,1.144731253802889,22,,0.8908692230563507,0,-0.8943631001377261,73.03333333333333,21.406666666666666,26968,,
finch,uniform,holdout,315,0.5,7,1-2,17,2.465072688179509,25,,0.6977816664586031,0,-0.5360038040269349,52.93333333333333,8.076666666666666,12230,,
finch,uniform,holdout,316,0.5,9,1-4,25,1.3977953489187431,8,,0.7663522161087496,0,-0.434583580324143,37.56666666666667,4.276666666666666,6452,,
finch,uniform,holdout,317,0.5,10,1-2,14,2.12697562041384,15,,0.7328351354064737,1,-0.5514205493531943,38.0,5.243333333333333,6763,,
finch,uniform,holdout,318,0.5,9,1-2,20,2.222284120648744,21,,0.7259787754423209,0,-0.5305145605851517,50.63333333333333,7.32,10286,,
finch,uniform,holdout,319,0.5,5,3-5,23,2.0829319895295653,30,,0.7378186455548706,1,-0.576242063264471,66.66666666666667,10.99,36533,,
finch,uniform,holdout,320,0.5,4,3-5,18,1.2492348319770952,11,,0.5573987759852721,2,-0.3163353538230456,33.9,3.3133333333333335,13289,,
finch,uniform,holdout,321,0.5,14,3-5,11,1.2734032753129148,29,,0.8514023114884612,0,-1.2295839163160769,45.733333333333334,29.143333333333334,35028,,
finch,uniform,holdout,322,0.5,11,3-5,23,1.8417514673320046,29,,0.894677760541953,0,-0.86019090738547,90.9,24.19,34919,,
finch,uniform,holdout,323,0.5,12,1-4,29,1.474760458162416,26,,0.8517875181913567,0,-0.6551661385000026,85.8,15.63,19708,,
finch,uniform,holdout,324,0.5,9,1-4,19,3.8485130301089514,27,,0.8267550815687823,0,-0.7845623946386782,50.666666666666664,11.05,20635,,
finch,uniform,holdout,325,0.5,10,1-2,13,3.9717137282078823,22,,0.7652653161171091,0,-0.7625486968812395,36.7,7.56,11102,,
finch,uniform,holdout,326,0.5,6,2-5,9,1.1048263414770434,21,,0.8944927095874939,0,-0.8717477704861273,55.06666666666667,15.313333333333333,21780,,
finch,uniform,holdout,327,0.5,13,2-5,20,2.1117925055142983,22,,0.9016661687981206,0,-0.8775993096472512,61.6,16.243333333333332,23447,,
finch,uniform,holdout,328,0.5,12,1-2,9,3.9223911330570385,14,,0.6393016156563173,0,-0.44646926806608145,26.833333333333332,3.0566666666666666,5805,,
finch,uniform,holdout,329,0.5,4,2-5,21,1.707160307772022,23,,0.7360973972747327,1,-0.5253966150848213,56.9,8.5,25125,,
finch,uniform,holdout,330,0.5,7,1-4,6,3.7927920527466643,15,,0.8308009368543751,0,-1.2280854470641853,21.466666666666665,8.97,11849,,
finch,uniform,holdout,331,0.5,9,1-2,16,1.7169882357947663,7,,0.7063921800200609,0,-0.44646197137648,22.566666666666666,2.15,3304,,
finch,uniform,holdout,332,0.5,13,1-4,21,2.1031985705021627,25,,0.8697620374106527,0,-0.7796636162896996,64.66666666666667,13.966666666666667,19341,,
finch,uniform,holdout,333,0.5,9,2-5,29,1.028274631761441,17,,0.7828177247971868,0,-0.41944452083131434,82.5,10.61,17728,,
finch,uniform,holdout,334,0.5,7,1-4,9,1.4923774511835086,22,,0.8717762664613627,0,-0.8759289112825559,47.6,12.013333333333334,17495,,
finch,uniform,holdout,335,0.5,5,1-2,14,2.1253017422829545,17,,0.6184806103298032,0,-0.4327385661667194,33.8,4.006666666666667,8642,,
finch,uniform,holdout,336,0.5,7,3-5,5,1.6526287427677828,26,,0.9214695249057537,0,-1.2909210283710064,34.36666666666667,19.69333333333333,31422,,
finch,uniform,holdout,337,0.5,8,1-4,28,2.26772327715548,26,,0.817026568720852,0,-0.6102571173414992,72.76666666666667,12.11,20652,,
finch,uniform,holdout,338,0.5,14,1-4,26,1.1071369760453484,22,,0.8644215624500826,0,-0.7113806557537959,77.76666666666667,15.283333333333333,17969,,
finch,uniform,holdout,339,0.5,13,1-2,30,3.0056919905460098,8,,0.7034960553804759,1,-0.48935770446211463,22.533333333333335,2.256666666666667,3926,,
finch,uniform,holdout,340,0.5,9,3-5,22,2.541257393992951,9,,0.8699050989795277,0,-0.6676405838451015,40.333333333333336,6.863333333333333,10724,,
finch,uniform,holdout,341,0.5,5,2-5,24,3.2546313971764875,18,,0.8269125917153898,0,-0.7342598030450078,46.53333333333333,8.943333333333333,19782,,
finch,uniform,holdout,342,0.5,14,1-4,20,3.7598682099667395,8,,0.8460694750044688,0,-0.7188661290885285,23.666666666666668,3.723333333333333,6126,,
finch,uniform,holdout,343,0.5,10,3-5,19,2.6140063715447366,7,,0.8794767007581186,0,-0.6741283604060223,33.3,5.463333333333333,8165,,
finch,uniform,holdout,344,0.5,13,1-4,10,3.584658289291465,15,,0.8574630777831296,0,-0.9733717284763311,28.866666666666667,7.926666666666667,11052,,
finch,uniform,holdout,345,0.5,11,1-2,15,3.798404774189931,14,,0.6930870381986681,0,-0.555089194281507,29.7,4.066666666666666,6683,,
finch,uniform,holdout,346,0.5,13,2-5,23,3.174493478873035,18,,0.8939502511430887,0,-0.7713237911624046,54.46666666666667,11.643333333333333,19010,,
finch,uniform,holdout,347,0.5,4,3-5,17,2.365615573572448,9,,0.72783136157822,0,-0.48485714809891306,27.666666666666668,3.16,11047,,
finch,uniform,holdout,348,0.5,13,1-4,20,2.205583775206425,16,,0.8489294900539722,0,-0.7030332842018332,47.63333333333333,8.813333333333333,12000,,
finch,uniform,holdout,349,0.5,13,1-4,12,3.9510013122590646,13,,0.855015026550182,0,-0.8576366421217032,28.533333333333335,6.6466666666666665,9775,,
finch,uniform,holdout,350,0.5,8,3-5,15,2.7712675736319867,29,,0.9049378384594002,0,-1.0421582200521688,65.06666666666666,23.76,35986,,
finch,uniform,holdout,351,0.5,8,3-5,9,1.4947284729916632,21,,0.9113774850892339,0,-0.944382211737255,52.3,15.653333333333334,26151,,
finch,uniform,holdout,352,0.5,12,3-5,28,2.7341562917475737,22,,0.892395230900685,0,-0.7471012432533665,70.1,14.75,26496,,
finch,uniform,holdout,353,0.5,9,1-2,8,2.3114227474719193,11,,0.7639873859336479,0,-0.6696785195177187,25.1,3.81,5226,,
finch,uniform,holdout,354,0.5,5,2-5,24,3.009584662549563,11,,0.831251269279549,0,-0.6484037106981259,32.96666666666667,5.116666666666666,11386,,
finch,uniform,holdout,355,0.5,6,1-4,22,1.2380816272772592,18,,0.7655644156823448,0,-0.4634561547294231,61.766666666666666,8.3,14835,,
finch,uniform,holdout,356,0.5,12,3-5,13,3.976072910850796,10,,0.8959751499050718,0,-0.8701899960832281,29.5,6.9366666666666665,12295,,
finch,uniform,holdout,357,0.5,13,2-5,30,1.0768065394333686,19,,0.8683099413017143,0,-0.614559986036763,83.0,14.116666666666667,19238,,
finch,uniform,holdout,358,0.5,13,3-5,24,2.5703058225555355,15,,0.8977403424475684,0,-0.74804592632854,56.266666666666666,11.666666666666666,17669,,
finch,uniform,holdout,359,0.5,5,2-5,8,3.164912241608071,9,,0.8119600970136088,0,-0.8389785671739441,22.433333333333334,4.666666666666667,9259,,
finch,uniform,holdout,360,0.5,4,1-4,6,1.720871403439451,29,,0.8684084322934206,0,-0.9659982102553449,47.93333333333333,16.483333333333334,23151,,
finch,uniform,holdout,361,0.5,4,2-5,10,2.075664449263413,29,,0.7070878839447373,0,-0.7155409351025322,50.93333333333333,12.213333333333333,31628,,
finch,uniform,holdout,362,0.5,5,1-4,17,1.260125095443384,14,,0.7579971634010135,1,-0.5017419210177654,45.2,6.303333333333334,11213,,
finch,uniform,holdout,363,0.5,7,1-2,28,3.673309944885418,12,,0.6591595460953315,0,-0.5165991731053309,27.4,3.36,6348,,
finch,uniform,holdout,364,0.5,7,1-2,17,3.6234968492410884,25,,0.6276063928816626,0,-0.4323036049130809,43.7,5.693333333333333,12231,,
finch,uniform,holdout,365,0.5,9,1-4,28,2.73155649904879,21,,0.8723921053696081,0,-0.740037881981165,58.4,11.833333333333334,16835,,
finch,uniform,holdout,366,0.5,9,2-5,8,3.9311682152990683,10,,0.8885900159792645,0,-1.0373768962675611,22.433333333333334,6.92,10805,,
finch,uniform,holdout,367,0.5,14,1-4,5,1.4513469384885895,19,,0.8702239836888472,0,-1.0646573991536268,29.266666666666666,10.813333333333333,12767,,
finch,uniform,holdout,368,0.5,12,2-5,25,1.0518507382360287,14,,0.8693740193689464,0,-0.5961773534124475,67.96666666666667,11.106666666666667,14773,,
finch,uniform,holdout,369,0.5,10,2-5,8,1.0483685778831662,24,,0.8523514622653958,0,-1.2090033445790098,33.8,24.09,25963,,
finch,uniform,holdout,370,0.5,7,1-4,12,1.0538547508221043,15,,0.8251338943682597,0,-0.6021016676274565,50.0,7.816666666666666,11309,,
finch,uniform,holdout,371,0.5,11,3-5,16,2.85676734641782,24,,0.9000393612797902,0,-0.9457231877847331,58.03333333333333,17.986666666666668,29501,,
finch,uniform,holdout,372,0.5,8,2-5,18,3.665703817928733,24,,0.8934663014483242,0,-0.9798765302249334,52.06666666666667,16.016666666666666,25539,,
finch,uniform,holdout,373,0.5,14,1-2,24,1.4867419997445754,25,,0.8262387808153532,0,-0.644334711945536,70.13333333333334,12.216666666666667,12114,,
finch,uniform,holdout,374,0.5,5,1-4,22,1.554450807643097,16,,0.7618367762775679,0,-0.5137389127735607,49.36666666666667,6.883333333333334,12889,,
finch,uniform,holdout,375,0.5,6,2-5,14,1.084626489411617,18,,0.8330290286472786,0,-0.6029632985734618,64.53333333333333,10.76,18252,,
finch,uniform,holdout,376,0.5,7,1-4,9,3.9911608488194537,7,,0.8193164200982168,0,-0.6949597591777508,18.966666666666665,2.5833333333333335,5461,,
finch,uniform,holdout,377,0.5,7,3-5,5,2.204446759321585,21,,0.8772614790269767,0,-1.2167479364800802,30.566666666666666,15.68,24715,,
finch,uniform,holdout,378,0.5,4,2-5,19,1.6412318174662177,24,,0.7520098762460429,0,-0.5496968517890145,61.4,9.646666666666667,25845,,
finch,uniform,holdout,379,0.5,13,1-2,21,1.5134290973215483,30,,0.8075831057140402,0,-0.6356679207779673,77.56666666666666,13.79,13932,,
finch,uniform,holdout,380,0.5,10,1-2,20,3.1122141400081076,17,,0.7146807417359007,0,-0.5512213043820339,37.6,5.223333333333334,8343,,
finch,uniform,holdout,381,0.5,12,1-2,8,1.4151382239453238,8,,0.7799457475262599,0,-0.6122908611978501,23.1,2.9033333333333333,3745,,
finch,uniform,holdout,382,0.5,14,3-5,9,3.395017060411365,11,,0.88270883312339,0,-0.9816982687938418,26.0,8.12,13031,,
finch,uniform,holdout,383,0.5,11,1-2,11,2.443849691063086,13,,0.7817350646722339,0,-0.6846776482025141,30.233333333333334,4.916666666666667,6001,,
finch,uniform,holdout,384,0.5,13,1-4,29,3.156765498301141,12,,0.8368769563469257,0,-0.6417198775640071,38.5,6.173333333333333,9194,,
finch,uniform,holdout,385,0.5,6,3-5,10,3.018793449547048,29,,0.888551126989775,0,-1.108934467211087,49.8,21.346666666666668,33985,,
finch,uniform,holdout,386,0.5,11,1-2,22,1.7710385958699928,11,,0.704763142409184,0,-0.47236487196734356,34.43333333333333,4.08,5296,,
finch,uniform,holdout,387,0.5,14,1-2,6,3.232780347620576,24,,0.8286939555736104,0,-0.6627852398904449,36.9,6.77,10377,,
finch,uniform,holdout,388,0.5,5,3-5,12,2.91901432082387,27,,0.8625729896604433,0,-1.069755605265891,50.43333333333333,19.756666666666668,31835,,
finch,uniform,holdout,389,0.5,12,2-5,24,3.7460714701437046,18,,0.8990623412407341,0,-0.8476617350120889,48.46666666666667,11.6,18919,,
finch,uniform,holdout,390,0.5,7,2-5,27,1.8248793649647412,28,,0.8287977443364714,0,-0.6136352997355045,86.93333333333334,14.966666666666667,29702,,
finch,uniform,holdout,391,0.5,12,1-2,12,2.290251221218369,30,,0.8538457340816303,0,-0.7005753749090384,57.833333333333336,11.446666666666667,13953,,
finch,uniform,holdout,392,0.5,7,3-5,11,2.088732778900389,8,,0.8747979637065557,0,-0.7367307360997336,30.733333333333334,5.6433333333333335,9749,,
finch,uniform,holdout,393,0.5,9,1-2,27,1.4465014919852845,7,,0.6677137085396257,1,-0.38246178448147977,26.1,2.4166666666666665,3591,,
finch,uniform,holdout,394,0.5,11,1-4,17,3.235777125900265,8,,0.8121527081782512,0,-0.643070938734393,25.766666666666666,3.62,6107,,
finch,uniform,holdout,395,0.5,8,2-5,18,3.2049832111284275,29,,0.8865891020621947,0,-0.979570274440299,62.56666666666667,20.09,30197,,
finch,uniform,holdout,396,0.5,6,1-4,6,3.8662173225643235,10,,0.8127217495455861,0,-0.9827099625608876,18.466666666666665,4.47,8076,,
finch,uniform,holdout,397,0.5,11,1-2,13,2.9869881316508815,20,,0.7927396655843667,0,-0.6338202001115701,40.36666666666667,6.83,9830,,
finch,uniform,holdout,398,0.5,5,1-4,26,1.3719136139969779,9,,0.5616916679817399,1,-0.2633896524431881,33.63333333333333,3.01,7353,,
finch,uniform,holdout,399,0.5,7,3-5,10,1.0329573885684658,10,,0.8914270760737231,0,-0.7473426708053718,40.5,8.166666666666666,12130,,
finch,uniform,holdout,400,0.5,14,2-5,17,2.5660127065251346,12,,0.8991894382268343,0,-0.8628490859164821,39.63333333333333,9.77,12807,,
finch,uniform,holdout,401,0.5,10,1-4,17,2.23040426104989,16,,0.8280365884080435,0,-0.6882395976832851,44.93333333333333,8.02,11858,,
finch,uniform,holdout,402,0.5,9,3-5,12,3.761664557463293,6,,0.853615120927692,0,-0.7748944970898849,22.866666666666667,4.19,7130,,
finch,uniform,holdout,403,0.5,5,3-5,28,2.5640038863112706,25,,0.7941482437138977,0,-0.647497753294595,58.3,10.303333333333333,30199,,
finch,uniform,holdout,404,0.5,4,3-5,29,3.221796828072109,26,,0.7826846716675625,1,-0.7466419914542546,41.46666666666667,8.413333333333334,31875,,
finch,uniform,holdout,405,0.5,8,1-2,18,2.170827884378121,15,,0.6989742806035678,0,-0.4359363164434399,39.833333333333336,4.69,7431,,
finch,uniform,holdout,406,0.5,4,1-2,20,2.8842872395480614,6,,0.5049653382529877,7,-0.277673587298063,15.466666666666667,0.7733333333333333,3199,,
finch,uniform,holdout,407,0.5,13,1-2,25,1.8095645316131512,29,,0.8066225234418261,0,-0.5961001464140595,76.3,12.616666666666667,14165,,
finch,uniform,holdout,408,0.5,6,1-2,7,2.8057841720262795,10,,0.7750937894199658,0,-0.772079424726457,21.0,3.6933333333333334,4937,,
finch,uniform,holdout,409,0.5,5,3-5,9,1.0335364291773776,6,,0.8644339307418067,0,-0.6425924537704257,28.433333333333334,4.463333333333333,7157,,
finch,uniform,holdout,410,0.5,11,3-5,16,1.9486952440651908,19,,0.9004999374883116,0,-0.8859638567722053,55.53333333333333,14.866666666666667,22383,,
finch,uniform,holdout,411,0.5,7,3-5,13,2.6896412393313582,6,,0.8579316707159458,0,-0.6378978240733126,26.966666666666665,4.006666666666667,7153,,
finch,uniform,holdout,412,0.5,4,1-4,25,1.7379728563513432,20,,0.7058430577255801,1,-0.4402758629660279,45.86666666666667,5.66,16803,,
finch,uniform,holdout,413,0.5,4,1-2,13,2.7407977382840985,30,,0.48803946132709675,1,-0.30118341346986843,40.233333333333334,4.53,15409,,
finch,uniform,holdout,414,0.5,10,1-4,26,3.5342328237281104,24,,0.8642088227960456,0,-0.8399377339313125,53.53333333333333,12.936666666666667,19154,,
finch,uniform,holdout,415,0.5,9,3-5,20,3.412245106918708,11,,0.8918197367952805,0,-0.7789027014102817,39.733333333333334,8.21,13495,,
finch,uniform,holdout,416,0.5,14,3-5,14,3.9717614216789783,19,,0.892287511274858,0,-1.1221023981236877,38.6,16.44,22036,,
finch,uniform,holdout,417,0.5,7,3-5,17,2.6667684285534343,21,,0.8934544258671511,0,-0.859737991434078,57.6,14.636666666666667,24460,,
finch,uniform,holdout,418,0.5,13,2-5,24,2.14672910200116,14,,0.8927159831463577,0,-0.7185411434592441,50.93333333333333,9.823333333333334,14441,,
finch,uniform,holdout,419,0.5,10,1-2,5,3.3238442358588736,13,,0.73685147173371,0,-0.5990442562535507,23.566666666666666,3.5566666666666666,6245,,
finch,uniform,holdout,420,0.5,13,1-2,24,1.7894649464790084,12,,0.7400543385541613,0,-0.4834136944515984,37.96666666666667,4.61,5755,,
finch,uniform,holdout,421,0.5,7,1-2,25,1.7550613530332169,21,,0.6523602053092112,0,-0.41793033887695896,51.86666666666667,6.323333333333333,10901,,
finch,uniform,holdout,422,0.5,14,1-2,21,1.7460597865999499,28,,0.8300380523220772,0,-0.6233981875192873,71.73333333333333,12.326666666666666,13315,,
finch,uniform,holdout,423,0.5,5,2-5,22,1.567183344934631,7,,0.7052423328496508,0,-0.39145994949665963,31.4,3.2933333333333334,7229,,
finch,uniform,holdout,424,0.5,12,3-5,11,2.7628863387210942,8,,0.8958285330405747,0,-0.8213481432564927,29.0,6.08,10344,,
finch,uniform,holdout,425,0.5,13,1-2,25,2.666496742489197,25,,0.758549828920199,0,-0.6141060449948808,56.733333333333334,9.59,12130,,
finch,uniform,holdout,426,0.5,5,1-4,30,2.2237789744454113,9,,0.7386751860087271,2,-0.47630788464860174,30.1,3.4233333333333333,7322,,
finch,uniform,holdout,427,0.5,4,3-5,28,2.459202939137509,10,,0.7455825390359428,2,-0.5327855103720623,28.3,3.33,12213,,
finch,uniform,holdout,428,0.5,11,3-5,20,2.868098614669186,29,,0.9026067986401941,0,-0.9853136276577363,70.23333333333333,24.12,34532,,
finch,uniform,holdout,429,0.5,11,1-2,24,2.0427627794743284,22,,0.7536210027613639,0,-0.5440300266859618,56.63333333333333,8.366666666666667,10804,,
finch,uniform,holdout,430,0.5,13,1-4,12,2.420983387231613,6,,0.8116984693047642,0,-0.6232935784805984,21.266666666666666,2.69,4638,,
finch,uniform,holdout,431,0.5,14,1-2,28,2.8311582989118307,29,,0.7940411873393087,0,-0.6493264604582057,63.733333333333334,11.29,14014,,
finch,uniform,holdout,432,0.5,13,1-4,29,1.7838254866015317,10,,0.8420488592633366,0,-0.5727279596835676,41.06666666666667,5.8533333333333335,8118,,
finch,uniform,holdout,433,0.5,6,3-5,19,3.025314771657983,29,,0.8945037539358917,0,-0.9277244360233639,69.0,20.386666666666667,35530,,
finch,uniform,holdout,434,0.5,14,2-5,26,3.359673445159806,29,,0.8974513551214325,0,-0.8830810857839809,70.4,19.21,29916,,
finch,uniform,holdout,435,0.5,8,2-5,8,1.4553567808463859,23,,0.9177831084119196,0,-1.0968237019034108,44.36666666666667,17.643333333333334,25159,,
finch,uniform,holdout,436,0.5,11,2-5,22,1.4308731182947012,19,,0.8970480230597562,0,-0.7390744853598422,71.73333333333333,14.963333333333333,20277,,
finch,uniform,holdout,437,0.5,5,2-5,16,2.6926919090020354,13,,0.8409517413595057,0,-0.7592170812891078,36.7,7.116666666666666,13855,,
finch,uniform,holdout,438,0.5,11,3-5,16,1.8915360018660037,15,,0.8980188806174314,0,-0.8135801891965738,51.733333333333334,12.093333333333334,18688,,
finch,uniform,holdout,439,0.5,4,2-5,22,2.5384218359376227,12,,0.7400885742676714,1,-0.5335781972469811,32.63333333333333,4.246666666666667,12687,,
finch,uniform,holdout,440,0.5,9,3-5,30,2.9759201639289303,22,,0.8960596789813793,0,-0.8043155995498085,73.33333333333333,17.256666666666668,27155,,
finch,uniform,holdout,441,0.5,5,2-5,24,3.939953189282826,28,,0.7951653678702573,0,-0.819525697511484,47.96666666666667,11.633333333333333,28519,,
finch,uniform,holdout,442,0.5,7,1-4,26,3.4704815011660974,25,,0.8213992738224222,0,-0.7235703990555308,52.766666666666666,10.4,19798,,
finch,uniform,holdout,443,0.5,5,1-4,26,2.444448285775952,22,,0.7922804895171165,0,-0.6426946107661936,48.8,8.276666666666667,18473,,
finch,uniform,holdout,444,0.5,8,1-4,9,3.3004205359826955,29,,0.8622824399559335,0,-0.9924370116386884,44.13333333333333,14.656666666666666,21980,,
finch,uniform,holdout,445,0.5,9,2-5,27,1.2365691844602562,20,,0.8634586371576201,0,-0.6069410288530974,89.96666666666667,15.246666666666666,21957,,
finch,uniform,holdout,446,0.5,7,1-4,9,2.0913318166960613,24,,0.8967541613277629,0,-1.0366469676867203,44.233333333333334,14.7,19041,,
finch,uniform,holdout,447,0.5,9,3-5,13,3.5633218602339753,28,,0.8979737118615837,0,-1.0843404010027724,50.733333333333334,19.573333333333334,31880,,
finch,uniform,holdout,448,0.5,11,1-2,23,1.0870315181608268,8,,0.7101979446041191,0,-0.3671627445316874,31.866666666666667,3.1266666666666665,3871,,
finch,uniform,holdout,449,0.5,14,1-4,19,2.567198305068366,30,,0.8868569148818751,0,-0.8242011232684907,65.93333333333334,15.93,22438,,
finch,uniform,holdout,450,0.5,9,1-2,19,3.1310404145817454,6,,0.7166636966403513,1,-0.5314907646516259,17.266666666666666,1.6266666666666667,2944,,
finch,uniform,holdout,451,0.5,4,1-4,7,1.1943149548795426,23,,0.8285955431970503,1,-0.6962893760145569,51.3,9.853333333333333,18597,,
finch,uniform,holdout,452,0.5,7,1-4,9,2.325540678460788,16,,0.8207084069400664,0,-0.8311095611322957,34.46666666666667,7.496666666666667,12357,,
finch,uniform,holdout,453,0.5,7,3-5,15,2.6760056162800874,27,,0.9002479323435113,0,-0.9454844604569995,65.8,19.64666666666667,32137,,
finch,uniform,holdout,454,0.5,9,1-2,28,2.771536868941708,10,,0.67341543663079,0,-0.4499055981220079,28.1,3.026666666666667,5292,,
finch,uniform,holdout,455,0.5,4,2-5,14,2.181127740014326,16,,0.758258237401329,0,-0.6330934813638345,37.46666666666667,6.14,17559,,
finch,uniform,holdout,456,0.5,10,1-4,5,1.0825334467156926,28,,0.9004571489793214,0,-1.460600264697813,25.433333333333334,22.55,24871,,
finch,uniform,holdout,457,0.5,9,1-2,30,1.7122208276788986,8,,0.5966817291944199,0,-0.329081397059986,27.4,2.45,4127,,
finch,uniform,holdout,458,0.5,7,1-2,26,3.526660407503928,11,,0.6786213877901145,0,-0.49121169824152205,25.533333333333335,2.86,5755,,
finch,uniform,holdout,459,0.5,5,2-5,16,3.661813683522393,13,,0.8620580380315087,0,-0.8123278612683116,33.5,7.163333333333333,13921,,
finch,uniform,holdout,460,0.5,5,1-2,15,3.0160760707161685,7,,0.5912177831518441,2,-0.3895842524250134,18.566666666666666,1.5066666666666666,3612,,
finch,uniform,holdout,461,0.5,8,2-5,5,1.397680360897348,16,,0.8731660713009564,0,-1.2333859399747509,23.433333333333334,15.066666666666666,17293,,
finch,uniform,holdout,462,0.5,6,1-2,21,3.7772134395827797,30,,0.5572593813452168,0,-0.44501668948145734,46.3,6.6,15487,,
finch,uniform,holdout,463,0.5,4,2-5,8,1.7504204461737567,18,,0.7974881055928346,0,-0.763862159058722,38.833333333333336,8.326666666666666,18204,,
finch,uniform,holdout,464,0.5,14,2-5,29,1.1926501705194634,28,,0.8890911820746477,0,-0.7577759381491107,109.66666666666667,24.843333333333334,30057,,
finch,uniform,holdout,465,0.5,9,1-2,14,3.4623534871421167,11,,0.6545355590564399,0,-0.48550576796977635,24.7,2.703333333333333,5336,,
finch,uniform,holdout,466,0.5,11,1-2,21,3.5023663145458213,24,,0.7610649427012547,0,-0.606858803523556,47.166666666666664,7.703333333333333,11647,,
finch,uniform,holdout,467,0.5,14,3-5,9,1.5410753647606756,29,,0.8875823144685849,0,-1.300753346015579,42.53333333333333,28.263333333333332,34723,,
finch,uniform,holdout,468,0.5,14,1-2,17,2.7394945876264485,27,,0.7969962748647117,0,-0.6286936116649202,56.4,9.816666666666666,12821,,
finch,uniform,holdout,469,0.5,12,2-5,18,2.3286265002746234,25,,0.906947437177761,0,-0.9301470760156506,63.06666666666667,18.596666666666668,26570,,
finch,uniform,holdout,470,0.5,6,1-2,6,2.5142832964368536,28,,0.7998729977978094,0,-0.6952374856800781,40.6,8.703333333333333,13255,,
finch,uniform,holdout,471,0.5,8,3-5,9,2.099398582636638,24,,0.8759019547748549,0,-1.017069146074856,48.1,16.086666666666666,29177,,
finch,uniform,holdout,472,0.5,12,2-5,9,3.0852651128787496,30,,0.9078340686680293,0,-1.2303758760115033,40.36666666666667,21.33,31093,,
finch,uniform,holdout,473,0.5,13,1-4,15,2.3049898312281756,7,,0.8441690102898155,0,-0.6382468731103347,25.2,3.5233333333333334,5266,,
finch,uniform,holdout,474,0.5,14,1-2,7,2.212006055754992,18,,0.8225809064556197,0,-0.6192997253620386,35.9,5.796666666666667,8014,,
finch,uniform,holdout,475,0.5,11,1-2,9,3.4750338609057354,10,,0.6435352816357358,0,-0.4599918283865516,21.7,2.3233333333333333,4431,,
finch,uniform,holdout,476,0.5,8,1-4,11,1.447644618127418,12,,0.8515127396853266,0,-0.7272241243593217,36.733333333333334,6.54,8733,,
finch,uniform,holdout,477,0.5,9,1-2,22,1.9069473951494817,15,,0.7090624073037054,0,-0.4187421091363486,43.46666666666667,5.023333333333333,7602,,
finch,uniform,holdout,478,0.5,14,2-5,21,1.8887518004981043,26,,0.9039453789695987,0,-0.9137191520634952,70.93333333333334,21.07,27608,,
finch,uniform,holdout,479,0.5,8,1-2,17,3.3827482894233345,29,,0.7217909861766358,0,-0.669646000755159,49.7,9.9,14146,,
finch,uniform,holdout,480,0.5,6,1-2,9,1.1119325382185221,14,,0.7637413845118608,0,-0.5574610594566994,37.53333333333333,5.296666666666667,6539,,
finch,uniform,holdout,481,0.5,9,1-2,10,3.1436814795701875,27,,0.8032240597282527,0,-0.7582848706360802,43.666666666666664,9.88,13362,,
finch,uniform,holdout,482,0.5,8,3-5,14,2.034466836973081,28,,0.9106386024340402,0,-1.002926805707834,69.36666666666666,23.773333333333333,32691,,
finch,uniform,holdout,483,0.5,13,1-4,25,2.0567988997758855,30,,0.8629736194413749,0,-0.7693919761655632,80.1,17.863333333333333,22641,,
finch,uniform,holdout,484,0.5,13,1-4,30,2.297150213745576,9,,0.7980281686781773,0,-0.5034807948575194,34.2,4.273333333333333,7340,,
finch,uniform,holdout,485,0.5,7,2-5,15,3.8051299209281026,6,,0.8792243200642413,0,-0.7895895010497412,23.3,4.166666666666667,6449,,
finch,uniform,holdout,486,0.5,8,3-5,24,1.4488801614449893,8,,0.7969711906486084,0,-0.4322085013664081,44.233333333333334,5.226666666666667,9603,,
finch,uniform,holdout,487,0.5,14,1-4,28,2.7162166994949635,22,,0.8714753285658629,0,-0.744998090152759,61.4,12.686666666666667,17374,,
finch,uniform,holdout,488,0.5,6,3-5,8,2.1111253886595067,21,,0.8958809471733963,0,-1.1294523519898563,43.2,19.576666666666668,27231,,
finch,uniform,holdout,489,0.5,5,1-4,8,3.6973300731398147,25,,0.6815080500492384,1,-0.6882160828604991,33.4,7.433333333333334,17747,,
finch,uniform,holdout,490,0.5,13,2-5,21,2.0738263832139014,21,,0.892268150850253,0,-0.7922418973828645,64.43333333333334,14.71,22146,,
finch,uniform,holdout,491,0.5,11,1-2,23,2.510823125905812,17,,0.7201380114850818,0,-0.5159005900124691,43.43333333333333,5.913333333333333,8370,,
finch,uniform,holdout,492,0.5,9,1-2,11,1.242057394732037,9,,0.770500188809378,0,-0.5726652197451058,27.366666666666667,3.49,4196,,
finch,uniform,holdout,493,0.5,4,1-4,27,2.3317744100217705,13,,0.6893373543302029,0,-0.48466020388623743,31.833333333333332,3.8666666666666667,10979,,
finch,uniform,holdout,494,0.5,7,1-2,13,3.897727718876207,12,,0.6688464441842156,0,-0.6041862959411878,24.333333333333332,3.3466666666666667,5869,,
finch,uniform,holdout,495,0.5,8,1-4,16,3.4456732057325072,30,,0.8245428841229187,0,-0.8443124185816259,52.9,13.403333333333334,23536,,
finch,uniform,holdout,496,0.5,4,2-5,27,1.126369321296644,24,,0.47120084382744964,7,-0.18686221874429657,41.666666666666664,3.61,26090,,
finch,uniform,holdout,497,0.5,10,2-5,14,1.5538773076025458,9,,0.8655750566066335,0,-0.6630293511187796,38.166666666666664,6.4366666666666665,9872,,
finch,uniform,holdout,498,0.5,12,1-2,11,1.8714688273186417,22,,0.8346432486236516,0,-0.6664777515258599,49.43333333333333,8.83,10012,,
finch,uniform,holdout,499,0.5,12,3-5,27,3.790518110630809,15,,0.8880531355890631,0,-0.8111551799968599,50.9,11.74,18671,,
finch,lognormal,holdout,0,0.5,11,1-2,22,1.0278052319875672,26,,0.9105251890546218,0,-1.0635080602118852,43.3,15.326666666666666,13581,2.3329074829744534,
finch,lognormal,holdout,1,0.5,8,1-2,19,2.0133039065179466,27,,0.8386281571711066,0,-0.6916748871148414,45.03333333333333,8.393333333333333,12620,2.6445336546730456,
finch,lognormal,holdout,2,0.5,11,1-4,18,3.180603801303766,22,,0.8674893067274247,0,-0.9938426444077633,25.2,9.14,14562,3.2804583939665237,
finch,lognormal,holdout,3,0.5,14,3-5,21,1.094127842429088,12,,0.9052567168794897,0,-0.7651556669548455,55.53333333333333,11.943333333333333,14040,0.6543869084183997,
finch,lognormal,holdout,4,0.5,11,1-4,14,1.4132555967517282,21,,0.8401572728574777,0,-0.773348088126098,28.566666666666666,6.47,11924,3.4139126968581497,
finch,lognormal,holdout,5,0.5,10,1-2,20,3.9218085611745135,9,,0.6992713518134127,0,-0.5744767446229435,21.766666666666666,2.67,4381,0.6299758344784372,
finch,lognormal,holdout,6,0.5,7,2-5,24,3.4752294651474234,29,,0.8742867332846551,0,-1.3206408193344956,32.166666666666664,26.363333333333333,32996,3.0980025789184498,
finch,lognormal,holdout,7,0.5,5,1-4,22,3.342474623017325,22,,0.8323960272690302,0,-0.7751004313194533,28.233333333333334,5.246666666666667,12549,3.2059533967833254,
finch,lognormal,holdout,8,0.5,6,1-4,19,1.0379424838349705,26,,0.8303127606240044,0,-0.5819041901288241,91.26666666666667,15.046666666666667,21917,0.2566928344515098,
finch,lognormal,holdout,9,0.5,5,1-2,30,3.7369016297949735,26,,0.8025037468724714,0,-0.7586757771942886,25.7,4.6033333333333335,14610,3.4090602176309273,
finch,lognormal,holdout,10,0.5,10,1-4,28,2.5663431322601484,13,,0.8877322213088141,0,-0.8251167793395308,24.066666666666666,4.826666666666667,9855,2.5215928454914227,
finch,lognormal,holdout,11,0.5,12,3-5,27,2.901686548993131,6,,0.8507451332013434,0,-0.9774987038244327,12.5,2.546666666666667,6687,2.628993947230013,
finch,lognormal,holdout,12,0.5,4,2-5,12,2.7422786918509487,14,,0.825457314444776,0,-0.7916096477632847,32.2,6.593333333333334,15243,0.8059219994658589,
finch,lognormal,holdout,13,0.5,5,1-2,15,2.7931391430910004,16,,0.6703750800916789,0,-0.4994900343917764,33.03333333333333,4.3133333333333335,8246,0.7502852168642442,
finch,lognormal,holdout,14,0.5,6,3-5,19,1.7242358695481208,14,,0.8319108130577327,0,-0.613729901830381,54.4,8.74,16795,0.4493449563034968,
finch,lognormal,holdout,15,0.5,14,2-5,20,1.5828097031956048,25,,0.9131026293414378,0,-1.125001467636973,43.46666666666667,18.833333333333332,25794,2.200246927261759,
finch,lognormal,holdout,16,0.5,4,2-5,30,3.9802316584867894,8,,0.8601883917451075,0,-1.2412857190836428,14.3,5.296666666666667,9527,2.5331781693474826,
finch,lognormal,holdout,17,0.5,11,3-5,15,2.197022520685043,29,,0.9244976214407118,0,-1.2190875324501904,48.733333333333334,27.19,35627,1.4337944137427807,
finch,lognormal,holdout,18,0.5,8,1-4,24,1.475375303802855,6,,0.7522972134238994,0,-0.5311341575741998,24.166666666666668,2.796666666666667,4644,1.5301771044291148,
finch,lognormal,holdout,19,0.5,6,3-5,29,1.2146900650032908,9,,0.8760339386020699,0,-0.7817976942772943,34.96666666666667,7.286666666666667,11185,2.033515076923586,
finch,lognormal,holdout,20,0.5,12,1-2,10,3.1874422406351264,26,,0.7607400812589002,0,-0.6447508432484584,21.933333333333334,3.533333333333333,10463,2.9408435142757927,
finch,lognormal,holdout,21,0.5,13,2-5,17,2.0015852320764997,15,,0.8637619213709462,0,-0.9917138896250751,20.2,7.346666666666667,15662,3.1171046554915907,
finch,lognormal,holdout,22,0.5,6,1-2,16,2.275789467635097,28,,0.7574986302037885,0,-0.5026689716785897,52.63333333333333,7.316666666666666,13207,1.2816055883085302,
finch,lognormal,holdout,23,0.5,11,1-4,22,2.4835053877077855,8,,0.8501382062703372,0,-0.9414670425907189,17.266666666666666,3.5866666666666664,6733,2.2843327250417613,
finch,lognormal,holdout,24,0.5,7,1-2,28,2.6066707620996916,23,,0.632489467526086,0,-0.42981884806459897,50.03333333333333,6.526666666666666,11890,0.5771820561305196,
finch,lognormal,holdout,25,0.5,14,1-4,14,3.1230027766248534,21,,0.8912622867940974,0,-0.9844934509721228,40.43333333333333,12.266666666666667,16300,0.3959766216649519,
finch,lognormal,holdout,26,0.5,13,3-5,14,2.732740104243006,27,,0.9156522178895997,0,-1.1947212854457525,39.96666666666667,21.313333333333333,34707,2.2383981257027377,
finch,lognormal,holdout,27,0.5,5,1-4,19,1.504748544509819,14,,0.8614613250057486,0,-0.7796479021092996,32.233333333333334,6.81,10730,1.9144687386452548,
finch,lognormal,holdout,28,0.5,4,1-4,14,2.174795369331724,8,,0.7757331325544389,2,-0.6581889506291024,23.433333333333334,3.283333333333333,6760,0.76915268718897,
finch,lognormal,holdout,29,0.5,14,3-5,6,2.3684308614096876,22,,0.9158967532109139,3,-1.310188510390078,21.0,13.003333333333334,27941,2.1883394826074327,
finch,lognormal,holdout,30,0.5,7,1-2,7,3.499379595908958,30,,0.6967167823617136,5,-0.7961464015513856,18.366666666666667,3.3866666666666667,14485,3.2530357953503803,
finch,lognormal,holdout,31,0.5,10,2-5,8,1.7921028057555448,13,,0.8882515233457347,6,-1.5884152781445533,14.733333333333333,9.246666666666666,13660,3.4208625069833274,
finch,lognormal,holdout,32,0.5,4,1-4,25,1.9444649567514238,8,,0.7291317041418914,0,-0.4972940227415618,26.333333333333332,3.0033333333333334,7115,1.0864304540939076,
finch,lognormal,holdout,33,0.5,14,2-5,26,3.123049494447268,20,,0.9112713356742643,0,-1.0957932901219891,26.866666666666667,10.563333333333333,20454,3.2574766118994902,
finch,lognormal,holdout,34,0.5,14,3-5,24,2.3617357522953975,11,,0.907099921504089,0,-0.8892213598740004,30.266666666666666,7.35,13092,1.7536218058069684,
finch,lognormal,holdout,35,0.5,12,1-2,12,2.6133576425429093,13,,0.812804134744956,0,-0.9183152127272004,18.666666666666668,3.49,6057,2.318595240795666,
finch,lognormal,holdout,36,0.5,4,2-5,15,1.2252359272306923,16,,0.7738395916912366,0,-0.579911414928686,45.3,7.1066666666666665,17116,1.5809976230625338,
finch,lognormal,holdout,37,0.5,13,1-2,27,1.1037160752196082,18,,0.8401964456708956,0,-0.6942573680812867,55.43333333333333,10.25,9278,1.1043835578534433,
finch,lognormal,holdout,38,0.5,5,1-2,5,1.8957761214509325,14,,0.7479550432836729,0,-0.5748772830357757,20.1,2.5766666666666667,6847,1.7155720271139314,
finch,lognormal,holdout,39,0.5,11,2-5,7,2.0784442197076585,28,,0.8986273466718481,0,-1.2059646415046117,28.966666666666665,19.166666666666668,29019,1.5396613084182311,
finch,lognormal,holdout,40,0.5,9,1-2,14,3.7343207143009147,17,,0.7691420017683246,0,-0.7395829078390441,20.233333333333334,3.7866666666666666,8066,2.3356050793512426,
finch,lognormal,holdout,41,0.5,8,1-2,29,1.232073096125173,27,,0.8776824287111986,0,-0.8299424762379287,43.1,11.553333333333333,14866,2.4687872688152845,
finch,lognormal,holdout,42,0.5,7,1-2,24,2.4027691704693717,7,,0.7964618855864455,0,-0.662560551525836,16.366666666666667,1.8233333333333333,3504,2.4476220882013937,
finch,lognormal,holdout,43,0.5,4,3-5,20,3.9650224512268113,18,,0.8720076926199601,0,-1.1177580720557718,27.7,10.763333333333334,21639,2.141641905454567,
finch,lognormal,holdout,44,0.5,13,1-4,27,1.6362696238599495,16,,0.8562041869478693,0,-0.6737397567088312,54.6,9.69,12564,0.7399289300184666,
finch,lognormal,holdout,45,0.5,6,3-5,22,3.5883748121794836,27,,0.8779470424953162,2,-1.2858132696964815,25.1,13.94,33094,2.905206680608148,
finch,lognormal,holdout,46,0.5,11,1-2,21,3.0939460682971465,8,,0.7729316917956109,0,-0.6223195644724642,17.4,2.05,3891,2.8308861382486312,
finch,lognormal,holdout,47,0.5,7,1-4,14,1.356747087887292,12,,0.8155307524744371,0,-0.7154212699196113,32.3,5.92,10111,1.4461907905294442,
finch,lognormal,holdout,48,0.5,10,3-5,11,1.9263814038523794,19,,0.8867118428475931,0,-0.8893450227575207,29.366666666666667,7.576666666666667,21924,2.118496044717255,
finch,lognormal,holdout,49,0.5,5,1-2,22,3.483059592078853,6,,0.7142978619935932,1,-0.5507893157720883,15.2,1.28,3237,1.7650966197037343,
finch,lognormal,holdout,50,0.5,13,1-2,9,2.529424928202096,19,,0.7834820699817667,0,-0.5781280890338387,26.766666666666666,3.8666666666666667,10135,2.1807168230780998,
finch,lognormal,holdout,51,0.5,4,3-5,9,3.843813002656207,18,,0.8740307292465672,1,-1.4445959321593171,19.133333333333333,10.913333333333334,20959,2.4095188270797805,
finch,lognormal,holdout,52,0.5,8,1-2,5,1.2518884376984107,21,,0.8455314400402555,4,-0.6683872600444771,20.966666666666665,2.83,8183,2.8279673307078914,
finch,lognormal,holdout,53,0.5,12,1-4,9,2.8839630208659552,9,,0.8465749678603731,0,-0.8858285122011299,15.366666666666667,2.8533333333333335,6571,1.932498268347197,
finch,lognormal,holdout,54,0.5,4,1-2,20,3.303874197684646,23,,0.7781938674302786,0,-0.7622896265214213,33.733333333333334,7.493333333333333,12747,2.160976254913921,
finch,lognormal,holdout,55,0.5,14,2-5,8,1.1373050302192822,7,,0.9073733778088485,0,-0.994906218102766,13.566666666666666,3.2733333333333334,7040,1.869115266047823,
finch,lognormal,holdout,56,0.5,13,2-5,27,2.0470389742700017,11,,0.8959409210457617,0,-0.6864467414323783,47.13333333333333,8.69,11842,0.3966304528843996,
finch,lognormal,holdout,57,0.5,10,2-5,14,1.9028834229015015,12,,0.8747219599447434,0,-0.7699158864687271,40.06666666666667,8.383333333333333,13266,0.27088888121295956,
finch,lognormal,holdout,58,0.5,6,1-2,11,3.667271888925577,24,,0.8267436763358206,0,-0.722618348560753,31.633333333333333,6.3933333333333335,11883,2.1435671905199642,
finch,lognormal,holdout,59,0.5,11,2-5,17,1.8922292311571591,8,,0.8806181992659465,0,-0.8665330787132562,26.0,5.5633333333333335,7610,1.200145728056074,
finch,lognormal,holdout,60,0.5,6,3-5,6,3.9107814518324044,19,,0.920477711383565,0,-1.3700544767479061,23.066666666666666,14.706666666666667,23367,1.093864752029247,
finch,lognormal,holdout,61,0.5,9,1-4,12,3.394429705491178,28,,0.8829484528585645,0,-0.854473537078248,43.6,11.4,20962,1.0977100254731635,
finch,lognormal,holdout,62,0.5,8,2-5,16,2.580322233326055,28,,0.8996543600714286,0,-1.082266473662526,39.06666666666667,16.516666666666666,28452,3.125874443700619,
finch,lognormal,holdout,63,0.5,10,1-4,28,3.2050866581795354,20,,0.85282983627555,0,-0.7291068081677107,50.233333333333334,9.676666666666666,14815,0.56842374639364,
finch,lognormal,holdout,64,0.5,9,2-5,8,2.1762946615957093,23,,0.9052655766539164,0,-1.1716156913714715,37.93333333333333,17.55666666666667,25780,0.32858408902042413,
finch,lognormal,holdout,65,0.5,12,2-5,29,3.7097223781066724,24,,0.898632598228371,0,-1.1184915040424457,28.733333333333334,10.996666666666666,26610,3.2673844053884986,
finch,lognormal,holdout,66,0.5,11,3-5,22,1.330811099559459,14,,0.895684090496218,0,-0.9364157334888532,36.266666666666666,10.73,17096,2.1426343434640835,
finch,lognormal,holdout,67,0.5,8,3-5,18,1.5071143442835184,28,,0.9250584851898367,0,-0.9161008757976702,80.43333333333334,24.51,34265,1.0419112331416511,
finch,lognormal,holdout,68,0.5,14,1-4,13,1.0053223943434944,25,,0.9114842847271416,0,-1.0844712503038378,47.7,17.4,20010,1.454992467958622,
finch,lognormal,holdout,69,0.5,4,1-4,21,1.5642281134390315,6,,0.7577742170782926,2,-0.535457380529376,21.0,2.1666666666666665,4858,1.885897419140059,
finch,lognormal,holdout,70,0.5,11,1-2,28,2.7484458351386003,13,,0.7520369724774122,0,-0.6357056018303681,32.5,4.95,6708,1.1204995692047475,
finch,lognormal,holdout,71,0.5,12,1-2,5,1.8174403399955545,26,,0.8798053347526895,0,-0.8217094079622165,31.866666666666667,7.553333333333334,12635,1.404905067444581,
finch,lognormal,holdout,72,0.5,14,1-2,7,3.7170819680164646,16,,0.7817079861892338,0,-0.6418083322833198,25.0,4.04,7000,1.153709962719516,
finch,lognormal,holdout,73,0.5,12,1-4,29,2.5363286584873834,14,,0.8249992177820886,0,-0.6154558596479645,31.533333333333335,4.81,9984,2.2737227699083062,
finch,lognormal,holdout,74,0.5,12,2-5,15,2.295696082800351,14,,0.9092806478707017,0,-1.027150335604051,32.13333333333333,10.65,13862,1.2671005496358736,
finch,lognormal,holdout,75,0.5,6,1-4,13,3.2117618823205696,15,,0.8527749621357085,0,-0.9976228610869113,21.833333333333332,6.41,12824,2.6861409700199794,
finch,lognormal,holdout,76,0.5,5,3-5,9,3.202884960377831,6,,0.8780640541545397,1,-1.0902725233337558,11.2,2.8566666666666665,7393,2.3650881616887496,
finch,lognormal,holdout,77,0.5,11,2-5,17,1.8288663781822534,23,,0.9158162734978338,5,-1.1729767375291749,25.866666666666667,15.976666666666667,29030,2.4872551616869853,
finch,lognormal,holdout,78,0.5,11,1-2,30,3.7260162474802985,29,,0.7401928886257177,0,-0.5780692930755965,54.6,8.873333333333333,14496,0.5265993142260297,
finch,lognormal,holdout,79,0.5,12,1-2,8,2.59596146663461,17,,0.8641722600176326,0,-0.7399204541160578,25.133333333333333,4.536666666666667,7773,2.0132112693544126,
finch,lognormal,holdout,80,0.5,13,2-5,5,1.7143428597621875,13,,0.9249379896867751,0,-1.09638197742706,22.466666666666665,8.216666666666667,14050,0.819310501789583,
finch,lognormal,holdout,81,0.5,5,2-5,18,3.9280448811738706,11,,0.853045331574554,0,-0.8015152719761726,29.933333333333334,6.023333333333333,11474,0.36093376680298794,
finch,lognormal,holdout,82,0.5,14,1-2,29,2.013825890429995,10,,0.7956204449424492,0,-0.6358913126059822,20.8,2.79,4625,2.226796401556666,
finch,lognormal,holdout,83,0.5,14,1-2,14,1.1123273053473262,21,,0.8975390791191324,0,-0.8713918890469685,42.93333333333333,10.713333333333333,10120,1.2678441947991583,
finch,lognormal,holdout,84,0.5,13,2-5,16,1.9381638044873075,8,,0.8927788419014119,0,-0.8202422316843311,28.166666666666668,5.75,7921,1.0633130246304954,
finch,lognormal,holdout,85,0.5,6,1-4,15,3.386849197601366,11,,0.7904418581423727,0,-0.7261839986695537,27.133333333333333,4.71,8441,0.3969530606240368,
finch,lognormal,holdout,86,0.5,12,3-5,30,3.3777449677750373,7,,0.8787309035169893,0,-0.7033400246836145,30.066666666666666,5.01,8537,1.2806741072393126,
finch,lognormal,holdout,87,0.5,7,3-5,15,1.1037630389410196,18,,0.9273206571671458,0,-1.095009696602749,36.06666666666667,12.446666666666667,22599,2.955771522470835,
finch,lognormal,holdout,88,0.5,11,1-4,25,1.9194079321776258,26,,0.7892498064035781,0,-0.7822350837968471,33.166666666666664,9.246666666666666,24396,3.009778233076434,
finch,lognormal,holdout,89,0.5,9,2-5,6,2.757634412920882,13,,0.8893914311947525,2,-1.3169031216622027,13.566666666666666,6.583333333333333,13572,1.6634731079409175,
finch,lognormal,holdout,90,0.5,13,1-4,12,2.7514298477625747,16,,0.8707708485023855,0,-0.8846043221274077,34.1,8.143333333333333,11054,0.7410362008972555,
finch,lognormal,holdout,91,0.5,11,1-4,14,2.9685083730394566,20,,0.8987635216984713,0,-0.9350021218270609,37.6,10.543333333333333,16140,1.2917301448065162,
finch,lognormal,holdout,92,0.5,6,1-2,18,1.4067516825629311,28,,0.8294809435314054,0,-0.6771241085725569,45.13333333333333,8.586666666666666,14149,3.0441289038140713,
finch,lognormal,holdout,93,0.5,10,1-2,6,2.250437776055233,14,,0.8183673411811284,0,-0.7585264946171109,25.1,4.693333333333333,6795,0.9155579785308383,
finch,lognormal,holdout,94,0.5,5,2-5,18,2.703983007277363,8,,0.8632979102500073,0,-0.8994303111378962,22.6,4.963333333333333,8975,1.661849883003759,
finch,lognormal,holdout,95,0.5,7,2-5,5,1.314161625958118,7,,0.8937830552134737,0,-1.0302834624593842,14.233333333333333,4.583333333333333,7720,2.364471738793573,
finch,lognormal,holdout,96,0.5,13,2-5,7,3.8537374611577633,27,,0.8901307806119799,0,-1.260232080459427,29.5,17.47,33004,0.9873975001729518,
finch,lognormal,holdout,97,0.5,4,3-5,9,3.4026505106221534,10,,0.8629838769795134,0,-1.111790365525588,15.533333333333333,6.43,12783,3.0570524180800205,
finch,lognormal,holdout,98,0.5,8,2-5,25,3.925366466183336,28,,0.8843214097954436,0,-0.9140457741979376,62.63333333333333,17.83,29170,0.31671693561024555,
finch,lognormal,holdout,99,0.5,6,3-5,9,1.625419959658171,13,,0.8957557422339335,0,-0.9118365922500522,38.3,9.946666666666667,15068,0.27559669378876894,
finch,lognormal,holdout,100,0.5,5,3-5,10,1.053193039020301,29,,0.8657095173523927,0,-0.7730189637814807,76.26666666666667,18.05666666666667,36183,0.6163946983954991,
finch,lognormal,holdout,101,0.5,9,1-4,22,1.7293800873808398,29,,0.9075670828980259,0,-0.950810742685238,41.4,12.796666666666667,24311,3.1490736156797206,
finch,lognormal,holdout,102,0.5,5,3-5,5,2.7781339304707755,12,,0.890594260020278,3,-1.505127202483229,10.2,7.183333333333334,13814,3.2242521304559095,
finch,lognormal,holdout,103,0.5,10,1-4,30,1.7241874800882964,15,,0.8160012328778483,0,-0.5948565181656797,29.733333333333334,5.08,13288,2.5655543975619493,
finch,lognormal,holdout,104,0.5,9,1-2,22,2.5558364258831623,12,,0.7341742084544046,0,-0.5285122885975163,28.933333333333334,3.6966666666666668,5636,1.3986886658679891,
finch,lognormal,holdout,105,0.5,10,3-5,18,2.1016150448617,11,,0.9158201341098895,0,-1.080589348788581,28.533333333333335,10.39,13585,1.7726165735807582,
finch,lognormal,holdout,106,0.5,8,1-4,5,2.0759348504151784,13,,0.8298503760687251,0,-0.7019446128683977,19.9,3.783333333333333,10222,2.5942084637523126,
finch,lognormal,holdout,107,0.5,12,2-5,26,3.503556030784196,7,,0.8888467850370395,2,-0.9762364582273603,14.566666666666666,2.7866666666666666,8435,3.130951118223327,
finch,lognormal,holdout,108,0.5,4,3-5,23,1.8822773363155498,9,,0.8741403514854826,5,-1.4479187337710748,15.366666666666667,7.373333333333333,10348,2.937008129768328,
finch,lognormal,holdout,109,0.5,14,1-2,7,2.3199306419946133,18,,0.8709751359614214,0,-0.6678940215591782,29.233333333333334,4.653333333333333,8152,1.4491170501768866,
finch,lognormal,holdout,110,0.5,8,1-2,12,1.8858825247478532,6,,0.7154351617732763,0,-0.501225088965722,18.933333333333334,1.7866666666666666,2841,0.6933324247054868,
finch,lognormal,holdout,111,0.5,14,2-5,10,1.96831063316642,11,,0.8975232183815819,0,-1.0325532719819694,25.6,8.17,11896,1.1237224907374392,
finch,lognormal,holdout,112,0.5,14,1-4,6,1.0737175786078825,18,,0.8951057234146677,5,-1.1656093660252518,16.233333333333334,5.516666666666667,14774,3.317193452816663,
finch,lognormal,holdout,113,0.5,13,1-4,20,2.2606319450929044,29,,0.9028968924535015,0,-0.9320348054107015,49.6,16.286666666666665,21995,2.0441255201344566,
finch,lognormal,holdout,114,0.5,5,1-4,15,2.062802121932301,14,,0.8137301343703245,0,-0.7739687237818997,30.766666666666666,6.596666666666667,11742,1.9741380234644688,
finch,lognormal,holdout,115,0.5,4,1-4,9,3.741310385905363,6,,0.7882519740964621,1,-0.731876126172357,16.166666666666668,2.14,4496,0.41742619459565633,
finch,lognormal,holdout,116,0.5,5,1-4,30,1.1797495093536705,25,,0.8416909432538093,0,-0.613362267257283,53.8,9.263333333333334,17898,2.781564287666192,
finch,lognormal,holdout,117,0.5,5,1-2,25,3.1118913490412843,14,,0.6545059176567216,1,-0.5181477280650573,29.533333333333335,3.76,7731,1.0765423272548706,
finch,lognormal,holdout,118,0.5,4,2-5,22,1.3920322031508354,15,,0.8500574309008865,0,-0.7471891228417424,36.46666666666667,7.8533333333333335,14518,2.033282810937198,
finch,lognormal,holdout,119,0.5,4,1-2,18,3.1190754437091583,10,,0.6479911522003396,3,-0.572419208465687,19.533333333333335,2.1233333333333335,5529,1.3746966354185972,
finch,lognormal,holdout,120,0.5,6,2-5,15,2.0219769671618,23,,0.8908400353628849,0,-0.8987538857006996,57.8,15.946666666666667,23405,0.9035521351767513,
finch,lognormal,holdout,121,0.5,11,1-4,22,1.4984895477071687,6,,0.7828729320748773,0,-0.5520921675926052,22.766666666666666,2.71,4233,1.5384438731166907,
finch,lognormal,holdout,122,0.5,10,1-4,13,1.906967548790171,19,,0.8509501321771817,0,-0.8260486854466531,31.9,7.906666666666666,14318,1.9018588279713649,
finch,lognormal,holdout,123,0.5,11,1-2,8,1.498133196159091,18,,0.8408245185029829,1,-0.9249189041247806,21.233333333333334,4.32,9233,2.694850583828702,
finch,lognormal,holdout,124,0.5,13,2-5,7,3.8804599709714904,22,,0.9063530710397931,0,-1.4343612901199316,20.033333333333335,16.323333333333334,26918,2.3565416607298437,
finch,lognormal,holdout,125,0.5,6,1-4,27,1.4808274554245138,18,,0.889230256669898,0,-1.0068958438559874,38.93333333333333,12.736666666666666,15629,2.627451005341302,
finch,lognormal,holdout,126,0.5,13,1-4,22,3.1701147391338336,18,,0.8860338750609228,0,-0.9261609171545768,33.266666666666666,7.816666666666666,14419,1.5154538760473253,
finch,lognormal,holdout,127,0.5,8,3-5,25,3.8075433937093517,6,,0.8931451092230556,3,-1.3706928077748752,11.866666666666667,4.923333333333333,6567,3.215016622422074,
finch,lognormal,holdout,128,0.5,10,3-5,7,3.317609882923159,16,,0.918554498097824,0,-1.3012686629197139,20.366666666666667,12.326666666666666,19956,2.039004251753586,
finch,lognormal,holdout,129,0.5,12,1-4,10,3.437635768139175,22,,0.8798493711204455,0,-1.0334140590792928,32.666666666666664,10.473333333333333,16578,1.2107614094190442,
finch,lognormal,holdout,130,0.5,5,2-5,11,1.7151418888659145,15,,0.8869617686719307,0,-1.073631854508511,28.5,10.17,15826,2.290322822917865,
finch,lognormal,holdout,131,0.5,12,1-2,15,3.793486479002853,30,,0.8346240003052025,0,-0.6756257726783842,31.966666666666665,5.596666666666667,13375,2.554323191067425,
finch,lognormal,holdout,132,0.5,6,3-5,17,1.1282194593549915,10,,0.8494559613910405,0,-0.5824367051567716,45.3,6.886666666666667,12400,0.9966260608052946,
finch,lognormal,holdout,133,0.5,10,1-2,8,1.097246765435456,9,,0.8351968812034681,4,-0.7677281678160508,15.866666666666667,2.236666666666667,4187,2.7133832792989305,
finch,lognormal,holdout,134,0.5,11,2-5,9,1.7482559857198647,16,,0.8501378935922673,0,-1.0725105308038028,12.933333333333334,4.66,14506,3.1908289767895783,
finch,lognormal,holdout,135,0.5,10,2-5,9,2.3412897572501095,8,,0.8633947011726973,0,-0.8568267441136873,16.533333333333335,3.26,6674,3.115074482470539,
finch,lognormal,holdout,136,0.5,7,3-5,26,3.2338709777402737,30,,0.8958464555371709,0,-0.8707678636399802,74.83333333333333,19.893333333333334,35864,0.900885275664447,
finch,lognormal,holdout,137,0.5,5,1-4,22,3.246106123817503,27,,0.8279726139978542,0,-0.8953842921795271,34.93333333333333,10.266666666666667,20433,3.490806559559263,
finch,lognormal,holdout,138,0.5,8,2-5,30,3.5419694948392757,22,,0.9033443349141697,0,-1.0579091710672894,31.633333333333333,11.146666666666667,22765,3.174792500135202,
finch,lognormal,holdout,139,0.5,13,1-4,22,1.2953525354752509,20,,0.9101226261686609,0,-0.8487541550776959,55.4,13.696666666666667,15678,1.0655299792482829,
finch,lognormal,holdout,140,0.5,6,2-5,29,2.1760578296169437,27,,0.8903601817278586,0,-0.9048235987434331,51.46666666666667,15.06,24877,2.7062975875119335,
finch,lognormal,holdout,141,0.5,4,1-2,20,2.493893351188181,7,,0.6605836363649505,2,-0.4936259854473655,18.033333333333335,1.6233333333333333,3521,1.2704666403631575,
finch,lognormal,holdout,142,0.5,7,3-5,25,3.6250834027575447,12,,0.8554497840944545,3,-1.3082341351422249,13.133333333333333,7.733333333333333,15062,3.018751050266113,
finch,lognormal,holdout,143,0.5,7,2-5,30,3.0373603704682037,18,,0.893706444968616,0,-1.1833980602914036,29.7,14.646666666666667,18001,2.522801959986058,
finch,lognormal,holdout,144,0.5,4,2-5,15,2.8605526488194046,17,,0.8699476914958056,0,-1.084652368574882,29.233333333333334,9.85,19843,2.0201795485248106,
finch,lognormal,holdout,145,0.5,10,1-4,27,1.2889104714955537,11,,0.8108783901128527,0,-0.5369810869151126,47.766666666666666,6.72,9017,0.6124321445682732,
finch,lognormal,holdout,146,0.5,14,1-4,13,1.118048825109426,11,,0.8382888944942418,0,-0.7780975350726995,16.733333333333334,3.0833333333333335,7646,3.0633414305138786,
finch,lognormal,holdout,147,0.5,13,2-5,6,3.7522004125733566,15,,0.9002064802676741,0,-1.1396662352150209,18.633333333333333,7.416666666666667,15762,2.6979261546168676,
finch,lognormal,holdout,148,0.5,4,2-5,24,1.3830576803797137,14,,0.7056218974487974,2,-0.46111989879785387,41.233333333333334,5.386666666666667,13837,1.4174828138757536,
finch,lognormal,holdout,149,0.5,7,2-5,28,2.7362133235339283,11,,0.8863896006708875,0,-0.8582670258559377,26.566666666666666,5.73,10874,2.211833004777108,
finch,lognormal,holdout,150,0.5,9,1-2,5,2.5060178669699256,20,,0.8588835415872282,0,-0.6715711526630649,29.766666666666666,4.86,9299,1.0627455247508288,
finch,lognormal,holdout,151,0.5,14,3-5,10,2.632973114356417,18,,0.9044968159808111,0,-1.1167002105951247,37.2,15.213333333333333,21474,0.3464280127395156,
finch,lognormal,holdout,152,0.5,4,3-5,29,2.218582833336873,22,,0.8569388417681811,0,-0.8084481407759417,51.63333333333333,13.236666666666666,28130,1.4894913740333902,
finch,lognormal,holdout,153,0.5,10,1-4,15,1.2869173757594177,28,,0.9284705022398769,0,-1.2472208514253367,30.833333333333332,15.066666666666666,23431,3.2913132103363396,
finch,lognormal,holdout,154,0.5,8,1-2,26,2.325195308684305,22,,0.7820706067302784,0,-0.6439926537641079,33.766666666666666,5.706666666666667,12476,3.199581172034661,
finch,lognormal,holdout,155,0.5,11,3-5,17,2.0631586455475084,9,,0.8983228390269583,0,-0.8391413381973432,31.633333333333333,6.866666666666666,10937,0.9488603588932436,
finch,lognormal,holdout,156,0.5,9,2-5,5,1.8675045937578783,6,,0.8601223535751132,1,-1.2092365395423035,7.8,1.7933333333333332,5468,3.2325999538721524,
finch,lognormal,holdout,157,0.5,4,1-2,16,2.015794053560912,11,,0.7371399624963508,0,-0.5631660080468094,24.133333333333333,3.1866666666666665,6191,1.7895866489419878,
finch,lognormal,holdout,158,0.5,9,1-2,12,1.5541576994988757,25,,0.8641644266013288,0,-0.8568976735604171,36.36666666666667,8.876666666666667,12867,3.0368703678405424,
finch,lognormal,holdout,159,0.5,12,2-5,5,2.995449571886158,23,,0.8540155752482134,3,-0.8104818847862093,18.1,3.29,23705,3.00982835655506,
finch,lognormal,holdout,160,0.5,5,2-5,9,1.9985681767805183,23,,0.833963891297422,0,-0.7890128072399396,28.166666666666668,5.81,22905,3.307796535199475,
finch,lognormal,holdout,161,0.5,10,2-5,17,2.6794794787716065,17,,0.8979972641923649,0,-0.9222952619797956,43.733333333333334,12.196666666666667,18060,0.8221639194014017,
finch,lognormal,holdout,162,0.5,6,1-2,7,1.1986861445422037,23,,0.8222232266468331,0,-0.7132080466292525,43.1,8.716666666666667,10215,0.8310577653467675,
finch,lognormal,holdout,163,0.5,6,3-5,16,1.7086418549665592,28,,0.8921448778319789,0,-0.8300768774588632,80.63333333333334,20.35,33088,0.4487299129514004,
finch,lognormal,holdout,164,0.5,10,2-5,13,2.398306440962602,13,,0.9071928603187223,2,-1.1035907486181085,21.966666666666665,8.263333333333334,13448,2.2079950880276398,
finch,lognormal,holdout,165,0.5,5,2-5,8,1.7241992963697308,27,,0.8731736826458498,0,-1.1732131695087402,41.266666666666666,21.923333333333332,31107,1.4182775586864214,
finch,lognormal,holdout,166,0.5,5,1-2,16,2.539660742299714,15,,0.7642973884593004,0,-0.7176751266543685,28.0,5.386666666666667,8482,1.5716290052505613,
finch,lognormal,holdout,167,0.5,9,2-5,10,2.931864835606986,6,,0.8070464148625737,9,-1.0887844755627971,7.433333333333334,2.3466666666666667,6733,3.2166781358891745,
finch,lognormal,holdout,168,0.5,10,1-2,20,2.227878877750782,25,,0.7971440103324245,1,-0.8881485012565654,24.433333333333334,5.6466666666666665,12550,3.005271886970204,
finch,lognormal,holdout,169,0.5,7,1-4,25,1.6677239185731645,19,,0.8839080064775013,0,-1.0277301028591728,34.96666666666667,11.476666666666667,14489,3.4269694467651193,
finch,lognormal,holdout,170,0.5,6,1-4,14,1.4256711457458677,11,,0.7987211070780322,0,-0.6425871015286936,28.666666666666668,4.533333333333333,8101,1.9308935901236501,
finch,lognormal,holdout,171,0.5,13,2-5,19,2.6132628512918243,24,,0.9294892774931272,0,-0.987760924643166,55.1,18.15,24144,0.9651942959570867,
finch,lognormal,holdout,172,0.5,5,1-4,6,2.9411373545424673,8,,0.7719490835433219,4,-1.0436664125639057,11.266666666666667,2.11,4929,2.422367521534274,
finch,lognormal,holdout,173,0.5,11,1-2,11,3.8818123883031213,8,,0.7182061983823922,0,-0.6023901522372413,16.733333333333334,1.8433333333333333,3667,1.0777147746469977,
finch,lognormal,holdout,174,0.5,8,1-2,26,1.3815434474479704,19,,0.7836325954447625,0,-0.5867064724217079,30.066666666666666,4.203333333333333,9468,2.707670951599601,
finch,lognormal,holdout,175,0.5,12,1-4,27,1.309322300563473,13,,0.8775110878540173,0,-0.7374753657601781,34.266666666666666,6.406666666666666,11697,2.906839476760492,
finch,lognormal,holdout,176,0.5,5,1-4,16,2.5204119352023753,21,,0.8344021290286324,0,-0.9583963553307242,27.8,8.106666666666667,13494,2.7273126691206637,
finch,lognormal,holdout,177,0.5,4,1-2,9,3.937139336822031,15,,0.7033362105743249,0,-0.7177305319000175,20.433333333333334,3.7466666666666666,7236,1.571565988984359,
finch,lognormal,holdout,178,0.5,9,1-2,30,2.818091839284311,24,,0.70586768973551,0,-0.5583024497925051,52.56666666666667,8.14,12365,0.42308528566167836,
finch,lognormal,holdout,179,0.5,7,3-5,12,1.7575958122252482,22,,0.9295468012879381,0,-1.0220675206322116,47.9,16.8,27169,1.0423221457466207,
finch,lognormal,holdout,180,0.5,4,1-2,8,3.404735726241718,25,,0.6678064654218018,0,-0.5218242716280037,32.166666666666664,4.423333333333333,11082,1.5704813656955223,
finch,lognormal,holdout,181,0.5,7,1-4,30,2.1064439587761887,22,,0.8766163228288388,0,-0.8911832578621957,41.03333333333333,12.036666666666667,19188,2.438097877970357,
finch,lognormal,holdout,182,0.5,14,2-5,11,1.0932974136299118,21,,0.9279439305616805,0,-1.2289053812649595,33.7,18.296666666666667,22787,1.9972244900270013,
finch,lognormal,holdout,183,0.5,13,1-4,5,3.0040953968538053,30,,0.8573421435617455,0,-0.8026307019332907,22.933333333333334,5.136666666666667,16802,1.7966055799959175,
finch,lognormal,holdout,184,0.5,9,1-2,18,2.4774456552799853,6,,0.7566669232767123,0,-0.6477650059055122,13.233333333333333,1.15,2604,2.3090781079571676,
finch,lognormal,holdout,185,0.5,4,1-2,19,1.1443269048210385,24,,0.4966692867909481,8,-0.22709330227271607,40.266666666666666,3.5533333333333332,12829,0.5616511028052322,
finch,lognormal,holdout,186,0.5,10,1-4,25,3.8865004453890535,19,,0.870658172229946,0,-0.870223265343762,38.43333333333333,9.29,13905,1.167807994989549,
finch,lognormal,holdout,187,0.5,10,3-5,24,1.177232137747029,23,,0.8760490106400447,0,-0.6476919926888606,101.0,18.366666666666667,27283,0.317313255534991,
finch,lognormal,holdout,188,0.5,6,1-4,8,2.0521506866442905,9,,0.8570450268083504,0,-0.9905909354448871,13.2,2.6,7099,3.2514621107170436,
finch,lognormal,holdout,189,0.5,7,1-2,14,1.3683862184771638,10,,0.7190013801096181,3,-0.558956356248815,20.633333333333333,1.9866666666666666,5383,2.792030042203689,
finch,lognormal,holdout,190,0.5,10,1-4,14,3.7545322218620685,29,,0.8667379551056161,0,-0.9964589380927588,46.93333333333333,14.933333333333334,21547,0.24599970490988973,
finch,lognormal,holdout,191,0.5,9,3-5,30,1.614886590468559,20,,0.909257607251903,0,-0.8644197984376489,62.8,16.93,24368,1.5750717678623718,
finch,lognormal,holdout,192,0.5,13,2-5,21,3.534512689780592,25,,0.9086644029639799,0,-0.9244867255588191,57.56666666666667,16.303333333333335,27723,0.2890390927250759,
finch,lognormal,holdout,193,0.5,14,3-5,29,1.8016561324810036,6,,0.8594814832126032,0,-0.587005641236879,33.666666666666664,4.69,6946,0.5865810744644125,
finch,lognormal,holdout,194,0.5,12,1-2,8,3.459276122796456,7,,0.8123566861501825,2,-0.7621747891153676,11.6,1.05,3127,1.9828224099520375,
finch,lognormal,holdout,195,0.5,11,1-4,10,1.7994182317394252,25,,0.9038481380807182,0,-0.9336012629660285,44.96666666666667,14.166666666666666,18411,0.6923526649333831,
finch,lognormal,holdout,196,0.5,5,1-4,16,3.333627587826402,18,,0.8540291544006953,0,-1.2480848331508765,19.133333333333333,6.86,15597,2.7702945652449578,
finch,lognormal,holdout,197,0.5,10,2-5,16,3.1827446967916675,19,,0.9198865103912184,0,-0.9820216166033832,38.63333333333333,12.003333333333334,20332,1.591215802874343,
finch,lognormal,holdout,198,0.5,14,1-2,26,3.162392340002194,27,,0.8376290496787584,0,-0.6312679632612795,43.13333333333333,6.8966666666666665,13276,1.8843637437050347,
finch,lognormal,holdout,199,0.5,14,2-5,25,3.5217726404325416,15,,0.9076895410639612,0,-1.0288484899241996,38.333333333333336,12.513333333333334,15750,1.0739515150611028,
finch,lognormal,holdout,200,0.5,8,3-5,27,2.628310378529299,29,,0.9245330470752666,0,-1.0488031613150843,51.56666666666667,20.1,33357,2.3392842319026252,
finch,lognormal,holdout,201,0.5,12,1-2,21,1.446378923810526,29,,0.8071088090111054,0,-0.6469763798268139,77.26666666666667,14.096666666666666,14000,0.31700980563179687,
finch,lognormal,holdout,202,0.5,6,1-2,16,3.9534738753253835,23,,0.6279537788231513,0,-0.4544185431222577,36.666666666666664,4.766666666666667,11599,0.42342313686886535,
finch,lognormal,holdout,203,0.5,7,1-4,30,1.9248698599493417,11,,0.8854186593971992,0,-1.0595081556879087,24.066666666666666,7.086666666666667,11059,2.988681121285801,
finch,lognormal,holdout,204,0.5,5,2-5,6,1.7400017543401016,29,,0.9083105024698394,0,-1.3813879013737476,26.333333333333332,13.973333333333333,31949,2.774137099654877,
finch,lognormal,holdout,205,0.5,10,2-5,28,2.251501518886215,21,,0.9157782542228065,0,-0.9280357288047273,50.56666666666667,14.736666666666666,21546,1.9124589683070083,
finch,lognormal,holdout,206,0.5,13,1-4,9,1.3856472532171613,26,,0.9232629646966205,0,-1.125502089875385,45.53333333333333,18.333333333333332,20268,0.2830282809836894,
finch,lognormal,holdout,207,0.5,6,1-2,15,1.3386567925266246,9,,0.6992678404994571,0,-0.4257611002751689,22.766666666666666,2.1866666666666665,4339,1.8346027177643696,
finch,lognormal,holdout,208,0.5,10,3-5,28,3.294868708613781,20,,0.9183016634002864,0,-1.2473900102362196,30.733333333333334,16.293333333333333,24017,2.7933002796191193,
finch,lognormal,holdout,209,0.5,6,1-2,21,1.1438016370017965,29,,0.796023815887852,0,-0.8546506976372129,35.766666666666666,7.52,14854,3.088188126896671,
finch,lognormal,holdout,210,0.5,4,1-2,10,3.2812392341982433,25,,0.6712082244308671,0,-0.5859381167824963,33.5,5.626666666666667,12358,1.243764195401438,
finch,lognormal,holdout,211,0.5,8,1-4,18,3.3344919786071183,18,,0.8585590421278442,0,-1.0191593358671465,28.5,9.263333333333334,16343,2.2908836362224734,
finch,lognormal,holdout,212,0.5,8,2-5,17,1.9240932177505814,11,,0.900775411431932,0,-0.8416780300437938,35.266666666666666,7.91,11421,1.4183998747530993,
finch,lognormal,holdout,213,0.5,8,1-4,5,3.8201564877564604,12,,0.769571057494992,1,-0.8090406684633062,19.1,3.7466666666666666,8563,0.6113110777098261,
finch,lognormal,holdout,214,0.5,12,2-5,21,1.2696833295022147,25,,0.93090668350503,0,-1.0015419254860096,66.43333333333334,23.53,25659,0.8869231044932286,
finch,lognormal,holdout,215,0.5,11,3-5,9,1.5209596917037105,9,,0.894887944588784,0,-0.9781126559210159,27.7,8.733333333333333,11282,0.8722694812239211,
finch,lognormal,holdout,216,0.5,12,1-2,17,3.1230882197874523,8,,0.8094442712900077,4,-0.7794095743117764,11.033333333333333,1.07,3603,2.7085085699839557,
finch,lognormal,holdout,217,0.5,10,1-4,5,3.3435911428568925,8,,0.8322223885394618,3,-0.8509440391192319,11.2,1.9333333333333333,6473,2.863729981759812,
finch,lognormal,holdout,218,0.5,11,1-2,18,3.5986429094394006,6,,0.7284970079966184,2,-0.5812162662034425,13.166666666666666,0.9266666666666666,2901,1.4876981139485532,
finch,lognormal,holdout,219,0.5,14,1-2,28,2.3808497454684945,11,,0.7177814436668845,0,-0.5181971740097085,30.966666666666665,3.9066666666666667,5353,0.6218162113085469,
finch,lognormal,holdout,220,0.5,6,3-5,30,2.955598053668277,27,,0.8418245654408637,0,-0.7217096016265103,67.73333333333333,14.05,32623,0.2849464373641734,
finch,lognormal,holdout,221,0.5,11,3-5,11,1.4102025707290786,6,,0.9039818766421164,3,-1.1342548285645695,12.333333333333334,3.8233333333333333,7360,3.1080231878105753,
finch,lognormal,holdout,222,0.5,12,1-2,6,2.8841501728279098,29,,0.8786865716376392,0,-0.7300983686577686,32.93333333333333,6.6066666666666665,13166,1.8221700784860861,
finch,lognormal,holdout,223,0.5,5,1-2,22,2.3649670201743622,25,,0.7809966079726158,0,-0.6999985222446241,39.43333333333333,7.85,13091,1.8811365093124284,
finch,lognormal,holdout,224,0.5,13,2-5,23,1.207863362113207,26,,0.928364380557078,0,-0.9761122257066447,60.96666666666667,20.57,28473,2.105455260741681,
finch,lognormal,holdout,225,0.5,14,1-4,6,2.747754314074151,25,,0.7978985084685289,6,-0.9434380229139605,13.5,4.016666666666667,18167,3.482337331129883,
finch,lognormal,holdout,226,0.5,5,1-4,8,3.719336532510901,17,,0.8495230880943347,0,-0.8903207654556444,22.166666666666668,4.8966666666666665,13077,1.9729080421205945,
finch,lognormal,holdout,227,0.5,8,3-5,5,3.0433325100537187,14,,0.9038079669306036,6,-1.6786431764866754,9.133333333333333,10.94,18112,3.133700695263249,
finch,lognormal,holdout,228,0.5,7,1-2,10,2.3014200648962335,12,,0.7316728932832685,0,-0.5532430665490793,27.733333333333334,3.566666666666667,5456,0.3361971079640478,
finch,lognormal,holdout,229,0.5,9,1-2,13,3.4592796121209686,29,,0.813767636805192,0,-0.614605163259547,32.833333333333336,4.676666666666667,14606,2.763855644564776,
finch,lognormal,holdout,230,0.5,14,2-5,21,2.0870444403818813,17,,0.9008194874454282,3,-1.1655746353674807,21.966666666666665,9.656666666666666,19386,2.2881864331233195,
finch,lognormal,holdout,231,0.5,13,1-2,19,3.5521841307329,8,,0.7899563292604576,2,-0.7066967268749375,11.4,0.89,4129,2.8680144682906423,
finch,lognormal,holdout,232,0.5,14,1-4,20,2.934246756615594,18,,0.8482147670930272,2,-0.9301079327639662,19.966666666666665,3.9433333333333334,12874,3.170473690675568,
finch,lognormal,holdout,233,0.5,4,1-2,20,1.2694503884862285,28,,0.8490736507009665,0,-0.6596103300576248,58.86666666666667,11.186666666666667,15592,1.891493774621886,
finch,lognormal,holdout,234,0.5,11,3-5,28,2.653242693507999,12,,0.8986747035977712,0,-0.9599714094466436,28.833333333333332,8.203333333333333,14640,1.853393892674067,
finch,lognormal,holdout,235,0.5,10,1-4,13,2.6346322088685077,16,,0.8732127101273831,0,-0.7988742917936971,28.6,6.136666666666667,10250,1.8813397044714888,
finch,lognormal,holdout,236,0.5,9,1-4,18,3.177165983793071,27,,0.8885532457070487,0,-0.9218951263576294,48.666666666666664,14.25,21901,1.3215352313817583,
finch,lognormal,holdout,237,0.5,14,2-5,24,2.2532937159658446,30,,0.9340504027020243,0,-1.1888155536894482,54.36666666666667,29.30666666666667,34229,1.6188682053258814,
finch,lognormal,holdout,238,0.5,11,1-4,14,3.4257891655094164,13,,0.8402031937032012,0,-0.8365494888424817,21.533333333333335,4.213333333333333,9533,1.496556201191903,
finch,lognormal,holdout,239,0.5,13,2-5,17,3.11168178069014,6,,0.8945334237610916,0,-0.8935041012876186,19.233333333333334,4.113333333333333,6744,1.5619240841036401,
finch,lognormal,holdout,240,0.5,14,3-5,12,3.7507201767854856,20,,0.9279563181579555,0,-1.276711428910397,30.066666666666666,16.75,23432,1.5597254486628203,
finch,lognormal,holdout,241,0.5,9,2-5,25,3.1458104452514517,6,,0.8574958290702601,0,-0.7258681220736461,25.4,4.193333333333333,6489,0.9936055108936508,
finch,lognormal,holdout,242,0.5,14,3-5,6,1.2165762719922073,20,,0.9339676593120764,0,-1.2875609808263617,22.633333333333333,16.61,24510,2.0053538355353293,
finch,lognormal,holdout,243,0.5,11,3-5,17,3.4132938608664096,20,,0.9125600113814143,0,-0.9703742323447131,49.1,15.093333333333334,22924,0.27195422932406865,
finch,lognormal,holdout,244,0.5,14,1-2,6,1.9221978767408223,28,,0.8597143395294701,0,-0.6783093459376691,37.13333333333333,6.6,12479,1.8682811739524892,
finch,lognormal,holdout,245,0.5,13,1-2,13,3.440062943151523,17,,0.8083639315884347,0,-0.5646560379102461,23.833333333333332,2.7266666666666666,7245,2.152683024542036,
finch,lognormal,holdout,246,0.5,7,1-2,6,2.7444828980492555,7,,0.7932638766075253,1,-0.9157038397708149,8.233333333333333,0.5833333333333334,2907,3.185659966827087,
finch,lognormal,holdout,247,0.5,12,1-2,28,2.716025463635743,19,,0.8514840059498083,0,-0.8884605687751638,32.166666666666664,8.013333333333334,10026,2.5526644322828416,
finch,lognormal,holdout,248,0.5,5,3-5,30,3.2760893117344994,16,,0.9073405882386054,0,-0.9622510992265462,37.06666666666667,11.693333333333333,19679,1.742701539285669,
finch,lognormal,holdout,249,0.5,11,2-5,21,2.5807755369831717,30,,0.9024275032612284,0,-0.9385962380768264,73.23333333333333,22.226666666666667,32290,0.2980331003905698,
finch,lognormal,holdout,250,0.5,4,1-2,14,3.9625883946995644,28,,0.7739494619763465,0,-0.8243848102851301,26.566666666666666,6.316666666666666,12277,2.061133757835548,
finch,lognormal,holdout,251,0.5,7,2-5,6,3.2851025849364666,22,,0.8823077745622769,0,-1.3564002649374065,29.066666666666666,17.17,23445,0.5007288437585657,
finch,lognormal,holdout,252,0.5,11,2-5,11,3.570261067200253,27,,0.9094548278593998,0,-1.5374772735251345,17.7,16.03,28906,3.312788444017242,
finch,lognormal,holdout,253,0.5,12,3-5,7,1.2439030899972932,10,,0.8991371671278776,0,-1.0078126332612596,23.433333333333334,6.846666666666667,12126,0.9894931632755288,
finch,lognormal,holdout,254,0.5,5,1-4,21,1.813383615277088,26,,0.8433214054521306,0,-0.8813678695166625,41.3,11.35,23153,2.470061558508345,
finch,lognormal,holdout,255,0.5,6,1-2,5,2.250249396425148,8,,0.77916102780205,1,-0.7206426175608623,15.9,2.1566666666666667,3971,1.6912943456710656,
finch,lognormal,holdout,256,0.5,13,1-2,16,2.371518344151072,29,,0.8539714546445084,0,-0.7325103377555606,57.8,12.25,14043,0.47607080633108373,
finch,lognormal,holdout,257,0.5,4,1-2,12,1.6973017889206827,26,,0.6888349560273724,1,-0.5204444629697043,41.46666666666667,6.036666666666667,12429,1.5923492911092783,
finch,lognormal,holdout,258,0.5,14,1-4,9,1.4728778173589039,30,,0.9383300935759163,0,-1.1565751325480205,48.06666666666667,20.756666666666668,22842,0.6415678163874883,
finch,lognormal,holdout,259,0.5,5,2-5,7,1.8089119084011054,10,,0.8799892542581395,0,-0.9757301626814776,21.0,5.496666666666667,11477,2.485038946917635,
finch,lognormal,holdout,260,0.5,8,3-5,22,1.8571737888215583,19,,0.8914058802984577,0,-0.7384288650622685,68.16666666666667,13.993333333333334,22925,0.5845340341583369,
finch,lognormal,holdout,261,0.5,5,3-5,17,2.0133779679350203,14,,0.8562863569157529,0,-0.7043266053945506,43.7,8.05,16898,0.3956491136699707,
finch,lognormal,holdout,262,0.5,10,1-2,10,2.6876865495743356,14,,0.7817999256027657,0,-0.5974267032775763,30.0,4.3933333333333335,6702,0.6363776272905435,
finch,lognormal,holdout,263,0.5,9,2-5,6,2.8024352164529156,25,,0.9065502423851226,1,-1.1162074595892741,20.3,7.383333333333334,26421,2.661044319203691,
finch,lognormal,holdout,264,0.5,12,1-4,30,1.020543637678399,14,,0.8869674558770184,0,-0.8942189829129081,28.933333333333334,7.98,12439,2.8192464352002626,
finch,lognormal,holdout,265,0.5,11,1-4,13,1.2176617107497467,13,,0.9000411446057061,0,-0.858176127385351,32.9,8.36,8537,1.3674554112701574,
finch,lognormal,holdout,266,0.5,4,2-5,24,1.7610178004573926,16,,0.8269045708638842,0,-0.7509170245240456,37.46666666666667,7.85,18136,1.7310648880283979,
finch,lognormal,holdout,267,0.5,9,2-5,22,2.356841942496563,7,,0.8886692336203925,0,-1.1146677147237045,15.4,4.783333333333333,6832,2.805772958297288,
finch,lognormal,holdout,268,0.5,5,1-4,19,2.129564188299778,9,,0.8164983830833398,0,-0.6095273749741186,30.233333333333334,4.22,7363,0.7053307472355461,
finch,lognormal,holdout,269,0.5,11,2-5,23,2.307449898523291,6,,0.8569877635287433,0,-0.7307073009798882,19.533333333333335,2.92,6418,2.006522736499477,
finch,lognormal,holdout,270,0.5,10,1-4,26,3.034334193335435,17,,0.861516364929913,0,-0.7407201239615419,46.0,9.02,13768,0.31133218242807126,
finch,lognormal,holdout,271,0.5,14,2-5,28,1.8547732335766178,26,,0.9277998885007839,0,-0.9281076500686485,69.8,21.82,27752,1.1151572041894409,
finch,lognormal,holdout,272,0.5,6,2-5,10,3.134346870599255,28,,0.8882962516165772,0,-1.629065550823371,21.0,23.19333333333333,30266,3.142905068650012,
finch,lognormal,holdout,273,0.5,9,3-5,30,3.1431734456700977,24,,0.9098734192115955,0,-0.8519912731132927,74.6,19.216666666666665,29253,0.43156444856170806,
finch,lognormal,holdout,274,0.5,11,1-4,23,2.763101316141538,16,,0.8994010076192486,0,-1.011752669993294,27.9,8.653333333333334,14661,2.483654968252111,
finch,lognormal,holdout,275,0.5,5,3-5,10,1.1016695388971174,19,,0.8894455958764457,0,-0.8880519616891441,45.96666666666667,12.436666666666667,22762,1.7401360118869316,
finch,lognormal,holdout,276,0.5,12,1-4,12,2.251896253465743,18,,0.9069364310519393,0,-1.0838030286595841,31.966666666666665,11.11,13962,1.3646874833501257,
finch,lognormal,holdout,277,0.5,9,1-4,20,2.209287563606366,26,,0.8790099116986875,0,-0.772430136353837,63.86666666666667,14.38,20170,0.697840054505322,
finch,lognormal,holdout,278,0.5,7,3-5,5,2.1846481624454888,12,,0.8667058287827728,0,-1.0273385313743797,14.466666666666667,3.3266666666666667,14394,2.435484714587115,
finch,lognormal,holdout,279,0.5,4,3-5,30,1.2366352673594552,14,,0.5766554874722308,2,-0.2643560147180125,43.56666666666667,4.183333333333334,16636,0.40942682205512054,
finch,lognormal,holdout,280,0.5,5,2-5,11,2.0369141856357054,22,,0.9177050176678909,1,-1.3220407447590976,28.6,12.846666666666666,23819,3.104669085616696,
finch,lognormal,holdout,281,0.5,12,1-4,13,3.9851483457469525,21,,0.835232001126667,0,-0.8550028549543798,38.13333333333333,9.446666666666667,15896,0.4132084422334761,
finch,lognormal,holdout,282,0.5,8,2-5,6,3.940298578538719,27,,0.8846837577182458,0,-1.1901810877413008,24.0,10.463333333333333,30792,2.61056847096351,
finch,lognormal,holdout,283,0.5,14,2-5,11,2.6409665352207146,12,,0.8948633689809816,0,-1.1750637008285,17.933333333333334,7.12,13252,2.692424443826271,
finch,lognormal,holdout,284,0.5,9,1-4,7,2.471259201842558,19,,0.8472187113200947,0,-0.857604124850089,23.966666666666665,5.406666666666666,15651,2.162222210739715,
finch,lognormal,holdout,285,0.5,12,1-2,26,1.0085427811022625,20,,0.832225877493922,0,-0.7884780487467341,30.966666666666665,6.873333333333333,10555,2.9110237780864003,
finch,lognormal,holdout,286,0.5,12,3-5,13,1.4634650896639148,28,,0.9366133695118591,0,-1.2024674703524185,48.2,24.71,31654,1.3486767454383022,
finch,lognormal,holdout,287,0.5,9,3-5,21,2.729086920949209,10,,0.8903050034536775,0,-0.9156149130531219,26.166666666666668,6.6866666666666665,11940,2.282361260034517,
finch,lognormal,holdout,288,0.5,5,1-2,25,2.373702704332081,27,,0.7948217226997797,0,-0.6546368409274677,49.266666666666666,8.97,14362,2.1122307695984364,
finch,lognormal,holdout,289,0.5,12,2-5,6,1.0319273062149077,6,,0.9125952757649097,0,-1.1290002569791184,12.666666666666666,4.08,6346,1.6041613981149943,
finch,lognormal,holdout,290,0.5,8,3-5,19,3.557174383674012,25,,0.9169758678182728,0,-1.2917363259587336,33.4,21.816666666666666,29182,2.2369332672246602,
finch,lognormal,holdout,291,0.5,13,1-4,19,3.682534543381163,10,,0.8045517622135496,0,-0.7477771604258867,16.633333333333333,2.7533333333333334,8833,3.4930634401447906,
finch,lognormal,holdout,292,0.5,7,1-2,15,1.6204772189420396,11,,0.7673746458689553,0,-0.5790011063027127,29.9,4.02,5503,0.963443070350694,
finch,lognormal,holdout,293,0.5,13,1-4,8,2.052944336483882,22,,0.9052955682753309,0,-0.9530087862299276,28.2,8.386666666666667,15613,2.2678240876487936,
finch,lognormal,holdout,294,0.5,8,1-4,27,3.74428337183904,26,,0.8654067226531935,0,-0.8301972956306256,55.166666666666664,13.286666666666667,21105,0.6443987386960164,
finch,lognormal,holdout,295,0.5,14,1-4,11,2.9962879941022225,18,,0.8878461908478812,0,-0.9622193932022173,30.066666666666666,8.756666666666666,15155,1.0694691276724841,
finch,lognormal,holdout,296,0.5,5,2-5,12,2.7175107738046247,16,,0.8570537320706882,0,-0.8795775131955896,38.4,9.866666666666667,16189,0.7586974526961905,
finch,lognormal,holdout,297,0.5,6,3-5,17,2.595797420489264,12,,0.8716305743393886,0,-0.7585467679531586,41.9,8.456666666666667,14653,0.3500488517095385,
finch,lognormal,holdout,298,0.5,14,1-4,22,3.8406806227747454,10,,0.856990073281058,0,-0.8508893094720028,22.366666666666667,4.553333333333334,8500,1.3224262007163239,
finch,lognormal,holdout,299,0.5,8,3-5,23,1.4528013584706048,23,,0.9263495120426162,0,-0.9690548715027855,53.266666666666666,17.266666666666666,26549,2.19884529737427,
finch,lognormal,holdout,300,0.5,12,1-2,27,3.0739793948376475,17,,0.804638480854775,1,-0.8121287334443112,19.266666666666666,2.5633333333333335,8941,2.410975366919418,
finch,lognormal,holdout,301,0.5,10,3-5,18,3.2673441746901366,28,,0.9183234663399976,0,-1.041501131518157,36.2,13.91,34723,2.414453833725119,
finch,lognormal,holdout,302,0.5,7,2-5,13,3.3744527195934837,13,,0.8937664918612571,0,-1.3661402166165775,21.366666666666667,10.3,15005,1.8558038131757808,
finch,lognormal,holdout,303,0.5,14,2-5,29,3.8690089955020035,15,,0.8840358160312668,0,-0.8910956277130151,40.46666666666667,10.343333333333334,16243,0.8870270695244176,
finch,lognormal,holdout,304,0.5,11,2-5,27,1.2187066585703112,14,,0.912028356963063,0,-1.0456387199197572,33.7,11.443333333333333,14300,2.8373037049838095,
finch,lognormal,holdout,305,0.5,9,3-5,23,1.959157788782371,20,,0.9002401048007826,0,-0.7389236737598768,66.13333333333334,14.013333333333334,24907,1.0286495677449035,
finch,lognormal,holdout,306,0.5,6,1-4,28,1.399644481862532,27,,0.8977098675986814,0,-0.8833053760492613,52.43333333333333,16.47,19925,2.370008167505692,
finch,lognormal,holdout,307,0.5,12,1-2,15,1.3793254812422568,6,,0.805914504705116,0,-0.748450657033778,15.133333333333333,2.0366666666666666,2836,2.725663299099225,
finch,lognormal,holdout,308,0.5,8,1-4,25,3.179789683434524,10,,0.787449553990393,0,-0.5473329071728322,33.3,4.47,8375,0.4826407713578472,
finch,lognormal,holdout,309,0.5,6,3-5,23,3.299764812791187,21,,0.9080016542178234,0,-0.9820538928822047,52.96666666666667,16.80666666666667,25596,0.8697679878303843,
finch,lognormal,holdout,310,0.5,13,3-5,25,1.0892924329399198,20,,0.9168823221342873,0,-0.9567926860173213,39.63333333333333,12.766666666666667,23030,2.8697128162044976,
finch,lognormal,holdout,311,0.5,11,1-4,29,2.4806450612761286,9,,0.8316301377568863,4,-0.6856094551078823,16.4,1.8933333333333333,6796,2.8258735950791203,
finch,lognormal,holdout,312,0.5,13,2-5,25,1.0234934754027503,27,,0.9232731270709593,0,-1.2198174076100627,49.56666666666667,22.656666666666666,28387,2.1303696147401725,
finch,lognormal,holdout,313,0.5,4,1-4,19,2.022246485690591,29,,0.755076328782326,0,-0.6364789379549146,60.0,11.413333333333334,23403,0.757292785301964,
finch,lognormal,holdout,314,0.5,11,1-2,17,2.2097996542428766,30,,0.7168887031814289,0,-0.5120413754394383,40.3,7.1,16459,2.4298562823509275,
finch,lognormal,holdout,315,0.5,13,3-5,22,3.985034316817685,20,,0.9029476538412348,0,-1.1214456158896398,28.266666666666666,11.166666666666666,24323,2.3786925688784493,
finch,lognormal,holdout,316,0.5,7,3-5,11,2.0212665731216712,7,,0.855499035507249,0,-1.1155136242873234,11.666666666666666,3.0166666666666666,8387,2.6689664155038835,
finch,lognormal,holdout,317,0.5,12,3-5,8,1.819779501244769,9,,0.8799720440980136,0,-0.9498282283710922,25.0,7.556666666666667,11060,0.34076136406445046,
finch,lognormal,holdout,318,0.5,11,1-2,22,3.8707816530363557,30,,0.7660602524755619,0,-0.7530597586392502,40.03333333333333,9.253333333333334,15645,1.7085956861016762,
finch,lognormal,holdout,319,0.5,10,1-4,14,2.8434844694116377,10,,0.8559767035524948,0,-0.8094015471615903,25.333333333333332,4.84,7718,1.0567723949370487,
finch,lognormal,holdout,320,0.5,14,2-5,15,3.517728741530723,12,,0.8652996798115499,1,-1.0431943137328785,15.133333333333333,3.91,11694,2.764789725216759,
finch,lognormal,holdout,321,0.5,5,1-4,19,2.0445992375453685,25,,0.8667822996517974,0,-0.8221253794077917,39.43333333333333,9.423333333333334,14112,3.4319912216693247,
finch,lognormal,holdout,322,0.5,13,2-5,29,2.980512559127319,24,,0.9187813808900375,0,-0.8805546062700814,62.06666666666667,17.096666666666668,25414,1.2737163592264769,
finch,lognormal,holdout,323,0.5,12,2-5,6,3.3676353397523333,11,,0.8633477347532411,4,-1.1504719979471338,10.1,3.5533333333333332,11307,2.3811495716378515,
finch,lognormal,holdout,324,0.5,4,2-5,8,2.043116918005725,16,,0.8392514084123546,2,-1.3078206357714242,14.8,8.483333333333333,13658,3.1070126903673687,
finch,lognormal,holdout,325,0.5,12,1-4,22,1.2988415511678695,19,,0.8374025635362905,0,-0.6986775742797008,35.9,8.17,13417,2.6228879284396296,
finch,lognormal,holdout,326,0.5,12,1-4,7,2.091289167020821,10,,0.8354337139567589,0,-0.7592742594802939,22.6,3.8466666666666667,6403,0.891219996232572,
finch,lognormal,holdout,327,0.5,11,2-5,6,3.295480195386337,25,,0.9108612607333156,0,-1.6023630921551109,20.666666666666668,20.68,30461,2.1277818065350993,
finch,lognormal,holdout,328,0.5,14,1-4,13,2.846920908463532,15,,0.8805787052996256,0,-0.9437936406174194,27.033333333333335,7.093333333333334,11084,1.684726063578528,
finch,lognormal,holdout,329,0.5,8,1-2,15,1.290110981024588,27,,0.8069408186877074,0,-0.607076845862672,68.26666666666667,11.58,13180,0.5693934901439399,
finch,lognormal,holdout,330,0.5,11,3-5,11,3.8542931506442732,9,,0.8743046181204682,0,-0.9590843832144048,21.066666666666666,6.153333333333333,11004,1.3406498770020256,
finch,lognormal,holdout,331,0.5,9,2-5,13,2.4688134563373825,16,,0.8946760658446741,0,-1.130395393185115,24.533333333333335,8.866666666666667,18827,3.3101369101461144,
finch,lognormal,holdout,332,0.5,10,3-5,26,3.0747983883644774,22,,0.9208451951120872,0,-0.9821452437246774,49.766666666666666,16.066666666666666,25062,1.6221682499859722,
finch,lognormal,holdout,333,0.5,9,3-5,13,2.8839504890824985,20,,0.9137082006725608,0,-0.9569071443852072,35.46666666666667,11.226666666666667,21828,1.522289869858031,
finch,lognormal,holdout,334,0.5,11,1-4,18,3.0232409345343405,23,,0.8898824547275631,0,-0.8781330488337128,50.46666666666667,13.046666666666667,16656,0.5926049459248377,
finch,lognormal,holdout,335,0.5,6,1-2,24,1.023704827979667,10,,0.6965705963497298,1,-0.38302946149291883,34.7,3.5366666666666666,5251,0.9694235717796598,
finch,lognormal,holdout,336,0.5,4,3-5,20,2.037934831717602,7,,0.8452132985866043,0,-0.7731399476401953,24.4,4.783333333333333,8708,1.6303682322471944,
finch,lognormal,holdout,337,0.5,9,1-4,11,3.4472870355864584,25,,0.8943511300816784,0,-1.1059915915176552,34.0,14.433333333333334,18666,1.3950514869426534,
finch,lognormal,holdout,338,0.5,9,2-5,25,3.366467581338375,27,,0.9214807154376916,0,-1.0712825897749392,49.96666666666667,19.246666666666666,28346,1.4990983400839193,
finch,lognormal,holdout,339,0.5,7,1-4,25,1.7026195627452183,15,,0.837103510111405,0,-0.7359087629428149,43.1,8.633333333333333,11586,1.2669562649120079,
finch,lognormal,holdout,340,0.5,10,3-5,18,1.7222841400073985,27,,0.9105857621658475,0,-0.968471887388089,49.86666666666667,18.033333333333335,32159,1.8657587831607831,
finch,lognormal,holdout,341,0.5,6,2-5,17,2.531690692897215,23,,0.8625565893232069,1,-1.2257011394744908,27.266666666666666,10.646666666666667,24308,2.981835430291508,
finch,lognormal,holdout,342,0.5,5,1-4,6,3.2856980370257514,14,,0.7432440985979178,0,-0.6346336930745663,23.166666666666668,3.3766666666666665,10434,1.0466477291217655,
finch,lognormal,holdout,343,0.5,6,1-2,24,1.419582672076238,16,,0.7690350539830403,0,-0.6250428362686702,32.833333333333336,5.45,8546,2.7241441511619198,
finch,lognormal,holdout,344,0.5,4,1-2,8,3.329114558690922,14,,0.7037647555293853,1,-0.7116100937266744,17.6,2.8333333333333335,7682,3.254243586566261,
finch,lognormal,holdout,345,0.5,5,3-5,22,3.4629898112891118,19,,0.8365455950803942,0,-0.786828464347116,45.56666666666667,9.866666666666667,23127,0.32615940429217116,
finch,lognormal,holdout,346,0.5,8,3-5,13,1.370885282507364,17,,0.8878759087919602,0,-1.400007688377163,17.0,12.36,20910,2.7195918119846616,
finch,lognormal,holdout,347,0.5,14,1-4,30,1.9551470418660135,13,,0.8677486948023325,0,-0.788539302806621,33.833333333333336,6.923333333333333,10535,2.7145725519922945,
finch,lognormal,holdout,348,0.5,4,1-4,8,2.4941495935676454,15,,0.8184779433646062,0,-0.8648439242845956,25.533333333333335,6.506666666666667,10903,1.4762360789446896,
finch,lognormal,holdout,349,0.5,10,1-4,21,2.196700265569363,19,,0.8854603050583041,0,-0.8131713943012702,38.96666666666667,8.77,13190,1.9189978003851786,
finch,lognormal,holdout,350,0.5,10,1-4,19,2.5350033659864364,25,,0.9011656426771754,0,-0.8925046251988693,53.266666666666666,15.383333333333333,19495,1.1686767178598674,
finch,lognormal,holdout,351,0.5,13,1-2,21,1.0302521332466554,19,,0.8010707528781837,0,-0.5882460091882777,55.266666666666666,8.913333333333334,8731,1.0163891652988224,
finch,lognormal,holdout,352,0.5,14,3-5,19,2.7176556010517494,21,,0.8629132468459517,1,-1.0558598839325848,21.3,9.196666666666667,25010,3.246387292963557,
finch,lognormal,holdout,353,0.5,5,3-5,30,3.2449530199035816,10,,0.8654923368134952,0,-0.8545525169455536,22.2,4.5633333333333335,11888,1.9263306212780433,
finch,lognormal,holdout,354,0.5,12,1-4,8,2.136105307166072,30,,0.9106503150337979,0,-1.1202097670199602,42.03333333333333,17.69333333333333,23253,0.4874126208431519,
finch,lognormal,holdout,355,0.5,10,1-2,12,1.6761860533198312,30,,0.886372745118906,0,-0.9283545022033571,38.3,10.096666666666666,14451,3.133785048763133,
finch,lognormal,holdout,356,0.5,12,2-5,30,3.4046797766864634,13,,0.8952279878837401,0,-1.151225153478942,21.066666666666666,8.85,14509,2.976107985455517,
finch,lognormal,holdout,357,0.5,4,1-2,20,3.279326103052771,21,,0.6636228223473731,0,-0.4724086910495553,33.53333333333333,4.233333333333333,11185,1.2068474086378052,
finch,lognormal,holdout,358,0.5,6,3-5,11,2.5334337989905387,16,,0.9037567911889675,0,-1.2406553168923236,23.066666666666666,13.56,21830,2.4556194852405024,
finch,lognormal,holdout,359,0.5,8,3-5,21,1.88853982117584,18,,0.8836247353730233,0,-0.7890256790299656,45.833333333333336,10.493333333333334,21785,1.8953468588491091,
finch,lognormal,holdout,360,0.5,7,2-5,8,2.6889776764784643,8,,0.8768962338132656,0,-1.0443162301906197,18.8,5.22,8255,1.1636937428412508,
finch,lognormal,holdout,361,0.5,12,1-2,25,3.7674879315941174,18,,0.8325551013621751,0,-0.8658813754878606,28.966666666666665,6.883333333333334,9431,1.7165401525307484,
finch,lognormal,holdout,362,0.5,12,3-5,30,1.141411590658611,29,,0.9071480664458714,0,-0.7609601545150252,114.03333333333333,26.23,34954,0.8258435984674444,
finch,lognormal,holdout,363,0.5,6,3-5,27,2.635302641986123,10,,0.8860616718109754,0,-0.8837039709963712,26.633333333333333,6.1866666666666665,11763,2.971079901892939,
finch,lognormal,holdout,364,0.5,7,1-2,6,3.6168868574852864,7,,0.8224751565073136,1,-0.8606548735480339,13.8,2.0766666666666667,3416,0.43255701144167474,
finch,lognormal,holdout,365,0.5,8,1-4,14,2.4593967141943023,9,,0.8227573234791116,0,-0.7218123173896955,28.1,4.766666666666667,7227,0.7634642978866353,
finch,lognormal,holdout,366,0.5,11,3-5,26,2.9478769974080477,22,,0.9312673251848992,0,-1.09713089870163,44.36666666666667,18.773333333333333,27316,1.9004191930290335,
finch,lognormal,holdout,367,0.5,11,1-2,23,1.3588343617374803,17,,0.8340364392008539,0,-0.7253965510797904,33.266666666666666,6.616666666666666,7779,3.0895147641064895,
finch,lognormal,holdout,368,0.5,11,2-5,14,2.122276271573382,26,,0.8864153684240557,0,-0.8812736974381212,33.733333333333334,9.716666666666667,25199,2.539706682043569,
finch,lognormal,holdout,369,0.5,12,3-5,16,1.2158871410357561,15,,0.9262069255538709,0,-0.9996519559715136,46.0,15.373333333333333,18102,0.9821415549099322,
finch,lognormal,holdout,370,0.5,13,3-5,12,1.500323419199975,21,,0.8839580924391777,0,-1.1128199370616694,29.3,16.053333333333335,26719,2.045192929848507,
finch,lognormal,holdout,371,0.5,8,3-5,21,3.0043808183918257,26,,0.9316600884843759,0,-1.1423553389440768,50.6,22.836666666666666,32983,1.8311759479174892,
finch,lognormal,holdout,372,0.5,10,1-2,19,2.8576506435706266,17,,0.7637138949004305,0,-0.561320786584822,26.766666666666666,3.8266666666666667,8564,2.725839139705944,
finch,lognormal,holdout,373,0.5,11,1-4,5,1.2789425307852178,6,,0.8491031683753649,0,-0.9072485811965715,13.933333333333334,3.6866666666666665,4922,0.37121556556265345,
finch,lognormal,holdout,374,0.5,11,2-5,25,3.662028235814329,17,,0.9002805549756416,0,-1.1280899155944417,24.3,9.496666666666666,18473,2.7029953714301387,
finch,lognormal,holdout,375,0.5,13,1-2,25,1.2618645043233252,27,,0.84790505238822,0,-0.8142931318828488,47.166666666666664,12.323333333333334,13610,2.304939809509758,
finch,lognormal,holdout,376,0.5,14,1-4,25,2.7316380314482145,12,,0.8493474776460493,0,-0.7362699388036494,33.333333333333336,6.09,9481,1.0145623094394234,
finch,lognormal,holdout,377,0.5,13,2-5,11,2.8035806499423472,22,,0.9369119581694764,0,-1.1047296146364887,33.233333333333334,12.77,24108,2.2039698229141558,
finch,lognormal,holdout,378,0.5,13,1-2,29,1.534804452145777,7,,0.7737531180420976,0,-0.5735673176762752,17.533333333333335,1.9033333333333333,3399,2.964135935474295,
finch,lognormal,holdout,379,0.5,6,1-4,27,3.959077043241206,30,,0.8468964399393403,0,-0.8740690628366584,43.8,11.016666666666667,27505,1.7176173658736793,
finch,lognormal,holdout,380,0.5,5,1-4,8,2.334387365250813,27,,0.8416220710600805,0,-0.7879786985742796,34.3,8.78,16798,1.6910650677445296,
finch,lognormal,holdout,381,0.5,13,2-5,13,3.492949279329352,30,,0.9043492173515635,0,-1.0720803491033737,32.86666666666667,12.336666666666666,34248,2.2089368898017727,
finch,lognormal,holdout,382,0.5,5,3-5,29,1.157626880821561,22,,0.9175787305492472,0,-1.2319702713094232,35.266666666666666,18.913333333333334,25486,2.8940411094010248,
finch,lognormal,holdout,383,0.5,5,2-5,30,2.107709159914224,22,,0.810373410986121,0,-0.6316723851272352,60.03333333333333,10.57,24466,0.2084266003549526,
finch,lognormal,holdout,384,0.5,13,1-2,10,3.6308113216330855,16,,0.7792706298442926,0,-0.5775646263132309,28.466666666666665,3.87,6925,0.9412545657432143,
finch,lognormal,holdout,385,0.5,14,3-5,21,3.261417495686317,14,,0.8925446060724425,0,-0.9466209687794003,29.066666666666666,8.2,17634,2.2455947475690725,
finch,lognormal,holdout,386,0.5,10,2-5,24,3.9375648895325144,28,,0.9218494312803305,0,-1.0920893318144138,38.0,15.89,26288,2.5654730381933226,
finch,lognormal,holdout,387,0.5,12,1-2,8,1.2499686459703527,29,,0.8922909590361463,0,-0.9989284118488172,27.4,10.483333333333333,16258,3.2229665474454356,
finch,lognormal,holdout,388,0.5,10,1-4,13,3.185236890632915,26,,0.8920843054641661,0,-0.964292499541236,40.266666666666666,12.876666666666667,20202,1.3106605336921229,
finch,lognormal,holdout,389,0.5,6,3-5,8,2.6398059542972128,14,,0.8986450532505619,0,-1.1227722610333728,23.966666666666665,9.726666666666667,15594,1.5741415805502226,
finch,lognormal,holdout,390,0.5,6,2-5,19,3.259666671531373,22,,0.8972619735202342,0,-1.2571831621167673,31.166666666666668,17.233333333333334,24304,2.3290763439155735,
finch,lognormal,holdout,391,0.5,14,3-5,27,1.7213095825637863,19,,0.9232501274775866,0,-0.842973576358514,64.96666666666667,16.856666666666666,22343,1.176044824329216,
finch,lognormal,holdout,392,0.5,11,2-5,15,1.571949155942058,16,,0.9081516132045327,0,-0.9948560865820333,36.766666666666666,12.266666666666667,15581,1.84016375051525,
finch,lognormal,holdout,393,0.5,12,1-2,26,2.465477709404295,25,,0.8040565669070856,4,-0.6123956204889214,25.8,3.6966666666666668,12035,3.3983159806763394,
finch,lognormal,holdout,394,0.5,8,1-2,23,1.1919324365761772,27,,0.8288529911569087,0,-0.7007014098874943,39.9,7.816666666666666,13159,3.3540048002374,
finch,lognormal,holdout,395,0.5,12,2-5,7,1.5823151229862045,20,,0.9224175068658667,0,-1.4733500250915124,19.966666666666665,14.89,24071,2.890783680776147,
finch,lognormal,holdout,396,0.5,12,1-4,17,3.6856670807846266,15,,0.8440672343806582,1,-1.134400465230459,15.3,4.59,12266,3.2971993123316885,
finch,lognormal,holdout,397,0.5,6,3-5,20,2.5733639254443226,8,,0.8672541043136349,0,-0.7304399400076848,31.8,5.75,9808,1.2256523141449798,
finch,lognormal,holdout,398,0.5,14,1-4,16,3.1579874218714004,24,,0.8739250384367292,0,-0.8936138158649196,46.46666666666667,12.566666666666666,17483,0.5767969655126068,
finch,lognormal,holdout,399,0.5,11,3-5,15,1.7107625439223724,26,,0.904302442158066,2,-1.4871698937655482,24.833333333333332,19.293333333333333,29928,3.3822024932928154,
finch,lognormal,holdout,400,0.5,10,1-2,25,2.6118488700010998,10,,0.7516994598900546,0,-0.6165264543216156,24.766666666666666,3.42,4849,1.5540108910348263,
finch,lognormal,holdout,401,0.5,11,1-4,11,3.900379475300516,18,,0.8348837264633117,0,-0.742866899306304,27.133333333333333,5.493333333333333,13452,1.775620325128279,
finch,lognormal,holdout,402,0.5,7,1-4,10,2.021452452408578,21,,0.8772901667147853,0,-1.1349400714285358,31.6,13.663333333333334,17357,1.6939926150599347,
finch,lognormal,holdout,403,0.5,14,1-2,6,1.8250096611726372,10,,0.8015260722757429,1,-0.5708999102279715,18.7,2.1733333333333333,4181,2.4919253289896988,
finch,lognormal,holdout,404,0.5,7,3-5,9,1.7755663000611857,26,,0.8991112690831892,0,-1.1380670639473418,35.63333333333333,17.69333333333333,33685,1.69522679601694,
finch,lognormal,holdout,405,0.5,7,1-4,14,3.276387217642388,26,,0.8248777694073262,0,-0.8884754559989695,45.8,12.65,21246,0.9718868347497589,
finch,lognormal,holdout,406,0.5,13,2-5,18,1.5597815240062611,16,,0.9162532207259856,0,-1.281099086250816,29.166666666666668,14.436666666666667,17957,2.4335137750426585,
finch,lognormal,holdout,407,0.5,5,1-4,28,1.703866091432867,21,,0.8189751628726565,0,-0.6187817470614195,32.5,4.736666666666666,16660,3.217120585555873,
finch,lognormal,holdout,408,0.5,12,1-2,28,3.621202167679303,21,,0.8272401554603204,0,-0.6719485881069701,31.966666666666665,5.4,9714,2.1781693176232695,
finch,lognormal,holdout,409,0.5,8,1-2,16,2.9816495789283226,6,,0.6188288254328725,2,-0.40172357956855614,17.566666666666666,1.29,2706,0.37789435826325934,
finch,lognormal,holdout,410,0.5,4,1-4,6,1.091742981210798,7,,0.8856011947688762,0,-0.8745601342194503,13.1,2.433333333333333,5076,2.86227641694316,
finch,lognormal,holdout,411,0.5,5,2-5,22,1.1867741160080676,6,,0.8473270610092154,0,-0.7780255511370423,25.1,4.763333333333334,6875,1.9130368730450966,
finch,lognormal,holdout,412,0.5,8,3-5,13,3.0520159736192354,10,,0.8831439256556785,0,-0.8861577734578086,27.833333333333332,6.35,11972,1.306339776289751,
finch,lognormal,holdout,413,0.5,4,1-2,20,1.1284175288831242,28,,0.862252642058369,0,-0.8235339111193675,41.1,10.92,15975,3.2040231051477837,
finch,lognormal,holdout,414,0.5,6,3-5,9,3.880856578268863,19,,0.895821405565623,0,-1.0951580109808716,33.7,12.39,23552,0.43938431275325296,
finch,lognormal,holdout,415,0.5,11,2-5,8,2.789142696728657,26,,0.9280803811745124,0,-1.0435960860078493,35.266666666666666,12.626666666666667,28377,1.303381933315192,
finch,lognormal,holdout,416,0.5,10,2-5,15,1.6742411273355222,14,,0.9064046329632601,0,-0.8238426226225618,44.96666666666667,10.153333333333334,14525,0.764410756998942,
finch,lognormal,holdout,417,0.5,12,1-2,18,1.1006345302205447,10,,0.7605497668920688,0,-0.5234243559783424,21.733333333333334,2.6466666666666665,4559,2.974307861626701,
finch,lognormal,holdout,418,0.5,8,1-4,18,3.233165390497585,27,,0.9058061931233715,0,-0.938727530581291,45.233333333333334,13.326666666666666,20614,1.6379531316059717,
finch,lognormal,holdout,419,0.5,13,1-4,11,1.107388089067281,13,,0.8584244415563285,0,-1.1658202493160414,18.866666666666667,8.34,9932,3.082388158010821,
finch,lognormal,holdout,420,0.5,5,3-5,20,1.7491792375022037,10,,0.8810728196062514,5,-0.9310154918053954,18.966666666666665,4.24,11639,3.397469446663719,
finch,lognormal,holdout,421,0.5,14,1-4,22,2.0459949074971804,9,,0.8524365202639094,0,-0.9051221832314329,16.3,3.546666666666667,6697,3.417169778546542,
finch,lognormal,holdout,422,0.5,5,1-4,6,3.981266729508198,11,,0.8026612004963171,0,-0.8922331462851733,12.8,2.0033333333333334,6432,3.3503606976270888,
finch,lognormal,holdout,423,0.5,13,3-5,18,1.8018606012129013,10,,0.9171144646403757,0,-0.8812805493150828,35.766666666666666,8.613333333333333,12010,1.1607119933803238,
finch,lognormal,holdout,424,0.5,14,1-4,24,2.771334734764551,12,,0.8400160980361259,0,-0.6669108399135854,38.766666666666666,6.573333333333333,9077,0.656585315013825,
finch,lognormal,holdout,425,0.5,9,1-4,19,2.669890839733376,14,,0.8069059143526266,0,-0.769517209468579,22.4,3.723333333333333,13812,2.7730417308578867,
finch,lognormal,holdout,426,0.5,13,2-5,28,3.8693736603004587,20,,0.9002726906409638,0,-1.104932013335803,28.5,12.203333333333333,21422,2.6304625093593788,
finch,lognormal,holdout,427,0.5,7,1-4,10,2.8082320427543705,6,,0.765874983488179,11,-1.1687664114110365,6.5,1.1733333333333333,5960,3.294210247724385,
finch,lognormal,holdout,428,0.5,10,2-5,25,1.2438907285118732,26,,0.8907491721320081,0,-0.7406141708297643,96.6,20.51,26900,0.47339566279349976,
finch,lognormal,holdout,429,0.5,7,1-2,28,2.6409870311390526,13,,0.7533422175409638,0,-0.5368566131695689,29.766666666666666,3.7333333333333334,6874,1.311564284565387,
finch,lognormal,holdout,430,0.5,12,1-2,27,1.3790766365572855,7,,0.7825281664638116,0,-0.5349693151045514,20.6,2.1933333333333334,3206,2.3349809611467727,
finch,lognormal,holdout,431,0.5,11,1-4,22,3.584449281941083,10,,0.848306100774329,0,-0.9346714850065394,21.2,4.703333333333333,8357,2.069061048835611,
finch,lognormal,holdout,432,0.5,4,2-5,17,2.597947772552688,20,,0.8036350597063351,0,-0.8175896214889836,32.43333333333333,8.216666666666667,19556,2.6030079276790627,
finch,lognormal,holdout,433,0.5,13,2-5,22,3.640077769349161,11,,0.8695279733167153,0,-0.7375496492205266,33.56666666666667,6.176666666666667,11562,0.7434408942301101,
finch,lognormal,holdout,434,0.5,6,1-2,28,3.996534074017336,23,,0.566096087251071,1,-0.4567923835111287,36.0,4.7,12426,0.45365925492373926,
finch,lognormal,holdout,435,0.5,9,2-5,10,3.582230634501251,18,,0.8457051984763457,0,-1.0881836042052981,16.933333333333334,5.743333333333333,16580,3.3168698122924605,
finch,lognormal,holdout,436,0.5,14,2-5,7,2.4007947444035684,6,,0.8543638794166515,0,-1.0031084199528062,15.366666666666667,4.83,6436,0.441710941211111,
finch,lognormal,holdout,437,0.5,11,1-2,26,3.6866449348133563,9,,0.7566295132302276,1,-0.59216735580059,15.666666666666666,1.62,4390,2.932908356188419,
finch,lognormal,holdout,438,0.5,14,1-4,10,1.3734580933486402,16,,0.8599840147138866,0,-0.7408571050839825,26.766666666666666,5.036666666666667,9628,1.6530337705309373,
finch,lognormal,holdout,439,0.5,11,1-2,18,3.5163828228702134,24,,0.8353721591520504,2,-0.8920661332850378,24.466666666666665,3.8266666666666667,9905,2.0836934733190664,
finch,lognormal,holdout,440,0.5,9,3-5,15,3.7728056613210734,18,,0.9350574165169512,0,-1.1881310334751043,32.06666666666667,14.45,21796,2.1710116157679225,
finch,lognormal,holdout,441,0.5,8,1-4,8,3.193442333878872,20,,0.8451203145893985,0,-0.8865066745895904,33.0,8.433333333333334,16325,0.643399410962656,
finch,lognormal,holdout,442,0.5,7,1-2,8,3.8786224059899044,13,,0.7859011471810621,5,-0.7797712516819777,12.433333333333334,2.08,5703,3.4945904286922316,
finch,lognormal,holdout,443,0.5,8,3-5,7,1.2782946717269201,19,,0.881069348139017,0,-1.3903394287279875,24.1,17.59,22601,2.3279418649188988,
finch,lognormal,holdout,444,0.5,13,3-5,25,3.401339481866671,21,,0.8987904559538945,2,-1.3317342981569316,19.333333333333332,9.193333333333333,24534,3.4221031028125855,
finch,lognormal,holdout,445,0.5,6,1-4,17,2.2002469212759803,19,,0.8696433113090482,0,-0.8202916029263039,33.233333333333334,8.176666666666666,16915,2.366109684313049,
finch,lognormal,holdout,446,0.5,4,1-2,9,2.4203052419003255,7,,0.7904636857285842,6,-0.9806021407030299,8.733333333333333,0.8233333333333334,3317,3.3157412642083384,
finch,lognormal,holdout,447,0.5,6,1-2,29,3.403456365731772,20,,0.569287185316688,0,-0.40708238390121404,38.3,4.7,10766,0.615831051888872,
finch,lognormal,holdout,448,0.5,7,2-5,27,3.974607676298035,23,,0.895048813950273,0,-0.9151020299846288,54.2,15.256666666666666,26888,0.8100227034460117,
finch,lognormal,holdout,449,0.5,8,1-4,15,2.7281357643930395,20,,0.8650532632265608,0,-0.8353839328760525,46.13333333333333,10.9,16226,0.4364060177965565,
finch,lognormal,holdout,450,0.5,4,3-5,23,3.218783337580585,6,,0.8312004895199637,0,-0.9240216151649915,18.6,3.703333333333333,7298,1.5454592939562062,
finch,lognormal,holdout,451,0.5,8,3-5,29,1.8706947164503247,24,,0.8738469832549279,0,-0.6850023169046702,89.3,17.486666666666668,28080,0.47078979842611585,
finch,lognormal,holdout,452,0.5,6,1-2,30,1.014637551510241,30,,0.8794976776410469,0,-0.8690387958477542,49.766666666666666,14.463333333333333,17052,2.8762690226356367,
finch,lognormal,holdout,453,0.5,9,1-2,22,1.8500284471077886,19,,0.8309391298010088,0,-0.6807075933274694,45.333333333333336,8.07,9957,1.3717517515962636,
finch,lognormal,holdout,454,0.5,7,2-5,13,3.4673602107082084,17,,0.8713305403889324,0,-1.1254281369681973,19.633333333333333,6.526666666666666,14474,3.12060840316382,
finch,lognormal,holdout,455,0.5,9,2-5,12,3.255715717211765,24,,0.8580899845127133,5,-1.2374639075155676,20.566666666666666,8.446666666666667,26261,2.702335771989621,
finch,lognormal,holdout,456,0.5,7,1-2,27,1.531003308261405,23,,0.6434874043995069,0,-0.37999924479203384,63.4,7.6466666666666665,12132,0.2799381117941167,
finch,lognormal,holdout,457,0.5,7,1-2,5,1.408705052278442,29,,0.8401602174371632,0,-0.7264722522536897,46.833333333333336,10.36,14392,0.5212936534778476,
finch,lognormal,holdout,458,0.5,9,1-4,15,1.5097498002674592,28,,0.8911167371348026,0,-0.8188628749301754,62.3,15.606666666666667,21994,1.0945354162567278,
finch,lognormal,holdout,459,0.5,8,1-4,30,2.173394265641714,10,,0.8480098239709135,0,-0.819845685863087,25.066666666666666,5.256666666666667,6967,2.00826130279012,
finch,lognormal,holdout,460,0.5,4,2-5,17,1.21754756098774,13,,0.7403833635042142,0,-0.48850324835779063,46.9,6.453333333333333,13616,0.770177963712712,
finch,lognormal,holdout,461,0.5,14,3-5,23,2.448012567962346,15,,0.9102697326294252,0,-0.8367490674237646,50.333333333333336,12.053333333333333,18090,0.7599020663526399,
finch,lognormal,holdout,462,0.5,5,1-4,14,3.436960642645184,23,,0.785521960155507,0,-0.7545749372951227,36.0,7.41,16147,1.5223024237628822,
finch,lognormal,holdout,463,0.5,8,3-5,30,2.068621407548326,7,,0.8686174187831901,0,-1.2660766447708773,15.866666666666667,5.166666666666667,7939,3.1037482847638818,
finch,lognormal,holdout,464,0.5,5,3-5,30,3.8274569472350857,16,,0.8635944509961633,0,-0.8674772430631604,36.56666666666667,8.86,19248,1.7819290879644007,
finch,lognormal,holdout,465,0.5,5,1-2,25,2.3899434542101834,26,,0.7671993645665119,0,-0.7911399137630512,39.733333333333334,9.723333333333333,14242,2.617420720962405,
finch,lognormal,holdout,466,0.5,7,1-2,26,2.2700716865773756,21,,0.7654052861797662,1,-0.6322790158878174,29.033333333333335,3.8933333333333335,11618,2.8878180799853417,
finch,lognormal,holdout,467,0.5,10,2-5,15,1.8790512672360156,15,,0.9122429098329305,0,-0.8863027877672205,41.7,10.55,14477,1.0258978477582334,
finch,lognormal,holdout,468,0.5,12,1-2,27,1.8723274067251505,17,,0.8017741395912126,0,-0.6394726258210052,29.5,4.366666666666666,8996,2.3391888726805097,
finch,lognormal,holdout,469,0.5,8,1-4,8,1.328532736415763,22,,0.896356746672782,0,-0.9340067314350883,43.766666666666666,12.246666666666666,15799,0.6731039608125866,
finch,lognormal,holdout,470,0.5,11,1-2,28,3.4886242281264566,9,,0.7647647406720567,0,-0.6104394017965207,19.533333333333335,2.3066666666666666,4134,2.040498730494985,
finch,lognormal,holdout,471,0.5,8,1-4,6,1.3514326055040282,15,,0.8669738363558734,0,-0.8077064716123801,29.566666666666666,5.953333333333333,9797,1.313328170299071,
finch,lognormal,holdout,472,0.5,13,1-4,18,3.2473944674143773,30,,0.8855695964929216,0,-0.9183413975088327,56.46666666666667,15.83,22443,0.6238447763198016,
finch,lognormal,holdout,473,0.5,13,2-5,23,3.9957396790573325,8,,0.8816817815335012,0,-0.7967325534939622,28.3,5.433333333333334,8557,0.26584800111950513,
finch,lognormal,holdout,474,0.5,9,3-5,6,3.376691231446138,21,,0.8642769071030749,0,-1.142838501291286,30.3,13.243333333333334,24453,0.3487926916651798,
finch,lognormal,holdout,475,0.5,13,1-2,18,1.7555058819622529,28,,0.8477129415997029,0,-0.7129508398892261,56.1,11.5,13034,1.2821891917574213,
finch,lognormal,holdout,476,0.5,13,2-5,15,3.4454984666286013,24,,0.8735492175156893,0,-1.1041546057345377,31.4,13.943333333333333,25007,2.165510540863041,
finch,lognormal,holdout,477,0.5,14,2-5,19,2.408850658554549,18,,0.8707070180120217,0,-0.9142030605914105,23.166666666666668,5.706666666666667,17696,3.2387804617252383,
finch,lognormal,holdout,478,0.5,14,1-4,27,2.7141148683053564,25,,0.9048245888595823,0,-0.9446046491956792,49.5,14.66,20590,1.4895026475350637,
finch,lognormal,holdout,479,0.5,8,3-5,14,2.30441111513161,15,,0.8966096215335294,0,-0.9070148512813465,39.93333333333333,10.543333333333333,18332,1.0862935080927203,
finch,lognormal,holdout,480,0.5,14,1-2,29,3.6303745468261748,13,,0.7614273106997622,0,-0.49997307907836436,20.633333333333333,2.1733333333333333,5008,2.9510768011505064,
finch,lognormal,holdout,481,0.5,7,1-4,29,2.769351504499633,12,,0.8550377704480125,0,-0.8737828326216489,19.933333333333334,4.673333333333333,9557,3.27292947970787,
finch,lognormal,holdout,482,0.5,7,1-2,9,2.0724581098634376,23,,0.8195879748429202,0,-0.6996880602464531,28.2,4.906666666666666,11233,2.2993462865101475,
finch,lognormal,holdout,483,0.5,13,1-2,18,2.389277781800595,21,,0.8153153137097598,0,-0.6279961056296747,28.966666666666665,4.3933333333333335,8746,2.860603487569218,
finch,lognormal,holdout,484,0.5,6,1-4,19,1.7707047134090315,7,,0.8201378518889051,2,-0.9089458589147082,13.066666666666666,2.18,6086,3.3358790814781676,
finch,lognormal,holdout,485,0.5,10,1-4,14,3.404454109439218,25,,0.8282655622663334,0,-0.7620077879322462,27.0,5.273333333333333,17848,2.719184686394175,
finch,lognormal,holdout,486,0.5,8,1-4,30,1.454026266512297,26,,0.8619434988734049,0,-0.7146056629896205,77.93333333333334,16.543333333333333,21637,1.078296267950584,
finch,lognormal,holdout,487,0.5,14,1-4,5,1.3715721580343323,21,,0.8660177768841012,0,-0.8151062884168755,26.0,5.466666666666667,14083,2.0626077471103854,
finch,lognormal,holdout,488,0.5,8,1-4,12,1.3789613523021036,10,,0.858636618638465,0,-0.6737445127138437,29.433333333333334,4.63,8269,1.3147101715220433,
finch,lognormal,holdout,489,0.5,6,3-5,16,1.7934701935852155,15,,0.9102703397050226,0,-1.044777756800033,33.36666666666667,10.976666666666667,16879,2.8258117207942974,
finch,lognormal,holdout,490,0.5,12,3-5,10,2.8255382781143465,6,,0.8850677339098599,0,-0.8026925280601582,23.0,4.323333333333333,7106,0.3676818524738178,
finch,lognormal,holdout,491,0.5,8,2-5,29,3.405353407070691,22,,0.9074179319808034,0,-1.0040324102699179,36.666666666666664,12.96,22641,2.2554707486349685,
finch,lognormal,holdout,492,0.5,11,2-5,26,2.5955616690985845,18,,0.8798447242474395,0,-1.0230401463477283,26.666666666666668,9.023333333333333,17760,2.1469760829964954,
finch,lognormal,holdout,493,0.5,10,2-5,19,2.303269353178248,10,,0.8975961465406236,0,-0.7726806569653919,37.233333333333334,7.543333333333333,9860,1.0163722159376374,
finch,lognormal,holdout,494,0.5,12,3-5,9,1.5911766633528157,24,,0.8808130220433257,3,-1.1017019643992787,27.266666666666666,14.933333333333334,30500,2.5449994842118446,
finch,lognormal,holdout,495,0.5,10,1-2,18,2.672508557708166,19,,0.7906372110827677,0,-0.6470702798960489,38.13333333333333,6.346666666666667,8631,1.061834158548953,
finch,lognormal,holdout,496,0.5,12,3-5,21,3.0647940936496028,23,,0.8903747860987095,0,-1.25784593488003,27.5,18.12,26414,3.2380654555120274,
finch,lognormal,holdout,497,0.5,11,1-2,18,3.1835914544750086,17,,0.7838177354842946,0,-0.5758898381758285,33.56666666666667,4.91,8575,1.3665181546605876,
finch,lognormal,holdout,498,0.5,8,3-5,23,3.391478485161312,17,,0.8972035014779589,0,-0.867524546179324,49.733333333333334,12.2,20770,0.8941836272891455,
finch,lognormal,holdout,499,0.5,11,1-4,12,2.4111142531432797,29,,0.8330318739799109,0,-1.2664654981299,20.0,14.583333333333334,24012,3.4165374593524627,
finch,geometric,holdout,0,0.5,5,1-4,24,1.1305479960969058,20,,0.6599918589010765,0,-0.3531441246048845,65.16666666666667,7.526666666666666,16696,,0.21220799437983773
finch,geometric,holdout,1,0.5,9,3-5,12,3.314537105265222,21,,0.9219400752339928,0,-1.1375923749570733,41.2,17.5,25509,,0.07365606927354204
finch,geometric,holdout,2,0.5,12,3-5,8,1.7051142130245962,29,,0.9003982846083309,0,-1.3292216642019372,38.93333333333333,29.006666666666668,36534,,0.19741644888490828
finch,geometric,holdout,3,0.5,8,3-5,12,1.1771667334135743,7,,0.889037636384486,0,-0.7284509647756854,33.166666666666664,5.923333333333333,8053,,0.31246229049231494
finch,geometric,holdout,4,0.5,8,2-5,8,1.5244801214692716,20,,0.9402180085095039,0,-1.1419423428466469,30.933333333333334,12.836666666666666,22520,,0.004449505837629689
finch,geometric,holdout,5,0.5,8,2-5,10,2.984674801875661,8,,0.8795060111208542,0,-1.0694702916794185,20.033333333333335,6.173333333333333,8266,,0.04774741436064169
finch,geometric,holdout,6,0.5,9,1-2,9,2.9261819636035384,15,,0.8004342176741581,0,-0.7606380227401044,26.233333333333334,5.13,7164,,0.07575747888015488
finch,geometric,holdout,7,0.5,10,2-5,16,2.538970271679612,16,,0.9233315511633172,0,-1.004785611610551,39.7,12.783333333333333,15906,,0.06250623925665122
finch,geometric,holdout,8,0.5,13,2-5,18,2.2256836955131574,22,,0.9080847195780796,0,-1.1100835083503797,41.233333333333334,17.476666666666667,22139,,0.0012534209106490537
finch,geometric,holdout,9,0.5,5,1-2,28,2.312204542452132,25,,0.44418943114150267,4,-0.2547062971029226,40.4,3.95,13721,,0.15204972337472086
finch,geometric,holdout,10,0.5,14,2-5,8,2.0108147671755714,12,,0.907258236026303,0,-1.0083235488040496,25.733333333333334,7.286666666666667,11481,,0.05152718281355617
finch,geometric,holdout,11,0.5,12,2-5,24,1.2863896333515574,23,,0.9209881545769698,0,-0.9251384619837258,70.23333333333333,20.67,24661,,0.04836269527487171
finch,geometric,holdout,12,0.5,7,1-4,13,3.347839527951824,8,,0.7919986939084908,1,-0.6786507093027903,22.133333333333333,3.0733333333333333,5996,,0.3785808762584995
finch,geometric,holdout,13,0.5,12,1-2,11,3.067588547923023,11,,0.8095771722086684,0,-0.6361433161578572,21.3,2.8033333333333332,5527,,0.007644403885336334
finch,geometric,holdout,14,0.5,7,3-5,6,3.9209447998848495,25,,0.9096760402963234,0,-1.3812686635526614,29.833333333333332,20.346666666666668,31878,,0.2663029149110017
finch,geometric,holdout,15,0.5,11,1-2,15,2.0300988151326047,16,,0.8173570850722629,0,-0.6782850065653522,40.266666666666666,6.926666666666667,7622,,0.4345896268450439
finch,geometric,holdout,16,0.5,14,2-5,14,1.3778776068227492,30,,0.9365787072431755,0,-1.2530806944828405,45.333333333333336,25.996666666666666,29713,,0.007589849072696859
finch,geometric,holdout,17,0.5,7,1-2,12,2.2379760949445027,10,,0.7031585560173406,0,-0.4850148189445803,25.366666666666667,2.78,4851,,0.15293880199142484
finch,geometric,holdout,18,0.5,8,3-5,16,3.0710984136694157,25,,0.9367976004575042,0,-1.2106458192049143,39.36666666666667,20.06,30242,,0.002785134242922568
finch,geometric,holdout,19,0.5,10,1-2,25,1.1836800482335303,8,,0.7721492905518006,0,-0.5555937233000628,28.733333333333334,3.6,4054,,0.03390065916497604
finch,geometric,holdout,20,0.5,4,2-5,17,1.7281152674831333,30,,0.8427505325776222,0,-0.8764889066622774,58.43333333333333,17.85333333333333,34921,,0.002266151732825129
finch,geometric,holdout,21,0.5,8,3-5,7,2.7529250844578828,13,,0.8819052106070875,0,-1.2753495231987428,19.6,10.043333333333333,15908,,0.0112828127111916
finch,geometric,holdout,22,0.5,8,3-5,26,1.6073685070559152,12,,0.8537179862329951,0,-0.6808941743034629,46.666666666666664,8.446666666666667,13985,,0.0061189488239824725
finch,geometric,holdout,23,0.5,6,2-5,29,1.2671566215272287,13,,0.7053942185458776,0,-0.349614062661382,53.8,5.97,13863,,0.14260809406100225
finch,geometric,holdout,24,0.5,6,2-5,10,1.6009374221634338,26,,0.9184271368843926,0,-0.9972124852036192,53.233333333333334,17.87,28433,,0.04604955776990206
finch,geometric,holdout,25,0.5,9,1-4,18,1.3896221333760361,21,,0.8414206668392914,0,-0.7151459678123291,62.4,12.336666666666666,15682,,0.17490720092017978
finch,geometric,holdout,26,0.5,4,3-5,29,2.338815072793562,18,,0.7926375948773093,1,-0.7867347224137642,39.6,9.43,22675,,0.0025554140899172895
finch,geometric,holdout,27,0.5,13,2-5,18,3.851477510388632,11,,0.9053942329008865,0,-1.0251469348071265,23.166666666666668,6.8933333333333335,10475,,0.0015046392850312684
finch,geometric,holdout,28,0.5,6,1-2,5,1.6304059469890197,13,,0.7894177708359887,0,-0.5821105732991678,16.266666666666666,1.7333333333333334,6901,,0.0013110728652439836
finch,geometric,holdout,29,0.5,8,2-5,13,1.2998949463865817,9,,0.9013638781621818,0,-0.973417042907768,27.633333333333333,7.333333333333333,8908,,0.010162775968560593
finch,geometric,holdout,30,0.5,7,1-2,5,2.635847908304781,7,,0.8045414097713691,0,-0.6894142293903579,10.366666666666667,0.8,3116,,0.004693725986228722
finch,geometric,holdout,31,0.5,6,1-2,15,1.858228848069952,24,,0.7952156353154123,0,-0.7349739928136683,40.4,8.98,11654,,0.0011326340844017545
finch,geometric,holdout,32,0.5,11,1-2,10,1.9811821452279517,27,,0.8875396852351422,0,-0.8171482083489564,48.43333333333333,11.28,12604,,0.11553640870584914
finch,geometric,holdout,33,0.5,4,3-5,10,1.0290194810108777,15,,0.7662298122324108,0,-0.5557944493352625,46.9,7.413333333333333,18011,,0.3798830636912441
finch,geometric,holdout,34,0.5,9,2-5,7,3.6575421838747944,28,,0.9183130204100234,0,-1.2896964463941545,31.1,18.236666666666668,28220,,0.04162007556602627
finch,geometric,holdout,35,0.5,5,3-5,17,2.466270259234757,22,,0.8909220857586848,0,-1.0664696342841353,41.86666666666667,16.4,28674,,0.0026190881960846918
finch,geometric,holdout,36,0.5,9,2-5,13,3.9401452271564135,17,,0.8751638466141519,0,-1.0228354283167274,34.2,11.333333333333334,17824,,0.0984958327097518
finch,geometric,holdout,37,0.5,14,2-5,29,2.177083627105954,20,,0.9235298055198958,0,-1.0431996846253824,44.8,15.643333333333333,19824,,0.0010181872324749798
finch,geometric,holdout,38,0.5,10,2-5,26,3.7201848003528846,17,,0.8887022740170808,0,-0.8924513471034852,44.53333333333333,11.94,18678,,0.024999624047676285
finch,geometric,holdout,39,0.5,11,1-4,21,3.317665973386158,15,,0.8915567713773467,0,-0.8687416584483826,32.833333333333336,7.726666666666667,11567,,0.005450471743099143
finch,geometric,holdout,40,0.5,7,3-5,21,2.3704582859284757,23,,0.8865687416004775,0,-0.7895116472639863,70.73333333333333,15.9,27363,,0.2839046403667534
finch,geometric,holdout,41,0.5,4,2-5,22,2.1623955001370785,15,,0.7421485624653535,0,-0.5652098970378864,38.833333333333336,5.913333333333333,15607,,0.09444031591977572
finch,geometric,holdout,42,0.5,13,3-5,29,2.685367640780586,16,,0.9042795654008586,0,-0.9238970534222777,42.53333333333333,12.7,20157,,0.0030127508260030605
finch,geometric,holdout,43,0.5,13,1-2,23,2.5702441547075026,13,,0.7854015410966093,0,-0.5707934810450628,31.8,4.32,6211,,0.014990552217102479
finch,geometric,holdout,44,0.5,12,1-2,18,3.044342560453174,12,,0.7369707230649767,0,-0.5425837841764932,29.133333333333333,3.7533333333333334,5853,,0.18501661692539825
finch,geometric,holdout,45,0.5,6,3-5,11,3.0330472899491947,24,,0.9126668968206716,0,-1.2247476571159335,36.666666666666664,18.17,27815,,0.018554969190590416
finch,geometric,holdout,46,0.5,14,1-4,29,1.7975623486289325,14,,0.8749925017877181,0,-0.8507291621754377,38.833333333333336,9.083333333333334,10827,,0.0013358033121776485
finch,geometric,holdout,47,0.5,11,1-2,7,3.539221684713433,26,,0.870673787292041,0,-0.7317691776756216,32.833333333333336,6.383333333333334,10887,,0.03002714569181819
finch,geometric,holdout,48,0.5,13,1-4,26,1.0558690355724103,12,,0.8749717794896609,0,-0.7264467051677135,43.666666666666664,8.06,9390,,0.013512346733837534
finch,geometric,holdout,49,0.5,12,1-4,16,1.6700642467851594,26,,0.8941639288067873,0,-0.9014749945236323,58.96666666666667,16.363333333333333,20040,,0.0366176333197098
finch,geometric,holdout,50,0.5,10,1-2,30,2.6044435114432463,19,,0.700306282514132,0,-0.514651157160368,47.1,6.493333333333333,9659,,0.34323708316538015
finch,geometric,holdout,51,0.5,8,1-2,24,2.5287971759988945,11,,0.7172074255047269,0,-0.5608222808138047,29.133333333333333,3.8333333333333335,5616,,0.061137390494958616
finch,geometric,holdout,52,0.5,7,3-5,5,1.0477764122843056,24,,0.8373561821512386,0,-1.306290322439431,23.666666666666668,25.42,30384,,0.4528355661853333
finch,geometric,holdout,53,0.5,13,2-5,22,3.7279150022023666,28,,0.917866111437575,0,-1.0282157053717993,58.4,20.653333333333332,29849,,0.07858544045984703
finch,geometric,holdout,54,0.5,5,3-5,27,1.4836908959915345,10,,0.8307169847687254,0,-0.6103768813498216,39.733333333333334,6.17,12513,,0.0023588263964893124
finch,geometric,holdout,55,0.5,11,3-5,15,3.5760932817290345,8,,0.8899763819481721,0,-0.8168002003256396,27.633333333333333,5.446666666666666,9551,,0.14675066916021284
finch,geometric,holdout,56,0.5,4,3-5,14,3.8257283733385066,24,,0.7821455232822427,0,-0.8845789175028418,37.733333333333334,10.21,29105,,0.35341921053550407
finch,geometric,holdout,57,0.5,14,1-2,19,3.521413999643203,22,,0.8207303223331597,0,-0.7348769825237842,34.9,7.33,10997,,0.002682401079947437
finch,geometric,holdout,58,0.5,13,1-2,29,1.562780201267107,16,,0.8226365724719447,0,-0.6823754283052098,44.36666666666667,7.77,7936,,0.010291650256939157
finch,geometric,holdout,59,0.5,12,1-4,25,3.2949286218663,16,,0.8560045985586577,0,-0.7721948834334835,40.266666666666666,8.056666666666667,12527,,0.07705854010933075
finch,geometric,holdout,60,0.5,8,2-5,8,2.38126710599486,21,,0.8948457017835613,0,-1.043926261096653,31.6,10.88,22699,,0.005368142212752141
finch,geometric,holdout,61,0.5,9,1-2,23,2.704855442536238,27,,0.8177492013926096,0,-0.6685816397758614,52.46666666666667,9.553333333333333,13731,,0.023467391019174486
finch,geometric,holdout,62,0.5,4,2-5,8,2.6656741335186465,14,,0.8594163957377547,0,-1.1205722322206029,24.166666666666668,9.79,14814,,0.04200555990417544
finch,geometric,holdout,63,0.5,5,2-5,6,1.792945821951346,9,,0.8672721973474988,0,-0.976723888181012,21.066666666666666,5.676666666666667,9746,,0.15282522818826613
finch,geometric,holdout,64,0.5,13,3-5,25,2.366895054643572,17,,0.9130851638717327,0,-0.881085863720519,51.7,13.386666666666667,20930,,0.021070801864606886
finch,geometric,holdout,65,0.5,13,2-5,18,1.2400588696208923,27,,0.938401700541769,0,-1.0346777261130746,66.13333333333334,24.643333333333334,30853,,0.011544225863259172
finch,geometric,holdout,66,0.5,7,1-4,30,2.978553498640478,11,,0.8280493182526911,0,-0.7542776807441908,31.066666666666666,5.803333333333334,8520,,0.020115142961756635
finch,geometric,holdout,67,0.5,4,2-5,29,1.0648688353463176,13,,0.6761013130660225,0,-0.38073826596543897,49.86666666666667,5.986666666666666,14329,,0.013764541866452039
finch,geometric,holdout,68,0.5,4,1-4,19,3.380911485571675,14,,0.7942283313593881,0,-0.8697715145616827,26.3,6.133333333333334,11625,,0.001512292699983494
finch,geometric,holdout,69,0.5,11,2-5,7,3.0195282975376845,8,,0.8709096959466825,0,-1.1226057315055764,13.566666666666666,4.07,8179,,0.007717200916058845
finch,geometric,holdout,70,0.5,5,1-4,20,1.8560144520666424,30,,0.8394430946921078,0,-0.8043025902282651,58.6,14.793333333333333,24497,,0.001895060817338909
finch,geometric,holdout,71,0.5,7,3-5,23,3.86014668851234,10,,0.896225694687385,0,-0.8761924253546466,27.633333333333333,6.52,11581,,0.0010376584638959047
finch,geometric,holdout,72,0.5,7,3-5,24,2.510546938175838,20,,0.8952921146984268,0,-0.8370909088169333,54.766666666666666,13.166666666666666,23985,,0.007747413527697804
finch,geometric,holdout,73,0.5,14,2-5,27,2.6703133718581746,9,,0.8961013370428905,0,-0.8494693613196722,29.3,6.3533333333333335,8921,,0.014274355237444407
finch,geometric,holdout,74,0.5,7,1-2,15,3.367368891607095,9,,0.7731967082248234,0,-0.5608068411620504,19.0,2.0833333333333335,3976,,0.0014009265506885475
finch,geometric,holdout,75,0.5,6,1-4,27,2.8784304271527303,29,,0.8225559200212001,0,-0.7136411141095245,59.13333333333333,11.77,23169,,0.011782975965047883
finch,geometric,holdout,76,0.5,10,1-2,27,3.041978623990652,24,,0.8601078790910189,0,-0.7398761946871296,43.36666666666667,9.143333333333333,12588,,0.0012318162547727942
finch,geometric,holdout,77,0.5,12,2-5,30,3.9237495569747955,14,,0.9093714860226051,0,-0.9878902917160896,34.63333333333333,10.1,14314,,0.004298729988534278
finch,geometric,holdout,78,0.5,10,1-4,30,3.9404531800351315,15,,0.8565871194230209,0,-0.7683695150386461,39.06666666666667,7.766666666666667,12020,,0.15524915121461727
finch,geometric,holdout,79,0.5,5,2-5,20,3.305057705168648,7,,0.8404367348749062,0,-0.7604546187914009,22.266666666666666,3.7,7748,,0.022375312883689907
finch,geometric,holdout,80,0.5,14,2-5,21,3.7063382358602874,20,,0.9215311205376059,0,-1.058388871410598,36.0,13.426666666666666,20534,,0.002331974130453425
finch,geometric,holdout,81,0.5,11,1-4,17,1.2661260439286046,18,,0.8830306621091896,0,-0.7863402083687118,47.8,10.243333333333334,12609,,0.007463251475846168
finch,geometric,holdout,82,0.5,6,1-4,5,3.379305847199734,21,,0.8363709420322912,0,-1.1873771692744983,19.1,9.353333333333333,17115,,0.01397431013380921
finch,geometric,holdout,83,0.5,4,1-4,10,1.222281520539627,16,,0.856657761629732,0,-0.7173435099060222,41.43333333333333,7.586666666666667,12625,,0.05989291028200597
finch,geometric,holdout,84,0.5,11,3-5,16,3.8869110746892432,26,,0.9071875323177541,0,-1.108848982710367,47.06666666666667,18.92,30348,,0.10993470615563965
finch,geometric,holdout,85,0.5,8,1-4,25,2.2181599361326407,12,,0.822913548195236,0,-0.6959229540863878,31.666666666666668,5.256666666666667,8123,,0.0021662767018471277
finch,geometric,holdout,86,0.5,4,2-5,16,2.9126625452250057,7,,0.8702306963141536,0,-0.8666137801077151,20.4,3.9466666666666668,6934,,0.012697760301151259
finch,geometric,holdout,87,0.5,9,2-5,22,3.6509315651682903,27,,0.8953330292988563,0,-0.9011932868669681,59.86666666666667,16.673333333333332,27839,,0.07263084586522753
finch,geometric,holdout,88,0.5,13,1-2,19,2.650293690900033,11,,0.7978204609713706,0,-0.5548114991198453,24.266666666666666,2.99,5198,,0.002935263417849892
finch,geometric,holdout,89,0.5,13,1-2,13,3.7532564974002183,14,,0.7629262714953476,0,-0.6074177652356868,25.933333333333334,3.5966666666666667,6707,,0.033265385738077406
finch,geometric,holdout,90,0.5,10,1-4,19,3.8325651117313626,11,,0.8506330133675158,0,-0.7415798824457985,28.7,5.013333333333334,9145,,0.19726869692331345
finch,geometric,holdout,91,0.5,8,1-2,25,1.3051755443910573,7,,0.6901013677676378,1,-0.3791419531137784,25.933333333333334,2.3566666666666665,3499,,0.4288289974765723
finch,geometric,holdout,92,0.5,12,1-2,12,1.9940805340723593,6,,0.7726005761229523,0,-0.5591791489680629,16.333333333333332,1.6033333333333333,2793,,0.004668479449937509
finch,geometric,holdout,93,0.5,12,1-2,17,3.4552402140786893,19,,0.8290075870182395,0,-0.7308580376711924,29.866666666666667,5.586666666666667,9489,,0.0011761783787595803
finch,geometric,holdout,94,0.5,4,2-5,6,3.5691198588335555,16,,0.8855799737906359,0,-1.2500701817163562,15.0,7.07,16241,,0.0010126021807479568
finch,geometric,holdout,95,0.5,14,1-2,8,1.9725975080753395,20,,0.8565013226801057,0,-0.6348194514865215,34.4,5.41,7593,,0.014573054062410494
finch,geometric,holdout,96,0.5,6,1-4,25,2.6563972506309668,24,,0.8589148313476702,0,-0.8472922615174194,46.7,11.103333333333333,18625,,0.001190814897985694
finch,geometric,holdout,97,0.5,10,2-5,19,3.617440924958366,13,,0.9013555700189501,0,-0.9640983465540217,31.4,8.636666666666667,13669,,0.009964484567277934
finch,geometric,holdout,98,0.5,7,1-2,15,2.7214671770395045,6,,0.7576690496639836,1,-0.7130954439245456,14.533333333333333,1.8633333333333333,3058,,0.0010798368555528805
finch,geometric,holdout,99,0.5,6,1-4,24,3.1217831573348365,28,,0.8399943135022597,0,-0.7814537435158962,54.1,12.23,24242,,0.006664231941712037
finch,geometric,holdout,100,0.5,12,3-5,23,1.4027559407143897,20,,0.8984916037438155,0,-0.7334595296477644,83.16666666666667,17.613333333333333,24578,,0.41929619396180395
finch,geometric,holdout,101,0.5,11,2-5,24,1.951615109575283,27,,0.9145925482454482,0,-0.9078190929264278,68.26666666666667,19.62,28843,,0.017065457150953155
finch,geometric,holdout,102,0.5,11,3-5,27,3.077438179944454,9,,0.8758984889162927,0,-0.7689269615059013,32.4,6.266666666666667,10985,,0.011617676931229524
finch,geometric,holdout,103,0.5,9,1-4,8,2.139940581473893,8,,0.8157344074816336,0,-0.7279599807811762,15.0,2.06,5446,,0.0016252853317436085
finch,geometric,holdout,104,0.5,11,1-4,15,2.7639754275717285,21,,0.882244967793397,0,-0.8710059706457094,44.86666666666667,11.606666666666667,16443,,0.17152724539143743
finch,geometric,holdout,105,0.5,13,1-2,22,2.6706660131114393,12,,0.7704837165412762,0,-0.6526337085746584,26.866666666666667,4.1433333333333335,5438,,0.0027260161191475546
finch,geometric,holdout,106,0.5,4,1-4,7,1.451229034063449,6,,0.7943446439884174,0,-0.77136532397614,18.066666666666666,2.8066666666666666,4469,,0.265901573680517
finch,geometric,holdout,107,0.5,7,1-4,18,1.7168070432493323,8,,0.7787427778749668,0,-0.5385233174080376,29.466666666666665,3.7266666666666666,6352,,0.14013328644714196
finch,geometric,holdout,108,0.5,12,2-5,16,1.7969718799648664,10,,0.908513579608589,0,-0.9029365905688237,33.7,8.423333333333334,10754,,0.04767088351408959
finch,geometric,holdout,109,0.5,11,2-5,9,2.424801411753729,6,,0.8537144047428538,0,-0.8080232456651751,19.9,3.4833333333333334,6004,,0.22467243775586357
finch,geometric,holdout,110,0.5,14,3-5,29,1.353982002841409,17,,0.9081630160739398,0,-0.8077353268336964,66.83333333333333,15.693333333333333,20367,,0.04086768926304996
finch,geometric,holdout,111,0.5,13,3-5,27,2.8883984007793324,24,,0.9093636943398145,0,-0.838798537602898,64.36666666666666,16.406666666666666,29141,,0.019511514648995996
finch,geometric,holdout,112,0.5,7,1-2,9,1.1758563507091617,28,,0.8788085584389443,0,-0.7896799603328525,44.96666666666667,10.56,13023,,0.005398320969289361
finch,geometric,holdout,113,0.5,10,1-4,20,2.5883432655114795,14,,0.8562502055261967,0,-0.7020237780893582,39.833333333333336,7.04,11351,,0.12612737884572425
finch,geometric,holdout,114,0.5,6,1-4,28,1.6058193485413579,27,,0.840820872843284,0,-0.7013262028492392,72.6,14.846666666666666,21623,,0.01156926726422952
finch,geometric,holdout,115,0.5,7,2-5,26,2.5565006338846743,16,,0.8717194536539467,0,-0.7741333815038021,44.53333333333333,9.21,17005,,0.006545674023213514
finch,geometric,holdout,116,0.5,11,1-4,27,1.7221819389832507,27,,0.8630315393362464,0,-0.8005726267305149,72.03333333333333,17.243333333333332,19912,,0.028109564694052125
finch,geometric,holdout,117,0.5,10,1-2,12,2.8575736344312803,21,,0.8623453017956345,0,-0.7764664843362801,30.066666666666666,6.046666666666667,10002,,0.00140665736773725
finch,geometric,holdout,118,0.5,8,3-5,10,3.46794491954616,15,,0.9278307421791021,0,-1.244016887928151,22.2,10.61,17866,,0.0025744347682076308
finch,geometric,holdout,119,0.5,6,3-5,16,3.7925706024404295,26,,0.8946775613607159,0,-1.0425913553359802,50.333333333333336,18.11,31100,,0.08718345504043937
finch,geometric,holdout,120,0.5,12,2-5,29,2.0427819391445077,23,,0.9216773152920159,0,-1.0088594271994442,58.96666666666667,20.36,24631,,0.004794213193011836
finch,geometric,holdout,121,0.5,4,1-4,9,2.037426223312147,28,,0.8918804850417087,0,-1.0649281028557445,42.3,16.516666666666666,25491,,0.019002078709709717
finch,geometric,holdout,122,0.5,13,1-2,22,2.5482829390279242,29,,0.8026424720779429,0,-0.6524216324670504,63.3,11.763333333333334,13855,,0.20100015789891099
finch,geometric,holdout,123,0.5,14,2-5,16,2.3185933924580446,14,,0.9132371682952346,0,-1.0418984698471947,28.866666666666667,9.816666666666666,13855,,0.0018330353649059427
finch,geometric,holdout,124,0.5,5,1-4,28,2.791072879263484,17,,0.7879012896582616,0,-0.6370698106623657,41.666666666666664,6.763333333333334,15034,,0.13543890737378647
finch,geometric,holdout,125,0.5,13,2-5,6,1.608029371065625,28,,0.9246775799741426,0,-1.320932776844276,30.366666666666667,23.91,26402,,0.13873353211973669
finch,geometric,holdout,126,0.5,7,1-4,17,1.0476246662884066,25,,0.9031237913392561,0,-0.9420796679233058,50.06666666666667,15.356666666666667,19085,,0.0019047717140922447
finch,geometric,holdout,127,0.5,7,3-5,13,1.2245358479055075,9,,0.8660936579016554,0,-0.6704195008022508,38.9,6.52,10800,,0.11018412051438567
finch,geometric,holdout,128,0.5,6,1-2,5,1.4114826271767187,7,,0.844928571085141,0,-0.7866895516374146,13.766666666666667,2.0033333333333334,3819,,0.022204852246458903
finch,geometric,holdout,129,0.5,13,3-5,30,2.9455679683608524,20,,0.9123347729685579,0,-0.854444409767074,61.1,15.69,24210,,0.061725835375523945
finch,geometric,holdout,130,0.5,14,3-5,23,1.9913503139905497,10,,0.9059884088396638,0,-0.9168098616235478,34.36666666666667,8.993333333333334,12128,,0.008027133768281671
finch,geometric,holdout,131,0.5,10,3-5,16,3.746543774095403,23,,0.9078464958916813,0,-1.0623964332036318,44.0,15.876666666666667,28827,,0.048094087773779916
finch,geometric,holdout,132,0.5,4,1-2,7,3.042161783244345,30,,0.7719705825746502,4,-0.8151577746445638,29.366666666666667,7.056666666666667,13602,,0.006015404669904597
finch,geometric,holdout,133,0.5,5,2-5,15,1.1061041766868138,13,,0.9015789570721875,0,-0.9006514287873528,34.53333333333333,8.84,13907,,0.0013100336354382757
finch,geometric,holdout,134,0.5,9,2-5,30,3.1928357275329486,9,,0.8947730856503412,0,-0.9283620832883487,26.666666666666668,6.403333333333333,10385,,0.0012947725899479469
finch,geometric,holdout,135,0.5,5,2-5,20,1.2637083804325702,27,,0.8486405705047476,0,-0.695109662681442,79.76666666666667,16.726666666666667,28503,,0.021824161885353268
finch,geometric,holdout,136,0.5,4,2-5,13,1.9360770634350954,29,,0.7906130123867381,0,-0.7712625334322067,60.233333333333334,15.57,32354,,0.1474999825386123
finch,geometric,holdout,137,0.5,14,3-5,9,2.7941623238907387,23,,0.933016240309497,0,-1.143550305259211,34.86666666666667,14.863333333333333,29185,,0.012994327093643445
finch,geometric,holdout,138,0.5,4,2-5,5,3.779823140094809,28,,0.8552416462912962,0,-1.009271747460062,27.1,9.66,28100,,0.015904129832286572
finch,geometric,holdout,139,0.5,5,1-2,29,1.1230486391994234,22,,0.5434152844845269,1,-0.28464268532305004,52.7,5.59,12068,,0.047482162638891816
finch,geometric,holdout,140,0.5,7,2-5,12,2.998741393304413,25,,0.9161998926370273,0,-1.249473884908667,34.233333333333334,17.97,27869,,0.0035161778882298413
finch,geometric,holdout,141,0.5,7,1-2,18,3.3242088905567275,18,,0.7500777499669548,0,-0.6018959965890311,31.1,4.633333333333334,8550,,0.0021450816969491825
finch,geometric,holdout,142,0.5,10,2-5,8,1.55552208464897,19,,0.9211718234047839,0,-1.329764037720299,22.933333333333334,14.433333333333334,20513,,0.0017885690778502137
finch,geometric,holdout,143,0.5,12,3-5,30,1.3621147912032878,13,,0.9251187847054578,0,-0.9323000728598514,46.1,12.9,16087,,0.0012246466187512104
finch,geometric,holdout,144,0.5,11,1-2,21,1.6752135000316746,14,,0.7526465335633322,0,-0.5054169613489966,40.96666666666667,5.413333333333333,6777,,0.2218871592775486
finch,geometric,holdout,145,0.5,11,1-4,26,1.6160405998899252,10,,0.8366396698321996,0,-0.6136100170392547,38.0,5.616666666666666,7797,,0.04848045037166973
finch,geometric,holdout,146,0.5,8,1-4,17,3.296343416655536,10,,0.8273529001133485,0,-0.7650184833017293,22.366666666666667,4.083333333333333,7556,,0.002503152088069343
finch,geometric,holdout,147,0.5,13,3-5,21,2.9326822104167047,25,,0.927327338855229,0,-1.030795363844967,59.4,21.666666666666668,29778,,0.06479555935218019
finch,geometric,holdout,148,0.5,11,1-4,24,1.6854754770013098,13,,0.8510321976625418,0,-0.8224990579205959,37.233333333333334,8.083333333333334,10107,,0.0035278088193258393
finch,geometric,holdout,149,0.5,6,2-5,29,2.8645819676432636,20,,0.8647686461749071,0,-0.749823660977509,54.733333333333334,11.046666666666667,20255,,0.12311557135940547
finch,geometric,holdout,150,0.5,13,2-5,19,3.0827817240286706,17,,0.9114651565784528,0,-0.9515898495698917,38.96666666666667,11.17,16263,,0.01655561910046232
finch,geometric,holdout,151,0.5,6,1-2,16,1.516406362670672,6,,0.7496299070006426,1,-0.5965545528473907,17.1,1.8066666666666666,2908,,0.002286403928326161
finch,geometric,holdout,152,0.5,14,2-5,29,1.741432647763498,30,,0.8994528400335324,0,-0.8120752422504289,95.1,23.68,31393,,0.12272260243734465
finch,geometric,holdout,153,0.5,4,3-5,25,3.1686061072076845,30,,0.758403791749755,0,-0.756654700674561,50.0,11.746666666666666,35509,,0.038075200609968655
finch,geometric,holdout,154,0.5,13,1-2,19,3.1230180678246042,7,,0.705210979306922,0,-0.46200595572241315,19.233333333333334,1.7166666666666666,3233,,0.08419900179616087
finch,geometric,holdout,155,0.5,5,1-4,17,1.1477290709439518,28,,0.8334491595860837,0,-0.7137290666784111,67.16666666666667,15.1,22461,,0.017639270720454424
finch,geometric,holdout,156,0.5,9,1-2,26,2.5592814031441637,27,,0.6968417338581856,0,-0.48604217166592084,59.7,8.41,13695,,0.24142309723065142
finch,geometric,holdout,157,0.5,14,1-4,17,2.6838878697135278,17,,0.9093329594853027,0,-1.0366443435259136,30.866666666666667,9.866666666666667,13329,,0.0050886353378249505
finch,geometric,holdout,158,0.5,8,1-4,13,3.039777787885356,13,,0.8493675206202737,0,-0.7947765878190449,32.06666666666667,6.416666666666667,10245,,0.2653013643957705
finch,geometric,holdout,159,0.5,7,3-5,14,3.756677105843914,21,,0.8998276525635288,0,-1.0461393184865004,45.666666666666664,15.693333333333333,25393,,0.2694372344795888
finch,geometric,holdout,160,0.5,6,3-5,22,2.8262910897901445,16,,0.8831866700580623,0,-0.8835032733495266,40.86666666666667,10.313333333333333,19073,,0.003307510700224304
finch,geometric,holdout,161,0.5,5,1-4,12,3.4907381854198962,21,,0.8795094087727128,0,-1.0457057059808232,30.166666666666668,10.143333333333333,14443,,0.003758923475397191
finch,geometric,holdout,162,0.5,6,1-2,13,2.2566349240309234,23,,0.6885381469288254,0,-0.5234230794924313,45.233333333333334,6.696666666666666,11047,,0.2255349348616632
finch,geometric,holdout,163,0.5,5,2-5,24,1.0112408964296637,28,,0.826668788428091,0,-0.6046563789981289,85.96666666666667,15.233333333333333,30909,,0.00295657080768113
finch,geometric,holdout,164,0.5,4,2-5,16,2.3180732390250096,19,,0.8289910670622116,0,-0.7964818928468234,45.166666666666664,10.096666666666666,20075,,0.15978305041909135
finch,geometric,holdout,165,0.5,13,1-4,19,3.8501635934774443,17,,0.8592988579613156,0,-0.8305273541515337,36.36666666666667,8.193333333333333,12800,,0.11705595169053243
finch,geometric,holdout,166,0.5,12,2-5,28,1.3175326488132129,13,,0.9156485536710685,0,-0.9271804355242991,40.03333333333333,10.623333333333333,12937,,0.0020108945129588946
finch,geometric,holdout,167,0.5,9,2-5,5,3.2483098847256966,9,,0.847001318490837,0,-1.0208207891663974,16.3,4.866666666666666,8644,,0.13137177976698955
finch,geometric,holdout,168,0.5,5,3-5,9,2.9784168188540354,26,,0.8953828968484084,0,-1.1127888359149953,40.46666666666667,17.68,29187,,0.03861380198052633
finch,geometric,holdout,169,0.5,9,3-5,12,1.4783471470903273,27,,0.9152913729730354,0,-1.0244115209514415,57.4,21.95,31842,,0.04301927461471006
finch,geometric,holdout,170,0.5,5,2-5,24,3.2104902926990517,16,,0.8564229573906973,0,-0.8015538107012715,39.46666666666667,8.356666666666667,17013,,0.02982971893422624
finch,geometric,holdout,171,0.5,13,2-5,15,2.3127511862890056,18,,0.9154403968693603,0,-1.242228460546182,32.233333333333334,16.57,19239,,0.0037981496810005214
finch,geometric,holdout,172,0.5,6,3-5,11,3.994094133690201,27,,0.903233307263559,0,-1.161953757063229,43.1,19.733333333333334,32922,,0.17828438055867085
finch,geometric,holdout,173,0.5,7,1-2,28,2.805841736218688,22,,0.7209071736643996,0,-0.5731680175147728,44.4,6.99,11408,,0.02366505253062575
finch,geometric,holdout,174,0.5,10,2-5,21,1.2115508366567607,15,,0.9231123382563285,0,-1.0260665936813957,44.4,14.726666666666667,16129,,0.004874149769811197
finch,geometric,holdout,175,0.5,7,1-2,10,3.5312844278709945,12,,0.7639990033759427,0,-0.5684264035318685,21.1,2.58,5419,,0.0044364101182210736
finch,geometric,holdout,176,0.5,5,3-5,21,2.6556248804353744,29,,0.890112981139704,0,-1.109273966799113,49.36666666666667,23.236666666666668,33869,,0.0021325485038212713
finch,geometric,holdout,177,0.5,5,2-5,14,3.510994422245143,22,,0.8437632188647383,0,-0.9748407658562908,35.233333333333334,11.853333333333333,21264,,0.009012018508882929
finch,geometric,holdout,178,0.5,13,1-2,28,2.687278851312136,27,,0.8498044266739662,0,-0.7051352973106517,50.266666666666666,9.94,12923,,0.002979920781178473
finch,geometric,holdout,179,0.5,9,1-2,26,2.2181712179225257,6,,0.6957507649702113,0,-0.460228378614314,20.233333333333334,1.87,3017,,0.08568005113173566
finch,geometric,holdout,180,0.5,8,3-5,24,2.0167442261908524,9,,0.8715658669792385,0,-0.6415735143905879,42.36666666666667,6.9366666666666665,11051,,0.15048775028418712
finch,geometric,holdout,181,0.5,5,3-5,28,1.8308550820791762,21,,0.8784494747632338,0,-0.8127824959683558,63.7,15.3,26210,,0.0021932731693629403
finch,geometric,holdout,182,0.5,14,3-5,15,3.6491278970134173,19,,0.9169324012001836,0,-1.1948485100129644,33.5,15.996666666666666,25161,,0.007892569690299932
finch,geometric,holdout,183,0.5,10,1-2,26,2.1047758400699967,29,,0.8406760416583184,0,-0.5942023345978383,63.8,10.323333333333334,12920,,0.012518733567399897
finch,geometric,holdout,184,0.5,9,3-5,11,2.176549110775725,21,,0.9281082963090445,0,-1.1942226073291358,38.166666666666664,18.676666666666666,24395,,0.013350124497681463
finch,geometric,holdout,185,0.5,13,2-5,10,1.5450381889300075,23,,0.9292596825809573,0,-1.176027963682763,40.43333333333333,18.426666666666666,21718,,0.17581100297953325
finch,geometric,holdout,186,0.5,7,2-5,7,1.2025137676238826,21,,0.9283526099071702,0,-1.0752076598413869,34.6,12.61,24554,,0.010031480228497777
finch,geometric,holdout,187,0.5,6,1-4,29,3.8869743906626653,27,,0.8476202963318857,0,-0.8316868819258707,46.4,10.91,21048,,0.006741001919822298
finch,geometric,holdout,188,0.5,14,3-5,30,1.8262134833729626,23,,0.8990387482596174,0,-0.771765731310086,79.16666666666667,18.093333333333334,27305,,0.09854604283931984
finch,geometric,holdout,189,0.5,12,1-2,6,2.0717166371674827,26,,0.8609845965709876,0,-0.7753867647536234,28.533333333333335,6.156666666666666,13637,,0.005570323572386681
finch,geometric,holdout,190,0.5,8,3-5,17,1.2365457944979625,18,,0.8745064376596814,0,-0.6882824787091122,71.16666666666667,13.553333333333333,21970,,0.34847693236961935
finch,geometric,holdout,191,0.5,10,2-5,25,3.153845820630626,6,,0.8324921158568671,0,-0.6433661623956718,26.266666666666666,3.8433333333333333,6468,,0.3899707039889271
finch,geometric,holdout,192,0.5,4,3-5,9,3.1615458821155973,7,,0.884537800974927,0,-1.0467691478687202,15.4,4.1433333333333335,9295,,0.0027243141073080364
finch,geometric,holdout,193,0.5,12,1-4,5,3.3122894961802762,7,,0.8633365631547082,0,-0.8525939074653281,13.3,2.3133333333333335,6026,,0.05530980456678269
finch,geometric,holdout,194,0.5,12,1-4,20,3.2728705616196607,19,,0.9094275291775745,0,-0.9550348771243151,39.666666666666664,11.003333333333334,14287,,0.029749044132492148
finch,geometric,holdout,195,0.5,10,3-5,12,1.9813350902662163,6,,0.8816783853199986,0,-0.8767022674023981,23.866666666666667,5.263333333333334,7126,,0.0585475711474006
finch,geometric,holdout,196,0.5,14,1-4,7,2.440973782067883,15,,0.8792132522767381,0,-1.0706542244616195,21.5,7.113333333333333,11873,,0.00915798145331298
finch,geometric,holdout,197,0.5,12,1-4,12,3.4559200334834275,19,,0.8646676227540495,0,-0.8124858537389534,26.0,5.59,12582,,0.0010334028474812361
finch,geometric,holdout,198,0.5,12,1-2,26,1.5543227047404273,24,,0.842495646998412,0,-0.750716435936931,54.233333333333334,11.606666666666667,11134,,0.004603318963042782
finch,geometric,holdout,199,0.5,14,1-2,28,1.760271206497214,26,,0.8796990394051377,0,-0.7318952951072842,58.166666666666664,11.923333333333334,12575,,0.0035266537905278244
finch,geometric,holdout,200,0.5,11,3-5,21,3.0118809469752135,7,,0.8538187512310541,0,-0.8118918948169916,23.133333333333333,4.3566666666666665,8108,,0.003477663144043791
finch,geometric,holdout,201,0.5,9,1-4,21,3.5326495958594473,23,,0.8730663194393953,0,-0.9528875616325351,39.833333333333336,11.953333333333333,17490,,0.006428004669513617
finch,geometric,holdout,202,0.5,5,2-5,6,2.3394252959001496,29,,0.8846031147533752,0,-1.1342868406717594,28.9,13.54,26421,,0.0025067231010851643
finch,geometric,holdout,203,0.5,11,3-5,19,3.2395327168436303,10,,0.8926473346393533,0,-0.9417689183929868,28.066666666666666,7.27,11885,,0.013639786861573236
finch,geometric,holdout,204,0.5,13,3-5,19,1.6798052825646501,19,,0.9214656364839244,0,-1.0505554844198701,44.86666666666667,16.92,22746,,0.004082799250883359
finch,geometric,holdout,205,0.5,14,1-2,29,1.425263554280762,15,,0.8291705638210233,0,-0.6241980573417331,47.233333333333334,7.386666666666667,7545,,0.07307445519836427
finch,geometric,holdout,206,0.5,13,1-4,25,1.7277041888441036,18,,0.8908694488811493,0,-0.7812182781071381,60.5,13.033333333333333,14876,,0.33079229776978475
finch,geometric,holdout,207,0.5,12,1-2,14,1.5721132119738637,13,,0.8630796172590094,0,-0.7918390502439728,27.566666666666666,5.46,6130,,0.002868057739636568
finch,geometric,holdout,208,0.5,11,1-2,13,3.6977179017586685,16,,0.7643330487210435,0,-0.690478841984986,27.333333333333332,4.636666666666667,7487,,0.02287881814925011
finch,geometric,holdout,209,0.5,7,1-4,11,2.368433389550831,20,,0.8914765228150379,0,-0.9548947084917763,35.13333333333333,10.226666666666667,15301,,0.008874014946333187
finch,geometric,holdout,210,0.5,7,1-2,29,2.8300504767125845,23,,0.6445519393863756,0,-0.4665220488568033,47.666666666666664,6.3966666666666665,12233,,0.0440165789116245
finch,geometric,holdout,211,0.5,6,2-5,22,2.1231245149397977,27,,0.8603428865015952,0,-0.7723685724874397,74.3,16.56,28637,,0.28238462750275756
finch,geometric,holdout,212,0.5,10,1-4,26,3.0200482053984006,6,,0.7892026101859987,0,-0.6151803477957043,22.3,2.776666666666667,4793,,0.12375716219169153
finch,geometric,holdout,213,0.5,9,1-2,13,2.8740773675030753,14,,0.7162880469892723,0,-0.602967714531955,30.2,4.516666666666667,6772,,0.26640415768647474
finch,geometric,holdout,214,0.5,7,3-5,10,1.9890172137312487,25,,0.9289330678159974,0,-1.2464447166610464,43.0,24.36,31733,,0.026840234044357966
finch,geometric,holdout,215,0.5,11,3-5,22,3.5917300189986396,6,,0.8719932515819354,0,-0.7742698107247586,22.766666666666666,3.99,7277,,0.02024727292996014
finch,geometric,holdout,216,0.5,4,1-2,20,1.4399776756540483,24,,0.5679079908390461,0,-0.299869580449377,48.0,5.02,12788,,0.041980762606418
finch,geometric,holdout,217,0.5,6,1-2,26,3.0464692941605422,13,,0.6871484123664668,0,-0.5650517848700787,28.833333333333332,3.93,7024,,0.0201013629113737
finch,geometric,holdout,218,0.5,7,2-5,30,1.5798169229139856,18,,0.8732446694793758,0,-0.7179415519708082,65.73333333333333,13.016666666666667,18668,,0.02287043235275181
finch,geometric,holdout,219,0.5,6,1-4,18,3.846101667532315,6,,0.79563679112156,0,-0.7640704488192577,15.733333333333333,2.4566666666666666,4941,,0.0025348953057988985
finch,geometric,holdout,220,0.5,13,1-2,29,1.2765655783163106,23,,0.7975832541949903,0,-0.5347112306258196,72.76666666666667,10.736666666666666,11240,,0.2608331452269787
finch,geometric,holdout,221,0.5,5,1-4,23,3.281256563740121,18,,0.772090480883223,0,-0.7131068970360914,37.766666666666666,7.07,14341,,0.3301544513823358
finch,geometric,holdout,222,0.5,14,2-5,11,3.5939465971471347,7,,0.8793040205740937,0,-0.9701648332562374,18.5,4.883333333333334,7834,,0.01870657010195924
finch,geometric,holdout,223,0.5,6,2-5,5,1.4356593350149593,18,,0.8991009932214702,0,-1.3357314929674684,23.3,18.173333333333332,21675,,0.14181726926873625
finch,geometric,holdout,224,0.5,10,2-5,30,1.204363804348373,12,,0.8480789016139199,0,-0.5924435189128137,56.1,8.723333333333333,12426,,0.045214625968142436
finch,geometric,holdout,225,0.5,10,1-4,7,2.04888457518173,11,,0.8266694814095428,0,-0.8733108467654006,25.033333333333335,5.743333333333333,8532,,0.19741131670166878
finch,geometric,holdout,226,0.5,8,2-5,19,1.9202204674992653,18,,0.900208192935793,0,-0.9142659033575067,47.5,13.613333333333333,19278,,0.020029992392536673
finch,geometric,holdout,227,0.5,4,1-2,17,2.020480438301324,25,,0.7237241950833343,0,-0.552172874262458,44.3,7.046666666666667,12436,,0.00396107043001258
finch,geometric,holdout,228,0.5,6,1-4,22,1.080537389613601,13,,0.7396782893732579,0,-0.42962263210465573,51.833333333333336,6.466666666666667,10817,,0.09539833893137807
finch,geometric,holdout,229,0.5,10,3-5,19,2.7491391418224143,21,,0.8991079286611614,0,-0.8335706378534202,59.733333333333334,14.566666666666666,24935,,0.3438428814876321
finch,geometric,holdout,230,0.5,10,2-5,16,2.8051788406502527,15,,0.9121028968161791,0,-1.058139494745109,34.1,11.46,15854,,0.01667252637850087
finch,geometric,holdout,231,0.5,12,3-5,12,2.7779611220740317,13,,0.9043504790948858,0,-1.033640388329438,30.6,10.066666666666666,15133,,0.0744574029009843
finch,geometric,holdout,232,0.5,10,1-4,10,2.044924180333251,20,,0.9078964354660356,0,-1.0805889973202014,26.5,9.64,15135,,0.0010256220187836575
finch,geometric,holdout,233,0.5,8,1-4,8,2.9129094709449146,7,,0.8109453803904574,0,-0.7145883208548452,18.366666666666667,2.6933333333333334,4664,,0.08715273342524185
finch,geometric,holdout,234,0.5,10,2-5,19,3.817438807712921,21,,0.9127901545682086,0,-1.0479726625908112,42.43333333333333,15.086666666666666,21928,,0.04187858704370691
finch,geometric,holdout,235,0.5,13,1-2,20,3.639553001674888,24,,0.7930729357821882,0,-0.6502523627790917,45.733333333333334,8.036666666666667,11356,,0.08384019515149145
finch,geometric,holdout,236,0.5,12,1-4,18,3.2219515217927754,23,,0.8924974590493812,0,-0.9201711423870379,44.9,12.703333333333333,18391,,0.02202374999196145
finch,geometric,holdout,237,0.5,9,1-2,17,3.941710658106088,21,,0.7144774043281217,0,-0.631623039371295,37.166666666666664,6.573333333333333,10545,,0.11115638685333001
finch,geometric,holdout,238,0.5,7,3-5,11,1.0279633761093625,20,,0.9350569107100306,0,-1.097192781665462,46.63333333333333,19.32,23852,,0.02178733451667847
finch,geometric,holdout,239,0.5,5,1-4,24,2.0192793349137945,30,,0.8260202349589248,0,-0.7839424632897354,58.3,14.626666666666667,23918,,0.0017353530453132027
finch,geometric,holdout,240,0.5,8,1-2,12,3.0148781885266454,10,,0.7798062244863165,1,-0.7298739605111094,21.533333333333335,3.3633333333333333,4861,,0.06379440888470972
finch,geometric,holdout,241,0.5,13,1-4,12,2.7627237266445284,8,,0.8212768191031373,0,-0.7910765186976279,18.2,3.3133333333333335,5772,,0.0022038252527028348
finch,geometric,holdout,242,0.5,9,1-4,13,3.8353971121367865,9,,0.863276965104815,0,-0.8306379412372296,17.966666666666665,3.3366666666666664,6924,,0.0015508620590395136
finch,geometric,holdout,243,0.5,14,1-4,26,3.72304986289745,10,,0.8492367350409322,0,-0.7737735193217697,24.9,4.496666666666667,7866,,0.0013623995995310498
finch,geometric,holdout,244,0.5,5,3-5,29,1.1271348323768662,13,,0.6636282373314748,0,-0.31164079539067857,53.333333333333336,5.613333333333333,15822,,0.31188867833908324
finch,geometric,holdout,245,0.5,5,2-5,5,1.5824558890303737,21,,0.9082865588323691,0,-1.2579196209947419,25.566666666666666,15.12,19835,,0.04945873952139238
finch,geometric,holdout,246,0.5,6,1-2,17,1.6265922353507107,28,,0.757222695943683,0,-0.6525725532190381,56.7,11.523333333333333,13877,,0.018698928449710096
finch,geometric,holdout,247,0.5,4,1-4,26,1.9114621296922438,7,,0.73643239036611,3,-0.4952421808125782,23.066666666666666,2.34,5809,,0.036804439715388965
finch,geometric,holdout,248,0.5,6,1-4,28,1.2880873437745928,20,,0.8127046185827186,0,-0.5725624151809665,66.6,10.656666666666666,16839,,0.009981292452985385
finch,geometric,holdout,249,0.5,12,1-4,6,1.0857854091569081,16,,0.8802930054338077,0,-1.1096074184293296,24.266666666666666,9.593333333333334,12137,,0.013647899098538065
finch,geometric,holdout,250,0.5,8,2-5,16,1.0130941560089726,16,,0.8982590906482675,0,-0.7817706834078652,55.63333333333333,12.073333333333334,16598,,0.08394163081935828
finch,geometric,holdout,251,0.5,6,1-2,30,3.660037747738943,20,,0.6305163060764747,0,-0.4546781723321677,38.833333333333336,4.973333333333334,10593,,0.06517265130663026
finch,geometric,holdout,252,0.5,14,1-2,27,1.6204497231338642,22,,0.8237838326392405,0,-0.6094356778643637,57.266666666666666,9.366666666666667,10384,,0.030790691886894987
finch,geometric,holdout,253,0.5,4,2-5,21,1.198901469928149,12,,0.710893638911563,1,-0.4772426854512854,40.4,5.45,12867,,0.06670650719641277
finch,geometric,holdout,254,0.5,10,2-5,20,2.4185137938246126,14,,0.9047430378836321,0,-0.8635721143098006,43.1,10.576666666666666,14096,,0.04136512536205213
finch,geometric,holdout,255,0.5,13,2-5,22,3.213973779581127,9,,0.8896397993020135,0,-0.8034639632383525,30.2,6.073333333333333,9601,,0.05524308879183976
finch,geometric,holdout,256,0.5,6,1-4,28,2.9390450852878316,22,,0.8100772260055693,0,-0.6732761405876924,50.7,9.35,17171,,0.028492846931112602
finch,geometric,holdout,257,0.5,8,1-4,18,3.932292584771524,13,,0.8356053310276012,0,-0.7414906302976867,31.666666666666668,5.803333333333334,10936,,0.07151344464919682
finch,geometric,holdout,258,0.5,14,1-4,23,3.4727812307380157,15,,0.8549911643541219,0,-0.7574654808467227,37.766666666666666,7.36,11261,,0.22939891215802555
finch,geometric,holdout,259,0.5,7,1-2,13,2.203634300840078,26,,0.8757778162945127,0,-0.7767103870009229,43.2,9.296666666666667,12611,,0.00632247686679871
finch,geometric,holdout,260,0.5,9,3-5,16,1.5637413853234015,8,,0.881092175730739,0,-0.7131457326465395,36.1,6.53,9338,,0.23270588037625126
finch,geometric,holdout,261,0.5,5,1-4,25,1.6964844961060503,11,,0.7961856923114338,0,-0.5466754048737499,36.56666666666667,4.933333333333334,8673,,0.011634513587830575
finch,geometric,holdout,262,0.5,6,3-5,8,2.462921837735405,28,,0.9275588067279112,0,-1.384824007598177,30.4,25.136666666666667,34458,,0.009106119395339615
finch,geometric,holdout,263,0.5,9,1-4,8,3.2926769667726807,17,,0.8750183372089295,0,-0.9678629123675607,28.5,8.42,13357,,0.061035932742669684
finch,geometric,holdout,264,0.5,11,1-4,22,3.788318204105564,24,,0.8829765062602395,0,-0.9265980297722037,36.1,10.04,18223,,0.0015503062957622467
finch,geometric,holdout,265,0.5,14,1-2,6,2.873951968431125,11,,0.8191725685438181,0,-0.623657607199386,16.066666666666666,1.82,5300,,0.004958051559024628
finch,geometric,holdout,266,0.5,6,1-2,17,1.4825464327711468,20,,0.7377186460354783,0,-0.4938476610233752,50.86666666666667,6.956666666666667,9886,,0.07938425376113535
finch,geometric,holdout,267,0.5,4,1-4,7,2.1178170228504856,24,,0.8367737289260844,0,-0.9017689897028572,36.666666666666664,10.76,19235,,0.04247349001619343
finch,geometric,holdout,268,0.5,8,3-5,9,3.3811528974387874,6,,0.8982014024143652,0,-1.0589220768395775,17.766666666666666,5.59,7822,,0.04800071003857858
finch,geometric,holdout,269,0.5,14,1-2,26,2.0146788307271466,23,,0.7982108969974238,0,-0.5833755345026904,55.733333333333334,8.86,10810,,0.023169219570574762
finch,geometric,holdout,270,0.5,5,3-5,13,2.10886945157619,28,,0.9002659640237748,0,-1.0332086679341703,55.766666666666666,21.14666666666667,33196,,0.03051195056899194
finch,geometric,holdout,271,0.5,9,1-4,15,3.3029651780307896,22,,0.8402087924924586,0,-0.8756428778343218,42.53333333333333,10.57,16717,,0.4383966373107468
finch,geometric,holdout,272,0.5,8,1-2,14,3.454597675952667,12,,0.7426140014677356,0,-0.6494271977059977,24.133333333333333,3.6333333333333333,6013,,0.05286039193132499
finch,geometric,holdout,273,0.5,10,1-4,13,2.6984932874851832,12,,0.8192546127783655,0,-0.6840495844453951,27.033333333333335,4.233333333333333,8568,,0.011633181724444407
finch,geometric,holdout,274,0.5,12,1-2,25,3.280598498580243,26,,0.7288493043833619,0,-0.582903630643574,53.06666666666667,8.556666666666667,12832,,0.178754044586145
finch,geometric,holdout,275,0.5,7,1-4,13,2.0388182977490397,11,,0.8813765503062089,0,-0.8348348477204781,32.733333333333334,6.74,9278,,0.15050672560719325
finch,geometric,holdout,276,0.5,8,1-4,18,1.5443996158620017,19,,0.8597441687460418,0,-0.7308840280628744,55.166666666666664,10.95,14726,,0.08148403956876797
finch,geometric,holdout,277,0.5,12,2-5,30,3.311602426493733,28,,0.9052932931100987,0,-0.9318167766963338,64.13333333333334,19.39666666666667,28672,,0.032249821110470436
finch,geometric,holdout,278,0.5,13,2-5,18,3.1861408726886697,26,,0.9141272240435345,0,-1.0250394308622204,55.46666666666667,19.34,26429,,0.12703670127660896
finch,geometric,holdout,279,0.5,13,3-5,25,3.3857629745096003,11,,0.8854197614168033,0,-0.7247236980324454,39.4,7.32,12803,,0.15608410462889016
finch,geometric,holdout,280,0.5,5,1-4,21,3.288706119668121,29,,0.8699030672060172,0,-0.9915077954504229,45.166666666666664,15.22,22915,,0.0017262901870568883
finch,geometric,holdout,281,0.5,8,1-2,15,1.1435205154684351,15,,0.8053414557720391,0,-0.574955447340235,39.2,5.776666666666666,7005,,0.010544778925761382
finch,geometric,holdout,282,0.5,12,1-4,20,1.5045593106638284,25,,0.9116482693437437,0,-1.001005919846078,47.9,16.936666666666667,19623,,0.0011500499312122904
finch,geometric,holdout,283,0.5,7,1-2,28,3.584840761920518,21,,0.7477581033789765,0,-0.6373340320913219,36.9,6.1866666666666665,10561,,0.0010326885733750156
finch,geometric,holdout,284,0.5,5,3-5,6,1.2380651181652436,21,,0.9105448200154621,0,-1.0456154242812372,36.96666666666667,15.583333333333334,26569,,0.03378330443806309
finch,geometric,holdout,285,0.5,10,1-4,24,3.207349282187221,30,,0.8817657783099961,0,-0.8340750256645244,57.63333333333333,14.293333333333333,22463,,0.012526394813873265
finch,geometric,holdout,286,0.5,10,1-4,20,1.5948426223471746,16,,0.8854288499699553,0,-0.9044462696972274,43.96666666666667,11.45,12553,,0.0164600713534915
finch,geometric,holdout,287,0.5,14,2-5,21,1.4469459869234318,7,,0.8735707372689594,0,-0.6893947999670537,32.6,5.27,6902,,0.13512990055239754
finch,geometric,holdout,288,0.5,4,1-4,18,1.726814243180634,27,,0.7432594827323232,1,-0.607020879941407,60.833333333333336,10.973333333333333,23298,,0.1288499345395638
finch,geometric,holdout,289,0.5,4,2-5,19,2.704498911482246,18,,0.8605658580618587,0,-0.9134696621884689,39.63333333333333,10.66,18134,,0.01012379374612369
finch,geometric,holdout,290,0.5,10,3-5,19,1.9495573422895147,24,,0.9276906990951292,0,-1.057635585021137,51.46666666666667,19.44333333333333,28819,,0.001236832249878166
finch,geometric,holdout,291,0.5,5,1-4,24,3.0601346533624376,10,,0.8015245340013344,0,-0.6157987575575884,29.633333333333333,4.22,8478,,0.35198842887524945
finch,geometric,holdout,292,0.5,8,1-2,30,3.38471635863215,17,,0.6781334574022523,0,-0.5481639592313697,35.833333333333336,5.1066666666666665,8990,,0.2152333197276379
finch,geometric,holdout,293,0.5,8,3-5,9,1.106184361464976,9,,0.9154560184488679,0,-0.8602436756516666,32.03333333333333,7.22,10204,,0.14724963302051494
finch,geometric,holdout,294,0.5,6,1-4,17,3.0274781697214186,20,,0.870592658887101,0,-0.9980667723022492,33.7,10.253333333333334,14870,,0.001246018528149578
finch,geometric,holdout,295,0.5,10,1-4,10,2.5582226266770425,25,,0.8929922497455547,0,-1.042900339178293,41.733333333333334,14.44,18096,,0.313365976867698
finch,geometric,holdout,296,0.5,10,2-5,10,2.5084342982464616,7,,0.8779427889303278,0,-0.8351632078131606,22.833333333333332,4.48,7303,,0.238584517722397
finch,geometric,holdout,297,0.5,6,1-2,29,3.1037995345752316,7,,0.7083622945688605,0,-0.6942149550950244,17.866666666666667,2.3533333333333335,3879,,0.0012721234574669222
finch,geometric,holdout,298,0.5,13,3-5,23,3.945327221994625,12,,0.8957675131358386,0,-0.8704306790497403,33.06666666666667,7.72,15334,,0.004585772452876435
finch,geometric,holdout,299,0.5,9,3-5,21,3.9327361863707697,29,,0.9205553581305701,0,-1.1809735336221323,44.93333333333333,23.4,35350,,0.004161945400499565
finch,geometric,holdout,300,0.5,7,3-5,10,2.902254519422463,25,,0.8905245333505696,0,-1.080163276527403,43.96666666666667,17.533333333333335,30766,,0.12966266383692696
finch,geometric,holdout,301,0.5,6,2-5,14,3.7261369288627932,22,,0.873734484942765,0,-1.0783470142394642,35.8,15.096666666666666,24211,,0.011280732295887193
finch,geometric,holdout,302,0.5,12,3-5,12,3.7055068765998724,7,,0.8741643232184206,0,-0.8348547464709191,22.833333333333332,4.8933333333333335,8191,,0.17102146166661392
finch,geometric,holdout,303,0.5,9,2-5,14,2.6605080043023044,8,,0.8875255106664538,0,-0.797996225177265,29.433333333333334,5.983333333333333,8795,,0.28109286801872363
finch,geometric,holdout,304,0.5,8,1-2,18,3.8161097685007843,22,,0.7054451213748357,0,-0.6132553034730044,36.233333333333334,6.433333333333334,10095,,0.0076533282693965
finch,geometric,holdout,305,0.5,12,1-4,13,2.1700837781220055,16,,0.8871977302577873,0,-0.855820572041406,37.53333333333333,8.89,12581,,0.037622569752014355
finch,geometric,holdout,306,0.5,7,1-4,8,3.8652691083926665,19,,0.8446763052256514,0,-0.96575826965786,28.1,8.266666666666667,14044,,0.047048412575619605
finch,geometric,holdout,307,0.5,9,1-4,23,3.3123615997057594,14,,0.8461885792718462,0,-0.7673947753770077,35.53333333333333,6.8933333333333335,11170,,0.03613607867114642
finch,geometric,holdout,308,0.5,12,2-5,23,3.805136710658576,10,,0.8888725991135842,0,-0.8604571301181909,29.466666666666665,6.773333333333333,10822,,0.06797432198641638
finch,geometric,holdout,309,0.5,9,1-2,20,2.830254755568888,14,,0.708020228668622,0,-0.5053179323407886,32.93333333333333,4.096666666666667,6752,,0.2768865106655561
finch,geometric,holdout,310,0.5,11,1-4,29,3.5553459196829955,6,,0.809220622575583,0,-0.6949721655864568,19.8,2.723333333333333,4543,,0.010809105420260926
finch,geometric,holdout,311,0.5,8,3-5,10,3.1562275091443333,11,,0.8814556460042342,0,-1.1165858116896612,20.233333333333334,7.243333333333333,13128,,0.007074324260733747
finch,geometric,holdout,312,0.5,13,2-5,11,2.1394881588687107,26,,0.9255740771789598,0,-1.2473369320183922,35.666666666666664,19.456666666666667,30777,,0.005155539821305213
finch,geometric,holdout,313,0.5,11,1-4,24,3.9376977337497103,28,,0.8418719903541699,0,-0.8346228125814057,54.5,13.673333333333334,21288,,0.1516179609516026
finch,geometric,holdout,314,0.5,10,2-5,21,1.9780495645958305,9,,0.8834124130977604,0,-0.684320333444597,37.233333333333334,6.36,9271,,0.09183370137691413
finch,geometric,holdout,315,0.5,5,3-5,20,3.4272444459835665,24,,0.8993931475627239,0,-1.0514608963503307,44.233333333333334,16.13,28537,,0.00231057350147742
finch,geometric,holdout,316,0.5,6,3-5,20,2.8802731279839544,22,,0.8998050547445527,0,-0.9902364172852428,47.53333333333333,15.0,26322,,0.007744466334058391
finch,geometric,holdout,317,0.5,12,2-5,8,2.6408938756260483,8,,0.886468501839587,0,-1.0154958435076915,20.5,6.003333333333333,8596,,0.27601415199517865
finch,geometric,holdout,318,0.5,9,1-4,7,3.9080375738327575,19,,0.8932375312943438,0,-1.1990441086496249,22.366666666666667,10.09,15184,,0.0120254868121889
finch,geometric,holdout,319,0.5,5,1-2,9,2.105579375561674,21,,0.7585005370832069,0,-0.5855511937326369,33.833333333333336,5.386666666666667,10065,,0.008287253091979231
finch,geometric,holdout,320,0.5,10,2-5,20,2.1395480650270358,10,,0.878559502218426,0,-0.7446576681708932,38.333333333333336,7.36,10845,,0.09602253995041819
finch,geometric,holdout,321,0.5,11,3-5,18,3.126016515186429,18,,0.9071260623347335,0,-0.9963152295943138,41.63333333333333,13.05,21439,,0.02061105931036916
finch,geometric,holdout,322,0.5,12,1-2,28,3.0384024309200446,11,,0.7892845407811154,0,-0.6335089342411974,27.8,3.9266666666666667,5572,,0.03157855317076034
finch,geometric,holdout,323,0.5,5,1-2,28,2.6928379405660294,18,,0.5785226892833037,2,-0.4100020323021639,35.166666666666664,4.043333333333333,9832,,0.03747686643250753
finch,geometric,holdout,324,0.5,14,1-4,26,2.541585788689505,11,,0.8555721101794252,0,-0.7118494587624579,34.36666666666667,5.943333333333333,8318,,0.037127089493267804
finch,geometric,holdout,325,0.5,10,1-4,11,3.18539541979904,7,,0.8289550307255041,0,-0.6391151201858875,16.366666666666667,1.9866666666666666,4737,,0.004220527565086233
finch,geometric,holdout,326,0.5,10,1-2,12,3.178957199840026,17,,0.8193613273319612,0,-0.6476413434873992,27.766666666666666,4.473333333333334,7658,,0.010190030847698631
finch,geometric,holdout,327,0.5,13,1-4,8,3.668374416855091,20,,0.8763175786883253,0,-0.924895435536979,27.4,7.5,13276,,0.014621151454072768
finch,geometric,holdout,328,0.5,5,2-5,8,3.0866733927143617,13,,0.9133015330332225,0,-1.345694023539369,20.466666666666665,10.593333333333334,15018,,0.016819936177137125
finch,geometric,holdout,329,0.5,9,1-4,12,3.010372198196914,7,,0.8356742102840269,0,-1.0054254949953072,15.4,3.6,5020,,0.0013191555426020482
finch,geometric,holdout,330,0.5,6,3-5,24,2.929360269996475,21,,0.9179426018413467,0,-1.0144527865217594,50.233333333333334,17.286666666666665,24774,,0.009964944703328961
finch,geometric,holdout,331,0.5,12,3-5,22,1.5698494381920596,13,,0.9086148281086629,0,-0.8636665089237636,48.0,11.74,14941,,0.043636797486594756
finch,geometric,holdout,332,0.5,5,2-5,5,2.6741041361749547,10,,0.908658590582563,0,-1.3369553041347726,17.2,8.86,10166,,0.07682666474655662
finch,geometric,holdout,333,0.5,12,1-2,22,2.5250593848712124,11,,0.7555520808492088,0,-0.6485019640422477,25.933333333333334,3.94,5169,,0.006176125252347839
finch,geometric,holdout,334,0.5,6,2-5,13,2.863426574638429,25,,0.8937777100242917,0,-1.2573768517506945,32.7,19.433333333333334,24188,,0.0018464740864401713
finch,geometric,holdout,335,0.5,6,1-2,20,1.4659723762354657,7,,0.706028764614591,0,-0.5303375212143671,22.3,2.513333333333333,3393,,0.009439559430469023
finch,geometric,holdout,336,0.5,4,1-4,19,3.112651987714469,18,,0.7240641729064387,0,-0.677300121890086,31.266666666666666,5.74,13473,,0.013448719775606053
finch,geometric,holdout,337,0.5,11,3-5,22,3.371126884406745,23,,0.9195377752705322,0,-1.1321079215254537,47.2,19.733333333333334,27666,,0.006605120840188429
finch,geometric,holdout,338,0.5,9,2-5,27,2.901858958026797,27,,0.9217473865055916,0,-0.9293058820257076,66.96666666666667,19.85333333333333,29047,,0.03507745102091293
finch,geometric,holdout,339,0.5,4,2-5,17,1.9177002110229355,7,,0.7741802746810186,1,-0.6256407368469612,24.266666666666666,3.683333333333333,7084,,0.01437068257041694
finch,geometric,holdout,340,0.5,12,1-4,26,3.727661809736608,16,,0.8606577541038022,0,-0.8143282189252232,38.56666666666667,8.13,12494,,0.07757262780299881
finch,geometric,holdout,341,0.5,5,1-4,21,1.639658015315696,13,,0.8225077942961125,0,-0.8276537788264821,34.63333333333333,8.52,10429,,0.005160523318505934
finch,geometric,holdout,342,0.5,9,3-5,11,1.4781306072773717,7,,0.8676221058631274,0,-1.025524012611467,17.633333333333333,5.523333333333333,8127,,0.0013965313415186973
finch,geometric,holdout,343,0.5,7,3-5,5,2.9473387379410605,15,,0.9019652088660339,0,-1.1298483843723528,20.966666666666665,9.736666666666666,15503,,0.09236140840051515
finch,geometric,holdout,344,0.5,8,3-5,7,3.9252541823682714,8,,0.8775758503993483,0,-0.9172396949508475,20.566666666666666,4.49,10087,,0.2746964456715321
finch,geometric,holdout,345,0.5,8,1-4,23,1.7550842934514976,30,,0.8393860777953165,0,-0.6419579450926817,84.36666666666666,15.436666666666667,24224,,0.14660187916904033
finch,geometric,holdout,346,0.5,7,2-5,18,3.2087359126990656,30,,0.9115963255514139,0,-1.0782862464962693,52.93333333333333,20.96,30708,,0.011543154999700158
finch,geometric,holdout,347,0.5,14,2-5,11,1.3554306423241416,19,,0.9261974443130329,0,-1.1725944497566174,33.43333333333333,15.28,19473,,0.009869086081245098
finch,geometric,holdout,348,0.5,8,2-5,28,3.5376305352431476,30,,0.9064796661702952,0,-0.9997675495284147,63.86666666666667,21.763333333333332,32395,,0.02515761241741038
finch,geometric,holdout,349,0.5,8,1-2,14,3.4766535881863407,21,,0.789411692444983,0,-0.7365634305421519,32.266666666666666,6.466666666666667,10475,,0.00760507617867664
finch,geometric,holdout,350,0.5,7,3-5,6,2.8052391545549424,15,,0.8959077012413491,0,-1.30251054563323,19.733333333333334,11.693333333333333,16120,,0.007533965042420253
finch,geometric,holdout,351,0.5,7,1-2,16,1.1142547106589307,28,,0.8366262482177999,0,-0.7132742253936102,65.63333333333334,13.786666666666667,14385,,0.026877832260849867
finch,geometric,holdout,352,0.5,13,2-5,30,2.6724293618043724,25,,0.9281750362006952,0,-1.0623458969185424,50.4,19.586666666666666,26440,,0.001135852039300594
finch,geometric,holdout,353,0.5,6,1-4,26,2.398424561344109,8,,0.8015835110837946,0,-0.6900601239000131,24.433333333333334,3.796666666666667,6237,,0.0012086323627885202
finch,geometric,holdout,354,0.5,14,1-4,12,1.1792238741296566,29,,0.9252187451380643,0,-0.978844412934711,57.96666666666667,18.94333333333333,23094,,0.04595729846989034
finch,geometric,holdout,355,0.5,11,1-4,22,2.7814672459136314,6,,0.8136017407963636,0,-0.6717308921844966,20.4,2.78,4806,,0.007131504865456263
finch,geometric,holdout,356,0.5,10,1-2,9,3.1860258152610776,12,,0.7830142342606404,0,-0.7072876123195544,19.433333333333334,2.8766666666666665,5851,,0.002661743419625942
finch,geometric,holdout,357,0.5,4,1-4,7,3.181498965820098,29,,0.8030404419720535,0,-0.92010877183383,36.333333333333336,12.646666666666667,23211,,0.03510707125510614
finch,geometric,holdout,358,0.5,5,1-2,11,2.8471046478883304,10,,0.5836049831223205,2,-0.4548732132691892,23.066666666666666,2.3933333333333335,4937,,0.3681928813690254
finch,geometric,holdout,359,0.5,7,1-2,19,1.6694835127707748,18,,0.8253795735650903,0,-0.7069797331561484,40.3,7.566666666666666,9201,,0.003559822673560324
finch,geometric,holdout,360,0.5,6,3-5,9,2.6997171301366802,16,,0.9207938812021285,0,-1.1707498414986617,27.533333333333335,10.733333333333333,19380,,0.005052417660448817
finch,geometric,holdout,361,0.5,8,1-2,19,3.9248995736364582,26,,0.633642243262756,0,-0.5348790455552982,44.36666666666667,6.983333333333333,12666,,0.28976198760009214
finch,geometric,holdout,362,0.5,14,1-2,16,1.1586498497374969,12,,0.8591069713671771,0,-0.750539413693486,31.733333333333334,5.79,5427,,0.013334106312369792
finch,geometric,holdout,363,0.5,5,1-2,30,3.637719845727699,7,,0.6189959437323136,2,-0.4932017441611881,17.166666666666668,1.5066666666666666,3837,,0.06158431601246725
finch,geometric,holdout,364,0.5,10,3-5,23,1.28386942625637,24,,0.9366714526152615,0,-0.9947285542658032,65.16666666666667,22.28,30343,,0.004009296751843961
finch,geometric,holdout,365,0.5,5,3-5,10,1.6330921243500094,15,,0.8914904666664211,0,-0.9931447698019418,28.1,8.83,18927,,0.001097545214769248
finch,geometric,holdout,366,0.5,11,3-5,12,1.3524781817659393,9,,0.8949263581699292,0,-0.8075733606024575,36.9,8.113333333333333,11161,,0.41786099366582913
finch,geometric,holdout,367,0.5,12,1-4,18,3.3998566359608575,6,,0.8175184596231122,0,-0.8009250877499365,16.033333333333335,2.8466666666666667,4947,,0.002187620227014848
finch,geometric,holdout,368,0.5,12,2-5,13,2.6442231200955106,11,,0.900694503841538,0,-0.8958427613479478,30.4,7.36,10376,,0.1282688717356569
finch,geometric,holdout,369,0.5,13,1-4,14,3.8392682710738035,22,,0.8927334194002545,0,-0.918229534390881,31.333333333333332,8.33,16933,,0.001139543903636612
finch,geometric,holdout,370,0.5,13,1-4,5,3.4980563507454323,6,,0.8453999512648257,0,-0.9547057211313007,11.733333333333333,2.6766666666666667,4190,,0.07742262993197077
finch,geometric,holdout,371,0.5,5,1-4,12,3.163710614537438,15,,0.7783796843881708,0,-0.6979766647754122,32.03333333333333,5.56,11701,,0.3892213804399794
finch,geometric,holdout,372,0.5,4,3-5,21,3.619698692369799,17,,0.8645271852957402,0,-0.9527563682272724,33.833333333333336,9.723333333333333,20949,,0.002603809913790968
finch,geometric,holdout,373,0.5,9,1-2,19,3.4874100397301433,8,,0.7179900675401389,0,-0.5504428074870702,18.666666666666668,2.0,3670,,0.004780025410120148
finch,geometric,holdout,374,0.5,5,1-4,14,1.7572336896957133,23,,0.8795417158214278,0,-0.8224011616612309,47.166666666666664,11.906666666666666,20083,,0.004049656845404552
finch,geometric,holdout,375,0.5,10,2-5,26,2.385937150866896,20,,0.8945370171856493,0,-0.7512917326137288,59.93333333333333,12.386666666666667,20784,,0.05806873739939038
finch,geometric,holdout,376,0.5,7,3-5,20,2.385563217438423,15,,0.8973095044289467,0,-0.9075704426366793,40.766666666666666,10.68,17543,,0.003003347567145934
finch,geometric,holdout,377,0.5,14,2-5,23,2.690690461554333,26,,0.9160260246626614,0,-0.9958757790326114,60.0,20.133333333333333,26941,,0.13791113463281426
finch,geometric,holdout,378,0.5,11,2-5,23,2.982088827155252,20,,0.8951253663128236,0,-0.8500613303544522,57.3,14.523333333333333,21826,,0.28128346348832217
finch,geometric,holdout,379,0.5,8,3-5,18,3.6004200411248126,9,,0.861922763589069,0,-0.9235625888531721,26.2,6.74,10643,,0.012371510805026478
finch,geometric,holdout,380,0.5,4,3-5,24,2.4938112159619985,19,,0.8219771852151465,0,-0.7136107709407339,45.46666666666667,8.693333333333333,22437,,0.01501709587294241
finch,geometric,holdout,381,0.5,12,1-4,21,3.8824976483901343,25,,0.8561744039051543,0,-0.822570953500049,40.166666666666664,9.553333333333333,19078,,0.0033937700582370584
finch,geometric,holdout,382,0.5,8,2-5,28,2.2475482408052616,11,,0.8301590661205559,0,-0.5802409026548722,42.7,6.17,11595,,0.3079974225799368
finch,geometric,holdout,383,0.5,8,1-2,9,1.4677459404029416,23,,0.8300106913985881,0,-0.6763875019465909,42.63333333333333,7.953333333333333,10721,,0.01325621764197576
finch,geometric,holdout,384,0.5,5,2-5,10,3.7564978776682616,27,,0.8923997161308481,0,-1.3894805958890921,28.933333333333334,20.793333333333333,30427,,0.00484502699290629
finch,geometric,holdout,385,0.5,4,3-5,24,2.0948837319810916,25,,0.7312031580022693,0,-0.630530241585245,50.63333333333333,10.1,31175,,0.22031657793637444
finch,geometric,holdout,386,0.5,5,2-5,11,2.597227125070547,15,,0.8650939939002588,0,-0.948811023390072,28.866666666666667,8.493333333333334,15518,,0.003681305488286074
finch,geometric,holdout,387,0.5,6,2-5,26,1.138024038623656,15,,0.8571358807070512,0,-0.6462593781407976,56.43333333333333,10.043333333333333,16151,,0.0021476047504870696
finch,geometric,holdout,388,0.5,11,2-5,18,1.263410018307297,8,,0.8895706219098855,0,-0.6966415491635638,36.53333333333333,6.426666666666667,8356,,0.25229413373261383
finch,geometric,holdout,389,0.5,8,1-2,26,2.417642956527486,15,,0.7485758243422702,0,-0.5387919397760623,39.03333333333333,5.31,7885,,0.18380217649903102
finch,geometric,holdout,390,0.5,11,2-5,18,2.5901472682028377,21,,0.905751292213312,0,-0.9447232836068206,54.4,16.143333333333334,22796,,0.19768164447204625
finch,geometric,holdout,391,0.5,5,1-2,29,1.5162047814586144,10,,0.5350767407965726,2,-0.28958482542234326,26.4,2.1933333333333334,5466,,0.1191851355987816
finch,geometric,holdout,392,0.5,8,1-4,25,1.2948257974358384,9,,0.8035893858583999,0,-0.5665020753760882,34.766666666666666,4.763333333333334,6965,,0.034164477595157706
finch,geometric,holdout,393,0.5,11,1-4,11,2.421505556312515,14,,0.8858154881077235,0,-0.9413398686097026,28.033333333333335,7.266666666666667,10321,,0.03592203355550889
finch,geometric,holdout,394,0.5,12,1-4,22,3.3154633398848987,13,,0.8296225136859834,0,-0.7539642081348163,31.533333333333335,6.04,10009,,0.021011750434428763
finch,geometric,holdout,395,0.5,12,1-2,13,2.2845266939214133,28,,0.8515563175884117,0,-0.6460462530532756,56.6,10.38,13465,,0.17383343141517255
finch,geometric,holdout,396,0.5,14,1-4,22,3.4594995198616303,14,,0.8418056813461818,0,-0.747657152700001,35.1,6.596666666666667,10361,,0.14683697291235656
finch,geometric,holdout,397,0.5,5,1-2,29,1.6191785946481014,15,,0.7043226005859891,1,-0.5185947264092414,39.36666666666667,5.333333333333333,7982,,0.0016265920830732883
finch,geometric,holdout,398,0.5,7,1-2,6,1.0196455940843836,23,,0.9117791455644374,0,-1.021870652370367,34.46666666666667,11.16,11162,,0.08122519762722942
finch,geometric,holdout,399,0.5,12,3-5,24,1.867804440292422,25,,0.9318948574077546,0,-1.1388014781302067,53.06666666666667,24.313333333333333,31567,,0.0027485364889356383
finch,geometric,holdout,400,0.5,4,1-2,15,2.649153833784934,26,,0.7138453783146738,0,-0.5609703971564842,38.46666666666667,5.983333333333333,13229,,0.0021478908629115837
finch,geometric,holdout,401,0.5,4,1-2,15,1.4016330528877088,8,,0.8110214646350041,0,-0.7469600635066079,20.333333333333332,3.2066666666666666,4166,,0.0018361244840182506
finch,geometric,holdout,402,0.5,8,1-2,7,2.552730583090073,28,,0.7980426555646066,0,-0.7346232681650791,35.06666666666667,8.06,14479,,0.014807940359845709
finch,geometric,holdout,403,0.5,6,1-2,12,1.6966108014315293,13,,0.7566580552857697,0,-0.5405787961868681,29.266666666666666,3.8533333333333335,5590,,0.00933288234715283
finch,geometric,holdout,404,0.5,11,1-2,6,2.244549757005463,14,,0.8601482081464179,0,-0.7607994988029174,20.266666666666666,3.3133333333333335,7163,,0.005920104650362922
finch,geometric,holdout,405,0.5,9,3-5,15,1.5674712043220396,17,,0.922448363373708,0,-0.886800768559206,45.266666666666666,11.973333333333333,21401,,0.007564419824671082
finch,geometric,holdout,406,0.5,9,2-5,24,2.51409434795452,8,,0.8806095169183815,0,-0.8376380907571913,26.1,5.366666666666666,8047,,0.0032497205879767448
finch,geometric,holdout,407,0.5,12,1-4,19,2.326555110165102,21,,0.8993540767202907,0,-0.8965280312432438,51.833333333333336,13.623333333333333,16650,,0.12274308197418816
finch,geometric,holdout,408,0.5,10,1-4,22,3.6746687253534205,11,,0.8294796747361555,0,-0.7673933805260005,28.433333333333334,5.24,7865,,0.026628898641004883
finch,geometric,holdout,409,0.5,13,3-5,13,2.017529113452396,16,,0.9102577154272832,0,-1.038240140711355,36.56666666666667,13.78,19140,,0.01252108721929997
finch,geometric,holdout,410,0.5,11,1-4,6,2.0206816352736117,6,,0.7946581289143765,1,-0.6603622470330094,15.533333333333333,1.7566666666666666,5057,,0.04835977726021618
finch,geometric,holdout,411,0.5,8,3-5,17,2.8550527922086535,22,,0.8961430093016514,0,-0.8740771994314713,57.2,14.776666666666667,25872,,0.39830451650123005
finch,geometric,holdout,412,0.5,6,2-5,11,2.176475579264199,30,,0.8923680397761553,0,-0.9259034308134729,60.6,18.516666666666666,31950,,0.10387142112775267
finch,geometric,holdout,413,0.5,10,2-5,12,3.3976568269014003,28,,0.8972085661249699,0,-1.1684896006694878,45.53333333333333,20.523333333333333,30041,,0.41442518387878247
finch,geometric,holdout,414,0.5,9,2-5,27,2.3874461774547084,16,,0.8820457519319599,0,-0.7275858678755375,52.8,10.423333333333334,16085,,0.08141754031342244
finch,geometric,holdout,415,0.5,13,1-2,13,1.254835891068086,25,,0.8529387357484789,0,-0.7812756897174061,56.63333333333333,12.58,11645,,0.09403008909937857
finch,geometric,holdout,416,0.5,6,1-4,17,3.555315426887472,22,,0.8653526269179621,0,-0.9087864282014984,40.43333333333333,11.163333333333334,18763,,0.020067599382423862
finch,geometric,holdout,417,0.5,7,2-5,5,1.0668159131283224,20,,0.8672796288386698,0,-1.3303273337936348,21.8,18.55666666666667,22787,,0.3108306958317043
finch,geometric,holdout,418,0.5,5,1-2,13,3.6840089873289736,23,,0.7306964372955266,0,-0.8081002561485112,31.966666666666665,8.183333333333334,12520,,0.00847916966242531
finch,geometric,holdout,419,0.5,5,3-5,6,3.922205407972783,30,,0.8533912559590738,0,-1.294559308709101,30.8,21.796666666666667,35590,,0.18447614696054546
finch,geometric,holdout,420,0.5,4,2-5,8,1.5100091718928828,13,,0.8575336976419005,0,-1.2244706896433522,18.766666666666666,9.18,13804,,0.0010154298395911039
finch,geometric,holdout,421,0.5,10,1-2,20,1.735955180240195,10,,0.7305679909229509,0,-0.48915688678104907,27.7,3.24,4511,,0.004595407825963602
finch,geometric,holdout,422,0.5,4,3-5,13,3.2587314597278145,21,,0.8197245036863877,0,-0.8844683935134182,32.93333333333333,9.456666666666667,23788,,0.0038448847133972343
finch,geometric,holdout,423,0.5,11,3-5,25,3.7198433931387345,21,,0.9093784816170729,0,-1.0815033336912443,41.7,15.643333333333333,26868,,0.003055821224741947
finch,geometric,holdout,424,0.5,9,2-5,12,1.3308211873017566,28,,0.9324020220719199,0,-1.2599101584655394,41.46666666666667,24.52,30104,,0.002848534325741329
finch,geometric,holdout,425,0.5,4,3-5,20,3.765311629590574,18,,0.8194226267566529,0,-0.8817388943227792,30.133333333333333,7.47,21403,,0.004820276463658447
finch,geometric,holdout,426,0.5,12,3-5,19,3.355300895299777,6,,0.8706181237872924,0,-0.945614136251504,19.933333333333334,5.083333333333333,7298,,0.003651557367787866
finch,geometric,holdout,427,0.5,10,3-5,5,3.26020836156773,12,,0.9086370756174177,0,-1.2554109494306225,18.9,9.06,14178,,0.1765778821236377
finch,geometric,holdout,428,0.5,7,1-2,17,2.812453127408511,28,,0.6849201880078811,0,-0.5407851547835028,52.7,8.316666666666666,14320,,0.36858313466303494
finch,geometric,holdout,429,0.5,7,1-2,26,3.131355205850806,28,,0.7361594245431198,0,-0.6502042060132086,47.5,9.336666666666666,14681,,0.011370438888925121
finch,geometric,holdout,430,0.5,7,1-2,29,3.324513304326495,30,,0.5687208328803952,1,-0.379407154470144,53.233333333333334,6.56,15770,,0.35623935065986145
finch,geometric,holdout,431,0.5,7,1-2,5,2.179439632894872,8,,0.8102609161378077,0,-0.6547898317108155,12.1,1.14,3901,,0.005570698760393849
finch,geometric,holdout,432,0.5,13,1-2,29,1.8999974071241135,8,,0.7645526390627618,0,-0.6033266603427112,24.6,3.1933333333333334,4028,,0.013764190448625023
finch,geometric,holdout,433,0.5,12,1-4,5,1.2394213701629537,11,,0.9112437458905333,0,-0.9129375766014516,16.4,3.3266666666666667,7970,,0.004197301265477061
finch,geometric,holdout,434,0.5,7,1-4,7,1.3633453836331222,17,,0.9059253979554345,0,-1.0656616193414974,26.4,9.413333333333334,12322,,0.00926387818658246
finch,geometric,holdout,435,0.5,7,1-2,28,1.1653529378287533,6,,0.664261999484152,1,-0.33704156154307774,24.466666666666665,2.02,3207,,0.10195190589940896
finch,geometric,holdout,436,0.5,5,2-5,16,3.804973854944396,14,,0.8314693089392612,0,-1.0157244461946837,24.466666666666665,7.64,14748,,0.0010213543500042586
finch,geometric,holdout,437,0.5,14,2-5,24,3.2490698797386273,14,,0.8932005629629427,0,-0.9374743612358342,38.266666666666666,10.686666666666667,14474,,0.05380358939333815
finch,geometric,holdout,438,0.5,6,2-5,20,2.6484320658276213,21,,0.8761281038244799,0,-0.8964838001429364,50.2,13.763333333333334,22616,,0.023223830578497588
finch,geometric,holdout,439,0.5,5,1-4,11,2.0936134796910233,28,,0.8546592706245619,0,-0.9024874586808652,42.03333333333333,14.153333333333334,19365,,0.00955856112115404
finch,geometric,holdout,440,0.5,12,1-2,21,3.7725155981812204,14,,0.717513444619902,0,-0.5812712209994876,29.466666666666665,4.1866666666666665,6974,,0.038469136788200395
finch,geometric,holdout,441,0.5,14,1-4,16,2.8766932868806547,16,,0.8818077275800001,0,-0.954135169931196,29.466666666666665,8.45,11858,,0.001464656318933055
finch,geometric,holdout,442,0.5,10,3-5,30,2.5414433838077923,18,,0.9009682263315085,0,-0.7825509053627092,66.2,14.956666666666667,21475,,0.12126358530822148
finch,geometric,holdout,443,0.5,6,1-4,16,1.6702115805248052,14,,0.718788973806903,0,-0.4933324441901347,41.6,5.4,9865,,0.2503607777347842
finch,geometric,holdout,444,0.5,9,3-5,18,2.893400739113985,17,,0.896730623698206,0,-0.8930731619354203,46.8,12.206666666666667,19433,,0.14505413205624756
finch,geometric,holdout,445,0.5,7,1-4,27,1.0340829834701069,15,,0.8160487086363585,0,-0.5175292433176856,62.1,8.773333333333333,12120,,0.058327071328102865
finch,geometric,holdout,446,0.5,8,1-4,18,3.9738933899339757,13,,0.8668633396430899,0,-0.8215847979558164,33.2,7.1066666666666665,11075,,0.20699514744642986
finch,geometric,holdout,447,0.5,7,1-4,12,3.5544778248657307,27,,0.8745911804409331,0,-0.9970927712341661,37.266666666666666,12.973333333333333,19425,,0.01511072844852023
finch,geometric,holdout,448,0.5,5,3-5,9,1.3584591875419914,23,,0.9252601689945784,0,-1.2281074875119231,36.03333333333333,19.336666666666666,28172,,0.005599834210743444
finch,geometric,holdout,449,0.5,11,2-5,30,1.6332620013762016,18,,0.8950904667686547,0,-0.6807914248343464,73.93333333333334,13.96,19479,,0.2840839487828933
finch,geometric,holdout,450,0.5,6,1-4,22,1.0223440808402595,9,,0.7600480799747482,0,-0.46398085915347637,35.63333333333333,4.283333333333333,7140,,0.006769088525434555
finch,geometric,holdout,451,0.5,5,1-4,23,1.2153380035450936,22,,0.7117155555037386,0,-0.43875872580383907,64.53333333333333,8.606666666666667,17480,,0.0220314228465681
finch,geometric,holdout,452,0.5,9,2-5,9,3.0112214954653203,18,,0.9060840357623505,0,-1.094484444205348,24.9,9.186666666666667,18639,,0.0018474673058873556
finch,geometric,holdout,453,0.5,10,2-5,30,2.5058475385995087,17,,0.8833984351242135,0,-0.729765012680311,57.8,11.526666666666667,17405,,0.11632945558173177
finch,geometric,holdout,454,0.5,9,2-5,9,3.4932342406829155,22,,0.9085969845097155,0,-1.1872423356815878,24.266666666666666,11.86,22156,,0.001293052263637713
finch,geometric,holdout,455,0.5,8,1-4,24,2.6426557255309135,28,,0.889842061562764,0,-0.8435376742770497,55.666666666666664,13.86,23814,,0.0018111425374725309
finch,geometric,holdout,456,0.5,12,2-5,22,1.7869691733041886,29,,0.9234613973585979,0,-0.9515674123468297,73.23333333333333,23.35,30712,,0.036693292112584125
finch,geometric,holdout,457,0.5,12,1-4,10,3.663289239360853,19,,0.9017000694852988,0,-0.941833582177765,35.266666666666666,9.626666666666667,14669,,0.1815340566520327
finch,geometric,holdout,458,0.5,14,3-5,23,3.154624594932434,6,,0.8628574362312914,0,-0.7652382850842371,24.266666666666666,4.42,7259,,0.022864610578973377
finch,geometric,holdout,459,0.5,7,3-5,23,2.0337731461602933,27,,0.905349745144792,0,-0.8978063935192551,71.86666666666666,21.373333333333335,32396,,0.010113513738998254
finch,geometric,holdout,460,0.5,13,3-5,25,1.7312568303367446,14,,0.9186684228551175,0,-0.9619155223898402,40.8,12.19,15868,,0.0026939608139580494
finch,geometric,holdout,461,0.5,4,1-2,13,3.4292263205956877,27,,0.6420769203001353,0,-0.4652139879721063,39.266666666666666,5.38,13946,,0.030733589709943745
finch,geometric,holdout,462,0.5,5,2-5,20,1.1586831732883889,23,,0.8982918304393933,0,-0.8401828733852523,66.66666666666667,17.246666666666666,24175,,0.006212573092655048
finch,geometric,holdout,463,0.5,10,1-2,8,3.406147183059798,19,,0.7856523028027946,0,-0.6791312319606126,26.566666666666666,4.823333333333333,8899,,0.02324706937207288
finch,geometric,holdout,464,0.5,10,2-5,19,3.722190475359906,18,,0.8941293162748849,0,-1.0291649407107442,35.8,11.47,19043,,0.010951601435112432
finch,geometric,holdout,465,0.5,11,3-5,5,1.4943741202428389,30,,0.8606261190643084,0,-1.28452973585111,28.966666666666665,25.753333333333334,33290,,0.33304074952318763
finch,geometric,holdout,466,0.5,8,1-2,18,1.376565834262058,8,,0.7423969022919958,0,-0.5174288528902301,24.733333333333334,2.8266666666666667,3951,,0.013508911886868582
finch,geometric,holdout,467,0.5,11,1-4,15,3.412745432906089,8,,0.8179591110135939,0,-0.7374701469830238,23.066666666666666,3.6233333333333335,6550,,0.219352807205831
finch,geometric,holdout,468,0.5,11,3-5,13,1.906957269148983,22,,0.9121422632335242,0,-1.028397741060402,50.8,17.963333333333335,24645,,0.24018380512560153
finch,geometric,holdout,469,0.5,11,3-5,26,2.867282785049694,28,,0.9114299914165822,0,-0.8924381592956764,74.93333333333334,20.85333333333333,33475,,0.0849177365805788
finch,geometric,holdout,470,0.5,12,1-4,11,2.2346191813528264,23,,0.9305380991731634,0,-1.1992912765191366,33.86666666666667,15.91,21051,,0.007286822700682747
finch,geometric,holdout,471,0.5,9,1-2,7,2.033785659312014,11,,0.7477568951392406,0,-0.6205025418707929,23.633333333333333,3.3833333333333333,4467,,0.2141312704681189
finch,geometric,holdout,472,0.5,6,3-5,20,3.2720074426222876,8,,0.8914878437270481,0,-0.7793465449473564,28.1,5.016666666666667,9031,,0.05340495931825997
finch,geometric,holdout,473,0.5,4,1-4,30,1.941890783061918,7,,0.7236536953776471,1,-0.5133288211524296,24.366666666666667,2.8966666666666665,6277,,0.026647866142062254
finch,geometric,holdout,474,0.5,11,3-5,18,3.185735461975942,21,,0.9274253607519533,0,-1.108229405781468,38.46666666666667,15.5,24904,,0.0030407229540616713
finch,geometric,holdout,475,0.5,6,2-5,28,2.675079753740241,29,,0.843318392621075,0,-0.722248586582178,74.66666666666667,15.52,31353,,0.37986528833804584
finch,geometric,holdout,476,0.5,4,1-2,10,3.013526442509563,17,,0.6077531952335413,0,-0.4962051318322096,27.733333333333334,3.6633333333333336,8735,,0.04545487779638539
finch,geometric,holdout,477,0.5,10,1-2,5,3.681682470280355,17,,0.8024937043926741,0,-0.8901519042769627,22.666666666666668,5.783333333333333,7893,,0.3224729470507248
finch,geometric,holdout,478,0.5,14,2-5,17,1.1295830279010561,21,,0.9403619567271935,0,-1.3216996673974255,34.166666666666664,21.046666666666667,21242,,0.0020357311074121476
finch,geometric,holdout,479,0.5,6,3-5,24,2.6481129916263657,24,,0.8976466624211927,0,-0.9085265622510615,59.7,17.69333333333333,29806,,0.009397829905613043
finch,geometric,holdout,480,0.5,8,2-5,25,1.2257107301255568,11,,0.784648051770953,0,-0.4408287042784456,56.766666666666666,7.153333333333333,12013,,0.3699807917653176
finch,geometric,holdout,481,0.5,7,1-2,30,1.3975034783709614,6,,0.6414964864554115,1,-0.34445880703676773,23.466666666666665,1.9533333333333334,3213,,0.10968306968498792
finch,geometric,holdout,482,0.5,8,2-5,29,2.9405962824967755,17,,0.884954946156195,0,-0.7538368783572561,54.8,11.14,18434,,0.23591563698161763
finch,geometric,holdout,483,0.5,6,1-2,11,2.3589651543602885,12,,0.7780215546581608,0,-0.7614567705393631,22.333333333333332,4.196666666666666,6063,,0.0024060152267959692
finch,geometric,holdout,484,0.5,11,1-2,11,3.096220633006481,14,,0.7551088385727325,0,-0.5574178563596867,25.133333333333333,3.38,5912,,0.010378599795427067
finch,geometric,holdout,485,0.5,11,1-4,21,1.3275977848128802,20,,0.8855247477228496,0,-0.8364194660317334,56.8,13.41,14774,,0.03443309376913997
finch,geometric,holdout,486,0.5,10,3-5,13,2.477037593892229,29,,0.9378467125673706,0,-1.106866556166224,50.0,22.13,34701,,0.011619977427516758
finch,geometric,holdout,487,0.5,9,1-2,29,2.7536448031609275,22,,0.8391148127494729,0,-0.7807319109236391,42.43333333333333,9.426666666666666,11708,,0.0015692848823029896
finch,geometric,holdout,488,0.5,8,2-5,17,2.5190877469415582,10,,0.9043466367820283,0,-0.960292237134513,26.3,6.743333333333333,10059,,0.0043044271318506315
finch,geometric,holdout,489,0.5,4,1-2,20,3.402295222949112,28,,0.7107204935750997,0,-0.5822170798812251,41.03333333333333,7.333333333333333,16012,,0.0010756810937480896
finch,geometric,holdout,490,0.5,11,1-2,15,2.6018873498377912,21,,0.7563036073759422,0,-0.5754304327772044,47.6,7.346666666666667,10490,,0.460306094375098
finch,geometric,holdout,491,0.5,11,1-4,14,1.6890079634876525,26,,0.9193767760471216,0,-1.1835586071111845,39.43333333333333,18.0,22343,,0.010488614878775608
finch,geometric,holdout,492,0.5,13,1-2,8,3.503029284800412,8,,0.7113777417741426,0,-0.5742981887261728,14.866666666666667,1.52,3299,,0.012102216783284136
finch,geometric,holdout,493,0.5,13,1-2,10,3.572000426275521,28,,0.8727873026754722,0,-0.8139742300722518,30.6,7.26,13996,,0.0016087768686844023
finch,geometric,holdout,494,0.5,4,1-2,6,3.6960522377208513,15,,0.7441701126441885,0,-0.5129183002436443,17.133333333333333,1.8066666666666666,7686,,0.0025392006319122293
finch,geometric,holdout,495,0.5,12,1-4,16,2.2001584898013613,23,,0.9016163516856829,0,-1.0224663550464477,41.36666666666667,14.323333333333334,18824,,0.0063781151287674335
finch,geometric,holdout,496,0.5,12,2-5,20,1.292321165087726,19,,0.9067220516059059,0,-0.9057976408344298,59.266666666666666,16.46,19425,,0.10149772656355883
finch,geometric,holdout,497,0.5,5,3-5,9,1.7681057391996493,20,,0.8935298274710421,0,-0.928130707973121,43.8,12.616666666666667,22732,,0.05552060456827299
finch,geometric,holdout,498,0.5,11,1-2,21,2.0490789834802383,18,,0.8099634139834326,0,-0.6419890077051413,42.63333333333333,7.11,8843,,0.017698333232744244
finch,geometric,holdout,499,0.5,13,2-5,21,3.737451760994128,6,,0.8509110377472282,0,-0.7329858161879445,23.433333333333334,3.7266666666666666,6264,,0.12386475702171162
